pkt_id,tx_ts_ns,rx1_ts_ns,rx2_ts_ns,latency_rx1_ns,latency_rx2_ns,diff_latency_ns
1,0,21,0,0,0,21
2,0,2003953,2003902,0,0,51
3,0,3996266,3996220,0,0,46
5,0,8000471,8000442,0,0,29
7,0,12003451,12003457,0,0,-6
8,0,14006040,14006034,0,0,5
9,0,16008545,16008510,0,0,35
10,0,18011428,18011453,0,0,-24
13,0,24017599,24017643,0,0,-44
15,0,28023211,28023224,0,0,-12
16,0,30025067,30025014,0,0,53
18,0,34032155,34032138,0,0,17
19,0,36031343,36031318,0,0,24
20,0,38033844,38033837,0,0,6
21,0,40036336,40036294,0,0,42
22,0,42038606,42038595,0,0,11
23,0,44039893,44039899,0,0,-6
25,0,48045429,48045451,0,0,-22
27,0,52049644,52049656,0,0,-11
28,0,54053161,54053118,0,0,43
29,0,56054314,56054276,0,0,38
30,0,58056217,58056203,0,0,13
33,0,64064247,64064237,0,0,9
35,0,68066429,68066420,0,0,8
36,0,70068984,70068929,0,0,55
38,0,74072436,74072470,0,0,-33
39,0,76074396,76074348,0,0,48
40,0,78076079,78076057,0,0,22
41,0,80078997,80078978,0,0,19
42,0,82081435,82081387,0,0,47
43,0,84083426,84083460,0,0,-34
45,0,88087834,88087894,0,0,-59
47,0,92092211,92092171,0,0,40
48,0,94094697,94094682,0,0,15
49,0,96096826,96096797,0,0,28
50,0,98099505,98099476,0,0,29
53,0,104105905,104105888,0,0,16
55,0,108110060,108110051,0,0,9
56,0,110112369,110112355,0,0,13
58,0,114118016,114117966,0,0,49
59,0,116120334,116120317,0,0,17
60,0,118122957,118122948,0,0,8
61,0,120123625,120123611,0,0,14
62,0,122126487,122126478,0,0,8
63,0,124128620,124128627,0,0,-6
65,0,128131614,128131548,0,0,65
67,0,132136964,132136954,0,0,10
68,0,134139305,134139283,0,0,22
69,0,136142301,136142292,0,0,8
70,0,138144854,138144837,0,0,17
73,0,144149961,144149952,0,0,8
75,0,148154928,148154939,0,0,-10
76,0,150157530,150157494,0,0,36
78,0,154163504,154163453,0,0,50
79,0,156164943,156164917,0,0,25
80,0,158166287,158166258,0,0,28
81,0,160168298,160168272,0,0,26
82,0,162170534,162170506,0,0,28
83,0,164172411,164172384,0,0,27
85,0,168176948,168176938,0,0,9
87,0,172181432,172181395,0,0,37
88,0,174183452,174183431,0,0,20
89,0,176185097,176185047,0,0,50
90,0,178188136,178188117,0,0,18
93,0,184195033,184195024,0,0,8
95,0,188199074,188199045,0,0,28
96,0,190201523,190201499,0,0,23
98,0,194206631,194206626,0,0,4
99,0,196208052,196208037,0,0,15
100,0,198210307,198210292,0,0,15
101,0,200212782,200212821,0,0,-39
102,0,202214940,202214975,0,0,-35
103,0,204217409,204217456,0,0,-46
105,0,208221961,208222013,0,0,-51
107,0,212226608,212226619,0,0,-10
108,0,214229266,214229247,0,0,18
109,0,216230233,216230197,0,0,35
110,0,218232541,218232590,0,0,-48
113,0,224239283,224239333,0,0,-50
115,0,228243827,228243839,0,0,-11
116,0,230245874,230245925,0,0,-51
118,0,234251063,234251051,0,0,11
119,0,236253037,236253013,0,0,23
120,0,238255000,238254981,0,0,19
121,0,240258025,240258065,0,0,-40
122,0,242260935,242260894,0,0,40
123,0,244261436,244261424,0,0,11
125,0,248266021,248266058,0,0,-36
127,0,252270315,252270308,0,0,6
128,0,254275397,254275367,0,0,30
129,0,256274416,256274451,0,0,-34
130,0,258276454,258276440,0,0,13
133,0,264283977,264283972,0,0,4
135,0,268287842,268287788,0,0,53
136,0,270289566,270289550,0,0,15
138,0,274295793,274295734,0,0,58
139,0,276298172,276298124,0,0,47
140,0,278299948,278299884,0,0,63
141,0,280301861,280301806,0,0,55
142,0,282303943,282303861,0,0,81
143,0,284305754,284305696,0,0,57
145,0,288310306,288310279,0,0,26
147,0,292315211,292315254,0,0,-42
148,0,294317009,294317070,0,0,-60
149,0,296319835,296319857,0,0,-21
150,0,298322146,298322157,0,0,-10
153,0,304327170,304327184,0,0,-13
155,0,308333459,308333444,0,0,14
156,0,310336322,310336283,0,0,39
158,0,314339085,314339076,0,0,8
159,0,316340436,316340409,0,0,26
160,0,318343537,318343528,0,0,8
161,0,320345400,320345368,0,0,32
162,0,322348788,322348758,0,0,30
163,0,324350663,324350642,0,0,20
165,0,328354628,328354573,0,0,55
167,0,332359444,332359409,0,0,34
168,0,334361919,334361854,0,0,65
169,0,336363923,336363891,0,0,32
170,0,338365950,338365934,0,0,15
173,0,344372593,344372547,0,0,45
175,0,348377444,348377404,0,0,40
176,0,350379593,350379539,0,0,53
178,0,32026704,32026709,0,0,-4
179,0,356387020,356386984,0,0,35
180,0,358388463,358388475,0,0,-11
181,0,360390964,360390930,0,0,34
182,0,362393199,362393159,0,0,39
183,0,364396081,364396035,0,0,45
185,0,368400770,368400741,0,0,29
187,0,372403698,372403686,0,0,12
188,0,374406452,374406404,0,0,47
189,0,376409593,376409548,0,0,45
190,0,378411868,378411860,0,0,7
193,0,384417438,384417393,0,0,45
195,0,388421961,388421921,0,0,40
196,0,390424310,390424250,0,0,60
198,0,394428411,394428432,0,0,-21
199,0,396431369,396431382,0,0,-13
200,0,398434195,398434163,0,0,32
201,0,400434982,400434922,0,0,59
202,0,402437568,402437564,0,0,4
203,0,404439833,404439779,0,0,53
205,0,408443975,408443933,0,0,41
207,0,412448222,412448167,0,0,55
208,0,414451303,414451339,0,0,-35
209,0,416452960,416452914,0,0,46
210,0,418454960,418454986,0,0,-25
213,0,424461660,424461645,0,0,15
215,0,428466112,428466074,0,0,38
216,0,430468500,430468462,0,0,38
218,0,434473286,434473293,0,0,-6
219,0,436475568,436475556,0,0,11
220,0,438478267,438478267,0,0,0
221,0,440479562,440479554,0,0,8
222,0,442482000,442481972,0,0,27
223,0,444484170,444484119,0,0,50
225,0,448488383,448488377,0,0,5
227,0,452492843,452492814,0,0,29
228,0,454496472,454496440,0,0,32
229,0,456497301,456497266,0,0,35
230,0,458499666,458499716,0,0,-49
233,0,464506220,464506337,0,0,-117
235,0,468510373,468510409,0,0,-36
236,0,470513219,470513197,0,0,22
238,0,474517595,474517550,0,0,44
239,0,476520120,476520090,0,0,29
240,0,478521872,478521858,0,0,13
241,0,480524092,480524071,0,0,20
242,0,482526375,482526367,0,0,8
243,0,484528260,484528299,0,0,-39
245,0,488532598,488532575,0,0,23
247,0,492537692,492537642,0,0,49
248,0,494539485,494539480,0,0,4
249,0,496541814,496541789,0,0,24
250,0,498544370,498544397,0,0,-27
253,0,504550850,504550886,0,0,-35
255,0,508555039,508555020,0,0,18
256,0,510558426,510558386,0,0,40
258,0,514561934,514561885,0,0,49
259,0,516563812,516563804,0,0,8
260,0,518566664,518566630,0,0,33
261,0,520568276,520568267,0,0,8
262,0,522570831,522570804,0,0,27
263,0,524573266,524573235,0,0,30
265,0,528577200,528577175,0,0,24
267,0,532581995,532582029,0,0,-33
268,0,534584046,534584039,0,0,6
269,0,536586168,536586132,0,0,35
270,0,538588645,538588631,0,0,13
273,0,544595187,544595150,0,0,37
275,0,548599451,548599417,0,0,33
276,0,550602185,550602176,0,0,8
278,0,554608354,554608345,0,0,8
279,0,556609295,556609285,0,0,10
280,0,558610718,558610681,0,0,36
281,0,560613034,560613016,0,0,17
282,0,562615469,562615496,0,0,-26
283,0,564618228,564618205,0,0,22
285,0,568621728,568621700,0,0,27
287,0,572625277,572625252,0,0,24
288,0,574628565,574628557,0,0,7
289,0,576630783,576630774,0,0,8
290,0,578633052,578633045,0,0,6
293,0,584638652,584638613,0,0,39
295,0,588644021,588644015,0,0,5
296,0,590646465,590646431,0,0,33
298,0,594649923,594649860,0,0,62
299,0,596652816,596652771,0,0,44
300,0,598654790,598654761,0,0,29
301,0,600656340,600656289,0,0,50
302,0,602659519,602659444,0,0,75
303,0,604662335,604662271,0,0,63
305,0,608666461,608666490,0,0,-29
307,0,612670417,612670432,0,0,-14
308,0,614671950,614671926,0,0,24
309,0,616675871,616675831,0,0,40
310,0,618679357,618679314,0,0,42
313,0,624684307,624684288,0,0,18
315,0,628687585,628687604,0,0,-18
316,0,630691128,630691119,0,0,8
318,0,634695305,634695274,0,0,31
319,0,636697509,636697484,0,0,24
320,0,638700255,638700247,0,0,8
321,0,640701857,640701808,0,0,48
322,0,642704338,642704318,0,0,20
323,0,644706422,644706391,0,0,30
325,0,648710730,648710705,0,0,24
327,0,652715101,652715061,0,0,40
328,0,654719924,654719917,0,0,6
329,0,656720851,656720810,0,0,41
330,0,658721734,658721740,0,0,-5
333,0,664728464,664728501,0,0,-37
335,0,668732761,668732796,0,0,-35
336,0,670735552,670735521,0,0,31
338,0,674739922,674739871,0,0,50
339,0,676741822,676741795,0,0,26
340,0,678744397,678744388,0,0,8
341,0,680746183,680746152,0,0,30
342,0,682748982,682749010,0,0,-27
343,0,684750702,684750727,0,0,-24
345,0,688755080,688755133,0,0,-52
347,0,692761243,692761224,0,0,19
348,0,694762406,694762397,0,0,9
349,0,696764017,696763972,0,0,45
350,0,698766442,698766379,0,0,63
353,0,704773304,704773295,0,0,8
355,0,708777179,708777141,0,0,37
356,0,710778782,710778805,0,0,-23
358,0,714784292,714784309,0,0,-16
359,0,716786468,716786417,0,0,51
360,0,718788147,718788188,0,0,-40
361,0,720790124,720790131,0,0,-6
362,0,722793081,722793128,0,0,-46
363,0,724795831,724795842,0,0,-10
365,0,728800486,728800497,0,0,-11
367,0,732804364,732804314,0,0,50
368,0,734806587,734806604,0,0,-16
369,0,736808977,736808958,0,0,19
370,0,738811627,738811588,0,0,38
373,0,744817361,744817321,0,0,40
375,0,748821883,748821813,0,0,69
376,0,750823979,750824014,0,0,-34
378,0,72071575,72071531,0,0,44
379,0,756831135,756831150,0,0,-15
380,0,758833685,758833677,0,0,7
381,0,760835290,760835261,0,0,29
382,0,762837851,762837858,0,0,-6
383,0,764839735,764839768,0,0,-32
385,0,768844387,768844350,0,0,37
387,0,772848932,772848894,0,0,38
388,0,774850952,774850975,0,0,-22
389,0,776853493,776853454,0,0,38
390,0,778855461,778855414,0,0,47
393,0,784861033,784860995,0,0,38
395,0,788866431,788866389,0,0,42
396,0,790869156,790869137,0,0,18
398,0,794873604,794873566,0,0,38
399,0,796875247,796875208,0,0,38
400,0,798877152,798877126,0,0,25
401,0,800879071,800879058,0,0,13
402,0,802883411,802883391,0,0,19
403,0,804884527,804884506,0,0,20
405,0,808889348,808889309,0,0,38
407,0,812892932,812892894,0,0,37
408,0,814895136,814895107,0,0,29
409,0,816897487,816897450,0,0,37
410,0,818901391,818901420,0,0,-29
413,0,824906566,824906608,0,0,-41
415,0,828910725,828910719,0,0,6
416,0,830913338,830913370,0,0,-31
418,0,834916867,834916892,0,0,-24
419,0,836920194,836920155,0,0,38
420,0,838922507,838922490,0,0,17
421,0,840925503,840925471,0,0,31
422,0,842926211,842926196,0,0,15
423,0,844928909,844928896,0,0,13
425,0,848933714,848933694,0,0,20
427,0,852938041,852938023,0,0,17
428,0,854941100,854941095,0,0,4
429,0,856942184,856942177,0,0,7
430,0,858944609,858944646,0,0,-36
433,0,864950691,864950746,0,0,-55
435,0,868956876,868956855,0,0,20
436,0,870958000,870957981,0,0,18
438,0,874962251,874962226,0,0,24
439,0,876964476,876964511,0,0,-34
440,0,878966876,878966932,0,0,-56
441,0,880969152,880969120,0,0,31
442,0,882971017,882971003,0,0,13
443,0,884973332,884973280,0,0,51
445,0,888977521,888977503,0,0,17
447,0,892982212,892982173,0,0,39
448,0,894984912,894984887,0,0,24
449,0,896986528,896986500,0,0,28
450,0,898988955,898988907,0,0,47
453,0,904995597,904995562,0,0,35
455,0,909000464,909000412,0,0,51
456,0,911002063,911002056,0,0,7
458,0,915007782,915007793,0,0,-11
459,0,917008690,917008682,0,0,8
460,0,919010896,919010911,0,0,-15
461,0,921013696,921013681,0,0,15
462,0,923015752,923015742,0,0,10
463,0,925018324,925018316,0,0,8
465,0,929022146,929022107,0,0,38
467,0,933026696,933026650,0,0,46
468,0,935028975,935028966,0,0,8
469,0,937031291,937031254,0,0,36
470,0,939033731,939033719,0,0,11
473,0,945039207,945039170,0,0,37
475,0,949045092,949045004,0,0,87
476,0,951048029,951048006,0,0,22
478,0,955053174,955053211,0,0,-36
479,0,957053149,957053159,0,0,-9
480,0,959055674,959055708,0,0,-33
481,0,961057474,961057455,0,0,19
482,0,963058953,963058928,0,0,24
483,0,965062206,965062163,0,0,43
485,0,969066811,969066782,0,0,29
487,0,973070764,973070719,0,0,45
488,0,975072305,975072292,0,0,13
489,0,977075796,977075759,0,0,37
490,0,979077871,979077883,0,0,-11
493,0,985085337,985085303,0,0,33
495,0,989088842,989088800,0,0,41
496,0,991091176,991091141,0,0,34
498,0,995095732,995095687,0,0,44
499,0,997097921,997097874,0,0,47
500,0,999100600,999100594,0,0,6
501,0,1001103248,1001103208,0,0,40
502,0,1003105599,1003105548,0,0,51
503,0,1005107022,1005106986,0,0,35
505,0,1009111341,1009111374,0,0,-32
507,0,1013115013,1013114975,0,0,37
508,0,1015117783,1015117748,0,0,34
509,0,1017119722,1017119683,0,0,38
510,0,1019121401,1019121350,0,0,50
513,0,1025128730,1025128694,0,0,35
515,0,1029133476,1029133415,0,0,60
516,0,1031135894,1031135923,0,0,-29
518,0,1035140160,1035140148,0,0,12
519,0,1037142414,1037142379,0,0,35
520,0,1039144229,1039144222,0,0,6
521,0,1041145680,1041145647,0,0,33
522,0,1043149246,1043149218,0,0,27
523,0,1045151069,1045151053,0,0,15
525,0,1049156152,1049156144,0,0,8
527,0,1053159642,1053159617,0,0,24
528,0,1055163596,1055163589,0,0,6
529,0,1057164907,1057164868,0,0,39
530,0,1059167792,1059167740,0,0,51
533,0,1065173414,1065173407,0,0,6
535,0,1069177749,1069177705,0,0,43
536,0,1071179887,1071179910,0,0,-22
538,0,1075184529,1075184582,0,0,-52
539,0,1077187677,1077187626,0,0,51
540,0,1079190182,1079190173,0,0,8
541,0,1081191871,1081191840,0,0,31
542,0,1083193453,1083193469,0,0,-15
543,0,1085195878,1085195830,0,0,47
545,0,1089198957,1089198949,0,0,8
547,0,1093204712,1093204674,0,0,38
548,0,1095208323,1095208294,0,0,29
549,0,1097209518,1097209498,0,0,19
550,0,1099211313,1099211256,0,0,57
553,0,1105217759,1105217733,0,0,25
555,0,1109222017,1109221957,0,0,60
556,0,1111223782,1111223746,0,0,35
558,0,1115229851,1115229816,0,0,35
559,0,1117230741,1117230714,0,0,26
560,0,1119232545,1119232598,0,0,-53
561,0,1121235689,1121235722,0,0,-32
562,0,1123238221,1123238171,0,0,49
563,0,1125240412,1125240357,0,0,55
565,0,1129244994,1129244967,0,0,26
567,0,1133249404,1133249419,0,0,-15
568,0,1135251226,1135251211,0,0,15
569,0,1137254310,1137254269,0,0,40
570,0,1139256921,1139256854,0,0,67
573,0,1145262253,1145262283,0,0,-29
575,0,1149266882,1149266844,0,0,37
576,0,1151269768,1151269731,0,0,37
578,0,112115458,112115437,0,0,20
579,0,1157275799,1157275761,0,0,37
580,0,1159278986,1159278946,0,0,40
581,0,1161281289,1161281261,0,0,27
582,0,1163283593,1163283551,0,0,42
583,0,1165285015,1165284986,0,0,28
585,0,1169290228,1169290279,0,0,-51
587,0,1173292979,1173293015,0,0,-36
588,0,1175295017,1175295037,0,0,-20
589,0,1177298166,1177298128,0,0,38
590,0,1179300622,1179300603,0,0,18
593,0,1185307570,1185307515,0,0,55
595,0,1189312229,1189312194,0,0,35
596,0,1191315186,1191315239,0,0,-52
598,0,1195318400,1195318383,0,0,17
599,0,1197320555,1197320529,0,0,25
600,0,1199322287,1199322282,0,0,4
601,0,1201323723,1201323698,0,0,24
602,0,1203326989,1203326955,0,0,33
603,0,1205331043,1205331033,0,0,9
605,0,1209333705,1209333698,0,0,6
607,0,1213337124,1213337107,0,0,17
608,0,1215340060,1215340047,0,0,13
609,0,1217341645,1217341635,0,0,9
610,0,1219345059,1219345033,0,0,25
613,0,1225351530,1225351503,0,0,26
615,0,1229355640,1229355600,0,0,40
616,0,1231358286,1231358271,0,0,15
618,0,1235363256,1235363215,0,0,40
619,0,1237364828,1237364811,0,0,17
620,0,1239366933,1239366951,0,0,-17
621,0,1241369327,1241369343,0,0,-15
622,0,1243372828,1243372820,0,0,7
623,0,1245373736,1245373718,0,0,17
625,0,1249378398,1249378345,0,0,53
627,0,1253382532,1253382462,0,0,69
628,0,1255386576,1255386527,0,0,49
629,0,1257387721,1257387685,0,0,35
630,0,1259389987,1259389970,0,0,17
633,0,1265396038,1265396026,0,0,11
635,0,1269400820,1269400750,0,0,69
636,0,1271402579,1271402531,0,0,48
638,0,1275407568,1275407609,0,0,-40
639,0,1277409582,1277409618,0,0,-36
640,0,1279412600,1279412561,0,0,38
641,0,1281413941,1281413896,0,0,44
642,0,1283416676,1283416667,0,0,8
643,0,1285418591,1285418570,0,0,20
645,0,1289422451,1289422418,0,0,33
647,0,1293427616,1293427577,0,0,38
648,0,1295429134,1295429125,0,0,8
649,0,1297431866,1297431837,0,0,29
650,0,1299434016,1299433975,0,0,41
653,0,1305439328,1305439315,0,0,12
655,0,1309444518,1309444485,0,0,32
656,0,1311445678,1311445704,0,0,-26
658,0,1315452593,1315452535,0,0,57
659,0,1317454334,1317454301,0,0,32
660,0,1319455891,1319455860,0,0,30
661,0,1321458474,1321458417,0,0,56
662,0,1323460516,1323460457,0,0,59
663,0,1325462791,1325462824,0,0,-33
665,0,1329466190,1329466218,0,0,-28
667,0,1333471638,1333471587,0,0,51
668,0,1335474109,1335474057,0,0,51
669,0,1337475741,1337475701,0,0,40
670,0,1339477319,1339477325,0,0,-5
673,0,1345485217,1345485232,0,0,-15
675,0,1349488831,1349488805,0,0,25
676,0,1351491026,1351491048,0,0,-21
678,0,1355497972,1355497997,0,0,-24
679,0,1357498334,1357498303,0,0,31
680,0,1359500582,1359500577,0,0,5
681,0,1361502959,1361502934,0,0,24
682,0,1363505673,1363505710,0,0,-36
683,0,1365508309,1365508281,0,0,27
685,0,1369511596,1369511588,0,0,8
687,0,1373516264,1373516275,0,0,-11
688,0,1375518346,1375518355,0,0,-8
689,0,1377520132,1377520113,0,0,19
690,0,1379522366,1379522291,0,0,75
693,0,1385529979,1385529973,0,0,5
695,0,1389534671,1389534624,0,0,47
696,0,1391536397,1391536313,0,0,83
698,0,1395540686,1395540665,0,0,21
699,0,1397543195,1397543170,0,0,25
700,0,1399545199,1399545186,0,0,13
701,0,1401547094,1401547080,0,0,13
702,0,1403549268,1403549247,0,0,20
703,0,1405551469,1405551494,0,0,-24
705,0,1409555961,1409555997,0,0,-36
707,0,1413560275,1413560235,0,0,40
708,0,1415562647,1415562628,0,0,19
709,0,1417564794,1417564762,0,0,31
710,0,1419567227,1419567197,0,0,30
713,0,1425574164,1425574197,0,0,-32
715,0,1429578447,1429578456,0,0,-9
716,0,1431580287,1431580338,0,0,-51
718,0,1435585471,1435585450,0,0,21
719,0,1437587407,1437587364,0,0,43
720,0,1439589113,1439589069,0,0,43
721,0,1441590854,1441590829,0,0,25
722,0,1443593799,1443593739,0,0,60
723,0,1445596364,1445596330,0,0,33
725,0,1449600867,1449600858,0,0,8
727,0,1453604699,1453604665,0,0,33
728,0,1455608154,1455608114,0,0,39
729,0,1457609357,1457609339,0,0,17
730,0,1459611673,1459611643,0,0,29
733,0,1465617494,1465617469,0,0,25
735,0,1469622560,1469622512,0,0,48
736,0,1471624896,1471624886,0,0,9
738,0,1475628555,1475628542,0,0,13
739,0,1477631723,1477631687,0,0,35
740,0,1479633907,1479633878,0,0,29
741,0,1481636049,1481636027,0,0,22
742,0,1483638576,1483638534,0,0,41
743,0,1485641000,1485640949,0,0,50
745,0,1489645123,1489645093,0,0,29
747,0,1493648893,1493648859,0,0,33
748,0,1495650764,1495650742,0,0,21
749,0,1497655251,1497655206,0,0,45
750,0,1499656671,1499656619,0,0,51
753,0,1505661566,1505661600,0,0,-34
755,0,1509667630,1509667668,0,0,-38
756,0,1511669581,1511669571,0,0,9
758,0,1515674035,1515674026,0,0,8
759,0,1517676568,1517676519,0,0,48
760,0,1519678476,1519678426,0,0,50
761,0,1521681437,1521681396,0,0,40
762,0,1523683704,1523683635,0,0,68
763,0,1525685096,1525685031,0,0,65
765,0,1529690924,1529690916,0,0,8
767,0,1533694051,1533694094,0,0,-42
768,0,1535697400,1535697366,0,0,33
769,0,1537698732,1537698675,0,0,57
770,0,1539700859,1539700873,0,0,-13
773,0,1545707045,1545707060,0,0,-14
775,0,1549711353,1549711300,0,0,53
776,0,1551712690,1551712671,0,0,19
778,0,152159087,152159046,0,0,41
779,0,1557720971,1557720957,0,0,13
780,0,1559722867,1559722878,0,0,-11
781,0,1561724668,1561724649,0,0,18
782,0,1563726321,1563726312,0,0,8
783,0,1565729453,1565729435,0,0,17
785,0,1569732331,1569732324,0,0,6
787,0,1573737813,1573737854,0,0,-40
788,0,1575739361,1575739436,0,0,-74
789,0,1577742163,1577742196,0,0,-33
790,0,1579744992,1579745008,0,0,-16
793,0,1585751572,1585751561,0,0,11
795,0,1589757278,1589757256,0,0,22
796,0,1591759485,1591759476,0,0,8
798,0,1595762148,1595762137,0,0,10
799,0,1597765567,1597765556,0,0,11
800,0,1599767071,1599767086,0,0,-15
801,0,1601768583,1601768562,0,0,20
802,0,1603771707,1603771659,0,0,48
803,0,1605773904,1605773874,0,0,30
805,0,1609778513,1609778486,0,0,26
807,0,1613782860,1613782820,0,0,39
808,0,1615784910,1615784901,0,0,8
809,0,1617786809,1617786831,0,0,-22
810,0,1619789905,1619789927,0,0,-21
813,0,1625796377,1625796417,0,0,-40
815,0,1629800766,1629800728,0,0,38
816,0,1631802990,1631802959,0,0,31
818,0,1635807071,1635807086,0,0,-15
819,0,1637808696,1637808685,0,0,10
820,0,1639811945,1639811907,0,0,37
821,0,1641814298,1641814260,0,0,37
822,0,1643816404,1643816422,0,0,-17
823,0,1645818411,1645818359,0,0,52
825,0,1649822777,1649822758,0,0,18
827,0,1653828141,1653828107,0,0,33
828,0,1655831352,1655831387,0,0,-34
829,0,1657831604,1657831636,0,0,-32
830,0,1659833015,1659833053,0,0,-38
833,0,1665839678,1665839619,0,0,58
835,0,1669843928,1669843854,0,0,74
836,0,1671847417,1671847370,0,0,46
838,0,1675852066,1675852015,0,0,50
839,0,1677853995,1677853971,0,0,23
840,0,1679856159,1679856173,0,0,-14
841,0,1681859118,1681859074,0,0,44
842,0,1683861274,1683861255,0,0,18
843,0,1685862923,1685862889,0,0,33
845,0,1689867693,1689867705,0,0,-12
847,0,1693870737,1693870705,0,0,31
848,0,1695874303,1695874298,0,0,5
849,0,1697876337,1697876295,0,0,42
850,0,1699878791,1699878765,0,0,26
853,0,1705886691,1705886682,0,0,8
855,0,1709889410,1709889386,0,0,24
856,0,1711892023,1711892060,0,0,-36
858,0,1715896517,1715896488,0,0,29
859,0,1717899823,1717899764,0,0,59
860,0,1719901492,1719901467,0,0,24
861,0,1721902964,1721902939,0,0,24
862,0,1723905503,1723905445,0,0,57
863,0,1725907721,1725907692,0,0,29
865,0,1729912283,1729912254,0,0,28
867,0,1733916057,1733916087,0,0,-29
868,0,1735917494,1735917471,0,0,23
869,0,1737921062,1737921020,0,0,42
870,0,1739922784,1739922766,0,0,18
873,0,1745929112,1745929093,0,0,19
875,0,1749934601,1749934566,0,0,34
876,0,1751936145,1751936116,0,0,28
878,0,1755941871,1755941896,0,0,-24
879,0,1757942853,1757942861,0,0,-8
880,0,1759945167,1759945128,0,0,38
881,0,1761947311,1761947278,0,0,33
882,0,1763949858,1763949840,0,0,18
883,0,1765952442,1765952457,0,0,-14
885,0,1769957166,1769957153,0,0,13
887,0,1773960737,1773960728,0,0,8
888,0,1775962819,1775962802,0,0,17
889,0,1777964455,1777964431,0,0,24
890,0,1779967566,1779967553,0,0,13
893,0,1785974299,1785974311,0,0,-11
895,0,1789978944,1789978964,0,0,-20
896,0,1791981782,1791981804,0,0,-22
898,0,1795985526,1795985556,0,0,-29
899,0,1797987432,1797987464,0,0,-31
900,0,1799989822,1799989804,0,0,18
901,0,1801992206,1801992158,0,0,48
902,0,1803994175,1803994147,0,0,28
903,0,1805997008,1805996958,0,0,50
905,0,1810000706,1810000750,0,0,-44
907,0,1814004267,1814004229,0,0,38
908,0,1816007968,1816007944,0,0,23
909,0,1818009722,1818009698,0,0,23
910,0,1820012047,1820012013,0,0,33
913,0,1826017483,1826017494,0,0,-11
915,0,1830023065,1830023018,0,0,47
916,0,1832025410,1832025373,0,0,36
918,0,1836029706,1836029686,0,0,20
919,0,1838032283,1838032258,0,0,25
920,0,1840034088,1840034034,0,0,53
921,0,1842035659,1842035624,0,0,34
922,0,1844038948,1844038874,0,0,73
923,0,1846041793,1846041753,0,0,39
925,0,1850045530,1850045516,0,0,14
927,0,1854049756,1854049716,0,0,40
928,0,1856053775,1856053757,0,0,17
929,0,1858054413,1858054422,0,0,-8
930,0,1860056628,1860056646,0,0,-17
933,0,1866063505,1866063524,0,0,-19
935,0,1870067508,1870067480,0,0,27
936,0,1872069334,1872069404,0,0,-69
938,0,1876073428,1876073401,0,0,26
939,0,1878076627,1878076615,0,0,11
940,0,1880078621,1880078639,0,0,-17
941,0,1882080978,1882080970,0,0,8
942,0,1884083300,1884083350,0,0,-49
943,0,1886085225,1886085194,0,0,31
945,0,1890090264,1890090235,0,0,28
947,0,1894094636,1894094586,0,0,49
948,0,1896097303,1896097262,0,0,41
949,0,1898098751,1898098705,0,0,45
950,0,1900101888,1900101851,0,0,37
953,0,1906108194,1906108230,0,0,-35
955,0,1910112069,1910112085,0,0,-16
956,0,1912114375,1912114395,0,0,-20
958,0,1916118297,1916118287,0,0,10
959,0,1918120710,1918120685,0,0,24
960,0,1920122486,1920122464,0,0,22
961,0,1922125559,1922125531,0,0,27
962,0,1924127927,1924127876,0,0,51
963,0,1926129810,1926129796,0,0,13
965,0,1930134883,1930134847,0,0,36
967,0,1934138955,1934138927,0,0,28
968,0,1936140898,1936140887,0,0,11
969,0,1938143757,1938143743,0,0,13
970,0,1940145721,1940145703,0,0,17
973,0,1946152321,1946152302,0,0,19
975,0,1950156838,1950156826,0,0,11
976,0,1952158795,1952158865,0,0,-69
978,0,192203764,192203751,0,0,13
979,0,1958165351,1958165314,0,0,37
980,0,1960167859,1960167843,0,0,15
981,0,1962169939,1962169905,0,0,33
982,0,1964172139,1964172159,0,0,-20
983,0,1966174399,1966174409,0,0,-10
985,0,1970179786,1970179812,0,0,-25
987,0,1974185496,1974185488,0,0,7
988,0,1976187124,1976187077,0,0,47
989,0,1978187894,1978187845,0,0,49
990,0,1980190647,1980190575,0,0,71
993,0,1986196543,1986196525,0,0,17
995,0,1990201292,1990201269,0,0,23
996,0,1992203421,1992203386,0,0,34
998,0,1996208268,1996208225,0,0,42
999,0,1998210243,1998210260,0,0,-16
1000,0,2000212341,2000212359,0,0,-18
1001,0,2002214669,2002214638,0,0,31
1002,0,2004216566,2004216555,0,0,10
1003,0,2006218988,2006219024,0,0,-36
1005,0,2010224550,2010224586,0,0,-36
1007,0,2014227694,2014227730,0,0,-36
1008,0,2016230000,2016230047,0,0,-46
1009,0,2018232538,2018232503,0,0,34
1010,0,2020234447,2020234438,0,0,8
1013,0,2026239940,2026239932,0,0,8
1015,0,2030245687,2030245647,0,0,40
1016,0,2032247633,2032247646,0,0,-12
1018,0,2036252191,2036252176,0,0,14
1019,0,2038255572,2038255535,0,0,36
1020,0,2040258069,2040258033,0,0,36
1021,0,2042258784,2042258777,0,0,6
1022,0,2044261413,2044261349,0,0,64
1023,0,2046264806,2046264777,0,0,29
1025,0,2050268123,2050268105,0,0,17
1027,0,2054271939,2054271950,0,0,-11
1028,0,2056275056,2056275042,0,0,13
1029,0,2058276546,2058276514,0,0,31
1030,0,2060278873,2060278849,0,0,24
1033,0,2066285826,2066285886,0,0,-59
1035,0,2070290071,2070290022,0,0,49
1036,0,2072292584,2072292554,0,0,29
1038,0,2076296835,2076296790,0,0,45
1039,0,2078298550,2078298595,0,0,-44
1040,0,2080300200,2080300253,0,0,-52
1041,0,2082303289,2082303268,0,0,20
1042,0,2084305376,2084305352,0,0,24
1043,0,2086307710,2086307694,0,0,16
1045,0,2090312912,2090312889,0,0,22
1047,0,2094316484,2094316550,0,0,-66
1048,0,2096318698,2096318709,0,0,-11
1049,0,2098320678,2098320648,0,0,29
1050,0,2100323862,2100323868,0,0,-6
1053,0,2106329707,2106329723,0,0,-16
1055,0,2110334488,2110334510,0,0,-21
1056,0,2112336556,2112336597,0,0,-40
1058,0,2116341380,2116341423,0,0,-42
1059,0,2118343534,2118343501,0,0,32
1060,0,2120346492,2120346457,0,0,35
1061,0,2122347860,2122347826,0,0,33
1062,0,2124350494,2124350480,0,0,13
1063,0,2126352302,2126352274,0,0,28
1065,0,2130355926,2130355917,0,0,8
1067,0,2134361042,2134361001,0,0,41
1068,0,2136363483,2136363470,0,0,13
1069,0,2138365756,2138365724,0,0,31
1070,0,2140368112,2140368079,0,0,33
1073,0,2146374354,2146374345,0,0,8
1075,0,2150378173,2150378149,0,0,23
1076,0,2152381593,2152381545,0,0,47
1078,0,2156386759,2156386720,0,0,39
1079,0,2158389222,2158389204,0,0,18
1080,0,2160390604,2160390597,0,0,6
1081,0,2162393413,2162393391,0,0,21
1082,0,2164396137,2164396097,0,0,40
1083,0,2166397319,2166397283,0,0,35
1085,0,2170401148,2170401154,0,0,-6
1087,0,2174405770,2174405783,0,0,-12
1088,0,2176407892,2176407854,0,0,37
1089,0,2178410342,2178410322,0,0,20
1090,0,2180412564,2180412598,0,0,-34
1093,0,2186418818,2186418777,0,0,40
1095,0,2190423919,2190423893,0,0,25
1096,0,2192425452,2192425462,0,0,-9
1098,0,2196430289,2196430241,0,0,47
1099,0,2198432278,2198432273,0,0,4
1100,0,2200434826,2200434820,0,0,6
1101,0,2202437177,2202437150,0,0,26
1102,0,2204439161,2204439123,0,0,38
1103,0,2206441206,2206441180,0,0,26
1105,0,2210444706,2210444695,0,0,11
1107,0,2214450379,2214450331,0,0,47
1108,0,2216452306,2216452320,0,0,-13
1109,0,2218454988,2218454977,0,0,11
1110,0,2220457146,2220457114,0,0,31
1113,0,2226463774,2226463769,0,0,4
1115,0,2230467828,2230467797,0,0,30
1116,0,2232470716,2232470707,0,0,8
1118,0,2236474631,2236474615,0,0,15
1119,0,2238476480,2238476473,0,0,7
1120,0,2240478348,2240478339,0,0,8
1121,0,2242481323,2242481308,0,0,15
1122,0,2244483590,2244483544,0,0,45
1123,0,2246485847,2246485890,0,0,-42
1125,0,2250490337,2250490369,0,0,-31
1127,0,2254494316,2254494350,0,0,-34
1128,0,2256497292,2256497328,0,0,-35
1129,0,2258499189,2258499211,0,0,-21
1130,0,2260501556,2260501512,0,0,43
1133,0,2266508429,2266508451,0,0,-21
1135,0,2270512272,2270512235,0,0,37
1136,0,2272514530,2272514492,0,0,37
1138,0,2276519519,2276519495,0,0,24
1139,0,2278521554,2278521543,0,0,11
1140,0,2280523612,2280523604,0,0,8
1141,0,2282525601,2282525644,0,0,-42
1142,0,2284528712,2284528697,0,0,15
1143,0,2286530386,2286530337,0,0,49
1145,0,2290535478,2290535489,0,0,-11
1147,0,2294539330,2294539307,0,0,23
1148,0,2296541814,2296541782,0,0,32
1149,0,2298543830,2298543787,0,0,42
1150,0,2300546585,2300546575,0,0,10
1153,0,2306552382,2306552337,0,0,44
1155,0,2310557178,2310557112,0,0,65
1156,0,2312559231,2312559186,0,0,45
1158,0,2316564115,2316564074,0,0,40
1159,0,2318565984,2318565947,0,0,37
1160,0,2320567925,2320567917,0,0,8
1161,0,2322570411,2322570377,0,0,33
1162,0,2324572831,2324572814,0,0,16
1163,0,2326575146,2326575135,0,0,10
1165,0,2330579177,2330579157,0,0,19
1167,0,2334583431,2334583395,0,0,35
1168,0,2336586047,2336586056,0,0,-8
1169,0,2338588541,2338588518,0,0,23
1170,0,2340591342,2340591344,0,0,-2
1173,0,2346595983,2346595973,0,0,10
1175,0,2350601814,2350601751,0,0,62
1176,0,2352603371,2352603405,0,0,-33
1178,0,232248582,232248606,0,0,-24
1179,0,2358612327,2358612292,0,0,35
1180,0,2360613994,2360613952,0,0,42
1181,0,2362614889,2362614823,0,0,65
1182,0,2364617577,2364617509,0,0,68
1183,0,2366619420,2366619426,0,0,-6
1185,0,2370623575,2370623616,0,0,-40
1187,0,2374628072,2374628078,0,0,-6
1188,0,2376630337,2376630345,0,0,-7
1189,0,2378632937,2378632945,0,0,-8
1190,0,2380635380,2380635405,0,0,-24
1193,0,2386640289,2386640300,0,0,-10
1195,0,2390645898,2390645862,0,0,36
1196,0,2392648361,2392648401,0,0,-40
1198,0,2396653104,2396653067,0,0,37
1199,0,2398654737,2398654701,0,0,36
1200,0,2400657450,2400657421,0,0,29
1201,0,2402659676,2402659617,0,0,59
1202,0,2404661847,2404661831,0,0,15
1203,0,2406663773,2406663813,0,0,-39
1205,0,2410668350,2410668361,0,0,-11
1207,0,2414672274,2414672290,0,0,-16
1208,0,2416674422,2416674428,0,0,-5
1209,0,2418677831,2418677789,0,0,41
1210,0,2420679256,2420679265,0,0,-9
1213,0,2426687339,2426687370,0,0,-31
1215,0,2430690916,2430690930,0,0,-14
1216,0,2432692386,2432692398,0,0,-12
1218,0,2436695899,2436695919,0,0,-20
1219,0,2438699100,2438699137,0,0,-36
1220,0,2440703276,2440703280,0,0,-4
1221,0,2442703705,2442703719,0,0,-13
1222,0,2444706193,2444706239,0,0,-46
1223,0,2446708388,2446708351,0,0,37
1225,0,2450712548,2450712564,0,0,-15
1227,0,2454717335,2454717296,0,0,38
1228,0,2456721073,2456721106,0,0,-33
1229,0,2458721944,2458721903,0,0,40
1230,0,2460724152,2460724121,0,0,31
1233,0,2466730600,2466730590,0,0,9
1235,0,2470734682,2470734654,0,0,27
1236,0,2472737452,2472737420,0,0,31
1238,0,2476742352,2476742399,0,0,-47
1239,0,2478743853,2478743818,0,0,35
1240,0,2480745894,2480745856,0,0,38
1241,0,2482748264,2482748249,0,0,15
1242,0,2484750593,2484750561,0,0,31
1243,0,2486753786,2486753837,0,0,-51
1245,0,2490756998,2490756990,0,0,8
1247,0,2494762258,2494762206,0,0,51
1248,0,2496764083,2496764092,0,0,-8
1249,0,2498766212,2498766177,0,0,34
1250,0,2500768477,2500768437,0,0,40
1253,0,2506775053,2506775011,0,0,42
1255,0,2510778128,2510778083,0,0,44
1256,0,2512781748,2512781759,0,0,-11
1258,0,2516785402,2516785430,0,0,-28
1259,0,2518788796,2518788826,0,0,-30
1260,0,2520790942,2520790991,0,0,-48
1261,0,2522792731,2522792711,0,0,20
1262,0,2524794955,2524794925,0,0,30
1263,0,2526797235,2526797216,0,0,18
1265,0,2530801486,2530801519,0,0,-33
1267,0,2534805725,2534805692,0,0,33
1268,0,2536807495,2536807548,0,0,-52
1269,0,2538810612,2538810662,0,0,-49
1270,0,2540813004,2540813038,0,0,-34
1273,0,2546818604,2546818661,0,0,-56
1275,0,2550824257,2550824241,0,0,15
1276,0,2552825911,2552825894,0,0,17
1278,0,2556831717,2556831703,0,0,13
1279,0,2558832704,2558832680,0,0,23
1280,0,2560835851,2560835824,0,0,26
1281,0,2562837352,2562837338,0,0,14
1282,0,2564839514,2564839538,0,0,-24
1283,0,2566841689,2566841672,0,0,17
1285,0,2570846293,2570846271,0,0,21
1287,0,2574850648,2574850635,0,0,13
1288,0,2576852389,2576852366,0,0,23
1289,0,2578853951,2578853925,0,0,25
1290,0,2580857460,2580857434,0,0,25
1293,0,2586863921,2586863894,0,0,26
1295,0,2590868388,2590868377,0,0,11
1296,0,2592870751,2592870739,0,0,11
1298,0,2596876402,2596876433,0,0,-31
1299,0,2598877509,2598877546,0,0,-37
1300,0,2600879784,2600879791,0,0,-6
1301,0,2602881633,2602881620,0,0,13
1302,0,2604884891,2604884865,0,0,25
1303,0,2606887604,2606887595,0,0,8
1305,0,2610891501,2610891474,0,0,27
1307,0,2614894498,2614894460,0,0,38
1308,0,2616896773,2616896764,0,0,8
1309,0,2618899437,2618899422,0,0,15
1310,0,2620901675,2620901641,0,0,33
1313,0,2626908422,2626908382,0,0,39
1315,0,2630913406,2630913369,0,0,37
1316,0,2632915773,2632915806,0,0,-33
1318,0,2636920278,2636920236,0,0,41
1319,0,2638922175,2638922140,0,0,34
1320,0,2640924112,2640924161,0,0,-49
1321,0,2642926947,2642926901,0,0,46
1322,0,2644928569,2644928539,0,0,30
1323,0,2646930767,2646930760,0,0,6
1325,0,2650934797,2650934788,0,0,8
1327,0,2654939194,2654939166,0,0,28
1328,0,2656942684,2656942665,0,0,18
1329,0,2658944164,2658944115,0,0,48
1330,0,2660946420,2660946369,0,0,51
1333,0,2666953283,2666953258,0,0,24
1335,0,2670958394,2670958377,0,0,16
1336,0,2672959595,2672959574,0,0,20
1338,0,2676964455,2676964406,0,0,49
1339,0,2678966177,2678966195,0,0,-17
1340,0,2680969114,2680969081,0,0,32
1341,0,2682970835,2682970751,0,0,84
1342,0,2684973202,2684973143,0,0,58
1343,0,2686975519,2686975532,0,0,-13
1345,0,2690980054,2690980004,0,0,50
1347,0,2694984128,2694984112,0,0,15
1348,0,2696986466,2696986413,0,0,52
1349,0,2698988474,2698988452,0,0,22
1350,0,2700990523,2700990563,0,0,-39
1353,0,2706997671,2706997717,0,0,-45
1355,0,2711000449,2711000466,0,0,-17
1356,0,2713003293,2713003249,0,0,43
1358,0,2717007882,2717007849,0,0,33
1359,0,2719010860,2719010827,0,0,33
1360,0,2721012914,2721012871,0,0,42
1361,0,2723015249,2723015185,0,0,63
1362,0,2725017493,2725017516,0,0,-22
1363,0,2727019840,2727019794,0,0,45
1365,0,2731024395,2731024385,0,0,9
1367,0,2735028395,2735028372,0,0,23
1368,0,2737031009,2737030977,0,0,31
1369,0,2739032802,2739032760,0,0,41
1370,0,2741035302,2741035231,0,0,70
1373,0,2747042206,2747042171,0,0,35
1375,0,2751046230,2751046262,0,0,-32
1376,0,2753048599,2753048640,0,0,-40
1378,0,272292372,272292316,0,0,55
1379,0,2759055239,2759055249,0,0,-10
1380,0,2761057515,2761057447,0,0,67
1381,0,2763059825,2763059804,0,0,21
1382,0,2765062270,2765062246,0,0,24
1383,0,2767064253,2767064220,0,0,33
1385,0,2771068719,2771068681,0,0,37
1387,0,2775073964,2775073918,0,0,45
1388,0,2777076948,2777076934,0,0,13
1389,0,2779078851,2779078813,0,0,38
1390,0,2781080249,2781080201,0,0,47
1393,0,2787086138,2787086084,0,0,53
1395,0,2791091218,2791091260,0,0,-42
1396,0,2793093432,2793093462,0,0,-30
1398,0,2797097835,2797097852,0,0,-16
1399,0,2799099800,2799099760,0,0,39
1400,0,2801101941,2801101932,0,0,9
1401,0,2803104011,2803103971,0,0,40
1402,0,2805106768,2805106739,0,0,28
1403,0,2807109391,2807109370,0,0,20
1405,0,2811112882,2811112872,0,0,9
1407,0,2815117288,2815117258,0,0,29
1408,0,2817119968,2817119929,0,0,38
1409,0,2819122030,2819121993,0,0,36
1410,0,2821124642,2821124608,0,0,33
1413,0,2827131446,2827131408,0,0,37
1415,0,2831135076,2831135057,0,0,18
1416,0,2833137707,2833137698,0,0,9
1418,0,2837142076,2837142054,0,0,22
1419,0,2839144235,2839144230,0,0,5
1420,0,2841146500,2841146474,0,0,25
1421,0,2843148754,2843148741,0,0,13
1422,0,2845151416,2845151462,0,0,-46
1423,0,2847152829,2847152840,0,0,-11
1425,0,2851157678,2851157656,0,0,22
1427,0,2855162543,2855162514,0,0,29
1428,0,2857166200,2857166179,0,0,20
1429,0,2859167903,2859167879,0,0,23
1430,0,2861168806,2861168767,0,0,39
1433,0,2867176134,2867176114,0,0,19
1435,0,2871179747,2871179697,0,0,49
1436,0,2873182182,2873182167,0,0,14
1438,0,2877186508,2877186490,0,0,17
1439,0,2879188577,2879188532,0,0,45
1440,0,2881190632,2881190604,0,0,28
1441,0,2883191651,2883191634,0,0,17
1442,0,2885194297,2885194233,0,0,63
1443,0,2887197278,2887197248,0,0,30
1445,0,2891202250,2891202237,0,0,13
1447,0,2895206086,2895206041,0,0,44
1448,0,2897207672,2897207656,0,0,16
1449,0,2899210870,2899210858,0,0,11
1450,0,2901213220,2901213229,0,0,-8
1453,0,2907219672,2907219653,0,0,19
1455,0,2911224207,2911224242,0,0,-34
1456,0,2913226351,2913226414,0,0,-62
1458,0,2917230973,2917230958,0,0,14
1459,0,2919232689,2919232662,0,0,26
1460,0,2921234341,2921234390,0,0,-48
1461,0,2923237549,2923237585,0,0,-35
1462,0,2925241462,2925241514,0,0,-51
1463,0,2927242350,2927242386,0,0,-35
1465,0,2931246538,2931246530,0,0,7
1467,0,2935252196,2935252187,0,0,8
1468,0,2937254250,2937254260,0,0,-10
1469,0,2939255155,2939255138,0,0,17
1470,0,2941256757,2941256804,0,0,-47
1473,0,2947264287,2947264260,0,0,27
1475,0,2951268391,2951268378,0,0,12
1476,0,2953270159,2953270122,0,0,36
1478,0,2957277476,2957277499,0,0,-22
1479,0,2959278791,2959278815,0,0,-24
1480,0,2961279861,2961279896,0,0,-34
1481,0,2963282556,2963282548,0,0,8
1482,0,2965284595,2965284541,0,0,53
1483,0,2967286703,2967286671,0,0,31
1485,0,2971289791,2971289781,0,0,9
1487,0,2975295101,2975295080,0,0,20
1488,0,2977297065,2977297044,0,0,20
1489,0,2979300279,2979300249,0,0,30
1490,0,2981302081,2981302040,0,0,41
1493,0,2987308912,2987308914,0,0,-1
1495,0,2991314065,2991314026,0,0,38
1496,0,2993315786,2993315761,0,0,24
1498,0,2997320268,2997320325,0,0,-56
1499,0,2999323562,2999323514,0,0,47
1500,0,3001324632,3001324641,0,0,-8
1501,0,3003326614,3003326547,0,0,67
1502,0,3005329133,3005329046,0,0,87
1503,0,3007331478,3007331424,0,0,53
1505,0,3011336580,3011336575,0,0,5
1507,0,3015340246,3015340219,0,0,26
1508,0,3017342084,3017342025,0,0,58
1509,0,3019344584,3019344535,0,0,48
1510,0,3021346665,3021346629,0,0,36
1513,0,3027352258,3027352251,0,0,6
1515,0,3031357861,3031357802,0,0,59
1516,0,3033359664,3033359655,0,0,8
1518,0,3037364538,3037364548,0,0,-10
1519,0,3039366246,3039366201,0,0,44
1520,0,3041367583,3041367550,0,0,33
1521,0,3043370373,3043370340,0,0,33
1522,0,3045373314,3045373330,0,0,-15
1523,0,3047376026,3047375982,0,0,43
1525,0,3051380511,3051380499,0,0,11
1527,0,3055383608,3055383585,0,0,23
1528,0,3057387928,3057387966,0,0,-38
1529,0,3059389058,3059389023,0,0,35
1530,0,3061391191,3061391133,0,0,57
1533,0,3067397496,3067397470,0,0,25
1535,0,3071401892,3071401847,0,0,45
1536,0,3073405573,3073405593,0,0,-20
1538,0,3077409078,3077409033,0,0,44
1539,0,3079410548,3079410512,0,0,35
1540,0,3081412291,3081412242,0,0,49
1541,0,3083415948,3083415931,0,0,17
1542,0,3085417704,3085417665,0,0,38
1543,0,3087420694,3087420716,0,0,-22
1545,0,3091424307,3091424278,0,0,29
1547,0,3095428631,3095428562,0,0,69
1548,0,3097430504,3097430490,0,0,13
1549,0,3099433545,3099433507,0,0,37
1550,0,3101435729,3101435705,0,0,23
1553,0,3107443177,3107443204,0,0,-26
1555,0,3111446703,3111446694,0,0,8
1556,0,3113448958,3113448934,0,0,23
1558,0,3117453543,3117453509,0,0,33
1559,0,3119455755,3119455713,0,0,42
1560,0,3121458080,3121458042,0,0,37
1561,0,3123459908,3123459859,0,0,49
1562,0,3125462472,3125462421,0,0,51
1563,0,3127465025,3127464990,0,0,35
1565,0,3131469393,3131469382,0,0,11
1567,0,3135474257,3135474212,0,0,44
1568,0,3137475622,3137475605,0,0,17
1569,0,3139477905,3139477865,0,0,40
1570,0,3141480150,3141480105,0,0,44
1573,0,3147486844,3147486802,0,0,41
1575,0,3151491011,3151491000,0,0,11
1576,0,3153493414,3153493406,0,0,8
1578,0,312337013,312336976,0,0,37
1579,0,3159500278,3159500303,0,0,-24
1580,0,3161502117,3161502125,0,0,-8
1581,0,3163504860,3163504843,0,0,17
1582,0,3165506982,3165507024,0,0,-41
1583,0,3167509142,3167509123,0,0,19
1585,0,3171513486,3171513496,0,0,-9
1587,0,3175517675,3175517710,0,0,-35
1588,0,3177519945,3177519934,0,0,10
1589,0,3179522210,3179522182,0,0,28
1590,0,3181525202,3181525080,0,0,122
1593,0,3187531327,3187531333,0,0,-6
1595,0,3191536389,3191536373,0,0,15
1596,0,3193539031,3193539015,0,0,15
1598,0,3197542483,3197542525,0,0,-42
1599,0,3199545026,3199545046,0,0,-19
1600,0,3201546619,3201546638,0,0,-19
1601,0,3203548993,3203549053,0,0,-59
1602,0,3205551100,3205551128,0,0,-27
1603,0,3207553611,3207553647,0,0,-36
1605,0,3211557794,3211557780,0,0,13
1607,0,3215562530,3215562494,0,0,35
1608,0,3217565988,3217565964,0,0,23
1609,0,3219567068,3219567035,0,0,33
1610,0,3221569530,3221569536,0,0,-6
1613,0,3227576022,3227576004,0,0,17
1615,0,3231579846,3231579822,0,0,23
1616,0,3233582411,3233582403,0,0,8
1618,0,3237586804,3237586795,0,0,8
1619,0,3239588930,3239588922,0,0,8
1620,0,3241591304,3241591298,0,0,5
1621,0,3243594351,3243594340,0,0,11
1622,0,3245596297,3245596314,0,0,-16
1623,0,3247598042,3247598016,0,0,26
1625,0,3251602599,3251602585,0,0,14
1627,0,3255607510,3255607472,0,0,38
1628,0,3257610258,3257610268,0,0,-9
1629,0,3259612175,3259612146,0,0,29
1630,0,3261614138,3261614080,0,0,57
1633,0,3267619521,3267619574,0,0,-53
1635,0,3271624663,3271624655,0,0,8
1636,0,3273626640,3273626602,0,0,38
1638,0,3277631517,3277631493,0,0,24
1639,0,3279633851,3279633840,0,0,11
1640,0,3281636029,3281636020,0,0,8
1641,0,3283638426,3283638383,0,0,43
1642,0,3285640016,3285640011,0,0,5
1643,0,3287642670,3287642647,0,0,23
1645,0,3291646883,3291646870,0,0,13
1647,0,3295651346,3295651312,0,0,33
1648,0,3297654213,3297654169,0,0,43
1649,0,3299655856,3299655839,0,0,17
1650,0,3301658269,3301658256,0,0,13
1653,0,3307664752,3307664816,0,0,-64
1655,0,3311668911,3311668939,0,0,-28
1656,0,3313671875,3313671918,0,0,-42
1658,0,3317676134,3317676125,0,0,8
1659,0,3319678773,3319678714,0,0,58
1660,0,3321680029,3321679981,0,0,47
1661,0,3323681058,3323681074,0,0,-15
1662,0,3325684328,3325684285,0,0,43
1663,0,3327688156,3327688106,0,0,49
1665,0,3331691715,3331691680,0,0,34
1667,0,3335695832,3335695799,0,0,33
1668,0,3337698257,3337698212,0,0,44
1669,0,3339700434,3339700396,0,0,38
1670,0,3341703063,3341703029,0,0,33
1673,0,3347709606,3347709570,0,0,36
1675,0,3351713215,3351713226,0,0,-11
1676,0,3353715017,3353715000,0,0,17
1678,0,3357722024,3357721984,0,0,40
1679,0,3359722661,3359722602,0,0,58
1680,0,3361725197,3361725178,0,0,18
1681,0,3363727128,3363727094,0,0,33
1682,0,3365730540,3365730521,0,0,18
1683,0,3367731390,3367731364,0,0,25
1685,0,3371735617,3371735629,0,0,-11
1687,0,3375740107,3375740067,0,0,40
1688,0,3377742250,3377742211,0,0,39
1689,0,3379744388,3379744400,0,0,-12
1690,0,3381746631,3381746649,0,0,-18
1693,0,3387753883,3387753858,0,0,24
1695,0,3391757905,3391757894,0,0,10
1696,0,3393760198,3393760250,0,0,-51
1698,0,3397765147,3397765085,0,0,61
1699,0,3399767123,3399767150,0,0,-27
1700,0,3401769299,3401769316,0,0,-17
1701,0,3403771907,3403771874,0,0,33
1702,0,3405773734,3405773681,0,0,53
1703,0,3407776013,3407775995,0,0,17
1705,0,3411779523,3411779534,0,0,-11
1707,0,3415785003,3415785011,0,0,-8
1708,0,3417787334,3417787386,0,0,-51
1709,0,3419789398,3419789359,0,0,38
1710,0,3421791817,3421791782,0,0,35
1713,0,3427798145,3427798105,0,0,39
1715,0,3431802512,3431802464,0,0,48
1716,0,3433804505,3433804464,0,0,41
1718,0,3437810514,3437810494,0,0,20
1719,0,3439811346,3439811298,0,0,47
1720,0,3441813532,3441813512,0,0,20
1721,0,3443816085,3443816053,0,0,31
1722,0,3445818148,3445818123,0,0,24
1723,0,3447820921,3447820880,0,0,40
1725,0,3451824797,3451824808,0,0,-11
1727,0,3455829379,3455829339,0,0,40
1728,0,3457833375,3457833319,0,0,56
1729,0,3459833431,3459833349,0,0,82
1730,0,3461834688,3461834604,0,0,83
1733,0,3467842521,3467842537,0,0,-15
1735,0,3471847347,3471847337,0,0,10
1736,0,3473849480,3473849521,0,0,-40
1738,0,3477854321,3477854309,0,0,12
1739,0,3479855874,3479855825,0,0,49
1740,0,3481858309,3481858283,0,0,25
1741,0,3483860540,3483860494,0,0,45
1742,0,3485862388,3485862339,0,0,49
1743,0,3487863768,3487863799,0,0,-31
1745,0,3491869653,3491869685,0,0,-32
1747,0,3495873638,3495873613,0,0,24
1748,0,3497875689,3497875656,0,0,33
1749,0,3499876723,3499876686,0,0,37
1750,0,3501879687,3501879615,0,0,71
1753,0,3507886381,3507886317,0,0,63
1755,0,3511892775,3511892727,0,0,47
1756,0,3513894161,3513894120,0,0,40
1758,0,3517898296,3517898224,0,0,72
1759,0,3519900969,3519900921,0,0,47
1760,0,3521902564,3521902519,0,0,44
1761,0,3523904835,3523904795,0,0,40
1762,0,3525907381,3525907325,0,0,56
1763,0,3527909167,3527909119,0,0,47
1765,0,3531913476,3531913498,0,0,-21
1767,0,3535918896,3535918866,0,0,30
1768,0,3537920731,3537920791,0,0,-59
1769,0,3539922312,3539922348,0,0,-36
1770,0,3541923923,3541923939,0,0,-15
1773,0,3547932523,3547932496,0,0,26
1775,0,3551936145,3551936120,0,0,24
1776,0,3553938251,3553938211,0,0,39
1778,0,352382024,352381986,0,0,38
1779,0,3559945349,3559945309,0,0,40
1780,0,3561947330,3561947344,0,0,-14
1781,0,3563949698,3563949724,0,0,-25
1782,0,3565952042,3565952096,0,0,-53
1783,0,3567953808,3567953821,0,0,-12
1785,0,3571958458,3571958507,0,0,-49
1787,0,3575962631,3575962608,0,0,23
1788,0,3577965846,3577965856,0,0,-9
1789,0,3579968339,3579968394,0,0,-54
1790,0,3581969271,3581969266,0,0,4
1793,0,3587976164,3587976201,0,0,-36
1795,0,3591979399,3591979435,0,0,-35
1796,0,3593983205,3593983194,0,0,11
1798,0,3597987473,3597987435,0,0,37
1799,0,3599989377,3599989362,0,0,15
1800,0,3601991942,3601991934,0,0,8
1801,0,3603993901,3603993862,0,0,38
1802,0,3605995980,3605995955,0,0,25
1803,0,3607998411,3607998373,0,0,38
1805,0,3612002707,3612002698,0,0,8
1807,0,3616007442,3616007411,0,0,31
1808,0,3618009237,3618009206,0,0,31
1809,0,3620011539,3620011504,0,0,35
1810,0,3622014448,3622014357,0,0,91
1813,0,3628019948,3628019936,0,0,11
1815,0,3632024959,3632024978,0,0,-18
1816,0,3634027044,3634027015,0,0,29
1818,0,3638031703,3638031651,0,0,51
1819,0,3640033591,3640033582,0,0,8
1820,0,3642035620,3642035632,0,0,-11
1821,0,3644038273,3644038258,0,0,14
1822,0,3646041075,3646041069,0,0,5
1823,0,3648042680,3648042743,0,0,-62
1825,0,3652047022,3652047085,0,0,-62
1827,0,3656051303,3656051343,0,0,-40
1828,0,3658055980,3658055988,0,0,-8
1829,0,3660056273,3660056229,0,0,43
1830,0,3662058179,3662058134,0,0,44
1833,0,3668064433,3668064424,0,0,9
1835,0,3672069411,3672069400,0,0,11
1836,0,3674071525,3674071576,0,0,-51
1838,0,3678076375,3678076400,0,0,-24
1839,0,3680078312,3680078338,0,0,-25
1840,0,3682080526,3682080493,0,0,33
1841,0,3684083121,3684083084,0,0,36
1842,0,3686085359,3686085313,0,0,45
1843,0,3688087271,3688087228,0,0,43
1845,0,3692091683,3692091674,0,0,8
1847,0,3696095861,3696095876,0,0,-14
1848,0,3698097341,3698097305,0,0,35
1849,0,3700100876,3700100846,0,0,30
1850,0,3702102804,3702102821,0,0,-16
1853,0,3708109678,3708109633,0,0,44
1855,0,3712114444,3712114377,0,0,66
1856,0,3714115968,3714115939,0,0,29
1858,0,3718121001,3718120969,0,0,31
1859,0,3720122953,3720122918,0,0,35
1860,0,3722124040,3722123993,0,0,47
1861,0,3724127279,3724127235,0,0,43
1862,0,3726129595,3726129551,0,0,44
1863,0,3728131758,3728131692,0,0,65
1865,0,3732136258,3732136239,0,0,19
1867,0,3736140604,3736140591,0,0,13
1868,0,3738143483,3738143459,0,0,23
1869,0,3740145283,3740145235,0,0,48
1870,0,3742147558,3742147509,0,0,49
1873,0,3748153876,3748153846,0,0,29
1875,0,3752159221,3752159212,0,0,8
1876,0,3754161829,3754161844,0,0,-15
1878,0,3758167267,3758167242,0,0,24
1879,0,3760168310,3760168263,0,0,47
1880,0,3762169808,3762169773,0,0,35
1881,0,3764172227,3764172252,0,0,-24
1882,0,3766173998,3766173956,0,0,42
1883,0,3768176455,3768176426,0,0,29
1885,0,3772180619,3772180671,0,0,-52
1887,0,3776184940,3776184875,0,0,65
1888,0,3778187404,3778187395,0,0,8
1889,0,3780189287,3780189252,0,0,34
1890,0,3782190919,3782190876,0,0,42
1893,0,3788198696,3788198660,0,0,36
1895,0,3792203143,3792203110,0,0,33
1896,0,3794205258,3794205238,0,0,19
1898,0,3798209781,3798209769,0,0,11
1899,0,3800212544,3800212525,0,0,19
1900,0,3802214177,3802214186,0,0,-8
1901,0,3804217693,3804217730,0,0,-36
1902,0,3806218444,3806218484,0,0,-40
1903,0,3808221421,3808221447,0,0,-26
1905,0,3812224866,3812224947,0,0,-80
1907,0,3816229593,3816229586,0,0,6
1908,0,3818232420,3818232404,0,0,15
1909,0,3820234435,3820234402,0,0,32
1910,0,3822236971,3822236941,0,0,29
1913,0,3828242860,3828242840,0,0,19
1915,0,3832247429,3832247422,0,0,7
1916,0,3834250248,3834250208,0,0,40
1918,0,3838254090,3838254047,0,0,43
1919,0,3840257640,3840257605,0,0,35
1920,0,3842258166,3842258175,0,0,-9
1921,0,3844259970,3844260003,0,0,-33
1922,0,3846263438,3846263379,0,0,58
1923,0,3848265173,3848265125,0,0,47
1925,0,3852269616,3852269574,0,0,42
1927,0,3856273114,3856273076,0,0,38
1928,0,3858278000,3858277984,0,0,15
1929,0,3860278558,3860278533,0,0,24
1930,0,3862281284,3862281291,0,0,-6
1933,0,3868287245,3868287267,0,0,-22
1935,0,3872291605,3872291564,0,0,41
1936,0,3874294405,3874294382,0,0,23
1938,0,3878299787,3878299753,0,0,33
1939,0,3880300971,3880300930,0,0,40
1940,0,3882303238,3882303268,0,0,-29
1941,0,3884305858,3884305817,0,0,40
1942,0,3886307774,3886307743,0,0,30
1943,0,3888309710,3888309657,0,0,53
1945,0,3892312897,3892312889,0,0,8
1947,0,3896319280,3896319316,0,0,-35
1948,0,3898320939,3898321011,0,0,-71
1949,0,3900322723,3900322686,0,0,36
1950,0,3902324580,3902324634,0,0,-53
1953,0,3908331835,3908331878,0,0,-42
1955,0,3912336448,3912336439,0,0,8
1956,0,3914339887,3914339869,0,0,17
1958,0,3918342242,3918342207,0,0,35
1959,0,3920345201,3920345191,0,0,9
1960,0,3922347743,3922347723,0,0,20
1961,0,3924349912,3924349883,0,0,29
1962,0,3926352048,3926352020,0,0,27
1963,0,3928354041,3928354020,0,0,21
1965,0,3932359176,3932359162,0,0,13
1967,0,3936362885,3936362877,0,0,7
1968,0,3938365383,3938365406,0,0,-22
1969,0,3940367483,3940367469,0,0,13
1970,0,3942370241,3942370233,0,0,8
1973,0,3948376904,3948376948,0,0,-44
1975,0,3952380751,3952380815,0,0,-63
1976,0,3954383207,3954383222,0,0,-14
1978,0,392426703,392426647,0,0,55
1979,0,3960389461,3960389455,0,0,6
1980,0,3962391125,3962391112,0,0,13
1981,0,3964394282,3964394276,0,0,6
1982,0,3966396462,3966396446,0,0,15
1983,0,3968399332,3968399311,0,0,20
1985,0,3972403454,3972403462,0,0,-8
1987,0,3976407802,3976407823,0,0,-20
1988,0,3978410283,3978410269,0,0,14
1989,0,3980411841,3980411804,0,0,37
1990,0,3982414372,3982414339,0,0,33
1993,0,3988421049,3988421022,0,0,26
1995,0,3992425377,3992425310,0,0,67
1996,0,3994428076,3994428057,0,0,18
1998,0,3998432170,3998432103,0,0,67
1999,0,4000433986,4000433935,0,0,50
2000,0,4002435503,4002435467,0,0,35
2001,0,4004438642,4004438608,0,0,33
2002,0,4006440846,4006440807,0,0,38
2003,0,4008443232,4008443199,0,0,33
2005,0,4012447635,4012447640,0,0,-4
2007,0,4016451887,4016451926,0,0,-39
2008,0,4018454101,4018454053,0,0,47
2009,0,4020456153,4020456128,0,0,25
2010,0,4022460390,4022460347,0,0,42
2013,0,4028465417,4028465454,0,0,-37
2015,0,4032470279,4032470302,0,0,-22
2016,0,4034471928,4034471984,0,0,-56
2018,0,4038476604,4038476637,0,0,-33
2019,0,4040478865,4040478820,0,0,45
2020,0,4042480890,4042480861,0,0,29
2021,0,4044483708,4044483681,0,0,26
2022,0,4046485297,4046485260,0,0,37
2023,0,4048488172,4048488146,0,0,25
2025,0,4052491389,4052491370,0,0,18
2027,0,4056496235,4056496220,0,0,14
2028,0,4058499467,4058499445,0,0,21
2029,0,4060502496,4060502460,0,0,35
2030,0,4062503365,4062503324,0,0,40
2033,0,4068509639,4068509611,0,0,27
2035,0,4072513941,4072513991,0,0,-49
2036,0,4074515723,4074515706,0,0,17
2038,0,4078521388,4078521399,0,0,-11
2039,0,4080523719,4080523701,0,0,18
2040,0,4082525481,4082525467,0,0,14
2041,0,4084527842,4084527811,0,0,31
2042,0,4086529874,4086529830,0,0,43
2043,0,4088533328,4088533283,0,0,44
2045,0,4092536713,4092536770,0,0,-56
2047,0,4096542119,4096542127,0,0,-8
2048,0,4098543580,4098543626,0,0,-46
2049,0,4100545553,4100545600,0,0,-47
2050,0,4102547656,4102547688,0,0,-32
2053,0,4108554776,4108554788,0,0,-11
2055,0,4112559129,4112559141,0,0,-11
2056,0,4114561085,4114561128,0,0,-42
2058,0,4118565693,4118565713,0,0,-20
2059,0,4120567955,4120567974,0,0,-19
2060,0,4122569989,4122570044,0,0,-55
2061,0,4124572467,4124572438,0,0,29
2062,0,4126574436,4126574459,0,0,-22
2063,0,4128576977,4128577002,0,0,-24
2065,0,4132582384,4132582417,0,0,-33
2067,0,4136585489,4136585468,0,0,20
2068,0,4138588089,4138588057,0,0,31
2069,0,4140589688,4140589663,0,0,24
2070,0,4142591849,4142591856,0,0,-6
2073,0,4148598200,4148598180,0,0,20
2075,0,4152603128,4152603067,0,0,61
2076,0,4154605187,4154605157,0,0,30
2078,0,4158611792,4158611803,0,0,-11
2079,0,4160612001,4160612024,0,0,-22
2080,0,4162614302,4162614292,0,0,10
2081,0,4164616653,4164616631,0,0,22
2082,0,4166618963,4166618954,0,0,8
2083,0,4168621593,4168621645,0,0,-52
2085,0,4172625507,4172625550,0,0,-42
2087,0,4176630286,4176630313,0,0,-26
2088,0,4178632248,4178632231,0,0,17
2089,0,4180634116,4180634078,0,0,38
2090,0,4182635453,4182635425,0,0,28
2093,0,4188643668,4188643624,0,0,43
2095,0,4192647719,4192647695,0,0,23
2096,0,4194650074,4194650053,0,0,20
2098,0,4198654510,4198654494,0,0,15
2099,0,4200656739,4200656701,0,0,38
2100,0,4202659422,4202659404,0,0,17
2101,0,4204661473,4204661436,0,0,36
2102,0,4206664388,4206664367,0,0,21
2103,0,4208665459,4208665445,0,0,13
2105,0,4212670651,4212670627,0,0,24
2107,0,4216675231,4216675182,0,0,49
2108,0,4218677033,4218677078,0,0,-44
2109,0,4220678860,4220678889,0,0,-28
2110,0,4222681359,4222681322,0,0,37
2113,0,4228688074,4228688025,0,0,49
2115,0,4232691982,4232691964,0,0,18
2116,0,4234694141,4234694089,0,0,51
2118,0,4238699284,4238699250,0,0,33
2119,0,4240701130,4240701065,0,0,65
2120,0,4242703461,4242703414,0,0,47
2121,0,4244706121,4244706089,0,0,31
2122,0,4246707971,4246707955,0,0,16
2123,0,4248710100,4248710112,0,0,-12
2125,0,4252714920,4252714911,0,0,8
2127,0,4256719340,4256719363,0,0,-22
2128,0,4258723061,4258723020,0,0,41
2129,0,4260723563,4260723536,0,0,26
2130,0,4262726108,4262726084,0,0,24
2133,0,4268731937,4268731911,0,0,25
2135,0,4272736887,4272736849,0,0,37
2136,0,4274738778,4274738757,0,0,20
2138,0,4278742889,4278742880,0,0,8
2139,0,4280747455,4280747440,0,0,14
2140,0,4282748081,4282748089,0,0,-7
2141,0,4284750437,4284750430,0,0,6
2142,0,4286752577,4286752552,0,0,24
2143,0,4288755173,4288755150,0,0,23
2145,0,4292759067,4292759143,0,0,-76
2147,0,4296763010,4296763062,0,0,-51
2148,0,4298764723,4298764715,0,0,8
2149,0,4300768224,4300768217,0,0,6
2150,0,4302770244,4302770236,0,0,8
2153,0,4308777019,4308777026,0,0,-6
2155,0,4312782146,4312782134,0,0,11
2156,0,4314784631,4314784622,0,0,8
2158,0,4318788069,4318788055,0,0,14
2159,0,4320790173,4320790164,0,0,8
2160,0,4322791980,4322791959,0,0,21
2161,0,4324793674,4324793661,0,0,13
2162,0,4326796962,4326796972,0,0,-9
2163,0,4328799177,4328799216,0,0,-39
2165,0,4332803952,4332804029,0,0,-76
2167,0,4336808083,4336808125,0,0,-41
2168,0,4338810391,4338810367,0,0,23
2169,0,4340812247,4340812220,0,0,26
2170,0,4342814632,4342814575,0,0,57
2173,0,4348821373,4348821355,0,0,17
2175,0,4352825737,4352825681,0,0,55
2176,0,4354829033,4354828979,0,0,53
2178,0,432470734,432470690,0,0,43
2179,0,4360835888,4360835854,0,0,33
2180,0,4362837487,4362837435,0,0,51
2181,0,4364838840,4364838793,0,0,47
2182,0,4366840217,4366840172,0,0,44
2183,0,4368843649,4368843600,0,0,48
2185,0,4372847862,4372847865,0,0,-2
2187,0,4376852782,4376852731,0,0,50
2188,0,4378855608,4378855588,0,0,20
2189,0,4380857575,4380857551,0,0,23
2190,0,4382858157,4382858128,0,0,29
2193,0,4388866903,4388866869,0,0,33
2195,0,4392869919,4392869862,0,0,56
2196,0,4394871231,4394871264,0,0,-32
2198,0,4398876964,4398876977,0,0,-13
2199,0,4400879730,4400879741,0,0,-11
2200,0,4402881623,4402881576,0,0,47
2201,0,4404883595,4404883568,0,0,26
2202,0,4406885899,4406885876,0,0,23
2203,0,4408888617,4408888600,0,0,17
2205,0,4412892157,4412892165,0,0,-8
2207,0,4416897002,4416896945,0,0,57
2208,0,4418899196,4418899199,0,0,-2
2209,0,4420901064,4420901032,0,0,31
2210,0,4422902939,4422902999,0,0,-60
2213,0,4428910217,4428910260,0,0,-42
2215,0,4432915114,4432915094,0,0,20
2216,0,4434916894,4434916871,0,0,22
2218,0,4438920965,4438920946,0,0,18
2219,0,4440923359,4440923386,0,0,-26
2220,0,4442925601,4442925642,0,0,-40
2221,0,4444927854,4444927813,0,0,41
2222,0,4446930665,4446930628,0,0,36
2223,0,4448932539,4448932530,0,0,8
2225,0,4452936737,4452936726,0,0,11
2227,0,4456942490,4456942459,0,0,31
2228,0,4458945166,4458945155,0,0,10
2229,0,4460945935,4460945914,0,0,20
2230,0,4462949705,4462949664,0,0,40
2233,0,4468954651,4468954642,0,0,8
2235,0,4472958968,4472958952,0,0,15
2236,0,4474961534,4474961502,0,0,32
2238,0,4478966331,4478966309,0,0,22
2239,0,4480968214,4480968180,0,0,33
2240,0,4482970348,4482970318,0,0,29
2241,0,4484973236,4484973207,0,0,29
2242,0,4486974959,4486975022,0,0,-62
2243,0,4488977636,4488977599,0,0,37
2245,0,4492981547,4492981532,0,0,15
2247,0,4496985877,4496985833,0,0,43
2248,0,4498987988,4498987984,0,0,4
2249,0,4500990384,4500990360,0,0,23
2250,0,4502992325,4502992296,0,0,29
2253,0,4508998221,4508998285,0,0,-64
2255,0,4513003878,4513003900,0,0,-22
2256,0,4515006038,4515006029,0,0,8
2258,0,4519011618,4519011661,0,0,-42
2259,0,4521012698,4521012675,0,0,23
2260,0,4523014872,4523014857,0,0,15
2261,0,4525017030,4525016984,0,0,45
2262,0,4527019793,4527019734,0,0,59
2263,0,4529021476,4529021438,0,0,38
2265,0,4533027224,4533027193,0,0,31
2267,0,4537029348,4537029326,0,0,22
2268,0,4539032760,4539032753,0,0,6
2269,0,4541035054,4541035004,0,0,50
2270,0,4543037616,4543037581,0,0,35
2273,0,4549043370,4549043325,0,0,44
2275,0,4553048022,4553048000,0,0,22
2276,0,4555050813,4555050860,0,0,-47
2278,0,4559056916,4559056865,0,0,51
2279,0,4561058420,4561058395,0,0,24
2280,0,4563059393,4563059375,0,0,17
2281,0,4565061782,4565061741,0,0,40
2282,0,4567063743,4567063692,0,0,51
2283,0,4569066063,4569066092,0,0,-29
2285,0,4573070448,4573070476,0,0,-28
2287,0,4577074833,4577074859,0,0,-26
2288,0,4579077005,4579076963,0,0,42
2289,0,4581079709,4581079658,0,0,50
2290,0,4583081545,4583081476,0,0,68
2293,0,4589088145,4589088190,0,0,-44
2295,0,4593092782,4593092743,0,0,38
2296,0,4595095148,4595095133,0,0,15
2298,0,4599099438,4599099394,0,0,43
2299,0,4601102024,4601102016,0,0,8
2300,0,4603104052,4603104042,0,0,10
2301,0,4605106555,4605106546,0,0,8
2302,0,4607108527,4607108505,0,0,21
2303,0,4609111397,4609111383,0,0,13
2305,0,4613114725,4613114701,0,0,23
2307,0,4617119112,4617119084,0,0,27
2308,0,4619120458,4619120439,0,0,19
2309,0,4621123685,4621123638,0,0,46
2310,0,4623125819,4623125781,0,0,38
2313,0,4629132687,4629132670,0,0,17
2315,0,4633136960,4633136898,0,0,62
2316,0,4635139314,4635139300,0,0,14
2318,0,4639143879,4639143840,0,0,39
2319,0,4641146095,4641146096,0,0,0
2320,0,4643148319,4643148310,0,0,8
2321,0,4645151008,4645150983,0,0,24
2322,0,4647154181,4647154142,0,0,38
2323,0,4649155514,4649155485,0,0,29
2325,0,4653158357,4653158351,0,0,5
2327,0,4657163802,4657163860,0,0,-57
2328,0,4659168204,4659168240,0,0,-35
2329,0,4661168960,4661168942,0,0,17
2330,0,4663169460,4663169447,0,0,13
2333,0,4669177172,4669177208,0,0,-36
2335,0,4673181174,4673181226,0,0,-51
2336,0,4675182743,4675182732,0,0,11
2338,0,4679188750,4679188742,0,0,8
2339,0,4681191102,4681191084,0,0,17
2340,0,4683194020,4683193982,0,0,38
2341,0,4685194925,4685194892,0,0,32
2342,0,4687197377,4687197328,0,0,48
2343,0,4689200026,4689199979,0,0,47
2345,0,4693202844,4693202833,0,0,10
2347,0,4697208413,4697208361,0,0,52
2348,0,4699210808,4699210779,0,0,29
2349,0,4701212470,4701212440,0,0,30
2350,0,4703214096,4703214042,0,0,54
2353,0,4709222089,4709222062,0,0,26
2355,0,4713226047,4713225981,0,0,66
2356,0,4715228335,4715228377,0,0,-42
2358,0,4719234096,4719234133,0,0,-36
2359,0,4721235267,4721235260,0,0,6
2360,0,4723237386,4723237438,0,0,-51
2361,0,4725239610,4725239572,0,0,38
2362,0,4727241729,4727241687,0,0,41
2363,0,4729244370,4729244319,0,0,51
2365,0,4733248761,4733248750,0,0,11
2367,0,4737252932,4737252897,0,0,34
2368,0,4739254660,4739254626,0,0,33
2369,0,4741256116,4741256091,0,0,24
2370,0,4743259516,4743259499,0,0,17
2373,0,4749266130,4749266092,0,0,38
2375,0,4753270334,4753270303,0,0,31
2376,0,4755272772,4755272764,0,0,8
2378,0,472515008,472515000,0,0,8
2379,0,4761279693,4761279661,0,0,31
2380,0,4763281961,4763281944,0,0,17
2381,0,4765283945,4765283909,0,0,35
2382,0,4767286301,4767286266,0,0,34
2383,0,4769288403,4769288384,0,0,18
2385,0,4773293991,4773293982,0,0,8
2387,0,4777296923,4777296930,0,0,-6
2388,0,4779298991,4779298949,0,0,41
2389,0,4781302144,4781302118,0,0,26
2390,0,4783304235,4783304272,0,0,-36
2393,0,4789310326,4789310354,0,0,-27
2395,0,4793316321,4793316355,0,0,-33
2396,0,4795317133,4795317219,0,0,-85
2398,0,4799322154,4799322096,0,0,58
2399,0,4801323608,4801323564,0,0,44
2400,0,4803325086,4803325076,0,0,10
2401,0,4805328042,4805327988,0,0,53
2402,0,4807329849,4807329811,0,0,37
2403,0,4809333127,4809333159,0,0,-31
2405,0,4813337266,4813337290,0,0,-24
2407,0,4817341769,4817341781,0,0,-11
2408,0,4819344332,4819344395,0,0,-62
2409,0,4821346510,4821346532,0,0,-22
2410,0,4823348622,4823348632,0,0,-9
2413,0,4829356404,4829356422,0,0,-17
2415,0,4833359701,4833359737,0,0,-36
2416,0,4835361943,4835361984,0,0,-41
2418,0,4839366692,4839366737,0,0,-44
2419,0,4841368554,4841368563,0,0,-8
2420,0,4843371083,4843371097,0,0,-14
2421,0,4845373004,4845372985,0,0,18
2422,0,4847375200,4847375166,0,0,33
2423,0,4849377725,4849377671,0,0,53
2425,0,4853381726,4853381719,0,0,7
2427,0,4857386337,4857386300,0,0,37
2428,0,4859390094,4859390065,0,0,29
2429,0,4861390880,4861390852,0,0,27
2430,0,4863393092,4863393053,0,0,39
2433,0,4869399666,4869399605,0,0,60
2435,0,4873404027,4873403977,0,0,50
2436,0,4875406803,4875406777,0,0,26
2438,0,4879411276,4879411258,0,0,17
2439,0,4881413480,4881413452,0,0,28
2440,0,4883415475,4883415459,0,0,15
2441,0,4885417480,4885417461,0,0,18
2442,0,4887419969,4887419952,0,0,17
2443,0,4889422064,4889422032,0,0,31
2445,0,4893426196,4893426187,0,0,8
2447,0,4897431069,4897431056,0,0,12
2448,0,4899433060,4899433112,0,0,-51
2449,0,4901436153,4901436134,0,0,18
2450,0,4903437387,4903437391,0,0,-3
2453,0,4909445265,4909445307,0,0,-42
2455,0,4913448368,4913448409,0,0,-40
2456,0,4915450943,4915450970,0,0,-26
2458,0,4919456586,4919456549,0,0,37
2459,0,4921458780,4921458836,0,0,-56
2460,0,4923460276,4923460267,0,0,9
2461,0,4925462224,4925462195,0,0,29
2462,0,4927464168,4927464143,0,0,24
2463,0,4929466443,4929466411,0,0,32
2465,0,4933471022,4933471031,0,0,-9
2467,0,4937474557,4937474543,0,0,14
2468,0,4939479130,4939479109,0,0,20
2469,0,4941479646,4941479631,0,0,15
2470,0,4943482202,4943482193,0,0,8
2473,0,4949488568,4949488550,0,0,17
2475,0,4953492982,4953493013,0,0,-31
2476,0,4955495415,4955495384,0,0,30
2478,0,4959501566,4959501532,0,0,34
2479,0,4961501826,4961501869,0,0,-42
2480,0,4963504689,4963504761,0,0,-72
2481,0,4965506562,4965506528,0,0,33
2482,0,4967508860,4967508836,0,0,24
2483,0,4969510767,4969510804,0,0,-36
2485,0,4973515404,4973515436,0,0,-32
2487,0,4977519633,4977519618,0,0,15
2488,0,4979522172,4979522141,0,0,30
2489,0,4981524382,4981524359,0,0,23
2490,0,4983526362,4983526325,0,0,36
2493,0,4989533087,4989533082,0,0,5
2495,0,4993537289,4993537271,0,0,17
2496,0,4995540514,4995540494,0,0,20
2498,0,4999544471,4999544451,0,0,20
2499,0,5001546214,5001546193,0,0,20
2500,0,5003548943,5003548905,0,0,38
2501,0,5005551064,5005551118,0,0,-53
2502,0,5007553256,5007553281,0,0,-24
2503,0,5009555330,5009555352,0,0,-22
2505,0,5013559810,5013559881,0,0,-71
2507,0,5017564118,5017564168,0,0,-49
2508,0,5019566457,5019566516,0,0,-58
2509,0,5021567768,5021567803,0,0,-34
2510,0,5023571179,5023571222,0,0,-42
2513,0,5029577514,5029577553,0,0,-39
2515,0,5033581774,5033581721,0,0,53
2516,0,5035584307,5035584280,0,0,26
2518,0,5039589208,5039589243,0,0,-35
2519,0,5041590787,5041590738,0,0,49
2520,0,5043592890,5043592851,0,0,38
2521,0,5045594565,5045594598,0,0,-33
2522,0,5047597514,5047597526,0,0,-11
2523,0,5049600426,5049600391,0,0,35
2525,0,5053604348,5053604322,0,0,25
2527,0,5057608265,5057608228,0,0,36
2528,0,5059611680,5059611666,0,0,13
2529,0,5061613319,5061613281,0,0,37
2530,0,5063615776,5063615730,0,0,46
2533,0,5069622123,5069622096,0,0,26
2535,0,5073626685,5073626656,0,0,29
2536,0,5075628436,5075628379,0,0,57
2538,0,5079633840,5079633831,0,0,8
2539,0,5081635480,5081635449,0,0,31
2540,0,5083637766,5083637777,0,0,-11
2541,0,5085639981,5085639941,0,0,40
2542,0,5087642807,5087642753,0,0,53
2543,0,5089644364,5089644377,0,0,-13
2545,0,5093647742,5093647777,0,0,-34
2547,0,5097652903,5097652919,0,0,-16
2548,0,5099654495,5099654521,0,0,-26
2549,0,5101658469,5101658492,0,0,-22
2550,0,5103660693,5103660619,0,0,74
2553,0,5109666483,5109666420,0,0,62
2555,0,5113670656,5113670609,0,0,47
2556,0,5115672538,5115672507,0,0,30
2558,0,5119677148,5119677123,0,0,24
2559,0,5121680761,5121680723,0,0,37
2560,0,5123682436,5123682388,0,0,48
2561,0,5125684602,5125684557,0,0,44
2562,0,5127686906,5127686847,0,0,58
2563,0,5129689069,5129689031,0,0,38
2565,0,5133693464,5133693417,0,0,47
2567,0,5137697518,5137697470,0,0,47
2568,0,5139700456,5139700417,0,0,39
2569,0,5141702202,5141702155,0,0,46
2570,0,5143704842,5143704777,0,0,65
2573,0,5149711211,5149711179,0,0,31
2575,0,5153715659,5153715601,0,0,58
2576,0,5155718076,5155718049,0,0,26
2578,0,512559724,512559705,0,0,19
2579,0,5161724461,5161724407,0,0,53
2580,0,5163726946,5163726897,0,0,49
2581,0,5165729188,5165729147,0,0,41
2582,0,5167731707,5167731670,0,0,37
2583,0,5169733774,5169733724,0,0,49
2585,0,5173738274,5173738232,0,0,41
2587,0,5177742855,5177742843,0,0,11
2588,0,5179745575,5179745588,0,0,-13
2589,0,5181746934,5181746898,0,0,35
2590,0,5183749022,5183748968,0,0,53
2593,0,5189755471,5189755486,0,0,-14
2595,0,5193760422,5193760413,0,0,8
2596,0,5195765168,5195765179,0,0,-11
2598,0,5199766890,5199766873,0,0,17
2599,0,5201768679,5201768641,0,0,38
2600,0,5203771004,5203770966,0,0,38
2601,0,5205773737,5205773719,0,0,17
2602,0,5207775320,5207775251,0,0,68
2603,0,5209776959,5209776914,0,0,44
2605,0,5213781851,5213781842,0,0,8
2607,0,5217786346,5217786306,0,0,40
2608,0,5219787679,5219787662,0,0,17
2609,0,5221790379,5221790343,0,0,36
2610,0,5223793484,5223793444,0,0,39
2613,0,5229799932,5229799923,0,0,8
2615,0,5233804327,5233804290,0,0,36
2616,0,5235806615,5235806692,0,0,-76
2618,0,5239811411,5239811438,0,0,-27
2619,0,5241814024,5241814009,0,0,14
2620,0,5243815927,5243815903,0,0,23
2621,0,5245818519,5245818485,0,0,33
2622,0,5247819991,5247819985,0,0,5
2623,0,5249822147,5249822127,0,0,20
2625,0,5253827558,5253827542,0,0,15
2627,0,5257831119,5257831114,0,0,4
2628,0,5259834764,5259834759,0,0,5
2629,0,5261836166,5261836148,0,0,17
2630,0,5263837957,5263837921,0,0,35
2633,0,5269843074,5269843056,0,0,17
2635,0,5273848668,5273848677,0,0,-8
2636,0,5275851292,5275851258,0,0,33
2638,0,5279855611,5279855574,0,0,36
2639,0,5281858225,5281858218,0,0,6
2640,0,5283860267,5283860267,0,0,0
2641,0,5285862598,5285862555,0,0,43
2642,0,5287865399,5287865426,0,0,-27
2643,0,5289866721,5289866746,0,0,-24
2645,0,5293871305,5293871348,0,0,-42
2647,0,5297875724,5297875689,0,0,35
2648,0,5299877563,5299877542,0,0,20
2649,0,5301879094,5301879074,0,0,20
2650,0,5303883525,5303883496,0,0,29
2653,0,5309888958,5309888941,0,0,17
2655,0,5313893070,5313893063,0,0,6
2656,0,5315894692,5315894683,0,0,8
2658,0,5319900781,5319900748,0,0,32
2659,0,5321902300,5321902267,0,0,33
2660,0,5323904220,5323904194,0,0,25
2661,0,5325906040,5325906021,0,0,19
2662,0,5327909096,5327909056,0,0,40
2663,0,5329912590,5329912546,0,0,43
2665,0,5333915383,5333915394,0,0,-11
2667,0,5337920218,5337920161,0,0,57
2668,0,5339923412,5339923406,0,0,5
2669,0,5341925022,5341924999,0,0,23
2670,0,5343926927,5343926908,0,0,18
2673,0,5349933803,5349933837,0,0,-33
2675,0,5353937772,5353937824,0,0,-51
2676,0,5355940934,5355940959,0,0,-24
2678,0,5359946047,5359946024,0,0,22
2679,0,5361946894,5361946858,0,0,36
2680,0,5363948704,5363948694,0,0,9
2681,0,5365950191,5365950155,0,0,35
2682,0,5367953941,5367953898,0,0,43
2683,0,5369955866,5369955847,0,0,19
2685,0,5373959767,5373959824,0,0,-56
2687,0,5377965274,5377965262,0,0,11
2688,0,5379965859,5379965849,0,0,10
2689,0,5381968796,5381968775,0,0,20
2690,0,5383970583,5383970530,0,0,53
2693,0,5389978403,5389978384,0,0,18
2695,0,5393982566,5393982528,0,0,37
2696,0,5395984496,5395984539,0,0,-42
2698,0,5399989573,5399989608,0,0,-34
2699,0,5401991460,5401991436,0,0,23
2700,0,5403993178,5403993170,0,0,8
2701,0,5405994754,5405994709,0,0,44
2702,0,5407997894,5407997824,0,0,70
2703,0,5410000701,5410000652,0,0,48
2705,0,5414004685,5414004657,0,0,27
2707,0,5418009013,5418008975,0,0,37
2708,0,5420011503,5420011444,0,0,59
2709,0,5422014051,5422013974,0,0,77
2710,0,5424016085,5424016026,0,0,58
2713,0,5430022642,5430022578,0,0,63
2715,0,5434028060,5434028015,0,0,45
2716,0,5436030152,5436030194,0,0,-41
2718,0,5440033633,5440033564,0,0,68
2719,0,5442035532,5442035505,0,0,26
2720,0,5444037328,5444037318,0,0,10
2721,0,5446040215,5446040168,0,0,46
2722,0,5448042349,5448042289,0,0,59
2723,0,5450044835,5450044782,0,0,52
2725,0,5454048973,5454048955,0,0,18
2727,0,5458053420,5458053384,0,0,35
2728,0,5460057540,5460057530,0,0,9
2729,0,5462057899,5462057851,0,0,47
2730,0,5464060681,5464060638,0,0,43
2733,0,5470066756,5470066696,0,0,59
2735,0,5474071255,5474071200,0,0,55
2736,0,5476074095,5476074053,0,0,41
2738,0,5480078439,5480078408,0,0,31
2739,0,5482080312,5482080257,0,0,55
2740,0,5484082823,5484082809,0,0,13
2741,0,5486085195,5486085134,0,0,60
2742,0,5488088302,5488088266,0,0,35
2743,0,5490089357,5490089370,0,0,-13
2745,0,5494092714,5494092731,0,0,-16
2747,0,5498097663,5498097705,0,0,-42
2748,0,5500099893,5500099884,0,0,8
2749,0,5502102908,5502102866,0,0,42
2750,0,5504104694,5504104715,0,0,-20
2753,0,5510111652,5510111665,0,0,-12
2755,0,5514115934,5514115970,0,0,-35
2756,0,5516118160,5516118184,0,0,-24
2758,0,5520123168,5520123123,0,0,45
2759,0,5522125063,5522125022,0,0,40
2760,0,5524128301,5524128292,0,0,8
2761,0,5526129735,5526129685,0,0,49
2762,0,5528132192,5528132207,0,0,-15
2763,0,5530134180,5530134194,0,0,-13
2765,0,5534138106,5534138150,0,0,-44
2767,0,5538142278,5538142246,0,0,31
2768,0,5540144831,5540144822,0,0,8
2769,0,5542147155,5542147134,0,0,20
2770,0,5544149767,5544149804,0,0,-36
2773,0,5550155537,5550155570,0,0,-33
2775,0,5554160123,5554160160,0,0,-36
2776,0,5556162825,5556162862,0,0,-36
2778,0,552603887,552603863,0,0,24
2779,0,5562169922,5562169948,0,0,-26
2780,0,5564171370,5564171413,0,0,-42
2781,0,5566173598,5566173559,0,0,38
2782,0,5568175986,5568175932,0,0,53
2783,0,5570178179,5570178153,0,0,26
2785,0,5574182225,5574182215,0,0,9
2787,0,5578187248,5578187202,0,0,45
2788,0,5580189293,5580189264,0,0,29
2789,0,5582191465,5582191442,0,0,22
2790,0,5584194205,5584194181,0,0,24
2793,0,5590200276,5590200262,0,0,13
2795,0,5594204510,5594204546,0,0,-36
2796,0,5596207453,5596207433,0,0,20
2798,0,5600211680,5600211649,0,0,31
2799,0,5602213691,5602213670,0,0,20
2800,0,5604216094,5604216089,0,0,5
2801,0,5606218431,5606218420,0,0,11
2802,0,5608220928,5608220905,0,0,23
2803,0,5610222692,5610222671,0,0,21
2805,0,5614226688,5614226644,0,0,43
2807,0,5618231461,5618231426,0,0,35
2808,0,5620234402,5620234364,0,0,37
2809,0,5622236443,5622236403,0,0,40
2810,0,5624238478,5624238489,0,0,-11
2813,0,5630244800,5630244861,0,0,-60
2815,0,5634250289,5634250301,0,0,-11
2816,0,5636251738,5636251779,0,0,-40
2818,0,5640255055,5640255069,0,0,-14
2819,0,5642258074,5642258120,0,0,-46
2820,0,5644260395,5644260390,0,0,4
2821,0,5646262653,5646262639,0,0,14
2822,0,5648265123,5648265085,0,0,38
2823,0,5650267502,5650267478,0,0,23
2825,0,5654271601,5654271575,0,0,25
2827,0,5658276154,5658276157,0,0,-2
2828,0,5660279832,5660279822,0,0,10
2829,0,5662280440,5662280404,0,0,36
2830,0,5664282982,5664283014,0,0,-32
2833,0,5670290549,5670290606,0,0,-56
2835,0,5674293681,5674293725,0,0,-44
2836,0,5676296874,5676296861,0,0,13
2838,0,5680300701,5680300689,0,0,11
2839,0,5682302760,5682302727,0,0,33
2840,0,5684305000,5684304964,0,0,36
2841,0,5686307078,5686307064,0,0,14
2842,0,5688309046,5688309063,0,0,-17
2843,0,5690311184,5690311158,0,0,25
2845,0,5694315692,5694315705,0,0,-13
2847,0,5698320306,5698320287,0,0,18
2848,0,5700322918,5700322878,0,0,40
2849,0,5702324746,5702324737,0,0,8
2850,0,5704327829,5704327848,0,0,-19
2853,0,5710333516,5710333493,0,0,23
2855,0,5714338519,5714338471,0,0,47
2856,0,5716340551,5716340595,0,0,-43
2858,0,5720345366,5720345375,0,0,-8
2859,0,5722347239,5722347226,0,0,13
2860,0,5724349090,5724349071,0,0,18
2861,0,5726350803,5726350763,0,0,40
2862,0,5728354102,5728354033,0,0,69
2863,0,5730356096,5730356020,0,0,75
2865,0,5734360416,5734360449,0,0,-33
2867,0,5738364844,5738364775,0,0,69
2868,0,5740367692,5740367630,0,0,62
2869,0,5742370871,5742370835,0,0,35
2870,0,5744371936,5744371876,0,0,59
2873,0,5750378323,5750378383,0,0,-59
2875,0,5754383224,5754383253,0,0,-29
2876,0,5756384923,5756384907,0,0,15
2878,0,5760391250,5760391208,0,0,41
2879,0,5762392323,5762392286,0,0,36
2880,0,5764394282,5764394245,0,0,36
2881,0,5766396044,5766396029,0,0,15
2882,0,5768398308,5768398266,0,0,42
2883,0,5770400596,5770400570,0,0,25
2885,0,5774404894,5774404856,0,0,37
2887,0,5778409838,5778409800,0,0,38
2888,0,5780412797,5780412777,0,0,20
2889,0,5782413767,5782413743,0,0,23
2890,0,5784416067,5784416020,0,0,47
2893,0,5790422925,5790422889,0,0,35
2895,0,5794426915,5794426886,0,0,29
2896,0,5796429027,5796428995,0,0,31
2898,0,5800434467,5800434435,0,0,32
2899,0,5802436373,5802436333,0,0,39
2900,0,5804438597,5804438581,0,0,15
2901,0,5806440576,5806440516,0,0,59
2902,0,5808443045,5808443002,0,0,42
2903,0,5810445471,5810445413,0,0,58
2905,0,5814448572,5814448548,0,0,23
2907,0,5818453777,5818453766,0,0,11
2908,0,5820456107,5820456096,0,0,11
2909,0,5822458265,5822458242,0,0,23
2910,0,5824460561,5824460522,0,0,38
2913,0,5830466643,5830466637,0,0,6
2915,0,5834471507,5834471516,0,0,-9
2916,0,5836474638,5836474597,0,0,40
2918,0,5840478286,5840478222,0,0,63
2919,0,5842480407,5842480359,0,0,47
2920,0,5844481999,5844481984,0,0,15
2921,0,5846485652,5846485601,0,0,51
2922,0,5848487397,5848487335,0,0,62
2923,0,5850489611,5850489557,0,0,53
2925,0,5854493941,5854493922,0,0,19
2927,0,5858498892,5858498860,0,0,31
2928,0,5860502003,5860501983,0,0,20
2929,0,5862502900,5862502856,0,0,43
2930,0,5864505321,5864505289,0,0,32
2933,0,5870512379,5870512358,0,0,20
2935,0,5874515894,5874515850,0,0,44
2936,0,5876517460,5876517429,0,0,31
2938,0,5880522978,5880522963,0,0,15
2939,0,5882524960,5882524931,0,0,29
2940,0,5884528029,5884528004,0,0,24
2941,0,5886530069,5886530037,0,0,31
2942,0,5888532040,5888531982,0,0,57
2943,0,5890534820,5890534801,0,0,19
2945,0,5894537021,5894536992,0,0,29
2947,0,5898542571,5898542564,0,0,6
2948,0,5900544354,5900544316,0,0,37
2949,0,5902547224,5902547205,0,0,18
2950,0,5904549587,5904549551,0,0,35
2953,0,5910555588,5910555568,0,0,20
2955,0,5914560142,5914560107,0,0,35
2956,0,5916561981,5916561972,0,0,8
2958,0,5920567694,5920567680,0,0,13
2959,0,5922569857,5922569826,0,0,30
2960,0,5924571537,5924571529,0,0,7
2961,0,5926573791,5926573759,0,0,31
2962,0,5928576347,5928576306,0,0,40
2963,0,5930578494,5930578481,0,0,12
2965,0,5934583116,5934583079,0,0,37
2967,0,5938587330,5938587316,0,0,14
2968,0,5940589464,5940589451,0,0,12
2969,0,5942592024,5942591986,0,0,38
2970,0,5944594092,5944594080,0,0,11
2973,0,5950600865,5950600907,0,0,-42
2975,0,5954605298,5954605317,0,0,-18
2976,0,5956607124,5956607115,0,0,8
2978,0,592648523,592648453,0,0,69
2979,0,5962613961,5962613937,0,0,23
2980,0,5964616393,5964616365,0,0,28
2981,0,5966619044,5966619029,0,0,15
2982,0,5968620874,5968620907,0,0,-32
2983,0,5970623078,5970623071,0,0,6
2985,0,5974627777,5974627788,0,0,-11
2987,0,5978631949,5978631918,0,0,31
2988,0,5980634298,5980634324,0,0,-26
2989,0,5982636232,5982636217,0,0,14
2990,0,5984638624,5984638611,0,0,13
2993,0,5990645590,5990645584,0,0,5
2995,0,5994649719,5994649681,0,0,37
2996,0,5996652062,5996652046,0,0,15
2998,0,6000658070,6000658056,0,0,13
2999,0,6002658654,6002658692,0,0,-38
3000,0,6004660555,6004660550,0,0,5
3001,0,6006662120,6006662170,0,0,-50
3002,0,6008665388,6008665348,0,0,40
3003,0,6010667623,6010667612,0,0,11
3005,0,6014671750,6014671761,0,0,-11
3007,0,6018676677,6018676649,0,0,28
3008,0,6020678973,6020678937,0,0,35
3009,0,6022680804,6022680845,0,0,-40
3010,0,6024682956,6024683001,0,0,-44
3013,0,6030689553,6030689535,0,0,17
3015,0,6034694494,6034694475,0,0,19
3016,0,6036697626,6036697688,0,0,-62
3018,0,6040701019,6040700966,0,0,53
3019,0,6042703722,6042703692,0,0,30
3020,0,6044705535,6044705552,0,0,-16
3021,0,6046707619,6046707638,0,0,-19
3022,0,6048710092,6048710015,0,0,76
3023,0,6050712216,6050712139,0,0,77
3025,0,6054716410,6054716328,0,0,81
3027,0,6058720812,6058720753,0,0,58
3028,0,6060725725,6060725764,0,0,-38
3029,0,6062726838,6062726780,0,0,57
3030,0,6064727416,6064727422,0,0,-6
3033,0,6070733095,6070733016,0,0,78
3035,0,6074739501,6074739471,0,0,29
3036,0,6076741975,6076741945,0,0,30
3038,0,6080745418,6080745391,0,0,27
3039,0,6082747845,6082747818,0,0,26
3040,0,6084749486,6084749450,0,0,35
3041,0,6086750795,6086750778,0,0,17
3042,0,6088754324,6088754309,0,0,15
3043,0,6090756612,6090756584,0,0,27
3045,0,6094760802,6094760788,0,0,14
3047,0,6098765480,6098765454,0,0,25
3048,0,6100767234,6100767286,0,0,-51
3049,0,6102769152,6102769107,0,0,45
3050,0,6104772009,6104771977,0,0,31
3053,0,6110778987,6110778997,0,0,-10
3055,0,6114782944,6114782954,0,0,-9
3056,0,6116785336,6116785307,0,0,29
3058,0,6120790346,6120790307,0,0,38
3059,0,6122791888,6122791861,0,0,26
3060,0,6124794333,6124794316,0,0,17
3061,0,6126796722,6126796694,0,0,27
3062,0,6128798998,6128798918,0,0,80
3063,0,6130801321,6130801306,0,0,15
3065,0,6134804280,6134804265,0,0,15
3067,0,6138810585,6138810560,0,0,24
3068,0,6140812946,6140812938,0,0,8
3069,0,6142813886,6142813844,0,0,41
3070,0,6144816411,6144816370,0,0,41
3073,0,6150823272,6150823235,0,0,37
3075,0,6154827024,6154826959,0,0,65
3076,0,6156828986,6156828960,0,0,25
3078,0,6160835773,6160835721,0,0,51
3079,0,6162836555,6162836516,0,0,38
3080,0,6164838481,6164838467,0,0,13
3081,0,6166840078,6166840092,0,0,-13
3082,0,6168843314,6168843297,0,0,17
3083,0,6170845547,6170845513,0,0,33
3085,0,6174849806,6174849788,0,0,18
3087,0,6178854217,6178854169,0,0,48
3088,0,6180856516,6180856548,0,0,-31
3089,0,6182858772,6182858732,0,0,40
3090,0,6184861608,6184861600,0,0,8
3093,0,6190868284,6190868253,0,0,30
3095,0,6194871824,6194871761,0,0,62
3096,0,6196873260,6196873201,0,0,59
3098,0,6200878235,6200878214,0,0,21
3099,0,6202881550,6202881502,0,0,47
3100,0,6204884115,6204884158,0,0,-42
3101,0,6206886287,6206886312,0,0,-24
3102,0,6208887580,6208887575,0,0,5
3103,0,6210890114,6210890062,0,0,52
3105,0,6214895082,6214895055,0,0,26
3107,0,6218899868,6218899811,0,0,56
3108,0,6220901276,6220901241,0,0,35
3109,0,6222903228,6222903199,0,0,29
3110,0,6224905240,6224905253,0,0,-13
3113,0,6230912314,6230912357,0,0,-42
3115,0,6234916707,6234916648,0,0,58
3116,0,6236918826,6236918862,0,0,-36
3118,0,6240923940,6240923903,0,0,37
3119,0,6242925666,6242925627,0,0,38
3120,0,6244927453,6244927435,0,0,18
3121,0,6246928882,6246928836,0,0,45
3122,0,6248932165,6248932105,0,0,59
3123,0,6250934650,6250934626,0,0,23
3125,0,6254940277,6254940231,0,0,45
3127,0,6258943277,6258943311,0,0,-33
3128,0,6260946734,6260946747,0,0,-13
3129,0,6262947763,6262947789,0,0,-26
3130,0,6264950182,6264950176,0,0,6
3133,0,6270956852,6270956912,0,0,-59
3135,0,6274961925,6274961962,0,0,-36
3136,0,6276964036,6276964064,0,0,-27
3138,0,6280967737,6280967755,0,0,-18
3139,0,6282970067,6282970094,0,0,-27
3140,0,6284972711,6284972677,0,0,33
3141,0,6286974604,6286974595,0,0,8
3142,0,6288977430,6288977409,0,0,20
3143,0,6290978683,6290978645,0,0,37
3145,0,6294983292,6294983278,0,0,13
3147,0,6298987727,6298987687,0,0,40
3148,0,6300990643,6300990606,0,0,37
3149,0,6302992683,6302992644,0,0,38
3150,0,6304994423,6304994400,0,0,23
3153,0,6311001477,6311001488,0,0,-11
3155,0,6315005332,6315005289,0,0,42
3156,0,6317008375,6317008366,0,0,8
3158,0,6321012502,6321012483,0,0,19
3159,0,6323014642,6323014604,0,0,37
3160,0,6325016734,6325016706,0,0,27
3161,0,6327019296,6327019330,0,0,-34
3162,0,6329022725,6329022768,0,0,-42
3163,0,6331024689,6331024663,0,0,25
3165,0,6335027723,6335027725,0,0,-2
3167,0,6339032057,6339032023,0,0,33
3168,0,6341034437,6341034418,0,0,18
3169,0,6343036750,6343036775,0,0,-24
3170,0,6345038887,6345038876,0,0,10
3173,0,6351045006,6351044969,0,0,37
3175,0,6355049952,6355049907,0,0,44
3176,0,6357051789,6357051750,0,0,38
3178,0,632693222,632693204,0,0,17
3179,0,6363059112,6363059060,0,0,51
3180,0,6365061208,6365061182,0,0,25
3181,0,6367063507,6367063511,0,0,-4
3182,0,6369066253,6369066245,0,0,7
3183,0,6371068213,6371068193,0,0,20
3185,0,6375072786,6375072777,0,0,8
3187,0,6379076980,6379076973,0,0,7
3188,0,6381078955,6381078946,0,0,8
3189,0,6383081196,6383081182,0,0,13
3190,0,6385083552,6385083528,0,0,24
3193,0,6391089242,6391089226,0,0,15
3195,0,6395094579,6395094548,0,0,31
3196,0,6397096948,6397096941,0,0,6
3198,0,6401101444,6401101458,0,0,-13
3199,0,6403104178,6403104141,0,0,36
3200,0,6405104567,6405104585,0,0,-17
3201,0,6407108377,6407108332,0,0,44
3202,0,6409110736,6409110721,0,0,14
3203,0,6411112440,6411112396,0,0,43
3205,0,6415117134,6415117109,0,0,25
3207,0,6419121265,6419121233,0,0,31
3208,0,6421123551,6421123521,0,0,30
3209,0,6423125421,6423125376,0,0,44
3210,0,6425126967,6425126959,0,0,8
3213,0,6431134577,6431134618,0,0,-40
3215,0,6435138449,6435138460,0,0,-11
3216,0,6437140204,6437140215,0,0,-11
3218,0,6441145600,6441145636,0,0,-36
3219,0,6443147510,6443147519,0,0,-9
3220,0,6445149998,6445150027,0,0,-29
3221,0,6447153467,6447153443,0,0,23
3222,0,6449154799,6449154716,0,0,82
3223,0,6451156972,6451156931,0,0,40
3225,0,6455161492,6455161441,0,0,50
3227,0,6459166038,6459165972,0,0,65
3228,0,6461169596,6461169571,0,0,24
3229,0,6463169966,6463169922,0,0,43
3230,0,6465172263,6465172211,0,0,51
3233,0,6471178967,6471178959,0,0,7
3235,0,6475182937,6475182901,0,0,35
3236,0,6477185514,6477185545,0,0,-31
3238,0,6481190650,6481190625,0,0,24
3239,0,6483192338,6483192278,0,0,59
3240,0,6485194380,6485194339,0,0,40
3241,0,6487196171,6487196131,0,0,40
3242,0,6489199610,6489199542,0,0,67
3243,0,6491201376,6491201339,0,0,37
3245,0,6495205754,6495205725,0,0,29
3247,0,6499210245,6499210217,0,0,27
3248,0,6501212695,6501212674,0,0,20
3249,0,6503215244,6503215197,0,0,47
3250,0,6505217263,6505217233,0,0,30
3253,0,6511225043,6511224335,0,0,707
3255,0,6515228143,6515228113,0,0,30
3256,0,6517229996,6517229989,0,0,6
3258,0,6521234998,6521235021,0,0,-22
3259,0,6523237559,6523237516,0,0,42
3260,0,6525239254,6525239213,0,0,41
3261,0,6527241475,6527241421,0,0,53
3262,0,6529244104,6529244137,0,0,-33
3263,0,6531245568,6531245632,0,0,-64
3265,0,6535250321,6535250298,0,0,23
3267,0,6539254707,6539254696,0,0,10
3268,0,6541256833,6541256806,0,0,27
3269,0,6543259035,6543258991,0,0,43
3270,0,6545261729,6545261705,0,0,23
3273,0,6551268719,6551268734,0,0,-15
3275,0,6555272784,6555272791,0,0,-6
3276,0,6557274443,6557274495,0,0,-51
3278,0,6561280856,6561280914,0,0,-58
3279,0,6563281698,6563281730,0,0,-31
3280,0,6565283793,6565283774,0,0,18
3281,0,6567286025,6567285979,0,0,45
3282,0,6569288040,6569287986,0,0,53
3283,0,6571290503,6571290468,0,0,35
3285,0,6575295243,6575295181,0,0,62
3287,0,6579299179,6579299132,0,0,47
3288,0,6581301615,6581301569,0,0,45
3289,0,6583303698,6583303673,0,0,25
3290,0,6585307219,6585307208,0,0,11
3293,0,6591312957,6591312934,0,0,22
3295,0,6595316102,6595316057,0,0,44
3296,0,6597319209,6597319185,0,0,24
3298,0,6601323943,6601323905,0,0,38
3299,0,6603325546,6603325507,0,0,38
3300,0,6605327085,6605327060,0,0,24
3301,0,6607330087,6607330056,0,0,31
3302,0,6609331610,6609331591,0,0,19
3303,0,6611334867,6611334842,0,0,25
3305,0,6615339121,6615339180,0,0,-58
3307,0,6619343829,6619343839,0,0,-9
3308,0,6621347667,6621347659,0,0,8
3309,0,6623347960,6623347923,0,0,37
3310,0,6625350565,6625350544,0,0,20
3313,0,6631356869,6631356842,0,0,26
3315,0,6635361357,6635361334,0,0,23
3316,0,6637364174,6637364157,0,0,17
3318,0,6641368339,6641368284,0,0,55
3319,0,6643370851,6643370813,0,0,38
3320,0,6645372228,6645372221,0,0,6
3321,0,6647373611,6647373600,0,0,10
3322,0,6649377193,6649377159,0,0,33
3323,0,6651380096,6651380067,0,0,29
3325,0,6655383472,6655383438,0,0,34
3327,0,6659387856,6659387892,0,0,-36
3328,0,6661391378,6661391355,0,0,23
3329,0,6663393247,6663393238,0,0,8
3330,0,6665394662,6665394705,0,0,-42
3333,0,6671401665,6671401687,0,0,-22
3335,0,6675406355,6675406382,0,0,-26
3336,0,6677408367,6677408422,0,0,-54
3338,0,6681413001,6681413064,0,0,-62
3339,0,6683414991,6683414982,0,0,8
3340,0,6685417737,6685417728,0,0,8
3341,0,6687419298,6687419341,0,0,-42
3342,0,6689421861,6689421901,0,0,-40
3343,0,6691424245,6691424224,0,0,20
3345,0,6695429541,6695429523,0,0,17
3347,0,6699433004,6699432993,0,0,11
3348,0,6701434721,6701434696,0,0,25
3349,0,6703437196,6703437188,0,0,7
3350,0,6705439918,6705439912,0,0,5
3353,0,6711445724,6711445678,0,0,45
3355,0,6715450449,6715450400,0,0,49
3356,0,6717453726,6717453702,0,0,24
3358,0,6721457285,6721457296,0,0,-11
3359,0,6723459103,6723459044,0,0,58
3360,0,6725461640,6725461623,0,0,16
3361,0,6727464080,6727464031,0,0,48
3362,0,6729466081,6729466033,0,0,48
3363,0,6731469266,6731469247,0,0,19
3365,0,6735472918,6735472884,0,0,33
3367,0,6739476774,6739476727,0,0,47
3368,0,6741478666,6741478661,0,0,4
3369,0,6743481768,6743481725,0,0,43
3370,0,6745483845,6745483826,0,0,18
3373,0,6751490518,6751490501,0,0,16
3375,0,6755494436,6755494391,0,0,45
3376,0,6757496535,6757496591,0,0,-56
3378,0,672737851,672737811,0,0,40
3379,0,6763504033,6763503999,0,0,34
3380,0,6765506119,6765506083,0,0,35
3381,0,6767508248,6767508213,0,0,35
3382,0,6769511703,6769511698,0,0,5
3383,0,6771513309,6771513263,0,0,45
3385,0,6775517566,6775517608,0,0,-41
3387,0,6779521781,6779521787,0,0,-6
3388,0,6781523597,6781523578,0,0,18
3389,0,6783524948,6783524903,0,0,45
3390,0,6785528273,6785528238,0,0,35
3393,0,6791534915,6791534875,0,0,40
3395,0,6795539498,6795539450,0,0,48
3396,0,6797542056,6797542066,0,0,-9
3398,0,6801546195,6801546170,0,0,24
3399,0,6803548087,6803548100,0,0,-13
3400,0,6805550227,6805550200,0,0,26
3401,0,6807551667,6807551690,0,0,-22
3402,0,6809555044,6809555078,0,0,-34
3403,0,6811557719,6811557736,0,0,-16
3405,0,6815561489,6815561527,0,0,-38
3407,0,6819565779,6819565750,0,0,29
3408,0,6821567268,6821567258,0,0,10
3409,0,6823570557,6823570588,0,0,-31
3410,0,6825573024,6825573016,0,0,8
3413,0,6831579563,6831579553,0,0,9
3415,0,6835584149,6835584117,0,0,31
3416,0,6837586315,6837586280,0,0,34
3418,0,6841591759,6841591831,0,0,-72
3419,0,6843593126,6843593155,0,0,-28
3420,0,6845595926,6845595979,0,0,-52
3421,0,6847597382,6847597360,0,0,22
3422,0,6849599857,6849599847,0,0,9
3423,0,6851602451,6851602478,0,0,-26
3425,0,6855605876,6855605851,0,0,24
3427,0,6859610071,6859610053,0,0,17
3428,0,6861613507,6861613463,0,0,44
3429,0,6863614665,6863614639,0,0,26
3430,0,6865616216,6865616194,0,0,22
3433,0,6871622924,6871622952,0,0,-28
3435,0,6875627146,6875627193,0,0,-47
3436,0,6877631440,6877631402,0,0,37
3438,0,6881635936,6881635898,0,0,37
3439,0,6883636641,6883636615,0,0,25
3440,0,6885639597,6885639667,0,0,-69
3441,0,6887641925,6887641977,0,0,-52
3442,0,6889644062,6889644065,0,0,-3
3443,0,6891646190,6891646240,0,0,-49
3445,0,6895650428,6895650462,0,0,-34
3447,0,6899654906,6899654971,0,0,-65
3448,0,6901656997,6901656957,0,0,40
3449,0,6903658649,6903658608,0,0,40
3450,0,6905661867,6905661809,0,0,58
3453,0,6911668316,6911668298,0,0,17
3455,0,6915672343,6915672328,0,0,14
3456,0,6917674177,6917674143,0,0,33
3458,0,6921679624,6921679583,0,0,40
3459,0,6923682194,6923682164,0,0,30
3460,0,6925683611,6925683587,0,0,24
3461,0,6927685193,6927685164,0,0,29
3462,0,6929688370,6929688346,0,0,23
3463,0,6931690851,6931690842,0,0,9
3465,0,6935694106,6935694094,0,0,11
3467,0,6939699961,6939699939,0,0,21
3468,0,6941702006,6941701979,0,0,26
3469,0,6943704752,6943704692,0,0,60
3470,0,6945706824,6945706777,0,0,47
3473,0,6951712716,6951712694,0,0,22
3475,0,6955717173,6955717155,0,0,17
3476,0,6957719549,6957719550,0,0,-1
3478,0,6961725439,6961725375,0,0,63
3479,0,6963726483,6963726438,0,0,44
3480,0,6965728068,6965728031,0,0,36
3481,0,6967730119,6967730078,0,0,40
3482,0,6969732852,6969732825,0,0,26
3483,0,6971734925,6971734860,0,0,64
3485,0,6975739537,6975739519,0,0,18
3487,0,6979744375,6979744390,0,0,-15
3488,0,6981746802,6981746795,0,0,6
3489,0,6983748595,6983748555,0,0,39
3490,0,6985750773,6985750733,0,0,39
3493,0,6991757047,6991756991,0,0,55
3495,0,6995761567,6995761508,0,0,58
3496,0,6997763781,6997763735,0,0,45
3498,0,7001768633,7001768645,0,0,-12
3499,0,7003770646,7003770599,0,0,47
3500,0,7005772780,7005772766,0,0,13
3501,0,7007775182,7007775171,0,0,10
3502,0,7009777429,7009777388,0,0,40
3503,0,7011780170,7011780160,0,0,9
3505,0,7015784035,7015784047,0,0,-11
3507,0,7019788319,7019788294,0,0,24
3508,0,7021790779,7021790769,0,0,9
3509,0,7023794453,7023794430,0,0,22
3510,0,7025795416,7025795404,0,0,11
3513,0,7031801944,7031801952,0,0,-8
3515,0,7035806786,7035806772,0,0,13
3516,0,7037809068,7037809059,0,0,8
3518,0,7041813227,7041813210,0,0,17
3519,0,7043815166,7043815133,0,0,33
3520,0,7045817811,7045817801,0,0,9
3521,0,7047819960,7047819926,0,0,33
3522,0,7049822087,7049822074,0,0,12
3523,0,7051824192,7051824155,0,0,37
3525,0,7055828636,7055828620,0,0,16
3527,0,7059832395,7059832385,0,0,10
3528,0,7061838374,7061838364,0,0,9
3529,0,7063837053,7063837044,0,0,8
3530,0,7065838894,7065838928,0,0,-33
3533,0,7071846510,7071846577,0,0,-67
3535,0,7075850806,7075850813,0,0,-6
3536,0,7077853164,7077853139,0,0,24
3538,0,7081857673,7081857636,0,0,36
3539,0,7083859528,7083859494,0,0,33
3540,0,7085862123,7085862115,0,0,8
3541,0,7087864317,7087864278,0,0,38
3542,0,7089866559,7089866595,0,0,-35
3543,0,7091868575,7091868563,0,0,11
3545,0,7095874092,7095874033,0,0,58
3547,0,7099877062,7099877038,0,0,23
3548,0,7101879064,7101879038,0,0,25
3549,0,7103882068,7103882027,0,0,40
3550,0,7105884537,7105884498,0,0,39
3553,0,7111891118,7111891086,0,0,31
3555,0,7115895451,7115895404,0,0,46
3556,0,7117897274,7117897236,0,0,38
3558,0,7121902328,7121902289,0,0,38
3559,0,7123904531,7123904491,0,0,40
3560,0,7125906624,7125906665,0,0,-40
3561,0,7127909060,7127909085,0,0,-24
3562,0,7129911330,7129911347,0,0,-16
3563,0,7131913040,7131913013,0,0,27
3565,0,7135916458,7135916440,0,0,17
3567,0,7139921759,7139921715,0,0,44
3568,0,7141923546,7141923560,0,0,-14
3569,0,7143927175,7143927154,0,0,20
3570,0,7145928566,7145928577,0,0,-11
3573,0,7151935423,7151935395,0,0,27
3575,0,7155939569,7155939561,0,0,8
3576,0,7157942004,7157942065,0,0,-60
3578,0,712782129,712782148,0,0,-19
3579,0,7163948821,7163948849,0,0,-28
3580,0,7165950868,7165950853,0,0,15
3581,0,7167952975,7167952939,0,0,35
3582,0,7169955584,7169955533,0,0,51
3583,0,7171958174,7171958128,0,0,46
3585,0,7175960758,7175960720,0,0,38
3587,0,7179966247,7179966270,0,0,-22
3588,0,7181968608,7181968637,0,0,-28
3589,0,7183970930,7183970968,0,0,-37
3590,0,7185972940,7185972896,0,0,43
3593,0,7191979850,7191979836,0,0,13
3595,0,7195984159,7195984214,0,0,-55
3596,0,7197986730,7197986692,0,0,37
3598,0,7201991260,7201991228,0,0,32
3599,0,7203993289,7203993251,0,0,37
3600,0,7205995768,7205995757,0,0,11
3601,0,7207998729,7207998680,0,0,49
3602,0,7209999892,7209999824,0,0,67
3603,0,7212002139,7212002090,0,0,48
3605,0,7216006868,7216006811,0,0,56
3607,0,7220011193,7220011144,0,0,49
3608,0,7222013414,7222013384,0,0,30
3609,0,7224015469,7224015437,0,0,32
3610,0,7226017735,7226017670,0,0,65
3613,0,7232023963,7232023904,0,0,58
3615,0,7236027683,7236027692,0,0,-8
3616,0,7238031320,7238031384,0,0,-64
3618,0,7242034438,7242034476,0,0,-37
3619,0,7244037686,7244037700,0,0,-13
3620,0,7246039856,7246039824,0,0,31
3621,0,7248042258,7248042221,0,0,37
3622,0,7250044870,7250044830,0,0,40
3623,0,7252046615,7252046577,0,0,37
3625,0,7256051017,7256051003,0,0,13
3627,0,7260055758,7260055741,0,0,17
3628,0,7262059183,7262059157,0,0,25
3629,0,7264059622,7264059586,0,0,36
3630,0,7266060819,7266060802,0,0,17
3633,0,7272068829,7272068808,0,0,20
3635,0,7276072849,7276072880,0,0,-31
3636,0,7278074761,7278074767,0,0,-6
3638,0,7282081527,7282081566,0,0,-38
3639,0,7284082365,7284082403,0,0,-38
3640,0,7286084476,7286084431,0,0,44
3641,0,7288086640,7288086601,0,0,39
3642,0,7290089001,7290088972,0,0,29
3643,0,7292091784,7292091820,0,0,-35
3645,0,7296096051,7296096021,0,0,30
3647,0,7300099694,7300099645,0,0,49
3648,0,7302102741,7302102687,0,0,54
3649,0,7304104490,7304104453,0,0,37
3650,0,7306106386,7306106356,0,0,29
3653,0,7312112855,7312112808,0,0,47
3655,0,7316117856,7316117826,0,0,29
3656,0,7318120822,7318120788,0,0,33
3658,0,7322124453,7322124387,0,0,65
3659,0,7324126835,7324126798,0,0,37
3660,0,7326128816,7326128787,0,0,29
3661,0,7328131181,7328131175,0,0,5
3662,0,7330133092,7330133289,0,0,-197
3663,0,7332134791,7332134766,0,0,24
3665,0,7336139195,7336139227,0,0,-31
3667,0,7340144715,7340144707,0,0,7
3668,0,7342146887,7342146877,0,0,10
3669,0,7344149437,7344149429,0,0,7
3670,0,7346151429,7346151422,0,0,6
3673,0,7352156923,7352156881,0,0,41
3675,0,7356162400,7356162357,0,0,43
3676,0,7358165038,7358165047,0,0,-8
3678,0,7362170647,7362170641,0,0,5
3679,0,7364170896,7364170919,0,0,-22
3680,0,7366174003,7366173962,0,0,40
3681,0,7368176141,7368176089,0,0,51
3682,0,7370177967,7370177929,0,0,38
3683,0,7372180231,7372180211,0,0,20
3685,0,7376184747,7376184732,0,0,15
3687,0,7380188731,7380188774,0,0,-42
3688,0,7382191721,7382191736,0,0,-15
3689,0,7384193429,7384193418,0,0,10
3690,0,7386196107,7386196094,0,0,13
3693,0,7392202546,7392202528,0,0,18
3695,0,7396206841,7396206877,0,0,-35
3696,0,7398208617,7398208628,0,0,-11
3698,0,7402213480,7402213489,0,0,-9
3699,0,7404215506,7404215487,0,0,19
3700,0,7406217939,7406217946,0,0,-6
3701,0,7408220431,7408220413,0,0,17
3702,0,7410222454,7410222437,0,0,17
3703,0,7412224542,7412224490,0,0,51
3705,0,7416228772,7416228745,0,0,26
3707,0,7420234035,7420233966,0,0,69
3708,0,7422236167,7422236150,0,0,17
3709,0,7424238626,7424238591,0,0,35
3710,0,7426240881,7426240831,0,0,50
3713,0,7432246981,7432246995,0,0,-14
3715,0,7436251668,7436251649,0,0,18
3716,0,7438253696,7438253713,0,0,-16
3718,0,7442258528,7442258485,0,0,43
3719,0,7444260146,7444260160,0,0,-13
3720,0,7446262789,7446262774,0,0,15
3721,0,7448264855,7448264821,0,0,33
3722,0,7450266795,7450266750,0,0,44
3723,0,7452269020,7452268965,0,0,55
3725,0,7456273714,7456273689,0,0,25
3727,0,7460277865,7460277838,0,0,26
3728,0,7462282726,7462282701,0,0,24
3729,0,7464282482,7464282454,0,0,27
3730,0,7466284377,7466284328,0,0,49
3733,0,7472291532,7472291514,0,0,17
3735,0,7476295552,7476295475,0,0,77
3736,0,7478298247,7478298177,0,0,69
3738,0,7482302898,7482302844,0,0,54
3739,0,7484304895,7484304870,0,0,24
3740,0,7486307095,7486307095,0,0,0
3741,0,7488308837,7488308808,0,0,28
3742,0,7490311276,7490311307,0,0,-31
3743,0,7492313337,7492313380,0,0,-42
3745,0,7496318148,7496318101,0,0,47
3747,0,7500322627,7500322604,0,0,23
3748,0,7502324773,7502324748,0,0,24
3749,0,7504327608,7504327594,0,0,14
3750,0,7506330561,7506330534,0,0,27
3753,0,7512335582,7512335589,0,0,-7
3755,0,7516339780,7516339768,0,0,11
3756,0,7518341516,7518341571,0,0,-54
3758,0,7522347039,7522347074,0,0,-34
3759,0,7524349108,7524349149,0,0,-40
3760,0,7526351467,7526351480,0,0,-13
3761,0,7528353755,7528353716,0,0,38
3762,0,7530355851,7530355872,0,0,-20
3763,0,7532357965,7532357932,0,0,33
3765,0,7536363351,7536363334,0,0,17
3767,0,7540367090,7540367017,0,0,72
3768,0,7542369213,7542369172,0,0,40
3769,0,7544371831,7544371794,0,0,36
3770,0,7546373739,7546373694,0,0,45
3773,0,7552380541,7552380534,0,0,6
3775,0,7556384567,7556384464,0,0,103
3776,0,7558385903,7558385865,0,0,37
3778,0,752826260,752826210,0,0,49
3779,0,7564393820,7564393834,0,0,-14
3780,0,7566396017,7566396049,0,0,-31
3781,0,7568398214,7568398174,0,0,40
3782,0,7570400793,7570400754,0,0,39
3783,0,7572404161,7572404126,0,0,35
3785,0,7576406757,7576406748,0,0,8
3787,0,7580411493,7580411484,0,0,8
3788,0,7582413978,7582413967,0,0,11
3789,0,7584415554,7584415579,0,0,-25
3790,0,7586418476,7586418441,0,0,34
3793,0,7592424982,7592424957,0,0,24
3795,0,7596428995,7596428968,0,0,26
3796,0,7598430485,7598430477,0,0,8
3798,0,7602436094,7602436040,0,0,53
3799,0,7604437862,7604437825,0,0,37
3800,0,7606440247,7606440242,0,0,5
3801,0,7608442441,7608442415,0,0,25
3802,0,7610444944,7610444885,0,0,59
3803,0,7612447229,7612447186,0,0,43
3805,0,7616451318,7616451353,0,0,-35
3807,0,7620455875,7620455842,0,0,33
3808,0,7622458439,7622458425,0,0,13
3809,0,7624460116,7624460078,0,0,38
3810,0,7626462723,7626462700,0,0,23
3813,0,7632469337,7632469303,0,0,33
3815,0,7636473591,7636473640,0,0,-49
3816,0,7638476096,7638476148,0,0,-52
3818,0,7642480452,7642480525,0,0,-72
3819,0,7644482521,7644482560,0,0,-38
3820,0,7646484985,7646484995,0,0,-10
3821,0,7648487074,7648487107,0,0,-33
3822,0,7650489401,7650489382,0,0,19
3823,0,7652491975,7652491955,0,0,19
3825,0,7656496321,7656496283,0,0,37
3827,0,7660501428,7660501394,0,0,33
3828,0,7662503717,7662503709,0,0,8
3829,0,7664504338,7664504319,0,0,18
3830,0,7666505907,7666505871,0,0,35
3833,0,7672513964,7672513932,0,0,31
3835,0,7676517944,7676517923,0,0,20
3836,0,7678521788,7678521841,0,0,-52
3838,0,7682526440,7682526400,0,0,40
3839,0,7684526936,7684526923,0,0,13
3840,0,7686529226,7686529201,0,0,24
3841,0,7688531945,7688531923,0,0,22
3842,0,7690533875,7690533834,0,0,40
3843,0,7692536134,7692536099,0,0,34
3845,0,7696540109,7696540157,0,0,-47
3847,0,7700544880,7700544867,0,0,13
3848,0,7702547371,7702547349,0,0,22
3849,0,7704549220,7704549206,0,0,13
3850,0,7706552024,7706552000,0,0,24
3853,0,7712558174,7712558165,0,0,8
3855,0,7716562489,7716562468,0,0,20
3856,0,7718565231,7718565254,0,0,-22
3858,0,7722570797,7722570832,0,0,-34
3859,0,7724571465,7724571501,0,0,-36
3860,0,7726573844,7726573860,0,0,-16
3861,0,7728576777,7728576757,0,0,20
3862,0,7730579242,7730579225,0,0,17
3863,0,7732580714,7732580757,0,0,-42
3865,0,7736585080,7736585112,0,0,-31
3867,0,7740589026,7740588986,0,0,40
3868,0,7742591641,7742591698,0,0,-56
3869,0,7744594180,7744594163,0,0,17
3870,0,7746596314,7746596289,0,0,24
3873,0,7752602701,7752602687,0,0,13
3875,0,7756605896,7756605916,0,0,-20
3876,0,7758609876,7758609839,0,0,37
3878,0,7762615286,7762615213,0,0,73
3879,0,7764616078,7764616040,0,0,37
3880,0,7766618372,7766618330,0,0,41
3881,0,7768620487,7768620478,0,0,8
3882,0,7770622334,7770622287,0,0,47
3883,0,7772623622,7772623582,0,0,39
3885,0,7776629298,7776629283,0,0,15
3887,0,7780633915,7780633906,0,0,8
3888,0,7782635888,7782635883,0,0,4
3889,0,7784638472,7784638447,0,0,25
3890,0,7786640594,7786640622,0,0,-28
3893,0,7792647200,7792647257,0,0,-56
3895,0,7796651135,7796651110,0,0,25
3896,0,7798652669,7798652640,0,0,29
3898,0,7802658105,7802658085,0,0,20
3899,0,7804660907,7804660874,0,0,32
3900,0,7806662669,7806662654,0,0,14
3901,0,7808664870,7808664824,0,0,45
3902,0,7810667017,7810667050,0,0,-32
3903,0,7812669511,7812669476,0,0,35
3905,0,7816673660,7816673629,0,0,30
3907,0,7820678409,7820678420,0,0,-11
3908,0,7822680709,7822680660,0,0,49
3909,0,7824682831,7824682784,0,0,46
3910,0,7826685147,7826685097,0,0,49
3913,0,7832692057,7832692069,0,0,-11
3915,0,7836695919,7836695824,0,0,94
3916,0,7838698548,7838698526,0,0,21
3918,0,7842702718,7842702673,0,0,44
3919,0,7844705137,7844705067,0,0,69
3920,0,7846707123,7846707116,0,0,6
3921,0,7848709316,7848709262,0,0,53
3922,0,7850711480,7850711467,0,0,12
3923,0,7852713694,7852713707,0,0,-13
3925,0,7856718060,7856718025,0,0,35
3927,0,7860722459,7860722382,0,0,77
3928,0,7862725265,7862725209,0,0,56
3929,0,7864727604,7864727582,0,0,22
3930,0,7866730879,7866730874,0,0,5
3933,0,7872736005,7872735988,0,0,17
3935,0,7876740714,7876740662,0,0,51
3936,0,7878742614,7878742575,0,0,38
3938,0,7882747719,7882747748,0,0,-29
3939,0,7884749733,7884749746,0,0,-13
3940,0,7886751656,7886751624,0,0,31
3941,0,7888753899,7888753855,0,0,44
3942,0,7890756665,7890756605,0,0,59
3943,0,7892758451,7892758411,0,0,39
3945,0,7896762644,7896762595,0,0,49
3947,0,7900767234,7900767197,0,0,37
3948,0,7902769510,7902769497,0,0,13
3949,0,7904772112,7904772074,0,0,38
3950,0,7906773838,7906773831,0,0,6
3953,0,7912781123,7912781054,0,0,69
3955,0,7916784995,7916784982,0,0,13
3956,0,7918787604,7918787570,0,0,33
3958,0,7922792174,7922792135,0,0,38
3959,0,7924793654,7924793610,0,0,44
3960,0,7926795517,7926795501,0,0,15
3961,0,7928798903,7928798878,0,0,24
3962,0,7930800986,7930800949,0,0,37
3963,0,7932803247,7932803231,0,0,15
3965,0,7936807233,7936807204,0,0,29
3967,0,7940810546,7940810489,0,0,57
3968,0,7942813784,7942813755,0,0,29
3969,0,7944816294,7944816312,0,0,-17
3970,0,7946818474,7946818450,0,0,23
3973,0,7952824449,7952824420,0,0,28
3975,0,7956829790,7956829764,0,0,26
3976,0,7958831723,7958831716,0,0,6
3978,0,792871011,792870966,0,0,44
3979,0,7964838817,7964838786,0,0,31
3980,0,7966840657,7966840684,0,0,-26
3981,0,7968842627,7968842593,0,0,33
3982,0,7970844965,7970844940,0,0,24
3983,0,7972847790,7972847816,0,0,-26
3985,0,7976851939,7976851950,0,0,-11
3987,0,7980856157,7980856173,0,0,-16
3988,0,7982858289,7982858317,0,0,-27
3989,0,7984860663,7984860710,0,0,-47
3990,0,7986863076,7986863069,0,0,6
3993,0,7992868338,7992868317,0,0,20
3995,0,7996874336,7996874346,0,0,-10
3996,0,7998876244,7998876238,0,0,6
3998,0,8002880761,8002880793,0,0,-31
3999,0,8004882856,8004882902,0,0,-46
4000,0,8006885422,8006885415,0,0,6
4001,0,8008887697,8008887676,0,0,20
4002,0,8010889777,8010889772,0,0,5
4003,0,8012893188,8012893222,0,0,-33
4005,0,8016896413,8016896379,0,0,33
4007,0,8020901352,8020901406,0,0,-54
4008,0,8022903209,8022903261,0,0,-51
4009,0,8024905099,8024905129,0,0,-29
4010,0,8026907484,8026907527,0,0,-42
4013,0,8032913991,8032913986,0,0,4
4015,0,8036918341,8036918331,0,0,9
4016,0,8038920637,8038920618,0,0,18
4018,0,8042925204,8042925231,0,0,-26
4019,0,8044927667,8044927642,0,0,24
4020,0,8046929955,8046929937,0,0,17
4021,0,8048932287,8048932274,0,0,12
4022,0,8050935005,8050934974,0,0,31
4023,0,8052936523,8052936555,0,0,-31
4025,0,8056940493,8056940553,0,0,-60
4027,0,8060945182,8060945138,0,0,44
4028,0,8062949697,8062949703,0,0,-5
4029,0,8064950574,8064950537,0,0,37
4030,0,8066952233,8066952168,0,0,65
4033,0,8072959278,8072959240,0,0,38
4035,0,8076962482,8076962474,0,0,8
4036,0,8078963899,8078963934,0,0,-34
4038,0,8082970031,8082970056,0,0,-24
4039,0,8084971725,8084971696,0,0,29
4040,0,8086974490,8086974496,0,0,-6
4041,0,8088976510,8088976473,0,0,36
4042,0,8090978716,8090978709,0,0,6
4043,0,8092980741,8092980710,0,0,31
4045,0,8096985038,8096985024,0,0,13
4047,0,8100990226,8100990240,0,0,-13
4048,0,8102991999,8102991981,0,0,17
4049,0,8104993777,8104993750,0,0,27
4050,0,8106995491,8106995446,0,0,44
4053,0,8113003561,8113003614,0,0,-52
4055,0,8117007964,8117008000,0,0,-36
4056,0,8119009505,8119009532,0,0,-26
4058,0,8123014122,8123014114,0,0,8
4059,0,8125016482,8125016431,0,0,51
4060,0,8127018936,8127018899,0,0,36
4061,0,8129020725,8129020694,0,0,31
4062,0,8131023154,8131023073,0,0,80
4063,0,8133025067,8133025020,0,0,47
4065,0,8137029445,8137029409,0,0,35
4067,0,8141033928,8141033903,0,0,24
4068,0,8143036487,8143036431,0,0,56
4069,0,8145038342,8145038287,0,0,55
4070,0,8147040189,8147040200,0,0,-10
4073,0,8153046270,8153046278,0,0,-8
4075,0,8157051905,8157051840,0,0,64
4076,0,8159054518,8159054456,0,0,61
4078,0,8163059458,8163059478,0,0,-20
4079,0,8165060732,8165060704,0,0,28
4080,0,8167062209,8167062199,0,0,10
4081,0,8169065462,8169065469,0,0,-6
4082,0,8171067569,8171067611,0,0,-42
4083,0,8173070113,8173070152,0,0,-39
4085,0,8177074339,8177074348,0,0,-8
4087,0,8181078334,8181078274,0,0,59
4088,0,8183079808,8183079757,0,0,51
4089,0,8185083176,8185083132,0,0,43
4090,0,8187085268,8187085204,0,0,64
4093,0,8193091864,8193091903,0,0,-39
4095,0,8197096404,8197096407,0,0,-3
4096,0,8199098143,8199098092,0,0,51
4098,0,8203103516,8203103473,0,0,43
4099,0,8205105269,8205105214,0,0,55
4100,0,8207107253,8207107225,0,0,27
4101,0,8209108893,8209108835,0,0,57
4102,0,8211112015,8211111946,0,0,69
4103,0,8213113895,8213113846,0,0,49
4105,0,8217117746,8217117721,0,0,24
4107,0,8221122847,8221122802,0,0,44
4108,0,8223124665,8223124634,0,0,31
4109,0,8225127441,8225127420,0,0,20
4110,0,8227129894,8227129877,0,0,17
4113,0,8233136923,8233136901,0,0,22
4115,0,8237141147,8237141169,0,0,-22
4116,0,8239142770,8239142783,0,0,-13
4118,0,8243147979,8243147972,0,0,7
4119,0,8245149748,8245149710,0,0,38
4120,0,8247152024,8247151983,0,0,41
4121,0,8249154670,8249154689,0,0,-18
4122,0,8251156433,8251156459,0,0,-26
4123,0,8253158941,8253158963,0,0,-21
4125,0,8257163370,8257163355,0,0,15
4127,0,8261167641,8261167581,0,0,60
4128,0,8263170773,8263170761,0,0,11
4129,0,8265171227,8265171179,0,0,47
4130,0,8267175380,8267175353,0,0,26
4133,0,8273181184,8273181159,0,0,24
4135,0,8277185310,8277185282,0,0,27
4136,0,8279187405,8279187382,0,0,23
4138,0,8283192725,8283192687,0,0,37
4139,0,8285194752,8285194720,0,0,32
4140,0,8287196643,8287196706,0,0,-62
4141,0,8289198804,8289198842,0,0,-38
4142,0,8291201266,8291201307,0,0,-40
4143,0,8293203195,8293203224,0,0,-29
4145,0,8297206710,8297206683,0,0,26
4147,0,8301211527,8301211533,0,0,-6
4148,0,8303213231,8303213222,0,0,8
4149,0,8305216420,8305216395,0,0,25
4150,0,8307218653,8307218686,0,0,-33
4153,0,8313225737,8313225718,0,0,18
4155,0,8317230244,8317230216,0,0,28
4156,0,8319232411,8319232379,0,0,31
4158,0,8323236647,8323236624,0,0,23
4159,0,8325239081,8325239110,0,0,-29
4160,0,8327240369,8327240341,0,0,27
4161,0,8329242417,8329242391,0,0,25
4162,0,8331245724,8331245691,0,0,33
4163,0,8333248101,8333248083,0,0,18
4165,0,8337251091,8337251044,0,0,47
4167,0,8341257448,8341257424,0,0,23
4168,0,8343259128,8343259091,0,0,37
4169,0,8345261427,8345261368,0,0,59
4170,0,8347263152,8347263123,0,0,28
4173,0,8353270035,8353270020,0,0,14
4175,0,8357274324,8357274310,0,0,14
4176,0,8359276263,8359276246,0,0,17
4178,0,832915088,832915125,0,0,-36
4179,0,8365283653,8365283621,0,0,31
4180,0,8367286395,8367286447,0,0,-51
4181,0,8369288252,8369288277,0,0,-24
4182,0,8371290328,8371290344,0,0,-16
4183,0,8373292177,8373292141,0,0,35
4185,0,8377297945,8377297917,0,0,27
4187,0,8381301901,8381301887,0,0,13
4188,0,8383304688,8383304681,0,0,6
4189,0,8385306100,8385306083,0,0,17
4190,0,8387307880,8387307849,0,0,31
4193,0,8393314487,8393314479,0,0,7
4195,0,8397318370,8397318342,0,0,27
4196,0,8399319791,8399319757,0,0,33
4198,0,8403325477,8403325450,0,0,26
4199,0,8405328738,8405328763,0,0,-24
4200,0,8407329940,8407329957,0,0,-16
4201,0,8409332341,8409332307,0,0,33
4202,0,8411334685,8411334651,0,0,34
4203,0,8413336585,8413336611,0,0,-26
4205,0,8417340168,8417340160,0,0,8
4207,0,8421345534,8421345528,0,0,6
4208,0,8423347619,8423347608,0,0,10
4209,0,8425350352,8425350343,0,0,8
4210,0,8427352413,8427352444,0,0,-31
4213,0,8433360860,8433360844,0,0,16
4215,0,8437363047,8437363038,0,0,8
4216,0,8439365556,8439365537,0,0,19
4218,0,8443369382,8443369352,0,0,29
4219,0,8445372510,8445372471,0,0,38
4220,0,8447374679,8447374666,0,0,13
4221,0,8449376831,8449376782,0,0,49
4222,0,8451380601,8451380534,0,0,67
4223,0,8453381595,8453381567,0,0,27
4225,0,8457386204,8457386238,0,0,-34
4227,0,8461389783,8461389800,0,0,-17
4228,0,8463392676,8463392692,0,0,-15
4229,0,8465394568,8465394588,0,0,-19
4230,0,8467396562,8467396586,0,0,-24
4233,0,8473403329,8473403289,0,0,39
4235,0,8477408313,8477408305,0,0,8
4236,0,8479410084,8479410040,0,0,43
4238,0,8483414685,8483414720,0,0,-34
4239,0,8485416714,8485416689,0,0,24
4240,0,8487418838,8487418830,0,0,8
4241,0,8489421801,8489421770,0,0,30
4242,0,8491424262,8491424211,0,0,51
4243,0,8493426894,8493426873,0,0,21
4245,0,8497430254,8497430207,0,0,47
4247,0,8501434477,8501434431,0,0,45
4248,0,8503437094,8503437066,0,0,27
4249,0,8505438802,8505438832,0,0,-29
4250,0,8507441474,8507441503,0,0,-28
4253,0,8513447639,8513447678,0,0,-39
4255,0,8517452802,8517452757,0,0,44
4256,0,8519454392,8519454351,0,0,40
4258,0,8523459669,8523459632,0,0,37
4259,0,8525462213,8525462175,0,0,38
4260,0,8527462643,8527462604,0,0,39
4261,0,8529465964,8529465927,0,0,37
4262,0,8531467824,8531467774,0,0,49
4263,0,8533470469,8533470420,0,0,49
4265,0,8537473284,8537473249,0,0,35
4267,0,8541478963,8541478953,0,0,9
4268,0,8543481995,8543482038,0,0,-42
4269,0,8545483923,8545483948,0,0,-25
4270,0,8547485659,8547485686,0,0,-26
4273,0,8553492946,8553492995,0,0,-49
4275,0,8557496660,8557496683,0,0,-22
4276,0,8559498734,8559498695,0,0,38
4278,0,8563506109,8563506097,0,0,11
4279,0,8565505627,8565505600,0,0,26
4280,0,8567507922,8567507856,0,0,65
4281,0,8569510288,8569510224,0,0,64
4282,0,8571512382,8571512345,0,0,37
4283,0,8573514996,8573515019,0,0,-22
4285,0,8577519687,8577519658,0,0,29
4287,0,8581523431,8581523375,0,0,56
4288,0,8583525340,8583525287,0,0,53
4289,0,8585526680,8585526636,0,0,43
4290,0,8587529162,8587529132,0,0,30
4293,0,8593535789,8593535744,0,0,44
4295,0,8597540042,8597539998,0,0,44
4296,0,8599543620,8599543602,0,0,17
4298,0,8603548094,8603548069,0,0,24
4299,0,8605550475,8605550436,0,0,38
4300,0,8607552573,8607552558,0,0,14
4301,0,8609554608,8609554591,0,0,17
4302,0,8611556957,8611556938,0,0,18
4303,0,8613559060,8613559025,0,0,35
4305,0,8617563838,8617563823,0,0,15
4307,0,8621567817,8621567826,0,0,-9
4308,0,8623569690,8623569681,0,0,8
4309,0,8625571991,8625571975,0,0,15
4310,0,8627573651,8627573628,0,0,22
4313,0,8633582707,8633582683,0,0,24
4315,0,8637585298,8637585262,0,0,35
4316,0,8639587049,8639587037,0,0,11
4318,0,8643591501,8643591507,0,0,-6
4319,0,8645594558,8645594587,0,0,-29
4320,0,8647595847,8647595831,0,0,15
4321,0,8649599346,8649599324,0,0,21
4322,0,8651601565,8651601524,0,0,40
4323,0,8653603916,8653603905,0,0,11
4325,0,8657607656,8657607683,0,0,-26
4327,0,8661612631,8661612609,0,0,21
4328,0,8663615737,8663615783,0,0,-46
4329,0,8665616760,8665616729,0,0,31
4330,0,8667619074,8667619035,0,0,38
4333,0,8673625795,8673625770,0,0,25
4335,0,8677630035,8677630066,0,0,-31
4336,0,8679632608,8679632640,0,0,-31
4338,0,8683637023,8683636993,0,0,29
4339,0,8685638982,8685638963,0,0,19
4340,0,8687641967,8687641946,0,0,20
4341,0,8689643584,8689643561,0,0,23
4342,0,8691646029,8691645995,0,0,33
4343,0,8693648283,8693648253,0,0,30
4345,0,8697652629,8697652605,0,0,23
4347,0,8701657752,8701657714,0,0,38
4348,0,8703660704,8703660677,0,0,26
4349,0,8705661846,8705661831,0,0,14
4350,0,8707664242,8707664278,0,0,-35
4353,0,8713670764,8713670806,0,0,-42
4355,0,8717674388,8717674417,0,0,-28
4356,0,8719676230,8719676198,0,0,31
4358,0,8723682262,8723682247,0,0,15
4359,0,8725683537,8725683513,0,0,23
4360,0,8727686262,8727686249,0,0,13
4361,0,8729688267,8729688235,0,0,31
4362,0,8731690691,8731690644,0,0,47
4363,0,8733692574,8733692552,0,0,21
4365,0,8737697250,8737697216,0,0,33
4367,0,8741701367,8741701409,0,0,-42
4368,0,8743703609,8743703623,0,0,-13
4369,0,8745705759,8745705748,0,0,10
4370,0,8747708588,8747708576,0,0,11
4373,0,8753714063,8753714073,0,0,-9
4375,0,8757719182,8757719215,0,0,-33
4376,0,8759721467,8759721450,0,0,17
4378,0,872960111,872960095,0,0,15
4379,0,8765728579,8765728552,0,0,26
4380,0,8767730620,8767730602,0,0,17
4381,0,8769733869,8769733847,0,0,22
4382,0,8771735934,8771735907,0,0,26
4383,0,8773737359,8773737329,0,0,30
4385,0,8777741324,8777741281,0,0,42
4387,0,8781747027,8781746952,0,0,75
4388,0,8783748200,8783748139,0,0,60
4389,0,8785750247,8785750196,0,0,51
4390,0,8787752768,8787752705,0,0,63
4393,0,8793759251,8793759233,0,0,17
4395,0,8797764187,8797764121,0,0,66
4396,0,8799766017,8799766050,0,0,-32
4398,0,8803771155,8803771195,0,0,-40
4399,0,8805772699,8805772722,0,0,-22
4400,0,8807774700,8807774691,0,0,8
4401,0,8809776955,8809776910,0,0,45
4402,0,8811780232,8811780152,0,0,79
4403,0,8813782637,8813782589,0,0,47
4405,0,8817786424,8817786415,0,0,8
4407,0,8821791146,8821791125,0,0,21
4408,0,8823792724,8823792701,0,0,23
4409,0,8825794948,8825794988,0,0,-39
4410,0,8827796955,8827796961,0,0,-6
4413,0,8833803812,8833803806,0,0,5
4415,0,8837807194,8837807189,0,0,4
4416,0,8839810247,8839810222,0,0,25
4418,0,8843815170,8843815126,0,0,43
4419,0,8845817167,8845817121,0,0,45
4420,0,8847819440,8847819394,0,0,45
4421,0,8849821200,8849821157,0,0,43
4422,0,8851823626,8851823609,0,0,16
4423,0,8853826897,8853826863,0,0,33
4425,0,8857830510,8857830479,0,0,31
4427,0,8861834887,8861834833,0,0,53
4428,0,8863838794,8863838770,0,0,24
4429,0,8865839411,8865839375,0,0,35
4430,0,8867841645,8867841606,0,0,38
4433,0,8873847009,8873846995,0,0,14
4435,0,8877852269,8877852238,0,0,31
4436,0,8879854213,8879854261,0,0,-48
4438,0,8883859919,8883859959,0,0,-40
4439,0,8885861662,8885861670,0,0,-8
4440,0,8887863629,8887863584,0,0,44
4441,0,8889865508,8889865472,0,0,35
4442,0,8891869420,8891869376,0,0,43
4443,0,8893871671,8893871635,0,0,35
4445,0,8897875214,8897875202,0,0,11
4447,0,8901879375,8901879348,0,0,27
4448,0,8903881134,8903881176,0,0,-42
4449,0,8905882793,8905882820,0,0,-26
4450,0,8907885968,8907885952,0,0,15
4453,0,8913891946,8913891880,0,0,65
4455,0,8917897949,8917897901,0,0,47
4456,0,8919900010,8919899988,0,0,22
4458,0,8923903838,8923903797,0,0,40
4459,0,8925906375,8925906339,0,0,35
4460,0,8927908976,8927908910,0,0,65
4461,0,8929909685,8929909629,0,0,55
4462,0,8931912618,8931912591,0,0,27
4463,0,8933915526,8933915484,0,0,42
4465,0,8937918516,8937918471,0,0,44
4467,0,8941924265,8941924215,0,0,49
4468,0,8943926191,8943926127,0,0,63
4469,0,8945928764,8945928705,0,0,58
4470,0,8947931096,8947931060,0,0,35
4473,0,8953937449,8953937412,0,0,36
4475,0,8957941483,8957941441,0,0,41
4476,0,8959944463,8959944415,0,0,47
4478,0,8963950546,8963950582,0,0,-36
4479,0,8965950528,8965950490,0,0,38
4480,0,8967953010,8967952961,0,0,48
4481,0,8969954972,8969954923,0,0,49
4482,0,8971957566,8971957520,0,0,45
4483,0,8973959760,8973959743,0,0,17
4485,0,8977964036,8977963999,0,0,37
4487,0,8981968253,8981968224,0,0,29
4488,0,8983970471,8983970458,0,0,13
4489,0,8985972993,8985972968,0,0,25
4490,0,8987975054,8987975020,0,0,34
4493,0,8993982004,8993981995,0,0,8
4495,0,8997985905,8997985867,0,0,38
4496,0,8999988033,8999988059,0,0,-26
4498,0,9003992740,9003992692,0,0,48
4499,0,9005994948,9005994927,0,0,20
4500,0,9007997564,9007997579,0,0,-15
4501,0,9009999394,9009999361,0,0,33
4502,0,9012001624,9012001579,0,0,44
4503,0,9014003883,9014003840,0,0,43
4505,0,9018008087,9018008063,0,0,23
4507,0,9022013260,9022013221,0,0,38
4508,0,9024015417,9024015408,0,0,8
4509,0,9026016903,9026016865,0,0,38
4510,0,9028018505,9028018456,0,0,49
4513,0,9034026134,9034026123,0,0,10
4515,0,9038031418,9038031441,0,0,-22
4516,0,9040033031,9040033020,0,0,11
4518,0,9044037910,9044037903,0,0,6
4519,0,9046039574,9046039620,0,0,-45
4520,0,9048041514,9048041506,0,0,8
4521,0,9050042810,9050042792,0,0,17
4522,0,9052046402,9052046372,0,0,29
4523,0,9054048440,9054048424,0,0,15
4525,0,9058051922,9058051896,0,0,26
4527,0,9062057184,9062057170,0,0,13
4528,0,9064060634,9064060677,0,0,-42
4529,0,9066061433,9066061496,0,0,-62
4530,0,9068063132,9068063152,0,0,-19
4533,0,9074072257,9074072247,0,0,10
4535,0,9078074103,9078074146,0,0,-42
4536,0,9080077323,9080077341,0,0,-17
4538,0,9084080777,9084080749,0,0,28
4539,0,9086084814,9086084779,0,0,35
4540,0,9088087361,9088087356,0,0,5
4541,0,9090088348,9090088289,0,0,58
4542,0,9092090750,9092090662,0,0,87
4543,0,9094093073,9094093033,0,0,39
4545,0,9098096216,9098096208,0,0,8
4547,0,9102101451,9102101442,0,0,8
4548,0,9104103186,9104103171,0,0,15
4549,0,9106106096,9106106074,0,0,22
4550,0,9108108767,9108108748,0,0,19
4553,0,9114115032,9114115006,0,0,26
4555,0,9118119713,9118119740,0,0,-26
4556,0,9120121853,9120121864,0,0,-11
4558,0,9124126396,9124126433,0,0,-36
4559,0,9126128548,9126128583,0,0,-34
4560,0,9128130625,9128130687,0,0,-61
4561,0,9130133067,9130133023,0,0,44
4562,0,9132135245,9132135277,0,0,-31
4563,0,9134137415,9134137443,0,0,-28
4565,0,9138142128,9138142135,0,0,-7
4567,0,9142146041,9142146057,0,0,-15
4568,0,9144148724,9144148693,0,0,31
4569,0,9146152278,9146152256,0,0,22
4570,0,9148153096,9148153124,0,0,-27
4573,0,9154160162,9154160219,0,0,-56
4575,0,9158163875,9158163898,0,0,-23
4576,0,9160166402,9160166356,0,0,45
4578,0,913004745,913004738,0,0,6
4579,0,9166173153,9166173112,0,0,40
4580,0,9168175622,9168175582,0,0,40
4581,0,9170177555,9170177499,0,0,55
4582,0,9172179926,9172179884,0,0,42
4583,0,9174182613,9174182572,0,0,41
4585,0,9178186539,9178186481,0,0,57
4587,0,9182190790,9182190701,0,0,89
4588,0,9184192681,9184192647,0,0,33
4589,0,9186194157,9186194119,0,0,38
4590,0,9188197432,9188197457,0,0,-24
4593,0,9194203166,9194203151,0,0,14
4595,0,9198208461,9198208422,0,0,38
4596,0,9200210951,9200210944,0,0,6
4598,0,9204215330,9204215317,0,0,13
4599,0,9206217627,9206217586,0,0,41
4600,0,9208219734,9208219785,0,0,-50
4601,0,9210221909,9210221935,0,0,-26
4602,0,9212224404,9212224386,0,0,17
4603,0,9214226883,9214226836,0,0,47
4605,0,9218230740,9218230742,0,0,-2
4607,0,9222235633,9222235628,0,0,5
4608,0,9224237306,9224237283,0,0,23
4609,0,9226238346,9226238314,0,0,32
4610,0,9228241314,9228241277,0,0,37
4613,0,9234248728,9234248671,0,0,56
4615,0,9238251941,9238251927,0,0,13
4616,0,9240255453,9240255445,0,0,8
4618,0,9244260098,9244260078,0,0,20
4619,0,9246261966,9246261934,0,0,31
4620,0,9248264491,9248264442,0,0,48
4621,0,9250266550,9250266516,0,0,33
4622,0,9252268916,9252268859,0,0,57
4623,0,9254271283,9254271224,0,0,58
4625,0,9258274989,9258274982,0,0,7
4627,0,9262279408,9262279372,0,0,36
4628,0,9264282605,9264282596,0,0,8
4629,0,9266284462,9266284417,0,0,44
4630,0,9268286678,9268286648,0,0,30
4633,0,9274292881,9274292923,0,0,-41
4635,0,9278297336,9278297311,0,0,24
4636,0,9280301041,9280301064,0,0,-22
4638,0,9284304288,9284304259,0,0,29
4639,0,9286306198,9286306168,0,0,30
4640,0,9288307676,9288307681,0,0,-5
4641,0,9290311388,9290311361,0,0,26
4642,0,9292313488,9292313432,0,0,56
4643,0,9294316528,9294316489,0,0,38
4645,0,9298319732,9298319691,0,0,41
4647,0,9302324229,9302324200,0,0,29
4648,0,9304326939,9304326950,0,0,-11
4649,0,9306328878,9306328842,0,0,36
4650,0,9308331013,9308330953,0,0,60
4653,0,9314337557,9314337523,0,0,33
4655,0,9318342077,9318342026,0,0,51
4656,0,9320344276,9320344250,0,0,25
4658,0,9324348934,9324348975,0,0,-40
4659,0,9326350898,9326350923,0,0,-24
4660,0,9328353323,9328353359,0,0,-36
4661,0,9330356486,9330356512,0,0,-25
4662,0,9332357669,9332357716,0,0,-46
4663,0,9334360622,9334360656,0,0,-33
4665,0,9338364978,9338364961,0,0,17
4667,0,9342369674,9342369644,0,0,29
4668,0,9344371687,9344371663,0,0,23
4669,0,9346373096,9346373075,0,0,20
4670,0,9348375467,9348375431,0,0,35
4673,0,9354380530,9354380492,0,0,38
4675,0,9358387046,9358387026,0,0,20
4676,0,9360389558,9360389543,0,0,15
4678,0,9364395249,9364395215,0,0,33
4679,0,9366397004,9366396979,0,0,24
4680,0,9368398161,9368398153,0,0,8
4681,0,9370400312,9370400277,0,0,35
4682,0,9372402673,9372402642,0,0,31
4683,0,9374404671,9374404638,0,0,33
4685,0,9378408760,9378408775,0,0,-14
4687,0,9382413265,9382413265,0,0,0
4688,0,9384415815,9384415806,0,0,8
4689,0,9386417833,9386417815,0,0,17
4690,0,9388419696,9388419663,0,0,33
4693,0,9394426474,9394426498,0,0,-24
4695,0,9398430797,9398430784,0,0,13
4696,0,9400432849,9400432811,0,0,37
4698,0,9404438791,9404438775,0,0,15
4699,0,9406440274,9406440263,0,0,10
4700,0,9408442191,9408442253,0,0,-61
4701,0,9410444652,9410444695,0,0,-42
4702,0,9412446866,9412446857,0,0,8
4703,0,9414449117,9414449110,0,0,7
4705,0,9418453417,9418453401,0,0,15
4707,0,9422457438,9422457430,0,0,8
4708,0,9424459303,9424459275,0,0,27
4709,0,9426462104,9426462078,0,0,25
4710,0,9428465178,9428465168,0,0,9
4713,0,9434470752,9434470732,0,0,20
4715,0,9438475657,9438475642,0,0,15
4716,0,9440478276,9440478267,0,0,8
4718,0,9444481087,9444481045,0,0,42
4719,0,9446484331,9446484271,0,0,59
4720,0,9448486816,9448486861,0,0,-44
4721,0,9450489197,9450489220,0,0,-22
4722,0,9452491234,9452491189,0,0,44
4723,0,9454493153,9454493089,0,0,63
4725,0,9458497799,9458497838,0,0,-38
4727,0,9462502211,9462502240,0,0,-29
4728,0,9464505856,9464505895,0,0,-38
4729,0,9466506639,9466506598,0,0,40
4730,0,9468508697,9468508690,0,0,6
4733,0,9474515747,9474515730,0,0,17
4735,0,9478519590,9478519574,0,0,15
4736,0,9480520914,9480520903,0,0,11
4738,0,9484526883,9484526860,0,0,22
4739,0,9486529040,9486529001,0,0,39
4740,0,9488531306,9488531253,0,0,53
4741,0,9490533525,9490533473,0,0,51
4742,0,9492535376,9492535351,0,0,24
4743,0,9494538066,9494538034,0,0,31
4745,0,9498542214,9498542223,0,0,-8
4747,0,9502546959,9502546919,0,0,39
4748,0,9504548658,9504548628,0,0,30
4749,0,9506550391,9506550360,0,0,31
4750,0,9508553519,9508553485,0,0,33
4753,0,9514559798,9514559775,0,0,23
4755,0,9518564116,9518564107,0,0,8
4756,0,9520566069,9520566130,0,0,-60
4758,0,9524571517,9524571502,0,0,15
4759,0,9526573346,9526573298,0,0,47
4760,0,9528575705,9528575665,0,0,40
4761,0,9530578065,9530578024,0,0,40
4762,0,9532580031,9532579991,0,0,40
4763,0,9534582591,9534582534,0,0,56
4765,0,9538587131,9538587115,0,0,15
4767,0,9542591029,9542591012,0,0,17
4768,0,9544593930,9544593908,0,0,21
4769,0,9546595235,9546595208,0,0,26
4770,0,9548598288,9548598226,0,0,61
4773,0,9554604730,9554604767,0,0,-37
4775,0,9558607527,9558607561,0,0,-34
4776,0,9560610377,9560610438,0,0,-60
4778,0,953049129,953049168,0,0,-39
4779,0,9566617658,9566617622,0,0,35
4780,0,9568619944,9568619915,0,0,29
4781,0,9570622650,9570622631,0,0,19
4782,0,9572624266,9572624233,0,0,33
4783,0,9574625467,9574625439,0,0,27
4785,0,9578629804,9578629812,0,0,-8
4787,0,9582635420,9582635386,0,0,33
4788,0,9584637831,9584637816,0,0,14
4789,0,9586641046,9586641011,0,0,35
4790,0,9588643615,9588643582,0,0,33
4793,0,9594648905,9594648916,0,0,-10
4795,0,9598653312,9598653287,0,0,24
4796,0,9600655640,9600655647,0,0,-6
4798,0,9604660068,9604660008,0,0,59
4799,0,9606662194,9606662154,0,0,40
4800,0,9608664786,9608664764,0,0,22
4801,0,9610667465,9610667467,0,0,-1
4802,0,9612669186,9612669134,0,0,51
4803,0,9614671471,9614671449,0,0,22
4805,0,9618675934,9618675903,0,0,30
4807,0,9622680812,9622680774,0,0,38
4808,0,9624681835,9624681822,0,0,13
4809,0,9626684597,9626684583,0,0,13
4810,0,9628687075,9628687049,0,0,26
4813,0,9634693128,9634693152,0,0,-24
4815,0,9638698354,9638698325,0,0,29
4816,0,9640700086,9640700067,0,0,18
4818,0,9644704995,9644704943,0,0,51
4819,0,9646706687,9646706732,0,0,-44
4820,0,9648709204,9648709247,0,0,-42
4821,0,9650711728,9650711700,0,0,27
4822,0,9652713590,9652713557,0,0,33
4823,0,9654716266,9654716231,0,0,35
4825,0,9658720418,9658720378,0,0,40
4827,0,9662725137,9662725099,0,0,38
4828,0,9664728045,9664728098,0,0,-52
4829,0,9666729166,9666729128,0,0,38
4830,0,9668731393,9668731361,0,0,31
4833,0,9674737788,9674737822,0,0,-34
4835,0,9678742426,9678742393,0,0,32
4836,0,9680744841,9680744799,0,0,42
4838,0,9684749128,9684749098,0,0,29
4839,0,9686751471,9686751423,0,0,47
4840,0,9688753778,9688753738,0,0,40
4841,0,9690756023,9690755975,0,0,47
4842,0,9692758190,9692758120,0,0,69
4843,0,9694761304,9694761251,0,0,53
4845,0,9698765257,9698765240,0,0,16
4847,0,9702768961,9702768926,0,0,34
4848,0,9704771067,9704771033,0,0,33
4849,0,9706772446,9706772406,0,0,39
4850,0,9708775933,9708775889,0,0,43
4853,0,9714782262,9714782228,0,0,33
4855,0,9718786825,9718786838,0,0,-12
4856,0,9720788797,9720788764,0,0,32
4858,0,9724793755,9724793717,0,0,38
4859,0,9726795815,9726795839,0,0,-24
4860,0,9728798112,9728798063,0,0,49
4861,0,9730800595,9730800547,0,0,48
4862,0,9732803735,9732803706,0,0,29
4863,0,9734804812,9734804768,0,0,44
4865,0,9738809051,9738809032,0,0,19
4867,0,9742813568,9742813521,0,0,47
4868,0,9744816132,9744816123,0,0,8
4869,0,9746817910,9746817899,0,0,10
4870,0,9748820847,9748820829,0,0,17
4873,0,9754826987,9754826980,0,0,6
4875,0,9758831460,9758831446,0,0,13
4876,0,9760833539,9760833531,0,0,8
4878,0,9764839917,9764839874,0,0,43
4879,0,9766840684,9766840673,0,0,11
4880,0,9768842804,9768842804,0,0,0
4881,0,9770845637,9770845631,0,0,5
4882,0,9772847284,9772847292,0,0,-8
4883,0,9774849498,9774849480,0,0,17
4885,0,9778853723,9778853723,0,0,0
4887,0,9782858283,9782858271,0,0,11
4888,0,9784860905,9784860887,0,0,17
4889,0,9786862904,9786862899,0,0,4
4890,0,9788865107,9788865091,0,0,16
4893,0,9794871487,9794871498,0,0,-11
4895,0,9798875848,9798875826,0,0,21
4896,0,9800878231,9800878235,0,0,-4
4898,0,9804882892,9804882933,0,0,-40
4899,0,9806885819,9806885784,0,0,35
4900,0,9808887370,9808887386,0,0,-15
4901,0,9810889278,9810889294,0,0,-15
4902,0,9812891558,9812891579,0,0,-21
4903,0,9814894577,9814894612,0,0,-35
4905,0,9818898543,9818898520,0,0,23
4907,0,9822902658,9822902595,0,0,62
4908,0,9824904871,9824904905,0,0,-33
4909,0,9826907761,9826907783,0,0,-21
4910,0,9828909370,9828909334,0,0,35
4913,0,9834915132,9834915186,0,0,-54
4915,0,9838920321,9838920292,0,0,28
4916,0,9840922659,9840922644,0,0,15
4918,0,9844927465,9844927394,0,0,71
4919,0,9846929281,9846929251,0,0,29
4920,0,9848931465,9848931502,0,0,-36
4921,0,9850933723,9850933755,0,0,-31
4922,0,9852936472,9852936404,0,0,68
4923,0,9854938768,9854938745,0,0,23
4925,0,9858942392,9858942384,0,0,7
4927,0,9862946769,9862946710,0,0,59
4928,0,9864949800,9864949816,0,0,-16
4929,0,9866951851,9866951887,0,0,-35
4930,0,9868953861,9868953875,0,0,-13
4933,0,9874961725,9874961689,0,0,35
4935,0,9878965017,9878965049,0,0,-31
4936,0,9880968506,9880968534,0,0,-28
4938,0,9884972170,9884972126,0,0,44
4939,0,9886973662,9886973622,0,0,40
4940,0,9888976139,9888976106,0,0,32
4941,0,9890978379,9890978334,0,0,45
4942,0,9892980702,9892980664,0,0,38
4943,0,9894982638,9894982582,0,0,56
4945,0,9898987007,9898986993,0,0,13
4947,0,9902991432,9902991414,0,0,17
4948,0,9904994491,9904994483,0,0,8
4949,0,9906996621,9906996585,0,0,35
4950,0,9908998155,9908998146,0,0,8
4953,0,9915006037,9915006004,0,0,33
4955,0,9919009946,9919009919,0,0,26
4956,0,9921011917,9921011890,0,0,26
4958,0,9925016531,9925016510,0,0,20
4959,0,9927018013,9927017984,0,0,29
4960,0,9929019546,9929019537,0,0,8
4961,0,9931022889,9931022844,0,0,45
4962,0,9933025000,9933024942,0,0,57
4963,0,9935026939,9935026951,0,0,-11
4965,0,9939031271,9939031280,0,0,-9
4967,0,9943035988,9943035954,0,0,33
4968,0,9945038281,9945038271,0,0,10
4969,0,9947040581,9947040535,0,0,45
4970,0,9949042764,9949042736,0,0,27
4973,0,9955049456,9955049480,0,0,-24
4975,0,9959053815,9959053782,0,0,33
4976,0,9961056217,9961056212,0,0,4
4978,0,993093346,993093302,0,0,43
4979,0,9967063833,9967063808,0,0,25
4980,0,9969064861,9969064840,0,0,21
4981,0,9971067611,9971067577,0,0,33
4982,0,9973069469,9973069437,0,0,31
4983,0,9975071773,9975071747,0,0,26
4985,0,9979075366,9979075377,0,0,-11
4987,0,9983080035,9983080062,0,0,-26
4988,0,9985081487,9985081533,0,0,-46
4989,0,9987083852,9987083858,0,0,-5
4990,0,9989087334,9989087338,0,0,-3
4993,0,9995093041,9995093074,0,0,-33
4995,0,9999098017,9999098048,0,0,-30
4996,0,10001100382,10001100407,0,0,-24
4998,0,10005105266,10005105294,0,0,-28
4999,0,10007107453,10007107479,0,0,-26
5000,0,10009109202,10009109252,0,0,-50
5001,0,10011110752,10011110784,0,0,-31
5002,0,10013114456,10013114478,0,0,-22
5003,0,10015115975,10015115995,0,0,-19
5005,0,10019120524,10019120517,0,0,6
5007,0,10023125094,10023125048,0,0,46
5008,0,10025128652,10025128701,0,0,-49
5009,0,10027129078,10027129100,0,0,-22
5010,0,10029130669,10029130621,0,0,47
5013,0,10035138507,10035138478,0,0,29
5015,0,10039142402,10039142344,0,0,57
5016,0,10041144148,10041144110,0,0,37
5018,0,10045149853,10045149863,0,0,-9
5019,0,10047152537,10047152568,0,0,-31
5020,0,10049155473,10049155468,0,0,4
5021,0,10051156476,10051156448,0,0,27
5022,0,10053158770,10053158779,0,0,-8
5023,0,10055160924,10055160931,0,0,-6
5025,0,10059163844,10059163904,0,0,-59
5027,0,10063170772,10063170815,0,0,-42
5028,0,10065173647,10065173686,0,0,-39
5029,0,10067174050,10067174099,0,0,-49
5030,0,10069176278,10069176326,0,0,-47
5033,0,10075182622,10075182701,0,0,-79
5035,0,10079187060,10079187100,0,0,-39
5036,0,10081188482,10081188473,0,0,8
5038,0,10085194114,10085194065,0,0,49
5039,0,10087196382,10087196331,0,0,50
5040,0,10089198757,10089198732,0,0,24
5041,0,10091200994,10091200937,0,0,57
5042,0,10093203054,10093203034,0,0,20
5043,0,10095205175,10095205126,0,0,49
5045,0,10099208749,10099208720,0,0,29
5047,0,10103213600,10103213585,0,0,15
5048,0,10105215126,10105215137,0,0,-11
5049,0,10107219283,10107219262,0,0,20
5050,0,10109221881,10109221860,0,0,21
5053,0,10115227357,10115227348,0,0,8
5055,0,10119231493,10119231554,0,0,-60
5056,0,10121234048,10121234087,0,0,-38
5058,0,10125238766,10125238734,0,0,31
5059,0,10127240572,10127240545,0,0,26
5060,0,10129243154,10129243135,0,0,18
5061,0,10131245408,10131245371,0,0,37
5062,0,10133247713,10133247693,0,0,20
5063,0,10135250459,10135250440,0,0,18
5065,0,10139254683,10139254675,0,0,7
5067,0,10143258402,10143258393,0,0,9
5068,0,10145260568,10145260532,0,0,35
5069,0,10147263092,10147263034,0,0,57
5070,0,10149265143,10149265085,0,0,57
5073,0,10155271366,10155271358,0,0,8
5075,0,10159276529,10159276470,0,0,58
5076,0,10161278843,10161278852,0,0,-8
5078,0,10165283509,10165283551,0,0,-42
5079,0,10167285598,10167285625,0,0,-26
5080,0,10169287274,10169287292,0,0,-18
5081,0,10171289903,10171289864,0,0,38
5082,0,10173292867,10173292867,0,0,0
5083,0,10175294965,10175294941,0,0,23
5085,0,10179298516,10179298498,0,0,17
5087,0,10183303061,10183303056,0,0,5
5088,0,10185305141,10185305132,0,0,8
5089,0,10187307550,10187307512,0,0,38
5090,0,10189309791,10189309748,0,0,42
5093,0,10195315650,10195315669,0,0,-18
5095,0,10199320678,10199320653,0,0,24
5096,0,10201323330,10201323383,0,0,-53
5098,0,10205327932,10205327886,0,0,45
5099,0,10207329933,10207329897,0,0,35
5100,0,10209332857,10209332824,0,0,32
5101,0,10211334561,10211334579,0,0,-18
5102,0,10213337108,10213337139,0,0,-31
5103,0,10215339059,10215339035,0,0,23
5105,0,10219341983,10219342030,0,0,-47
5107,0,10223347348,10223347330,0,0,17
5108,0,10225349781,10225349773,0,0,8
5109,0,10227352476,10227352435,0,0,40
5110,0,10229354232,10229354193,0,0,39
5113,0,10235360108,10235360181,0,0,-72
5115,0,10239365382,10239365412,0,0,-29
5116,0,10241367613,10241367660,0,0,-47
5118,0,10245373351,10245373305,0,0,45
5119,0,10247374443,10247374436,0,0,6
5120,0,10249376330,10249376271,0,0,58
5121,0,10251378685,10251378644,0,0,40
5122,0,10253381213,10253381202,0,0,10
5123,0,10255383283,10255383262,0,0,20
5125,0,10259387796,10259387757,0,0,39
5127,0,10263392474,10263392434,0,0,40
5128,0,10265395559,10265395575,0,0,-16
5129,0,10267397219,10267397173,0,0,45
5130,0,10269399775,10269399725,0,0,49
5133,0,10275405203,10275405151,0,0,51
5135,0,10279409310,10279409261,0,0,48
5136,0,10281412442,10281412484,0,0,-42
5138,0,10285416396,10285416433,0,0,-36
5139,0,10287419002,10287419011,0,0,-8
5140,0,10289421062,10289421102,0,0,-40
5141,0,10291423279,10291423262,0,0,17
5142,0,10293425173,10293425149,0,0,23
5143,0,10295427856,10295427807,0,0,49
5145,0,10299432018,10299431978,0,0,40
5147,0,10303436330,10303436308,0,0,22
5148,0,10305438815,10305438825,0,0,-9
5149,0,10307440947,10307440912,0,0,34
5150,0,10309443023,10309442989,0,0,33
5153,0,10315450701,10315450687,0,0,13
5155,0,10319455129,10319455123,0,0,5
5156,0,10321455687,10321455697,0,0,-9
5158,0,10325460914,10325460941,0,0,-26
5159,0,10327463222,10327463258,0,0,-36
5160,0,10329465366,10329465420,0,0,-54
5161,0,10331467883,10331467860,0,0,22
5162,0,10333469909,10333469880,0,0,28
5163,0,10335472008,10335472024,0,0,-16
5165,0,10339476143,10339476105,0,0,37
5167,0,10343481019,10343480998,0,0,20
5168,0,10345482928,10345482921,0,0,6
5169,0,10347484413,10347484388,0,0,24
5170,0,10349487739,10349487706,0,0,33
5173,0,10355495990,10355495969,0,0,20
5175,0,10359499071,10359499042,0,0,29
5176,0,10361500764,10361500737,0,0,27
5178,0,1033137986,1033137994,0,0,-8
5179,0,10367507523,10367507503,0,0,19
5180,0,10369510253,10369510224,0,0,29
5181,0,10371512453,10371512402,0,0,51
5182,0,10373514069,10373514031,0,0,38
5183,0,10375516661,10375516635,0,0,25
5185,0,10379520858,10379520899,0,0,-40
5187,0,10383525168,10383525175,0,0,-6
5188,0,10385527546,10385527584,0,0,-37
5189,0,10387530016,10387529981,0,0,35
5190,0,10389532116,10389532090,0,0,25
5193,0,10395539228,10395539213,0,0,15
5195,0,10399542997,10399542968,0,0,28
5196,0,10401545642,10401545651,0,0,-8
5198,0,10405549809,10405549786,0,0,23
5199,0,10407551819,10407551807,0,0,11
5200,0,10409553367,10409553347,0,0,20
5201,0,10411556692,10411556674,0,0,18
5202,0,10413558921,10413558886,0,0,34
5203,0,10415561131,10415561124,0,0,6
5205,0,10419565557,10419565532,0,0,25
5207,0,10423569067,10423569051,0,0,16
5208,0,10425572081,10425572071,0,0,10
5209,0,10427574506,10427574491,0,0,15
5210,0,10429576649,10429576609,0,0,39
5213,0,10435582160,10435582141,0,0,18
5215,0,10439587645,10439587721,0,0,-75
5216,0,10441589707,10441589721,0,0,-13
5218,0,10445593585,10445593548,0,0,36
5219,0,10447596739,10447596699,0,0,39
5220,0,10449599031,10449599008,0,0,23
5221,0,10451601035,10451601007,0,0,27
5222,0,10453603066,10453603029,0,0,36
5223,0,10455604702,10455604695,0,0,6
5225,0,10459610542,10459610548,0,0,-6
5227,0,10463614432,10463614447,0,0,-14
5228,0,10465617831,10465617863,0,0,-31
5229,0,10467618860,10467618898,0,0,-37
5230,0,10469621851,10469621816,0,0,35
5233,0,10475628004,10475628051,0,0,-47
5235,0,10479632350,10479632403,0,0,-52
5236,0,10481634428,10481634464,0,0,-35
5238,0,10485638761,10485638801,0,0,-40
5239,0,10487641146,10487641170,0,0,-24
5240,0,10489643339,10489643393,0,0,-53
5241,0,10491646488,10491646453,0,0,34
5242,0,10493648917,10493648851,0,0,65
5243,0,10495650265,10495650218,0,0,46
5245,0,10499655244,10499655296,0,0,-51
5247,0,10503658765,10503658708,0,0,56
5248,0,10505660903,10505660862,0,0,40
5249,0,10507662381,10507662350,0,0,30
5250,0,10509666157,10509666110,0,0,47
5253,0,10515671930,10515671881,0,0,48
5255,0,10519676449,10519676432,0,0,17
5256,0,10521678894,10521678885,0,0,8
5258,0,10525683185,10525683197,0,0,-11
5259,0,10527684966,10527684982,0,0,-16
5260,0,10529687480,10529687511,0,0,-31
5261,0,10531689245,10531689269,0,0,-24
5262,0,10533692478,10533692463,0,0,15
5263,0,10535694490,10535694440,0,0,49
5265,0,10539698999,10539699008,0,0,-9
5267,0,10543703329,10543703280,0,0,49
5268,0,10545705904,10545705891,0,0,13
5269,0,10547708006,10547708019,0,0,-12
5270,0,10549710177,10549710120,0,0,56
5273,0,10555715550,10555715539,0,0,11
5275,0,10559720595,10559720539,0,0,56
5276,0,10561724060,10561724017,0,0,42
5278,0,10565728556,10565728591,0,0,-34
5279,0,10567730483,10567730502,0,0,-19
5280,0,10569732269,10569732307,0,0,-37
5281,0,10571734660,10571734675,0,0,-14
5282,0,10573737760,10573737720,0,0,40
5283,0,10575738998,10575738953,0,0,44
5285,0,10579743236,10579743251,0,0,-14
5287,0,10583747624,10583747567,0,0,57
5288,0,10585750035,10585750010,0,0,25
5289,0,10587752420,10587752353,0,0,67
5290,0,10589754424,10589754377,0,0,47
5293,0,10595760968,10595760989,0,0,-21
5295,0,10599765896,10599765849,0,0,47
5296,0,10601767793,10601767774,0,0,18
5298,0,10605772370,10605772314,0,0,55
5299,0,10607774329,10607774276,0,0,53
5300,0,10609776658,10609776631,0,0,26
5301,0,10611778764,10611778718,0,0,45
5302,0,10613780952,10613780917,0,0,34
5303,0,10615782502,10615782529,0,0,-26
5305,0,10619787885,10619787870,0,0,15
5307,0,10623793044,10623793020,0,0,24
5308,0,10625795458,10625795467,0,0,-8
5309,0,10627797211,10627797170,0,0,40
5310,0,10629799333,10629799258,0,0,75
5313,0,10635804792,10635804752,0,0,39
5315,0,10639809852,10639809818,0,0,33
5316,0,10641812238,10641812253,0,0,-15
5318,0,10645816730,10645816690,0,0,39
5319,0,10647818980,10647818965,0,0,15
5320,0,10649821229,10649821221,0,0,8
5321,0,10651824071,10651824033,0,0,37
5322,0,10653825510,10653825457,0,0,53
5323,0,10655827667,10655827641,0,0,26
5325,0,10659832445,10659832435,0,0,10
5327,0,10663836310,10663836323,0,0,-13
5328,0,10665839673,10665839629,0,0,43
5329,0,10667841543,10667841496,0,0,47
5330,0,10669844045,10669844017,0,0,27
5333,0,10675850710,10675850686,0,0,23
5335,0,10679854295,10679854261,0,0,33
5336,0,10681856993,10681856977,0,0,15
5338,0,10685862206,10685862168,0,0,38
5339,0,10687863384,10687863364,0,0,20
5340,0,10689866211,10689866219,0,0,-8
5341,0,10691868314,10691868271,0,0,43
5342,0,10693870214,10693870249,0,0,-34
5343,0,10695872450,10695872487,0,0,-36
5345,0,10699877298,10699877289,0,0,8
5347,0,10703881580,10703881566,0,0,14
5348,0,10705883351,10705883382,0,0,-30
5349,0,10707885390,10707885366,0,0,24
5350,0,10709886950,10709886907,0,0,43
5353,0,10715894692,10715894678,0,0,13
5355,0,10719899195,10719899177,0,0,18
5356,0,10721902410,10721902401,0,0,8
5358,0,10725905235,10725905177,0,0,58
5359,0,10727907895,10727907921,0,0,-26
5360,0,10729910484,10729910534,0,0,-49
5361,0,10731912334,10731912372,0,0,-37
5362,0,10733914939,10733914952,0,0,-12
5363,0,10735916404,10735916431,0,0,-26
5365,0,10739921214,10739921193,0,0,20
5367,0,10743925361,10743925314,0,0,47
5368,0,10745927068,10745927078,0,0,-10
5369,0,10747930694,10747930718,0,0,-24
5370,0,10749932465,10749932505,0,0,-39
5373,0,10755940140,10755940103,0,0,37
5375,0,10759943605,10759943596,0,0,8
5376,0,10761946122,10761946105,0,0,17
5378,0,1073181413,1073181451,0,0,-38
5379,0,10767953678,10767953643,0,0,34
5380,0,10769955017,10769955000,0,0,17
5381,0,10771956925,10771956961,0,0,-36
5382,0,10773959484,10773959532,0,0,-48
5383,0,10775961029,10775961062,0,0,-32
5385,0,10779966301,10779966265,0,0,35
5387,0,10783970107,10783970092,0,0,15
5388,0,10785972435,10785972417,0,0,18
5389,0,10787974393,10787974366,0,0,26
5390,0,10789976047,10789976036,0,0,10
5393,0,10795983853,10795983838,0,0,14
5395,0,10799987830,10799987846,0,0,-15
5396,0,10801990306,10801990315,0,0,-8
5398,0,10805994877,10805994827,0,0,49
5399,0,10807996992,10807996958,0,0,33
5400,0,10809999664,10809999643,0,0,20
5401,0,10812001266,10812001295,0,0,-29
5402,0,10814003768,10814003804,0,0,-36
5403,0,10816006246,10816006261,0,0,-15
5405,0,10820010693,10820010753,0,0,-60
5407,0,10824014431,10824014467,0,0,-36
5408,0,10826016773,10826016766,0,0,6
5409,0,10828018445,10828018406,0,0,38
5410,0,10830023669,10830023685,0,0,-15
5413,0,10836028637,10836028670,0,0,-33
5415,0,10840032565,10840032588,0,0,-23
5416,0,10842034726,10842034717,0,0,8
5418,0,10846039773,10846039741,0,0,31
5419,0,10848041523,10848041477,0,0,45
5420,0,10850043747,10850043753,0,0,-6
5421,0,10852046449,10852046407,0,0,42
5422,0,10854048708,10854048673,0,0,35
5423,0,10856050299,10856050274,0,0,25
5425,0,10860055055,10860055108,0,0,-53
5427,0,10864059052,10864059006,0,0,45
5428,0,10866063217,10866063167,0,0,50
5429,0,10868064310,10868064239,0,0,70
5430,0,10870066116,10870066159,0,0,-42
5433,0,10876073193,10876073231,0,0,-38
5435,0,10880076938,10880076886,0,0,51
5436,0,10882079197,10882079146,0,0,50
5438,0,10886082963,10886082916,0,0,46
5439,0,10888085543,10888085565,0,0,-21
5440,0,10890087706,10890087750,0,0,-44
5441,0,10892090173,10892090129,0,0,43
5442,0,10894092808,10894092789,0,0,19
5443,0,10896095067,10896095021,0,0,46
5445,0,10900099321,10900099281,0,0,39
5447,0,10904104794,10904104761,0,0,33
5448,0,10906106370,10906106364,0,0,6
5449,0,10908108346,10908108306,0,0,40
5450,0,10910110626,10910110575,0,0,51
5453,0,10916117330,10916117289,0,0,40
5455,0,10920120993,10920120952,0,0,40
5456,0,10922123195,10922123182,0,0,13
5458,0,10926128184,10926128207,0,0,-23
5459,0,10928130583,10928130613,0,0,-29
5460,0,10930132977,10930132963,0,0,13
5461,0,10932134978,10932135003,0,0,-24
5462,0,10934137515,10934137482,0,0,33
5463,0,10936139217,10936139176,0,0,41
5465,0,10940145007,10940144973,0,0,33
5467,0,10944147539,10944147482,0,0,57
5468,0,10946150840,10946150817,0,0,22
5469,0,10948152690,10948152636,0,0,53
5470,0,10950155165,10950155111,0,0,53
5473,0,10956160918,10956160910,0,0,8
5475,0,10960165610,10960165617,0,0,-6
5476,0,10962167184,10962167137,0,0,47
5478,0,10966174837,10966174858,0,0,-21
5479,0,10968175733,10968175698,0,0,35
5480,0,10970176785,10970176766,0,0,18
5481,0,10972178297,10972178266,0,0,31
5482,0,10974181982,10974181939,0,0,43
5483,0,10976184977,10976184961,0,0,15
5485,0,10980188130,10980188112,0,0,18
5487,0,10984192609,10984192580,0,0,29
5488,0,10986194926,10986194939,0,0,-12
5489,0,10988196937,10988196958,0,0,-20
5490,0,10990199512,10990199479,0,0,33
5493,0,10996206003,10996205979,0,0,23
5495,0,11000210517,11000210489,0,0,27
5496,0,11002212284,11002212275,0,0,8
5498,0,11006216867,11006216838,0,0,29
5499,0,11008218714,11008218705,0,0,8
5500,0,11010221842,11010221804,0,0,38
5501,0,11012223467,11012223436,0,0,30
5502,0,11014226276,11014226325,0,0,-48
5503,0,11016228233,11016228186,0,0,47
5505,0,11020232543,11020232529,0,0,13
5507,0,11024236930,11024236906,0,0,23
5508,0,11026240006,11026239975,0,0,31
5509,0,11028241737,11028241715,0,0,21
5510,0,11030243379,11030243458,0,0,-78
5513,0,11036250181,11036250242,0,0,-61
5515,0,11040253942,11040253979,0,0,-36
5516,0,11042256698,11042256719,0,0,-20
5518,0,11046262393,11046262375,0,0,17
5519,0,11048263827,11048263805,0,0,22
5520,0,11050267082,11050267137,0,0,-55
5521,0,11052268337,11052268376,0,0,-38
5522,0,11054270541,11054270449,0,0,92
5523,0,11056273005,11056273047,0,0,-42
5525,0,11060277471,11060277502,0,0,-31
5527,0,11064281596,11064281627,0,0,-31
5528,0,11066284994,11066285026,0,0,-31
5529,0,11068286290,11068286316,0,0,-26
5530,0,11070288050,11070288016,0,0,33
5533,0,11076294883,11076294926,0,0,-42
5535,0,11080299938,11080299975,0,0,-36
5536,0,11082302014,11082302077,0,0,-62
5538,0,11086306031,11086306015,0,0,15
5539,0,11088308388,11088308352,0,0,36
5540,0,11090310788,11090310753,0,0,34
5541,0,11092312922,11092312887,0,0,35
5542,0,11094314887,11094314850,0,0,37
5543,0,11096317431,11096317466,0,0,-34
5545,0,11100320660,11100320722,0,0,-61
5547,0,11104326494,11104326530,0,0,-36
5548,0,11106328517,11106328606,0,0,-88
5549,0,11108330789,11108330748,0,0,41
5550,0,11110332703,11110332689,0,0,13
5553,0,11116339849,11116339830,0,0,19
5555,0,11120343559,11120343514,0,0,44
5556,0,11122345615,11122345605,0,0,10
5558,0,11126350638,11126350629,0,0,8
5559,0,11128352960,11128352943,0,0,17
5560,0,11130354470,11130354462,0,0,8
5561,0,11132356188,11132356179,0,0,8
5562,0,11134359721,11134359673,0,0,47
5563,0,11136362286,11136362309,0,0,-22
5565,0,11140366438,11140366414,0,0,23
5567,0,11144370735,11144370707,0,0,28
5568,0,11146372624,11146372605,0,0,19
5569,0,11148374062,11148374055,0,0,6
5570,0,11150377480,11150377463,0,0,16
5573,0,11156384020,11156383982,0,0,38
5575,0,11160389806,11160389782,0,0,24
5576,0,11162390373,11162390357,0,0,15
5578,0,1113227075,1113227036,0,0,38
5579,0,11168397548,11168397593,0,0,-44
5580,0,11170399759,11170399749,0,0,10
5581,0,11172401395,11172401344,0,0,50
5582,0,11174403248,11174403217,0,0,30
5583,0,11176406876,11176406838,0,0,38
5585,0,11180410782,11180410793,0,0,-11
5587,0,11184415310,11184415278,0,0,31
5588,0,11186417404,11186417387,0,0,17
5589,0,11188419640,11188419583,0,0,56
5590,0,11190422038,11190422061,0,0,-23
5593,0,11196429802,11196429746,0,0,55
5595,0,11200433056,11200432970,0,0,85
5596,0,11202435579,11202435550,0,0,29
5598,0,11206440497,11206440453,0,0,43
5599,0,11208442795,11208442730,0,0,64
5600,0,11210444886,11210444849,0,0,37
5601,0,11212446110,11212446083,0,0,26
5602,0,11214448247,11214448195,0,0,51
5603,0,11216449391,11216449340,0,0,51
5605,0,11220454736,11220454703,0,0,32
5607,0,11224459536,11224459498,0,0,37
5608,0,11226461752,11226461764,0,0,-11
5609,0,11228464230,11228464204,0,0,25
5610,0,11230466017,11230465988,0,0,29
5613,0,11236473014,11236473004,0,0,9
5615,0,11240477849,11240477884,0,0,-34
5616,0,11242479514,11242479565,0,0,-51
5618,0,11246483999,11246484008,0,0,-9
5619,0,11248486512,11248486487,0,0,24
5620,0,11250488375,11250488370,0,0,4
5621,0,11252490709,11252490671,0,0,37
5622,0,11254492755,11254492719,0,0,35
5623,0,11256494381,11256494335,0,0,45
5625,0,11260500501,11260500540,0,0,-38
5627,0,11264503934,11264503862,0,0,71
5628,0,11266507964,11266507959,0,0,4
5629,0,11268509676,11268509629,0,0,46
5630,0,11270511096,11270511026,0,0,69
5633,0,11276517366,11276517334,0,0,31
5635,0,11280521848,11280521791,0,0,57
5636,0,11282524058,11282524075,0,0,-16
5638,0,11286527483,11286527448,0,0,35
5639,0,11288530530,11288530505,0,0,25
5640,0,11290532101,11290532095,0,0,5
5641,0,11292535279,11292535303,0,0,-23
5642,0,11294538008,11294538025,0,0,-16
5643,0,11296539847,11296539791,0,0,55
5645,0,11300544247,11300544289,0,0,-42
5647,0,11304548471,11304548485,0,0,-14
5648,0,11306550766,11306550812,0,0,-45
5649,0,11308553080,11308553090,0,0,-10
5650,0,11310555290,11310555278,0,0,11
5653,0,11316561893,11316561876,0,0,16
5655,0,11320566559,11320566525,0,0,34
5656,0,11322568430,11322568361,0,0,68
5658,0,11326573552,11326573507,0,0,44
5659,0,11328575795,11328575758,0,0,37
5660,0,11330577557,11330577505,0,0,51
5661,0,11332579413,11332579429,0,0,-16
5662,0,11334581134,11334581134,0,0,0
5663,0,11336584002,11336583977,0,0,24
5665,0,11340588685,11340588696,0,0,-10
5667,0,11344593123,11344593103,0,0,20
5668,0,11346595802,11346595849,0,0,-47
5669,0,11348597551,11348597583,0,0,-31
5670,0,11350600058,11350600049,0,0,8
5673,0,11356606649,11356606636,0,0,13
5675,0,11360610683,11360610624,0,0,59
5676,0,11362613000,11362612991,0,0,8
5678,0,11366619171,11366619141,0,0,30
5679,0,11368619693,11368619666,0,0,26
5680,0,11370622128,11370622184,0,0,-56
5681,0,11372624568,11372624552,0,0,15
5682,0,11374626290,11374626255,0,0,35
5683,0,11376628474,11376628462,0,0,11
5685,0,11380632842,11380632827,0,0,15
5687,0,11384637442,11384637408,0,0,33
5688,0,11386639704,11386639694,0,0,9
5689,0,11388642132,11388642107,0,0,24
5690,0,11390644457,11390644428,0,0,29
5693,0,11396650919,11396650876,0,0,42
5695,0,11400655035,11400655009,0,0,25
5696,0,11402656408,11402656377,0,0,31
5698,0,11406661415,11406661379,0,0,35
5699,0,11408664666,11408664652,0,0,13
5700,0,11410666417,11410666388,0,0,29
5701,0,11412669134,11412669111,0,0,23
5702,0,11414671312,11414671298,0,0,14
5703,0,11416674354,11416674395,0,0,-40
5705,0,11420677800,11420677833,0,0,-33
5707,0,11424682155,11424682131,0,0,24
5708,0,11426684516,11426684500,0,0,16
5709,0,11428686380,11428686366,0,0,14
5710,0,11430688669,11430688642,0,0,26
5713,0,11436694139,11436694152,0,0,-13
5715,0,11440699505,11440699497,0,0,8
5716,0,11442701994,11442701977,0,0,17
5718,0,11446707789,11446707758,0,0,31
5719,0,11448709083,11448709103,0,0,-20
5720,0,11450711154,11450711116,0,0,37
5721,0,11452714301,11452714262,0,0,39
5722,0,11454715267,11454715242,0,0,25
5723,0,11456717656,11456717631,0,0,24
5725,0,11460722474,11460722468,0,0,5
5727,0,11464726637,11464726642,0,0,-5
5728,0,11466730168,11466730161,0,0,7
5729,0,11468731312,11468731346,0,0,-33
5730,0,11470733416,11470733467,0,0,-51
5733,0,11476739957,11476739988,0,0,-31
5735,0,11480743915,11480743958,0,0,-42
5736,0,11482745422,11482745494,0,0,-71
5738,0,11486751367,11486751415,0,0,-48
5739,0,11488753226,11488753208,0,0,17
5740,0,11490755584,11490755575,0,0,9
5741,0,11492757847,11492757815,0,0,31
5742,0,11494760086,11494760071,0,0,14
5743,0,11496761939,11496761966,0,0,-26
5745,0,11500766669,11500766678,0,0,-9
5747,0,11504770775,11504770739,0,0,35
5748,0,11506772931,11506772923,0,0,7
5749,0,11508774686,11508774615,0,0,70
5750,0,11510777857,11510777783,0,0,74
5753,0,11516783660,11516783636,0,0,23
5755,0,11520789078,11520789034,0,0,44
5756,0,11522791291,11522791225,0,0,65
5758,0,11526794840,11526794809,0,0,30
5759,0,11528796675,11528796626,0,0,48
5760,0,11530800251,11530800207,0,0,44
5761,0,11532801828,11532801809,0,0,18
5762,0,11534803742,11534803717,0,0,24
5763,0,11536806845,11536806893,0,0,-47
5765,0,11540810987,11540811000,0,0,-12
5767,0,11544815491,11544815462,0,0,28
5768,0,11546818047,11546818036,0,0,10
5769,0,11548820070,11548820105,0,0,-35
5770,0,11550822358,11550822374,0,0,-15
5773,0,11556829873,11556829930,0,0,-56
5775,0,11560833255,11560833241,0,0,13
5776,0,11562835833,11562835787,0,0,46
5778,0,1153271137,1153271105,0,0,32
5779,0,11568842240,11568842215,0,0,25
5780,0,11570844997,11570844959,0,0,37
5781,0,11572846978,11572846943,0,0,35
5782,0,11574849269,11574849247,0,0,21
5783,0,11576851213,11576851174,0,0,38
5785,0,11580855953,11580855919,0,0,34
5787,0,11584859512,11584859566,0,0,-53
5788,0,11586862008,11586862013,0,0,-4
5789,0,11588864081,11588864103,0,0,-21
5790,0,11590865774,11590865817,0,0,-42
5793,0,11596873341,11596873356,0,0,-14
5795,0,11600877779,11600877806,0,0,-26
5796,0,11602880516,11602880550,0,0,-34
5798,0,11606884934,11606884979,0,0,-44
5799,0,11608887012,11608887040,0,0,-28
5800,0,11610888885,11610888876,0,0,8
5801,0,11612891265,11612891230,0,0,35
5802,0,11614893296,11614893314,0,0,-17
5803,0,11616895486,11616895431,0,0,55
5805,0,11620899814,11620899804,0,0,10
5807,0,11624904129,11624904080,0,0,49
5808,0,11626905840,11626905796,0,0,43
5809,0,11628908876,11628908828,0,0,48
5810,0,11630911468,11630911451,0,0,16
5813,0,11636917779,11636917763,0,0,16
5815,0,11640921921,11640921885,0,0,35
5816,0,11642923538,11642923487,0,0,50
5818,0,11646928899,11646928885,0,0,14
5819,0,11648931444,11648931456,0,0,-11
5820,0,11650934000,11650933964,0,0,36
5821,0,11652935741,11652935652,0,0,88
5822,0,11654937732,11654937726,0,0,5
5823,0,11656939944,11656939905,0,0,39
5825,0,11660943260,11660943221,0,0,39
5827,0,11664948907,11664948874,0,0,33
5828,0,11666952793,11666952734,0,0,58
5829,0,11668953692,11668953659,0,0,33
5830,0,11670956501,11670956445,0,0,55
5833,0,11676962233,11676962161,0,0,71
5835,0,11680966367,11680966346,0,0,20
5836,0,11682968289,11682968260,0,0,29
5838,0,11686973761,11686973752,0,0,8
5839,0,11688976105,11688976066,0,0,39
5840,0,11690978026,11690977995,0,0,31
5841,0,11692980075,11692980040,0,0,35
5842,0,11694982493,11694982458,0,0,35
5843,0,11696984783,11696984801,0,0,-17
5845,0,11700989278,11700989258,0,0,20
5847,0,11704993620,11704993595,0,0,24
5848,0,11706995503,11706995453,0,0,49
5849,0,11708998808,11708998749,0,0,59
5850,0,11710999951,11710999922,0,0,29
5853,0,11717006855,11717006871,0,0,-16
5855,0,11721010886,11721010912,0,0,-25
5856,0,11723012216,11723012228,0,0,-11
5858,0,11727018357,11727018342,0,0,15
5859,0,11729019817,11729019788,0,0,29
5860,0,11731021561,11731021546,0,0,15
5861,0,11733025205,11733025190,0,0,15
5862,0,11735026680,11735026626,0,0,53
5863,0,11737029376,11737029361,0,0,15
5865,0,11741033170,11741033119,0,0,51
5867,0,11745039303,11745039294,0,0,8
5868,0,11747040224,11747040181,0,0,43
5869,0,11749042547,11749042509,0,0,38
5870,0,11751044676,11751044710,0,0,-33
5873,0,11757051139,11757051151,0,0,-11
5875,0,11761055627,11761055616,0,0,11
5876,0,11763057456,11763057419,0,0,37
5878,0,11767063122,11767063098,0,0,23
5879,0,11769064562,11769064537,0,0,25
5880,0,11771066407,11771066432,0,0,-24
5881,0,11773067801,11773067789,0,0,11
5882,0,11775070323,11775070339,0,0,-15
5883,0,11777074077,11777074054,0,0,22
5885,0,11781078893,11781078910,0,0,-16
5887,0,11785082590,11785082560,0,0,29
5888,0,11787084732,11787084717,0,0,15
5889,0,11789086672,11789086654,0,0,17
5890,0,11791089191,11791089264,0,0,-72
5893,0,11797095833,11797095806,0,0,26
5895,0,11801100028,11801100012,0,0,15
5896,0,11803103159,11803103144,0,0,14
5898,0,11807107004,11807107054,0,0,-49
5899,0,11809109069,11809109031,0,0,38
5900,0,11811111382,11811111338,0,0,43
5901,0,11813113793,11813113811,0,0,-18
5902,0,11815115719,11815115676,0,0,43
5903,0,11817118069,11817117998,0,0,70
5905,0,11821122732,11821122654,0,0,77
5907,0,11825126680,11825126644,0,0,35
5908,0,11827129480,11827129397,0,0,83
5909,0,11829132211,11829132202,0,0,8
5910,0,11831134713,11831134732,0,0,-19
5913,0,11837140114,11837140108,0,0,5
5915,0,11841144525,11841144555,0,0,-30
5916,0,11843147064,11843147049,0,0,15
5918,0,11847151506,11847151516,0,0,-9
5919,0,11849153481,11849153476,0,0,5
5920,0,11851155665,11851155622,0,0,43
5921,0,11853157800,11853157762,0,0,38
5922,0,11855160270,11855160256,0,0,14
5923,0,11857162697,11857162662,0,0,35
5925,0,11861166756,11861166730,0,0,25
5927,0,11865171424,11865171383,0,0,41
5928,0,11867175073,11867175017,0,0,56
5929,0,11869176171,11869176139,0,0,31
5930,0,11871178217,11871178200,0,0,16
5933,0,11877184851,11877184782,0,0,69
5935,0,11881188208,11881188148,0,0,60
5936,0,11883191514,11883191502,0,0,11
5938,0,11887195847,11887195914,0,0,-67
5939,0,11889198357,11889198384,0,0,-26
5940,0,11891200115,11891200174,0,0,-58
5941,0,11893202547,11893202567,0,0,-20
5942,0,11895204472,11895204524,0,0,-51
5943,0,11897206000,11897205950,0,0,49
5945,0,11901211377,11901211322,0,0,54
5947,0,11905216319,11905216301,0,0,18
5948,0,11907218337,11907218289,0,0,47
5949,0,11909220771,11909220730,0,0,41
5950,0,11911223104,11911223071,0,0,33
5953,0,11917228964,11917228908,0,0,56
5955,0,11921233548,11921233528,0,0,20
5956,0,11923235838,11923235806,0,0,31
5958,0,11927240418,11927240453,0,0,-34
5959,0,11929243474,11929243431,0,0,42
5960,0,11931244764,11931244728,0,0,36
5961,0,11933246880,11933246822,0,0,57
5962,0,11935249496,11935249472,0,0,23
5963,0,11937251248,11937251217,0,0,30
5965,0,11941255756,11941255719,0,0,36
5967,0,11945260374,11945260339,0,0,35
5968,0,11947262259,11947262305,0,0,-46
5969,0,11949263694,11949263663,0,0,31
5970,0,11951267073,11951267063,0,0,9
5973,0,11957273587,11957273535,0,0,51
5975,0,11961278223,11961278213,0,0,10
5976,0,11963280040,11963280013,0,0,26
5978,0,1193316002,1193315965,0,0,37
5979,0,11969287297,11969287276,0,0,20
5980,0,11971289096,11971289062,0,0,33
5981,0,11973290316,11973290283,0,0,32
5982,0,11975293924,11975293899,0,0,24
5983,0,11977295781,11977295756,0,0,24
5985,0,11981300346,11981300337,0,0,8
5987,0,11985304774,11985304766,0,0,8
5988,0,11987307107,11987307059,0,0,48
5989,0,11989309068,11989309017,0,0,51
5990,0,11991311714,11991311653,0,0,61
5993,0,11997317083,11997317008,0,0,74
5995,0,12001322657,12001322647,0,0,10
5996,0,12003326223,12003326215,0,0,7
5998,0,12007329556,12007329516,0,0,39
5999,0,12009331658,12009331614,0,0,43
6000,0,12011333728,12011333703,0,0,24
6001,0,12013335743,12013335701,0,0,41
6002,0,12015338310,12015338296,0,0,13
6003,0,12017340337,12017340316,0,0,20
6005,0,12021345191,12021345157,0,0,33
6007,0,12025349475,12025349458,0,0,17
6008,0,12027351597,12027351562,0,0,35
6009,0,12029354149,12029354127,0,0,22
6010,0,12031356017,12031356029,0,0,-11
6013,0,12037363934,12037363925,0,0,8
6015,0,12041367048,12041367081,0,0,-33
6016,0,12043369361,12043369386,0,0,-24
6018,0,12047373975,12047373928,0,0,46
6019,0,12049375430,12049375388,0,0,42
6020,0,12051377306,12051377253,0,0,53
6021,0,12053380669,12053380631,0,0,38
6022,0,12055382617,12055382644,0,0,-26
6023,0,12057385505,12057385523,0,0,-17
6025,0,12061389301,12061389253,0,0,47
6027,0,12065393426,12065393411,0,0,15
6028,0,12067396658,12067396618,0,0,40
6029,0,12069398207,12069398178,0,0,29
6030,0,12071400298,12071400250,0,0,47
6033,0,12077407372,12077407324,0,0,47
6035,0,12081411250,12081411251,0,0,0
6036,0,12083413647,12083413609,0,0,37
6038,0,12087418586,12087418566,0,0,20
6039,0,12089420339,12089420298,0,0,40
6040,0,12091422840,12091422804,0,0,35
6041,0,12093425540,12093425505,0,0,35
6042,0,12095427749,12095427821,0,0,-71
6043,0,12097429979,12097430035,0,0,-56
6045,0,12101434076,12101434065,0,0,10
6047,0,12105438260,12105438303,0,0,-42
6048,0,12107441064,12107441106,0,0,-42
6049,0,12109443143,12109443188,0,0,-44
6050,0,12111445994,12111446056,0,0,-62
6053,0,12117451386,12117451403,0,0,-16
6055,0,12121456033,12121456075,0,0,-41
6056,0,12123458125,12123458105,0,0,19
6058,0,12127463793,12127463779,0,0,13
6059,0,12129465917,12129465912,0,0,4
6060,0,12131467367,12131467332,0,0,35
6061,0,12133469507,12133469546,0,0,-38
6062,0,12135472148,12135472128,0,0,20
6063,0,12137473988,12137473950,0,0,37
6065,0,12141477757,12141477719,0,0,38
6067,0,12145482792,12145482783,0,0,8
6068,0,12147486170,12147486155,0,0,15
6069,0,12149487521,12149487512,0,0,8
6070,0,12151489397,12151489411,0,0,-13
6073,0,12157495258,12157495238,0,0,20
6075,0,12161501164,12161501183,0,0,-19
6076,0,12163502997,12163502986,0,0,11
6078,0,12167509240,12167509258,0,0,-17
6079,0,12169509592,12169509593,0,0,-1
6080,0,12171511719,12171511654,0,0,65
6081,0,12173513596,12173513573,0,0,23
6082,0,12175515910,12175515895,0,0,15
6083,0,12177518674,12177518626,0,0,48
6085,0,12181523015,12181522980,0,0,34
6087,0,12185527128,12185527078,0,0,50
6088,0,12187529128,12187529062,0,0,66
6089,0,12189531132,12189531094,0,0,38
6090,0,12191533668,12191533660,0,0,7
6093,0,12197540487,12197540500,0,0,-13
6095,0,12201544620,12201544589,0,0,31
6096,0,12203546274,12203546214,0,0,59
6098,0,12207552213,12207552200,0,0,13
6099,0,12209553891,12209553913,0,0,-22
6100,0,12211555985,12211556011,0,0,-26
6101,0,12213558748,12213558705,0,0,42
6102,0,12215560783,12215560775,0,0,8
6103,0,12217562913,12217562925,0,0,-11
6105,0,12221566650,12221566673,0,0,-22
6107,0,12225571425,12225571412,0,0,13
6108,0,12227574533,12227574554,0,0,-20
6109,0,12229575914,12229575929,0,0,-14
6110,0,12231577944,12231577989,0,0,-44
6113,0,12237584833,12237584836,0,0,-3
6115,0,12241589228,12241589212,0,0,15
6116,0,12243590695,12243590652,0,0,42
6118,0,12247596517,12247596469,0,0,48
6119,0,12249598407,12249598354,0,0,53
6120,0,12251600862,12251600885,0,0,-22
6121,0,12253602920,12253602947,0,0,-26
6122,0,12255605134,12255605160,0,0,-25
6123,0,12257608629,12257608584,0,0,44
6125,0,12261612080,12261612018,0,0,62
6127,0,12265616698,12265616662,0,0,36
6128,0,12267620452,12267620485,0,0,-33
6129,0,12269621091,12269621119,0,0,-27
6130,0,12271622429,12271622475,0,0,-46
6133,0,12277630055,12277630078,0,0,-22
6135,0,12281633658,12281633618,0,0,39
6136,0,12283635264,12283635240,0,0,23
6138,0,12287640654,12287640638,0,0,15
6139,0,12289643802,12289643770,0,0,31
6140,0,12291646106,12291646087,0,0,19
6141,0,12293647122,12293647089,0,0,33
6142,0,12295649832,12295649822,0,0,10
6143,0,12297652237,12297652206,0,0,30
6145,0,12301655866,12301655832,0,0,33
6147,0,12305660816,12305660872,0,0,-56
6148,0,12307663330,12307663302,0,0,27
6149,0,12309665178,12309665121,0,0,57
6150,0,12311667386,12311667351,0,0,35
6153,0,12317673622,12317673584,0,0,38
6155,0,12321678594,12321678586,0,0,7
6156,0,12323680983,12323680943,0,0,39
6158,0,12327685429,12327685454,0,0,-24
6159,0,12329687485,12329687466,0,0,18
6160,0,12331690022,12331690031,0,0,-9
6161,0,12333692310,12333692262,0,0,47
6162,0,12335694065,12335694056,0,0,9
6163,0,12337696143,12337696128,0,0,15
6165,0,12341700437,12341700382,0,0,55
6167,0,12345705128,12345705119,0,0,8
6168,0,12347707352,12347707379,0,0,-26
6169,0,12349710020,12349709993,0,0,26
6170,0,12351711337,12351711351,0,0,-13
6173,0,12357718660,12357718606,0,0,53
6175,0,12361722597,12361722614,0,0,-17
6176,0,12363724502,12363724460,0,0,41
6178,0,1233360711,1233360694,0,0,17
6179,0,12369731701,12369731662,0,0,38
6180,0,12371734235,12371734268,0,0,-32
6181,0,12373736197,12373736178,0,0,18
6182,0,12375738346,12375738292,0,0,53
6183,0,12377739811,12377739789,0,0,21
6185,0,12381745363,12381745289,0,0,74
6187,0,12385749771,12385749746,0,0,25
6188,0,12387752233,12387752215,0,0,17
6189,0,12389754091,12389754060,0,0,30
6190,0,12391756294,12391756258,0,0,36
6193,0,12397761956,12397761921,0,0,35
6195,0,12401767372,12401767347,0,0,24
6196,0,12403770739,12403770707,0,0,32
6198,0,12407774456,12407774424,0,0,31
6199,0,12409776485,12409776495,0,0,-10
6200,0,12411778528,12411778480,0,0,47
6201,0,12413780922,12413780873,0,0,49
6202,0,12415783231,12415783175,0,0,56
6203,0,12417786115,12417786091,0,0,24
6205,0,12421789753,12421789703,0,0,49
6207,0,12425793635,12425793612,0,0,23
6208,0,12427795319,12427795286,0,0,33
6209,0,12429798606,12429798560,0,0,45
6210,0,12431800731,12431800694,0,0,37
6213,0,12437807568,12437807492,0,0,76
6215,0,12441813265,12441813192,0,0,73
6216,0,12443814431,12443814374,0,0,56
6218,0,12447819883,12447819844,0,0,38
6219,0,12449821811,12449821824,0,0,-13
6220,0,12451823084,12451823103,0,0,-19
6221,0,12453825094,12453825100,0,0,-6
6222,0,12455827308,12455827352,0,0,-44
6223,0,12457829788,12457829813,0,0,-25
6225,0,12461834489,12461834498,0,0,-9
6227,0,12465838840,12465838874,0,0,-33
6228,0,12467842752,12467842743,0,0,8
6229,0,12469843251,12469843239,0,0,11
6230,0,12471845250,12471845245,0,0,4
6233,0,12477853111,12477853152,0,0,-40
6235,0,12481856829,12481856894,0,0,-65
6236,0,12483858993,12483858969,0,0,23
6238,0,12487863067,12487863077,0,0,-9
6239,0,12489865633,12489865620,0,0,13
6240,0,12491867514,12491867487,0,0,26
6241,0,12493869682,12493869658,0,0,23
6242,0,12495872378,12495872424,0,0,-46
6243,0,12497874542,12497874514,0,0,27
6245,0,12501878647,12501878638,0,0,8
6247,0,12505883909,12505883885,0,0,23
6248,0,12507886727,12507886707,0,0,19
6249,0,12509887395,12509887370,0,0,24
6250,0,12511889877,12511889916,0,0,-38
6253,0,12517896289,12517896282,0,0,6
6255,0,12521901002,12521900983,0,0,18
6256,0,12523903032,12523903026,0,0,5
6258,0,12527907681,12527907639,0,0,42
6259,0,12529910604,12529910584,0,0,20
6260,0,12531912258,12531912248,0,0,9
6261,0,12533914981,12533914944,0,0,36
6262,0,12535917080,12535917026,0,0,53
6263,0,12537918829,12537918788,0,0,40
6265,0,12541923337,12541923289,0,0,48
6267,0,12545927580,12545927516,0,0,63
6268,0,12547930174,12547930217,0,0,-42
6269,0,12549933175,12549933196,0,0,-21
6270,0,12551934501,12551934516,0,0,-15
6273,0,12557940991,12557940942,0,0,48
6275,0,12561945188,12561945164,0,0,23
6276,0,12563947670,12563947637,0,0,33
6278,0,12567953933,12567953880,0,0,52
6279,0,12569954939,12569954907,0,0,31
6280,0,12571956557,12571956550,0,0,7
6281,0,12573958925,12573958885,0,0,40
6282,0,12575961179,12575961139,0,0,39
6283,0,12577963250,12577963289,0,0,-39
6285,0,12581967651,12581967705,0,0,-53
6287,0,12585972116,12585972083,0,0,33
6288,0,12587975393,12587975339,0,0,53
6289,0,12589976746,12589976715,0,0,30
6290,0,12591978642,12591978674,0,0,-31
6293,0,12597986402,12597986438,0,0,-36
6295,0,12601989770,12601989805,0,0,-35
6296,0,12603991832,12603991867,0,0,-34
6298,0,12607996732,12607996706,0,0,25
6299,0,12609998485,12609998458,0,0,26
6300,0,12612000161,12612000152,0,0,8
6301,0,12614003667,12614003707,0,0,-39
6302,0,12616005717,12616005687,0,0,29
6303,0,12618007642,12618007623,0,0,19
6305,0,12622012109,12622012077,0,0,31
6307,0,12626016350,12626016285,0,0,65
6308,0,12628017631,12628017597,0,0,33
6309,0,12630019953,12630019901,0,0,52
6310,0,12632023264,12632023233,0,0,31
6313,0,12638030033,12638030008,0,0,25
6315,0,12642034104,12642034051,0,0,52
6316,0,12644035829,12644035799,0,0,30
6318,0,12648041251,12648041232,0,0,18
6319,0,12650042961,12650042920,0,0,41
6320,0,12652044583,12652044559,0,0,23
6321,0,12654047313,12654047295,0,0,17
6322,0,12656048975,12656048967,0,0,8
6323,0,12658052292,12658052274,0,0,17
6325,0,12662056246,12662056197,0,0,49
6327,0,12666060824,12666060789,0,0,35
6328,0,12668063925,12668063911,0,0,13
6329,0,12670065614,12670065564,0,0,50
6330,0,12672067788,12672067802,0,0,-13
6333,0,12678074441,12678074433,0,0,7
6335,0,12682078601,12682078591,0,0,9
6336,0,12684080361,12684080300,0,0,60
6338,0,12688084663,12688084710,0,0,-47
6339,0,12690087704,12690087662,0,0,41
6340,0,12692089930,12692089865,0,0,65
6341,0,12694092489,12694092478,0,0,11
6342,0,12696095111,12696095078,0,0,33
6343,0,12698097583,12698097556,0,0,26
6345,0,12702101357,12702101374,0,0,-17
6347,0,12706105125,12706105158,0,0,-33
6348,0,12708107122,12708107171,0,0,-49
6349,0,12710110441,12710110413,0,0,28
6350,0,12712112570,12712112605,0,0,-34
6353,0,12718118313,12718118280,0,0,33
6355,0,12722123655,12722123626,0,0,29
6356,0,12724126206,12724126163,0,0,43
6358,0,12728130412,12728130404,0,0,8
6359,0,12730133122,12730133085,0,0,37
6360,0,12732135442,12732135401,0,0,41
6361,0,12734137552,12734137538,0,0,13
6362,0,12736140980,12736140961,0,0,18
6363,0,12738141120,12738141096,0,0,23
6365,0,12742145783,12742145758,0,0,24
6367,0,12746149600,12746149552,0,0,47
6368,0,12748151848,12748151882,0,0,-33
6369,0,12750154537,12750154487,0,0,49
6370,0,12752156617,12752156589,0,0,27
6373,0,12758163186,12758163138,0,0,47
6375,0,12762167686,12762167645,0,0,40
6376,0,12764170052,12764170042,0,0,10
6378,0,1273404785,1273404757,0,0,28
6379,0,12770177689,12770177648,0,0,40
6380,0,12772180160,12772180137,0,0,23
6381,0,12774181324,12774181338,0,0,-13
6382,0,12776183733,12776183770,0,0,-37
6383,0,12778185640,12778185649,0,0,-8
6385,0,12782190006,12782189963,0,0,43
6387,0,12786193261,12786193195,0,0,65
6388,0,12788196091,12788196083,0,0,7
6389,0,12790199255,12790199247,0,0,7
6390,0,12792201543,12792201537,0,0,5
6393,0,12798208366,12798208345,0,0,20
6395,0,12802212658,12802212729,0,0,-71
6396,0,12804214413,12804214467,0,0,-54
6398,0,12808219861,12808219907,0,0,-46
6399,0,12810220377,12810220326,0,0,50
6400,0,12812223372,12812223318,0,0,53
6401,0,12814225608,12814225552,0,0,55
6402,0,12816228031,12816228004,0,0,26
6403,0,12818230016,12818229981,0,0,35
6405,0,12822234498,12822234505,0,0,-7
6407,0,12826237906,12826237916,0,0,-9
6408,0,12828241341,12828241297,0,0,43
6409,0,12830243831,12830243815,0,0,15
6410,0,12832245698,12832245666,0,0,32
6413,0,12838252393,12838252375,0,0,17
6415,0,12842256449,12842256438,0,0,10
6416,0,12844259242,12844259235,0,0,6
6418,0,12848263075,12848263039,0,0,35
6419,0,12850264465,12850264447,0,0,17
6420,0,12852268038,12852268030,0,0,8
6421,0,12854269852,12854269826,0,0,26
6422,0,12856271431,12856271418,0,0,13
6423,0,12858274802,12858274766,0,0,35
6425,0,12862279557,12862279528,0,0,29
6427,0,12866284391,12866284430,0,0,-39
6428,0,12868288441,12868288448,0,0,-6
6429,0,12870287883,12870287862,0,0,20
6430,0,12872290512,12872290471,0,0,40
6433,0,12878296716,12878296694,0,0,22
6435,0,12882300987,12882300955,0,0,31
6436,0,12884302452,12884302481,0,0,-29
6438,0,12888308456,12888308426,0,0,29
6439,0,12890310197,12890310153,0,0,43
6440,0,12892312341,12892312321,0,0,19
6441,0,12894314794,12894314737,0,0,57
6442,0,12896316801,12896316784,0,0,17
6443,0,12898318999,12898318959,0,0,39
6445,0,12902323213,12902323127,0,0,85
6447,0,12906327758,12906327730,0,0,28
6448,0,12908329022,12908329047,0,0,-24
6449,0,12910331255,12910331211,0,0,43
6450,0,12912333463,12912333440,0,0,23
6453,0,12918342163,12918342111,0,0,51
6455,0,12922345764,12922345707,0,0,57
6456,0,12924348137,12924348127,0,0,10
6458,0,12928353040,12928353030,0,0,10
6459,0,12930354461,12930354402,0,0,59
6460,0,12932356004,12932356004,0,0,0
6461,0,12934358854,12934358813,0,0,41
6462,0,12936360549,12936360494,0,0,55
6463,0,12938363514,12938363476,0,0,38
6465,0,12942368665,12942368680,0,0,-14
6467,0,12946372334,12946372289,0,0,45
6468,0,12948375001,12948375004,0,0,-3
6469,0,12950376624,12950376583,0,0,40
6470,0,12952379249,12952379229,0,0,20
6473,0,12958385909,12958385875,0,0,33
6475,0,12962390367,12962390330,0,0,37
6476,0,12964392284,12964392275,0,0,8
6478,0,12968399040,12968399009,0,0,31
6479,0,12970399000,12970398961,0,0,38
6480,0,12972401801,12972401767,0,0,33
6481,0,12974403558,12974403534,0,0,23
6482,0,12976406119,12976406107,0,0,11
6483,0,12978408265,12978408229,0,0,35
6485,0,12982412472,12982412451,0,0,20
6487,0,12986416727,12986416693,0,0,33
6488,0,12988418883,12988418857,0,0,25
6489,0,12990420233,12990420200,0,0,33
6490,0,12992423702,12992423669,0,0,32
6493,0,12998430220,12998430276,0,0,-55
6495,0,13002435064,13002435045,0,0,18
6496,0,13004436620,13004436599,0,0,21
6498,0,13008441579,13008441572,0,0,7
6499,0,13010443666,13010443642,0,0,23
6500,0,13012446059,13012446011,0,0,47
6501,0,13014448056,13014448010,0,0,46
6502,0,13016450247,13016450193,0,0,53
6503,0,13018452822,13018452782,0,0,40
6505,0,13022456024,13022455976,0,0,47
6507,0,13026462738,13026462680,0,0,57
6508,0,13028463626,13028463572,0,0,53
6509,0,13030466310,13030466254,0,0,56
6510,0,13032468839,13032468804,0,0,34
6513,0,13038475122,13038475173,0,0,-51
6515,0,13042479227,13042479272,0,0,-44
6516,0,13044481827,13044481886,0,0,-58
6518,0,13048486766,13048486756,0,0,9
6519,0,13050488706,13050488681,0,0,24
6520,0,13052490310,13052490303,0,0,7
6521,0,13054493103,13054493081,0,0,21
6522,0,13056494966,13056494948,0,0,17
6523,0,13058497926,13058497906,0,0,20
6525,0,13062502934,13062502925,0,0,8
6527,0,13066505864,13066505903,0,0,-38
6528,0,13068509455,13068509425,0,0,29
6529,0,13070510148,13070510123,0,0,24
6530,0,13072512731,13072512658,0,0,73
6533,0,13078519576,13078519539,0,0,37
6535,0,13082524043,13082524015,0,0,27
6536,0,13084526143,13084526119,0,0,24
6538,0,13088530677,13088530649,0,0,28
6539,0,13090532838,13090532822,0,0,15
6540,0,13092534688,13092534679,0,0,8
6541,0,13094536105,13094536088,0,0,17
6542,0,13096539654,13096539629,0,0,24
6543,0,13098542991,13098542953,0,0,37
6545,0,13102546402,13102546392,0,0,10
6547,0,13106550623,13106550594,0,0,29
6548,0,13108552939,13108552924,0,0,15
6549,0,13110554963,13110554954,0,0,8
6550,0,13112557270,13112557232,0,0,38
6553,0,13118562856,13118562851,0,0,4
6555,0,13122568146,13122568119,0,0,26
6556,0,13124570238,13124570229,0,0,8
6558,0,13128575406,13128575372,0,0,34
6559,0,13130576687,13130576650,0,0,37
6560,0,13132578113,13132578128,0,0,-14
6561,0,13134580451,13134580424,0,0,26
6562,0,13136584141,13136584128,0,0,13
6563,0,13138586253,13138586229,0,0,23
6565,0,13142590559,13142590546,0,0,12
6567,0,13146595190,13146595179,0,0,11
6568,0,13148597049,13148596997,0,0,51
6569,0,13150599642,13150599617,0,0,24
6570,0,13152601479,13152601471,0,0,8
6573,0,13158608312,13158608298,0,0,13
6575,0,13162612746,13162612727,0,0,18
6576,0,13164615168,13164615157,0,0,11
6578,0,1313448244,1313448194,0,0,50
6579,0,13170621970,13170621941,0,0,29
6580,0,13172623874,13172623858,0,0,15
6581,0,13174626053,13174626024,0,0,28
6582,0,13176628806,13176628849,0,0,-42
6583,0,13178630606,13178630631,0,0,-24
6585,0,13182634148,13182634205,0,0,-56
6587,0,13186640156,13186640114,0,0,42
6588,0,13188641724,13188641707,0,0,17
6589,0,13190643842,13190643808,0,0,33
6590,0,13192646152,13192646132,0,0,19
6593,0,13198652948,13198652925,0,0,22
6595,0,13202657608,13202657622,0,0,-13
6596,0,13204661207,13204661177,0,0,30
6598,0,13208665222,13208665206,0,0,16
6599,0,13210666423,13210666399,0,0,23
6600,0,13212668365,13212668355,0,0,10
6601,0,13214670842,13214670806,0,0,35
6602,0,13216672694,13216672662,0,0,31
6603,0,13218675587,13218675564,0,0,23
6605,0,13222680060,13222680040,0,0,19
6607,0,13226682824,13226682786,0,0,37
6608,0,13228686483,13228686458,0,0,25
6609,0,13230688105,13230688082,0,0,23
6610,0,13232689447,13232689417,0,0,29
6613,0,13238697547,13238697505,0,0,42
6615,0,13242702411,13242702400,0,0,10
6616,0,13244703732,13244703684,0,0,47
6618,0,13248708364,13248708330,0,0,33
6619,0,13250711026,13250711006,0,0,20
6620,0,13252713106,13252713062,0,0,43
6621,0,13254715004,13254714976,0,0,28
6622,0,13256717267,13256717224,0,0,43
6623,0,13258719463,13258719438,0,0,25
6625,0,13262724209,13262724184,0,0,25
6627,0,13266728882,13266728844,0,0,37
6628,0,13268732076,13268732041,0,0,35
6629,0,13270733250,13270733201,0,0,49
6630,0,13272735617,13272735578,0,0,38
6633,0,13278741832,13278741791,0,0,41
6635,0,13282746640,13282746627,0,0,13
6636,0,13284748266,13284748226,0,0,40
6638,0,13288752898,13288752833,0,0,65
6639,0,13290755081,13290755098,0,0,-16
6640,0,13292757534,13292757567,0,0,-32
6641,0,13294759856,13294759805,0,0,51
6642,0,13296761698,13296761624,0,0,73
6643,0,13298763810,13298763772,0,0,38
6645,0,13302769134,13302769148,0,0,-13
6647,0,13306773057,13306772976,0,0,80
6648,0,13308775601,13308775575,0,0,25
6649,0,13310777503,13310777435,0,0,68
6650,0,13312779586,13312779544,0,0,41
6653,0,13318787164,13318787134,0,0,29
6655,0,13322790767,13322790717,0,0,49
6656,0,13324793135,13324793108,0,0,26
6658,0,13328797859,13328797831,0,0,28
6659,0,13330799836,13330799789,0,0,47
6660,0,13332802460,13332802423,0,0,37
6661,0,13334804226,13334804278,0,0,-51
6662,0,13336806039,13336805964,0,0,75
6663,0,13338807571,13338807536,0,0,35
6665,0,13342812911,13342812887,0,0,23
6667,0,13346817375,13346817350,0,0,24
6668,0,13348819813,13348819797,0,0,15
6669,0,13350822003,13350821952,0,0,50
6670,0,13352823899,13352823863,0,0,35
6673,0,13358829328,13358829280,0,0,47
6675,0,13362835589,13362835523,0,0,65
6676,0,13364837815,13364837839,0,0,-24
6678,0,13368843415,13368843406,0,0,9
6679,0,13370844965,13370844941,0,0,24
6680,0,13372847010,13372846977,0,0,32
6681,0,13374847627,13374847606,0,0,20
6682,0,13376851053,13376851011,0,0,41
6683,0,13378853937,13378853891,0,0,45
6685,0,13382857724,13382857716,0,0,8
6687,0,13386861847,13386861875,0,0,-28
6688,0,13388864347,13388864390,0,0,-42
6689,0,13390867608,13390867617,0,0,-9
6690,0,13392868862,13392868808,0,0,53
6693,0,13398875795,13398875748,0,0,47
6695,0,13402879908,13402879895,0,0,13
6696,0,13404881763,13404881738,0,0,24
6698,0,13408886773,13408886734,0,0,38
6699,0,13410888382,13410888348,0,0,33
6700,0,13412891182,13412891224,0,0,-42
6701,0,13414893033,13414893067,0,0,-34
6702,0,13416895416,13416895396,0,0,20
6703,0,13418897903,13418897885,0,0,17
6705,0,13422901998,13422901968,0,0,29
6707,0,13426906334,13426906292,0,0,41
6708,0,13428908293,13428908262,0,0,30
6709,0,13430909725,13430909770,0,0,-44
6710,0,13432913211,13432913202,0,0,8
6713,0,13438919648,13438919611,0,0,36
6715,0,13442924238,13442924206,0,0,31
6716,0,13444926211,13444926262,0,0,-51
6718,0,13448930959,13448930978,0,0,-18
6719,0,13450933125,13450933172,0,0,-47
6720,0,13452934982,13452935020,0,0,-38
6721,0,13454936432,13454936392,0,0,40
6722,0,13456939666,13456939640,0,0,25
6723,0,13458942558,13458942539,0,0,19
6725,0,13462946334,13462946310,0,0,23
6727,0,13466950813,13466950787,0,0,25
6728,0,13468954674,13468954669,0,0,5
6729,0,13470955797,13470955774,0,0,23
6730,0,13472957669,13472957618,0,0,50
6733,0,13478964278,13478964283,0,0,-4
6735,0,13482968644,13482968617,0,0,26
6736,0,13484970800,13484970768,0,0,31
6738,0,13488975745,13488975707,0,0,38
6739,0,13490977290,13490977263,0,0,26
6740,0,13492979903,13492979955,0,0,-51
6741,0,13494982568,13494982561,0,0,6
6742,0,13496984995,13496984985,0,0,9
6743,0,13498987044,13498987026,0,0,17
6745,0,13502990352,13502990321,0,0,31
6747,0,13506995469,13506995442,0,0,27
6748,0,13508998024,13508998061,0,0,-36
6749,0,13510999657,13510999638,0,0,19
6750,0,13513001952,13513001977,0,0,-24
6753,0,13519008451,13519008420,0,0,31
6755,0,13523013183,13523013189,0,0,-6
6756,0,13525015706,13525015677,0,0,29
6758,0,13529019944,13529019985,0,0,-40
6759,0,13531021897,13531021932,0,0,-34
6760,0,13533024094,13533024148,0,0,-53
6761,0,13535026274,13535026308,0,0,-34
6762,0,13537028675,13537028658,0,0,16
6763,0,13539031125,13539031085,0,0,40
6765,0,13543035355,13543035396,0,0,-41
6767,0,13547038758,13547038729,0,0,29
6768,0,13549041775,13549041757,0,0,17
6769,0,13551043296,13551043281,0,0,15
6770,0,13553046529,13553046469,0,0,60
6773,0,13559052961,13559052997,0,0,-36
6775,0,13563057621,13563057636,0,0,-15
6776,0,13565060170,13565060161,0,0,8
6778,0,1353494979,1353494996,0,0,-16
6779,0,13571067541,13571067510,0,0,30
6780,0,13573069822,13573069815,0,0,6
6781,0,13575070977,13575071012,0,0,-35
6782,0,13577074561,13577074507,0,0,54
6783,0,13579075464,13579075482,0,0,-17
6785,0,13583079874,13583079849,0,0,24
6787,0,13587084103,13587084073,0,0,30
6788,0,13589087154,13589087103,0,0,50
6789,0,13591088843,13591088872,0,0,-29
6790,0,13593091285,13593091258,0,0,26
6793,0,13599097451,13599097422,0,0,29
6795,0,13603101917,13603101847,0,0,69
6796,0,13605104144,13605104166,0,0,-22
6798,0,13609109033,13609109054,0,0,-20
6799,0,13611111326,13611111264,0,0,62
6800,0,13613114164,13613114115,0,0,49
6801,0,13615115365,13615115316,0,0,49
6802,0,13617117679,13617117694,0,0,-14
6803,0,13619119903,13619119878,0,0,25
6805,0,13623124103,13623124081,0,0,21
6807,0,13627128510,13627128450,0,0,59
6808,0,13629130060,13629130032,0,0,27
6809,0,13631133139,13631133113,0,0,25
6810,0,13633135423,13633135377,0,0,45
6813,0,13639142285,13639142253,0,0,31
6815,0,13643145141,13643145101,0,0,40
6816,0,13645147855,13645147813,0,0,41
6818,0,13649153269,13649153235,0,0,33
6819,0,13651155759,13651155716,0,0,42
6820,0,13653157863,13653157826,0,0,36
6821,0,13655159986,13655159938,0,0,47
6822,0,13657162656,13657162612,0,0,43
6823,0,13659164227,13659164252,0,0,-24
6825,0,13663168634,13663168647,0,0,-12
6827,0,13667173267,13667173217,0,0,49
6828,0,13669177179,13669177121,0,0,58
6829,0,13671177723,13671177681,0,0,42
6830,0,13673180005,13673179959,0,0,46
6833,0,13679186626,13679186577,0,0,49
6835,0,13683190651,13683190660,0,0,-8
6836,0,13685193816,13685193856,0,0,-39
6838,0,13689198338,13689198373,0,0,-35
6839,0,13691200011,13691200047,0,0,-35
6840,0,13693201669,13693201703,0,0,-33
6841,0,13695203494,13695203457,0,0,36
6842,0,13697206462,13697206478,0,0,-15
6843,0,13699208903,13699208934,0,0,-31
6845,0,13703213371,13703213363,0,0,8
6847,0,13707217838,13707217852,0,0,-14
6848,0,13709219972,13709219926,0,0,45
6849,0,13711222398,13711222345,0,0,53
6850,0,13713224161,13713224089,0,0,71
6853,0,13719231105,13719231056,0,0,49
6855,0,13723235321,13723235258,0,0,62
6856,0,13725237769,13725237810,0,0,-40
6858,0,13729242416,13729242463,0,0,-47
6859,0,13731244050,13731244095,0,0,-44
6860,0,13733245478,13733245538,0,0,-59
6861,0,13735248888,13735248863,0,0,24
6862,0,13737251084,13737251127,0,0,-42
6863,0,13739253038,13739253024,0,0,13
6865,0,13743258048,13743258042,0,0,5
6867,0,13747261987,13747262034,0,0,-47
6868,0,13749265368,13749265412,0,0,-43
6869,0,13751266885,13751266934,0,0,-49
6870,0,13753269018,13753269035,0,0,-16
6873,0,13759275394,13759275421,0,0,-26
6875,0,13763280680,13763280656,0,0,24
6876,0,13765282271,13765282258,0,0,13
6878,0,13769288496,13769288534,0,0,-38
6879,0,13771288778,13771288811,0,0,-32
6880,0,13773290926,13773290952,0,0,-26
6881,0,13775292492,13775292523,0,0,-31
6882,0,13777295746,13777295712,0,0,33
6883,0,13779298010,13779297973,0,0,37
6885,0,13783302226,13783302206,0,0,20
6887,0,13787306387,13787306359,0,0,28
6888,0,13789307770,13789307757,0,0,13
6889,0,13791311168,13791311145,0,0,23
6890,0,13793313118,13793313062,0,0,55
6893,0,13799319768,13799319735,0,0,33
6895,0,13803324802,13803324764,0,0,38
6896,0,13805326887,13805326823,0,0,63
6898,0,13809331557,13809331591,0,0,-33
6899,0,13811333267,13811333307,0,0,-40
6900,0,13813335847,13813335824,0,0,22
6901,0,13815337779,13815337745,0,0,33
6902,0,13817340364,13817340349,0,0,14
6903,0,13819342346,13819342307,0,0,38
6905,0,13823347415,13823347401,0,0,13
6907,0,13827351144,13827351089,0,0,54
6908,0,13829353357,13829353341,0,0,15
6909,0,13831356576,13831356564,0,0,12
6910,0,13833358017,13833357999,0,0,18
6913,0,13839363303,13839363334,0,0,-31
6915,0,13843367995,13843367966,0,0,29
6916,0,13845371431,13845371397,0,0,33
6918,0,13849375800,13849375814,0,0,-13
6919,0,13851378640,13851378692,0,0,-51
6920,0,13853381211,13853381223,0,0,-11
6921,0,13855382598,13855382581,0,0,17
6922,0,13857384310,13857384273,0,0,36
6923,0,13859386119,13859386089,0,0,30
6925,0,13863391141,13863391149,0,0,-8
6927,0,13867395973,13867395959,0,0,13
6928,0,13869398966,13869399038,0,0,-71
6929,0,13871399910,13871399949,0,0,-38
6930,0,13873402189,13873402153,0,0,35
6933,0,13879408883,13879408925,0,0,-42
6935,0,13883413294,13883413274,0,0,20
6936,0,13885415745,13885415712,0,0,32
6938,0,13889420173,13889420161,0,0,11
6939,0,13891422806,13891422793,0,0,12
6940,0,13893424653,13893424629,0,0,24
6941,0,13895427186,13895427149,0,0,36
6942,0,13897429116,13897429083,0,0,33
6943,0,13899430885,13899430915,0,0,-30
6945,0,13903435978,13903435968,0,0,9
6947,0,13907440451,13907440469,0,0,-17
6948,0,13909442829,13909442874,0,0,-44
6949,0,13911444441,13911444412,0,0,29
6950,0,13913446966,13913446932,0,0,33
6953,0,13919453657,13919453651,0,0,5
6955,0,13923458156,13923458096,0,0,59
6956,0,13925460341,13925460283,0,0,58
6958,0,13929464459,13929464404,0,0,55
6959,0,13931466392,13931466352,0,0,40
6960,0,13933469307,13933469269,0,0,37
6961,0,13935471582,13935471525,0,0,56
6962,0,13937473523,13937473442,0,0,80
6963,0,13939475861,13939475810,0,0,51
6965,0,13943480768,13943480800,0,0,-31
6967,0,13947484600,13947484537,0,0,63
6968,0,13949487734,13949487705,0,0,29
6969,0,13951490240,13951490209,0,0,30
6970,0,13953491710,13953491684,0,0,25
6973,0,13959496716,13959496711,0,0,5
6975,0,13963502257,13963502227,0,0,29
6976,0,13965504348,13965504314,0,0,33
6978,0,1393538428,1393538382,0,0,45
6979,0,13971511020,13971510993,0,0,26
6980,0,13973512529,13973512521,0,0,7
6981,0,13975516098,13975516064,0,0,33
6982,0,13977519305,13977519280,0,0,25
6983,0,13979520348,13979520310,0,0,38
6985,0,13983524928,13983524895,0,0,33
6987,0,13987529276,13987529235,0,0,41
6988,0,13989531138,13989531076,0,0,61
6989,0,13991532687,13991532656,0,0,31
6990,0,13993535624,13993535593,0,0,30
6993,0,13999542281,13999542267,0,0,13
6995,0,14003546782,14003546736,0,0,45
6996,0,14005548229,14005548203,0,0,26
6998,0,14009553789,14009553755,0,0,33
6999,0,14011556106,14011556082,0,0,24
7000,0,14013558217,14013558204,0,0,13
7001,0,14015561325,14015561287,0,0,37
7002,0,14017562408,14017562368,0,0,40
7003,0,14019564960,14019564930,0,0,30
7005,0,14023568050,14023568069,0,0,-18
7007,0,14027573413,14027573420,0,0,-6
7008,0,14029576031,14029576072,0,0,-40
7009,0,14031578063,14031578084,0,0,-20
7010,0,14033580483,14033580529,0,0,-46
7013,0,14039587251,14039587182,0,0,68
7015,0,14043591380,14043591326,0,0,53
7016,0,14045593665,14045593649,0,0,15
7018,0,14049598058,14049598082,0,0,-24
7019,0,14051600343,14051600366,0,0,-22
7020,0,14053602501,14053602494,0,0,7
7021,0,14055604665,14055604611,0,0,53
7022,0,14057607170,14057607183,0,0,-13
7023,0,14059609332,14059609342,0,0,-9
7025,0,14063613791,14063613842,0,0,-51
7027,0,14067617960,14067617926,0,0,33
7028,0,14069621883,14069621874,0,0,8
7029,0,14071623049,14071623031,0,0,18
7030,0,14073625057,14073625027,0,0,29
7033,0,14079630391,14079630365,0,0,25
7035,0,14083635893,14083635844,0,0,49
7036,0,14085638350,14085638364,0,0,-13
7038,0,14089641600,14089641643,0,0,-42
7039,0,14091644770,14091644751,0,0,18
7040,0,14093646863,14093646838,0,0,25
7041,0,14095649268,14095649256,0,0,11
7042,0,14097652014,14097652006,0,0,8
7043,0,14099654114,14099654153,0,0,-39
7045,0,14103657949,14103657971,0,0,-22
7047,0,14107662553,14107662538,0,0,15
7048,0,14109664807,14109664842,0,0,-35
7049,0,14111666771,14111666749,0,0,22
7050,0,14113668428,14113668393,0,0,34
7053,0,14119675999,14119675993,0,0,5
7055,0,14123679840,14123679862,0,0,-22
7056,0,14125683802,14125683832,0,0,-30
7058,0,14129687702,14129687716,0,0,-14
7059,0,14131688907,14131688867,0,0,40
7060,0,14133690705,14133690667,0,0,38
7061,0,14135693797,14135693761,0,0,36
7062,0,14137695773,14137695717,0,0,55
7063,0,14139698125,14139698107,0,0,17
7065,0,14143702705,14143702677,0,0,27
7067,0,14147707441,14147707422,0,0,19
7068,0,14149709391,14149709444,0,0,-53
7069,0,14151711608,14151711561,0,0,47
7070,0,14153713611,14153713566,0,0,44
7073,0,14159720482,14159720465,0,0,17
7075,0,14163724681,14163724738,0,0,-56
7076,0,14165726757,14165726803,0,0,-45
7078,0,14169733620,14169733582,0,0,37
7079,0,14171735135,14171735124,0,0,11
7080,0,14173735968,14173735992,0,0,-23
7081,0,14175738225,14175738188,0,0,37
7082,0,14177740952,14177740941,0,0,11
7083,0,14179742714,14179742672,0,0,41
7085,0,14183747052,14183747063,0,0,-11
7087,0,14187751382,14187751360,0,0,21
7088,0,14189753970,14189753978,0,0,-8
7089,0,14191756624,14191756609,0,0,15
7090,0,14193758665,14193758617,0,0,47
7093,0,14199764344,14199764317,0,0,26
7095,0,14203769264,14203769264,0,0,0
7096,0,14205772130,14205772143,0,0,-13
7098,0,14209776264,14209776246,0,0,17
7099,0,14211779006,14211778970,0,0,36
7100,0,14213780814,14213780805,0,0,8
7101,0,14215782412,14215782402,0,0,10
7102,0,14217784593,14217784567,0,0,25
7103,0,14219787035,14219787071,0,0,-35
7105,0,14223790617,14223790593,0,0,23
7107,0,14227796149,14227796160,0,0,-11
7108,0,14229798036,14229798081,0,0,-44
7109,0,14231799584,14231799570,0,0,13
7110,0,14233804109,14233804101,0,0,8
7113,0,14239808443,14239808457,0,0,-13
7115,0,14243813759,14243813693,0,0,65
7116,0,14245816075,14245816026,0,0,49
7118,0,14249819588,14249819531,0,0,57
7119,0,14251822813,14251822734,0,0,78
7120,0,14253825037,14253824977,0,0,60
7121,0,14255827343,14255827284,0,0,58
7122,0,14257829564,14257829498,0,0,65
7123,0,14259831883,14259831836,0,0,47
7125,0,14263835833,14263835803,0,0,30
7127,0,14267840620,14267840559,0,0,60
7128,0,14269845200,14269845180,0,0,19
7129,0,14271844941,14271844958,0,0,-16
7130,0,14273847067,14273847110,0,0,-42
7133,0,14279853667,14279853721,0,0,-53
7135,0,14283856811,14283856766,0,0,44
7136,0,14285859528,14285859560,0,0,-32
7138,0,14289865267,14289865333,0,0,-66
7139,0,14291867267,14291867292,0,0,-25
7140,0,14293869474,14293869456,0,0,18
7141,0,14295871831,14295871798,0,0,32
7142,0,14297873826,14297873795,0,0,30
7143,0,14299877291,14299877247,0,0,43
7145,0,14303881135,14303881087,0,0,47
7147,0,14307885040,14307884980,0,0,60
7148,0,14309887126,14309887080,0,0,45
7149,0,14311889175,14311889150,0,0,24
7150,0,14313890042,14313890015,0,0,26
7153,0,14319897600,14319897591,0,0,8
7155,0,14323902440,14323902422,0,0,17
7156,0,14325904142,14325904127,0,0,15
7158,0,14329909851,14329909821,0,0,30
7159,0,14331911497,14331911464,0,0,33
7160,0,14333913714,14333913698,0,0,16
7161,0,14335915182,14335915150,0,0,31
7162,0,14337918571,14337918584,0,0,-13
7163,0,14339921564,14339921528,0,0,36
7165,0,14343926366,14343926341,0,0,25
7167,0,14347929485,14347929503,0,0,-17
7168,0,14349931543,14349931503,0,0,40
7169,0,14351933285,14351933247,0,0,37
7170,0,14353936307,14353936289,0,0,18
7173,0,14359942705,14359942666,0,0,38
7175,0,14363947379,14363947332,0,0,46
7176,0,14365949510,14365949489,0,0,20
7178,0,1433581648,1433581615,0,0,32
7179,0,14371955928,14371955883,0,0,45
7180,0,14373957383,14373957411,0,0,-27
7181,0,14375960704,14375960718,0,0,-13
7182,0,14377963092,14377963114,0,0,-22
7183,0,14379966471,14379966400,0,0,71
7185,0,14383969346,14383969314,0,0,31
7187,0,14387973639,14387973648,0,0,-8
7188,0,14389975424,14389975379,0,0,45
7189,0,14391978808,14391978739,0,0,69
7190,0,14393981302,14393981214,0,0,87
7193,0,14399987489,14399987420,0,0,69
7195,0,14403992613,14403992562,0,0,50
7196,0,14405995096,14405995071,0,0,25
7198,0,14409998447,14409998425,0,0,22
7199,0,14412000285,14412000307,0,0,-21
7200,0,14414002093,14414002071,0,0,22
7201,0,14416005732,14416005745,0,0,-13
7202,0,14418008229,14418008206,0,0,23
7203,0,14420009955,14420009928,0,0,27
7205,0,14424013743,14424013707,0,0,35
7207,0,14428019062,14428019081,0,0,-18
7208,0,14430021175,14430021214,0,0,-39
7209,0,14432022837,14432022847,0,0,-10
7210,0,14434025126,14434025072,0,0,53
7213,0,14440030520,14440030479,0,0,40
7215,0,14444036107,14444036132,0,0,-24
7216,0,14446038473,14446038514,0,0,-40
7218,0,14450044182,14450044195,0,0,-13
7219,0,14452045182,14452045214,0,0,-32
7220,0,14454047415,14454047385,0,0,29
7221,0,14456050076,14456050051,0,0,24
7222,0,14458051784,14458051753,0,0,30
7223,0,14460054499,14460054466,0,0,33
7225,0,14464058968,14464058951,0,0,17
7227,0,14468061801,14468061774,0,0,26
7228,0,14470067256,14470067313,0,0,-56
7229,0,14472067372,14472067413,0,0,-40
7230,0,14474069608,14474069622,0,0,-14
7233,0,14480075723,14480075755,0,0,-31
7235,0,14484080304,14484080244,0,0,60
7236,0,14486082068,14486082042,0,0,25
7238,0,14490087712,14490087759,0,0,-47
7239,0,14492090177,14492090148,0,0,29
7240,0,14494091527,14494091486,0,0,40
7241,0,14496093453,14496093445,0,0,8
7242,0,14498096566,14498096560,0,0,5
7243,0,14500098851,14500098818,0,0,33
7245,0,14504102082,14504102098,0,0,-15
7247,0,14508107357,14508107328,0,0,29
7248,0,14510109377,14510109384,0,0,-6
7249,0,14512110941,14512110916,0,0,25
7250,0,14514114299,14514114252,0,0,47
7253,0,14520120851,14520120833,0,0,18
7255,0,14524126000,14524125991,0,0,9
7256,0,14526128554,14526128596,0,0,-42
7258,0,14530131808,14530131872,0,0,-63
7259,0,14532135060,14532135108,0,0,-48
7260,0,14534137548,14534137615,0,0,-67
7261,0,14536138696,14536138749,0,0,-53
7262,0,14538141227,14538141184,0,0,43
7263,0,14540143469,14540143433,0,0,35
7265,0,14544147213,14544147208,0,0,4
7267,0,14548152163,14548152121,0,0,41
7268,0,14550153887,14550153852,0,0,35
7269,0,14552155406,14552155361,0,0,44
7270,0,14554158838,14554158852,0,0,-13
7273,0,14560165358,14560165389,0,0,-31
7275,0,14564169875,14564169928,0,0,-52
7276,0,14566172400,14566172463,0,0,-62
7278,0,14570178099,14570178146,0,0,-46
7279,0,14572178703,14572178748,0,0,-44
7280,0,14574181610,14574181584,0,0,25
7281,0,14576183374,14576183361,0,0,13
7282,0,14578185516,14578185503,0,0,13
7283,0,14580187802,14580187767,0,0,35
7285,0,14584192306,14584192298,0,0,8
7287,0,14588196326,14588196277,0,0,49
7288,0,14590198189,14590198206,0,0,-16
7289,0,14592200378,14592200398,0,0,-20
7290,0,14594203302,14594203339,0,0,-37
7293,0,14600210865,14600210890,0,0,-24
7295,0,14604214280,14604214337,0,0,-56
7296,0,14606216132,14606216068,0,0,63
7298,0,14610220844,14610220838,0,0,6
7299,0,14612222977,14612223011,0,0,-34
7300,0,14614225162,14614225179,0,0,-17
7301,0,14616227631,14616227674,0,0,-42
7302,0,14618229986,14618229961,0,0,24
7303,0,14620231932,14620231881,0,0,51
7305,0,14624235243,14624235271,0,0,-28
7307,0,14628240741,14628240777,0,0,-36
7308,0,14630243498,14630243530,0,0,-31
7309,0,14632245371,14632245387,0,0,-15
7310,0,14634247843,14634247856,0,0,-13
7313,0,14640254479,14640254458,0,0,20
7315,0,14644258609,14644258593,0,0,16
7316,0,14646261507,14646261472,0,0,34
7318,0,14650265681,14650265613,0,0,68
7319,0,14652267373,14652267355,0,0,17
7320,0,14654269479,14654269498,0,0,-18
7321,0,14656271078,14656271100,0,0,-21
7322,0,14658274477,14658274500,0,0,-22
7323,0,14660277553,14660277581,0,0,-27
7325,0,14664280975,14664280928,0,0,47
7327,0,14668284996,14668284948,0,0,47
7328,0,14670287822,14670287802,0,0,20
7329,0,14672290516,14672290477,0,0,39
7330,0,14674290944,14674290916,0,0,28
7333,0,14680297689,14680297635,0,0,53
7335,0,14684302454,14684302408,0,0,46
7336,0,14686305247,14686305235,0,0,12
7338,0,14690310404,14690310442,0,0,-38
7339,0,14692312257,14692312233,0,0,23
7340,0,14694314546,14694314546,0,0,0
7341,0,14696316831,14696316803,0,0,28
7342,0,14698318761,14698318733,0,0,27
7343,0,14700321159,14700321128,0,0,31
7345,0,14704325642,14704325633,0,0,8
7347,0,14708329665,14708329652,0,0,13
7348,0,14710332698,14710332649,0,0,48
7349,0,14712334308,14712334273,0,0,35
7350,0,14714337008,14714336973,0,0,35
7353,0,14720343508,14720343617,0,0,-109
7355,0,14724348131,14724348146,0,0,-15
7356,0,14726350444,14726350483,0,0,-38
7358,0,14730354451,14730354409,0,0,42
7359,0,14732357176,14732357151,0,0,24
7360,0,14734358803,14734358770,0,0,33
7361,0,14736361151,14736361118,0,0,33
7362,0,14738363857,14738363820,0,0,37
7363,0,14740365438,14740365422,0,0,15
7365,0,14744369655,14744369623,0,0,31
7367,0,14748375406,14748375377,0,0,29
7368,0,14750377644,14750377605,0,0,38
7369,0,14752378655,14752378605,0,0,49
7370,0,14754381156,14754381098,0,0,57
7373,0,14760387270,14760387259,0,0,11
7375,0,14764391736,14764391689,0,0,46
7376,0,14766393370,14766393340,0,0,30
7378,0,1473626841,1473626804,0,0,37
7379,0,14772401460,14772401423,0,0,36
7380,0,14774403123,14774403133,0,0,-9
7381,0,14776405588,14776405546,0,0,42
7382,0,14778407873,14778407821,0,0,51
7383,0,14780409908,14780409878,0,0,29
7385,0,14784414215,14784414201,0,0,14
7387,0,14788419145,14788419096,0,0,48
7388,0,14790421577,14790421566,0,0,11
7389,0,14792423075,14792423044,0,0,30
7390,0,14794425592,14794425566,0,0,25
7393,0,14800431116,14800431095,0,0,21
7395,0,14804436293,14804436246,0,0,47
7396,0,14806437632,14806437575,0,0,56
7398,0,14810443548,14810443521,0,0,26
7399,0,14812445608,14812445574,0,0,33
7400,0,14814447991,14814447949,0,0,41
7401,0,14816450274,14816450235,0,0,38
7402,0,14818452240,14818452190,0,0,50
7403,0,14820454476,14820454461,0,0,15
7405,0,14824458806,14824458786,0,0,20
7407,0,14828463685,14828463676,0,0,8
7408,0,14830466121,14830466114,0,0,7
7409,0,14832467892,14832467853,0,0,39
7410,0,14834470303,14834470338,0,0,-34
7413,0,14840477252,14840477262,0,0,-9
7415,0,14844480871,14844480877,0,0,-6
7416,0,14846483554,14846483560,0,0,-6
7418,0,14850487558,14850487560,0,0,-2
7419,0,14852489301,14852489283,0,0,18
7420,0,14854492822,14854492803,0,0,18
7421,0,14856495652,14856495693,0,0,-40
7422,0,14858496787,14858496828,0,0,-40
7423,0,14860498750,14860498783,0,0,-33
7425,0,14864503498,14864503478,0,0,20
7427,0,14868507527,14868507579,0,0,-52
7428,0,14870510334,14870510304,0,0,30
7429,0,14872512084,14872512122,0,0,-38
7430,0,14874514311,14874514346,0,0,-35
7433,0,14880521083,14880521053,0,0,29
7435,0,14884525375,14884525424,0,0,-48
7436,0,14886527838,14886527826,0,0,11
7438,0,14890532409,14890532395,0,0,14
7439,0,14892536259,14892536242,0,0,17
7440,0,14894536525,14894536534,0,0,-9
7441,0,14896537761,14896537751,0,0,9
7442,0,14898540328,14898540269,0,0,58
7443,0,14900543592,14900543557,0,0,35
7445,0,14904548175,14904548123,0,0,51
7447,0,14908551912,14908551879,0,0,33
7448,0,14910553534,14910553516,0,0,18
7449,0,14912556919,14912556862,0,0,57
7450,0,14914559126,14914559094,0,0,32
7453,0,14920565597,14920565574,0,0,23
7455,0,14924570031,14924570000,0,0,31
7456,0,14926572326,14926572311,0,0,15
7458,0,14930577181,14930577171,0,0,9
7459,0,14932578952,14932578914,0,0,38
7460,0,14934581396,14934581370,0,0,25
7461,0,14936583624,14936583588,0,0,35
7462,0,14938585826,14938585802,0,0,23
7463,0,14940588137,14940588087,0,0,49
7465,0,14944592627,14944592672,0,0,-44
7467,0,14948596656,14948596673,0,0,-16
7468,0,14950599661,14950599636,0,0,24
7469,0,14952600976,14952600943,0,0,32
7470,0,14954602725,14954602673,0,0,51
7473,0,14960610633,14960610626,0,0,6
7475,0,14964614982,14964614932,0,0,49
7476,0,14966617629,14966617614,0,0,15
7478,0,14970623051,14970623040,0,0,10
7479,0,14972623176,14972623147,0,0,29
7480,0,14974624786,14974624749,0,0,37
7481,0,14976628319,14976628288,0,0,30
7482,0,14978630220,14978630161,0,0,59
7483,0,14980632521,14980632481,0,0,40
7485,0,14984636845,14984636835,0,0,9
7487,0,14988641370,14988641298,0,0,71
7488,0,14990643627,14990643588,0,0,38
7489,0,14992645557,14992645522,0,0,35
7490,0,14994648074,14994648026,0,0,47
7493,0,15000654925,15000654932,0,0,-6
7495,0,15004658087,15004658123,0,0,-35
7496,0,15006661551,15006661595,0,0,-43
7498,0,15010665679,15010665705,0,0,-25
7499,0,15012667966,15012667983,0,0,-16
7500,0,15014670629,15014670664,0,0,-34
7501,0,15016672406,15016672424,0,0,-17
7502,0,15018674686,15018674725,0,0,-39
7503,0,15020676784,15020676800,0,0,-15
7505,0,15024681281,15024681328,0,0,-47
7507,0,15028685469,15028685497,0,0,-28
7508,0,15030687770,15030687813,0,0,-42
7509,0,15032690513,15032690541,0,0,-28
7510,0,15034692597,15034692632,0,0,-35
7513,0,15040699464,15040699490,0,0,-26
7515,0,15044703870,15044703881,0,0,-11
7516,0,15046706060,15046706083,0,0,-22
7518,0,15050710792,15050710770,0,0,21
7519,0,15052712402,15052712442,0,0,-40
7520,0,15054714200,15054714278,0,0,-78
7521,0,15056715951,15056715990,0,0,-38
7522,0,15058719600,15058719559,0,0,40
7523,0,15060721279,15060721249,0,0,29
7525,0,15064725882,15064725866,0,0,15
7527,0,15068730242,15068730211,0,0,31
7528,0,15070733899,15070733877,0,0,22
7529,0,15072734879,15072734845,0,0,33
7530,0,15074738416,15074738384,0,0,31
7533,0,15080743720,15080743688,0,0,31
7535,0,15084747620,15084747588,0,0,31
7536,0,15086749656,15086749667,0,0,-11
7538,0,15090753892,15090753876,0,0,15
7539,0,15092757083,15092757047,0,0,35
7540,0,15094759446,15094759507,0,0,-60
7541,0,15096761332,15096761348,0,0,-16
7542,0,15098764131,15098764098,0,0,33
7543,0,15100766195,15100766159,0,0,35
7545,0,15104770918,15104770909,0,0,8
7547,0,15108775643,15108775654,0,0,-11
7548,0,15110778092,15110778077,0,0,15
7549,0,15112779305,15112779261,0,0,43
7550,0,15114781632,15114781579,0,0,53
7553,0,15120788718,15120788693,0,0,24
7555,0,15124792439,15124792373,0,0,66
7556,0,15126795290,15126795238,0,0,51
7558,0,15130799773,15130799794,0,0,-21
7559,0,15132801420,15132801382,0,0,37
7560,0,15134803851,15134803811,0,0,40
7561,0,15136805705,15136805658,0,0,47
7562,0,15138808503,15138808535,0,0,-31
7563,0,15140810735,15140810698,0,0,37
7565,0,15144813451,15144813414,0,0,37
7567,0,15148819084,15148819055,0,0,29
7568,0,15150821303,15150821279,0,0,23
7569,0,15152822512,15152822474,0,0,38
7570,0,15154826008,15154825958,0,0,49
7573,0,15160833307,15160833310,0,0,-2
7575,0,15164836620,15164836629,0,0,-8
7576,0,15166838051,15166838061,0,0,-10
7578,0,1513671680,1513671621,0,0,59
7579,0,15172847527,15172847539,0,0,-12
7580,0,15174849396,15174849421,0,0,-24
7581,0,15176851411,15176851370,0,0,41
7582,0,15178852644,15178852675,0,0,-31
7583,0,15180855092,15180855074,0,0,18
7585,0,15184860260,15184860241,0,0,18
7587,0,15188863856,15188863823,0,0,32
7588,0,15190866349,15190866367,0,0,-17
7589,0,15192868388,15192868330,0,0,58
7590,0,15194870755,15194870787,0,0,-31
7593,0,15200877394,15200877438,0,0,-44
7595,0,15204881592,15204881615,0,0,-23
7596,0,15206883366,15206883443,0,0,-76
7598,0,15210888591,15210888626,0,0,-34
7599,0,15212890231,15212890268,0,0,-36
7600,0,15214892459,15214892494,0,0,-35
7601,0,15216894764,15216894759,0,0,4
7602,0,15218897256,15218897225,0,0,30
7603,0,15220900270,15220900325,0,0,-55
7605,0,15224903717,15224903707,0,0,9
7607,0,15228908193,15228908206,0,0,-12
7608,0,15230910539,15230910569,0,0,-30
7609,0,15232912377,15232912347,0,0,29
7610,0,15234913963,15234913949,0,0,13
7613,0,15240921354,15240921330,0,0,24
7615,0,15244926422,15244926469,0,0,-47
7616,0,15246928498,15246928560,0,0,-61
7618,0,15250932858,15250932819,0,0,38
7619,0,15252935099,15252935074,0,0,25
7620,0,15254937044,15254937033,0,0,10
7621,0,15256939087,15256939058,0,0,29
7622,0,15258942262,15258942305,0,0,-42
7623,0,15260943497,15260943521,0,0,-23
7625,0,15264948202,15264948212,0,0,-10
7627,0,15268952568,15268952480,0,0,87
7628,0,15270957188,15270957162,0,0,26
7629,0,15272958207,15272958170,0,0,36
7630,0,15274959546,15274959508,0,0,37
7633,0,15280965990,15280965958,0,0,31
7635,0,15284970748,15284970704,0,0,44
7636,0,15286972597,15286972549,0,0,48
7638,0,15290977280,15290977282,0,0,-1
7639,0,15292979564,15292979500,0,0,63
7640,0,15294982299,15294982240,0,0,58
7641,0,15296982546,15296982495,0,0,51
7642,0,15298985345,15298985296,0,0,49
7643,0,15300988723,15300988684,0,0,38
7645,0,15304992536,15304992568,0,0,-32
7647,0,15308996876,15308996816,0,0,59
7648,0,15310998402,15310998394,0,0,8
7649,0,15313001948,15313001907,0,0,40
7650,0,15315003670,15315003649,0,0,20
7653,0,15321009495,15321009435,0,0,60
7655,0,15325014681,15325014638,0,0,43
7656,0,15327016333,15327016312,0,0,21
7658,0,15331022692,15331022741,0,0,-49
7659,0,15333024159,15333024191,0,0,-31
7660,0,15335026172,15335026150,0,0,22
7661,0,15337028071,15337028033,0,0,38
7662,0,15339031074,15339031034,0,0,39
7663,0,15341032839,15341032853,0,0,-13
7665,0,15345037094,15345037141,0,0,-47
7667,0,15349041626,15349041597,0,0,29
7668,0,15351043833,15351043811,0,0,22
7669,0,15353046144,15353046101,0,0,43
7670,0,15355048406,15355048382,0,0,24
7673,0,15361055051,15361055113,0,0,-61
7675,0,15365058497,15365058546,0,0,-49
7676,0,15367061444,15367061411,0,0,32
7678,0,15371068130,15371068111,0,0,19
7679,0,15373068032,15373067988,0,0,43
7680,0,15375069502,15375069490,0,0,11
7681,0,15377072802,15377072771,0,0,30
7682,0,15379074898,15379074860,0,0,38
7683,0,15381077198,15381077166,0,0,32
7685,0,15385081428,15385081404,0,0,24
7687,0,15389086020,15389086013,0,0,6
7688,0,15391088098,15391088069,0,0,29
7689,0,15393089763,15393089749,0,0,13
7690,0,15395093285,15395093236,0,0,49
7693,0,15401099907,15401099920,0,0,-13
7695,0,15405103489,15405103458,0,0,31
7696,0,15407106204,15407106172,0,0,31
7698,0,15411110881,15411110838,0,0,43
7699,0,15413112882,15413112857,0,0,24
7700,0,15415114946,15415114934,0,0,11
7701,0,15417117564,15417117543,0,0,20
7702,0,15419120314,15419120278,0,0,36
7703,0,15421121804,15421121781,0,0,23
7705,0,15425126357,15425126366,0,0,-9
7707,0,15429131628,15429131591,0,0,36
7708,0,15431133629,15431133617,0,0,11
7709,0,15433134080,15433134110,0,0,-29
7710,0,15435137844,15435137889,0,0,-44
7713,0,15441143945,15441143916,0,0,29
7715,0,15445148084,15445148029,0,0,55
7716,0,15447149789,15447149746,0,0,43
7718,0,15451154884,15451154853,0,0,30
7719,0,15453155874,15453155842,0,0,31
7720,0,15455158571,15455158556,0,0,15
7721,0,15457162054,15457162020,0,0,34
7722,0,15459164615,15459164600,0,0,15
7723,0,15461166534,15461166498,0,0,35
7725,0,15465170646,15465170637,0,0,8
7727,0,15469174833,15469174816,0,0,17
7728,0,15471177577,15471177560,0,0,17
7729,0,15473179567,15473179528,0,0,38
7730,0,15475181818,15475181764,0,0,54
7733,0,15481188342,15481188310,0,0,31
7735,0,15485192912,15485192865,0,0,47
7736,0,15487195148,15487195181,0,0,-32
7738,0,15491199639,15491199660,0,0,-21
7739,0,15493202604,15493202614,0,0,-9
7740,0,15495205084,15495205058,0,0,26
7741,0,15497206636,15497206586,0,0,50
7742,0,15499209001,15499208966,0,0,35
7743,0,15501210411,15501210433,0,0,-22
7745,0,15505215046,15505215071,0,0,-24
7747,0,15509219212,15509219240,0,0,-28
7748,0,15511220972,15511220924,0,0,47
7749,0,15513223821,15513223783,0,0,38
7750,0,15515227725,15515227685,0,0,40
7753,0,15521232991,15521232975,0,0,15
7755,0,15525237667,15525237631,0,0,35
7756,0,15527239585,15527239575,0,0,10
7758,0,15531244940,15531244934,0,0,5
7759,0,15533247526,15533247510,0,0,15
7760,0,15535248499,15535248492,0,0,7
7761,0,15537250995,15537251057,0,0,-62
7762,0,15539253512,15539253465,0,0,47
7763,0,15541255778,15541255729,0,0,49
7765,0,15545260581,15545260539,0,0,42
7767,0,15549264192,15549264229,0,0,-36
7768,0,15551266931,15551266912,0,0,18
7769,0,15553267257,15553267202,0,0,55
7770,0,15555269767,15555269780,0,0,-13
7773,0,15561277879,15561277844,0,0,34
7775,0,15565282227,15565282213,0,0,14
7776,0,15567284033,15567284015,0,0,17
7778,0,1553715583,1553715575,0,0,7
7779,0,15573290673,15573290634,0,0,38
7780,0,15575293198,15575293166,0,0,31
7781,0,15577294981,15577294942,0,0,38
7782,0,15579297211,15579297186,0,0,24
7783,0,15581299873,15581299835,0,0,37
7785,0,15585303828,15585303839,0,0,-11
7787,0,15589308640,15589308631,0,0,8
7788,0,15591310954,15591310949,0,0,4
7789,0,15593313755,15593313745,0,0,9
7790,0,15595315180,15595315155,0,0,25
7793,0,15601321885,15601321891,0,0,-6
7795,0,15605326404,15605326465,0,0,-60
7796,0,15607328577,15607328552,0,0,25
7798,0,15611333604,15611333547,0,0,57
7799,0,15613335465,15613335410,0,0,55
7800,0,15615337514,15615337483,0,0,31
7801,0,15617339919,15617339868,0,0,51
7802,0,15619342184,15619342123,0,0,60
7803,0,15621345148,15621345121,0,0,26
7805,0,15625348905,15625348869,0,0,35
7807,0,15629353499,15629353494,0,0,4
7808,0,15631355352,15631355316,0,0,35
7809,0,15633358124,15633358083,0,0,40
7810,0,15635359986,15635359958,0,0,27
7813,0,15641365355,15641365392,0,0,-36
7815,0,15645371498,15645371428,0,0,69
7816,0,15647373156,15647373132,0,0,24
7818,0,15651378035,15651378044,0,0,-9
7819,0,15653380303,15653380313,0,0,-10
7820,0,15655382390,15655382448,0,0,-58
7821,0,15657384424,15657384390,0,0,33
7822,0,15659386441,15659386458,0,0,-17
7823,0,15661388905,15661388869,0,0,35
7825,0,15665392966,15665392977,0,0,-11
7827,0,15669398642,15669398611,0,0,30
7828,0,15671402140,15671402125,0,0,14
7829,0,15673401849,15673401805,0,0,43
7830,0,15675404321,15675404284,0,0,36
7833,0,15681410642,15681410632,0,0,10
7835,0,15685415278,15685415244,0,0,33
7836,0,15687417600,15687417587,0,0,13
7838,0,15691422566,15691422609,0,0,-42
7839,0,15693424095,15693424121,0,0,-26
7840,0,15695426564,15695426516,0,0,47
7841,0,15697428872,15697428844,0,0,28
7842,0,15699432159,15699432172,0,0,-13
7843,0,15701433206,15701433221,0,0,-15
7845,0,15705437728,15705437701,0,0,26
7847,0,15709441860,15709441835,0,0,25
7848,0,15711443153,15711443102,0,0,51
7849,0,15713446379,15713446335,0,0,43
7850,0,15715448750,15715448682,0,0,67
7853,0,15721455105,15721455116,0,0,-11
7855,0,15725459686,15725459660,0,0,25
7856,0,15727462234,15727462220,0,0,13
7858,0,15731466462,15731466450,0,0,11
7859,0,15733468621,15733468648,0,0,-26
7860,0,15735471006,15735471053,0,0,-47
7861,0,15737473049,15737473004,0,0,44
7862,0,15739475629,15739475571,0,0,58
7863,0,15741477448,15741477424,0,0,23
7865,0,15745482508,15745482545,0,0,-36
7867,0,15749486727,15749486729,0,0,-2
7868,0,15751489111,15751489159,0,0,-48
7869,0,15753491909,15753491869,0,0,39
7870,0,15755494253,15755494220,0,0,33
7873,0,15761499604,15761499556,0,0,48
7875,0,15765504805,15765504777,0,0,27
7876,0,15767506569,15767506532,0,0,36
7878,0,15771513803,15771513830,0,0,-26
7879,0,15773513168,15773513122,0,0,45
7880,0,15775515682,15775515665,0,0,16
7881,0,15777517471,15777517432,0,0,39
7882,0,15779520110,15779520094,0,0,15
7883,0,15781521973,15781521941,0,0,31
7885,0,15785526399,15785526390,0,0,8
7887,0,15789529866,15789529838,0,0,27
7888,0,15791533501,15791533543,0,0,-41
7889,0,15793535008,15793534983,0,0,25
7890,0,15795536968,15795536948,0,0,20
7893,0,15801544273,15801544287,0,0,-14
7895,0,15805547812,15805547786,0,0,25
7896,0,15807552023,15807551992,0,0,31
7898,0,15811555775,15811555758,0,0,16
7899,0,15813558174,15813558134,0,0,40
7900,0,15815560491,15815560481,0,0,9
7901,0,15817562712,15817562697,0,0,15
7902,0,15819564313,15819564284,0,0,29
7903,0,15821566473,15821566454,0,0,18
7905,0,15825570935,15825570926,0,0,8
7907,0,15829575007,15829574989,0,0,17
7908,0,15831576404,15831576378,0,0,25
7909,0,15833578724,15833578707,0,0,17
7910,0,15835582260,15835582222,0,0,38
7913,0,15841588750,15841588712,0,0,38
7915,0,15845591773,15845591901,0,0,-128
7916,0,15847594627,15847594652,0,0,-24
7918,0,15851600013,15851599985,0,0,27
7919,0,15853602274,15853602246,0,0,27
7920,0,15855604766,15855604775,0,0,-8
7921,0,15857606826,15857606805,0,0,20
7922,0,15859608775,15859608738,0,0,37
7923,0,15861610941,15861610978,0,0,-36
7925,0,15865615440,15865615431,0,0,8
7927,0,15869619615,15869619602,0,0,13
7928,0,15871623253,15871623289,0,0,-36
7929,0,15873625639,15873625663,0,0,-24
7930,0,15875626569,15875626528,0,0,41
7933,0,15881633503,15881633492,0,0,10
7935,0,15885637822,15885637804,0,0,18
7936,0,15887640901,15887640874,0,0,26
7938,0,15891644256,15891644316,0,0,-59
7939,0,15893647002,15893646977,0,0,25
7940,0,15895649106,15895649099,0,0,6
7941,0,15897651197,15897651164,0,0,33
7942,0,15899653223,15899653213,0,0,10
7943,0,15901656165,15901656141,0,0,23
7945,0,15905660031,15905660061,0,0,-30
7947,0,15909664327,15909664374,0,0,-47
7948,0,15911666696,15911666740,0,0,-44
7949,0,15913668920,15913668957,0,0,-36
7950,0,15915672051,15915672090,0,0,-39
7953,0,15921677638,15921677649,0,0,-11
7955,0,15925681997,15925681975,0,0,22
7956,0,15927684393,15927684422,0,0,-29
7958,0,15931689106,15931689099,0,0,6
7959,0,15933691299,15933691275,0,0,24
7960,0,15935693390,15935693361,0,0,29
7961,0,15937695657,15937695617,0,0,40
7962,0,15939697840,15939697831,0,0,8
7963,0,15941699051,15941699038,0,0,13
7965,0,15945703534,15945703487,0,0,47
7967,0,15949709152,15949709123,0,0,29
7968,0,15951711993,15951711969,0,0,23
7969,0,15953714380,15953714351,0,0,29
7970,0,15955715822,15955715772,0,0,50
7973,0,15961722644,15961722618,0,0,25
7975,0,15965726377,15965726353,0,0,23
7976,0,15967728305,15967728332,0,0,-26
7978,0,1593760265,1593760253,0,0,11
7979,0,15973735124,15973735141,0,0,-16
7980,0,15975737321,15975737315,0,0,5
7981,0,15977740078,15977740067,0,0,11
7982,0,15979742416,15979742393,0,0,23
7983,0,15981744685,15981744728,0,0,-42
7985,0,15985748844,15985748911,0,0,-66
7987,0,15989754289,15989754279,0,0,10
7988,0,15991755907,15991755883,0,0,23
7989,0,15993758089,15993758042,0,0,47
7990,0,15995760417,15995760390,0,0,27
7993,0,16001766958,16001766941,0,0,17
7995,0,16005771545,16005771533,0,0,11
7996,0,16007773703,16007773748,0,0,-44
7998,0,16011777964,16011777899,0,0,65
7999,0,16013779744,16013779685,0,0,58
8000,0,16015781221,16015781155,0,0,66
8001,0,16017783797,16017783743,0,0,53
8002,0,16019787312,16019787251,0,0,60
8003,0,16021788901,16021788850,0,0,50
8005,0,16025794283,16025794289,0,0,-6
8007,0,16029797683,16029797623,0,0,60
8008,0,16031798757,16031798724,0,0,33
8009,0,16033800892,16033800840,0,0,51
8010,0,16035803647,16035803640,0,0,6
8013,0,16041811307,16041811266,0,0,41
8015,0,16045815753,16045815705,0,0,48
8016,0,16047817976,16047817947,0,0,29
8018,0,16051822886,16051822867,0,0,18
8019,0,16053824571,16053824521,0,0,49
8020,0,16055827112,16055827095,0,0,17
8021,0,16057829732,16057829692,0,0,40
8022,0,16059831340,16059831331,0,0,8
8023,0,16061833393,16061833346,0,0,47
8025,0,16065838787,16065838741,0,0,45
8027,0,16069842180,16069842171,0,0,8
8028,0,16071846577,16071846560,0,0,17
8029,0,16073846831,16073846777,0,0,53
8030,0,16075849443,16075849438,0,0,5
8033,0,16081854503,16081854453,0,0,50
8035,0,16085860175,16085860139,0,0,35
8036,0,16087862002,16087861960,0,0,42
8038,0,16091867198,16091867141,0,0,57
8039,0,16093869595,16093869537,0,0,57
8040,0,16095870884,16095870871,0,0,13
8041,0,16097872352,16097872382,0,0,-29
8042,0,16099875906,16099875899,0,0,6
8043,0,16101877988,16101877966,0,0,22
8045,0,16105881177,16105881187,0,0,-10
8047,0,16109886877,16109886843,0,0,33
8048,0,16111889382,16111889383,0,0,0
8049,0,16113891366,16113891325,0,0,40
8050,0,16115893912,16115893877,0,0,35
8053,0,16121899867,16121899853,0,0,13
8055,0,16125904941,16125904924,0,0,17
8056,0,16127907736,16127907699,0,0,36
8058,0,16131911462,16131911475,0,0,-13
8059,0,16133913608,16133913577,0,0,31
8060,0,16135916105,16135916105,0,0,0
8061,0,16137919210,16137919255,0,0,-44
8062,0,16139920459,16139920510,0,0,-51
8063,0,16141922663,16141922622,0,0,41
8065,0,16145926881,16145926872,0,0,8
8067,0,16149931588,16149931555,0,0,33
8068,0,16151933241,16151933212,0,0,29
8069,0,16153934626,16153934606,0,0,19
8070,0,16155938630,16155938605,0,0,24
8073,0,16161944968,16161944932,0,0,35
8075,0,16165949019,16165948966,0,0,53
8076,0,16167952060,16167952043,0,0,16
8078,0,16171957092,16171957051,0,0,40
8079,0,16173959487,16173959480,0,0,6
8080,0,16175960547,16175960557,0,0,-9
8081,0,16177962286,16177962272,0,0,13
8082,0,16179963815,16179963806,0,0,8
8083,0,16181967023,16181967006,0,0,16
8085,0,16185971297,16185971308,0,0,-11
8087,0,16189975894,16189975845,0,0,49
8088,0,16191978130,16191978083,0,0,47
8089,0,16193980323,16193980291,0,0,32
8090,0,16195982910,16195982894,0,0,15
8093,0,16201989254,16201989240,0,0,13
8095,0,16205993405,16205993378,0,0,26
8096,0,16207995793,16207995849,0,0,-55
8098,0,16212000295,16212000249,0,0,45
8099,0,16214002642,16214002613,0,0,28
8100,0,16216004801,16216004794,0,0,6
8101,0,16218007166,16218007145,0,0,20
8102,0,16220009370,16220009357,0,0,12
8103,0,16222011281,16222011266,0,0,15
8105,0,16226015679,16226015664,0,0,15
8107,0,16230020790,16230020815,0,0,-24
8108,0,16232022824,16232022818,0,0,5
8109,0,16234024964,16234024959,0,0,4
8110,0,16236027638,16236027610,0,0,27
8113,0,16242033589,16242033584,0,0,4
8115,0,16246038174,16246038147,0,0,26
8116,0,16248040983,16248040959,0,0,23
8118,0,16252045221,16252045193,0,0,28
8119,0,16254046964,16254046952,0,0,11
8120,0,16256049222,16256049177,0,0,44
8121,0,16258052421,16258052407,0,0,13
8122,0,16260054813,16260054777,0,0,36
8123,0,16262056302,16262056356,0,0,-53
8125,0,16266060555,16266060538,0,0,17
8127,0,16270064592,16270064583,0,0,8
8128,0,16272068863,16272068824,0,0,38
8129,0,16274069360,16274069318,0,0,42
8130,0,16276071497,16276071468,0,0,29
8133,0,16282077859,16282077822,0,0,37
8135,0,16286082434,16286082393,0,0,41
8136,0,16288084815,16288084797,0,0,17
8138,0,16292089696,16292089692,0,0,4
8139,0,16294091542,16294091500,0,0,42
8140,0,16296093444,16296093408,0,0,36
8141,0,16298095155,16298095130,0,0,24
8142,0,16300098184,16300098170,0,0,13
8143,0,16302100308,16302100274,0,0,33
8145,0,16306104860,16306104915,0,0,-54
8147,0,16310109563,16310109606,0,0,-43
8148,0,16312111975,16312111966,0,0,8
8149,0,16314114603,16314114550,0,0,52
8150,0,16316117128,16316117116,0,0,11
8153,0,16322122752,16322122744,0,0,8
8155,0,16326127079,16326127027,0,0,51
8156,0,16328129206,16328129177,0,0,29
8158,0,16332132694,16332132638,0,0,56
8159,0,16334135973,16334135914,0,0,58
8160,0,16336138093,16336138034,0,0,58
8161,0,16338140579,16338140528,0,0,51
8162,0,16340143092,16340143053,0,0,39
8163,0,16342145529,16342145485,0,0,43
8165,0,16346149653,16346149642,0,0,10
8167,0,16350153718,16350153662,0,0,55
8168,0,16352156036,16352156004,0,0,31
8169,0,16354158176,16354158148,0,0,28
8170,0,16356161839,16356161826,0,0,13
8173,0,16362167139,16362167128,0,0,10
8175,0,16366171748,16366171709,0,0,38
8176,0,16368173734,16368173727,0,0,6
8178,0,1633805114,1633805145,0,0,-31
8179,0,16374180631,16374180577,0,0,53
8180,0,16376182691,16376182718,0,0,-26
8181,0,16378185319,16378185263,0,0,55
8182,0,16380187525,16380187503,0,0,22
8183,0,16382189755,16382189717,0,0,38
8185,0,16386193878,16386193829,0,0,49
8187,0,16390198726,16390198658,0,0,67
8188,0,16392201498,16392201475,0,0,23
8189,0,16394202837,16394202776,0,0,60
8190,0,16396205796,16396205751,0,0,44
8193,0,16402211622,16402211553,0,0,68
8195,0,16406216311,16406216253,0,0,57
8196,0,16408218112,16408218054,0,0,57
8198,0,16412223108,16412223062,0,0,46
8199,0,16414224937,16414224951,0,0,-14
8200,0,16416227532,16416227564,0,0,-31
8201,0,16418229557,16418229594,0,0,-36
8202,0,16420231634,16420231642,0,0,-8
8203,0,16422234009,16422233970,0,0,38
8205,0,16426238061,16426238048,0,0,13
8207,0,16430242847,16430242815,0,0,31
8208,0,16432245618,16432245608,0,0,10
8209,0,16434247651,16434247682,0,0,-30
8210,0,16436249820,16436249839,0,0,-18
8213,0,16442256449,16442256488,0,0,-39
8215,0,16446259981,16446259947,0,0,33
8216,0,16448262975,16448262939,0,0,36
8218,0,16452268721,16452268663,0,0,57
8219,0,16454269896,16454269857,0,0,38
8220,0,16456271708,16456271680,0,0,28
8221,0,16458274052,16458274041,0,0,11
8222,0,16460275841,16460275801,0,0,40
8223,0,16462277497,16462277468,0,0,29
8225,0,16466282373,16466282366,0,0,6
8227,0,16470286231,16470286213,0,0,18
8228,0,16472290936,16472290905,0,0,30
8229,0,16474291449,16474291425,0,0,23
8230,0,16476292914,16476292903,0,0,11
8233,0,16482300552,16482300512,0,0,40
8235,0,16486304537,16486304508,0,0,29
8236,0,16488306975,16488306959,0,0,16
8238,0,16492312049,16492312029,0,0,19
8239,0,16494314452,16494314438,0,0,13
8240,0,16496315832,16496315800,0,0,32
8241,0,16498317100,16498317131,0,0,-31
8242,0,16500319503,16500319548,0,0,-44
8243,0,16502323266,16502323319,0,0,-52
8245,0,16506327022,16506327067,0,0,-44
8247,0,16510331858,16510331885,0,0,-26
8248,0,16512334056,16512334038,0,0,17
8249,0,16514336561,16514336596,0,0,-35
8250,0,16516338306,16516338286,0,0,20
8253,0,16522346103,16522346087,0,0,15
8255,0,16526348331,16526348297,0,0,33
8256,0,16528351501,16528351465,0,0,36
8258,0,16532355294,16532355271,0,0,23
8259,0,16534358420,16534358393,0,0,26
8260,0,16536360786,16536360729,0,0,57
8261,0,16538363459,16538363444,0,0,15
8262,0,16540366297,16540366340,0,0,-42
8263,0,16542367831,16542367856,0,0,-24
8265,0,16546371063,16546371049,0,0,13
8267,0,16550376644,16550376627,0,0,16
8268,0,16552378203,16552378190,0,0,13
8269,0,16554379564,16554379597,0,0,-32
8270,0,16556382869,16556382901,0,0,-31
8273,0,16562388613,16562388671,0,0,-58
8275,0,16566392644,16566392718,0,0,-73
8276,0,16568395339,16568395382,0,0,-42
8278,0,16572401324,16572401359,0,0,-35
8279,0,16574402975,16574403016,0,0,-41
8280,0,16576405879,16576405908,0,0,-29
8281,0,16578406869,16578406896,0,0,-27
8282,0,16580409841,16580409809,0,0,31
8283,0,16582411878,16582411850,0,0,28
8285,0,16586416146,16586416104,0,0,41
8287,0,16590420644,16590420595,0,0,49
8288,0,16592423092,16592423144,0,0,-52
8289,0,16594425116,16594425148,0,0,-31
8290,0,16596427782,16596427793,0,0,-11
8293,0,16602434062,16602434109,0,0,-47
8295,0,16606438393,16606438383,0,0,10
8296,0,16608441152,16608441144,0,0,8
8298,0,16612445667,16612445641,0,0,25
8299,0,16614447786,16614447779,0,0,6
8300,0,16616450036,16616450103,0,0,-67
8301,0,16618451889,16618451858,0,0,31
8302,0,16620454271,16620454260,0,0,10
8303,0,16622456406,16622456370,0,0,35
8305,0,16626461045,16626461012,0,0,33
8307,0,16630464756,16630464736,0,0,20
8308,0,16632466262,16632466246,0,0,16
8309,0,16634468898,16634468835,0,0,63
8310,0,16636472215,16636472168,0,0,47
8313,0,16642478660,16642478703,0,0,-42
8315,0,16646483709,16646483734,0,0,-24
8316,0,16648486289,16648486299,0,0,-9
8318,0,16652490364,16652490393,0,0,-29
8319,0,16654491594,16654491612,0,0,-17
8320,0,16656493206,16656493223,0,0,-16
8321,0,16658496894,16658496907,0,0,-13
8322,0,16660498986,16660498992,0,0,-6
8323,0,16662501350,16662501357,0,0,-6
8325,0,16666505231,16666505176,0,0,54
8327,0,16670509619,16670509564,0,0,54
8328,0,16672513804,16672513762,0,0,41
8329,0,16674513976,16674513946,0,0,29
8330,0,16676516458,16676516411,0,0,47
8333,0,16682522013,16682521970,0,0,43
8335,0,16686528645,16686528620,0,0,25
8336,0,16688529603,16688529613,0,0,-10
8338,0,16692534218,16692534200,0,0,17
8339,0,16694536354,16694536324,0,0,29
8340,0,16696539009,16696539000,0,0,8
8341,0,16698541478,16698541447,0,0,31
8342,0,16700543340,16700543373,0,0,-32
8343,0,16702545934,16702545901,0,0,32
8345,0,16706549659,16706549640,0,0,19
8347,0,16710553895,16710553874,0,0,21
8348,0,16712555633,16712555590,0,0,43
8349,0,16714558532,16714558497,0,0,34
8350,0,16716560844,16716560785,0,0,58
8353,0,16722568557,16722568547,0,0,10
8355,0,16726570677,16726570627,0,0,49
8356,0,16728572915,16728572874,0,0,41
8358,0,16732579024,16732578985,0,0,38
8359,0,16734581235,16734581200,0,0,35
8360,0,16736583637,16736583600,0,0,37
8361,0,16738585177,16738585158,0,0,18
8362,0,16740587449,16740587435,0,0,14
8363,0,16742589671,16742589648,0,0,22
8365,0,16746594300,16746594280,0,0,19
8367,0,16750598597,16750598557,0,0,40
8368,0,16752601021,16752601038,0,0,-16
8369,0,16754603111,16754603073,0,0,38
8370,0,16756605424,16756605462,0,0,-38
8373,0,16762612060,16762612096,0,0,-36
8375,0,16766616341,16766616350,0,0,-9
8376,0,16768619064,16768619017,0,0,47
8378,0,1673849427,1673849392,0,0,35
8379,0,16774626543,16774626489,0,0,53
8380,0,16776628896,16776628930,0,0,-34
8381,0,16778630600,16778630562,0,0,37
8382,0,16780633416,16780633425,0,0,-8
8383,0,16782634637,16782634670,0,0,-33
8385,0,16786639276,16786639291,0,0,-15
8387,0,16790643426,16790643466,0,0,-40
8388,0,16792645742,16792645687,0,0,55
8389,0,16794648594,16794648543,0,0,50
8390,0,16796650069,16796650029,0,0,40
8393,0,16802655298,16802655288,0,0,9
8395,0,16806660786,16806660742,0,0,43
8396,0,16808663160,16808663133,0,0,26
8398,0,16812667449,16812667421,0,0,28
8399,0,16814668722,16814668709,0,0,13
8400,0,16816671750,16816671735,0,0,15
8401,0,16818673167,16818673147,0,0,20
8402,0,16820676355,16820676368,0,0,-12
8403,0,16822678969,16822678940,0,0,29
8405,0,16826683051,16826683040,0,0,10
8407,0,16830687846,16830687798,0,0,47
8408,0,16832691455,16832691469,0,0,-14
8409,0,16834692854,16834692894,0,0,-40
8410,0,16836695336,16836695305,0,0,30
8413,0,16842700910,16842700885,0,0,25
8415,0,16846704255,16846704287,0,0,-32
8416,0,16848708044,16848708081,0,0,-36
8418,0,16852712814,16852712806,0,0,8
8419,0,16854714250,16854714226,0,0,23
8420,0,16856716137,16856716123,0,0,13
8421,0,16858717608,16858717598,0,0,10
8422,0,16860721138,16860721101,0,0,36
8423,0,16862723463,16862723430,0,0,33
8425,0,16866727880,16866727868,0,0,11
8427,0,16870731116,16870731069,0,0,47
8428,0,16872735849,16872735815,0,0,33
8429,0,16874736780,16874736817,0,0,-36
8430,0,16876739158,16876739201,0,0,-42
8433,0,16882745415,16882745467,0,0,-52
8435,0,16886749965,16886750010,0,0,-44
8436,0,16888752483,16888752559,0,0,-75
8438,0,16892757206,16892757242,0,0,-35
8439,0,16894758818,16894758793,0,0,24
8440,0,16896761046,16896761032,0,0,13
8441,0,16898763465,16898763447,0,0,17
8442,0,16900765655,16900765611,0,0,43
8443,0,16902768322,16902768300,0,0,22
8445,0,16906772247,16906772210,0,0,36
8447,0,16910776506,16910776456,0,0,49
8448,0,16912779035,16912779013,0,0,22
8449,0,16914781088,16914781059,0,0,29
8450,0,16916783737,16916783721,0,0,15
8453,0,16922790074,16922790111,0,0,-36
8455,0,16926795010,16926795048,0,0,-38
8456,0,16928796383,16928796434,0,0,-51
8458,0,16932801265,16932801235,0,0,29
8459,0,16934802921,16934802904,0,0,17
8460,0,16936804433,16936804442,0,0,-8
8461,0,16938807743,16938807784,0,0,-41
8462,0,16940810280,16940810305,0,0,-24
8463,0,16942813305,16942813343,0,0,-38
8465,0,16946816872,16946816842,0,0,30
8467,0,16950821013,16950820982,0,0,30
8468,0,16952823309,16952823301,0,0,8
8469,0,16954825483,16954825451,0,0,31
8470,0,16956827580,16956827557,0,0,23
8473,0,16962835238,16962835217,0,0,20
8475,0,16966838716,16966838720,0,0,-3
8476,0,16968842477,16968842514,0,0,-36
8478,0,16972846838,16972846840,0,0,-2
8479,0,16974847869,16974847810,0,0,59
8480,0,16976850155,16976850112,0,0,43
8481,0,16978853201,16978853157,0,0,43
8482,0,16980854651,16980854585,0,0,65
8483,0,16982856355,16982856291,0,0,63
8485,0,16986860793,16986860771,0,0,22
8487,0,16990866016,16990865993,0,0,23
8488,0,16992867705,16992867739,0,0,-33
8489,0,16994870112,16994870076,0,0,36
8490,0,16996872593,16996872525,0,0,67
8493,0,17002879069,17002879060,0,0,8
8495,0,17006882907,17006882871,0,0,35
8496,0,17008884776,17008884767,0,0,8
8498,0,17012890238,17012890216,0,0,22
8499,0,17014893847,17014893877,0,0,-29
8500,0,17016894811,17016894802,0,0,8
8501,0,17018896683,17018896656,0,0,26
8502,0,17020898986,17020899052,0,0,-65
8503,0,17022901122,17022901088,0,0,33
8505,0,17026905754,17026905730,0,0,23
8507,0,17030909784,17030909750,0,0,33
8508,0,17032911835,17032911777,0,0,58
8509,0,17034914418,17034914359,0,0,58
8510,0,17036917150,17036917144,0,0,5
8513,0,17042923808,17042923775,0,0,33
8515,0,17046927701,17046927712,0,0,-11
8516,0,17048930264,17048930214,0,0,49
8518,0,17052934749,17052934712,0,0,37
8519,0,17054937251,17054937231,0,0,20
8520,0,17056939544,17056939535,0,0,8
8521,0,17058941465,17058941428,0,0,37
8522,0,17060943334,17060943301,0,0,33
8523,0,17062945626,17062945575,0,0,51
8525,0,17066949834,17066949825,0,0,8
8527,0,17070954483,17070954448,0,0,35
8528,0,17072957996,17072957986,0,0,9
8529,0,17074959261,17074959222,0,0,39
8530,0,17076961507,17076961468,0,0,38
8533,0,17082968431,17082968406,0,0,24
8535,0,17086972317,17086972243,0,0,74
8536,0,17088974514,17088974458,0,0,56
8538,0,17092979243,17092979231,0,0,11
8539,0,17094981359,17094981303,0,0,55
8540,0,17096983468,17096983411,0,0,57
8541,0,17098985363,17098985326,0,0,36
8542,0,17100987102,17100987008,0,0,94
8543,0,17102990067,17102990023,0,0,44
8545,0,17106994513,17106994505,0,0,8
8547,0,17110999202,17110999123,0,0,78
8548,0,17113001350,17113001285,0,0,65
8549,0,17115003626,17115003578,0,0,48
8550,0,17117006096,17117006036,0,0,60
8553,0,17123012815,17123012754,0,0,60
8555,0,17127016728,17127016701,0,0,26
8556,0,17129019786,17129019761,0,0,25
8558,0,17133023835,17133023761,0,0,74
8559,0,17135025798,17135025731,0,0,67
8560,0,17137028418,17137028404,0,0,14
8561,0,17139030973,17139030935,0,0,37
8562,0,17141033561,17141033604,0,0,-42
8563,0,17143035126,17143035148,0,0,-22
8565,0,17147039269,17147039241,0,0,27
8567,0,17151043370,17151043364,0,0,5
8568,0,17153045851,17153045834,0,0,16
8569,0,17155047849,17155047826,0,0,23
8570,0,17157050402,17157050425,0,0,-22
8573,0,17163055662,17163055674,0,0,-12
8575,0,17167060917,17167060943,0,0,-25
8576,0,17169062467,17169062481,0,0,-14
8578,0,1713894384,1713894348,0,0,35
8579,0,17175070333,17175070296,0,0,37
8580,0,17177072243,17177072206,0,0,37
8581,0,17179073897,17179073848,0,0,49
8582,0,17181077277,17181077242,0,0,35
8583,0,17183079787,17183079758,0,0,29
8585,0,17187084351,17187084360,0,0,-8
8587,0,17191087997,17191087973,0,0,23
8588,0,17193090421,17193090401,0,0,20
8589,0,17195092348,17195092319,0,0,28
8590,0,17197094878,17197094842,0,0,35
8593,0,17203101804,17203101818,0,0,-14
8595,0,17207105908,17207105870,0,0,38
8596,0,17209109098,17209109083,0,0,15
8598,0,17213113153,17213113102,0,0,51
8599,0,17215114667,17215114644,0,0,22
8600,0,17217117443,17217117420,0,0,23
8601,0,17219119883,17219119838,0,0,44
8602,0,17221121794,17221121756,0,0,38
8603,0,17223124296,17223124267,0,0,29
8605,0,17227127898,17227127912,0,0,-13
8607,0,17231132484,17231132460,0,0,23
8608,0,17233134914,17233134980,0,0,-65
8609,0,17235137959,17235138001,0,0,-41
8610,0,17237139355,17237139400,0,0,-44
8613,0,17243146025,17243146000,0,0,24
8615,0,17247150080,17247150059,0,0,20
8616,0,17249152668,17249152652,0,0,15
8618,0,17253157459,17253157446,0,0,13
8619,0,17255159321,17255159312,0,0,9
8620,0,17257161151,17257161193,0,0,-42
8621,0,17259162626,17259162669,0,0,-42
8622,0,17261166264,17261166295,0,0,-31
8623,0,17263168192,17263168170,0,0,22
8625,0,17267173069,17267173116,0,0,-47
8627,0,17271177739,17271177674,0,0,65
8628,0,17273180588,17273180555,0,0,33
8629,0,17275182548,17275182510,0,0,37
8630,0,17277183788,17277183811,0,0,-22
8633,0,17283189416,17283189468,0,0,-51
8635,0,17287195468,17287195388,0,0,80
8636,0,17289197566,17289197539,0,0,26
8638,0,17293201771,17293201806,0,0,-34
8639,0,17295203453,17295203505,0,0,-51
8640,0,17297206138,17297206191,0,0,-53
8641,0,17299208523,17299208498,0,0,24
8642,0,17301210403,17301210365,0,0,38
8643,0,17303212820,17303212803,0,0,17
8645,0,17307218042,17307218010,0,0,32
8647,0,17311221217,17311221192,0,0,25
8648,0,17313223844,17313223814,0,0,30
8649,0,17315225807,17315225750,0,0,56
8650,0,17317228875,17317228843,0,0,31
8653,0,17323233671,17323233660,0,0,11
8655,0,17327238819,17327238779,0,0,40
8656,0,17329240023,17329239986,0,0,37
8658,0,17333246077,17333246047,0,0,30
8659,0,17335248429,17335248396,0,0,33
8660,0,17337250279,17337250331,0,0,-51
8661,0,17339253029,17339253060,0,0,-31
8662,0,17341254923,17341254914,0,0,8
8663,0,17343256937,17343256900,0,0,37
8665,0,17347261536,17347261507,0,0,29
8667,0,17351266396,17351266341,0,0,55
8668,0,17353268765,17353268725,0,0,39
8669,0,17355270644,17355270616,0,0,27
8670,0,17357273033,17357272974,0,0,59
8673,0,17363279069,17363279056,0,0,13
8675,0,17367283460,17367283453,0,0,6
8676,0,17369286404,17369286373,0,0,30
8678,0,17373293134,17373293096,0,0,38
8679,0,17375294474,17375294432,0,0,42
8680,0,17377295755,17377295802,0,0,-46
8681,0,17379297100,17379297056,0,0,43
8682,0,17381300369,17381300361,0,0,8
8683,0,17383302081,17383302040,0,0,41
8685,0,17387306276,17387306258,0,0,18
8687,0,17391310589,17391310554,0,0,35
8688,0,17393312800,17393312790,0,0,10
8689,0,17395315138,17395315105,0,0,33
8690,0,17397317411,17397317360,0,0,50
8693,0,17403324650,17403324615,0,0,34
8695,0,17407327986,17407327931,0,0,54
8696,0,17409329939,17409329946,0,0,-6
8698,0,17413335031,17413335022,0,0,8
8699,0,17415336877,17415336829,0,0,48
8700,0,17417338343,17417338337,0,0,6
8701,0,17419341713,17419341691,0,0,22
8702,0,17421344307,17421344263,0,0,43
8703,0,17423345934,17423345901,0,0,33
8705,0,17427350804,17427350745,0,0,59
8707,0,17431355168,17431355217,0,0,-48
8708,0,17433357386,17433357420,0,0,-33
8709,0,17435359761,17435359776,0,0,-14
8710,0,17437362111,17437362080,0,0,30
8713,0,17443368626,17443368604,0,0,22
8715,0,17447373015,17447372947,0,0,67
8716,0,17449375058,17449375071,0,0,-12
8718,0,17453379490,17453379447,0,0,43
8719,0,17455382567,17455382523,0,0,43
8720,0,17457384332,17457384346,0,0,-13
8721,0,17459385980,17459385961,0,0,18
8722,0,17461388375,17461388367,0,0,8
8723,0,17463390869,17463390818,0,0,50
8725,0,17467395138,17467395131,0,0,6
8727,0,17471399432,17471399408,0,0,23
8728,0,17473403970,17473403998,0,0,-28
8729,0,17475404946,17475404923,0,0,22
8730,0,17477406292,17477406285,0,0,6
8733,0,17483412935,17483412905,0,0,30
8735,0,17487416860,17487416845,0,0,15
8736,0,17489418523,17489418498,0,0,24
8738,0,17493424370,17493424330,0,0,39
8739,0,17495426486,17495426496,0,0,-10
8740,0,17497428251,17497428285,0,0,-34
8741,0,17499431227,17499431188,0,0,38
8742,0,17501433282,17501433252,0,0,29
8743,0,17503435853,17503435807,0,0,45
8745,0,17507439097,17507439077,0,0,20
8747,0,17511443544,17511443487,0,0,56
8748,0,17513445629,17513445620,0,0,8
8749,0,17515448329,17515448312,0,0,17
8750,0,17517450394,17517450427,0,0,-33
8753,0,17523457286,17523457250,0,0,35
8755,0,17527461741,17527461721,0,0,20
8756,0,17529464717,17529464771,0,0,-53
8758,0,17533468813,17533468783,0,0,29
8759,0,17535470683,17535470662,0,0,20
8760,0,17537472827,17537472812,0,0,15
8761,0,17539474377,17539474334,0,0,43
8762,0,17541477489,17541477465,0,0,23
8763,0,17543480106,17543480139,0,0,-32
8765,0,17547484146,17547484148,0,0,-2
8767,0,17551488337,17551488325,0,0,11
8768,0,17553490927,17553490893,0,0,33
8769,0,17555492919,17555492893,0,0,25
8770,0,17557495049,17557495066,0,0,-16
8773,0,17563502662,17563502690,0,0,-28
8775,0,17567506561,17567506598,0,0,-36
8776,0,17569508588,17569508647,0,0,-58
8778,0,1753937352,1753937323,0,0,29
8779,0,17575515094,17575515085,0,0,8
8780,0,17577517325,17577517321,0,0,4
8781,0,17579519880,17579519871,0,0,8
8782,0,17581521728,17581521703,0,0,24
8783,0,17583524335,17583524312,0,0,23
8785,0,17587528310,17587528285,0,0,24
8787,0,17591533122,17591533168,0,0,-46
8788,0,17593535359,17593535421,0,0,-62
8789,0,17595537098,17595537148,0,0,-49
8790,0,17597539640,17597539657,0,0,-16
8793,0,17603546275,17603546313,0,0,-38
8795,0,17607548979,17607549022,0,0,-43
8796,0,17609552410,17609552422,0,0,-11
8798,0,17613557385,17613557444,0,0,-59
8799,0,17615559672,17615559665,0,0,7
8800,0,17617561909,17617561889,0,0,19
8801,0,17619563796,17619563788,0,0,7
8802,0,17621566855,17621566847,0,0,8
8803,0,17623568904,17623568899,0,0,4
8805,0,17627572510,17627572501,0,0,8
8807,0,17631577583,17631577551,0,0,31
8808,0,17633579499,17633579466,0,0,33
8809,0,17635581570,17635581534,0,0,36
8810,0,17637584047,17637583997,0,0,49
8813,0,17643591226,17643591205,0,0,20
8815,0,17647594937,17647594898,0,0,38
8816,0,17649597502,17649597485,0,0,17
8818,0,17653602196,17653602222,0,0,-26
8819,0,17655604701,17655604658,0,0,43
8820,0,17657606469,17657606462,0,0,7
8821,0,17659609075,17659609035,0,0,39
8822,0,17661610798,17661610764,0,0,34
8823,0,17663612993,17663613020,0,0,-26
8825,0,17667617572,17667617559,0,0,12
8827,0,17671622300,17671622242,0,0,57
8828,0,17673627024,17673626989,0,0,35
8829,0,17675626823,17675626777,0,0,45
8830,0,17677628601,17677628570,0,0,30
8833,0,17683633860,17683633810,0,0,50
8835,0,17687640023,17687639982,0,0,41
8836,0,17689642323,17689642276,0,0,47
8838,0,17693646139,17693646105,0,0,33
8839,0,17695647511,17695647466,0,0,44
8840,0,17697650691,17697650641,0,0,49
8841,0,17699653241,17699653195,0,0,46
8842,0,17701655238,17701655218,0,0,19
8843,0,17703657693,17703657685,0,0,8
8845,0,17707661397,17707661387,0,0,9
8847,0,17711666251,17711666211,0,0,39
8848,0,17713668355,17713668332,0,0,22
8849,0,17715669862,17715669824,0,0,38
8850,0,17717673117,17717673029,0,0,88
8853,0,17723679489,17723679480,0,0,8
8855,0,17727682932,17727682893,0,0,39
8856,0,17729686462,17729686424,0,0,38
8858,0,17733690787,17733690772,0,0,15
8859,0,17735693708,17735693670,0,0,38
8860,0,17737695289,17737695310,0,0,-20
8861,0,17739697960,17739697938,0,0,22
8862,0,17741699847,17741699811,0,0,35
8863,0,17743701919,17743701957,0,0,-38
8865,0,17747706460,17747706451,0,0,8
8867,0,17751710825,17751710802,0,0,23
8868,0,17753713663,17753713640,0,0,23
8869,0,17755715376,17755715352,0,0,23
8870,0,17757717480,17757717504,0,0,-24
8873,0,17763724494,17763724534,0,0,-40
8875,0,17767728581,17767728566,0,0,15
8876,0,17769731387,17769731419,0,0,-31
8878,0,17773736006,17773735952,0,0,53
8879,0,17775737335,17775737355,0,0,-20
8880,0,17777738542,17777738591,0,0,-48
8881,0,17779740921,17779740891,0,0,29
8882,0,17781744496,17781744446,0,0,50
8883,0,17783747584,17783747555,0,0,29
8885,0,17787750925,17787750912,0,0,13
8887,0,17791755157,17791755125,0,0,31
8888,0,17793757530,17793757490,0,0,40
8889,0,17795760260,17795760218,0,0,41
8890,0,17797762246,17797762238,0,0,8
8893,0,17803768806,17803768755,0,0,51
8895,0,17807773222,17807773197,0,0,25
8896,0,17809775662,17809775647,0,0,15
8898,0,17813779128,17813779165,0,0,-37
8899,0,17815781991,17815781946,0,0,44
8900,0,17817784352,17817784315,0,0,37
8901,0,17819787085,17819787114,0,0,-29
8902,0,17821790080,17821790044,0,0,36
8903,0,17823791192,17823791175,0,0,17
8905,0,17827795530,17827795501,0,0,28
8907,0,17831800436,17831800389,0,0,47
8908,0,17833802560,17833802543,0,0,17
8909,0,17835804423,17835804409,0,0,13
8910,0,17837806649,17837806632,0,0,17
8913,0,17843813307,17843813340,0,0,-32
8915,0,17847817482,17847817521,0,0,-38
8916,0,17849820079,17849820112,0,0,-33
8918,0,17853824760,17853824727,0,0,33
8919,0,17855826010,17855825976,0,0,33
8920,0,17857829052,17857829033,0,0,19
8921,0,17859830739,17859830698,0,0,40
8922,0,17861833284,17861833236,0,0,47
8923,0,17863835990,17863835940,0,0,49
8925,0,17867839600,17867839632,0,0,-32
8927,0,17871843889,17871843930,0,0,-41
8928,0,17873846651,17873846662,0,0,-11
8929,0,17875848669,17875848626,0,0,42
8930,0,17877850831,17877850815,0,0,15
8933,0,17883857627,17883857562,0,0,65
8935,0,17887862661,17887862614,0,0,47
8936,0,17889864489,17889864457,0,0,31
8938,0,17893869716,17893869653,0,0,62
8939,0,17895871474,17895871431,0,0,43
8940,0,17897873190,17897873139,0,0,50
8941,0,17899875200,17899875150,0,0,50
8942,0,17901877963,17901877925,0,0,37
8943,0,17903880006,17903879970,0,0,35
8945,0,17907884115,17907884050,0,0,65
8947,0,17911888586,17911888548,0,0,37
8948,0,17913891260,17913891235,0,0,24
8949,0,17915893435,17915893457,0,0,-21
8950,0,17917895359,17917895301,0,0,57
8953,0,17923902381,17923902354,0,0,26
8955,0,17927907002,17927906925,0,0,76
8956,0,17929910338,17929910346,0,0,-8
8958,0,17933913595,17933913541,0,0,54
8959,0,17935915626,17935915620,0,0,5
8960,0,17937917810,17937917792,0,0,17
8961,0,17939920116,17939920107,0,0,8
8962,0,17941922871,17941922849,0,0,22
8963,0,17943924529,17943924510,0,0,19
8965,0,17947929053,17947929024,0,0,29
8967,0,17951933095,17951933065,0,0,29
8968,0,17953936206,17953936231,0,0,-24
8969,0,17955937768,17955937759,0,0,8
8970,0,17957940101,17957940077,0,0,23
8973,0,17963946907,17963946898,0,0,8
8975,0,17967951851,17967951820,0,0,31
8976,0,17969953647,17969953626,0,0,20
8978,0,1793982971,1793983006,0,0,-34
8979,0,17975960152,17975960139,0,0,13
8980,0,17977962565,17977962534,0,0,30
8981,0,17979964939,17979964913,0,0,25
8982,0,17981967029,17981966977,0,0,51
8983,0,17983968897,17983968934,0,0,-36
8985,0,17987973879,17987973870,0,0,8
8987,0,17991978458,17991978413,0,0,44
8988,0,17993981702,17993981650,0,0,51
8989,0,17995982204,17995982168,0,0,35
8990,0,17997984506,17997984473,0,0,33
8993,0,18003990629,18003990678,0,0,-49
8995,0,18007995569,18007995609,0,0,-40
8996,0,18009997924,18009997933,0,0,-8
8998,0,18014002979,18014002923,0,0,55
8999,0,18016004526,18016004473,0,0,53
9000,0,18018006436,18018006420,0,0,15
9001,0,18020007970,18020007946,0,0,23
9002,0,18022011649,18022011566,0,0,82
9003,0,18024013588,18024013573,0,0,14
9005,0,18028018243,18028018209,0,0,33
9007,0,18032022179,18032022126,0,0,53
9008,0,18034024555,18034024497,0,0,57
9009,0,18036026346,18036026308,0,0,38
9010,0,18038028260,18038028217,0,0,42
9013,0,18044035685,18044035662,0,0,23
9015,0,18048039746,18048039702,0,0,43
9016,0,18050041976,18050041926,0,0,49
9018,0,18054046642,18054046674,0,0,-31
9019,0,18056049049,18056049010,0,0,39
9020,0,18058051059,18058051051,0,0,8
9021,0,18060053459,18060053454,0,0,4
9022,0,18062055653,18062055644,0,0,8
9023,0,18064057982,18064057934,0,0,47
9025,0,18068062242,18068062200,0,0,42
9027,0,18072066276,18072066244,0,0,31
9028,0,18074069181,18074069134,0,0,47
9029,0,18076071052,18076071002,0,0,50
9030,0,18078073229,18078073171,0,0,58
9033,0,18084079957,18084079924,0,0,32
9035,0,18088084538,18088084479,0,0,58
9036,0,18090086911,18090086878,0,0,33
9038,0,18094091578,18094091519,0,0,59
9039,0,18096093112,18096093083,0,0,29
9040,0,18098095005,18098094996,0,0,8
9041,0,18100097783,18100097736,0,0,47
9042,0,18102100064,18102100078,0,0,-14
9043,0,18104102348,18104102314,0,0,33
9045,0,18108106704,18108106715,0,0,-11
9047,0,18112111821,18112111773,0,0,47
9048,0,18114112473,18114112436,0,0,36
9049,0,18116116240,18116116272,0,0,-31
9050,0,18118118538,18118118488,0,0,49
9053,0,18124124705,18124124689,0,0,15
9055,0,18128129089,18128129058,0,0,31
9056,0,18130131205,18130131200,0,0,5
9058,0,18134136485,18134136442,0,0,42
9059,0,18136136523,18136136496,0,0,26
9060,0,18138139525,18138139487,0,0,37
9061,0,18140142378,18140142355,0,0,23
9062,0,18142144828,18142144823,0,0,4
9063,0,18144147318,18144147305,0,0,13
9065,0,18148152010,18148152003,0,0,6
9067,0,18152155840,18152155840,0,0,0
9068,0,18154158040,18154158051,0,0,-10
9069,0,18156160422,18156160385,0,0,36
9070,0,18158162406,18158162401,0,0,4
9073,0,18164168163,18164168157,0,0,6
9075,0,18168173443,18168173393,0,0,50
9076,0,18170175500,18170175555,0,0,-55
9078,0,18174182270,18174182296,0,0,-26
9079,0,18176182571,18176182584,0,0,-12
9080,0,18178184387,18178184432,0,0,-44
9081,0,18180187188,18180187160,0,0,27
9082,0,18182189370,18182189322,0,0,48
9083,0,18184191165,18184191120,0,0,44
9085,0,18188196390,18188196402,0,0,-11
9087,0,18192200073,18192200032,0,0,40
9088,0,18194202352,18194202321,0,0,31
9089,0,18196204797,18196204773,0,0,24
9090,0,18198207094,18198207035,0,0,58
9093,0,18204213868,18204213820,0,0,47
9095,0,18208217898,18208217867,0,0,30
9096,0,18210220212,18210220168,0,0,43
9098,0,18214223619,18214223593,0,0,25
9099,0,18216227266,18216227222,0,0,43
9100,0,18218229214,18218229197,0,0,16
9101,0,18220231174,18220231115,0,0,58
9102,0,18222233609,18222233564,0,0,45
9103,0,18224236275,18224236226,0,0,49
9105,0,18228240093,18228240054,0,0,38
9107,0,18232244735,18232244675,0,0,60
9108,0,18234246877,18234246851,0,0,26
9109,0,18236249480,18236249414,0,0,65
9110,0,18238251371,18238251305,0,0,65
9113,0,18244256928,18244256893,0,0,34
9115,0,18248263415,18248263378,0,0,37
9116,0,18250266342,18250266316,0,0,25
9118,0,18254269478,18254269446,0,0,31
9119,0,18256271556,18256271540,0,0,15
9120,0,18258273515,18258273501,0,0,13
9121,0,18260276101,18260276081,0,0,19
9122,0,18262278213,18262278195,0,0,17
9123,0,18264280790,18264280784,0,0,5
9125,0,18268284885,18268284867,0,0,18
9127,0,18272289575,18272289559,0,0,15
9128,0,18274293161,18274293141,0,0,19
9129,0,18276293665,18276293631,0,0,33
9130,0,18278296137,18278296105,0,0,31
9133,0,18284303309,18284303294,0,0,14
9135,0,18288307017,18288307035,0,0,-18
9136,0,18290309349,18290309395,0,0,-46
9138,0,18294314330,18294314375,0,0,-44
9139,0,18296317280,18296317269,0,0,11
9140,0,18298318496,18298318478,0,0,17
9141,0,18300320575,18300320611,0,0,-36
9142,0,18302322727,18302322753,0,0,-26
9143,0,18304324842,18304324887,0,0,-44
9145,0,18308329674,18308329754,0,0,-79
9147,0,18312333826,18312333783,0,0,42
9148,0,18314336481,18314336488,0,0,-6
9149,0,18316338247,18316338233,0,0,13
9150,0,18318340524,18318340494,0,0,30
9153,0,18324346943,18324346916,0,0,26
9155,0,18328351337,18328351301,0,0,36
9156,0,18330353993,18330353966,0,0,26
9158,0,18334359080,18334359070,0,0,10
9159,0,18336361031,18336360977,0,0,53
9160,0,18338362678,18338362641,0,0,36
9161,0,18340364653,18340364612,0,0,41
9162,0,18342367718,18342367673,0,0,44
9163,0,18344369387,18344369363,0,0,24
9165,0,18348374092,18348374073,0,0,19
9167,0,18352378330,18352378280,0,0,49
9168,0,18354380510,18354380485,0,0,25
9169,0,18356382748,18356382691,0,0,57
9170,0,18358385075,18358385067,0,0,8
9173,0,18364391889,18364391841,0,0,47
9175,0,18368395679,18368395628,0,0,51
9176,0,18370397739,18370397676,0,0,62
9178,0,1834027905,1834027862,0,0,43
9179,0,18376404714,18376404658,0,0,55
9180,0,18378407361,18378407362,0,0,0
9181,0,18380409506,18380409486,0,0,20
9182,0,18382411662,18382411672,0,0,-10
9183,0,18384413984,18384413965,0,0,18
9185,0,18388418202,18388418188,0,0,13
9187,0,18392422275,18392422217,0,0,57
9188,0,18394424092,18394424066,0,0,26
9189,0,18396427059,18396427067,0,0,-8
9190,0,18398429182,18398429147,0,0,35
9193,0,18404435624,18404435613,0,0,10
9195,0,18408440552,18408440587,0,0,-34
9196,0,18410442568,18410442619,0,0,-51
9198,0,18414447312,18414447358,0,0,-46
9199,0,18416449038,18416449065,0,0,-26
9200,0,18418450385,18418450407,0,0,-22
9201,0,18420453546,18420453577,0,0,-31
9202,0,18422456224,18422456253,0,0,-29
9203,0,18424458449,18424458483,0,0,-33
9205,0,18428462606,18428462677,0,0,-70
9207,0,18432466853,18432466903,0,0,-49
9208,0,18434469285,18434469328,0,0,-42
9209,0,18436471310,18436471278,0,0,31
9210,0,18438472884,18438472836,0,0,47
9213,0,18444480444,18444480431,0,0,13
9215,0,18448483818,18448483764,0,0,54
9216,0,18450487102,18450487145,0,0,-42
9218,0,18454491284,18454491334,0,0,-50
9219,0,18456492559,18456492574,0,0,-15
9220,0,18458496170,18458496204,0,0,-34
9221,0,18460498699,18460498732,0,0,-32
9222,0,18462500496,18462500519,0,0,-22
9223,0,18464502875,18464502847,0,0,27
9225,0,18468506468,18468506439,0,0,29
9227,0,18472512279,18472512253,0,0,25
9228,0,18474514026,18474514073,0,0,-46
9229,0,18476515820,18476515815,0,0,4
9230,0,18478518442,18478518449,0,0,-6
9233,0,18484524932,18484524947,0,0,-14
9235,0,18488527946,18488527907,0,0,38
9236,0,18490531179,18490531161,0,0,17
9238,0,18494535761,18494535824,0,0,-62
9239,0,18496537513,18496537539,0,0,-26
9240,0,18498540211,18498540233,0,0,-22
9241,0,18500541486,18500541519,0,0,-32
9242,0,18502545069,18502545059,0,0,9
9243,0,18504548982,18504548972,0,0,10
9245,0,18508552747,18508552785,0,0,-38
9247,0,18512556424,18512556447,0,0,-22
9248,0,18514559781,18514559773,0,0,7
9249,0,18516560730,18516560701,0,0,28
9250,0,18518563266,18518563213,0,0,52
9253,0,18524569617,18524569584,0,0,33
9255,0,18528573883,18528573866,0,0,17
9256,0,18530575930,18530575913,0,0,17
9258,0,18534581591,18534581559,0,0,31
9259,0,18536583858,18536583847,0,0,11
9260,0,18538584928,18538584937,0,0,-9
9261,0,18540587501,18540587449,0,0,51
9262,0,18542589800,18542589780,0,0,20
9263,0,18544591671,18544591660,0,0,11
9265,0,18548596418,18548596395,0,0,23
9267,0,18552602061,18552602125,0,0,-64
9268,0,18554602575,18554602606,0,0,-30
9269,0,18556605672,18556605659,0,0,13
9270,0,18558607831,18558607782,0,0,49
9273,0,18564614027,18564614009,0,0,17
9275,0,18568618442,18568618423,0,0,18
9276,0,18570621017,18570621010,0,0,6
9278,0,18574626698,18574626686,0,0,11
9279,0,18576627473,18576627445,0,0,27
9280,0,18578629661,18578629648,0,0,13
9281,0,18580631984,18580631964,0,0,20
9282,0,18582633800,18582633810,0,0,-9
9283,0,18584635714,18584635690,0,0,23
9285,0,18588641456,18588641419,0,0,37
9287,0,18592645081,18592645117,0,0,-35
9288,0,18594647798,18594647844,0,0,-46
9289,0,18596649532,18596649560,0,0,-28
9290,0,18598651685,18598651711,0,0,-26
9293,0,18604658338,18604658346,0,0,-8
9295,0,18608662794,18608662770,0,0,23
9296,0,18610665317,18610665300,0,0,17
9298,0,18614668760,18614668752,0,0,8
9299,0,18616671435,18616671424,0,0,11
9300,0,18618673548,18618673555,0,0,-6
9301,0,18620676271,18620676260,0,0,11
9302,0,18622678622,18622678586,0,0,36
9303,0,18624681677,18624681644,0,0,32
9305,0,18628685046,18628685040,0,0,5
9307,0,18632690357,18632690375,0,0,-18
9308,0,18634692758,18634692750,0,0,7
9309,0,18636694179,18636694125,0,0,54
9310,0,18638696671,18638696633,0,0,37
9313,0,18644703080,18644703072,0,0,8
9315,0,18648707363,18648707307,0,0,56
9316,0,18650710558,18650710510,0,0,47
9318,0,18654714582,18654714551,0,0,30
9319,0,18656716386,18656716357,0,0,28
9320,0,18658718739,18658718749,0,0,-10
9321,0,18660721006,18660720961,0,0,44
9322,0,18662724114,18662724087,0,0,26
9323,0,18664725265,18664725237,0,0,28
9325,0,18668729559,18668729549,0,0,9
9327,0,18672733858,18672733829,0,0,28
9328,0,18674738101,18674738089,0,0,12
9329,0,18676738507,18676738471,0,0,36
9330,0,18678740875,18678740825,0,0,49
9333,0,18684747211,18684747175,0,0,36
9335,0,18688752008,18688751998,0,0,10
9336,0,18690754160,18690754124,0,0,35
9338,0,18694759842,18694759804,0,0,37
9339,0,18696761099,18696761062,0,0,37
9340,0,18698764411,18698764395,0,0,15
9341,0,18700764687,18700764673,0,0,13
9342,0,18702766635,18702766581,0,0,54
9343,0,18704769789,18704769761,0,0,27
9345,0,18708774037,18708774000,0,0,37
9347,0,18712778516,18712778471,0,0,45
9348,0,18714781101,18714781092,0,0,8
9349,0,18716783134,18716783117,0,0,17
9350,0,18718785209,18718785173,0,0,36
9353,0,18724791807,18724791763,0,0,44
9355,0,18728796323,18728796294,0,0,29
9356,0,18730798761,18730798742,0,0,18
9358,0,18734804102,18734804065,0,0,37
9359,0,18736805406,18736805373,0,0,33
9360,0,18738807157,18738807114,0,0,43
9361,0,18740809260,18740809209,0,0,50
9362,0,18742812316,18742812241,0,0,75
9363,0,18744814402,18744814343,0,0,59
9365,0,18748818541,18748818478,0,0,63
9367,0,18752822431,18752822354,0,0,76
9368,0,18754825288,18754825223,0,0,65
9369,0,18756827246,18756827178,0,0,67
9370,0,18758830004,18758829918,0,0,85
9373,0,18764835340,18764835321,0,0,19
9375,0,18768840898,18768840887,0,0,11
9376,0,18770842647,18770842627,0,0,19
9378,0,1874070710,1874070696,0,0,13
9379,0,18776850280,18776850242,0,0,38
9380,0,18778851722,18778851687,0,0,35
9381,0,18780853214,18780853148,0,0,65
9382,0,18782856376,18782856338,0,0,38
9383,0,18784859357,18784859309,0,0,47
9385,0,18788863004,18788862926,0,0,77
9387,0,18792867644,18792867595,0,0,49
9388,0,18794869919,18794869902,0,0,17
9389,0,18796871957,18796871912,0,0,44
9390,0,18798874397,18798874352,0,0,44
9393,0,18804881103,18804881093,0,0,10
9395,0,18808884833,18808884764,0,0,69
9396,0,18810886816,18810886799,0,0,17
9398,0,18814891838,18814891826,0,0,11
9399,0,18816894623,18816894586,0,0,37
9400,0,18818896395,18818896438,0,0,-42
9401,0,18820898774,18820898738,0,0,35
9402,0,18822901135,18822901184,0,0,-48
9403,0,18824903395,18824903420,0,0,-24
9405,0,18828907737,18828907774,0,0,-36
9407,0,18832912565,18832912595,0,0,-30
9408,0,18834914433,18834914463,0,0,-29
9409,0,18836916781,18836916728,0,0,53
9410,0,18838918816,18838918781,0,0,35
9413,0,18844926597,18844926553,0,0,43
9415,0,18848929838,18848929807,0,0,30
9416,0,18850931930,18850931921,0,0,8
9418,0,18854937220,18854937194,0,0,26
9419,0,18856938157,18856938134,0,0,23
9420,0,18858940067,18858940033,0,0,33
9421,0,18860943272,18860943258,0,0,14
9422,0,18862945681,18862945666,0,0,15
9423,0,18864947225,18864947204,0,0,20
9425,0,18868951924,18868951917,0,0,6
9427,0,18872956416,18872956369,0,0,47
9428,0,18874959990,18874959971,0,0,18
9429,0,18876960528,18876960499,0,0,29
9430,0,18878962273,18878962267,0,0,5
9433,0,18884969711,18884969693,0,0,17
9435,0,18888975317,18888975269,0,0,47
9436,0,18890977735,18890977835,0,0,-99
9438,0,18894981130,18894981182,0,0,-51
9439,0,18896983150,18896983182,0,0,-31
9440,0,18898985990,18898986000,0,0,-9
9441,0,18900987943,18900987916,0,0,26
9442,0,18902989935,18902989886,0,0,49
9443,0,18904991860,18904991822,0,0,37
9445,0,18908996262,18908996233,0,0,29
9447,0,18913000636,18913000611,0,0,24
9448,0,18915002455,18915002435,0,0,19
9449,0,18917006422,18917006396,0,0,26
9450,0,18919007654,18919007603,0,0,51
9453,0,18925014353,18925014319,0,0,33
9455,0,18929019485,18929019447,0,0,38
9456,0,18931021680,18931021668,0,0,12
9458,0,18935025914,18935025905,0,0,8
9459,0,18937027090,18937027069,0,0,21
9460,0,18939028696,18939028711,0,0,-14
9461,0,18941032557,18941032529,0,0,27
9462,0,18943034461,18943034478,0,0,-16
9463,0,18945036399,18945036374,0,0,24
9465,0,18949040384,18949040374,0,0,10
9467,0,18953045051,18953045013,0,0,37
9468,0,18955048027,18955048037,0,0,-9
9469,0,18957049912,18957049885,0,0,26
9470,0,18959052529,18959052485,0,0,43
9473,0,18965058575,18965058546,0,0,29
9475,0,18969063258,18969063231,0,0,27
9476,0,18971065399,18971065370,0,0,28
9478,0,18975071193,18975071180,0,0,12
9479,0,18977071876,18977071851,0,0,24
9480,0,18979073213,18979073208,0,0,4
9481,0,18981076339,18981076323,0,0,16
9482,0,18983078223,18983078198,0,0,24
9483,0,18985080748,18985080718,0,0,30
9485,0,18989085438,18989085454,0,0,-16
9487,0,18993089375,18993089400,0,0,-25
9488,0,18995090986,18995090997,0,0,-11
9489,0,18997094410,18997094391,0,0,18
9490,0,18999096458,18999096498,0,0,-39
9493,0,19005103589,19005103579,0,0,9
9495,0,19009107530,19009107492,0,0,37
9496,0,19011110093,19011110067,0,0,25
9498,0,19015114971,19015114941,0,0,29
9499,0,19017117600,19017117537,0,0,63
9500,0,19019119714,19019119727,0,0,-12
9501,0,19021120995,19021120961,0,0,33
9502,0,19023123318,19023123339,0,0,-21
9503,0,19025125373,19025125423,0,0,-49
9505,0,19029128919,19029128928,0,0,-9
9507,0,19033134353,19033134327,0,0,26
9508,0,19035136725,19035136675,0,0,50
9509,0,19037139368,19037139320,0,0,48
9510,0,19039141344,19039141329,0,0,15
9513,0,19045147770,19045147746,0,0,24
9515,0,19049151271,19049151226,0,0,45
9516,0,19051154228,19051154209,0,0,18
9518,0,19055158937,19055158880,0,0,56
9519,0,19057161668,19057161616,0,0,51
9520,0,19059163611,19059163642,0,0,-31
9521,0,19061165598,19061165621,0,0,-22
9522,0,19063168154,19063168166,0,0,-12
9523,0,19065171313,19065171265,0,0,47
9525,0,19069174433,19069174402,0,0,31
9527,0,19073179184,19073179102,0,0,82
9528,0,19075183211,19075183152,0,0,58
9529,0,19077184514,19077184460,0,0,53
9530,0,19079185666,19079185711,0,0,-44
9533,0,19085192175,19085192147,0,0,27
9535,0,19089196147,19089196130,0,0,17
9536,0,19091197789,19091197829,0,0,-39
9538,0,19095204067,19095204053,0,0,13
9539,0,19097205534,19097205548,0,0,-14
9540,0,19099208069,19099208080,0,0,-11
9541,0,19101210747,19101210712,0,0,34
9542,0,19103211921,19103211876,0,0,44
9543,0,19105214342,19105214285,0,0,56
9545,0,19109218874,19109218880,0,0,-6
9547,0,19113223557,19113223577,0,0,-20
9548,0,19115225592,19115225563,0,0,29
9549,0,19117228069,19117228018,0,0,50
9550,0,19119230240,19119230209,0,0,31
9553,0,19125236934,19125236948,0,0,-14
9555,0,19129240808,19129240719,0,0,89
9556,0,19131242308,19131242283,0,0,24
9558,0,19135248492,19135248471,0,0,21
9559,0,19137250066,19137250008,0,0,58
9560,0,19139252345,19139252294,0,0,51
9561,0,19141254868,19141254829,0,0,38
9562,0,19143257440,19143257404,0,0,35
9563,0,19145260368,19145260314,0,0,53
9565,0,19149263775,19149263752,0,0,23
9567,0,19153267678,19153267683,0,0,-4
9568,0,19155270739,19155270770,0,0,-31
9569,0,19157272432,19157272391,0,0,41
9570,0,19159274983,19159274916,0,0,67
9573,0,19165281337,19165281311,0,0,26
9575,0,19169285401,19169285343,0,0,57
9576,0,19171287724,19171287708,0,0,15
9578,0,1914116156,1914116114,0,0,41
9579,0,19177294743,19177294710,0,0,33
9580,0,19179296625,19179296668,0,0,-42
9581,0,19181299146,19181299088,0,0,58
9582,0,19183301840,19183301788,0,0,51
9583,0,19185303773,19185303743,0,0,29
9585,0,19189307702,19189307709,0,0,-6
9587,0,19193312084,19193312064,0,0,20
9588,0,19195313182,19195313147,0,0,35
9589,0,19197315726,19197315708,0,0,17
9590,0,19199318737,19199318711,0,0,25
9593,0,19205325714,19205325684,0,0,29
9595,0,19209330400,19209330356,0,0,43
9596,0,19211333092,19211333064,0,0,27
9598,0,19215335822,19215335791,0,0,31
9599,0,19217338847,19217338840,0,0,6
9600,0,19219341073,19219341056,0,0,17
9601,0,19221342534,19221342514,0,0,20
9602,0,19223345640,19223345587,0,0,52
9603,0,19225348136,19225348116,0,0,20
9605,0,19229352092,19229352063,0,0,28
9607,0,19233357241,19233357229,0,0,11
9608,0,19235358987,19235358973,0,0,14
9609,0,19237361241,19237361236,0,0,4
9610,0,19239363723,19239363669,0,0,53
9613,0,19245370121,19245370101,0,0,20
9615,0,19249375546,19249375505,0,0,41
9616,0,19251377624,19251377603,0,0,20
9618,0,19255381033,19255381068,0,0,-35
9619,0,19257382550,19257382539,0,0,11
9620,0,19259385480,19259385429,0,0,50
9621,0,19261387193,19261387142,0,0,50
9622,0,19263390376,19263390338,0,0,38
9623,0,19265392350,19265392339,0,0,10
9625,0,19269397650,19269397601,0,0,49
9627,0,19273401457,19273401424,0,0,32
9628,0,19275404870,19275404861,0,0,8
9629,0,19277406011,19277405978,0,0,32
9630,0,19279408127,19279408143,0,0,-16
9633,0,19285413880,19285413867,0,0,13
9635,0,19289418993,19289418933,0,0,60
9636,0,19291421680,19291421643,0,0,37
9638,0,19295426193,19295426178,0,0,15
9639,0,19297428108,19297428161,0,0,-53
9640,0,19299429698,19299429764,0,0,-65
9641,0,19301431593,19301431621,0,0,-27
9642,0,19303434921,19303434957,0,0,-35
9643,0,19305436912,19305436901,0,0,11
9645,0,19309441173,19309441243,0,0,-70
9647,0,19313446056,19313446089,0,0,-33
9648,0,19315447755,19315447748,0,0,7
9649,0,19317449002,19317448987,0,0,15
9650,0,19319452589,19319452577,0,0,11
9653,0,19325459657,19325459651,0,0,5
9655,0,19329463474,19329463487,0,0,-13
9656,0,19331465924,19331465875,0,0,49
9658,0,19335470328,19335470307,0,0,20
9659,0,19337472930,19337472893,0,0,37
9660,0,19339474695,19339474736,0,0,-40
9661,0,19341477137,19341477165,0,0,-27
9662,0,19343479352,19343479394,0,0,-42
9663,0,19345481285,19345481251,0,0,33
9665,0,19349485541,19349485528,0,0,13
9667,0,19353490134,19353490146,0,0,-11
9668,0,19355492882,19355492874,0,0,7
9669,0,19357495922,19357495935,0,0,-13
9670,0,19359497609,19359497568,0,0,41
9673,0,19365504121,19365504107,0,0,13
9675,0,19369507880,19369507858,0,0,22
9676,0,19371510082,19371510096,0,0,-14
9678,0,19375517111,19375517090,0,0,20
9679,0,19377518200,19377518217,0,0,-17
9680,0,19379518868,19379518907,0,0,-38
9681,0,19381520482,19381520495,0,0,-13
9682,0,19383523447,19383523458,0,0,-11
9683,0,19385524689,19385524705,0,0,-15
9685,0,19389529238,19389529275,0,0,-36
9687,0,19393535941,19393535871,0,0,70
9688,0,19395536767,19395536708,0,0,58
9689,0,19397538143,19397538098,0,0,45
9690,0,19399541406,19399541393,0,0,13
9693,0,19405547869,19405547932,0,0,-62
9695,0,19409552581,19409552534,0,0,47
9696,0,19411554634,19411554686,0,0,-51
9698,0,19415559386,19415559424,0,0,-38
9699,0,19417561672,19417561697,0,0,-24
9700,0,19419563768,19419563739,0,0,29
9701,0,19421566408,19421566383,0,0,24
9702,0,19423568343,19423568319,0,0,23
9703,0,19425570157,19425570137,0,0,20
9705,0,19429576186,19429576247,0,0,-60
9707,0,19433579047,19433578982,0,0,65
9708,0,19435581278,19435581289,0,0,-11
9709,0,19437583867,19437583839,0,0,28
9710,0,19439585948,19439585959,0,0,-11
9713,0,19445591928,19445591897,0,0,31
9715,0,19449597045,19449596972,0,0,73
9716,0,19451599261,19451599244,0,0,17
9718,0,19455603969,19455603937,0,0,31
9719,0,19457606002,19457605950,0,0,51
9720,0,19459608098,19459608072,0,0,25
9721,0,19461611396,19461611357,0,0,38
9722,0,19463613529,19463613573,0,0,-43
9723,0,19465614876,19465614893,0,0,-17
9725,0,19469618980,19469619015,0,0,-34
9727,0,19473623485,19473623469,0,0,15
9728,0,19475626823,19475626779,0,0,43
9729,0,19477628638,19477628612,0,0,25
9730,0,19479630569,19479630512,0,0,57
9733,0,19485636898,19485636826,0,0,71
9735,0,19489641642,19489641665,0,0,-22
9736,0,19491643734,19491643724,0,0,9
9738,0,19495648403,19495648416,0,0,-13
9739,0,19497650942,19497650958,0,0,-15
9740,0,19499652862,19499652896,0,0,-34
9741,0,19501654993,19501654927,0,0,66
9742,0,19503658417,19503658343,0,0,73
9743,0,19505659588,19505659530,0,0,57
9745,0,19509664125,19509664116,0,0,8
9747,0,19513668387,19513668325,0,0,61
9748,0,19515670033,19515670018,0,0,15
9749,0,19517671557,19517671519,0,0,38
9750,0,19519675220,19519675184,0,0,35
9753,0,19525681779,19525681732,0,0,47
9755,0,19529687069,19529686997,0,0,71
9756,0,19531689496,19531689568,0,0,-71
9758,0,19535692961,19535692904,0,0,57
9759,0,19537694995,19537695038,0,0,-42
9760,0,19539697065,19539697120,0,0,-54
9761,0,19541700365,19541700346,0,0,19
9762,0,19543701739,19543701689,0,0,50
9763,0,19545703569,19545703537,0,0,31
9765,0,19549708756,19549708721,0,0,35
9767,0,19553712504,19553712483,0,0,21
9768,0,19555714710,19555714698,0,0,11
9769,0,19557715951,19557715992,0,0,-40
9770,0,19559719773,19559719842,0,0,-69
9773,0,19565725976,19565726006,0,0,-30
9775,0,19569730338,19569730375,0,0,-36
9776,0,19571732409,19571732455,0,0,-45
9778,0,1954160929,1954160898,0,0,31
9779,0,19577740528,19577740505,0,0,22
9780,0,19579741523,19579741484,0,0,38
9781,0,19581743982,19581743955,0,0,27
9782,0,19583746500,19583746546,0,0,-46
9783,0,19585748256,19585748229,0,0,26
9785,0,19589751759,19589751717,0,0,42
9787,0,19593758114,19593758106,0,0,8
9788,0,19595760870,19595760861,0,0,8
9789,0,19597761694,19597761640,0,0,53
9790,0,19599764321,19599764262,0,0,58
9793,0,19605770362,19605770332,0,0,29
9795,0,19609775207,19609775172,0,0,35
9796,0,19611777386,19611777358,0,0,28
9798,0,19615781719,19615781697,0,0,22
9799,0,19617784420,19617784405,0,0,14
9800,0,19619786287,19619786345,0,0,-58
9801,0,19621788591,19621788566,0,0,25
9802,0,19623790793,19623790818,0,0,-24
9803,0,19625793349,19625793329,0,0,20
9805,0,19629797336,19629797298,0,0,37
9807,0,19633801804,19633801787,0,0,17
9808,0,19635804447,19635804434,0,0,13
9809,0,19637806283,19637806267,0,0,15
9810,0,19639808689,19639808646,0,0,43
9813,0,19645814267,19645814256,0,0,10
9815,0,19649819404,19649819373,0,0,30
9816,0,19651822719,19651822688,0,0,30
9818,0,19655825943,19655825896,0,0,47
9819,0,19657827523,19657827516,0,0,7
9820,0,19659830692,19659830715,0,0,-22
9821,0,19661832595,19661832572,0,0,23
9822,0,19663835161,19663835143,0,0,17
9823,0,19665837321,19665837287,0,0,33
9825,0,19669840830,19669840901,0,0,-70
9827,0,19673846361,19673846399,0,0,-38
9828,0,19675850240,19675850274,0,0,-33
9829,0,19677850640,19677850677,0,0,-36
9830,0,19679853605,19679853644,0,0,-38
9833,0,19685859514,19685859562,0,0,-48
9835,0,19689863959,19689863988,0,0,-29
9836,0,19691865989,19691866075,0,0,-85
9838,0,19695870647,19695870661,0,0,-14
9839,0,19697873462,19697873439,0,0,23
9840,0,19699875758,19699875713,0,0,44
9841,0,19701877476,19701877406,0,0,70
9842,0,19703879640,19703879564,0,0,76
9843,0,19705881832,19705881765,0,0,67
9845,0,19709885916,19709885883,0,0,33
9847,0,19713890586,19713890637,0,0,-51
9848,0,19715893613,19715893555,0,0,57
9849,0,19717894896,19717894847,0,0,49
9850,0,19719896202,19719896214,0,0,-12
9853,0,19725904225,19725904267,0,0,-42
9855,0,19729908493,19729908503,0,0,-9
9856,0,19731910763,19731910741,0,0,22
9858,0,19735914312,19735914293,0,0,19
9859,0,19737917207,19737917231,0,0,-24
9860,0,19739919514,19739919548,0,0,-33
9861,0,19741922247,19741922276,0,0,-29
9862,0,19743924361,19743924323,0,0,37
9863,0,19745926296,19745926260,0,0,35
9865,0,19749929626,19749929609,0,0,17
9867,0,19753933710,19753933676,0,0,33
9868,0,19755936612,19755936622,0,0,-9
9869,0,19757939848,19757939831,0,0,17
9870,0,19759942775,19759942741,0,0,33
9873,0,19765947546,19765947515,0,0,30
9875,0,19769953135,19769953108,0,0,26
9876,0,19771955015,19771954987,0,0,27
9878,0,19775960286,19775960260,0,0,25
9879,0,19777961950,19777961924,0,0,25
9880,0,19779963744,19779963720,0,0,24
9881,0,19781965467,19781965510,0,0,-42
9882,0,19783969176,19783969191,0,0,-15
9883,0,19785971761,19785971751,0,0,10
9885,0,19789975462,19789975469,0,0,-6
9887,0,19793979794,19793979755,0,0,39
9888,0,19795982621,19795982583,0,0,38
9889,0,19797983275,19797983256,0,0,19
9890,0,19799986991,19799986932,0,0,58
9893,0,19805992002,19805991956,0,0,45
9895,0,19809997492,19809997442,0,0,50
9896,0,19811999788,19811999768,0,0,19
9898,0,19816004213,19816004203,0,0,9
9899,0,19818006721,19818006678,0,0,43
9900,0,19820008530,19820008489,0,0,40
9901,0,19822011025,19822010959,0,0,65
9902,0,19824013058,19824012984,0,0,74
9903,0,19826015102,19826015053,0,0,48
9905,0,19830019559,19830019550,0,0,8
9907,0,19834023955,19834023920,0,0,35
9908,0,19836026563,19836026532,0,0,30
9909,0,19838028665,19838028617,0,0,47
9910,0,19840031137,19840031063,0,0,74
9913,0,19846039310,19846039253,0,0,56
9915,0,19850040722,19850040633,0,0,88
9916,0,19852044627,19852044574,0,0,53
9918,0,19856049050,19856048973,0,0,76
9919,0,19858051071,19858051015,0,0,55
9920,0,19860053072,19860053024,0,0,48
9921,0,19862055048,19862054991,0,0,57
9922,0,19864057887,19864057903,0,0,-16
9923,0,19866060026,19866059949,0,0,77
9925,0,19870065192,19870065164,0,0,28
9927,0,19874068799,19874068767,0,0,31
9928,0,19876072532,19876072490,0,0,42
9929,0,19878073125,19878073082,0,0,43
9930,0,19880075786,19880075781,0,0,5
9933,0,19886082074,19886082105,0,0,-31
9935,0,19890085208,19890085223,0,0,-15
9936,0,19892089208,19892089233,0,0,-25
9938,0,19896091913,19896091949,0,0,-35
9939,0,19898096116,19898096127,0,0,-11
9940,0,19900098833,19900098815,0,0,18
9941,0,19902099750,19902099714,0,0,35
9942,0,19904102046,19904101994,0,0,51
9943,0,19906105175,19906105124,0,0,50
9945,0,19910108330,19910108283,0,0,46
9947,0,19914113733,19914113702,0,0,31
9948,0,19916115179,19916115141,0,0,37
9949,0,19918117495,19918117460,0,0,35
9950,0,19920119934,19920119924,0,0,10
9953,0,19926126524,19926126498,0,0,25
9955,0,19930130641,19930130600,0,0,41
9956,0,19932139276,19932139177,0,0,98
9958,0,19936137710,19936137672,0,0,37
9959,0,19938139287,19938139340,0,0,-52
9960,0,19940141134,19940141120,0,0,14
9961,0,19942144310,19942144280,0,0,30
9962,0,19944147959,19944147905,0,0,53
9963,0,19946148836,19946148798,0,0,38
9965,0,19950153482,19950153429,0,0,52
9967,0,19954156748,19954156728,0,0,20
9968,0,19956159817,19956159826,0,0,-8
9969,0,19958162081,19958162066,0,0,15
9970,0,19960164534,19960164541,0,0,-6
9973,0,19966170820,19966170824,0,0,-3
9975,0,19970174126,19970174088,0,0,38
9976,0,19972177537,19972177581,0,0,-43
9978,0,1994205788,1994205771,0,0,17
9979,0,19978185024,19978185007,0,0,16
9980,0,19980187361,19980187404,0,0,-42
9981,0,19982188738,19982188716,0,0,21
9982,0,19984191009,19984190986,0,0,23
9983,0,19986193022,19986192993,0,0,29
9985,0,19990197125,19990197116,0,0,8
9987,0,19994202421,19994202373,0,0,48
9988,0,19996204811,19996204790,0,0,20
9989,0,19998206400,19998206355,0,0,45
9990,0,20000208579,20000208525,0,0,53
9993,0,20006215216,20006215169,0,0,47
9995,0,20010219500,20010219524,0,0,-24
9996,0,20012221160,20012221126,0,0,33
9998,0,20016226660,20016226613,0,0,47
9999,0,20018228644,20018228606,0,0,37
10000,0,20020230791,20020230901,0,0,-110
10001,0,20022233445,20022233495,0,0,-49
10002,0,20024235338,20024235350,0,0,-11
10003,0,20026238129,20026238116,0,0,13
10005,0,20030242609,20030242686,0,0,-76
10007,0,20034246499,20034246523,0,0,-23
10008,0,20036248866,20036248921,0,0,-54
10009,0,20038251204,20038251217,0,0,-13
10010,0,20040253204,20040253256,0,0,-51
10013,0,20046260204,20046260271,0,0,-67
10015,0,20050264530,20050264489,0,0,41
10016,0,20052267210,20052267195,0,0,15
10018,0,20056271186,20056271173,0,0,13
10019,0,20058272865,20058272817,0,0,47
10020,0,20060274215,20060274187,0,0,27
10021,0,20062276540,20062276512,0,0,27
10022,0,20064280098,20064280058,0,0,40
10023,0,20066282184,20066282154,0,0,30
10025,0,20070286876,20070286868,0,0,8
10027,0,20074290813,20074290770,0,0,43
10028,0,20076294498,20076294541,0,0,-43
10029,0,20078294138,20078294165,0,0,-26
10030,0,20080296485,20080296429,0,0,56
10033,0,20086302976,20086302988,0,0,-11
10035,0,20090309412,20090309337,0,0,75
10036,0,20092311002,20092311020,0,0,-17
10038,0,20096315660,20096315652,0,0,8
10039,0,20098317750,20098317699,0,0,50
10040,0,20100318712,20100318666,0,0,45
10041,0,20102321373,20102321389,0,0,-16
10042,0,20104325136,20104325121,0,0,14
10043,0,20106327548,20106327521,0,0,26
10045,0,20110330905,20110330884,0,0,21
10047,0,20114335306,20114335259,0,0,47
10048,0,20116337313,20116337254,0,0,58
10049,0,20118338902,20118338868,0,0,33
10050,0,20120342153,20120342092,0,0,60
10053,0,20126348834,20126348852,0,0,-17
10055,0,20130353896,20130353919,0,0,-23
10056,0,20132355381,20132355444,0,0,-63
10058,0,20136360216,20136360229,0,0,-12
10059,0,20138362179,20138362136,0,0,43
10060,0,20140364689,20140364670,0,0,18
10061,0,20142366593,20142366552,0,0,41
10062,0,20144369011,20144368967,0,0,43
10063,0,20146371056,20146371029,0,0,26
10065,0,20150375228,20150375204,0,0,23
10067,0,20154379821,20154379841,0,0,-20
10068,0,20156383125,20156383071,0,0,53
10069,0,20158385701,20158385669,0,0,31
10070,0,20160386988,20160387004,0,0,-15
10073,0,20166393287,20166393265,0,0,22
10075,0,20170397775,20170397721,0,0,53
10076,0,20172399474,20172399450,0,0,23
10078,0,20176406344,20176406311,0,0,33
10079,0,20178407840,20178407874,0,0,-34
10080,0,20180410238,20180410229,0,0,8
10081,0,20182411494,20182411458,0,0,36
10082,0,20184414074,20184414022,0,0,51
10083,0,20186415743,20186415773,0,0,-29
10085,0,20190420798,20190420753,0,0,44
10087,0,20194424844,20194424830,0,0,14
10088,0,20196427224,20196427280,0,0,-56
10089,0,20198429875,20198429838,0,0,37
10090,0,20200431065,20200431044,0,0,20
10093,0,20206437327,20206437318,0,0,8
10095,0,20210442277,20210442246,0,0,31
10096,0,20212445087,20212445066,0,0,21
10098,0,20216449357,20216449382,0,0,-24
10099,0,20218450879,20218450908,0,0,-29
10100,0,20220452583,20220452626,0,0,-43
10101,0,20222455773,20222455798,0,0,-24
10102,0,20224457889,20224457899,0,0,-9
10103,0,20226460047,20226460076,0,0,-29
10105,0,20230465117,20230465090,0,0,26
10107,0,20234469032,20234469043,0,0,-11
10108,0,20236472420,20236472471,0,0,-51
10109,0,20238473480,20238473497,0,0,-17
10110,0,20240475804,20240475848,0,0,-43
10113,0,20246482235,20246482256,0,0,-20
10115,0,20250486471,20250486409,0,0,62
10116,0,20252488071,20252488023,0,0,48
10118,0,20256492905,20256492889,0,0,15
10119,0,20258495283,20258495266,0,0,17
10120,0,20260496567,20260496527,0,0,40
10121,0,20262498957,20262498941,0,0,15
10122,0,20264502526,20264502483,0,0,43
10123,0,20266505000,20266504957,0,0,42
10125,0,20270509029,20270509011,0,0,18
10127,0,20274513250,20274513206,0,0,43
10128,0,20276517291,20276517253,0,0,38
10129,0,20278517907,20278517879,0,0,27
10130,0,20280520274,20280520224,0,0,49
10133,0,20286527029,20286527009,0,0,19
10135,0,20290531120,20290531101,0,0,19
10136,0,20292533175,20292533144,0,0,31
10138,0,20296537833,20296537785,0,0,47
10139,0,20298539166,20298539145,0,0,20
10140,0,20300542568,20300542559,0,0,8
10141,0,20302544477,20302544466,0,0,11
10142,0,20304546803,20304546846,0,0,-42
10143,0,20306549636,20306549685,0,0,-48
10145,0,20310553804,20310553818,0,0,-14
10147,0,20314557466,20314557518,0,0,-51
10148,0,20316559323,20316559366,0,0,-42
10149,0,20318562931,20318562919,0,0,11
10150,0,20320564802,20320564775,0,0,26
10153,0,20326571532,20326571521,0,0,10
10155,0,20330575522,20330575532,0,0,-10
10156,0,20332577985,20332577960,0,0,24
10158,0,20336582759,20336582741,0,0,17
10159,0,20338584342,20338584312,0,0,30
10160,0,20340586053,20340586060,0,0,-6
10161,0,20342588998,20342588988,0,0,10
10162,0,20344591403,20344591397,0,0,5
10163,0,20346594742,20346594781,0,0,-38
10165,0,20350597741,20350597784,0,0,-43
10167,0,20354602450,20354602468,0,0,-17
10168,0,20356604576,20356604652,0,0,-76
10169,0,20358606970,20358606936,0,0,33
10170,0,20360609243,20360609215,0,0,28
10173,0,20366616022,20366616013,0,0,8
10175,0,20370620361,20370620306,0,0,55
10176,0,20372622187,20372622141,0,0,46
10178,0,2034250096,2034250055,0,0,41
10179,0,20378628882,20378628822,0,0,60
10180,0,20380630449,20380630411,0,0,37
10181,0,20382634780,20382634750,0,0,30
10182,0,20384635982,20384635966,0,0,16
10183,0,20386637864,20386637840,0,0,23
10185,0,20390642279,20390642231,0,0,47
10187,0,20394646637,20394646577,0,0,60
10188,0,20396648737,20396648719,0,0,17
10189,0,20398651678,20398651640,0,0,38
10190,0,20400653696,20400653659,0,0,36
10193,0,20406659202,20406659208,0,0,-6
10195,0,20410664722,20410664678,0,0,44
10196,0,20412666958,20412666934,0,0,23
10198,0,20416672435,20416672423,0,0,12
10199,0,20418673703,20418673667,0,0,35
10200,0,20420675664,20420675626,0,0,38
10201,0,20422678579,20422678537,0,0,41
10202,0,20424680746,20424680728,0,0,18
10203,0,20426683025,20426682964,0,0,61
10205,0,20430687253,20430687215,0,0,38
10207,0,20434691449,20434691416,0,0,32
10208,0,20436693534,20436693579,0,0,-45
10209,0,20438695985,20438696000,0,0,-14
10210,0,20440698286,20440698314,0,0,-28
10213,0,20446703838,20446703873,0,0,-34
10215,0,20450709162,20450709173,0,0,-10
10216,0,20452711539,20452711523,0,0,15
10218,0,20456715847,20456715757,0,0,89
10219,0,20458718597,20458718533,0,0,63
10220,0,20460720862,20460720852,0,0,10
10221,0,20462722291,20462722251,0,0,40
10222,0,20464723866,20464723839,0,0,26
10223,0,20466727189,20466727150,0,0,38
10225,0,20470731332,20470731346,0,0,-14
10227,0,20474736080,20474736044,0,0,36
10228,0,20476739648,20476739639,0,0,8
10229,0,20478740218,20478740255,0,0,-36
10230,0,20480742643,20480742636,0,0,6
10233,0,20486749373,20486749332,0,0,40
10235,0,20490754227,20490754177,0,0,50
10236,0,20492757241,20492757224,0,0,17
10238,0,20496760596,20496760581,0,0,15
10239,0,20498762626,20498762580,0,0,45
10240,0,20500764904,20500764870,0,0,33
10241,0,20502767411,20502767377,0,0,33
10242,0,20504769668,20504769642,0,0,26
10243,0,20506771829,20506771788,0,0,40
10245,0,20510776582,20510776561,0,0,20
10247,0,20514780382,20514780368,0,0,13
10248,0,20516782824,20516782795,0,0,29
10249,0,20518784823,20518784806,0,0,17
10250,0,20520787211,20520787191,0,0,20
10253,0,20526793281,20526793253,0,0,27
10255,0,20530796782,20530796755,0,0,27
10256,0,20532799526,20532799483,0,0,43
10258,0,20536804880,20536804852,0,0,27
10259,0,20538807206,20538807166,0,0,40
10260,0,20540809343,20540809332,0,0,10
10261,0,20542811338,20542811316,0,0,22
10262,0,20544814654,20544814576,0,0,78
10263,0,20546817423,20546817400,0,0,22
10265,0,20550821011,20550820962,0,0,49
10267,0,20554824687,20554824663,0,0,23
10268,0,20556827712,20556827687,0,0,25
10269,0,20558829178,20558829170,0,0,8
10270,0,20560831841,20560831832,0,0,8
10273,0,20566837168,20566837150,0,0,17
10275,0,20570842399,20570842353,0,0,45
10276,0,20572845173,20572845148,0,0,24
10278,0,20576851186,20576851151,0,0,35
10279,0,20578851938,20578851898,0,0,40
10280,0,20580853754,20580853743,0,0,10
10281,0,20582856029,20582856055,0,0,-26
10282,0,20584858480,20584858493,0,0,-13
10283,0,20586860382,20586860386,0,0,-4
10285,0,20590864911,20590864954,0,0,-42
10287,0,20594870124,20594870071,0,0,53
10288,0,20596871968,20596871976,0,0,-7
10289,0,20598874029,20598873986,0,0,43
10290,0,20600877308,20600877270,0,0,38
10293,0,20606882663,20606882676,0,0,-13
10295,0,20610886975,20610886956,0,0,19
10296,0,20612889552,20612889532,0,0,20
10298,0,20616893849,20616893820,0,0,29
10299,0,20618895952,20618895901,0,0,51
10300,0,20620899144,20620899094,0,0,49
10301,0,20622901703,20622901666,0,0,37
10302,0,20624902637,20624902595,0,0,42
10303,0,20626905283,20626905243,0,0,39
10305,0,20630909416,20630909379,0,0,37
10307,0,20634913827,20634913777,0,0,49
10308,0,20636916228,20636916251,0,0,-22
10309,0,20638918256,20638918261,0,0,-4
10310,0,20640920393,20640920383,0,0,10
10313,0,20646926919,20646926966,0,0,-46
10315,0,20650932001,20650931918,0,0,83
10316,0,20652934461,20652934444,0,0,16
10318,0,20656938624,20656938575,0,0,49
10319,0,20658940755,20658940696,0,0,58
10320,0,20660942601,20660942613,0,0,-12
10321,0,20662945107,20662945094,0,0,13
10322,0,20664947970,20664948027,0,0,-56
10323,0,20666950658,20666950644,0,0,13
10325,0,20670954173,20670954195,0,0,-21
10327,0,20674958889,20674958879,0,0,9
10328,0,20676961379,20676961439,0,0,-59
10329,0,20678963160,20678963194,0,0,-33
10330,0,20680965437,20680965474,0,0,-36
10333,0,20686972130,20686972141,0,0,-11
10335,0,20690976042,20690976033,0,0,9
10336,0,20692978668,20692978661,0,0,6
10338,0,20696983197,20696983233,0,0,-36
10339,0,20698984862,20698984898,0,0,-35
10340,0,20700986928,20700986948,0,0,-20
10341,0,20702988242,20702988277,0,0,-34
10342,0,20704991604,20704991570,0,0,33
10343,0,20706994003,20706993970,0,0,33
10345,0,20710999231,20710999298,0,0,-67
10347,0,20715002912,20715002937,0,0,-24
10348,0,20717004977,20717005008,0,0,-31
10349,0,20719007298,20719007337,0,0,-38
10350,0,20721010329,20721010355,0,0,-26
10353,0,20727016299,20727016346,0,0,-46
10355,0,20731020625,20731020635,0,0,-10
10356,0,20733022925,20733022977,0,0,-51
10358,0,20737027669,20737027660,0,0,8
10359,0,20739029916,20739029875,0,0,40
10360,0,20741031914,20741031894,0,0,20
10361,0,20743033777,20743033802,0,0,-25
10362,0,20745037087,20745037130,0,0,-42
10363,0,20747040043,20747040006,0,0,36
10365,0,20751042596,20751042588,0,0,7
10367,0,20755047501,20755047461,0,0,39
10368,0,20757049403,20757049364,0,0,38
10369,0,20759051566,20759051507,0,0,58
10370,0,20761054503,20761054435,0,0,67
10373,0,20767060790,20767060745,0,0,44
10375,0,20771065332,20771065278,0,0,53
10376,0,20773067555,20773067590,0,0,-35
10378,0,2074294583,2074294537,0,0,45
10379,0,20779074966,20779074986,0,0,-20
10380,0,20781076738,20781076707,0,0,30
10381,0,20783078824,20783078781,0,0,43
10382,0,20785081715,20785081687,0,0,27
10383,0,20787083372,20787083333,0,0,38
10385,0,20791087248,20791087212,0,0,35
10387,0,20795092000,20795092011,0,0,-11
10388,0,20797094253,20797094239,0,0,14
10389,0,20799096953,20799096976,0,0,-22
10390,0,20801098836,20801098756,0,0,80
10393,0,20807105131,20807105106,0,0,24
10395,0,20811109016,20811109047,0,0,-31
10396,0,20813111519,20813111485,0,0,33
10398,0,20817116533,20817116472,0,0,60
10399,0,20819118886,20819118851,0,0,35
10400,0,20821121543,20821121539,0,0,4
10401,0,20823122953,20823122982,0,0,-28
10402,0,20825125467,20825125413,0,0,53
10403,0,20827127103,20827127056,0,0,47
10405,0,20831131736,20831131714,0,0,21
10407,0,20835136290,20835136258,0,0,32
10408,0,20837138766,20837138737,0,0,29
10409,0,20839141058,20839141026,0,0,31
10410,0,20841143134,20841143105,0,0,29
10413,0,20847150047,20847150027,0,0,20
10415,0,20851154365,20851154338,0,0,26
10416,0,20853156118,20853156083,0,0,34
10418,0,20857161775,20857161759,0,0,15
10419,0,20859163061,20859163017,0,0,44
10420,0,20861165334,20861165315,0,0,18
10421,0,20863167928,20863167957,0,0,-29
10422,0,20865169811,20865169791,0,0,20
10423,0,20867172107,20867172078,0,0,28
10425,0,20871176644,20871176637,0,0,6
10427,0,20875181173,20875181154,0,0,18
10428,0,20877184147,20877184122,0,0,24
10429,0,20879185029,20879185007,0,0,22
10430,0,20881187665,20881187631,0,0,33
10433,0,20887193250,20887193278,0,0,-28
10435,0,20891198100,20891198092,0,0,8
10436,0,20893199779,20893199829,0,0,-49
10438,0,20897205248,20897205234,0,0,13
10439,0,20899207335,20899207304,0,0,31
10440,0,20901209860,20901209849,0,0,11
10441,0,20903211922,20903211897,0,0,24
10442,0,20905214111,20905214061,0,0,49
10443,0,20907216667,20907216683,0,0,-15
10445,0,20911220578,20911220550,0,0,28
10447,0,20915225528,20915225565,0,0,-36
10448,0,20917227523,20917227588,0,0,-65
10449,0,20919230096,20919230055,0,0,41
10450,0,20921232002,20921231951,0,0,51
10453,0,20927238532,20927238519,0,0,13
10455,0,20931244471,20931244437,0,0,33
10456,0,20933245416,20933245391,0,0,25
10458,0,20937249816,20937249785,0,0,31
10459,0,20939251789,20939251752,0,0,36
10460,0,20941254269,20941254239,0,0,29
10461,0,20943256666,20943256626,0,0,40
10462,0,20945258622,20945258572,0,0,50
10463,0,20947261196,20947261179,0,0,17
10465,0,20951265543,20951265529,0,0,13
10467,0,20955269415,20955269393,0,0,22
10468,0,20957271252,20957271212,0,0,40
10469,0,20959273869,20959273844,0,0,25
10470,0,20961275684,20961275649,0,0,34
10473,0,20967282912,20967282875,0,0,37
10475,0,20971287614,20971287548,0,0,65
10476,0,20973289641,20973289608,0,0,32
10478,0,20977295768,20977295722,0,0,46
10479,0,20979296322,20979296292,0,0,29
10480,0,20981298769,20981298778,0,0,-8
10481,0,20983300961,20983300946,0,0,15
10482,0,20985303519,20985303510,0,0,8
10483,0,20987305779,20987305752,0,0,27
10485,0,20991309900,20991309916,0,0,-16
10487,0,20995314128,20995314117,0,0,10
10488,0,20997316294,20997316270,0,0,24
10489,0,20999319321,20999319271,0,0,49
10490,0,21001321013,21001321004,0,0,8
10493,0,21007327741,21007327733,0,0,8
10495,0,21011331835,21011331842,0,0,-6
10496,0,21013334314,21013334269,0,0,45
10498,0,21017339032,21017338983,0,0,49
10499,0,21019341324,21019341276,0,0,47
10500,0,21021343391,21021343373,0,0,17
10501,0,21023345185,21023345176,0,0,8
10502,0,21025348023,21025347992,0,0,31
10503,0,21027351100,21027351076,0,0,23
10505,0,21031354304,21031354319,0,0,-15
10507,0,21035358769,21035358757,0,0,11
10508,0,21037361021,21037361013,0,0,8
10509,0,21039365047,21039365034,0,0,13
10510,0,21041366737,21041366716,0,0,20
10513,0,21047372111,21047372097,0,0,13
10515,0,21051376521,21051376513,0,0,7
10516,0,21053378750,21053378760,0,0,-9
10518,0,21057383199,21057383169,0,0,29
10519,0,21059385624,21059385615,0,0,8
10520,0,21061387234,21061387253,0,0,-19
10521,0,21063388748,21063388707,0,0,40
10522,0,21065392537,21065392484,0,0,53
10523,0,21067394750,21067394716,0,0,33
10525,0,21071398899,21071398868,0,0,31
10527,0,21075403997,21075403950,0,0,47
10528,0,21077407939,21077407932,0,0,6
10529,0,21079407834,21079407785,0,0,49
10530,0,21081410813,21081410768,0,0,44
10533,0,21087416559,21087416521,0,0,38
10535,0,21091420969,21091420925,0,0,43
10536,0,21093423034,21093422989,0,0,44
10538,0,21097428320,21097428305,0,0,14
10539,0,21099430364,21099430316,0,0,47
10540,0,21101432487,21101432449,0,0,38
10541,0,21103434366,21103434346,0,0,20
10542,0,21105436948,21105436908,0,0,40
10543,0,21107439146,21107439130,0,0,15
10545,0,21111443167,21111443152,0,0,15
10547,0,21115447519,21115447477,0,0,42
10548,0,21117450221,21117450209,0,0,11
10549,0,21119451879,21119451856,0,0,23
10550,0,21121454341,21121454315,0,0,25
10553,0,21127461206,21127461178,0,0,27
10555,0,21131465979,21131465947,0,0,32
10556,0,21133468797,21133468836,0,0,-38
10558,0,21137472343,21137472370,0,0,-26
10559,0,21139474372,21139474407,0,0,-35
10560,0,21141476617,21141476638,0,0,-20
10561,0,21143478800,21143478833,0,0,-33
10562,0,21145481053,21145481064,0,0,-11
10563,0,21147483348,21147483316,0,0,31
10565,0,21151488018,21151487997,0,0,20
10567,0,21155491985,21155492028,0,0,-42
10568,0,21157494501,21157494489,0,0,11
10569,0,21159496765,21159496784,0,0,-19
10570,0,21161498875,21161498883,0,0,-8
10573,0,21167505442,21167505406,0,0,35
10575,0,21171510107,21171510065,0,0,42
10576,0,21173512328,21173512305,0,0,22
10578,0,2114338008,2114337968,0,0,39
10579,0,21179518756,21179518781,0,0,-24
10580,0,21181521171,21181521228,0,0,-56
10581,0,21183523593,21183523617,0,0,-24
10582,0,21185526051,21185526101,0,0,-49
10583,0,21187528890,21187528905,0,0,-14
10585,0,21191531310,21191531325,0,0,-15
10587,0,21195536528,21195536509,0,0,18
10588,0,21197538973,21197538937,0,0,35
10589,0,21199540916,21199540885,0,0,31
10590,0,21201544082,21201544030,0,0,51
10593,0,21207550176,21207550206,0,0,-29
10595,0,21211554966,21211554982,0,0,-16
10596,0,21213557772,21213557725,0,0,47
10598,0,21217561307,21217561283,0,0,24
10599,0,21219563498,21219563446,0,0,51
10600,0,21221565874,21221565867,0,0,6
10601,0,21223568460,21223568422,0,0,37
10602,0,21225571788,21225571762,0,0,25
10603,0,21227572970,21227572930,0,0,40
10605,0,21231576395,21231576360,0,0,35
10607,0,21235581024,21235580993,0,0,31
10608,0,21237583281,21237583271,0,0,9
10609,0,21239585817,21239585788,0,0,28
10610,0,21241588185,21241588135,0,0,49
10613,0,21247594318,21247594269,0,0,49
10615,0,21251598806,21251598761,0,0,45
10616,0,21253600766,21253600757,0,0,8
10618,0,21257605766,21257605757,0,0,8
10619,0,21259608581,21259608559,0,0,22
10620,0,21261611603,21261611603,0,0,0
10621,0,21263612295,21263612323,0,0,-28
10622,0,21265614408,21265614420,0,0,-12
10623,0,21267616893,21267616869,0,0,24
10625,0,21271619794,21271619777,0,0,17
10627,0,21275625382,21275625336,0,0,46
10628,0,21277629937,21277629889,0,0,47
10629,0,21279630162,21279630138,0,0,24
10630,0,21281632852,21281632878,0,0,-25
10633,0,21287637403,21287637462,0,0,-58
10635,0,21291643486,21291643469,0,0,16
10636,0,21293645892,21293645879,0,0,13
10638,0,21297651253,21297651224,0,0,29
10639,0,21299652547,21299652533,0,0,13
10640,0,21301654177,21301654192,0,0,-15
10641,0,21303656040,21303656031,0,0,8
10642,0,21305659595,21305659661,0,0,-65
10643,0,21307661337,21307661380,0,0,-42
10645,0,21311665651,21311665644,0,0,6
10647,0,21315670078,21315670022,0,0,56
10648,0,21317672085,21317672042,0,0,43
10649,0,21319674182,21319674164,0,0,17
10650,0,21321676796,21321676767,0,0,29
10653,0,21327683666,21327683652,0,0,13
10655,0,21331687687,21331687732,0,0,-44
10656,0,21333690242,21333690231,0,0,10
10658,0,21337694187,21337694198,0,0,-11
10659,0,21339696831,21339696817,0,0,13
10660,0,21341699137,21341699121,0,0,15
10661,0,21343701397,21343701448,0,0,-50
10662,0,21345704337,21345704369,0,0,-32
10663,0,21347706905,21347706940,0,0,-35
10665,0,21351710258,21351710313,0,0,-54
10667,0,21355715066,21355715072,0,0,-6
10668,0,21357717196,21357717189,0,0,6
10669,0,21359719138,21359719110,0,0,28
10670,0,21361721231,21361721202,0,0,29
10673,0,21367728606,21367728598,0,0,8
10675,0,21371732599,21371732609,0,0,-10
10676,0,21373735387,21373735378,0,0,8
10678,0,21377740683,21377740693,0,0,-10
10679,0,21379740877,21379740844,0,0,33
10680,0,21381742377,21381742363,0,0,14
10681,0,21383746444,21383746434,0,0,10
10682,0,21385747984,21385747964,0,0,20
10683,0,21387750724,21387750712,0,0,11
10685,0,21391754550,21391754540,0,0,10
10687,0,21395758617,21395758627,0,0,-9
10688,0,21397760460,21397760447,0,0,13
10689,0,21399763176,21399763209,0,0,-33
10690,0,21401764638,21401764680,0,0,-42
10693,0,21407772759,21407772772,0,0,-13
10695,0,21411776629,21411776656,0,0,-27
10696,0,21413778829,21413778811,0,0,18
10698,0,21417784063,21417784013,0,0,49
10699,0,21419785693,21419785658,0,0,35
10700,0,21421788267,21421788249,0,0,17
10701,0,21423790226,21423790188,0,0,38
10702,0,21425792476,21425792452,0,0,23
10703,0,21427794325,21427794285,0,0,40
10705,0,21431799121,21431799131,0,0,-9
10707,0,21435803692,21435803652,0,0,39
10708,0,21437806082,21437806063,0,0,18
10709,0,21439807960,21439807914,0,0,45
10710,0,21441810011,21441809961,0,0,49
10713,0,21447815574,21447815533,0,0,40
10715,0,21451822190,21451822155,0,0,35
10716,0,21453824377,21453824369,0,0,8
10718,0,21457829081,21457829053,0,0,28
10719,0,21459830438,21459830409,0,0,28
10720,0,21461832378,21461832359,0,0,18
10721,0,21463834836,21463834802,0,0,33
10722,0,21465836707,21465836644,0,0,62
10723,0,21467838621,21467838632,0,0,-11
10725,0,21471843782,21471843800,0,0,-17
10727,0,21475848156,21475848177,0,0,-20
10728,0,21477851678,21477851715,0,0,-36
10729,0,21479854005,21479853970,0,0,35
10730,0,21481855192,21481855132,0,0,60
10733,0,21487860898,21487860851,0,0,46
10735,0,21491865851,21491865865,0,0,-13
10736,0,21493868079,21493868050,0,0,29
10738,0,21497872464,21497872418,0,0,45
10739,0,21499874957,21499874887,0,0,69
10740,0,21501877116,21501877089,0,0,26
10741,0,21503879354,21503879303,0,0,50
10742,0,21505881386,21505881307,0,0,78
10743,0,21507883538,21507883481,0,0,56
10745,0,21511886660,21511886642,0,0,17
10747,0,21515892241,21515892167,0,0,74
10748,0,21517895141,21517895098,0,0,43
10749,0,21519896741,21519896752,0,0,-11
10750,0,21521898263,21521898298,0,0,-34
10753,0,21527906150,21527906168,0,0,-17
10755,0,21531910037,21531910023,0,0,13
10756,0,21533912690,21533912631,0,0,59
10758,0,21537916999,21537917031,0,0,-32
10759,0,21539919343,21539919350,0,0,-6
10760,0,21541921268,21541921283,0,0,-15
10761,0,21543923721,21543923732,0,0,-10
10762,0,21545925698,21545925741,0,0,-42
10763,0,21547927820,21547927783,0,0,37
10765,0,21551933696,21551933690,0,0,5
10767,0,21555936689,21555936651,0,0,37
10768,0,21557938259,21557938242,0,0,17
10769,0,21559941968,21559941916,0,0,51
10770,0,21561943526,21561943528,0,0,-2
10773,0,21567951867,21567951840,0,0,27
10775,0,21571954862,21571954853,0,0,8
10776,0,21573956770,21573956732,0,0,38
10778,0,2154383148,2154383110,0,0,38
10779,0,21579963683,21579963671,0,0,11
10780,0,21581966109,21581966077,0,0,31
10781,0,21583968018,21583967985,0,0,33
10782,0,21585970693,21585970679,0,0,13
10783,0,21587972507,21587972487,0,0,20
10785,0,21591975479,21591975435,0,0,43
10787,0,21595981705,21595981700,0,0,5
10788,0,21597983476,21597983464,0,0,12
10789,0,21599984625,21599984601,0,0,24
10790,0,21601987224,21601987199,0,0,24
10793,0,21607994964,21607994935,0,0,28
10795,0,21611998686,21611998659,0,0,26
10796,0,21614000255,21614000211,0,0,44
10798,0,21618006491,21618006464,0,0,26
10799,0,21620008244,21620008210,0,0,33
10800,0,21622010479,21622010442,0,0,36
10801,0,21624012702,21624012687,0,0,15
10802,0,21626016313,21626016299,0,0,13
10803,0,21628016978,21628016937,0,0,41
10805,0,21632021406,21632021417,0,0,-10
10807,0,21636026379,21636026370,0,0,8
10808,0,21638028051,21638028042,0,0,8
10809,0,21640030779,21640030748,0,0,31
10810,0,21642033260,21642033247,0,0,13
10813,0,21648039408,21648039389,0,0,19
10815,0,21652043471,21652043441,0,0,30
10816,0,21654046348,21654046319,0,0,29
10818,0,21658051060,21658051042,0,0,17
10819,0,21660052668,21660052656,0,0,11
10820,0,21662055640,21662055626,0,0,13
10821,0,21664058462,21664058449,0,0,13
10822,0,21666059417,21666059379,0,0,38
10823,0,21668061470,21668061440,0,0,29
10825,0,21672066062,21672066073,0,0,-11
10827,0,21676070170,21676070182,0,0,-11
10828,0,21678073438,21678073420,0,0,17
10829,0,21680074530,21680074513,0,0,16
10830,0,21682076825,21682076774,0,0,51
10833,0,21688083909,21688083874,0,0,35
10835,0,21692088341,21692088330,0,0,11
10836,0,21694090700,21694090644,0,0,55
10838,0,21698095375,21698095382,0,0,-6
10839,0,21700098643,21700098635,0,0,7
10840,0,21702099329,21702099313,0,0,15
10841,0,21704102375,21704102404,0,0,-29
10842,0,21706104885,21706104957,0,0,-71
10843,0,21708106025,21708106004,0,0,21
10845,0,21712110118,21712110101,0,0,16
10847,0,21716114446,21716114417,0,0,29
10848,0,21718116548,21718116501,0,0,47
10849,0,21720119411,21720119402,0,0,8
10850,0,21722122150,21722122117,0,0,32
10853,0,21728128416,21728128388,0,0,27
10855,0,21732132585,21732132570,0,0,14
10856,0,21734134755,21734134766,0,0,-11
10858,0,21738139568,21738139550,0,0,17
10859,0,21740141608,21740141581,0,0,27
10860,0,21742143789,21742143773,0,0,15
10861,0,21744146378,21744146367,0,0,11
10862,0,21746148651,21746148622,0,0,29
10863,0,21748151328,21748151311,0,0,17
10865,0,21752154770,21752154742,0,0,28
10867,0,21756159435,21756159425,0,0,9
10868,0,21758161676,21758161741,0,0,-65
10869,0,21760164156,21760164184,0,0,-28
10870,0,21762166700,21762166732,0,0,-31
10873,0,21768172812,21768172822,0,0,-10
10875,0,21772177714,21772177774,0,0,-59
10876,0,21774180950,21774180995,0,0,-44
10878,0,21778185292,21778185363,0,0,-71
10879,0,21780186483,21780186443,0,0,39
10880,0,21782188320,21782188346,0,0,-26
10881,0,21784190489,21784190514,0,0,-24
10882,0,21786192770,21786192712,0,0,58
10883,0,21788195235,21788195171,0,0,63
10885,0,21792199868,21792199825,0,0,42
10887,0,21796204595,21796204535,0,0,60
10888,0,21798205217,21798205159,0,0,58
10889,0,21800208155,21800208096,0,0,58
10890,0,21802209786,21802209749,0,0,37
10893,0,21808218406,21808218372,0,0,33
10895,0,21812222100,21812222035,0,0,65
10896,0,21814224113,21814224185,0,0,-71
10898,0,21818228685,21818228737,0,0,-51
10899,0,21820231089,21820231065,0,0,23
10900,0,21822233166,21822233157,0,0,8
10901,0,21824235450,21824235487,0,0,-36
10902,0,21826237242,21826237229,0,0,13
10903,0,21828239773,21828239748,0,0,24
10905,0,21832244287,21832244241,0,0,45
10907,0,21836248818,21836248782,0,0,36
10908,0,21838250608,21838250615,0,0,-7
10909,0,21840252368,21840252383,0,0,-15
10910,0,21842254083,21842254089,0,0,-6
10913,0,21848261532,21848261546,0,0,-13
10915,0,21852266604,21852266583,0,0,21
10916,0,21854268670,21854268635,0,0,35
10918,0,21858272884,21858272897,0,0,-13
10919,0,21860275315,21860275277,0,0,38
10920,0,21862277245,21862277195,0,0,50
10921,0,21864279731,21864279682,0,0,49
10922,0,21866281887,21866281856,0,0,31
10923,0,21868284097,21868284042,0,0,55
10925,0,21872288544,21872288460,0,0,83
10927,0,21876292524,21876292494,0,0,30
10928,0,21878295539,21878295530,0,0,8
10929,0,21880297244,21880297190,0,0,53
10930,0,21882299261,21882299252,0,0,8
10933,0,21888307013,21888306952,0,0,60
10935,0,21892310739,21892310730,0,0,8
10936,0,21894313425,21894313386,0,0,38
10938,0,21898317519,21898317509,0,0,10
10939,0,21900320392,21900320352,0,0,40
10940,0,21902323840,21902323804,0,0,36
10941,0,21904325304,21904325328,0,0,-24
10942,0,21906326024,21906326079,0,0,-54
10943,0,21908327723,21908327695,0,0,28
10945,0,21912333195,21912333152,0,0,42
10947,0,21916337268,21916337291,0,0,-22
10948,0,21918339962,21918339985,0,0,-22
10949,0,21920341889,21920341943,0,0,-54
10950,0,21922344698,21922344724,0,0,-26
10953,0,21928350528,21928350548,0,0,-20
10955,0,21932355164,21932355155,0,0,8
10956,0,21934357301,21934357267,0,0,33
10958,0,21938362308,21938362331,0,0,-22
10959,0,21940363539,21940363590,0,0,-51
10960,0,21942365344,21942365304,0,0,40
10961,0,21944368626,21944368620,0,0,5
10962,0,21946371006,21946370989,0,0,16
10963,0,21948373409,21948373386,0,0,23
10965,0,21952377546,21952377529,0,0,17
10967,0,21956382138,21956382132,0,0,6
10968,0,21958384368,21958384334,0,0,33
10969,0,21960386013,21960385986,0,0,26
10970,0,21962387775,21962387731,0,0,43
10973,0,21968394989,21968395047,0,0,-58
10975,0,21972399178,21972399170,0,0,8
10976,0,21974400985,21974400959,0,0,26
10978,0,2194428143,2194428129,0,0,13
10979,0,21980408524,21980408496,0,0,28
10980,0,21982411003,21982410981,0,0,22
10981,0,21984412877,21984412848,0,0,29
10982,0,21986414755,21986414741,0,0,13
10983,0,21988416796,21988416759,0,0,37
10985,0,21992422055,21992422026,0,0,29
10987,0,21996426141,21996426128,0,0,13
10988,0,21998429015,21998428994,0,0,20
10989,0,22000430730,22000430678,0,0,51
10990,0,22002433186,22002433161,0,0,24
10993,0,22008438530,22008438476,0,0,53
10995,0,22012443890,22012443874,0,0,15
10996,0,22014446855,22014446901,0,0,-46
10998,0,22018451090,22018451159,0,0,-69
10999,0,22020453297,22020453289,0,0,7
11000,0,22022455132,22022455120,0,0,11
11001,0,22024457512,22024457474,0,0,38
11002,0,22026459488,22026459480,0,0,7
11003,0,22028462324,22028462298,0,0,25
11005,0,22032466586,22032466565,0,0,20
11007,0,22036470677,22036470687,0,0,-9
11008,0,22038473528,22038473485,0,0,42
11009,0,22040475210,22040475201,0,0,8
11010,0,22042477350,22042477308,0,0,41
11013,0,22048484167,22048484161,0,0,5
11015,0,22052488451,22052488439,0,0,11
11016,0,22054490930,22054490972,0,0,-42
11018,0,22058495378,22058495369,0,0,8
11019,0,22060497460,22060497440,0,0,20
11020,0,22062499722,22062499687,0,0,34
11021,0,22064502087,22064502076,0,0,11
11022,0,22066505521,22066505506,0,0,14
11023,0,22068506310,22068506289,0,0,20
11025,0,22072510990,22072510984,0,0,5
11027,0,22076515455,22076515444,0,0,10
11028,0,22078518998,22078519033,0,0,-35
11029,0,22080519764,22080519725,0,0,38
11030,0,22082522292,22082522303,0,0,-11
11033,0,22088528825,22088528788,0,0,36
11035,0,22092533642,22092533653,0,0,-11
11036,0,22094535683,22094535674,0,0,9
11038,0,22098539642,22098539633,0,0,8
11039,0,22100541103,22100541133,0,0,-30
11040,0,22102543679,22102543704,0,0,-24
11041,0,22104546316,22104546339,0,0,-22
11042,0,22106550034,22106549955,0,0,79
11043,0,22108551937,22108551865,0,0,71
11045,0,22112554393,22112554337,0,0,56
11047,0,22116559650,22116559611,0,0,38
11048,0,22118562452,22118562404,0,0,47
11049,0,22120564456,22120564411,0,0,45
11050,0,22122566676,22122566635,0,0,40
11053,0,22128572977,22128573013,0,0,-36
11055,0,22132577283,22132577287,0,0,-4
11056,0,22134578823,22134578876,0,0,-53
11058,0,22138585362,22138585405,0,0,-42
11059,0,22140586663,22140586628,0,0,35
11060,0,22142588878,22142588838,0,0,40
11061,0,22144591401,22144591354,0,0,47
11062,0,22146593649,22146593640,0,0,8
11063,0,22148595580,22148595559,0,0,20
11065,0,22152599849,22152599824,0,0,25
11067,0,22156605501,22156605494,0,0,6
11068,0,22158607835,22158607852,0,0,-16
11069,0,22160608626,22160608600,0,0,26
11070,0,22162611140,22162611134,0,0,5
11073,0,22168617494,22168617462,0,0,31
11075,0,22172621676,22172621660,0,0,15
11076,0,22174625065,22174625018,0,0,47
11078,0,22178630065,22178630037,0,0,28
11079,0,22180631576,22180631522,0,0,53
11080,0,22182633657,22182633614,0,0,42
11081,0,22184635781,22184635732,0,0,49
11082,0,22186638310,22186638281,0,0,29
11083,0,22188639638,22188639651,0,0,-13
11085,0,22192645544,22192645587,0,0,-42
11087,0,22196648921,22196648904,0,0,17
11088,0,22198651734,22198651690,0,0,44
11089,0,22200653550,22200653577,0,0,-26
11090,0,22202655833,22202655893,0,0,-59
11093,0,22208662364,22208662292,0,0,71
11095,0,22212667516,22212667537,0,0,-20
11096,0,22214669000,22214669035,0,0,-35
11098,0,22218673629,22218673588,0,0,40
11099,0,22220676217,22220676165,0,0,51
11100,0,22222677575,22222677534,0,0,40
11101,0,22224678867,22224678820,0,0,46
11102,0,22226682310,22226682287,0,0,22
11103,0,22228684430,22228684379,0,0,50
11105,0,22232688877,22232688860,0,0,17
11107,0,22236693725,22236693696,0,0,29
11108,0,22238695451,22238695466,0,0,-15
11109,0,22240697887,22240697899,0,0,-11
11110,0,22242700021,22242700038,0,0,-16
11113,0,22248708064,22248708055,0,0,8
11115,0,22252710089,22252710111,0,0,-22
11116,0,22254713681,22254713704,0,0,-22
11118,0,22258717869,22258717829,0,0,40
11119,0,22260719743,22260719730,0,0,12
11120,0,22262722292,22262722280,0,0,11
11121,0,22264724489,22264724464,0,0,25
11122,0,22266726719,22266726696,0,0,23
11123,0,22268729128,22268729114,0,0,14
11125,0,22272733943,22272733908,0,0,35
11127,0,22276737757,22276737746,0,0,10
11128,0,22278741723,22278741693,0,0,30
11129,0,22280742278,22280742268,0,0,10
11130,0,22282744112,22282744112,0,0,0
11133,0,22288751045,22288751016,0,0,29
11135,0,22292755417,22292755429,0,0,-11
11136,0,22294758025,22294758000,0,0,24
11138,0,22298761346,22298761339,0,0,6
11139,0,22300764320,22300764299,0,0,20
11140,0,22302766560,22302766521,0,0,39
11141,0,22304768949,22304768939,0,0,10
11142,0,22306771132,22306771112,0,0,20
11143,0,22308773382,22308773347,0,0,34
11145,0,22312777733,22312777665,0,0,68
11147,0,22316781643,22316781642,0,0,0
11148,0,22318783703,22318783755,0,0,-51
11149,0,22320787626,22320787601,0,0,24
11150,0,22322789127,22322789090,0,0,36
11153,0,22328795472,22328795489,0,0,-16
11155,0,22332800147,22332800185,0,0,-38
11156,0,22334802613,22334802655,0,0,-41
11158,0,22338807622,22338807613,0,0,8
11159,0,22340810031,22340809998,0,0,33
11160,0,22342810979,22342810958,0,0,20
11161,0,22344813472,22344813457,0,0,15
11162,0,22346815806,22346815875,0,0,-68
11163,0,22348818394,22348818419,0,0,-24
11165,0,22352822628,22352822591,0,0,37
11167,0,22356826316,22356826334,0,0,-17
11168,0,22358829180,22358829245,0,0,-65
11169,0,22360831083,22360831120,0,0,-36
11170,0,22362833580,22362833615,0,0,-34
11173,0,22368840125,22368840139,0,0,-13
11175,0,22372845251,22372845285,0,0,-33
11176,0,22374847449,22374847418,0,0,31
11178,0,2234472631,2234472606,0,0,24
11179,0,22380853400,22380853364,0,0,35
11180,0,22382855446,22382855408,0,0,38
11181,0,22384856729,22384856721,0,0,8
11182,0,22386860286,22386860232,0,0,53
11183,0,22388862471,22388862446,0,0,24
11185,0,22392867235,22392867226,0,0,8
11187,0,22396871459,22396871465,0,0,-6
11188,0,22398873676,22398873667,0,0,8
11189,0,22400875692,22400875681,0,0,10
11190,0,22402878076,22402878086,0,0,-9
11193,0,22408884498,22408884489,0,0,8
11195,0,22412889258,22412889237,0,0,20
11196,0,22414891535,22414891515,0,0,20
11198,0,22418896009,22418896020,0,0,-11
11199,0,22420898171,22420898157,0,0,13
11200,0,22422900635,22422900599,0,0,36
11201,0,22424902352,22424902341,0,0,11
11202,0,22426904661,22426904596,0,0,65
11203,0,22428906767,22428906698,0,0,69
11205,0,22432911580,22432911544,0,0,35
11207,0,22436915389,22436915341,0,0,47
11208,0,22438917248,22438917240,0,0,7
11209,0,22440920146,22440920159,0,0,-12
11210,0,22442922379,22442922385,0,0,-6
11213,0,22448929368,22448929287,0,0,81
11215,0,22452933198,22452933156,0,0,42
11216,0,22454934932,22454934892,0,0,40
11218,0,22458940674,22458940635,0,0,39
11219,0,22460942539,22460942515,0,0,23
11220,0,22462944613,22462944553,0,0,59
11221,0,22464946783,22464946739,0,0,43
11222,0,22466949047,22466949032,0,0,15
11223,0,22468952593,22468952613,0,0,-20
11225,0,22472954981,22472954961,0,0,20
11227,0,22476960283,22476960292,0,0,-8
11228,0,22478963470,22478963456,0,0,13
11229,0,22480963332,22480963322,0,0,10
11230,0,22482965709,22482965725,0,0,-16
11233,0,22488973878,22488973848,0,0,30
11235,0,22492977782,22492977826,0,0,-44
11236,0,22494979851,22494979818,0,0,33
11238,0,22498984898,22498984867,0,0,30
11239,0,22500987222,22500987205,0,0,17
11240,0,22502988913,22502988903,0,0,10
11241,0,22504991431,22504991399,0,0,32
11242,0,22506993867,22506993846,0,0,20
11243,0,22508995860,22508995836,0,0,23
11245,0,22513000195,22513000189,0,0,5
11247,0,22517005096,22517005059,0,0,37
11248,0,22519007517,22519007496,0,0,21
11249,0,22521009393,22521009368,0,0,24
11250,0,22523011428,22523011408,0,0,19
11253,0,22529018102,22529018051,0,0,50
11255,0,22533022269,22533022254,0,0,14
11256,0,22535024687,22535024631,0,0,56
11258,0,22539029504,22539029467,0,0,37
11259,0,22541033433,22541033397,0,0,35
11260,0,22543035026,22543034991,0,0,35
11261,0,22545036312,22545036322,0,0,-9
11262,0,22547038686,22547038741,0,0,-55
11263,0,22549040222,22549040243,0,0,-20
11265,0,22553044767,22553044714,0,0,53
11267,0,22557049460,22557049413,0,0,47
11268,0,22559051874,22559051826,0,0,47
11269,0,22561054422,22561054383,0,0,38
11270,0,22563055991,22563055939,0,0,51
11273,0,22569062200,22569062130,0,0,69
11275,0,22573067031,22573067065,0,0,-33
11276,0,22575069633,22575069670,0,0,-36
11278,0,22579076588,22579076547,0,0,40
11279,0,22581075790,22581075736,0,0,53
11280,0,22583078235,22583078179,0,0,56
11281,0,22585080959,22585080915,0,0,43
11282,0,22587082591,22587082535,0,0,56
11283,0,22589084752,22589084683,0,0,69
11285,0,22593089593,22593089546,0,0,46
11287,0,22597093524,22597093516,0,0,8
11288,0,22599096179,22599096114,0,0,65
11289,0,22601098287,22601098250,0,0,37
11290,0,22603100836,22603100796,0,0,40
11293,0,22609106984,22609106954,0,0,29
11295,0,22613111369,22613111340,0,0,29
11296,0,22615113897,22615113843,0,0,53
11298,0,22619117166,22619117118,0,0,48
11299,0,22621120074,22621120035,0,0,38
11300,0,22623121416,22623121371,0,0,44
11301,0,22625124829,22625124797,0,0,31
11302,0,22627127406,22627127373,0,0,33
11303,0,22629129522,22629129453,0,0,69
11305,0,22633134364,22633134320,0,0,43
11307,0,22637138028,22637137974,0,0,53
11308,0,22639140519,22639140464,0,0,54
11309,0,22641142577,22641142555,0,0,22
11310,0,22643144512,22643144484,0,0,27
11313,0,22649151570,22649151585,0,0,-15
11315,0,22653156094,22653156083,0,0,11
11316,0,22655158365,22655158331,0,0,33
11318,0,22659162986,22659162972,0,0,13
11319,0,22661164700,22661164647,0,0,53
11320,0,22663166680,22663166644,0,0,35
11321,0,22665168359,22665168310,0,0,48
11322,0,22667171593,22667171573,0,0,19
11323,0,22669174322,22669174274,0,0,47
11325,0,22673178230,22673178188,0,0,41
11327,0,22677182460,22677182440,0,0,20
11328,0,22679186372,22679186350,0,0,21
11329,0,22681187597,22681187554,0,0,43
11330,0,22683189618,22683189593,0,0,25
11333,0,22689196434,22689196414,0,0,20
11335,0,22693200061,22693200051,0,0,9
11336,0,22695202077,22695202062,0,0,15
11338,0,22699207994,22699207970,0,0,24
11339,0,22701210720,22701210706,0,0,13
11340,0,22703211291,22703211276,0,0,15
11341,0,22705212907,22705212889,0,0,17
11342,0,22707216156,22707216133,0,0,22
11343,0,22709218182,22709218148,0,0,33
11345,0,22713222667,22713222673,0,0,-6
11347,0,22717227175,22717227161,0,0,13
11348,0,22719230033,22719230009,0,0,24
11349,0,22721231967,22721231995,0,0,-28
11350,0,22723234631,22723234642,0,0,-11
11353,0,22729240732,22729240681,0,0,51
11355,0,22733245636,22733245611,0,0,25
11356,0,22735246986,22735246957,0,0,29
11358,0,22739251925,22739251916,0,0,8
11359,0,22741253886,22741253879,0,0,6
11360,0,22743256251,22743256197,0,0,53
11361,0,22745258249,22745258182,0,0,66
11362,0,22747260952,22747260934,0,0,17
11363,0,22749262634,22749262610,0,0,24
11365,0,22753267442,22753267417,0,0,25
11367,0,22757271553,22757271620,0,0,-66
11368,0,22759273775,22759273834,0,0,-58
11369,0,22761276006,22761276038,0,0,-32
11370,0,22763278336,22763278415,0,0,-79
11373,0,22769283747,22769283761,0,0,-13
11375,0,22773288092,22773288109,0,0,-16
11376,0,22775290587,22775290514,0,0,73
11378,0,2274516098,2274516051,0,0,47
11379,0,22781298113,22781298130,0,0,-16
11380,0,22783300827,22783300812,0,0,15
11381,0,22785303122,22785303098,0,0,23
11382,0,22787305426,22787305415,0,0,11
11383,0,22789307636,22789307588,0,0,47
11385,0,22793312472,22793312457,0,0,15
11387,0,22797317683,22797317674,0,0,8
11388,0,22799318743,22799318712,0,0,31
11389,0,22801320494,22801320460,0,0,33
11390,0,22803322817,22803322811,0,0,5
11393,0,22809329656,22809329618,0,0,38
11395,0,22813333540,22813333617,0,0,-76
11396,0,22815336815,22815336831,0,0,-16
11398,0,22819340745,22819340691,0,0,53
11399,0,22821344337,22821344280,0,0,56
11400,0,22823346315,22823346346,0,0,-31
11401,0,22825347257,22825347282,0,0,-24
11402,0,22827349975,22827350034,0,0,-58
11403,0,22829351696,22829351721,0,0,-24
11405,0,22833357378,22833357341,0,0,37
11407,0,22837360415,22837360381,0,0,34
11408,0,22839363096,22839363076,0,0,19
11409,0,22841365211,22841365160,0,0,51
11410,0,22843367887,22843367860,0,0,26
11413,0,22849373940,22849373880,0,0,59
11415,0,22853378304,22853378285,0,0,19
11416,0,22855380449,22855380408,0,0,40
11418,0,22859384684,22859384653,0,0,30
11419,0,22861387241,22861387207,0,0,33
11420,0,22863390102,22863390031,0,0,70
11421,0,22865391868,22865391821,0,0,47
11422,0,22867394062,22867394051,0,0,11
11423,0,22869397320,22869397283,0,0,37
11425,0,22873400524,22873400519,0,0,5
11427,0,22877404964,22877404981,0,0,-16
11428,0,22879408700,22879408662,0,0,38
11429,0,22881409180,22881409155,0,0,25
11430,0,22883411142,22883411114,0,0,28
11433,0,22889418661,22889418633,0,0,27
11435,0,22893422754,22893422746,0,0,8
11436,0,22895425408,22895425388,0,0,20
11438,0,22899428716,22899428683,0,0,33
11439,0,22901431797,22901431764,0,0,33
11440,0,22903434546,22903434480,0,0,66
11441,0,22905436300,22905436257,0,0,42
11442,0,22907438458,22907438439,0,0,18
11443,0,22909441045,22909441072,0,0,-26
11445,0,22913445209,22913445244,0,0,-35
11447,0,22917449614,22917449588,0,0,26
11448,0,22919452323,22919452296,0,0,26
11449,0,22921453822,22921453795,0,0,26
11450,0,22923456630,22923456634,0,0,-4
11453,0,22929463294,22929463250,0,0,44
11455,0,22933468007,22933467998,0,0,8
11456,0,22935469558,22935469518,0,0,40
11458,0,22939473815,22939473783,0,0,31
11459,0,22941475044,22941474992,0,0,51
11460,0,22943478679,22943478712,0,0,-33
11461,0,22945480714,22945480731,0,0,-16
11462,0,22947483334,22947483345,0,0,-11
11463,0,22949484838,22949484858,0,0,-20
11465,0,22953489617,22953489579,0,0,37
11467,0,22957493624,22957493588,0,0,35
11468,0,22959495751,22959495774,0,0,-22
11469,0,22961498332,22961498356,0,0,-24
11470,0,22963500645,22963500580,0,0,65
11473,0,22969507138,22969507103,0,0,35
11475,0,22973511424,22973511399,0,0,24
11476,0,22975513090,22975513139,0,0,-49
11478,0,22979521209,22979521220,0,0,-11
11479,0,22981520910,22981520884,0,0,25
11480,0,22983523525,22983523497,0,0,27
11481,0,22985525576,22985525585,0,0,-8
11482,0,22987527238,22987527221,0,0,17
11483,0,22989530544,22989530517,0,0,26
11485,0,22993534144,22993534118,0,0,26
11487,0,22997538229,22997538282,0,0,-53
11488,0,22999539944,22999539956,0,0,-11
11489,0,23001542656,23001542690,0,0,-34
11490,0,23003544006,23003544058,0,0,-51
11493,0,23009551644,23009551669,0,0,-25
11495,0,23013556575,23013556594,0,0,-19
11496,0,23015558658,23015558699,0,0,-40
11498,0,23019562946,23019562975,0,0,-29
11499,0,23021565612,23021565566,0,0,45
11500,0,23023567914,23023567892,0,0,22
11501,0,23025569969,23025569939,0,0,29
11502,0,23027572035,23027572000,0,0,34
11503,0,23029574366,23029574353,0,0,13
11505,0,23033578528,23033578483,0,0,44
11507,0,23037583366,23037583391,0,0,-25
11508,0,23039585496,23039585464,0,0,31
11509,0,23041588074,23041588064,0,0,10
11510,0,23043590018,23043589999,0,0,19
11513,0,23049595544,23049595481,0,0,62
11515,0,23053600947,23053600941,0,0,5
11516,0,23055603975,23055603931,0,0,44
11518,0,23059607721,23059607696,0,0,24
11519,0,23061609755,23061609748,0,0,7
11520,0,23063611795,23063611768,0,0,27
11521,0,23065614534,23065614594,0,0,-59
11522,0,23067616561,23067616523,0,0,38
11523,0,23069618845,23069618818,0,0,26
11525,0,23073623115,23073623105,0,0,9
11527,0,23077627887,23077627869,0,0,17
11528,0,23079631188,23079631229,0,0,-41
11529,0,23081631636,23081631705,0,0,-69
11530,0,23083633086,23083633170,0,0,-84
11533,0,23089641894,23089641905,0,0,-11
11535,0,23093644159,23093644178,0,0,-19
11536,0,23095647547,23095647568,0,0,-20
11538,0,23099652988,23099653051,0,0,-62
11539,0,23101655056,23101655082,0,0,-25
11540,0,23103656162,23103656154,0,0,8
11541,0,23105657894,23105657918,0,0,-24
11542,0,23107660989,23107661032,0,0,-42
11543,0,23109662996,23109662985,0,0,11
11545,0,23113667674,23113667624,0,0,49
11547,0,23117672804,23117672788,0,0,15
11548,0,23119675208,23119675166,0,0,42
11549,0,23121676269,23121676215,0,0,53
11550,0,23123678568,23123678612,0,0,-43
11553,0,23129685361,23129685305,0,0,56
11555,0,23133688240,23133688211,0,0,29
11556,0,23135691402,23135691377,0,0,24
11558,0,23139695878,23139695840,0,0,37
11559,0,23141699022,23141698989,0,0,32
11560,0,23143700676,23143700641,0,0,34
11561,0,23145703143,23145703092,0,0,51
11562,0,23147705514,23147705494,0,0,20
11563,0,23149707375,23149707386,0,0,-11
11565,0,23153710972,23153710982,0,0,-10
11567,0,23157716382,23157716330,0,0,51
11568,0,23159718329,23159718313,0,0,15
11569,0,23161719726,23161719763,0,0,-36
11570,0,23163723750,23163723752,0,0,-2
11573,0,23169729622,23169729579,0,0,43
11575,0,23173733913,23173733905,0,0,8
11576,0,23175735080,23175735048,0,0,32
11578,0,2314561519,2314561478,0,0,40
11579,0,23181742745,23181742711,0,0,33
11580,0,23183744532,23183744466,0,0,66
11581,0,23185747225,23185747190,0,0,35
11582,0,23187748750,23187748741,0,0,8
11583,0,23189752838,23189752813,0,0,24
11585,0,23193755808,23193755814,0,0,-6
11587,0,23197760739,23197760730,0,0,8
11588,0,23199763186,23199763157,0,0,29
11589,0,23201765241,23201765210,0,0,31
11590,0,23203767665,23203767638,0,0,26
11593,0,23209772927,23209772917,0,0,9
11595,0,23213778605,23213778615,0,0,-9
11596,0,23215781080,23215781037,0,0,43
11598,0,23219785316,23219785269,0,0,47
11599,0,23221788044,23221788025,0,0,18
11600,0,23223789710,23223789667,0,0,42
11601,0,23225792084,23225792056,0,0,28
11602,0,23227793339,23227793321,0,0,17
11603,0,23229796532,23229796487,0,0,45
11605,0,23233800963,23233801004,0,0,-40
11607,0,23237805266,23237805240,0,0,25
11608,0,23239807570,23239807555,0,0,15
11609,0,23241809775,23241809739,0,0,35
11610,0,23243812051,23243812116,0,0,-64
11613,0,23249818906,23249818881,0,0,24
11615,0,23253823110,23253823103,0,0,6
11616,0,23255826139,23255826078,0,0,61
11618,0,23259830501,23259830451,0,0,49
11619,0,23261831899,23261831865,0,0,33
11620,0,23263834299,23263834270,0,0,29
11621,0,23265836402,23265836359,0,0,42
11622,0,23267838756,23267838699,0,0,56
11623,0,23269842144,23269842107,0,0,36
11625,0,23273844435,23273844382,0,0,53
11627,0,23277849600,23277849593,0,0,6
11628,0,23279852871,23279852858,0,0,13
11629,0,23281854332,23281854310,0,0,21
11630,0,23283856492,23283856523,0,0,-31
11633,0,23289863447,23289863409,0,0,37
11635,0,23293867638,23293867613,0,0,24
11636,0,23295870162,23295870125,0,0,36
11638,0,23299874516,23299874495,0,0,20
11639,0,23301877294,23301877269,0,0,24
11640,0,23303878725,23303878694,0,0,31
11641,0,23305881036,23305880999,0,0,37
11642,0,23307883324,23307883309,0,0,15
11643,0,23309886579,23309886551,0,0,27
11645,0,23313890197,23313890173,0,0,24
11647,0,23317894519,23317894500,0,0,18
11648,0,23319896536,23319896510,0,0,25
11649,0,23321899125,23321899157,0,0,-32
11650,0,23323901499,23323901551,0,0,-51
11653,0,23329906660,23329906686,0,0,-26
11655,0,23333912170,23333912184,0,0,-13
11656,0,23335914323,23335914348,0,0,-24
11658,0,23339919193,23339919246,0,0,-53
11659,0,23341921247,23341921201,0,0,45
11660,0,23343923721,23343923676,0,0,44
11661,0,23345926076,23345926031,0,0,45
11662,0,23347928916,23347928895,0,0,20
11663,0,23349929822,23349929811,0,0,11
11665,0,23353934618,23353934568,0,0,49
11667,0,23357938926,23357938854,0,0,71
11668,0,23359941435,23359941368,0,0,67
11669,0,23361943298,23361943274,0,0,23
11670,0,23363945390,23363945332,0,0,57
11673,0,23369951487,23369951456,0,0,31
11675,0,23373956811,23373956786,0,0,24
11676,0,23375959543,23375959476,0,0,66
11678,0,23379965834,23379965784,0,0,50
11679,0,23381966833,23381966782,0,0,50
11680,0,23383968818,23383968792,0,0,26
11681,0,23385970200,23385970176,0,0,23
11682,0,23387972793,23387972775,0,0,18
11683,0,23389974582,23389974597,0,0,-15
11685,0,23393978812,23393978865,0,0,-52
11687,0,23397983392,23397983373,0,0,18
11688,0,23399985919,23399985906,0,0,13
11689,0,23401987861,23401987853,0,0,8
11690,0,23403990247,23403990271,0,0,-23
11693,0,23409996702,23409996712,0,0,-10
11695,0,23414000851,23414000811,0,0,39
11696,0,23416002391,23416002364,0,0,27
11698,0,23420009029,23420009035,0,0,-6
11699,0,23422009924,23422009919,0,0,4
11700,0,23424011928,23424011954,0,0,-26
11701,0,23426014100,23426014078,0,0,21
11702,0,23428017289,23428017278,0,0,11
11703,0,23430019075,23430019055,0,0,20
11705,0,23434023874,23434023865,0,0,9
11707,0,23438027275,23438027286,0,0,-11
11708,0,23440031113,23440031128,0,0,-14
11709,0,23442033369,23442033332,0,0,37
11710,0,23444034869,23444034912,0,0,-42
11713,0,23450041364,23450041401,0,0,-36
11715,0,23454045900,23454045852,0,0,47
11716,0,23456048937,23456048899,0,0,37
11718,0,23460052726,23460052687,0,0,38
11719,0,23462054278,23462054227,0,0,51
11720,0,23464055602,23464055548,0,0,53
11721,0,23466058041,23466057993,0,0,48
11722,0,23468061286,23468061278,0,0,8
11723,0,23470063771,23470063782,0,0,-11
11725,0,23474068152,23474068096,0,0,55
11727,0,23478072175,23478072121,0,0,53
11728,0,23480076139,23480076129,0,0,10
11729,0,23482076952,23482076907,0,0,44
11730,0,23484078815,23484078874,0,0,-59
11733,0,23490085683,23490085651,0,0,31
11735,0,23494091550,23494091524,0,0,25
11736,0,23496092580,23496092621,0,0,-40
11738,0,23500097224,23500097227,0,0,-3
11739,0,23502099574,23502099545,0,0,29
11740,0,23504101505,23504101417,0,0,87
11741,0,23506103380,23506103348,0,0,32
11742,0,23508106080,23508106040,0,0,40
11743,0,23510108316,23510108276,0,0,39
11745,0,23514112662,23514112629,0,0,33
11747,0,23518116494,23518116489,0,0,5
11748,0,23520118982,23520118936,0,0,45
11749,0,23522122769,23522122734,0,0,35
11750,0,23524123651,23524123603,0,0,47
11753,0,23530130352,23530130369,0,0,-17
11755,0,23534134629,23534134588,0,0,41
11756,0,23536136758,23536136748,0,0,10
11758,0,23540141541,23540141507,0,0,33
11759,0,23542143432,23542143391,0,0,41
11760,0,23544145936,23544145914,0,0,22
11761,0,23546148303,23546148277,0,0,25
11762,0,23548150370,23548150326,0,0,43
11763,0,23550152343,23550152297,0,0,45
11765,0,23554156980,23554156963,0,0,17
11767,0,23558159823,23558159809,0,0,13
11768,0,23560162731,23560162760,0,0,-29
11769,0,23562166186,23562166198,0,0,-12
11770,0,23564169002,23564169038,0,0,-35
11773,0,23570173649,23570173692,0,0,-42
11775,0,23574179112,23574179075,0,0,37
11776,0,23576180995,23576180958,0,0,37
11778,0,2354604927,2354604867,0,0,60
11779,0,23582189083,23582189039,0,0,43
11780,0,23584191501,23584191447,0,0,53
11781,0,23586192469,23586192446,0,0,23
11782,0,23588194934,23588194885,0,0,49
11783,0,23590197235,23590197271,0,0,-36
11785,0,23594201432,23594201458,0,0,-25
11787,0,23598205769,23598205773,0,0,-3
11788,0,23600208239,23600208211,0,0,28
11789,0,23602211497,23602211528,0,0,-31
11790,0,23604212881,23604212914,0,0,-32
11793,0,23610219182,23610219250,0,0,-68
11795,0,23614223745,23614223730,0,0,15
11796,0,23616225985,23616225996,0,0,-11
11798,0,23620230463,23620230475,0,0,-11
11799,0,23622232500,23622232471,0,0,28
11800,0,23624234972,23624234928,0,0,44
11801,0,23626236705,23626236694,0,0,11
11802,0,23628238070,23628238087,0,0,-16
11803,0,23630242245,23630242271,0,0,-26
11805,0,23634246093,23634246126,0,0,-33
11807,0,23638250391,23638250342,0,0,49
11808,0,23640252479,23640252489,0,0,-10
11809,0,23642254599,23642254575,0,0,23
11810,0,23644257348,23644257310,0,0,37
11813,0,23650263552,23650263534,0,0,18
11815,0,23654267993,23654267962,0,0,30
11816,0,23656270542,23656270506,0,0,35
11818,0,23660274677,23660274629,0,0,47
11819,0,23662276764,23662276730,0,0,33
11820,0,23664277925,23664277892,0,0,33
11821,0,23666280557,23666280533,0,0,23
11822,0,23668283744,23668283725,0,0,18
11823,0,23670285968,23670285921,0,0,46
11825,0,23674291388,23674291370,0,0,17
11827,0,23678294885,23678294848,0,0,37
11828,0,23680298663,23680298604,0,0,58
11829,0,23682298847,23682298808,0,0,38
11830,0,23684300708,23684300665,0,0,42
11833,0,23690308113,23690308125,0,0,-11
11835,0,23694312959,23694312973,0,0,-13
11836,0,23696314826,23696314856,0,0,-30
11838,0,23700319756,23700319764,0,0,-8
11839,0,23702321633,23702321651,0,0,-18
11840,0,23704323667,23704323633,0,0,33
11841,0,23706325824,23706325880,0,0,-56
11842,0,23708328171,23708328224,0,0,-52
11843,0,23710330076,23710330128,0,0,-52
11845,0,23714334567,23714334605,0,0,-38
11847,0,23718339555,23718339541,0,0,13
11848,0,23720341223,23720341258,0,0,-34
11849,0,23722342557,23722342605,0,0,-48
11850,0,23724345554,23724345544,0,0,9
11853,0,23730352883,23730352832,0,0,50
11855,0,23734356715,23734356683,0,0,31
11856,0,23736358467,23736358438,0,0,29
11858,0,23740363793,23740363743,0,0,49
11859,0,23742366119,23742366074,0,0,45
11860,0,23744368155,23744368187,0,0,-32
11861,0,23746370408,23746370427,0,0,-18
11862,0,23748372905,23748372933,0,0,-28
11863,0,23750375044,23750375008,0,0,35
11865,0,23754379394,23754379348,0,0,45
11867,0,23758383225,23758383203,0,0,22
11868,0,23760385901,23760385917,0,0,-16
11869,0,23762389577,23762389568,0,0,8
11870,0,23764390669,23764390701,0,0,-31
11873,0,23770397789,23770397763,0,0,26
11875,0,23774401719,23774401669,0,0,49
11876,0,23776403666,23776403640,0,0,26
11878,0,23780410226,23780410211,0,0,15
11879,0,23782410664,23782410652,0,0,11
11880,0,23784413087,23784413058,0,0,29
11881,0,23786415935,23786415906,0,0,29
11882,0,23788417633,23788417588,0,0,44
11883,0,23790420052,23790419993,0,0,58
11885,0,23794422607,23794422568,0,0,38
11887,0,23798427974,23798427932,0,0,41
11888,0,23800430720,23800430685,0,0,35
11889,0,23802432694,23802432638,0,0,56
11890,0,23804435028,23804435034,0,0,-6
11893,0,23810442244,23810442235,0,0,8
11895,0,23814445769,23814445724,0,0,44
11896,0,23816447253,23816447220,0,0,33
11898,0,23820452735,23820452667,0,0,67
11899,0,23822455120,23822455089,0,0,31
11900,0,23824457564,23824457519,0,0,44
11901,0,23826459528,23826459487,0,0,40
11902,0,23828462288,23828462265,0,0,22
11903,0,23830463776,23830463750,0,0,25
11905,0,23834466788,23834466754,0,0,34
11907,0,23838472325,23838472316,0,0,8
11908,0,23840474440,23840474392,0,0,47
11909,0,23842476977,23842476933,0,0,44
11910,0,23844479928,23844479882,0,0,46
11913,0,23850486195,23850486164,0,0,31
11915,0,23854490307,23854490271,0,0,36
11916,0,23856493175,23856493147,0,0,28
11918,0,23860498390,23860498359,0,0,30
11919,0,23862499843,23862499800,0,0,43
11920,0,23864501745,23864501791,0,0,-46
11921,0,23866503761,23866503737,0,0,24
11922,0,23868506419,23868506368,0,0,50
11923,0,23870508802,23870508751,0,0,51
11925,0,23874512990,23874512961,0,0,29
11927,0,23878517292,23878517269,0,0,23
11928,0,23880520598,23880520563,0,0,35
11929,0,23882521856,23882521832,0,0,23
11930,0,23884523858,23884523889,0,0,-31
11933,0,23890530382,23890530433,0,0,-51
11935,0,23894534935,23894534952,0,0,-16
11936,0,23896538393,23896538364,0,0,29
11938,0,23900541724,23900541764,0,0,-39
11939,0,23902543776,23902543759,0,0,17
11940,0,23904546293,23904546317,0,0,-24
11941,0,23906548353,23906548309,0,0,44
11942,0,23908551343,23908551328,0,0,15
11943,0,23910553132,23910553148,0,0,-15
11945,0,23914557283,23914557348,0,0,-65
11947,0,23918561831,23918561805,0,0,25
11948,0,23920563937,23920563887,0,0,50
11949,0,23922566113,23922566076,0,0,36
11950,0,23924568840,23924568805,0,0,35
11953,0,23930576097,23930576083,0,0,13
11955,0,23934579777,23934579746,0,0,31
11956,0,23936581726,23936581709,0,0,17
11958,0,23940586783,23940586743,0,0,40
11959,0,23942588215,23942588195,0,0,20
11960,0,23944590565,23944590537,0,0,27
11961,0,23946593572,23946593538,0,0,33
11962,0,23948595423,23948595355,0,0,67
11963,0,23950597679,23950597651,0,0,27
11965,0,23954601875,23954601858,0,0,17
11967,0,23958606279,23958606304,0,0,-24
11968,0,23960608391,23960608416,0,0,-25
11969,0,23962611370,23962611408,0,0,-38
11970,0,23964613261,23964613253,0,0,7
11973,0,23970619512,23970619477,0,0,34
11975,0,23974623749,23974623702,0,0,47
11976,0,23976626087,23976626053,0,0,33
11978,0,2394651105,2394651053,0,0,52
11979,0,23982632703,23982632721,0,0,-18
11980,0,23984635388,23984635422,0,0,-33
11981,0,23986638382,23986638346,0,0,36
11982,0,23988640674,23988640662,0,0,11
11983,0,23990642215,23990642176,0,0,39
11985,0,23994645839,23994645834,0,0,4
11987,0,23998650560,23998650537,0,0,23
11988,0,24000653371,24000653333,0,0,38
11989,0,24002655149,24002655169,0,0,-20
11990,0,24004657823,24004657854,0,0,-31
11993,0,24010662790,24010662838,0,0,-48
11995,0,24014669011,24014669046,0,0,-35
11996,0,24016670807,24016670852,0,0,-44
11998,0,24020675231,24020675190,0,0,41
11999,0,24022677575,24022677607,0,0,-32
12000,0,24024679552,24024679586,0,0,-34
12001,0,24026681667,24026681709,0,0,-41
12002,0,24028684004,24028683985,0,0,18
12003,0,24030685894,24030685853,0,0,41
12005,0,24034690644,24034690633,0,0,11
12007,0,24038694931,24038694923,0,0,7
12008,0,24040697307,24040697300,0,0,7
12009,0,24042699247,24042699238,0,0,8
12010,0,24044700982,24044701036,0,0,-54
12013,0,24050708675,24050708734,0,0,-58
12015,0,24054712887,24054712918,0,0,-31
12016,0,24056715253,24056715296,0,0,-42
12018,0,24060719644,24060719675,0,0,-30
12019,0,24062721807,24062721832,0,0,-24
12020,0,24064724243,24064724268,0,0,-24
12021,0,24066726491,24066726464,0,0,26
12022,0,24068728431,24068728391,0,0,40
12023,0,24070730451,24070730434,0,0,17
12025,0,24074735301,24074735276,0,0,24
12027,0,24078739865,24078739836,0,0,28
12028,0,24080743375,24080743368,0,0,6
12029,0,24082743881,24082743941,0,0,-59
12030,0,24084746477,24084746469,0,0,7
12033,0,24090752528,24090752580,0,0,-52
12035,0,24094757116,24094757133,0,0,-16
12036,0,24096758742,24096758764,0,0,-22
12038,0,24100764183,24100764152,0,0,30
12039,0,24102766505,24102766474,0,0,31
12040,0,24104769407,24104769380,0,0,26
12041,0,24106772133,24106772092,0,0,40
12042,0,24108773180,24108773171,0,0,8
12043,0,24110775586,24110775623,0,0,-36
12045,0,24114780528,24114780564,0,0,-35
12047,0,24118783804,24118783848,0,0,-43
12048,0,24120786081,24120786134,0,0,-52
12049,0,24122788003,24122787970,0,0,33
12050,0,24124790693,24124790745,0,0,-51
12053,0,24130798017,24130798000,0,0,17
12055,0,24134801824,24134801815,0,0,8
12056,0,24136804259,24136804211,0,0,47
12058,0,24140808977,24140808952,0,0,24
12059,0,24142811575,24142811528,0,0,47
12060,0,24144814068,24144814112,0,0,-43
12061,0,24146816391,24146816346,0,0,44
12062,0,24148817504,24148817426,0,0,77
12063,0,24150820779,24150820766,0,0,13
12065,0,24154824381,24154824343,0,0,37
12067,0,24158827754,24158827745,0,0,8
12068,0,24160831152,24160831133,0,0,18
12069,0,24162832786,24162832752,0,0,33
12070,0,24164834495,24164834487,0,0,7
12073,0,24170842058,24170842029,0,0,29
12075,0,24174846328,24174846303,0,0,24
12076,0,24176848671,24176848706,0,0,-35
12078,0,24180854574,24180854555,0,0,19
12079,0,24182854993,24182854947,0,0,45
12080,0,24184856148,24184856091,0,0,57
12081,0,24186859303,24186859252,0,0,50
12082,0,24188863290,24188863265,0,0,24
12083,0,24190864567,24190864606,0,0,-39
12085,0,24194868410,24194868445,0,0,-35
12087,0,24198873451,24198873457,0,0,-6
12088,0,24200875555,24200875496,0,0,59
12089,0,24202878035,24202878046,0,0,-10
12090,0,24204879866,24204879874,0,0,-7
12093,0,24210886557,24210886525,0,0,31
12095,0,24214890534,24214890502,0,0,31
12096,0,24216892266,24216892213,0,0,53
12098,0,24220897969,24220897920,0,0,49
12099,0,24222899912,24222899923,0,0,-11
12100,0,24224903112,24224903056,0,0,55
12101,0,24226904322,24226904280,0,0,41
12102,0,24228906253,24228906188,0,0,65
12103,0,24230907928,24230907880,0,0,47
12105,0,24234912856,24234912811,0,0,45
12107,0,24238917422,24238917361,0,0,60
12108,0,24240919846,24240919788,0,0,58
12109,0,24242922134,24242922096,0,0,38
12110,0,24244924274,24244924221,0,0,53
12113,0,24250930982,24250930972,0,0,10
12115,0,24254935271,24254935203,0,0,67
12116,0,24256937676,24256937656,0,0,19
12118,0,24260942092,24260942107,0,0,-14
12119,0,24262944117,24262944147,0,0,-29
12120,0,24264946330,24264946350,0,0,-20
12121,0,24266948685,24266948639,0,0,45
12122,0,24268951064,24268951033,0,0,30
12123,0,24270953797,24270953830,0,0,-33
12125,0,24274957256,24274957247,0,0,9
12127,0,24278961727,24278961717,0,0,9
12128,0,24280964854,24280964903,0,0,-48
12129,0,24282966358,24282966329,0,0,29
12130,0,24284968660,24284968645,0,0,15
12133,0,24290974161,24290974135,0,0,25
12135,0,24294979782,24294979740,0,0,41
12136,0,24296981785,24296981800,0,0,-15
12138,0,24300985872,24300985837,0,0,35
12139,0,24302988600,24302988544,0,0,55
12140,0,24304990067,24304990103,0,0,-35
12141,0,24306993338,24306993307,0,0,31
12142,0,24308995800,24308995751,0,0,49
12143,0,24310997615,24310997642,0,0,-26
12145,0,24315002082,24315002072,0,0,9
12147,0,24319006504,24319006449,0,0,55
12148,0,24321009138,24321009094,0,0,43
12149,0,24323010995,24323011007,0,0,-12
12150,0,24325013388,24325013431,0,0,-42
12153,0,24331019800,24331019838,0,0,-38
12155,0,24335025059,24335025071,0,0,-11
12156,0,24337027921,24337027905,0,0,15
12158,0,24341031217,24341031178,0,0,39
12159,0,24343033069,24343033111,0,0,-42
12160,0,24345035334,24345035315,0,0,18
12161,0,24347037599,24347037574,0,0,24
12162,0,24349039622,24349039577,0,0,44
12163,0,24351041440,24351041407,0,0,32
12165,0,24355046482,24355046456,0,0,25
12167,0,24359050870,24359050847,0,0,23
12168,0,24361053231,24361053214,0,0,17
12169,0,24363055640,24363055611,0,0,29
12170,0,24365057788,24365057783,0,0,4
12173,0,24371065496,24371065479,0,0,16
12175,0,24375068584,24375068560,0,0,23
12176,0,24377070251,24377070258,0,0,-7
12178,0,2434693480,2434693487,0,0,-6
12179,0,24383078253,24383078232,0,0,20
12180,0,24385079835,24385079828,0,0,6
12181,0,24387082408,24387082445,0,0,-36
12182,0,24389084328,24389084313,0,0,14
12183,0,24391087152,24391087119,0,0,33
12185,0,24395091402,24395091394,0,0,8
12187,0,24399096408,24399096384,0,0,24
12188,0,24401098606,24401098613,0,0,-6
12189,0,24403100090,24403100080,0,0,9
12190,0,24405102413,24405102381,0,0,31
12193,0,24411108728,24411108711,0,0,17
12195,0,24415113867,24415113860,0,0,7
12196,0,24417116049,24417116027,0,0,21
12198,0,24421119770,24421119760,0,0,10
12199,0,24423121292,24423121282,0,0,10
12200,0,24425124468,24425124442,0,0,25
12201,0,24427126642,24427126677,0,0,-34
12202,0,24429128651,24429128689,0,0,-37
12203,0,24431130051,24431130076,0,0,-24
12205,0,24435135519,24435135510,0,0,8
12207,0,24439140148,24439140131,0,0,17
12208,0,24441142602,24441142576,0,0,25
12209,0,24443145391,24443145370,0,0,20
12210,0,24445147106,24445147081,0,0,24
12213,0,24451153331,24451153364,0,0,-33
12215,0,24455157631,24455157595,0,0,35
12216,0,24457160467,24457160453,0,0,13
12218,0,24461164640,24461164615,0,0,24
12219,0,24463167688,24463167647,0,0,41
12220,0,24465170139,24465170128,0,0,11
12221,0,24467171339,24467171320,0,0,19
12222,0,24469173606,24469173585,0,0,21
12223,0,24471175416,24471175381,0,0,35
12225,0,24475179122,24475179107,0,0,15
12227,0,24479184737,24479184731,0,0,6
12228,0,24481189347,24481189386,0,0,-39
12229,0,24483189011,24483189035,0,0,-24
12230,0,24485191417,24485191452,0,0,-34
12233,0,24491197879,24491197909,0,0,-29
12235,0,24495202206,24495202173,0,0,32
12236,0,24497204823,24497204834,0,0,-11
12238,0,24501208943,24501208899,0,0,43
12239,0,24503211243,24503211216,0,0,26
12240,0,24505213525,24505213516,0,0,9
12241,0,24507215491,24507215451,0,0,39
12242,0,24509217884,24509217922,0,0,-38
12243,0,24511220714,24511220703,0,0,11
12245,0,24515225076,24515225062,0,0,13
12247,0,24519229061,24519229068,0,0,-6
12248,0,24521231143,24521231155,0,0,-11
12249,0,24523233383,24523233397,0,0,-14
12250,0,24525235358,24525235299,0,0,58
12253,0,24531242330,24531242280,0,0,50
12255,0,24535246622,24535246601,0,0,20
12256,0,24537248984,24537248967,0,0,17
12258,0,24541252564,24541252537,0,0,27
12259,0,24543255687,24543255652,0,0,35
12260,0,24545258096,24545258050,0,0,46
12261,0,24547260587,24547260554,0,0,33
12262,0,24549262240,24549262204,0,0,35
12263,0,24551264823,24551264789,0,0,33
12265,0,24555269422,24555269367,0,0,55
12267,0,24559273330,24559273301,0,0,29
12268,0,24561275792,24561275750,0,0,42
12269,0,24563277819,24563277770,0,0,49
12270,0,24565280696,24565280652,0,0,43
12273,0,24571287139,24571287098,0,0,40
12275,0,24575292465,24575292379,0,0,85
12276,0,24577294087,24577294082,0,0,4
12278,0,24581299688,24581299660,0,0,28
12279,0,24583300164,24583300116,0,0,47
12280,0,24585302799,24585302778,0,0,20
12281,0,24587304899,24587304845,0,0,53
12282,0,24589307025,24589306961,0,0,63
12283,0,24591310907,24591310871,0,0,35
12285,0,24595313457,24595313413,0,0,43
12287,0,24599317854,24599317813,0,0,41
12288,0,24601320188,24601320130,0,0,57
12289,0,24603322374,24603322355,0,0,19
12290,0,24605324777,24605324751,0,0,25
12293,0,24611330606,24611330557,0,0,49
12295,0,24615336554,24615336506,0,0,47
12296,0,24617339147,24617339128,0,0,18
12298,0,24621343536,24621343485,0,0,51
12299,0,24623345929,24623345875,0,0,53
12300,0,24625346965,24625346975,0,0,-10
12301,0,24627350034,24627350039,0,0,-4
12302,0,24629351651,24629351678,0,0,-26
12303,0,24631353602,24631353548,0,0,53
12305,0,24635358103,24635358088,0,0,15
12307,0,24639362150,24639362095,0,0,55
12308,0,24641364193,24641364187,0,0,5
12309,0,24643367492,24643367444,0,0,47
12310,0,24645369196,24645369164,0,0,32
12313,0,24651375660,24651375716,0,0,-55
12315,0,24655380029,24655380064,0,0,-35
12316,0,24657383256,24657383225,0,0,31
12318,0,24661387888,24661387931,0,0,-42
12319,0,24663390471,24663390431,0,0,39
12320,0,24665391644,24665391635,0,0,8
12321,0,24667393721,24667393697,0,0,24
12322,0,24669396166,24669396217,0,0,-51
12323,0,24671398730,24671398701,0,0,29
12325,0,24675402807,24675402795,0,0,11
12327,0,24679406742,24679406712,0,0,30
12328,0,24681410492,24681410458,0,0,33
12329,0,24683411203,24683411188,0,0,14
12330,0,24685413619,24685413584,0,0,35
12333,0,24691419168,24691419145,0,0,22
12335,0,24695424632,24695424666,0,0,-33
12336,0,24697427255,24697427248,0,0,6
12338,0,24701433132,24701433123,0,0,8
12339,0,24703433635,24703433654,0,0,-19
12340,0,24705436065,24705436115,0,0,-50
12341,0,24707438055,24707438094,0,0,-39
12342,0,24709440691,24709440714,0,0,-22
12343,0,24711442299,24711442342,0,0,-42
12345,0,24715447480,24715447449,0,0,31
12347,0,24719451314,24719451275,0,0,39
12348,0,24721454157,24721454143,0,0,13
12349,0,24723456046,24723456012,0,0,33
12350,0,24725457770,24725457728,0,0,42
12353,0,24731463568,24731463593,0,0,-24
12355,0,24735468907,24735468886,0,0,21
12356,0,24737471549,24737471525,0,0,24
12358,0,24741474922,24741474896,0,0,25
12359,0,24743477810,24743477766,0,0,43
12360,0,24745479402,24745479447,0,0,-44
12361,0,24747482323,24747482285,0,0,38
12362,0,24749484961,24749484947,0,0,13
12363,0,24751487115,24751487083,0,0,31
12365,0,24755491712,24755491682,0,0,29
12367,0,24759496254,24759496285,0,0,-31
12368,0,24761498264,24761498325,0,0,-60
12369,0,24763500360,24763500386,0,0,-26
12370,0,24765502525,24765502537,0,0,-11
12373,0,24771508853,24771508844,0,0,8
12375,0,24775513541,24775513534,0,0,6
12376,0,24777515670,24777515641,0,0,29
12378,0,2474739818,2474739860,0,0,-41
12379,0,24783522714,24783522732,0,0,-17
12380,0,24785525033,24785525070,0,0,-36
12381,0,24787527244,24787527224,0,0,20
12382,0,24789529499,24789529485,0,0,13
12383,0,24791531820,24791531783,0,0,37
12385,0,24795534817,24795534810,0,0,6
12387,0,24799540416,24799540394,0,0,22
12388,0,24801542668,24801542630,0,0,38
12389,0,24803544786,24803544754,0,0,31
12390,0,24805547056,24805547037,0,0,19
12393,0,24811552705,24811552698,0,0,7
12395,0,24815557795,24815557824,0,0,-29
12396,0,24817558892,24817558871,0,0,20
12398,0,24821564849,24821564811,0,0,38
12399,0,24823567067,24823567029,0,0,37
12400,0,24825569509,24825569501,0,0,8
12401,0,24827571412,24827571381,0,0,31
12402,0,24829573880,24829573913,0,0,-33
12403,0,24831576176,24831576128,0,0,48
12405,0,24835580193,24835580184,0,0,8
12407,0,24839584519,24839584453,0,0,65
12408,0,24841586223,24841586164,0,0,58
12409,0,24843589255,24843589208,0,0,46
12410,0,24845592968,24845592918,0,0,49
12413,0,24851598370,24851598393,0,0,-22
12415,0,24855602489,24855602500,0,0,-10
12416,0,24857604802,24857604736,0,0,65
12418,0,24861608278,24861608279,0,0,-1
12419,0,24863611624,24863611647,0,0,-22
12420,0,24865614154,24865614134,0,0,19
12421,0,24867616327,24867616258,0,0,68
12422,0,24869618625,24869618568,0,0,57
12423,0,24871620590,24871620545,0,0,44
12425,0,24875625085,24875625043,0,0,42
12427,0,24879629363,24879629353,0,0,9
12428,0,24881633213,24881633184,0,0,28
12429,0,24883634588,24883634564,0,0,24
12430,0,24885635460,24885635424,0,0,35
12433,0,24891642732,24891642714,0,0,17
12435,0,24895647309,24895647288,0,0,20
12436,0,24897649386,24897649421,0,0,-34
12438,0,24901655323,24901655246,0,0,76
12439,0,24903656059,24903656015,0,0,43
12440,0,24905658226,24905658179,0,0,46
12441,0,24907661170,24907661134,0,0,35
12442,0,24909663116,24909663032,0,0,83
12443,0,24911664919,24911664870,0,0,48
12445,0,24915669551,24915669531,0,0,20
12447,0,24919674231,24919674183,0,0,47
12448,0,24921675294,24921675265,0,0,29
12449,0,24923678606,24923678579,0,0,27
12450,0,24925680720,24925680680,0,0,39
12453,0,24931687082,24931687052,0,0,29
12455,0,24935692191,24935692153,0,0,38
12456,0,24937694166,24937694157,0,0,8
12458,0,24941699060,24941699008,0,0,51
12459,0,24943700386,24943700335,0,0,50
12460,0,24945702687,24945702642,0,0,45
12461,0,24947705152,24947705112,0,0,40
12462,0,24949707606,24949707552,0,0,53
12463,0,24951709430,24951709397,0,0,33
12465,0,24955714019,24955714034,0,0,-15
12467,0,24959718696,24959718623,0,0,73
12468,0,24961720792,24961720741,0,0,50
12469,0,24963722870,24963722837,0,0,33
12470,0,24965725294,24965725243,0,0,50
12473,0,24971731972,24971731946,0,0,25
12475,0,24975736629,24975736607,0,0,21
12476,0,24977738566,24977738545,0,0,20
12478,0,24981744393,24981744352,0,0,41
12479,0,24983745359,24983745294,0,0,65
12480,0,24985747105,24985747068,0,0,36
12481,0,24987749746,24987749737,0,0,8
12482,0,24989751962,24989751924,0,0,38
12483,0,24991755179,24991755264,0,0,-85
12485,0,24995758370,24995758416,0,0,-46
12487,0,24999763148,24999763125,0,0,22
12488,0,25001765166,25001765159,0,0,7
12489,0,25003767660,25003767631,0,0,29
12490,0,25005770310,25005770283,0,0,26
12493,0,25011776458,25011776440,0,0,17
12495,0,25015780424,25015780407,0,0,17
12496,0,25017782910,25017782896,0,0,13
12498,0,25021787503,25021787478,0,0,25
12499,0,25023789396,25023789377,0,0,19
12500,0,25025792146,25025792137,0,0,8
12501,0,25027795002,25027794973,0,0,29
12502,0,25029798746,25029798698,0,0,47
12503,0,25031798443,25031798398,0,0,44
12505,0,25035803349,25035803314,0,0,35
12507,0,25039807321,25039807311,0,0,9
12508,0,25041809829,25041809822,0,0,6
12509,0,25043812053,25043812075,0,0,-21
12510,0,25045813869,25045813811,0,0,58
12513,0,25051820704,25051820674,0,0,29
12515,0,25055824810,25055824804,0,0,5
12516,0,25057826481,25057826456,0,0,25
12518,0,25061831640,25061831608,0,0,32
12519,0,25063833492,25063833458,0,0,33
12520,0,25065835916,25065835889,0,0,27
12521,0,25067838804,25067838815,0,0,-11
12522,0,25069840216,25069840256,0,0,-39
12523,0,25071841639,25071841677,0,0,-38
12525,0,25075846171,25075846207,0,0,-35
12527,0,25079850813,25079850849,0,0,-35
12528,0,25081855349,25081855416,0,0,-67
12529,0,25083856831,25083856849,0,0,-18
12530,0,25085859225,25085859277,0,0,-51
12533,0,25091865928,25091865910,0,0,18
12535,0,25095869189,25095869216,0,0,-26
12536,0,25097871004,25097871057,0,0,-53
12538,0,25101876498,25101876511,0,0,-13
12539,0,25103879069,25103879104,0,0,-34
12540,0,25105880569,25105880605,0,0,-35
12541,0,25107884204,25107884235,0,0,-31
12542,0,25109885525,25109885518,0,0,6
12543,0,25111887117,25111887092,0,0,25
12545,0,25115892057,25115892044,0,0,12
12547,0,25119896217,25119896246,0,0,-28
12548,0,25121898559,25121898535,0,0,23
12549,0,25123900571,25123900546,0,0,25
12550,0,25125902907,25125902888,0,0,19
12553,0,25131909698,25131909683,0,0,15
12555,0,25135914025,25135914020,0,0,5
12556,0,25137916554,25137916530,0,0,23
12558,0,25141920967,25141920948,0,0,18
12559,0,25143923256,25143923235,0,0,20
12560,0,25145924849,25145924868,0,0,-19
12561,0,25147926501,25147926467,0,0,33
12562,0,25149930137,25149930182,0,0,-44
12563,0,25151931722,25151931745,0,0,-22
12565,0,25155936632,25155936586,0,0,45
12567,0,25159940809,25159940851,0,0,-41
12568,0,25161943303,25161943316,0,0,-13
12569,0,25163944984,25163944919,0,0,65
12570,0,25165946676,25165946662,0,0,13
12573,0,25171953942,25171953916,0,0,25
12575,0,25175959170,25175959083,0,0,87
12576,0,25177961954,25177961898,0,0,56
12578,0,2514783534,2514783499,0,0,35
12579,0,25183968250,25183968199,0,0,51
12580,0,25185969691,25185969657,0,0,33
12581,0,25187971979,25187972000,0,0,-20
12582,0,25189974370,25189974396,0,0,-26
12583,0,25191976708,25191976683,0,0,25
12585,0,25195981005,25195981062,0,0,-57
12587,0,25199984736,25199984777,0,0,-40
12588,0,25201986505,25201986541,0,0,-36
12589,0,25203989592,25203989625,0,0,-33
12590,0,25205991896,25205991876,0,0,20
12593,0,25211998575,25211998586,0,0,-10
12595,0,25216003826,25216003811,0,0,15
12596,0,25218006655,25218006641,0,0,13
12598,0,25222009813,25222009851,0,0,-37
12599,0,25224011963,25224011995,0,0,-32
12600,0,25226014187,25226014225,0,0,-38
12601,0,25228016228,25228016245,0,0,-17
12602,0,25230018764,25230018774,0,0,-9
12603,0,25232021070,25232021044,0,0,25
12605,0,25236025647,25236025638,0,0,8
12607,0,25240029310,25240029241,0,0,68
12608,0,25242030969,25242030994,0,0,-24
12609,0,25244034636,25244034617,0,0,18
12610,0,25246036768,25246036719,0,0,49
12613,0,25252043053,25252043022,0,0,31
12615,0,25256046438,25256046424,0,0,14
12616,0,25258049712,25258049687,0,0,24
12618,0,25262054124,25262054077,0,0,47
12619,0,25264056457,25264056418,0,0,38
12620,0,25266058573,25266058564,0,0,8
12621,0,25268060675,25268060615,0,0,59
12622,0,25270063192,25270063146,0,0,45
12623,0,25272065419,25272065379,0,0,40
12625,0,25276069471,25276069462,0,0,8
12627,0,25280074083,25280074053,0,0,30
12628,0,25282078204,25282078157,0,0,47
12629,0,25284079398,25284079340,0,0,58
12630,0,25286082283,25286082253,0,0,29
12633,0,25292087635,25292087593,0,0,42
12635,0,25296091766,25296091723,0,0,42
12636,0,25298094722,25298094698,0,0,23
12638,0,25302098743,25302098705,0,0,38
12639,0,25304100808,25304100767,0,0,40
12640,0,25306103125,25306103083,0,0,42
12641,0,25308105458,25308105421,0,0,37
12642,0,25310107986,25310107958,0,0,27
12643,0,25312109568,25312109534,0,0,33
12645,0,25316113004,25316112957,0,0,47
12647,0,25320119085,25320119024,0,0,60
12648,0,25322121762,25322121725,0,0,37
12649,0,25324122413,25324122348,0,0,64
12650,0,25326125346,25326125298,0,0,47
12653,0,25332130907,25332130898,0,0,8
12655,0,25336136254,25336136206,0,0,47
12656,0,25338138956,25338139001,0,0,-44
12658,0,25342143262,25342143224,0,0,37
12659,0,25344145408,25344145368,0,0,39
12660,0,25346147622,25346147622,0,0,0
12661,0,25348150355,25348150323,0,0,31
12662,0,25350151970,25350151965,0,0,4
12663,0,25352154485,25352154460,0,0,25
12665,0,25356158719,25356158702,0,0,17
12667,0,25360163621,25360163555,0,0,65
12668,0,25362165974,25362166008,0,0,-34
12669,0,25364167626,25364167639,0,0,-12
12670,0,25366169847,25366169875,0,0,-28
12673,0,25372175583,25372175616,0,0,-33
12675,0,25376181674,25376181651,0,0,23
12676,0,25378184612,25378184579,0,0,33
12678,0,25382189802,25382189773,0,0,29
12679,0,25384189880,25384189831,0,0,49
12680,0,25386192430,25386192415,0,0,14
12681,0,25388194068,25388194041,0,0,26
12682,0,25390195444,25390195386,0,0,58
12683,0,25392198364,25392198357,0,0,7
12685,0,25396203017,25396202997,0,0,19
12687,0,25400207543,25400207558,0,0,-14
12688,0,25402209583,25402209568,0,0,14
12689,0,25404211249,25404211232,0,0,17
12690,0,25406214482,25406214425,0,0,56
12693,0,25412220118,25412220094,0,0,23
12695,0,25416225586,25416225596,0,0,-10
12696,0,25418227925,25418227968,0,0,-42
12698,0,25422232251,25422232322,0,0,-71
12699,0,25424234819,25424234803,0,0,15
12700,0,25426236963,25426237019,0,0,-56
12701,0,25428238859,25428238902,0,0,-42
12702,0,25430241119,25430241109,0,0,10
12703,0,25432244258,25432244222,0,0,35
12705,0,25436247370,25436247343,0,0,26
12707,0,25440252197,25440252170,0,0,26
12708,0,25442254860,25442254821,0,0,39
12709,0,25444256958,25444256933,0,0,24
12710,0,25446259164,25446259147,0,0,17
12713,0,25452265543,25452265535,0,0,8
12715,0,25456269853,25456269833,0,0,20
12716,0,25458272523,25458272469,0,0,54
12718,0,25462275983,25462275927,0,0,56
12719,0,25464278528,25464278476,0,0,52
12720,0,25466280085,25466280051,0,0,33
12721,0,25468283189,25468283158,0,0,31
12722,0,25470286296,25470286241,0,0,55
12723,0,25472287702,25472287667,0,0,35
12725,0,25476292096,25476292082,0,0,13
12727,0,25480296577,25480296595,0,0,-17
12728,0,25482300575,25482300651,0,0,-76
12729,0,25484300987,25484301035,0,0,-48
12730,0,25486303898,25486303882,0,0,16
12733,0,25492310139,25492310226,0,0,-87
12735,0,25496314292,25496314309,0,0,-16
12736,0,25498316526,25498316585,0,0,-58
12738,0,25502321220,25502321271,0,0,-51
12739,0,25504323707,25504323738,0,0,-31
12740,0,25506326975,25506326959,0,0,15
12741,0,25508328244,25508328208,0,0,35
12742,0,25510330119,25510330091,0,0,27
12743,0,25512332955,25512332930,0,0,24
12745,0,25516336811,25516336820,0,0,-8
12747,0,25520341260,25520341289,0,0,-29
12748,0,25522343591,25522343553,0,0,37
12749,0,25524345866,25524345829,0,0,36
12750,0,25526347611,25526347584,0,0,27
12753,0,25532354784,25532354777,0,0,6
12755,0,25536359022,25536358963,0,0,58
12756,0,25538361762,25538361742,0,0,20
12758,0,25542365811,25542365769,0,0,41
12759,0,25544368535,25544368481,0,0,53
12760,0,25546370415,25546370366,0,0,49
12761,0,25548372668,25548372640,0,0,27
12762,0,25550374600,25550374540,0,0,59
12763,0,25552376881,25552376829,0,0,52
12765,0,25556381691,25556381678,0,0,13
12767,0,25560385739,25560385727,0,0,11
12768,0,25562387760,25562387712,0,0,47
12769,0,25564389961,25564389908,0,0,53
12770,0,25566392058,25566391988,0,0,70
12773,0,25572399126,25572399089,0,0,37
12775,0,25576403451,25576403412,0,0,39
12776,0,25578406835,25578406800,0,0,35
12778,0,2554827467,2554827499,0,0,-32
12779,0,25584412264,25584412233,0,0,30
12780,0,25586414777,25586414792,0,0,-14
12781,0,25588417389,25588417410,0,0,-20
12782,0,25590419509,25590419550,0,0,-40
12783,0,25592421403,25592421352,0,0,50
12785,0,25596425557,25596425541,0,0,16
12787,0,25600430375,25600430392,0,0,-16
12788,0,25602432415,25602432404,0,0,11
12789,0,25604434413,25604434385,0,0,27
12790,0,25606437078,25606437022,0,0,56
12793,0,25612442841,25612442822,0,0,18
12795,0,25616448373,25616448292,0,0,80
12796,0,25618450953,25618451006,0,0,-52
12798,0,25622454378,25622454353,0,0,24
12799,0,25624455635,25624455607,0,0,27
12800,0,25626459278,25626459226,0,0,51
12801,0,25628461341,25628461310,0,0,31
12802,0,25630464085,25630464042,0,0,42
12803,0,25632465483,25632465458,0,0,25
12805,0,25636470227,25636470260,0,0,-33
12807,0,25640474581,25640474627,0,0,-46
12808,0,25642476997,25642477069,0,0,-71
12809,0,25644479459,25644479487,0,0,-28
12810,0,25646481519,25646481475,0,0,43
12813,0,25652487496,25652487476,0,0,20
12815,0,25656492230,25656492198,0,0,31
12816,0,25658494660,25658494671,0,0,-11
12818,0,25662499169,25662499162,0,0,6
12819,0,25664501166,25664501172,0,0,-6
12820,0,25666503447,25666503410,0,0,37
12821,0,25668506104,25668506125,0,0,-21
12822,0,25670508094,25670508071,0,0,23
12823,0,25672510124,25672510074,0,0,49
12825,0,25676513996,25676514006,0,0,-9
12827,0,25680519083,25680519106,0,0,-23
12828,0,25682522579,25682522545,0,0,33
12829,0,25684523885,25684523839,0,0,45
12830,0,25686526020,25686525955,0,0,65
12833,0,25692532215,25692532188,0,0,27
12835,0,25696536659,25696536604,0,0,54
12836,0,25698539272,25698539218,0,0,53
12838,0,25702543327,25702543277,0,0,49
12839,0,25704546089,25704546053,0,0,35
12840,0,25706547821,25706547796,0,0,24
12841,0,25708549571,25708549525,0,0,46
12842,0,25710552213,25710552194,0,0,19
12843,0,25712554163,25712554115,0,0,47
12845,0,25716558816,25716558788,0,0,27
12847,0,25720563478,25720563460,0,0,17
12848,0,25722565887,25722565838,0,0,48
12849,0,25724568917,25724568898,0,0,18
12850,0,25726570454,25726570420,0,0,34
12853,0,25732577734,25732577775,0,0,-40
12855,0,25736581341,25736581304,0,0,37
12856,0,25738584033,25738583991,0,0,42
12858,0,25742588118,25742588080,0,0,37
12859,0,25744590975,25744591011,0,0,-36
12860,0,25746592680,25746592642,0,0,38
12861,0,25748594589,25748594561,0,0,28
12862,0,25750597435,25750597376,0,0,58
12863,0,25752599406,25752599386,0,0,19
12865,0,25756603651,25756603622,0,0,28
12867,0,25760607458,25760607453,0,0,4
12868,0,25762609632,25762609622,0,0,9
12869,0,25764612391,25764612363,0,0,27
12870,0,25766615619,25766615573,0,0,46
12873,0,25772621871,25772621862,0,0,8
12875,0,25776625728,25776625674,0,0,53
12876,0,25778627952,25778627926,0,0,25
12878,0,25782634308,25782634344,0,0,-35
12879,0,25784635292,25784635323,0,0,-31
12880,0,25786636544,25786636594,0,0,-49
12881,0,25788638280,25788638325,0,0,-44
12882,0,25790641510,25790641480,0,0,29
12883,0,25792643884,25792643925,0,0,-41
12885,0,25796648085,25796648094,0,0,-9
12887,0,25800652138,25800652146,0,0,-8
12888,0,25802654121,25802654112,0,0,8
12889,0,25804657966,25804657957,0,0,9
12890,0,25806660166,25806660149,0,0,17
12893,0,25812666171,25812666156,0,0,15
12895,0,25816670083,25816670098,0,0,-14
12896,0,25818672593,25818672603,0,0,-10
12898,0,25822676921,25822676903,0,0,18
12899,0,25824679490,25824679505,0,0,-14
12900,0,25826681799,25826681755,0,0,43
12901,0,25828684020,25828683986,0,0,33
12902,0,25830685992,25830685965,0,0,26
12903,0,25832688166,25832688118,0,0,48
12905,0,25836692412,25836692393,0,0,18
12907,0,25840697013,25840696984,0,0,29
12908,0,25842699554,25842699532,0,0,21
12909,0,25844701242,25844701211,0,0,31
12910,0,25846702784,25846702759,0,0,25
12913,0,25852709463,25852709453,0,0,9
12915,0,25856714516,25856714447,0,0,69
12916,0,25858716176,25858716146,0,0,29
12918,0,25862721957,25862721928,0,0,29
12919,0,25864723168,25864723126,0,0,41
12920,0,25866724930,25866724892,0,0,38
12921,0,25868728013,25868727982,0,0,31
12922,0,25870730375,25870730324,0,0,50
12923,0,25872733292,25872733250,0,0,42
12925,0,25876737042,25876737033,0,0,8
12927,0,25880741579,25880741498,0,0,80
12928,0,25882745048,25882745017,0,0,31
12929,0,25884746256,25884746217,0,0,38
12930,0,25886748173,25886748124,0,0,48
12933,0,25892754592,25892754555,0,0,37
12935,0,25896759530,25896759520,0,0,10
12936,0,25898761425,25898761463,0,0,-38
12938,0,25902765092,25902765067,0,0,24
12939,0,25904768118,25904768135,0,0,-17
12940,0,25906770579,25906770604,0,0,-24
12941,0,25908773808,25908773822,0,0,-13
12942,0,25910775253,25910775288,0,0,-34
12943,0,25912777245,25912777267,0,0,-21
12945,0,25916781480,25916781434,0,0,45
12947,0,25920784739,25920784746,0,0,-6
12948,0,25922786831,25922786872,0,0,-40
12949,0,25924788945,25924788921,0,0,23
12950,0,25926791820,25926791786,0,0,33
12953,0,25932798274,25932798240,0,0,34
12955,0,25936804208,25936804155,0,0,53
12956,0,25938805761,25938805750,0,0,11
12958,0,25942810334,25942810292,0,0,42
12959,0,25944812343,25944812316,0,0,26
12960,0,25946813519,25946813476,0,0,42
12961,0,25948816485,25948816451,0,0,33
12962,0,25950819247,25950819214,0,0,32
12963,0,25952821198,25952821159,0,0,39
12965,0,25956824640,25956824604,0,0,36
12967,0,25960830939,25960830909,0,0,30
12968,0,25962832722,25962832764,0,0,-41
12969,0,25964834840,25964834866,0,0,-25
12970,0,25966837375,25966837344,0,0,31
12973,0,25972844002,25972843953,0,0,49
12975,0,25976848131,25976848112,0,0,18
12976,0,25978850667,25978850642,0,0,24
12978,0,2594872890,2594872927,0,0,-36
12979,0,25984857389,25984857354,0,0,35
12980,0,25986859443,25986859454,0,0,-11
12981,0,25988861894,25988861885,0,0,9
12982,0,25990864197,25990864187,0,0,9
12983,0,25992866512,25992866477,0,0,34
12985,0,25996870267,25996870229,0,0,38
12987,0,26000874838,26000874773,0,0,65
12988,0,26002877556,26002877517,0,0,38
12989,0,26004878812,26004878779,0,0,32
12990,0,26006880698,26006880731,0,0,-32
12993,0,26012888665,26012888698,0,0,-33
12995,0,26016893107,26016893116,0,0,-9
12996,0,26018896613,26018896639,0,0,-26
12998,0,26022899830,26022899820,0,0,10
12999,0,26024901683,26024901649,0,0,33
13000,0,26026903718,26026903710,0,0,8
13001,0,26028906561,26028906536,0,0,25
13002,0,26030908357,26030908342,0,0,14
13003,0,26032910520,26032910505,0,0,14
13005,0,26036915062,26036915100,0,0,-37
13007,0,26040919582,26040919566,0,0,15
13008,0,26042922131,26042922099,0,0,31
13009,0,26044924123,26044924107,0,0,15
13010,0,26046926236,26046926171,0,0,65
13013,0,26052933384,26052933379,0,0,5
13015,0,26056936910,26056936932,0,0,-22
13016,0,26058938074,26058938095,0,0,-20
13018,0,26062943471,26062943388,0,0,83
13019,0,26064945737,26064945751,0,0,-13
13020,0,26066948529,26066948565,0,0,-35
13021,0,26068950615,26068950629,0,0,-13
13022,0,26070952823,26070952779,0,0,43
13023,0,26072954860,26072954810,0,0,50
13025,0,26076960042,26076960074,0,0,-31
13027,0,26080963807,26080963757,0,0,49
13028,0,26082967620,26082967570,0,0,50
13029,0,26084968215,26084968161,0,0,53
13030,0,26086969820,26086969808,0,0,11
13033,0,26092977276,26092977310,0,0,-33
13035,0,26096981818,26096981810,0,0,8
13036,0,26098983946,26098983956,0,0,-10
13038,0,26102988548,26102988501,0,0,47
13039,0,26104990873,26104990817,0,0,55
13040,0,26106992876,26106992857,0,0,19
13041,0,26108995579,26108995512,0,0,67
13042,0,26110997950,26110997901,0,0,48
13043,0,26112999602,26112999541,0,0,60
13045,0,26117004288,26117004267,0,0,20
13047,0,26121008586,26121008577,0,0,8
13048,0,26123010730,26123010719,0,0,11
13049,0,26125012928,26125012935,0,0,-7
13050,0,26127015213,26127015208,0,0,4
13053,0,26133022257,26133022247,0,0,9
13055,0,26137026023,26137026013,0,0,9
13056,0,26139028682,26139028674,0,0,8
13058,0,26143033582,26143033627,0,0,-44
13059,0,26145035579,26145035547,0,0,32
13060,0,26147037405,26147037390,0,0,15
13061,0,26149040008,26149039979,0,0,29
13062,0,26151042821,26151042802,0,0,19
13063,0,26153044870,26153044909,0,0,-38
13065,0,26157048588,26157048642,0,0,-53
13067,0,26161053418,26161053455,0,0,-36
13068,0,26163056385,26163056358,0,0,26
13069,0,26165057339,26165057318,0,0,20
13070,0,26167060049,26167060029,0,0,20
13073,0,26173066238,26173066285,0,0,-46
13075,0,26177070176,26177070225,0,0,-49
13076,0,26179072645,26179072714,0,0,-68
13078,0,26183079169,26183079149,0,0,20
13079,0,26185079549,26185079498,0,0,51
13080,0,26187082147,26187082101,0,0,46
13081,0,26189084564,26189084514,0,0,49
13082,0,26191086206,26191086162,0,0,43
13083,0,26193088708,26193088661,0,0,47
13085,0,26197093026,26197093006,0,0,20
13087,0,26201098205,26201098130,0,0,75
13088,0,26203099552,26203099568,0,0,-15
13089,0,26205101422,26205101444,0,0,-22
13090,0,26207103084,26207103047,0,0,37
13093,0,26213110523,26213110548,0,0,-24
13095,0,26217115329,26217115321,0,0,7
13096,0,26219117483,26219117453,0,0,29
13098,0,26223121386,26223121364,0,0,22
13099,0,26225123813,26225123782,0,0,31
13100,0,26227125725,26227125704,0,0,21
13101,0,26229128600,26229128559,0,0,41
13102,0,26231131586,26231131546,0,0,39
13103,0,26233133208,26233133172,0,0,35
13105,0,26237137408,26237137393,0,0,15
13107,0,26241141584,26241141569,0,0,15
13108,0,26243143069,26243143080,0,0,-11
13109,0,26245146173,26245146139,0,0,33
13110,0,26247148765,26247148678,0,0,86
13113,0,26253155084,26253155095,0,0,-11
13115,0,26257160900,26257160880,0,0,20
13116,0,26259163447,26259163499,0,0,-52
13118,0,26263166635,26263166701,0,0,-66
13119,0,26265168249,26265168281,0,0,-32
13120,0,26267169839,26267169863,0,0,-24
13121,0,26269173480,26269173439,0,0,40
13122,0,26271175584,26271175512,0,0,71
13123,0,26273178366,26273178324,0,0,42
13125,0,26277181755,26277181707,0,0,47
13127,0,26281186246,26281186208,0,0,38
13128,0,26283190348,26283190313,0,0,34
13129,0,26285190901,26285190870,0,0,30
13130,0,26287193214,26287193196,0,0,17
13133,0,26293199763,26293199778,0,0,-15
13135,0,26297204282,26297204258,0,0,24
13136,0,26299206078,26299206073,0,0,5
13138,0,26303211406,26303211381,0,0,24
13139,0,26305213044,26305213023,0,0,20
13140,0,26307215268,26307215251,0,0,16
13141,0,26309218134,26309218176,0,0,-41
13142,0,26311220981,26311221032,0,0,-51
13143,0,26313221995,26313222036,0,0,-40
13145,0,26317226424,26317226374,0,0,49
13147,0,26321231805,26321231764,0,0,41
13148,0,26323234305,26323234281,0,0,23
13149,0,26325235169,26325235128,0,0,40
13150,0,26327238149,26327238105,0,0,43
13153,0,26333244382,26333244333,0,0,49
13155,0,26337247434,26337247392,0,0,42
13156,0,26339250220,26339250195,0,0,25
13158,0,26343255773,26343255735,0,0,37
13159,0,26345258109,26345258085,0,0,23
13160,0,26347260666,26347260707,0,0,-40
13161,0,26349262317,26349262349,0,0,-31
13162,0,26351264457,26351264481,0,0,-24
13163,0,26353266737,26353266701,0,0,35
13165,0,26357270707,26357270684,0,0,23
13167,0,26361274977,26361274959,0,0,18
13168,0,26363276903,26363276883,0,0,20
13169,0,26365279938,26365279906,0,0,31
13170,0,26367282449,26367282406,0,0,43
13173,0,26373289244,26373289226,0,0,18
13175,0,26377293078,26377293105,0,0,-26
13176,0,26379295284,26379295295,0,0,-11
13178,0,2634917032,2634917058,0,0,-26
13179,0,26385303629,26385303649,0,0,-20
13180,0,26387304568,26387304571,0,0,-3
13181,0,26389306954,26389306926,0,0,27
13182,0,26391308977,26391309028,0,0,-51
13183,0,26393310994,26393310946,0,0,47
13185,0,26397314645,26397314618,0,0,26
13187,0,26401319733,26401319676,0,0,57
13188,0,26403322552,26403322499,0,0,53
13189,0,26405324093,26405324053,0,0,39
13190,0,26407326935,26407326896,0,0,39
13193,0,26413333285,26413333263,0,0,22
13195,0,26417336467,26417336435,0,0,31
13196,0,26419339739,26419339697,0,0,42
13198,0,26423343638,26423343607,0,0,30
13199,0,26425346494,26425346512,0,0,-18
13200,0,26427348749,26427348792,0,0,-42
13201,0,26429350873,26429350882,0,0,-8
13202,0,26431353498,26431353449,0,0,49
13203,0,26433356164,26433356123,0,0,40
13205,0,26437359831,26437359822,0,0,8
13207,0,26441364265,26441364274,0,0,-8
13208,0,26443366880,26443366862,0,0,17
13209,0,26445368836,26445368807,0,0,29
13210,0,26447370723,26447370714,0,0,8
13213,0,26453377352,26453377363,0,0,-11
13215,0,26457381871,26457381885,0,0,-14
13216,0,26459384296,26459384288,0,0,7
13218,0,26463388788,26463388814,0,0,-26
13219,0,26465390928,26465390934,0,0,-6
13220,0,26467393339,26467393357,0,0,-17
13221,0,26469395179,26469395188,0,0,-9
13222,0,26471397062,26471397083,0,0,-20
13223,0,26473399660,26473399691,0,0,-30
13225,0,26477403688,26477403687,0,0,0
13227,0,26481408806,26481408858,0,0,-52
13228,0,26483412653,26483412658,0,0,-5
13229,0,26485412934,26485412922,0,0,11
13230,0,26487414471,26487414516,0,0,-44
13233,0,26493422522,26493422605,0,0,-83
13235,0,26497426559,26497426544,0,0,15
13236,0,26499428930,26499428961,0,0,-31
13238,0,26503433924,26503433909,0,0,15
13239,0,26505435280,26505435268,0,0,11
13240,0,26507436826,26507436810,0,0,15
13241,0,26509440098,26509440071,0,0,26
13242,0,26511441966,26511441955,0,0,11
13243,0,26513444205,26513444193,0,0,11
13245,0,26517448610,26517448620,0,0,-10
13247,0,26521453053,26521453122,0,0,-68
13248,0,26523455387,26523455340,0,0,47
13249,0,26525457755,26525457707,0,0,47
13250,0,26527459955,26527459919,0,0,35
13253,0,26533466844,26533466807,0,0,37
13255,0,26537470977,26537470938,0,0,39
13256,0,26539474019,26539473993,0,0,25
13258,0,26543477927,26543477869,0,0,57
13259,0,26545479568,26545479519,0,0,49
13260,0,26547481173,26547481118,0,0,54
13261,0,26549484286,26549484235,0,0,51
13262,0,26551486658,26551486604,0,0,53
13263,0,26553488941,26553488898,0,0,42
13265,0,26557492040,26557492009,0,0,30
13267,0,26561497653,26561497613,0,0,40
13268,0,26563500357,26563500325,0,0,31
13269,0,26565503484,26565503440,0,0,44
13270,0,26567504441,26567504458,0,0,-17
13273,0,26573510321,26573510288,0,0,33
13275,0,26577514582,26577514521,0,0,60
13276,0,26579518033,26579518048,0,0,-14
13278,0,26583524298,26583524262,0,0,35
13279,0,26585524478,26585524448,0,0,29
13280,0,26587526627,26587526608,0,0,18
13281,0,26589529134,26589529091,0,0,43
13282,0,26591531556,26591531508,0,0,47
13283,0,26593533773,26593533743,0,0,30
13285,0,26597537811,26597537800,0,0,11
13287,0,26601541961,26601541923,0,0,38
13288,0,26603544797,26603544785,0,0,11
13289,0,26605546901,26605546844,0,0,56
13290,0,26607549078,26607549038,0,0,40
13293,0,26613554450,26613554443,0,0,6
13295,0,26617558943,26617558974,0,0,-30
13296,0,26619562205,26619562271,0,0,-66
13298,0,26623567422,26623567479,0,0,-56
13299,0,26625568948,26625568914,0,0,33
13300,0,26627571413,26627571400,0,0,13
13301,0,26629573249,26629573223,0,0,25
13302,0,26631575843,26631575782,0,0,60
13303,0,26633577955,26633577899,0,0,56
13305,0,26637581161,26637581154,0,0,6
13307,0,26641587435,26641587431,0,0,4
13308,0,26643589387,26643589338,0,0,49
13309,0,26645591232,26645591191,0,0,40
13310,0,26647593336,26647593290,0,0,45
13313,0,26653600483,26653600501,0,0,-18
13315,0,26657604424,26657604413,0,0,11
13316,0,26659606888,26659606913,0,0,-24
13318,0,26663611435,26663611406,0,0,28
13319,0,26665613778,26665613718,0,0,60
13320,0,26667615386,26667615370,0,0,15
13321,0,26669617226,26669617193,0,0,33
13322,0,26671619930,26671619892,0,0,38
13323,0,26673621026,26673620969,0,0,57
13325,0,26677625549,26677625590,0,0,-40
13327,0,26681631357,26681631379,0,0,-22
13328,0,26683635469,26683635460,0,0,8
13329,0,26685635694,26685635665,0,0,29
13330,0,26687638072,26687638080,0,0,-8
13333,0,26693644533,26693644494,0,0,39
13335,0,26697648851,26697648840,0,0,10
13336,0,26699651284,26699651307,0,0,-22
13338,0,26703655793,26703655751,0,0,41
13339,0,26705658539,26705658530,0,0,8
13340,0,26707661269,26707661259,0,0,10
13341,0,26709663262,26709663209,0,0,53
13342,0,26711665263,26711665247,0,0,16
13343,0,26713667929,26713667904,0,0,24
13345,0,26717671292,26717671277,0,0,15
13347,0,26721676053,26721676073,0,0,-20
13348,0,26723677937,26723677943,0,0,-6
13349,0,26725680110,26725680146,0,0,-35
13350,0,26727682720,26727682671,0,0,49
13353,0,26733689271,26733689261,0,0,9
13355,0,26737693332,26737693294,0,0,37
13356,0,26739695419,26739695404,0,0,15
13358,0,26743699537,26743699561,0,0,-24
13359,0,26745702215,26745702207,0,0,7
13360,0,26747703493,26747703552,0,0,-59
13361,0,26749706801,26749706840,0,0,-39
13362,0,26751709370,26751709366,0,0,4
13363,0,26753711505,26753711489,0,0,15
13365,0,26757716721,26757716711,0,0,10
13367,0,26761720116,26761720103,0,0,13
13368,0,26763722024,26763721988,0,0,35
13369,0,26765723951,26765723942,0,0,8
13370,0,26767726895,26767726856,0,0,39
13373,0,26773734174,26773734224,0,0,-49
13375,0,26777737633,26777737662,0,0,-28
13376,0,26779738828,26779738933,0,0,-105
13378,0,2674962042,2674962033,0,0,9
13379,0,26785746568,26785746531,0,0,36
13380,0,26787749660,26787749613,0,0,47
13381,0,26789751123,26789751089,0,0,33
13382,0,26791753861,26791753835,0,0,25
13383,0,26793756200,26793756162,0,0,37
13385,0,26797760755,26797760749,0,0,5
13387,0,26801765323,26801765293,0,0,30
13388,0,26803765761,26803765795,0,0,-33
13389,0,26805769391,26805769427,0,0,-36
13390,0,26807771230,26807771262,0,0,-32
13393,0,26813776871,26813776935,0,0,-63
13395,0,26817782413,26817782456,0,0,-42
13396,0,26819784852,26819784925,0,0,-72
13398,0,26823788892,26823788871,0,0,20
13399,0,26825790276,26825790242,0,0,33
13400,0,26827793514,26827793475,0,0,38
13401,0,26829795144,26829795097,0,0,47
13402,0,26831798477,26831798465,0,0,11
13403,0,26833801322,26833801282,0,0,40
13405,0,26837804613,26837804597,0,0,15
13407,0,26841808929,26841808894,0,0,35
13408,0,26843810436,26843810481,0,0,-44
13409,0,26845813330,26845813312,0,0,17
13410,0,26847815004,26847814966,0,0,37
13413,0,26853822684,26853822658,0,0,26
13415,0,26857827554,26857827536,0,0,17
13416,0,26859830498,26859830487,0,0,10
13418,0,26863833737,26863833713,0,0,24
13419,0,26865835703,26865835637,0,0,66
13420,0,26867838185,26867838157,0,0,27
13421,0,26869840804,26869840769,0,0,35
13422,0,26871842458,26871842405,0,0,53
13423,0,26873844808,26873844770,0,0,38
13425,0,26877849065,26877849144,0,0,-78
13427,0,26881853238,26881853271,0,0,-33
13428,0,26883856115,26883856101,0,0,13
13429,0,26885858072,26885858047,0,0,24
13430,0,26887860299,26887860248,0,0,51
13433,0,26893865921,26893865896,0,0,24
13435,0,26897871241,26897871217,0,0,23
13436,0,26899873915,26899873900,0,0,15
13438,0,26903878265,26903878278,0,0,-13
13439,0,26905880260,26905880226,0,0,33
13440,0,26907882467,26907882441,0,0,26
13441,0,26909884749,26909884797,0,0,-47
13442,0,26911887388,26911887431,0,0,-42
13443,0,26913889312,26913889361,0,0,-49
13445,0,26917893548,26917893538,0,0,10
13447,0,26921897887,26921897848,0,0,39
13448,0,26923899408,26923899361,0,0,46
13449,0,26925902607,26925902562,0,0,44
13450,0,26927904876,26927904812,0,0,63
13453,0,26933910519,26933910503,0,0,16
13455,0,26937916078,26937916033,0,0,44
13456,0,26939918273,26939918242,0,0,31
13458,0,26943922826,26943922781,0,0,44
13459,0,26945925050,26945924982,0,0,67
13460,0,26947927148,26947927110,0,0,37
13461,0,26949928810,26949928734,0,0,75
13462,0,26951930464,26951930439,0,0,24
13463,0,26953933631,26953933647,0,0,-15
13465,0,26957938867,26957938817,0,0,50
13467,0,26961942697,26961942648,0,0,49
13468,0,26963944973,26963944926,0,0,47
13469,0,26965947856,26965947804,0,0,51
13470,0,26967950660,26967950601,0,0,59
13473,0,26973956816,26973956824,0,0,-7
13475,0,26977960525,26977960532,0,0,-6
13476,0,26979963058,26979963081,0,0,-22
13478,0,26983968599,26983968559,0,0,39
13479,0,26985969370,26985969326,0,0,43
13480,0,26987971476,26987971443,0,0,33
13481,0,26989974005,26989973964,0,0,41
13482,0,26991976253,26991976222,0,0,30
13483,0,26993978337,26993978301,0,0,35
13485,0,26997983013,26997982997,0,0,15
13487,0,27001987494,27001987447,0,0,47
13488,0,27003989705,27003989660,0,0,45
13489,0,27005992543,27005992494,0,0,49
13490,0,27007993501,27007993526,0,0,-24
13493,0,27014000497,27014000482,0,0,15
13495,0,27018004556,27018004527,0,0,29
13496,0,27020006240,27020006203,0,0,36
13498,0,27024012256,27024012181,0,0,75
13499,0,27026014433,27026014404,0,0,29
13500,0,27028015675,27028015668,0,0,6
13501,0,27030017429,27030017442,0,0,-13
13502,0,27032020749,27032020767,0,0,-17
13503,0,27034022555,27034022583,0,0,-27
13505,0,27038027168,27038027192,0,0,-24
13507,0,27042032399,27042032433,0,0,-34
13508,0,27044033881,27044033903,0,0,-22
13509,0,27046036010,27046035970,0,0,39
13510,0,27048038373,27048038334,0,0,39
13513,0,27054046126,27054046089,0,0,36
13515,0,27058049177,27058049140,0,0,36
13516,0,27060052065,27060052056,0,0,8
13518,0,27064056757,27064056789,0,0,-32
13519,0,27066058379,27066058343,0,0,35
13520,0,27068061643,27068061629,0,0,13
13521,0,27070063518,27070063494,0,0,23
13522,0,27072065278,27072065244,0,0,33
13523,0,27074067469,27074067505,0,0,-35
13525,0,27078071624,27078071653,0,0,-28
13527,0,27082076182,27082076219,0,0,-36
13528,0,27084079651,27084079677,0,0,-26
13529,0,27086080601,27086080611,0,0,-9
13530,0,27088083187,27088083117,0,0,69
13533,0,27094089542,27094089549,0,0,-6
13535,0,27098093824,27098093795,0,0,29
13536,0,27100096150,27100096135,0,0,15
13538,0,27104101305,27104101379,0,0,-73
13539,0,27106102642,27106102677,0,0,-34
13540,0,27108105168,27108105211,0,0,-42
13541,0,27110107164,27110107130,0,0,33
13542,0,27112109990,27112109971,0,0,18
13543,0,27114111955,27114111930,0,0,24
13545,0,27118116295,27118116265,0,0,29
13547,0,27122120506,27122120482,0,0,24
13548,0,27124122988,27124123044,0,0,-56
13549,0,27126125035,27126125011,0,0,23
13550,0,27128127262,27128127235,0,0,26
13553,0,27134133051,27134133112,0,0,-60
13555,0,27138138242,27138138279,0,0,-36
13556,0,27140140694,27140140686,0,0,8
13558,0,27144146438,27144146407,0,0,30
13559,0,27146147197,27146147190,0,0,6
13560,0,27148149305,27148149357,0,0,-52
13561,0,27150151869,27150151899,0,0,-30
13562,0,27152154813,27152154876,0,0,-62
13563,0,27154156649,27154156705,0,0,-56
13565,0,27158160641,27158160632,0,0,8
13567,0,27162164780,27162164765,0,0,15
13568,0,27164166416,27164166388,0,0,27
13569,0,27166169138,27166169113,0,0,24
13570,0,27168170855,27168170818,0,0,36
13573,0,27174178750,27174178737,0,0,13
13575,0,27178182808,27178182795,0,0,13
13576,0,27180184892,27180184884,0,0,8
13578,0,2715005782,2715005757,0,0,24
13579,0,27186191870,27186191857,0,0,13
13580,0,27188193730,27188193703,0,0,26
13581,0,27190196996,27190196959,0,0,37
13582,0,27192198431,27192198397,0,0,33
13583,0,27194200697,27194200651,0,0,45
13585,0,27198205053,27198205042,0,0,11
13587,0,27202209402,27202209382,0,0,20
13588,0,27204211698,27204211722,0,0,-24
13589,0,27206214215,27206214242,0,0,-27
13590,0,27208216064,27208216099,0,0,-35
13593,0,27214223442,27214223417,0,0,24
13595,0,27218228321,27218228314,0,0,6
13596,0,27220231310,27220231323,0,0,-13
13598,0,27224234109,27224234170,0,0,-60
13599,0,27226237056,27226237018,0,0,37
13600,0,27228240364,27228240358,0,0,5
13601,0,27230241688,27230241651,0,0,37
13602,0,27232243546,27232243537,0,0,8
13603,0,27234245412,27234245437,0,0,-24
13605,0,27238249339,27238249352,0,0,-13
13607,0,27242255126,27242255139,0,0,-12
13608,0,27244256422,27244256465,0,0,-42
13609,0,27246258748,27246258679,0,0,69
13610,0,27248260759,27248260707,0,0,51
13613,0,27254266388,27254266334,0,0,53
13615,0,27258272031,27258271964,0,0,66
13616,0,27260273504,27260273535,0,0,-31
13618,0,27264278601,27264278481,0,0,119
13619,0,27266280489,27266280434,0,0,55
13620,0,27268281849,27268281842,0,0,7
13621,0,27270285258,27270285212,0,0,45
13622,0,27272287361,27272287322,0,0,39
13623,0,27274289957,27274289921,0,0,35
13625,0,27278294941,27278294932,0,0,9
13627,0,27282298723,27282298664,0,0,59
13628,0,27284302655,27284302646,0,0,8
13629,0,27286302686,27286302648,0,0,38
13630,0,27288304588,27288304565,0,0,22
13633,0,27294312119,27294312063,0,0,55
13635,0,27298316110,27298316067,0,0,43
13636,0,27300318757,27300318705,0,0,51
13638,0,27304323240,27304323170,0,0,69
13639,0,27306325611,27306325575,0,0,35
13640,0,27308327787,27308327764,0,0,23
13641,0,27310330021,27310329977,0,0,43
13642,0,27312331653,27312331633,0,0,20
13643,0,27314333017,27314332963,0,0,54
13645,0,27318338530,27318338492,0,0,38
13647,0,27322342898,27322342844,0,0,53
13648,0,27324345662,27324345605,0,0,57
13649,0,27326347140,27326347078,0,0,61
13650,0,27328349186,27328349142,0,0,44
13653,0,27334357285,27334357276,0,0,8
13655,0,27338360685,27338360624,0,0,60
13656,0,27340362734,27340362675,0,0,58
13658,0,27344366689,27344366724,0,0,-35
13659,0,27346369738,27346369766,0,0,-28
13660,0,27348371927,27348371950,0,0,-22
13661,0,27350374198,27350374247,0,0,-49
13662,0,27352376683,27352376669,0,0,14
13663,0,27354378601,27354378573,0,0,28
13665,0,27358382903,27358382887,0,0,15
13667,0,27362387321,27362387282,0,0,38
13668,0,27364390259,27364390224,0,0,35
13669,0,27366391821,27366391836,0,0,-15
13670,0,27368393788,27368393744,0,0,44
13673,0,27374400038,27374400006,0,0,31
13675,0,27378405354,27378405325,0,0,28
13676,0,27380407768,27380407807,0,0,-38
13678,0,27384414024,27384414060,0,0,-35
13679,0,27386413977,27386414013,0,0,-35
13680,0,27388416444,27388416435,0,0,9
13681,0,27390418687,27390418645,0,0,41
13682,0,27392420973,27392420886,0,0,87
13683,0,27394423020,27394423050,0,0,-29
13685,0,27398426649,27398426639,0,0,9
13687,0,27402432707,27402432693,0,0,13
13688,0,27404434226,27404434273,0,0,-46
13689,0,27406436546,27406436537,0,0,8
13690,0,27408440065,27408440026,0,0,38
13693,0,27414445382,27414445358,0,0,23
13695,0,27418450296,27418450249,0,0,46
13696,0,27420452112,27420452103,0,0,9
13698,0,27424456628,27424456634,0,0,-6
13699,0,27426458397,27426458415,0,0,-17
13700,0,27428459964,27428459979,0,0,-15
13701,0,27430463397,27430463431,0,0,-33
13702,0,27432465277,27432465322,0,0,-44
13703,0,27434467762,27434467732,0,0,30
13705,0,27438471289,27438471270,0,0,19
13707,0,27442476577,27442476567,0,0,10
13708,0,27444480405,27444480367,0,0,38
13709,0,27446481049,27446481030,0,0,18
13710,0,27448483034,27448483041,0,0,-6
13713,0,27454489963,27454489949,0,0,13
13715,0,27458494022,27458493984,0,0,37
13716,0,27460496564,27460496575,0,0,-11
13718,0,27464501156,27464501148,0,0,8
13719,0,27466503462,27466503426,0,0,35
13720,0,27468505596,27468505627,0,0,-31
13721,0,27470507893,27470507875,0,0,17
13722,0,27472510308,27472510271,0,0,36
13723,0,27474512441,27474512406,0,0,35
13725,0,27478516586,27478516597,0,0,-11
13727,0,27482521055,27482521098,0,0,-43
13728,0,27484524957,27484525024,0,0,-67
13729,0,27486525070,27486525119,0,0,-48
13730,0,27488526945,27488526927,0,0,17
13733,0,27494534399,27494534383,0,0,15
13735,0,27498538654,27498538624,0,0,29
13736,0,27500541707,27500541768,0,0,-61
13738,0,27504545617,27504545663,0,0,-45
13739,0,27506548001,27506547983,0,0,17
13740,0,27508550041,27508550051,0,0,-10
13741,0,27510552262,27510552237,0,0,25
13742,0,27512554374,27512554329,0,0,44
13743,0,27514556894,27514556910,0,0,-16
13745,0,27518561001,27518560993,0,0,7
13747,0,27522564253,27522564278,0,0,-24
13748,0,27524567404,27524567472,0,0,-67
13749,0,27526569354,27526569340,0,0,13
13750,0,27528572332,27528572294,0,0,38
13753,0,27534577907,27534577898,0,0,9
13755,0,27538581907,27538581871,0,0,35
13756,0,27540585218,27540585197,0,0,20
13758,0,27544590407,27544590449,0,0,-41
13759,0,27546592282,27546592312,0,0,-29
13760,0,27548594924,27548594941,0,0,-16
13761,0,27550596876,27550596844,0,0,31
13762,0,27552598762,27552598739,0,0,23
13763,0,27554600966,27554600928,0,0,38
13765,0,27558605182,27558605125,0,0,57
13767,0,27562610233,27562610195,0,0,37
13768,0,27564611989,27564611982,0,0,7
13769,0,27566613977,27566613918,0,0,59
13770,0,27568616315,27568616285,0,0,29
13773,0,27574623344,27574623310,0,0,33
13775,0,27578627364,27578627319,0,0,45
13776,0,27580629281,27580629315,0,0,-33
13778,0,2755050614,2755050640,0,0,-26
13779,0,27586636697,27586636642,0,0,54
13780,0,27588638726,27588638691,0,0,35
13781,0,27590640957,27590640919,0,0,38
13782,0,27592643687,27592643647,0,0,40
13783,0,27594645425,27594645453,0,0,-28
13785,0,27598650150,27598650087,0,0,63
13787,0,27602655078,27602655049,0,0,29
13788,0,27604656982,27604657008,0,0,-26
13789,0,27606658749,27606658712,0,0,37
13790,0,27608660940,27608660911,0,0,29
13793,0,27614667619,27614667686,0,0,-67
13795,0,27618672067,27618672116,0,0,-48
13796,0,27620674628,27620674620,0,0,8
13798,0,27624678202,27624678180,0,0,21
13799,0,27626681219,27626681200,0,0,18
13800,0,27628684351,27628684343,0,0,8
13801,0,27630685933,27630685894,0,0,38
13802,0,27632688423,27632688372,0,0,51
13803,0,27634689980,27634689926,0,0,53
13805,0,27638693874,27638693884,0,0,-10
13807,0,27642698453,27642698425,0,0,27
13808,0,27644700603,27644700597,0,0,5
13809,0,27646703680,27646703629,0,0,51
13810,0,27648705541,27648705476,0,0,65
13813,0,27654712088,27654712065,0,0,22
13815,0,27658716646,27658716638,0,0,8
13816,0,27660718741,27660718758,0,0,-16
13818,0,27664724586,27664724556,0,0,29
13819,0,27666725401,27666725367,0,0,33
13820,0,27668728100,27668728087,0,0,13
13821,0,27670729947,27670729923,0,0,24
13822,0,27672732575,27672732521,0,0,53
13823,0,27674734167,27674734110,0,0,57
13825,0,27678739161,27678739107,0,0,53
13827,0,27682743285,27682743208,0,0,76
13828,0,27684747844,27684747797,0,0,47
13829,0,27686749006,27686748962,0,0,43
13830,0,27688750278,27688750221,0,0,57
13833,0,27694757095,27694757071,0,0,23
13835,0,27698761191,27698761141,0,0,49
13836,0,27700764624,27700764656,0,0,-31
13838,0,27704768616,27704768584,0,0,31
13839,0,27706770119,27706770084,0,0,35
13840,0,27708772517,27708772489,0,0,28
13841,0,27710774584,27710774523,0,0,61
13842,0,27712777112,27712777065,0,0,47
13843,0,27714779020,27714778981,0,0,39
13845,0,27718783553,27718783564,0,0,-11
13847,0,27722787817,27722787788,0,0,29
13848,0,27724790071,27724790050,0,0,21
13849,0,27726792132,27726792102,0,0,30
13850,0,27728794616,27728794572,0,0,44
13853,0,27734801068,27734801053,0,0,15
13855,0,27738805734,27738805778,0,0,-44
13856,0,27740808211,27740808247,0,0,-36
13858,0,27744812519,27744812523,0,0,-3
13859,0,27746814602,27746814659,0,0,-56
13860,0,27748817420,27748817389,0,0,31
13861,0,27750818830,27750818817,0,0,12
13862,0,27752821536,27752821507,0,0,29
13863,0,27754824158,27754824116,0,0,42
13865,0,27758828126,27758828091,0,0,35
13867,0,27762832055,27762832001,0,0,53
13868,0,27764833806,27764833786,0,0,20
13869,0,27766836754,27766836722,0,0,31
13870,0,27768839004,27768838966,0,0,38
13873,0,27774846871,27774846856,0,0,15
13875,0,27778850342,27778850327,0,0,15
13876,0,27780852737,27780852712,0,0,24
13878,0,27784857092,27784857067,0,0,24
13879,0,27786859514,27786859489,0,0,24
13880,0,27788861196,27788861245,0,0,-49
13881,0,27790863395,27790863386,0,0,8
13882,0,27792866040,27792866008,0,0,31
13883,0,27794868004,27794867992,0,0,11
13885,0,27798872155,27798872117,0,0,38
13887,0,27802877019,27802877005,0,0,13
13888,0,27804879267,27804879256,0,0,10
13889,0,27806881521,27806881507,0,0,13
13890,0,27808883442,27808883404,0,0,38
13893,0,27814890147,27814890182,0,0,-35
13895,0,27818893390,27818893438,0,0,-48
13896,0,27820896515,27820896582,0,0,-66
13898,0,27824901456,27824901422,0,0,33
13899,0,27826903641,27826903612,0,0,29
13900,0,27828905675,27828905646,0,0,29
13901,0,27830907943,27830907910,0,0,33
13902,0,27832910125,27832910101,0,0,24
13903,0,27834912260,27834912228,0,0,31
13905,0,27838916515,27838916527,0,0,-11
13907,0,27842921326,27842921287,0,0,38
13908,0,27844923604,27844923587,0,0,16
13909,0,27846926685,27846926674,0,0,11
13910,0,27848928019,27848927985,0,0,33
13913,0,27854934582,27854934568,0,0,13
13915,0,27858939862,27858939852,0,0,9
13916,0,27860942535,27860942545,0,0,-9
13918,0,27864946391,27864946382,0,0,8
13919,0,27866947915,27866947883,0,0,32
13920,0,27868950299,27868950311,0,0,-11
13921,0,27870952335,27870952324,0,0,11
13922,0,27872954597,27872954576,0,0,21
13923,0,27874956515,27874956548,0,0,-32
13925,0,27878961195,27878961229,0,0,-33
13927,0,27882965697,27882965675,0,0,22
13928,0,27884970462,27884970473,0,0,-11
13929,0,27886970447,27886970395,0,0,51
13930,0,27888972895,27888972811,0,0,83
13933,0,27894978085,27894978065,0,0,20
13935,0,27898983591,27898983597,0,0,-6
13936,0,27900986012,27900985956,0,0,56
13938,0,27904990578,27904990565,0,0,13
13939,0,27906992334,27906992342,0,0,-8
13940,0,27908994937,27908994912,0,0,24
13941,0,27910997241,27910997217,0,0,24
13942,0,27912999471,27912999462,0,0,9
13943,0,27915001878,27915001913,0,0,-34
13945,0,27919005955,27919005986,0,0,-31
13947,0,27923010134,27923010074,0,0,60
13948,0,27925013140,27925013091,0,0,49
13949,0,27927014793,27927014746,0,0,47
13950,0,27929017041,27929017032,0,0,8
13953,0,27935023428,27935023396,0,0,31
13955,0,27939028469,27939028435,0,0,33
13956,0,27941030622,27941030624,0,0,-1
13958,0,27945034166,27945034134,0,0,32
13959,0,27947036867,27947036830,0,0,36
13960,0,27949039183,27949039174,0,0,8
13961,0,27951041485,27951041461,0,0,23
13962,0,27953044121,27953044113,0,0,8
13963,0,27955046219,27955046186,0,0,32
13965,0,27959050253,27959050245,0,0,8
13967,0,27963054800,27963054766,0,0,33
13968,0,27965057088,27965057063,0,0,24
13969,0,27967059014,27967058974,0,0,40
13970,0,27969060730,27969060717,0,0,12
13973,0,27975068630,27975068622,0,0,8
13975,0,27979072656,27979072650,0,0,6
13976,0,27981074836,27981074805,0,0,31
13978,0,2795095321,2795095251,0,0,69
13979,0,27987083029,27987083000,0,0,28
13980,0,27989084015,27989084078,0,0,-62
13981,0,27991086220,27991086195,0,0,24
13982,0,27993088251,27993088202,0,0,49
13983,0,27995090129,27995090151,0,0,-22
13985,0,27999094625,27999094670,0,0,-44
13987,0,28003099154,28003099170,0,0,-16
13988,0,28005101624,28005101653,0,0,-29
13989,0,28007103496,28007103503,0,0,-6
13990,0,28009105037,28009105050,0,0,-13
13993,0,28015112833,28015112823,0,0,10
13995,0,28019117195,28019117157,0,0,37
13996,0,28021119454,28021119422,0,0,32
13998,0,28025124195,28025124158,0,0,36
13999,0,28027126828,28027126777,0,0,51
14000,0,28029129592,28029129578,0,0,13
14001,0,28031131346,28031131283,0,0,63
14002,0,28033133045,28033132958,0,0,87
14003,0,28035134922,28035134874,0,0,47
14005,0,28039139825,28039139804,0,0,20
14007,0,28043143444,28043143432,0,0,11
14008,0,28045145028,28045144977,0,0,51
14009,0,28047148827,28047148762,0,0,65
14010,0,28049150274,28049150230,0,0,43
14013,0,28055157004,28055156959,0,0,44
14015,0,28059160268,28059160211,0,0,57
14016,0,28061163438,28061163386,0,0,51
14018,0,28065168523,28065168495,0,0,28
14019,0,28067171822,28067171788,0,0,33
14020,0,28069172696,28069172662,0,0,33
14021,0,28071174717,28071174708,0,0,8
14022,0,28073177677,28073177617,0,0,60
14023,0,28075179928,28075179914,0,0,13
14025,0,28079184193,28079184155,0,0,37
14027,0,28083188197,28083188146,0,0,51
14028,0,28085191975,28085191945,0,0,30
14029,0,28087192601,28087192577,0,0,23
14030,0,28089195586,28089195557,0,0,29
14033,0,28095201645,28095201614,0,0,31
14035,0,28099206134,28099206096,0,0,37
14036,0,28101208652,28101208635,0,0,17
14038,0,28105214562,28105214525,0,0,36
14039,0,28107214883,28107214920,0,0,-36
14040,0,28109216946,28109216921,0,0,24
14041,0,28111218499,28111218536,0,0,-36
14042,0,28113221907,28113221902,0,0,5
14043,0,28115225336,28115225298,0,0,37
14045,0,28119228755,28119228746,0,0,8
14047,0,28123232926,28123232897,0,0,29
14048,0,28125234982,28125234973,0,0,8
14049,0,28127237935,28127237893,0,0,42
14050,0,28129240123,28129240103,0,0,19
14053,0,28135245062,28135245014,0,0,47
14055,0,28139249417,28139249408,0,0,8
14056,0,28141252735,28141252757,0,0,-21
14058,0,28145256365,28145256346,0,0,19
14059,0,28147259532,28147259523,0,0,8
14060,0,28149261639,28149261647,0,0,-8
14061,0,28151264368,28151264361,0,0,7
14062,0,28153266245,28153266222,0,0,22
14063,0,28155268289,28155268238,0,0,51
14065,0,28159273274,28159273261,0,0,12
14067,0,28163277020,28163277026,0,0,-6
14068,0,28165279370,28165279345,0,0,24
14069,0,28167282447,28167282429,0,0,17
14070,0,28169284467,28169284441,0,0,25
14073,0,28175290718,28175290680,0,0,37
14075,0,28179295616,28179295582,0,0,33
14076,0,28181297411,28181297373,0,0,37
14078,0,28185303854,28185303837,0,0,17
14079,0,28187303931,28187303887,0,0,44
14080,0,28189306227,28189306203,0,0,24
14081,0,28191308488,28191308438,0,0,50
14082,0,28193311037,28193310988,0,0,49
14083,0,28195313045,28195312979,0,0,65
14085,0,28199316170,28199316132,0,0,38
14087,0,28203322026,28203321977,0,0,49
14088,0,28205324350,28205324325,0,0,25
14089,0,28207326343,28207326334,0,0,8
14090,0,28209328761,28209328753,0,0,8
14093,0,28215335242,28215335322,0,0,-79
14095,0,28219339338,28219339375,0,0,-36
14096,0,28221342065,28221342060,0,0,4
14098,0,28225346231,28225346242,0,0,-11
14099,0,28227348136,28227348129,0,0,6
14100,0,28229349566,28229349537,0,0,29
14101,0,28231352889,28231352844,0,0,44
14102,0,28233355602,28233355614,0,0,-12
14103,0,28235357774,28235357702,0,0,71
14105,0,28239361759,28239361721,0,0,37
14107,0,28243366307,28243366276,0,0,31
14108,0,28245369214,28245369204,0,0,9
14109,0,28247370396,28247370363,0,0,33
14110,0,28249373060,28249373023,0,0,37
14113,0,28255379706,28255379679,0,0,26
14115,0,28259384173,28259384132,0,0,41
14116,0,28261386259,28261386242,0,0,17
14118,0,28265390741,28265390712,0,0,28
14119,0,28267392651,28267392630,0,0,20
14120,0,28269394102,28269394094,0,0,8
14121,0,28271397519,28271397465,0,0,53
14122,0,28273399805,28273399751,0,0,53
14123,0,28275401869,28275401829,0,0,39
14125,0,28279406514,28279406474,0,0,39
14127,0,28283410509,28283410474,0,0,35
14128,0,28285415683,28285415656,0,0,27
14129,0,28287415267,28287415230,0,0,37
14130,0,28289417436,28289417381,0,0,55
14133,0,28295424653,28295424615,0,0,37
14135,0,28299428400,28299428340,0,0,59
14136,0,28301430476,28301430465,0,0,11
14138,0,28305435722,28305435696,0,0,25
14139,0,28307437436,28307437401,0,0,35
14140,0,28309440512,28309440494,0,0,17
14141,0,28311443149,28311443169,0,0,-20
14142,0,28313444109,28313444121,0,0,-12
14143,0,28315446276,28315446227,0,0,48
14145,0,28319450635,28319450607,0,0,27
14147,0,28323456311,28323456246,0,0,65
14148,0,28325457532,28325457507,0,0,25
14149,0,28327460061,28327460024,0,0,36
14150,0,28329462047,28329462002,0,0,44
14153,0,28335468068,28335468042,0,0,25
14155,0,28339472479,28339472447,0,0,32
14156,0,28341474030,28341473993,0,0,37
14158,0,28345479777,28345479746,0,0,31
14159,0,28347482021,28347482002,0,0,19
14160,0,28349484009,28349483970,0,0,38
14161,0,28351486496,28351486530,0,0,-34
14162,0,28353488716,28353488642,0,0,74
14163,0,28355491279,28355491238,0,0,40
14165,0,28359496355,28359496356,0,0,0
14167,0,28363499791,28363499723,0,0,67
14168,0,28365501957,28365501919,0,0,38
14169,0,28367504209,28367504244,0,0,-34
14170,0,28369506293,28369506306,0,0,-13
14173,0,28375512096,28375512149,0,0,-52
14175,0,28379517177,28379517130,0,0,47
14176,0,28381518754,28381518790,0,0,-35
14178,0,2835140068,2835140047,0,0,20
14179,0,28387526302,28387526264,0,0,38
14180,0,28389528723,28389528694,0,0,29
14181,0,28391530842,28391530818,0,0,23
14182,0,28393533308,28393533275,0,0,33
14183,0,28395536761,28395536748,0,0,13
14185,0,28399539584,28399539544,0,0,39
14187,0,28403544456,28403544406,0,0,49
14188,0,28405545921,28405545906,0,0,15
14189,0,28407547773,28407547723,0,0,49
14190,0,28409551017,28409550988,0,0,28
14193,0,28415556480,28415556435,0,0,45
14195,0,28419561752,28419561680,0,0,71
14196,0,28421564347,28421564334,0,0,13
14198,0,28425568735,28425568714,0,0,20
14199,0,28427570856,28427570798,0,0,57
14200,0,28429572737,28429572701,0,0,35
14201,0,28431574986,28431574957,0,0,29
14202,0,28433578271,28433578197,0,0,74
14203,0,28435578952,28435578905,0,0,47
14205,0,28439584074,28439584057,0,0,17
14207,0,28443588964,28443588935,0,0,29
14208,0,28445590716,28445590681,0,0,35
14209,0,28447592867,28447592904,0,0,-36
14210,0,28449595516,28449595451,0,0,65
14213,0,28455602263,28455602232,0,0,31
14215,0,28459606152,28459606110,0,0,42
14216,0,28461608965,28461608955,0,0,10
14218,0,28465613324,28465613291,0,0,33
14219,0,28467615330,28467615323,0,0,7
14220,0,28469617795,28469617770,0,0,25
14221,0,28471619752,28471619705,0,0,47
14222,0,28473622733,28473622698,0,0,35
14223,0,28475624602,28475624586,0,0,15
14225,0,28479628339,28479628359,0,0,-19
14227,0,28483633240,28483633253,0,0,-12
14228,0,28485637044,28485637024,0,0,20
14229,0,28487637673,28487637659,0,0,13
14230,0,28489639775,28489639729,0,0,45
14233,0,28495645829,28495645790,0,0,38
14235,0,28499651777,28499651757,0,0,20
14236,0,28501654379,28501654382,0,0,-3
14238,0,28505657727,28505657719,0,0,7
14239,0,28507659644,28507659610,0,0,33
14240,0,28509661966,28509662035,0,0,-68
14241,0,28511664405,28511664382,0,0,23
14242,0,28513666440,28513666400,0,0,40
14243,0,28515668732,28515668707,0,0,24
14245,0,28519673031,28519673023,0,0,8
14247,0,28523677480,28523677462,0,0,17
14248,0,28525680051,28525680062,0,0,-11
14249,0,28527682133,28527682175,0,0,-42
14250,0,28529684780,28529684771,0,0,8
14253,0,28535690348,28535690328,0,0,19
14255,0,28539695183,28539695176,0,0,6
14256,0,28541697705,28541697737,0,0,-31
14258,0,28545702408,28545702420,0,0,-11
14259,0,28547704837,28547704827,0,0,9
14260,0,28549706652,28549706618,0,0,33
14261,0,28551708527,28551708473,0,0,53
14262,0,28553711164,28553711132,0,0,31
14263,0,28555713591,28555713541,0,0,49
14265,0,28559717876,28559717868,0,0,8
14267,0,28563722959,28563722900,0,0,59
14268,0,28565724943,28565724934,0,0,8
14269,0,28567726742,28567726714,0,0,27
14270,0,28569728982,28569728939,0,0,43
14273,0,28575735249,28575735206,0,0,43
14275,0,28579740589,28579740555,0,0,33
14276,0,28581741129,28581741102,0,0,26
14278,0,28585748146,28585748117,0,0,29
14279,0,28587748994,28587748950,0,0,43
14280,0,28589751446,28589751438,0,0,8
14281,0,28591753262,28591753215,0,0,46
14282,0,28593755891,28593755833,0,0,57
14283,0,28595758366,28595758386,0,0,-20
14285,0,28599762279,28599762332,0,0,-53
14287,0,28603766410,28603766437,0,0,-26
14288,0,28605769034,28605769058,0,0,-24
14289,0,28607771528,28607771550,0,0,-22
14290,0,28609773206,28609773171,0,0,35
14293,0,28615781629,28615781615,0,0,13
14295,0,28619784150,28619784126,0,0,23
14296,0,28621786492,28621786519,0,0,-26
14298,0,28625791670,28625791624,0,0,46
14299,0,28627794260,28627794199,0,0,60
14300,0,28629796365,28629796410,0,0,-44
14301,0,28631797824,28631797843,0,0,-18
14302,0,28633800529,28633800475,0,0,53
14303,0,28635802237,28635802211,0,0,25
14305,0,28639806635,28639806651,0,0,-16
14307,0,28643811204,28643811195,0,0,8
14308,0,28645813269,28645813294,0,0,-24
14309,0,28647815634,28647815649,0,0,-14
14310,0,28649818056,28649818016,0,0,39
14313,0,28655824718,28655824678,0,0,40
14315,0,28659827732,28659827710,0,0,22
14316,0,28661831284,28661831278,0,0,5
14318,0,28665834922,28665834894,0,0,27
14319,0,28667837625,28667837613,0,0,12
14320,0,28669840298,28669840272,0,0,25
14321,0,28671842182,28671842139,0,0,43
14322,0,28673844238,28673844204,0,0,33
14323,0,28675846831,28675846860,0,0,-28
14325,0,28679851198,28679851238,0,0,-40
14327,0,28683855964,28683856014,0,0,-50
14328,0,28685859165,28685859220,0,0,-54
14329,0,28687859807,28687859817,0,0,-9
14330,0,28689862366,28689862389,0,0,-23
14333,0,28695869136,28695869157,0,0,-20
14335,0,28699873721,28699873737,0,0,-15
14336,0,28701876256,28701876299,0,0,-42
14338,0,28705880467,28705880460,0,0,6
14339,0,28707881988,28707881955,0,0,32
14340,0,28709883190,28709883240,0,0,-49
14341,0,28711885786,28711885760,0,0,25
14342,0,28713889113,28713889060,0,0,53
14343,0,28715891472,28715891441,0,0,31
14345,0,28719895674,28719895640,0,0,33
14347,0,28723899711,28723899750,0,0,-38
14348,0,28725902351,28725902410,0,0,-58
14349,0,28727904462,28727904494,0,0,-31
14350,0,28729906949,28729906898,0,0,50
14353,0,28735913469,28735913422,0,0,46
14355,0,28739917765,28739917822,0,0,-57
14356,0,28741920453,28741920508,0,0,-54
14358,0,28745924681,28745924626,0,0,55
14359,0,28747926693,28747926665,0,0,27
14360,0,28749928995,28749928966,0,0,29
14361,0,28751931743,28751931692,0,0,51
14362,0,28753933688,28753933653,0,0,35
14363,0,28755936097,28755936058,0,0,39
14365,0,28759940078,28759940065,0,0,13
14367,0,28763943943,28763943979,0,0,-36
14368,0,28765945568,28765945545,0,0,23
14369,0,28767947773,28767947809,0,0,-36
14370,0,28769951240,28769951188,0,0,51
14373,0,28775957904,28775957867,0,0,37
14375,0,28779962190,28779962175,0,0,15
14376,0,28781964555,28781964602,0,0,-47
14378,0,2875184169,2875184140,0,0,29
14379,0,28787971089,28787971029,0,0,59
14380,0,28789973662,28789973611,0,0,51
14381,0,28791975555,28791975572,0,0,-16
14382,0,28793977721,28793977752,0,0,-31
14383,0,28795979292,28795979316,0,0,-23
14385,0,28799984564,28799984531,0,0,33
14387,0,28803989037,28803989008,0,0,29
14388,0,28805991175,28805991132,0,0,43
14389,0,28807993671,28807993641,0,0,30
14390,0,28809995779,28809995722,0,0,56
14393,0,28816002699,28816002682,0,0,17
14395,0,28820005756,28820005766,0,0,-9
14396,0,28822009124,28822009130,0,0,-6
14398,0,28826013415,28826013360,0,0,55
14399,0,28828015421,28828015385,0,0,35
14400,0,28830017175,28830017140,0,0,35
14401,0,28832020102,28832020069,0,0,32
14402,0,28834022772,28834022762,0,0,9
14403,0,28836025453,28836025474,0,0,-20
14405,0,28840029430,28840029384,0,0,45
14407,0,28844033343,28844033303,0,0,40
14408,0,28846036093,28846036062,0,0,30
14409,0,28848037903,28848037895,0,0,8
14410,0,28850040126,28850040121,0,0,5
14413,0,28856046709,28856046719,0,0,-9
14415,0,28860051107,28860051097,0,0,9
14416,0,28862053402,28862053383,0,0,18
14418,0,28866057982,28866058015,0,0,-33
14419,0,28868059897,28868059962,0,0,-65
14420,0,28870061442,28870061424,0,0,17
14421,0,28872065098,28872065087,0,0,10
14422,0,28874067889,28874067853,0,0,35
14423,0,28876069164,28876069138,0,0,25
14425,0,28880073325,28880073302,0,0,23
14427,0,28884078391,28884078382,0,0,8
14428,0,28886081910,28886081905,0,0,5
14429,0,28888082751,28888082729,0,0,22
14430,0,28890084412,28890084423,0,0,-11
14433,0,28896091288,28896091269,0,0,18
14435,0,28900095461,28900095453,0,0,8
14436,0,28902096695,28902096670,0,0,24
14438,0,28906102757,28906102728,0,0,29
14439,0,28908104550,28908104577,0,0,-26
14440,0,28910107053,28910107012,0,0,41
14441,0,28912109165,28912109116,0,0,49
14442,0,28914111745,28914111689,0,0,56
14443,0,28916113914,28916113900,0,0,14
14445,0,28920118048,28920118002,0,0,45
14447,0,28924122470,28924122441,0,0,29
14448,0,28926125303,28926125346,0,0,-42
14449,0,28928127344,28928127319,0,0,25
14450,0,28930128995,28930128948,0,0,47
14453,0,28936134895,28936134838,0,0,57
14455,0,28940140240,28940140231,0,0,8
14456,0,28942142555,28942142523,0,0,31
14458,0,28946147983,28946147946,0,0,37
14459,0,28948149807,28948149775,0,0,31
14460,0,28950151438,28950151420,0,0,17
14461,0,28952153635,28952153595,0,0,40
14462,0,28954155966,28954155925,0,0,41
14463,0,28956158164,28956158133,0,0,31
14465,0,28960162611,28960162579,0,0,31
14467,0,28964167962,28964167939,0,0,23
14468,0,28966170357,28966170392,0,0,-34
14469,0,28968171719,28968171765,0,0,-46
14470,0,28970174071,28970174085,0,0,-13
14473,0,28976180545,28976180578,0,0,-33
14475,0,28980184502,28980184493,0,0,8
14476,0,28982188504,28982188492,0,0,12
14478,0,28986193087,28986193045,0,0,41
14479,0,28988193420,28988193410,0,0,10
14480,0,28990195173,28990195152,0,0,20
14481,0,28992198273,28992198257,0,0,15
14482,0,28994200429,28994200474,0,0,-44
14483,0,28996202586,28996202663,0,0,-77
14485,0,29000207478,29000207459,0,0,19
14487,0,29004211494,29004211486,0,0,7
14488,0,29006213425,29006213460,0,0,-34
14489,0,29008214810,29008214839,0,0,-29
14490,0,29010218118,29010218151,0,0,-33
14493,0,29016224840,29016224833,0,0,6
14495,0,29020228794,29020228763,0,0,31
14496,0,29022230389,29022230380,0,0,8
14498,0,29026234955,29026234946,0,0,8
14499,0,29028238060,29028238028,0,0,31
14500,0,29030240008,29030240000,0,0,8
14501,0,29032241611,29032241600,0,0,10
14502,0,29034245035,29034245066,0,0,-30
14503,0,29036246772,29036246741,0,0,31
14505,0,29040250440,29040250406,0,0,33
14507,0,29044255755,29044255674,0,0,81
14508,0,29046258373,29046258364,0,0,8
14509,0,29048260796,29048260748,0,0,47
14510,0,29050262506,29050262475,0,0,31
14513,0,29056269318,29056269269,0,0,48
14515,0,29060273733,29060273761,0,0,-27
14516,0,29062276062,29062276101,0,0,-38
14518,0,29066280422,29066280404,0,0,18
14519,0,29068282473,29068282439,0,0,33
14520,0,29070284585,29070284643,0,0,-58
14521,0,29072285963,29072285997,0,0,-34
14522,0,29074289390,29074289428,0,0,-38
14523,0,29076292015,29076291984,0,0,31
14525,0,29080296070,29080296031,0,0,39
14527,0,29084300123,29084300098,0,0,24
14528,0,29086303438,29086303453,0,0,-15
14529,0,29088304702,29088304671,0,0,31
14530,0,29090307237,29090307192,0,0,44
14533,0,29096313940,29096313923,0,0,17
14535,0,29100319161,29100319188,0,0,-26
14536,0,29102321502,29102321555,0,0,-53
14538,0,29106325793,29106325851,0,0,-58
14539,0,29108327921,29108327973,0,0,-51
14540,0,29110329658,29110329719,0,0,-60
14541,0,29112331650,29112331673,0,0,-22
14542,0,29114334018,29114333984,0,0,34
14543,0,29116336294,29116336255,0,0,38
14545,0,29120340259,29120340299,0,0,-40
14547,0,29124344389,29124344420,0,0,-30
14548,0,29126346174,29126346192,0,0,-17
14549,0,29128349393,29128349412,0,0,-18
14550,0,29130351795,29130351804,0,0,-9
14553,0,29136357795,29136357819,0,0,-24
14555,0,29140361591,29140361545,0,0,46
14556,0,29142365247,29142365217,0,0,30
14558,0,29146369887,29146369901,0,0,-14
14559,0,29148371537,29148371492,0,0,45
14560,0,29150374131,29150374095,0,0,35
14561,0,29152375877,29152375842,0,0,35
14562,0,29154378687,29154378626,0,0,61
14563,0,29156380611,29156380603,0,0,8
14565,0,29160384051,29160384020,0,0,31
14567,0,29164390561,29164390513,0,0,48
14568,0,29166391748,29166391740,0,0,7
14569,0,29168393964,29168393952,0,0,11
14570,0,29170396204,29170396175,0,0,29
14573,0,29176402826,29176402848,0,0,-21
14575,0,29180407454,29180407440,0,0,13
14576,0,29182409278,29182409260,0,0,18
14578,0,2915228742,2915228715,0,0,26
14579,0,29188416323,29188416270,0,0,52
14580,0,29190418264,29190418244,0,0,20
14581,0,29192420240,29192420184,0,0,56
14582,0,29194422181,29194422125,0,0,55
14583,0,29196424710,29196424674,0,0,35
14585,0,29200429798,29200429775,0,0,23
14587,0,29204433837,29204433804,0,0,32
14588,0,29206436772,29206436745,0,0,26
14589,0,29208438456,29208438419,0,0,36
14590,0,29210441195,29210441165,0,0,29
14593,0,29216446496,29216446481,0,0,15
14595,0,29220452215,29220452186,0,0,29
14596,0,29222455182,29222455173,0,0,9
14598,0,29226458334,29226458323,0,0,11
14599,0,29228460737,29228460723,0,0,13
14600,0,29230462747,29230462714,0,0,32
14601,0,29232465474,29232465444,0,0,29
14602,0,29234467905,29234467949,0,0,-43
14603,0,29236469321,29236469301,0,0,20
14605,0,29240473777,29240473792,0,0,-15
14607,0,29244478220,29244478208,0,0,11
14608,0,29246482035,29246482006,0,0,29
14609,0,29248482678,29248482671,0,0,6
14610,0,29250485213,29250485179,0,0,33
14613,0,29256492376,29256492342,0,0,33
14615,0,29260496310,29260496285,0,0,24
14616,0,29262498378,29262498335,0,0,42
14618,0,29266501998,29266501988,0,0,10
14619,0,29268505280,29268505249,0,0,30
14620,0,29270507004,29270506965,0,0,38
14621,0,29272508285,29272508231,0,0,53
14622,0,29274512022,29274511941,0,0,80
14623,0,29276514234,29276514191,0,0,42
14625,0,29280518024,29280517993,0,0,31
14627,0,29284522734,29284522668,0,0,65
14628,0,29286526712,29286526679,0,0,33
14629,0,29288527334,29288527310,0,0,24
14630,0,29290529579,29290529535,0,0,43
14633,0,29296535166,29296535124,0,0,42
14635,0,29300540295,29300540305,0,0,-10
14636,0,29302542094,29302542128,0,0,-33
14638,0,29306547185,29306547217,0,0,-31
14639,0,29308549162,29308549105,0,0,57
14640,0,29310550389,29310550369,0,0,20
14641,0,29312553968,29312553955,0,0,13
14642,0,29314556470,29314556431,0,0,38
14643,0,29316558687,29316558637,0,0,50
14645,0,29320562816,29320562788,0,0,27
14647,0,29324567062,29324567053,0,0,8
14648,0,29326569694,29326569727,0,0,-33
14649,0,29328572139,29328572107,0,0,31
14650,0,29330573971,29330573934,0,0,37
14653,0,29336580551,29336580526,0,0,24
14655,0,29340585184,29340585154,0,0,29
14656,0,29342587523,29342587492,0,0,31
14658,0,29346590932,29346590923,0,0,8
14659,0,29348594653,29348594678,0,0,-25
14660,0,29350595312,29350595352,0,0,-39
14661,0,29352598339,29352598218,0,0,121
14662,0,29354600714,29354600687,0,0,26
14663,0,29356602782,29356602773,0,0,8
14665,0,29360607955,29360607944,0,0,11
14667,0,29364611811,29364611724,0,0,87
14668,0,29366613975,29366613948,0,0,26
14669,0,29368616505,29368616463,0,0,42
14670,0,29370618929,29370618888,0,0,40
14673,0,29376624529,29376624480,0,0,48
14675,0,29380630080,29380630042,0,0,38
14676,0,29382631751,29382631734,0,0,17
14678,0,29386637793,29386637785,0,0,8
14679,0,29388638502,29388638469,0,0,33
14680,0,29390640833,29390640810,0,0,23
14681,0,29392643222,29392643152,0,0,69
14682,0,29394645483,29394645440,0,0,42
14683,0,29396647034,29396647006,0,0,28
14685,0,29400652608,29400652570,0,0,38
14687,0,29404655925,29404655865,0,0,60
14688,0,29406658037,29406658001,0,0,35
14689,0,29408661007,29408660978,0,0,29
14690,0,29410663079,29410663069,0,0,10
14693,0,29416669667,29416669634,0,0,33
14695,0,29420672788,29420672751,0,0,37
14696,0,29422676680,29422676689,0,0,-8
14698,0,29426681036,29426680989,0,0,47
14699,0,29428683169,29428683161,0,0,8
14700,0,29430685094,29430685089,0,0,4
14701,0,29432686237,29432686201,0,0,35
14702,0,29434689882,29434689865,0,0,17
14703,0,29436692170,29436692193,0,0,-22
14705,0,29440696524,29440696548,0,0,-23
14707,0,29444700491,29444700453,0,0,37
14708,0,29446703052,29446703088,0,0,-35
14709,0,29448705247,29448705287,0,0,-40
14710,0,29450707736,29450707701,0,0,35
14713,0,29456714739,29456714730,0,0,8
14715,0,29460718823,29460718813,0,0,9
14716,0,29462720955,29462721006,0,0,-50
14718,0,29466724240,29466724274,0,0,-33
14719,0,29468727784,29468727811,0,0,-26
14720,0,29470729807,29470729849,0,0,-41
14721,0,29472731655,29472731680,0,0,-24
14722,0,29474734026,29474734049,0,0,-23
14723,0,29476736229,29476736270,0,0,-40
14725,0,29480740417,29480740461,0,0,-44
14727,0,29484745642,29484745668,0,0,-25
14728,0,29486748885,29486748924,0,0,-38
14729,0,29488749506,29488749471,0,0,34
14730,0,29490752275,29490752297,0,0,-22
14733,0,29496758582,29496758568,0,0,13
14735,0,29500763279,29500763258,0,0,21
14736,0,29502765635,29502765617,0,0,18
14738,0,29506770100,29506770065,0,0,34
14739,0,29508772210,29508772199,0,0,11
14740,0,29510774323,29510774383,0,0,-59
14741,0,29512776237,29512776217,0,0,19
14742,0,29514779513,29514779493,0,0,20
14743,0,29516781833,29516781818,0,0,15
14745,0,29520785760,29520785748,0,0,11
14747,0,29524789823,29524789789,0,0,33
14748,0,29526792262,29526792319,0,0,-57
14749,0,29528794251,29528794288,0,0,-36
14750,0,29530797181,29530797238,0,0,-56
14753,0,29536803125,29536803114,0,0,10
14755,0,29540807224,29540807206,0,0,17
14756,0,29542810070,29542810042,0,0,27
14758,0,29546814543,29546814571,0,0,-28
14759,0,29548816912,29548816940,0,0,-28
14760,0,29550818694,29550818717,0,0,-23
14761,0,29552821307,29552821343,0,0,-35
14762,0,29554823076,29554823139,0,0,-62
14763,0,29556825015,29556824982,0,0,33
14765,0,29560828540,29560828519,0,0,20
14767,0,29564834943,29564834919,0,0,24
14768,0,29566837244,29566837225,0,0,18
14769,0,29568837730,29568837707,0,0,23
14770,0,29570841169,29570841133,0,0,35
14773,0,29576847713,29576847685,0,0,27
14775,0,29580852222,29580852214,0,0,7
14776,0,29582854029,29582854019,0,0,9
14778,0,2955273604,2955273570,0,0,33
14779,0,29588860884,29588860847,0,0,37
14780,0,29590863493,29590863540,0,0,-47
14781,0,29592865242,29592865272,0,0,-29
14782,0,29594867575,29594867565,0,0,9
14783,0,29596870646,29596870620,0,0,25
14785,0,29600874260,29600874219,0,0,41
14787,0,29604878649,29604878621,0,0,27
14788,0,29606880905,29606880867,0,0,38
14789,0,29608883229,29608883189,0,0,39
14790,0,29610885545,29610885591,0,0,-46
14793,0,29616891262,29616891231,0,0,31
14795,0,29620896743,29620896767,0,0,-24
14796,0,29622899691,29622899679,0,0,11
14798,0,29626903586,29626903552,0,0,33
14799,0,29628906245,29628906222,0,0,23
14800,0,29630907444,29630907417,0,0,26
14801,0,29632909085,29632909047,0,0,37
14802,0,29634912103,29634912047,0,0,56
14803,0,29636914669,29636914700,0,0,-31
14805,0,29640919780,29640919822,0,0,-42
14807,0,29644923117,29644923070,0,0,47
14808,0,29646925259,29646925294,0,0,-35
14809,0,29648927729,29648927784,0,0,-55
14810,0,29650929797,29650929817,0,0,-20
14813,0,29656936267,29656936307,0,0,-40
14815,0,29660941096,29660941103,0,0,-6
14816,0,29662943003,29662942946,0,0,57
14818,0,29666947973,29666947950,0,0,23
14819,0,29668949892,29668949806,0,0,85
14820,0,29670952288,29670952227,0,0,60
14821,0,29672954361,29672954300,0,0,61
14822,0,29674956596,29674956525,0,0,70
14823,0,29676958612,29676958557,0,0,54
14825,0,29680963242,29680963206,0,0,35
14827,0,29684967543,29684967494,0,0,48
14828,0,29686970449,29686970424,0,0,25
14829,0,29688972296,29688972238,0,0,57
14830,0,29690974642,29690974586,0,0,56
14833,0,29696980863,29696980822,0,0,41
14835,0,29700985343,29700985268,0,0,75
14836,0,29702987964,29702987908,0,0,55
14838,0,29706992646,29706992597,0,0,48
14839,0,29708994560,29708994524,0,0,35
14840,0,29710996747,29710996725,0,0,21
14841,0,29712999302,29712999258,0,0,43
14842,0,29715002358,29715002277,0,0,80
14843,0,29717004231,29717004211,0,0,20
14845,0,29721007384,29721007350,0,0,33
14847,0,29725011901,29725011850,0,0,50
14848,0,29727013552,29727013534,0,0,18
14849,0,29729016513,29729016462,0,0,51
14850,0,29731018824,29731018778,0,0,45
14853,0,29737025413,29737025379,0,0,33
14855,0,29741029822,29741029775,0,0,47
14856,0,29743032031,29743032063,0,0,-32
14858,0,29747036551,29747036542,0,0,8
14859,0,29749039105,29749039085,0,0,19
14860,0,29751042514,29751042489,0,0,24
14861,0,29753043063,29753043032,0,0,31
14862,0,29755044916,29755044889,0,0,26
14863,0,29757048152,29757048113,0,0,38
14865,0,29761052170,29761052135,0,0,35
14867,0,29765056916,29765056879,0,0,37
14868,0,29767059611,29767059582,0,0,28
14869,0,29769061825,29769061779,0,0,45
14870,0,29771063496,29771063479,0,0,17
14873,0,29777070213,29777070184,0,0,29
14875,0,29781072941,29781072931,0,0,9
14876,0,29783075761,29783075723,0,0,37
14878,0,29787082671,29787082641,0,0,29
14879,0,29789083168,29789083142,0,0,25
14880,0,29791085467,29791085458,0,0,8
14881,0,29793087494,29793087469,0,0,24
14882,0,29795089119,29795089082,0,0,37
14883,0,29797092335,29797092366,0,0,-31
14885,0,29801096671,29801096705,0,0,-33
14887,0,29805101885,29805101928,0,0,-42
14888,0,29807104636,29807104694,0,0,-57
14889,0,29809106024,29809106049,0,0,-25
14890,0,29811108204,29811108234,0,0,-29
14893,0,29817114880,29817114930,0,0,-49
14895,0,29821118604,29821118581,0,0,23
14896,0,29823121415,29823121382,0,0,33
14898,0,29827125804,29827125782,0,0,22
14899,0,29829127622,29829127600,0,0,22
14900,0,29831129036,29831129040,0,0,-3
14901,0,29833133110,29833133152,0,0,-41
14902,0,29835136289,29835136313,0,0,-23
14903,0,29837136460,29837136487,0,0,-26
14905,0,29841141420,29841141487,0,0,-66
14907,0,29845146022,29845146049,0,0,-26
14908,0,29847148031,29847148026,0,0,5
14909,0,29849149831,29849149858,0,0,-26
14910,0,29851151205,29851151188,0,0,17
14913,0,29857158695,29857158665,0,0,29
14915,0,29861164273,29861164247,0,0,25
14916,0,29863165602,29863165641,0,0,-38
14918,0,29867170807,29867170779,0,0,27
14919,0,29869172185,29869172231,0,0,-46
14920,0,29871174256,29871174247,0,0,9
14921,0,29873176011,29873175969,0,0,42
14922,0,29875179191,29875179211,0,0,-20
14923,0,29877181406,29877181469,0,0,-62
14925,0,29881185667,29881185658,0,0,8
14927,0,29885191310,29885191303,0,0,6
14928,0,29887193961,29887193947,0,0,14
14929,0,29889194601,29889194576,0,0,24
14930,0,29891196665,29891196635,0,0,29
14933,0,29897203498,29897203559,0,0,-61
14935,0,29901207757,29901207770,0,0,-13
14936,0,29903210849,29903210881,0,0,-31
14938,0,29907214683,29907214669,0,0,14
14939,0,29909216539,29909216528,0,0,10
14940,0,29911218084,29911218105,0,0,-21
14941,0,29913221235,29913221208,0,0,27
14942,0,29915223215,29915223159,0,0,55
14943,0,29917224623,29917224583,0,0,40
14945,0,29921230399,29921230401,0,0,-1
14947,0,29925234386,29925234371,0,0,15
14948,0,29927236811,29927236851,0,0,-39
14949,0,29929239063,29929239024,0,0,38
14950,0,29931241338,29931241307,0,0,30
14953,0,29937248042,29937247993,0,0,48
14955,0,29941252644,29941252611,0,0,33
14956,0,29943254939,29943254919,0,0,20
14958,0,29947259404,29947259389,0,0,15
14959,0,29949261238,29949261217,0,0,20
14960,0,29951263402,29951263381,0,0,20
14961,0,29953265614,29953265585,0,0,29
14962,0,29955267955,29955267899,0,0,55
14963,0,29957270366,29957270401,0,0,-34
14965,0,29961274733,29961274786,0,0,-53
14967,0,29965279078,29965279054,0,0,23
14968,0,29967281489,29967281523,0,0,-33
14969,0,29969284957,29969284982,0,0,-24
14970,0,29971285692,29971285626,0,0,65
14973,0,29977292476,29977292429,0,0,47
14975,0,29981296518,29981296469,0,0,48
14976,0,29983298378,29983298306,0,0,71
14978,0,2995318169,2995318119,0,0,50
14979,0,29989305760,29989305693,0,0,67
14980,0,29991308204,29991308128,0,0,76
14981,0,29993310976,29993310928,0,0,48
14982,0,29995313085,29995313040,0,0,45
14983,0,29997315301,29997315280,0,0,20
14985,0,30001319699,30001319734,0,0,-35
14987,0,30005323355,30005323346,0,0,8
14988,0,30007325758,30007325825,0,0,-67
14989,0,30009327692,30009327724,0,0,-31
14990,0,30011328942,30011328981,0,0,-38
14993,0,30017335866,30017335917,0,0,-51
14995,0,30021340011,30021340000,0,0,11
14996,0,30023342801,30023342826,0,0,-24
14998,0,30027348858,30027348875,0,0,-17
14999,0,30029350719,30029350660,0,0,58
15000,0,30031352368,30031352377,0,0,-8
15001,0,30033355006,30033355033,0,0,-26
15002,0,30035357120,30035357085,0,0,35
15003,0,30037359718,30037359728,0,0,-10
15005,0,30041365011,30041364986,0,0,24
15007,0,30045368187,30045368101,0,0,85
15008,0,30047370138,30047370115,0,0,22
15009,0,30049371505,30049371446,0,0,59
15010,0,30051374827,30051374782,0,0,44
15013,0,30057381399,30057381374,0,0,25
15015,0,30061384800,30061384731,0,0,69
15016,0,30063388245,30063388230,0,0,15
15018,0,30067393077,30067393028,0,0,49
15019,0,30069394761,30069394730,0,0,30
15020,0,30071397116,30071397180,0,0,-64
15021,0,30073399570,30073399537,0,0,33
15022,0,30075401452,30075401423,0,0,29
15023,0,30077403537,30077403567,0,0,-29
15025,0,30081408163,30081408200,0,0,-36
15027,0,30085412854,30085412871,0,0,-16
15028,0,30087415901,30087415964,0,0,-62
15029,0,30089417023,30089417056,0,0,-33
15030,0,30091419355,30091419344,0,0,10
15033,0,30097425013,30097425045,0,0,-31
15035,0,30101430910,30101430861,0,0,49
15036,0,30103432328,30103432292,0,0,36
15038,0,30107437104,30107437124,0,0,-20
15039,0,30109439224,30109439270,0,0,-46
15040,0,30111441257,30111441248,0,0,8
15041,0,30113442885,30113442822,0,0,63
15042,0,30115445839,30115445851,0,0,-11
15043,0,30117449150,30117449177,0,0,-27
15045,0,30121452492,30121452534,0,0,-42
15047,0,30125456552,30125456593,0,0,-40
15048,0,30127458240,30127458281,0,0,-41
15049,0,30129461608,30129461577,0,0,30
15050,0,30131463983,30131463948,0,0,35
15053,0,30137470664,30137470656,0,0,8
15055,0,30141474755,30141474716,0,0,39
15056,0,30143477170,30143477145,0,0,25
15058,0,30147481395,30147481358,0,0,37
15059,0,30149482539,30149482502,0,0,36
15060,0,30151484949,30151484941,0,0,7
15061,0,30153488606,30153488573,0,0,33
15062,0,30155490703,30155490644,0,0,58
15063,0,30157492635,30157492606,0,0,29
15065,0,30161496995,30161497022,0,0,-26
15067,0,30165501069,30165501043,0,0,25
15068,0,30167503423,30167503438,0,0,-14
15069,0,30169506413,30169506453,0,0,-39
15070,0,30171508464,30171508474,0,0,-9
15073,0,30177513979,30177514001,0,0,-22
15075,0,30181518975,30181518921,0,0,53
15076,0,30183520621,30183520588,0,0,33
15078,0,30187527513,30187527489,0,0,23
15079,0,30189529202,30189529233,0,0,-31
15080,0,30191530385,30191530428,0,0,-42
15081,0,30193533240,30193533274,0,0,-34
15082,0,30195535443,30195535411,0,0,31
15083,0,30197537577,30197537540,0,0,36
15085,0,30201541880,30201541876,0,0,4
15087,0,30205545952,30205545924,0,0,27
15088,0,30207548007,30207547977,0,0,29
15089,0,30209549489,30209549458,0,0,31
15090,0,30211552946,30211552937,0,0,8
15093,0,30217558394,30217558381,0,0,13
15095,0,30221564271,30221564233,0,0,38
15096,0,30223565966,30223565939,0,0,26
15098,0,30227571487,30227571477,0,0,10
15099,0,30229573602,30229573579,0,0,22
15100,0,30231575923,30231575929,0,0,-6
15101,0,30233577582,30233577550,0,0,31
15102,0,30235579134,30235579192,0,0,-57
15103,0,30237580851,30237580889,0,0,-37
15105,0,30241584793,30241584813,0,0,-20
15107,0,30245590158,30245590182,0,0,-24
15108,0,30247591804,30247591773,0,0,31
15109,0,30249594650,30249594633,0,0,17
15110,0,30251596056,30251596078,0,0,-21
15113,0,30257604169,30257604198,0,0,-29
15115,0,30261608147,30261608199,0,0,-51
15116,0,30263610276,30263610343,0,0,-66
15118,0,30267615340,30267615315,0,0,24
15119,0,30269617310,30269617333,0,0,-22
15120,0,30271618944,30271618930,0,0,13
15121,0,30273621469,30273621446,0,0,23
15122,0,30275624783,30275624739,0,0,44
15123,0,30277626299,30277626262,0,0,37
15125,0,30281630428,30281630455,0,0,-26
15127,0,30285635045,30285635084,0,0,-38
15128,0,30287638500,30287638453,0,0,46
15129,0,30289639644,30289639619,0,0,25
15130,0,30291641525,30291641480,0,0,45
15133,0,30297648804,30297648820,0,0,-16
15135,0,30301652815,30301652760,0,0,54
15136,0,30303655206,30303655162,0,0,44
15138,0,30307659811,30307659751,0,0,60
15139,0,30309662289,30309662241,0,0,48
15140,0,30311664114,30311664055,0,0,58
15141,0,30313666000,30313665952,0,0,47
15142,0,30315669091,30315669125,0,0,-34
15143,0,30317670604,30317670564,0,0,40
15145,0,30321674842,30321674820,0,0,22
15147,0,30325679429,30325679436,0,0,-6
15148,0,30327681910,30327681973,0,0,-62
15149,0,30329684121,30329684160,0,0,-39
15150,0,30331686756,30331686707,0,0,48
15153,0,30337693058,30337693014,0,0,43
15155,0,30341697335,30341697328,0,0,6
15156,0,30343699408,30343699380,0,0,28
15158,0,30347705175,30347705147,0,0,27
15159,0,30349707102,30349707071,0,0,31
15160,0,30351708150,30351708134,0,0,15
15161,0,30353710129,30353710103,0,0,25
15162,0,30355713274,30355713235,0,0,38
15163,0,30357716151,30357716115,0,0,35
15165,0,30361719634,30361719644,0,0,-10
15167,0,30365723934,30365723912,0,0,21
15168,0,30367726066,30367726083,0,0,-16
15169,0,30369728153,30369728175,0,0,-21
15170,0,30371730859,30371730870,0,0,-11
15173,0,30377736696,30377736653,0,0,42
15175,0,30381741386,30381741398,0,0,-11
15176,0,30383743077,30383743051,0,0,25
15178,0,3035361099,3035361125,0,0,-25
15179,0,30389750366,30389750330,0,0,35
15180,0,30391751916,30391751908,0,0,8
15181,0,30393755193,30393755155,0,0,38
15182,0,30395757282,30395757255,0,0,26
15183,0,30397760068,30397760030,0,0,38
15185,0,30401764110,30401764073,0,0,36
15187,0,30405768509,30405768460,0,0,48
15188,0,30407772233,30407772202,0,0,30
15189,0,30409772901,30409772868,0,0,33
15190,0,30411775166,30411775082,0,0,83
15193,0,30417780685,30417780651,0,0,33
15195,0,30421786564,30421786600,0,0,-36
15196,0,30423788739,30423788780,0,0,-40
15198,0,30427793586,30427793525,0,0,60
15199,0,30429794927,30429794873,0,0,53
15200,0,30431796258,30431796242,0,0,15
15201,0,30433799293,30433799235,0,0,58
15202,0,30435801053,30435801042,0,0,11
15203,0,30437804131,30437804085,0,0,46
15205,0,30441808450,30441808405,0,0,44
15207,0,30445814420,30445814369,0,0,50
15208,0,30447815138,30447815121,0,0,16
15209,0,30449817012,30449816971,0,0,40
15210,0,30451818453,30451818424,0,0,29
15213,0,30457826226,30457826211,0,0,15
15215,0,30461830757,30461830718,0,0,38
15216,0,30463832840,30463832829,0,0,11
15218,0,30467837414,30467837391,0,0,23
15219,0,30469840045,30469840029,0,0,15
15220,0,30471841789,30471841802,0,0,-13
15221,0,30473844062,30473844040,0,0,22
15222,0,30475846647,30475846598,0,0,48
15223,0,30477848657,30477848635,0,0,21
15225,0,30481854185,30481854148,0,0,37
15227,0,30485856876,30485856852,0,0,23
15228,0,30487860126,30487860112,0,0,14
15229,0,30489861891,30489861858,0,0,32
15230,0,30491863703,30491863710,0,0,-6
15233,0,30497871072,30497871096,0,0,-24
15235,0,30501875329,30501875336,0,0,-6
15236,0,30503877668,30503877711,0,0,-42
15238,0,30507881853,30507881820,0,0,33
15239,0,30509883968,30509883946,0,0,22
15240,0,30511885932,30511885912,0,0,20
15241,0,30513888016,30513888031,0,0,-15
15242,0,30515890899,30515890847,0,0,51
15243,0,30517893010,30517892983,0,0,26
15245,0,30521897856,30521897913,0,0,-56
15247,0,30525901378,30525901404,0,0,-26
15248,0,30527903104,30527903146,0,0,-41
15249,0,30529906402,30529906382,0,0,20
15250,0,30531908980,30531908962,0,0,17
15253,0,30537915052,30537915039,0,0,13
15255,0,30541919527,30541919538,0,0,-11
15256,0,30543921691,30543921653,0,0,37
15258,0,30547926236,30547926222,0,0,13
15259,0,30549928552,30549928535,0,0,17
15260,0,30551931267,30551931253,0,0,13
15261,0,30553932745,30553932771,0,0,-26
15262,0,30555935225,30555935141,0,0,83
15263,0,30557937501,30557937482,0,0,19
15265,0,30561941789,30561941768,0,0,20
15267,0,30565946143,30565946112,0,0,31
15268,0,30567948797,30567948782,0,0,14
15269,0,30569950858,30569950819,0,0,38
15270,0,30571953189,30571953214,0,0,-24
15273,0,30577958981,30577958975,0,0,5
15275,0,30581963118,30581963134,0,0,-15
15276,0,30583966755,30583966746,0,0,8
15278,0,30587972665,30587972643,0,0,21
15279,0,30589973406,30589973373,0,0,33
15280,0,30591976634,30591976643,0,0,-8
15281,0,30593977707,30593977683,0,0,24
15282,0,30595980301,30595980292,0,0,8
15283,0,30597981882,30597981866,0,0,15
15285,0,30601985977,30601985961,0,0,15
15287,0,30605990712,30605990723,0,0,-11
15288,0,30607993422,30607993438,0,0,-15
15289,0,30609995739,30609995715,0,0,23
15290,0,30611997489,30611997500,0,0,-11
15293,0,30618003973,30618004030,0,0,-56
15295,0,30622008244,30622008181,0,0,63
15296,0,30624009544,30624009490,0,0,53
15298,0,30628015696,30628015656,0,0,40
15299,0,30630018585,30630018519,0,0,65
15300,0,30632019863,30632019804,0,0,59
15301,0,30634022553,30634022499,0,0,53
15302,0,30636025033,30636024973,0,0,59
15303,0,30638026680,30638026662,0,0,18
15305,0,30642031103,30642031094,0,0,9
15307,0,30646035624,30646035559,0,0,65
15308,0,30648037912,30648037895,0,0,17
15309,0,30650040029,30650040061,0,0,-31
15310,0,30652041515,30652041458,0,0,56
15313,0,30658048817,30658048812,0,0,4
15315,0,30662052789,30662052762,0,0,26
15316,0,30664054441,30664054483,0,0,-41
15318,0,30668059776,30668059746,0,0,30
15319,0,30670061907,30670061947,0,0,-40
15320,0,30672065014,30672064977,0,0,37
15321,0,30674067000,30674066965,0,0,35
15322,0,30676068919,30676068847,0,0,71
15323,0,30678071537,30678071507,0,0,29
15325,0,30682075218,30682075177,0,0,41
15327,0,30686079717,30686079707,0,0,9
15328,0,30688084373,30688084360,0,0,13
15329,0,30690085376,30690085330,0,0,46
15330,0,30692086862,30692086816,0,0,45
15333,0,30698093346,30698093302,0,0,43
15335,0,30702098024,30702097975,0,0,48
15336,0,30704100917,30704100907,0,0,9
15338,0,30708104442,30708104454,0,0,-11
15339,0,30710106960,30710106934,0,0,25
15340,0,30712108788,30712108779,0,0,8
15341,0,30714110723,30714110709,0,0,14
15342,0,30716112280,30716112248,0,0,31
15343,0,30718115660,30718115639,0,0,20
15345,0,30722119932,30722119927,0,0,4
15347,0,30726124510,30726124473,0,0,36
15348,0,30728126483,30728126471,0,0,11
15349,0,30730128869,30730128831,0,0,38
15350,0,30732131491,30732131455,0,0,35
15353,0,30738139477,30738139451,0,0,25
15355,0,30742143091,30742143084,0,0,6
15356,0,30744144996,30744144972,0,0,24
15358,0,30748148752,30748148707,0,0,44
15359,0,30750150775,30750150738,0,0,36
15360,0,30752152271,30752152220,0,0,51
15361,0,30754155459,30754155494,0,0,-35
15362,0,30756157704,30756157710,0,0,-6
15363,0,30758160712,30758160701,0,0,11
15365,0,30762164933,30762164676,0,0,257
15367,0,30766168525,30766168474,0,0,51
15368,0,30768169830,30768169790,0,0,40
15369,0,30770172395,30770172350,0,0,44
15370,0,30772175489,30772175522,0,0,-32
15373,0,30778182230,30778182245,0,0,-15
15375,0,30782186835,30782186851,0,0,-15
15376,0,30784188935,30784188959,0,0,-24
15378,0,3075406620,3075406579,0,0,40
15379,0,30790195375,30790195337,0,0,38
15380,0,30792198155,30792198129,0,0,25
15381,0,30794200498,30794200440,0,0,58
15382,0,30796202498,30796202439,0,0,58
15383,0,30798204597,30798204559,0,0,37
15385,0,30802207853,30802207829,0,0,23
15387,0,30806213977,30806213993,0,0,-16
15388,0,30808215477,30808215441,0,0,35
15389,0,30810217519,30810217478,0,0,40
15390,0,30812219875,30812219846,0,0,29
15393,0,30818226780,30818226815,0,0,-35
15395,0,30822230977,30822231001,0,0,-23
15396,0,30824233311,30824233267,0,0,43
15398,0,30828237874,30828237804,0,0,70
15399,0,30830240451,30830240422,0,0,29
15400,0,30832242404,30832242411,0,0,-6
15401,0,30834244456,30834244431,0,0,24
15402,0,30836246500,30836246467,0,0,32
15403,0,30838249231,30838249193,0,0,38
15405,0,30842253507,30842253561,0,0,-53
15407,0,30846257586,30846257617,0,0,-31
15408,0,30848260154,30848260204,0,0,-49
15409,0,30850262401,30850262426,0,0,-24
15410,0,30852264301,30852264283,0,0,18
15413,0,30858270662,30858270721,0,0,-58
15415,0,30862275480,30862275471,0,0,8
15416,0,30864278155,30864278193,0,0,-38
15418,0,30868282581,30868282546,0,0,35
15419,0,30870284540,30870284516,0,0,23
15420,0,30872287677,30872287667,0,0,10
15421,0,30874290169,30874290132,0,0,37
15422,0,30876291321,30876291304,0,0,16
15423,0,30878293694,30878293679,0,0,15
15425,0,30882298040,30882298032,0,0,7
15427,0,30886302238,30886302213,0,0,25
15428,0,30888306071,30888306054,0,0,17
15429,0,30890306734,30890306723,0,0,11
15430,0,30892309372,30892309352,0,0,19
15433,0,30898315847,30898315808,0,0,38
15435,0,30902320214,30902320177,0,0,37
15436,0,30904322361,30904322375,0,0,-13
15438,0,30908326559,30908326596,0,0,-36
15439,0,30910328235,30910328211,0,0,24
15440,0,30912331359,30912331412,0,0,-53
15441,0,30914333288,30914333312,0,0,-23
15442,0,30916336348,30916336370,0,0,-22
15443,0,30918337504,30918337462,0,0,41
15445,0,30922341014,30922340963,0,0,51
15447,0,30926346937,30926346871,0,0,65
15448,0,30928348701,30928348728,0,0,-26
15449,0,30930350236,30930350197,0,0,38
15450,0,30932353375,30932353333,0,0,41
15453,0,30938361294,30938361288,0,0,5
15455,0,30942364498,30942364456,0,0,41
15456,0,30944366807,30944366867,0,0,-60
15458,0,30948370940,30948370931,0,0,8
15459,0,30950373716,30950373686,0,0,29
15460,0,30952375731,30952375718,0,0,13
15461,0,30954378144,30954378114,0,0,29
15462,0,30956380516,30956380477,0,0,39
15463,0,30958383921,30958383900,0,0,20
15465,0,30962386792,30962386750,0,0,42
15467,0,30966392403,30966392379,0,0,23
15468,0,30968393990,30968393951,0,0,38
15469,0,30970395829,30970395800,0,0,29
15470,0,30972398122,30972398103,0,0,18
15473,0,30978404517,30978404480,0,0,37
15475,0,30982408681,30982408649,0,0,31
15476,0,30984410458,30984410443,0,0,14
15478,0,30988417615,30988417638,0,0,-22
15479,0,30990417791,30990417761,0,0,29
15480,0,30992420632,30992420602,0,0,30
15481,0,30994422711,30994422675,0,0,35
15482,0,30996425707,30996425719,0,0,-11
15483,0,30998427751,30998427776,0,0,-24
15485,0,31002431738,31002431694,0,0,43
15487,0,31006436037,31006436008,0,0,28
15488,0,31008438038,31008438000,0,0,37
15489,0,31010440015,31010439981,0,0,33
15490,0,31012442510,31012442438,0,0,71
15493,0,31018448717,31018448685,0,0,31
15495,0,31022453976,31022453928,0,0,47
15496,0,31024455769,31024455734,0,0,35
15498,0,31028459521,31028459539,0,0,-18
15499,0,31030462189,31030462202,0,0,-12
15500,0,31032464451,31032464487,0,0,-36
15501,0,31034466088,31034466112,0,0,-24
15502,0,31036469160,31036469183,0,0,-22
15503,0,31038471575,31038471550,0,0,25
15505,0,31042475943,31042475886,0,0,57
15507,0,31046480125,31046480090,0,0,34
15508,0,31048482803,31048482783,0,0,20
15509,0,31050485246,31050485196,0,0,49
15510,0,31052487665,31052487679,0,0,-14
15513,0,31058492993,31058493007,0,0,-14
15515,0,31062497983,31062498024,0,0,-41
15516,0,31064500423,31064500466,0,0,-42
15518,0,31068505386,31068505365,0,0,21
15519,0,31070505674,31070505640,0,0,33
15520,0,31072507920,31072507903,0,0,17
15521,0,31074510337,31074510292,0,0,44
15522,0,31076513613,31076513599,0,0,13
15523,0,31078516118,31078516089,0,0,29
15525,0,31082520105,31082520148,0,0,-42
15527,0,31086524218,31086524260,0,0,-42
15528,0,31088527980,31088528029,0,0,-48
15529,0,31090530037,31090530076,0,0,-39
15530,0,31092531188,31092531147,0,0,40
15533,0,31098538412,31098538474,0,0,-61
15535,0,31102542359,31102542394,0,0,-35
15536,0,31104544623,31104544686,0,0,-62
15538,0,31108549339,31108549315,0,0,24
15539,0,31110551714,31110551680,0,0,33
15540,0,31112553316,31112553301,0,0,15
15541,0,31114555032,31114555013,0,0,19
15542,0,31116558358,31116558328,0,0,30
15543,0,31118560206,31118560179,0,0,26
15545,0,31122564501,31122564490,0,0,10
15547,0,31126569471,31126569450,0,0,20
15548,0,31128571487,31128571456,0,0,31
15549,0,31130574170,31130574133,0,0,37
15550,0,31132575941,31132575902,0,0,39
15553,0,31138582150,31138582107,0,0,43
15555,0,31142586783,31142586717,0,0,65
15556,0,31144589552,31144589505,0,0,47
15558,0,31148594066,31148594033,0,0,33
15559,0,31150595939,31150595890,0,0,49
15560,0,31152598240,31152598217,0,0,23
15561,0,31154600448,31154600422,0,0,25
15562,0,31156602871,31156602804,0,0,67
15563,0,31158604854,31158604811,0,0,43
15565,0,31162609999,31162609971,0,0,27
15567,0,31166613982,31166613940,0,0,42
15568,0,31168615939,31168615910,0,0,29
15569,0,31170618052,31170618022,0,0,30
15570,0,31172620434,31172620425,0,0,8
15573,0,31178627958,31178627938,0,0,20
15575,0,31182631184,31182631143,0,0,40
15576,0,31184633050,31184633023,0,0,26
15578,0,3115451503,3115451451,0,0,51
15579,0,31190640937,31190640903,0,0,33
15580,0,31192642957,31192642990,0,0,-32
15581,0,31194645191,31194645226,0,0,-34
15582,0,31196647281,31196647295,0,0,-13
15583,0,31198649008,31198649020,0,0,-11
15585,0,31202653577,31202653633,0,0,-56
15587,0,31206658413,31206658396,0,0,16
15588,0,31208660080,31208660021,0,0,59
15589,0,31210661438,31210661414,0,0,23
15590,0,31212664922,31212664907,0,0,15
15593,0,31218671902,31218671876,0,0,25
15595,0,31222675395,31222675375,0,0,19
15596,0,31224678444,31224678454,0,0,-9
15598,0,31228682956,31228682921,0,0,34
15599,0,31230684762,31230684794,0,0,-31
15600,0,31232687026,31232687078,0,0,-51
15601,0,31234689938,31234689925,0,0,13
15602,0,31236691626,31236691592,0,0,33
15603,0,31238693802,31238693786,0,0,15
15605,0,31242698687,31242698701,0,0,-14
15607,0,31246702742,31246702734,0,0,7
15608,0,31248704721,31248704732,0,0,-10
15609,0,31250707431,31250707417,0,0,13
15610,0,31252709513,31252709498,0,0,15
15613,0,31258716083,31258716058,0,0,24
15615,0,31262720327,31262720306,0,0,20
15616,0,31264722776,31264722763,0,0,13
15618,0,31268727806,31268727792,0,0,14
15619,0,31270729485,31270729534,0,0,-49
15620,0,31272731480,31272731519,0,0,-38
15621,0,31274734103,31274734128,0,0,-24
15622,0,31276735957,31276735973,0,0,-15
15623,0,31278738752,31278738692,0,0,60
15625,0,31282741546,31282741566,0,0,-20
15627,0,31286747251,31286747283,0,0,-31
15628,0,31288750570,31288750609,0,0,-38
15629,0,31290751676,31290751689,0,0,-13
15630,0,31292753764,31292753731,0,0,33
15633,0,31298759687,31298759640,0,0,47
15635,0,31302765000,31302764975,0,0,25
15636,0,31304767567,31304767555,0,0,12
15638,0,31308771995,31308771982,0,0,13
15639,0,31310773544,31310773496,0,0,47
15640,0,31312775307,31312775267,0,0,40
15641,0,31314778330,31314778292,0,0,38
15642,0,31316781121,31316781110,0,0,11
15643,0,31318783545,31318783504,0,0,40
15645,0,31322787991,31322787983,0,0,8
15647,0,31326791391,31326791352,0,0,38
15648,0,31328793767,31328793717,0,0,49
15649,0,31330795764,31330795729,0,0,34
15650,0,31332797201,31332797141,0,0,60
15653,0,31338805108,31338805071,0,0,37
15655,0,31342809092,31342809124,0,0,-32
15656,0,31344812058,31344812016,0,0,42
15658,0,31348816438,31348816377,0,0,60
15659,0,31350818155,31350818102,0,0,53
15660,0,31352820397,31352820391,0,0,5
15661,0,31354822569,31354822525,0,0,43
15662,0,31356824490,31356824436,0,0,53
15663,0,31358827038,31358827002,0,0,35
15665,0,31362831714,31362831655,0,0,59
15667,0,31366835786,31366835748,0,0,37
15668,0,31368837907,31368837898,0,0,8
15669,0,31370840585,31370840563,0,0,22
15670,0,31372842853,31372842828,0,0,25
15673,0,31378849234,31378849200,0,0,33
15675,0,31382853760,31382853696,0,0,64
15676,0,31384856715,31384856696,0,0,19
15678,0,31388862590,31388862582,0,0,8
15679,0,31390863038,31390863061,0,0,-22
15680,0,31392864600,31392864583,0,0,17
15681,0,31394866536,31394866496,0,0,40
15682,0,31396870416,31396870348,0,0,68
15683,0,31398871926,31398871889,0,0,36
15685,0,31402876173,31402876132,0,0,40
15687,0,31406880738,31406880748,0,0,-10
15688,0,31408883371,31408883337,0,0,34
15689,0,31410885642,31410885622,0,0,19
15690,0,31412887497,31412887469,0,0,28
15693,0,31418893833,31418893885,0,0,-52
15695,0,31422897097,31422897049,0,0,47
15696,0,31424899487,31424899436,0,0,50
15698,0,31428905689,31428905641,0,0,48
15699,0,31430907712,31430907688,0,0,23
15700,0,31432909547,31432909498,0,0,48
15701,0,31434911687,31434911655,0,0,31
15702,0,31436914393,31436914361,0,0,31
15703,0,31438916249,31438916224,0,0,24
15705,0,31442920114,31442920094,0,0,19
15707,0,31446924932,31446924941,0,0,-9
15708,0,31448927358,31448927332,0,0,25
15709,0,31450929480,31450929449,0,0,31
15710,0,31452932042,31452932049,0,0,-6
15713,0,31458938330,31458938320,0,0,10
15715,0,31462942746,31462942721,0,0,24
15716,0,31464945023,31464945002,0,0,20
15718,0,31468949602,31468949582,0,0,20
15719,0,31470951716,31470951701,0,0,15
15720,0,31472953647,31472953639,0,0,8
15721,0,31474955161,31474955140,0,0,20
15722,0,31476958790,31476958741,0,0,48
15723,0,31478961208,31478961170,0,0,38
15725,0,31482965076,31482965118,0,0,-42
15727,0,31486970140,31486970159,0,0,-18
15728,0,31488973605,31488973585,0,0,20
15729,0,31490974061,31490974026,0,0,34
15730,0,31492976221,31492976189,0,0,31
15733,0,31498982874,31498982883,0,0,-8
15735,0,31502987422,31502987423,0,0,-1
15736,0,31504989544,31504989564,0,0,-20
15738,0,31508993894,31508993954,0,0,-59
15739,0,31510996488,31510996511,0,0,-22
15740,0,31512998676,31512998647,0,0,29
15741,0,31515000961,31515000941,0,0,20
15742,0,31517003254,31517003218,0,0,35
15743,0,31519004982,31519004936,0,0,45
15745,0,31523008747,31523008698,0,0,49
15747,0,31527013184,31527013152,0,0,31
15748,0,31529016399,31529016364,0,0,35
15749,0,31531018930,31531018871,0,0,59
15750,0,31533020532,31533020485,0,0,47
15753,0,31539027754,31539027707,0,0,46
15755,0,31543031590,31543031532,0,0,58
15756,0,31545033882,31545033834,0,0,47
15758,0,31549038969,31549038889,0,0,80
15759,0,31551040824,31551040830,0,0,-6
15760,0,31553043031,31553043022,0,0,8
15761,0,31555045511,31555045521,0,0,-10
15762,0,31557047153,31557047116,0,0,37
15763,0,31559048928,31559048890,0,0,37
15765,0,31563053916,31563053889,0,0,26
15767,0,31567058294,31567058280,0,0,13
15768,0,31569059908,31569059869,0,0,38
15769,0,31571062959,31571062912,0,0,47
15770,0,31573065275,31573065231,0,0,44
15773,0,31579071842,31579071833,0,0,8
15775,0,31583076058,31583076048,0,0,10
15776,0,31585077807,31585077817,0,0,-9
15778,0,3155495339,3155495296,0,0,43
15779,0,31591085209,31591085204,0,0,4
15780,0,31593087783,31593087776,0,0,6
15781,0,31595089813,31595089797,0,0,15
15782,0,31597091784,31597091763,0,0,21
15783,0,31599093250,31599093216,0,0,33
15785,0,31603098710,31603098720,0,0,-10
15787,0,31607103087,31607103126,0,0,-38
15788,0,31609105120,31609105154,0,0,-33
15789,0,31611107344,31611107306,0,0,38
15790,0,31613109769,31613109755,0,0,14
15793,0,31619115826,31619115838,0,0,-11
15795,0,31623120936,31623120928,0,0,8
15796,0,31625123242,31625123215,0,0,26
15798,0,31629127551,31629127531,0,0,20
15799,0,31631130098,31631130080,0,0,18
15800,0,31633131548,31633131603,0,0,-55
15801,0,31635133303,31635133294,0,0,8
15802,0,31637136220,31637136172,0,0,48
15803,0,31639137646,31639137612,0,0,33
15805,0,31643143179,31643143142,0,0,37
15807,0,31647147302,31647147231,0,0,70
15808,0,31649149839,31649149785,0,0,53
15809,0,31651152003,31651151948,0,0,55
15810,0,31653154140,31653154075,0,0,65
15813,0,31659161088,31659161047,0,0,41
15815,0,31663164869,31663164824,0,0,44
15816,0,31665166838,31665166813,0,0,24
15818,0,31669172235,31669172222,0,0,13
15819,0,31671174559,31671174509,0,0,50
15820,0,31673176249,31673176231,0,0,17
15821,0,31675178687,31675178714,0,0,-26
15822,0,31677181449,31677181424,0,0,24
15823,0,31679183953,31679183907,0,0,45
15825,0,31683186370,31683186413,0,0,-42
15827,0,31687192125,31687192139,0,0,-13
15828,0,31689196437,31689196463,0,0,-26
15829,0,31691196921,31691196937,0,0,-16
15830,0,31693198483,31693198447,0,0,35
15833,0,31699205357,31699205330,0,0,26
15835,0,31703210274,31703210208,0,0,65
15836,0,31705212087,31705212066,0,0,20
15838,0,31709216696,31709216647,0,0,48
15839,0,31711218963,31711218933,0,0,29
15840,0,31713221519,31713221504,0,0,15
15841,0,31715222929,31715222895,0,0,33
15842,0,31717224883,31717224876,0,0,6
15843,0,31719227392,31719227434,0,0,-42
15845,0,31723231441,31723231469,0,0,-28
15847,0,31727236350,31727236305,0,0,44
15848,0,31729238548,31729238543,0,0,5
15849,0,31731240371,31731240402,0,0,-31
15850,0,31733243277,31733243309,0,0,-31
15853,0,31739249902,31739249952,0,0,-49
15855,0,31743254297,31743254260,0,0,37
15856,0,31745256205,31745256260,0,0,-55
15858,0,31749261042,31749261056,0,0,-14
15859,0,31751262974,31751263006,0,0,-31
15860,0,31753265674,31753265679,0,0,-5
15861,0,31755267419,31755267402,0,0,17
15862,0,31757269961,31757269941,0,0,20
15863,0,31759272017,31759271977,0,0,40
15865,0,31763278349,31763278343,0,0,5
15867,0,31767280954,31767280964,0,0,-9
15868,0,31769283530,31769283491,0,0,39
15869,0,31771285229,31771285198,0,0,30
15870,0,31773286516,31773286456,0,0,60
15873,0,31779293066,31779293022,0,0,44
15875,0,31783297480,31783297460,0,0,20
15876,0,31785300837,31785300797,0,0,39
15878,0,31789306822,31789306787,0,0,35
15879,0,31791308373,31791308347,0,0,25
15880,0,31793309517,31793309479,0,0,38
15881,0,31795310812,31795310775,0,0,37
15882,0,31797313604,31797313551,0,0,53
15883,0,31799317779,31799317737,0,0,42
15885,0,31803320686,31803320672,0,0,13
15887,0,31807325755,31807325733,0,0,21
15888,0,31809327760,31809327751,0,0,8
15889,0,31811329631,31811329597,0,0,33
15890,0,31813331215,31813331236,0,0,-21
15893,0,31819338946,31819338970,0,0,-24
15895,0,31823343075,31823343112,0,0,-36
15896,0,31825344941,31825344979,0,0,-38
15898,0,31829349168,31829349214,0,0,-46
15899,0,31831352919,31831352908,0,0,10
15900,0,31833354885,31833354878,0,0,6
15901,0,31835356589,31835356549,0,0,40
15902,0,31837359210,31837359181,0,0,29
15903,0,31839360651,31839360642,0,0,8
15905,0,31843365669,31843365661,0,0,8
15907,0,31847370258,31847370232,0,0,25
15908,0,31849372382,31849372397,0,0,-15
15909,0,31851374557,31851374570,0,0,-13
15910,0,31853376723,31853376742,0,0,-19
15913,0,31859382039,31859382049,0,0,-10
15915,0,31863387445,31863387467,0,0,-22
15916,0,31865388820,31865388763,0,0,57
15918,0,31869394471,31869394426,0,0,44
15919,0,31871396249,31871396222,0,0,27
15920,0,31873399104,31873399068,0,0,35
15921,0,31875401164,31875401125,0,0,38
15922,0,31877403573,31877403557,0,0,15
15923,0,31879406240,31879406199,0,0,40
15925,0,31883409874,31883409832,0,0,41
15927,0,31887414451,31887414395,0,0,55
15928,0,31889418859,31889418852,0,0,6
15929,0,31891420115,31891420077,0,0,38
15930,0,31893420896,31893420885,0,0,11
15933,0,31899427880,31899427873,0,0,6
15935,0,31903432307,31903432267,0,0,39
15936,0,31905434340,31905434321,0,0,18
15938,0,31909438642,31909438650,0,0,-7
15939,0,31911439764,31911439741,0,0,22
15940,0,31913442335,31913442312,0,0,22
15941,0,31915445387,31915445359,0,0,27
15942,0,31917447748,31917447762,0,0,-14
15943,0,31919449876,31919449824,0,0,51
15945,0,31923454549,31923454534,0,0,14
15947,0,31927458685,31927458639,0,0,45
15948,0,31929461611,31929461575,0,0,35
15949,0,31931463581,31931463517,0,0,63
15950,0,31933466063,31933466035,0,0,27
15953,0,31939473049,31939473033,0,0,15
15955,0,31943476583,31943476557,0,0,26
15956,0,31945479562,31945479528,0,0,33
15958,0,31949484457,31949484442,0,0,15
15959,0,31951484546,31951484535,0,0,10
15960,0,31953487930,31953487923,0,0,6
15961,0,31955490012,31955489982,0,0,29
15962,0,31957492337,31957492317,0,0,20
15963,0,31959494882,31959494860,0,0,21
15965,0,31963498690,31963498676,0,0,13
15967,0,31967502968,31967502978,0,0,-9
15968,0,31969504704,31969504696,0,0,8
15969,0,31971507802,31971507786,0,0,15
15970,0,31973510293,31973510260,0,0,33
15973,0,31979516049,31979516005,0,0,43
15975,0,31983521173,31983521182,0,0,-8
15976,0,31985523164,31985523133,0,0,31
15978,0,3195540453,3195540444,0,0,8
15979,0,31991530887,31991530862,0,0,24
15980,0,31993532958,31993532907,0,0,51
15981,0,31995533519,31995533480,0,0,38
15982,0,31997536701,31997536673,0,0,27
15983,0,31999539260,31999539216,0,0,43
15985,0,32003543507,32003543478,0,0,29
15987,0,32007547506,32007547465,0,0,40
15988,0,32009549529,32009549541,0,0,-11
15989,0,32011553259,32011553204,0,0,55
15990,0,32013555933,32013555894,0,0,38
15993,0,32019561232,32019561195,0,0,36
15995,0,32023565290,32023565265,0,0,25
15996,0,32025566795,32025566768,0,0,26
15998,0,32029572422,32029572409,0,0,13
15999,0,32031574483,32031574441,0,0,41
16000,0,32033577351,32033577321,0,0,30
16001,0,32035579207,32035579164,0,0,43
16002,0,32037581038,32037581033,0,0,5
16003,0,32039581960,32039581937,0,0,22
16005,0,32043586884,32043586862,0,0,21
16007,0,32047592260,32047592222,0,0,37
16008,0,32049593917,32049593901,0,0,16
16009,0,32051595968,32051595937,0,0,31
16010,0,32053599230,32053599222,0,0,8
16013,0,32059605955,32059605925,0,0,29
16015,0,32063610778,32063610773,0,0,5
16016,0,32065612687,32065612711,0,0,-23
16018,0,32069616916,32069616958,0,0,-41
16019,0,32071619005,32071619035,0,0,-30
16020,0,32073621490,32073621539,0,0,-48
16021,0,32075623455,32075623415,0,0,39
16022,0,32077625970,32077625966,0,0,4
16023,0,32079627988,32079627969,0,0,18
16025,0,32083631831,32083631795,0,0,35
16027,0,32087637252,32087637259,0,0,-6
16028,0,32089641004,32089640965,0,0,38
16029,0,32091642497,32091642453,0,0,43
16030,0,32093643658,32093643620,0,0,37
16033,0,32099649019,32099648987,0,0,31
16035,0,32103654228,32103654159,0,0,68
16036,0,32105656312,32105656258,0,0,53
16038,0,32109660849,32109660822,0,0,26
16039,0,32111663631,32111663597,0,0,34
16040,0,32113665707,32113665684,0,0,22
16041,0,32115668143,32115668117,0,0,25
16042,0,32117670411,32117670353,0,0,57
16043,0,32119672936,32119672925,0,0,11
16045,0,32123676732,32123676743,0,0,-11
16047,0,32127681672,32127681657,0,0,15
16048,0,32129684629,32129684662,0,0,-33
16049,0,32131686334,32131686312,0,0,21
16050,0,32133687880,32133687852,0,0,27
16053,0,32139694492,32139694534,0,0,-41
16055,0,32143700660,32143700586,0,0,73
16056,0,32145701427,32145701483,0,0,-56
16058,0,32149706429,32149706421,0,0,8
16059,0,32151708310,32151708253,0,0,56
16060,0,32153710774,32153710767,0,0,6
16061,0,32155712588,32155712627,0,0,-38
16062,0,32157714955,32157714921,0,0,34
16063,0,32159717092,32159717058,0,0,33
16065,0,32163721638,32163721649,0,0,-11
16067,0,32167725581,32167725609,0,0,-28
16068,0,32169727628,32169727673,0,0,-44
16069,0,32171729287,32171729326,0,0,-39
16070,0,32173732847,32173732826,0,0,20
16073,0,32179739201,32179739184,0,0,17
16075,0,32183743766,32183743766,0,0,0
16076,0,32185747022,32185747012,0,0,9
16078,0,32189751747,32189751736,0,0,11
16079,0,32191751984,32191752033,0,0,-49
16080,0,32193753649,32193753705,0,0,-55
16081,0,32195757270,32195757296,0,0,-26
16082,0,32197758777,32197758817,0,0,-39
16083,0,32199760570,32199760611,0,0,-41
16085,0,32203765856,32203765898,0,0,-42
16087,0,32207770188,32207770145,0,0,42
16088,0,32209772731,32209772745,0,0,-13
16089,0,32211774907,32211774948,0,0,-41
16090,0,32213777300,32213777307,0,0,-6
16093,0,32219783365,32219783407,0,0,-42
16095,0,32223786863,32223786898,0,0,-35
16096,0,32225790035,32225790062,0,0,-26
16098,0,32229795308,32229795267,0,0,40
16099,0,32231797245,32231797212,0,0,33
16100,0,32233798738,32233798728,0,0,10
16101,0,32235800233,32235800324,0,0,-91
16102,0,32237803717,32237803692,0,0,24
16103,0,32239806516,32239806498,0,0,17
16105,0,32243809250,32243809244,0,0,5
16107,0,32247814331,32247814325,0,0,5
16108,0,32249815905,32249815877,0,0,27
16109,0,32251818900,32251818871,0,0,29
16110,0,32253820146,32253820101,0,0,44
16113,0,32259827094,32259827143,0,0,-48
16115,0,32263832562,32263832601,0,0,-38
16116,0,32265834671,32265834713,0,0,-41
16118,0,32269838502,32269838558,0,0,-56
16119,0,32271841979,32271841969,0,0,10
16120,0,32273843428,32273843446,0,0,-17
16121,0,32275846425,32275846410,0,0,15
16122,0,32277848094,32277848056,0,0,37
16123,0,32279850541,32279850509,0,0,31
16125,0,32283854917,32283854887,0,0,30
16127,0,32287859469,32287859455,0,0,14
16128,0,32289862858,32289862820,0,0,37
16129,0,32291863994,32291863973,0,0,21
16130,0,32293866420,32293866374,0,0,46
16133,0,32299871286,32299871334,0,0,-48
16135,0,32303876498,32303876515,0,0,-16
16136,0,32305878923,32305878885,0,0,38
16138,0,32309883615,32309883575,0,0,40
16139,0,32311887182,32311887156,0,0,25
16140,0,32313887862,32313887853,0,0,8
16141,0,32315889449,32315889404,0,0,44
16142,0,32317892759,32317892719,0,0,40
16143,0,32319894744,32319894701,0,0,43
16145,0,32323899343,32323899310,0,0,32
16147,0,32327903856,32327903813,0,0,43
16148,0,32329906217,32329906251,0,0,-33
16149,0,32331908227,32331908188,0,0,39
16150,0,32333910175,32333910228,0,0,-53
16153,0,32339917452,32339917474,0,0,-22
16155,0,32343922217,32343922180,0,0,37
16156,0,32345923741,32345923730,0,0,10
16158,0,32349928154,32349928116,0,0,37
16159,0,32351929519,32351929463,0,0,55
16160,0,32353932703,32353932667,0,0,35
16161,0,32355935119,32355935136,0,0,-16
16162,0,32357937354,32357937318,0,0,35
16163,0,32359939445,32359939484,0,0,-38
16165,0,32363944069,32363944104,0,0,-34
16167,0,32367948164,32367948137,0,0,26
16168,0,32369950129,32369950120,0,0,8
16169,0,32371951982,32371951963,0,0,18
16170,0,32373955151,32373955136,0,0,15
16173,0,32379961760,32379961750,0,0,10
16175,0,32383965760,32383965707,0,0,53
16176,0,32385968603,32385968582,0,0,21
16178,0,3235584910,3235584952,0,0,-42
16179,0,32391974946,32391974887,0,0,58
16180,0,32393977283,32393977252,0,0,30
16181,0,32395980015,32395979950,0,0,65
16182,0,32397981907,32397981821,0,0,85
16183,0,32399983894,32399983816,0,0,78
16185,0,32403987485,32403987521,0,0,-35
16187,0,32407992510,32407992478,0,0,31
16188,0,32409995414,32409995427,0,0,-13
16189,0,32411997291,32411997307,0,0,-16
16190,0,32413999474,32413999467,0,0,6
16193,0,32420004851,32420004865,0,0,-13
16195,0,32424010602,32424010619,0,0,-16
16196,0,32426013013,32426012999,0,0,14
16198,0,32430017598,32430017606,0,0,-8
16199,0,32432019343,32432019301,0,0,42
16200,0,32434021424,32434021365,0,0,59
16201,0,32436023812,32436023835,0,0,-23
16202,0,32438027128,32438027180,0,0,-51
16203,0,32440028679,32440028630,0,0,49
16205,0,32444032967,32444032951,0,0,15
16207,0,32448036943,32448036885,0,0,58
16208,0,32450038761,32450038813,0,0,-51
16209,0,32452041615,32452041580,0,0,34
16210,0,32454043865,32454043804,0,0,61
16213,0,32460052448,32460052426,0,0,21
16215,0,32464054997,32464054929,0,0,67
16216,0,32466057453,32466057436,0,0,17
16218,0,32470061934,32470061957,0,0,-22
16219,0,32472064393,32472064355,0,0,37
16220,0,32474066070,32474066024,0,0,46
16221,0,32476068966,32476068942,0,0,23
16222,0,32478070820,32478070800,0,0,20
16223,0,32480072501,32480072447,0,0,53
16225,0,32484076229,32484076210,0,0,18
16227,0,32488081398,32488081355,0,0,43
16228,0,32490084276,32490084235,0,0,40
16229,0,32492086331,32492086300,0,0,31
16230,0,32494089820,32494089773,0,0,46
16233,0,32500095166,32500095179,0,0,-13
16235,0,32504098722,32504098707,0,0,15
16236,0,32506101938,32506101902,0,0,35
16238,0,32510106667,32510106618,0,0,48
16239,0,32512108599,32512108567,0,0,31
16240,0,32514110510,32514110486,0,0,23
16241,0,32516111683,32516111640,0,0,42
16242,0,32518115389,32518115350,0,0,39
16243,0,32520117251,32520117229,0,0,21
16245,0,32524121785,32524121764,0,0,20
16247,0,32528125891,32528125863,0,0,27
16248,0,32530127775,32530127822,0,0,-47
16249,0,32532132177,32532132161,0,0,15
16250,0,32534132777,32534132744,0,0,33
16253,0,32540139641,32540139615,0,0,25
16255,0,32544143922,32544143903,0,0,18
16256,0,32546145901,32546145873,0,0,27
16258,0,32550150848,32550150899,0,0,-51
16259,0,32552153047,32552153076,0,0,-29
16260,0,32554155572,32554155611,0,0,-39
16261,0,32556157423,32556157458,0,0,-34
16262,0,32558159491,32558159515,0,0,-24
16263,0,32560161981,32560161952,0,0,28
16265,0,32564166059,32564166070,0,0,-11
16267,0,32568171726,32568171676,0,0,50
16268,0,32570172721,32570172714,0,0,6
16269,0,32572174024,32572174009,0,0,14
16270,0,32574177707,32574177678,0,0,29
16273,0,32580184254,32580184245,0,0,8
16275,0,32584188323,32584188316,0,0,6
16276,0,32586190778,32586190827,0,0,-49
16278,0,32590196835,32590196817,0,0,17
16279,0,32592197608,32592197593,0,0,15
16280,0,32594199944,32594199930,0,0,13
16281,0,32596201596,32596201575,0,0,21
16282,0,32598203258,32598203231,0,0,26
16283,0,32600207291,32600207256,0,0,34
16285,0,32604210949,32604210905,0,0,43
16287,0,32608215723,32608215675,0,0,47
16288,0,32610217638,32610217686,0,0,-48
16289,0,32612219249,32612219284,0,0,-34
16290,0,32614220811,32614220868,0,0,-56
16293,0,32620228507,32620228552,0,0,-44
16295,0,32624231779,32624231757,0,0,22
16296,0,32626234885,32626234852,0,0,33
16298,0,32630239885,32630239892,0,0,-6
16299,0,32632242089,32632242065,0,0,24
16300,0,32634244117,32634244102,0,0,15
16301,0,32636246289,32636246276,0,0,13
16302,0,32638248528,32638248507,0,0,20
16303,0,32640250768,32640250743,0,0,25
16305,0,32644255238,32644255273,0,0,-34
16307,0,32648259526,32648259561,0,0,-34
16308,0,32650262220,32650262249,0,0,-28
16309,0,32652264195,32652264180,0,0,15
16310,0,32654266070,32654266065,0,0,4
16313,0,32660271828,32660271839,0,0,-11
16315,0,32664277833,32664277813,0,0,20
16316,0,32666279644,32666279629,0,0,15
16318,0,32670283469,32670283499,0,0,-29
16319,0,32672286553,32672286593,0,0,-39
16320,0,32674288485,32674288503,0,0,-18
16321,0,32676290342,32676290361,0,0,-18
16322,0,32678292921,32678292914,0,0,6
16323,0,32680295517,32680295546,0,0,-29
16325,0,32684300006,32684300035,0,0,-29
16327,0,32688303509,32688303525,0,0,-16
16328,0,32690307851,32690307924,0,0,-73
16329,0,32692308391,32692308343,0,0,47
16330,0,32694310474,32694310424,0,0,49
16333,0,32700317287,32700317232,0,0,55
16335,0,32704321656,32704321620,0,0,35
16336,0,32706324151,32706324209,0,0,-58
16338,0,32710328714,32710328740,0,0,-26
16339,0,32712331042,32712330997,0,0,45
16340,0,32714333459,32714333384,0,0,75
16341,0,32716336723,32716336658,0,0,65
16342,0,32718337634,32718337546,0,0,87
16343,0,32720339973,32720339912,0,0,60
16345,0,32724344266,32724344198,0,0,67
16347,0,32728348217,32728348139,0,0,78
16348,0,32730350236,32730350196,0,0,40
16349,0,32732353206,32732353186,0,0,20
16350,0,32734355288,32734355259,0,0,29
16353,0,32740362132,32740362092,0,0,39
16355,0,32744367271,32744367223,0,0,47
16356,0,32746369971,32746370006,0,0,-35
16358,0,32750373451,32750373402,0,0,49
16359,0,32752376711,32752376666,0,0,44
16360,0,32754377430,32754377475,0,0,-44
16361,0,32756379573,32756379601,0,0,-28
16362,0,32758381991,32758381967,0,0,23
16363,0,32760384283,32760384248,0,0,35
16365,0,32764387664,32764387656,0,0,8
16367,0,32768392739,32768392760,0,0,-21
16368,0,32770394732,32770394707,0,0,25
16369,0,32772397337,32772397289,0,0,48
16370,0,32774399251,32774399186,0,0,65
16373,0,32780407027,32780407010,0,0,17
16375,0,32784411036,32784410948,0,0,87
16376,0,32786412962,32786412999,0,0,-36
16378,0,3275627956,3275627941,0,0,15
16379,0,32792420233,32792420185,0,0,48
16380,0,32794422186,32794422143,0,0,42
16381,0,32796424391,32796424359,0,0,32
16382,0,32798426602,32798426591,0,0,11
16383,0,32800428970,32800428959,0,0,11
16385,0,32804432825,32804432868,0,0,-42
16387,0,32808437694,32808437666,0,0,28
16388,0,32810440178,32810440137,0,0,41
16389,0,32812441897,32812441867,0,0,29
16390,0,32814444571,32814444551,0,0,20
16393,0,32820450163,32820450155,0,0,8
16395,0,32824454865,32824454819,0,0,45
16396,0,32826457928,32826457979,0,0,-50
16398,0,32830462795,32830462744,0,0,51
16399,0,32832464414,32832464378,0,0,35
16400,0,32834466521,32834466470,0,0,51
16401,0,32836468792,32836468778,0,0,13
16402,0,32838471160,32838471135,0,0,24
16403,0,32840473640,32840473604,0,0,35
16405,0,32844477843,32844477826,0,0,17
16407,0,32848481920,32848481915,0,0,4
16408,0,32850484200,32850484164,0,0,36
16409,0,32852486471,32852486388,0,0,83
16410,0,32854488748,32854488733,0,0,14
16413,0,32860496042,32860496019,0,0,23
16415,0,32864499841,32864499807,0,0,33
16416,0,32866502083,32866502140,0,0,-57
16418,0,32870506467,32870506446,0,0,20
16419,0,32872508679,32872508670,0,0,8
16420,0,32874511507,32874511462,0,0,45
16421,0,32876513148,32876513102,0,0,45
16422,0,32878515434,32878515405,0,0,29
16423,0,32880517707,32880517681,0,0,25
16425,0,32884521001,32884521017,0,0,-15
16427,0,32888526736,32888526678,0,0,57
16428,0,32890530559,32890530548,0,0,11
16429,0,32892530732,32892530716,0,0,16
16430,0,32894532287,32894532271,0,0,16
16433,0,32900539385,32900539393,0,0,-8
16435,0,32904543970,32904543948,0,0,22
16436,0,32906545857,32906545820,0,0,37
16438,0,32910551363,32910551342,0,0,20
16439,0,32912553118,32912553096,0,0,21
16440,0,32914554415,32914554393,0,0,22
16441,0,32916558122,32916558062,0,0,60
16442,0,32918560388,32918560380,0,0,8
16443,0,32920562146,32920562096,0,0,49
16445,0,32924566270,32924566253,0,0,17
16447,0,32928570922,32928570864,0,0,58
16448,0,32930573364,32930573409,0,0,-44
16449,0,32932575377,32932575362,0,0,15
16450,0,32934577561,32934577586,0,0,-25
16453,0,32940584502,32940584454,0,0,47
16455,0,32944588661,32944588642,0,0,19
16456,0,32946590769,32946590763,0,0,6
16458,0,32950595151,32950595182,0,0,-31
16459,0,32952597575,32952597559,0,0,15
16460,0,32954599666,32954599653,0,0,12
16461,0,32956601135,32956601178,0,0,-42
16462,0,32958604564,32958604625,0,0,-61
16463,0,32960606507,32960606546,0,0,-38
16465,0,32964611411,32964611389,0,0,21
16467,0,32968615449,32968615423,0,0,26
16468,0,32970618644,32970618611,0,0,33
16469,0,32972619099,32972619086,0,0,13
16470,0,32974622678,32974622687,0,0,-8
16473,0,32980629381,32980629376,0,0,4
16475,0,32984634017,32984633983,0,0,33
16476,0,32986635743,32986635712,0,0,31
16478,0,32990641562,32990641541,0,0,21
16479,0,32992642353,32992642326,0,0,26
16480,0,32994644201,32994644191,0,0,10
16481,0,32996645256,32996645247,0,0,8
16482,0,32998648101,32998648154,0,0,-52
16483,0,33000651513,33000651480,0,0,32
16485,0,33004656076,33004656062,0,0,13
16487,0,33008659665,33008659623,0,0,42
16488,0,33010661269,33010661304,0,0,-34
16489,0,33012664788,33012664803,0,0,-15
16490,0,33014666467,33014666521,0,0,-53
16493,0,33020673902,33020673892,0,0,9
16495,0,33024677759,33024677725,0,0,33
16496,0,33026680651,33026680622,0,0,29
16498,0,33030684609,33030684642,0,0,-32
16499,0,33032686615,33032686561,0,0,53
16500,0,33034689008,33034688940,0,0,67
16501,0,33036691181,33036691107,0,0,74
16502,0,33038693442,33038693449,0,0,-6
16503,0,33040695793,33040695806,0,0,-12
16505,0,33044700168,33044700111,0,0,56
16507,0,33048704760,33048704723,0,0,37
16508,0,33050706606,33050706600,0,0,6
16509,0,33052708219,33052708191,0,0,27
16510,0,33054711103,33054711040,0,0,63
16513,0,33060717770,33060717723,0,0,47
16515,0,33064722547,33064722530,0,0,16
16516,0,33066724488,33066724447,0,0,41
16518,0,33070729353,33070729385,0,0,-31
16519,0,33072731421,33072731437,0,0,-15
16520,0,33074733591,33074733582,0,0,9
16521,0,33076735802,33076735782,0,0,20
16522,0,33078737899,33078737825,0,0,74
16523,0,33080741087,33080741058,0,0,28
16525,0,33084744603,33084744594,0,0,8
16527,0,33088749015,33088748980,0,0,34
16528,0,33090752636,33090752607,0,0,29
16529,0,33092753737,33092753728,0,0,9
16530,0,33094756409,33094756364,0,0,45
16533,0,33100762080,33100762018,0,0,61
16535,0,33104766949,33104766911,0,0,38
16536,0,33106769285,33106769249,0,0,35
16538,0,33110773694,33110773659,0,0,35
16539,0,33112776278,33112776313,0,0,-35
16540,0,33114778392,33114778454,0,0,-62
16541,0,33116779976,33116779928,0,0,47
16542,0,33118782546,33118782586,0,0,-40
16543,0,33120784714,33120784752,0,0,-38
16545,0,33124788309,33124788330,0,0,-21
16547,0,33128793503,33128793494,0,0,8
16548,0,33130795586,33130795555,0,0,30
16549,0,33132797208,33132797157,0,0,50
16550,0,33134800365,33134800312,0,0,53
16553,0,33140807058,33140807111,0,0,-53
16555,0,33144811319,33144811327,0,0,-8
16556,0,33146813701,33146813677,0,0,23
16558,0,33150817859,33150817813,0,0,45
16559,0,33152818966,33152818917,0,0,49
16560,0,33154822202,33154822177,0,0,25
16561,0,33156824024,33156823964,0,0,60
16562,0,33158826742,33158826730,0,0,12
16563,0,33160829159,33160829102,0,0,57
16565,0,33164833245,33164833209,0,0,35
16567,0,33168838375,33168838298,0,0,76
16568,0,33170840153,33170840182,0,0,-28
16569,0,33172842495,33172842471,0,0,23
16570,0,33174844673,33174844676,0,0,-3
16573,0,33180851982,33180851953,0,0,28
16575,0,33184855251,33184855224,0,0,26
16576,0,33186857994,33186858025,0,0,-31
16578,0,3315673597,3315673631,0,0,-34
16579,0,33192864677,33192864636,0,0,40
16580,0,33194867062,33194867041,0,0,20
16581,0,33196869326,33196869299,0,0,26
16582,0,33198871774,33198871756,0,0,17
16583,0,33200874053,33200874030,0,0,23
16585,0,33204877846,33204877847,0,0,0
16587,0,33208882089,33208882074,0,0,15
16588,0,33210883939,33210883929,0,0,9
16589,0,33212886793,33212886768,0,0,24
16590,0,33214889190,33214889152,0,0,37
16593,0,33220894723,33220894693,0,0,30
16595,0,33224900130,33224900070,0,0,60
16596,0,33226902566,33226902528,0,0,37
16598,0,33230907803,33230907795,0,0,8
16599,0,33232909065,33232909015,0,0,49
16600,0,33234911689,33234911651,0,0,38
16601,0,33236913788,33236913761,0,0,26
16602,0,33238916119,33238916066,0,0,53
16603,0,33240918660,33240918635,0,0,25
16605,0,33244922966,33244922951,0,0,14
16607,0,33248926741,33248926777,0,0,-36
16608,0,33250930303,33250930294,0,0,8
16609,0,33252931512,33252931550,0,0,-38
16610,0,33254934083,33254934152,0,0,-69
16613,0,33260940678,33260940713,0,0,-34
16615,0,33264945425,33264945458,0,0,-32
16616,0,33266947220,33266947280,0,0,-59
16618,0,33270951322,33270951314,0,0,8
16619,0,33272953766,33272953752,0,0,13
16620,0,33274956229,33274956217,0,0,11
16621,0,33276958746,33276958721,0,0,24
16622,0,33278960808,33278960783,0,0,25
16623,0,33280963179,33280963134,0,0,44
16625,0,33284966941,33284966925,0,0,15
16627,0,33288971211,33288971168,0,0,43
16628,0,33290974082,33290974040,0,0,42
16629,0,33292976269,33292976231,0,0,38
16630,0,33294978510,33294978496,0,0,13
16633,0,33300986422,33300986390,0,0,31
16635,0,33304990096,33304990087,0,0,8
16636,0,33306992929,33306992914,0,0,15
16638,0,33310995926,33310995935,0,0,-8
16639,0,33312997735,33312997701,0,0,33
16640,0,33314999237,33314999222,0,0,15
16641,0,33317002838,33317002824,0,0,13
16642,0,33319005177,33319005127,0,0,49
16643,0,33321007619,33321007612,0,0,6
16645,0,33325011345,33325011314,0,0,30
16647,0,33329016573,33329016555,0,0,17
16648,0,33331017952,33331017959,0,0,-6
16649,0,33333019815,33333019783,0,0,31
16650,0,33335022897,33335022883,0,0,14
16653,0,33341029560,33341029533,0,0,26
16655,0,33345033426,33345033413,0,0,13
16656,0,33347035222,33347035229,0,0,-6
16658,0,33351040230,33351040196,0,0,33
16659,0,33353041797,33353041726,0,0,71
16660,0,33355045114,33355045074,0,0,39
16661,0,33357046991,33357046922,0,0,69
16662,0,33359049703,33359049631,0,0,71
16663,0,33361052314,33361052329,0,0,-14
16665,0,33365055006,33365054931,0,0,75
16667,0,33369061007,33369060983,0,0,24
16668,0,33371062310,33371062288,0,0,21
16669,0,33373065231,33373065217,0,0,13
16670,0,33375067689,33375067685,0,0,4
16673,0,33381072363,33381072354,0,0,8
16675,0,33385076867,33385076859,0,0,8
16676,0,33387079624,33387079669,0,0,-44
16678,0,33391086549,33391086525,0,0,23
16679,0,33393087428,33393087389,0,0,38
16680,0,33395089137,33395089154,0,0,-17
16681,0,33397090892,33397090850,0,0,41
16682,0,33399094005,33399093955,0,0,49
16683,0,33401096281,33401096246,0,0,35
16685,0,33405100417,33405100429,0,0,-11
16687,0,33409106271,33409106247,0,0,24
16688,0,33411107326,33411107344,0,0,-17
16689,0,33413109471,33413109531,0,0,-59
16690,0,33415111508,33415111500,0,0,8
16693,0,33421118151,33421118117,0,0,33
16695,0,33425122877,33425122867,0,0,10
16696,0,33427124915,33427124939,0,0,-23
16698,0,33431129861,33431129850,0,0,11
16699,0,33433132473,33433132439,0,0,33
16700,0,33435135028,33435135020,0,0,8
16701,0,33437136841,33437136794,0,0,47
16702,0,33439139734,33439139744,0,0,-10
16703,0,33441140300,33441140285,0,0,15
16705,0,33445145231,33445145195,0,0,36
16707,0,33449149660,33449149623,0,0,36
16708,0,33451151745,33451151713,0,0,31
16709,0,33453154151,33453154101,0,0,49
16710,0,33455156170,33455156133,0,0,37
16713,0,33461162961,33461162955,0,0,6
16715,0,33465167260,33465167251,0,0,8
16716,0,33467169263,33467169251,0,0,11
16718,0,33471174440,33471174405,0,0,34
16719,0,33473175993,33473175937,0,0,56
16720,0,33475178426,33475178393,0,0,32
16721,0,33477180546,33477180509,0,0,37
16722,0,33479182606,33479182625,0,0,-18
16723,0,33481185954,33481185907,0,0,46
16725,0,33485189731,33485189691,0,0,40
16727,0,33489194103,33489194047,0,0,55
16728,0,33491197469,33491197385,0,0,83
16729,0,33493198942,33493198885,0,0,56
16730,0,33495201053,33495200986,0,0,67
16733,0,33501207548,33501207526,0,0,22
16735,0,33505211657,33505211576,0,0,80
16736,0,33507213946,33507213899,0,0,47
16738,0,33511217764,33511217781,0,0,-17
16739,0,33513220378,33513220324,0,0,53
16740,0,33515222020,33515221955,0,0,65
16741,0,33517225870,33517225823,0,0,47
16742,0,33519228134,33519228157,0,0,-22
16743,0,33521229795,33521229757,0,0,38
16745,0,33525234698,33525234658,0,0,40
16747,0,33529238596,33529238546,0,0,49
16748,0,33531241175,33531241147,0,0,28
16749,0,33533242844,33533242800,0,0,44
16750,0,33535246032,33535245993,0,0,38
16753,0,33541251319,33541251279,0,0,40
16755,0,33545256519,33545256494,0,0,25
16756,0,33547258582,33547258566,0,0,16
16758,0,33551262826,33551262795,0,0,31
16759,0,33553265091,33553265123,0,0,-31
16760,0,33555267278,33555267220,0,0,57
16761,0,33557270824,33557270791,0,0,33
16762,0,33559272119,33559272095,0,0,24
16763,0,33561274586,33561274573,0,0,13
16765,0,33565278254,33565278227,0,0,26
16767,0,33569282747,33569282707,0,0,40
16768,0,33571285675,33571285624,0,0,50
16769,0,33573287287,33573287258,0,0,29
16770,0,33575289939,33575289899,0,0,39
16773,0,33581296337,33581296319,0,0,17
16775,0,33585301377,33585301350,0,0,26
16776,0,33587303952,33587303941,0,0,11
16778,0,3355717970,3355717927,0,0,43
16779,0,33593311863,33593311818,0,0,44
16780,0,33595311924,33595311919,0,0,5
16781,0,33597313923,33597313880,0,0,42
16782,0,33599316444,33599316489,0,0,-44
16783,0,33601318567,33601318541,0,0,25
16785,0,33605322928,33605322933,0,0,-5
16787,0,33609328121,33609328137,0,0,-16
16788,0,33611329890,33611329880,0,0,10
16789,0,33613332199,33613332174,0,0,24
16790,0,33615334245,33615334235,0,0,10
16793,0,33621339794,33621339757,0,0,37
16795,0,33625344764,33625344767,0,0,-3
16796,0,33627347149,33627347202,0,0,-52
16798,0,33631354150,33631354115,0,0,34
16799,0,33633354275,33633354275,0,0,0
16800,0,33635356110,33635356094,0,0,15
16801,0,33637357732,33637357734,0,0,-2
16802,0,33639361373,33639361355,0,0,17
16803,0,33641363123,33641363103,0,0,20
16805,0,33645367478,33645367488,0,0,-10
16807,0,33649371770,33649371796,0,0,-25
16808,0,33651373940,33651373968,0,0,-28
16809,0,33653375813,33653375826,0,0,-13
16810,0,33655377773,33655377736,0,0,36
16813,0,33661384944,33661384916,0,0,27
16815,0,33665389620,33665389631,0,0,-11
16816,0,33667393454,33667393497,0,0,-42
16818,0,33671396844,33671396877,0,0,-32
16819,0,33673398480,33673398550,0,0,-69
16820,0,33675401353,33675401393,0,0,-40
16821,0,33677403189,33677403232,0,0,-42
16822,0,33679405200,33679405168,0,0,31
16823,0,33681407516,33681407504,0,0,11
16825,0,33685411222,33685411233,0,0,-11
16827,0,33689416260,33689416213,0,0,47
16828,0,33691420913,33691420907,0,0,5
16829,0,33693421754,33693421721,0,0,33
16830,0,33695422879,33695422831,0,0,48
16833,0,33701430790,33701430754,0,0,35
16835,0,33705433950,33705433973,0,0,-22
16836,0,33707436653,33707436686,0,0,-33
16838,0,33711441158,33711441175,0,0,-16
16839,0,33713443055,33713443027,0,0,27
16840,0,33715445399,33715445376,0,0,23
16841,0,33717447883,33717447853,0,0,29
16842,0,33719449816,33719449762,0,0,53
16843,0,33721451595,33721451559,0,0,35
16845,0,33725456748,33725456701,0,0,47
16847,0,33729460989,33729460952,0,0,37
16848,0,33731462949,33731462898,0,0,50
16849,0,33733465678,33733465647,0,0,31
16850,0,33735467983,33735467964,0,0,19
16853,0,33741474248,33741474199,0,0,49
16855,0,33745478640,33745478649,0,0,-8
16856,0,33747480614,33747480637,0,0,-22
16858,0,33751485584,33751485532,0,0,51
16859,0,33753487559,33753487519,0,0,40
16860,0,33755489892,33755489863,0,0,29
16861,0,33757492048,33757492002,0,0,45
16862,0,33759494278,33759494238,0,0,40
16863,0,33761496671,33761496631,0,0,39
16865,0,33765500838,33765500805,0,0,33
16867,0,33769505446,33769505420,0,0,26
16868,0,33771507746,33771507703,0,0,42
16869,0,33773510173,33773510122,0,0,50
16870,0,33775513087,33775513044,0,0,43
16873,0,33781518582,33781518573,0,0,9
16875,0,33785522826,33785522797,0,0,29
16876,0,33787525285,33787525277,0,0,8
16878,0,33791531626,33791531593,0,0,32
16879,0,33793531743,33793531716,0,0,26
16880,0,33795533305,33795533281,0,0,23
16881,0,33797536577,33797536552,0,0,24
16882,0,33799538970,33799538938,0,0,31
16883,0,33801540860,33801540840,0,0,20
16885,0,33805546666,33805546646,0,0,20
16887,0,33809549494,33809549457,0,0,37
16888,0,33811551805,33811551767,0,0,38
16889,0,33813553866,33813553833,0,0,32
16890,0,33815556524,33815556493,0,0,31
16893,0,33821563022,33821562991,0,0,30
16895,0,33825567228,33825567179,0,0,49
16896,0,33827568979,33827568935,0,0,43
16898,0,33831574483,33831574474,0,0,8
16899,0,33833576658,33833576623,0,0,35
16900,0,33835578805,33835578784,0,0,21
16901,0,33837580813,33837580772,0,0,41
16902,0,33839583070,33839583037,0,0,33
16903,0,33841585313,33841585284,0,0,29
16905,0,33845588770,33845588762,0,0,7
16907,0,33849594091,33849594032,0,0,58
16908,0,33851596366,33851596355,0,0,11
16909,0,33853598447,33853598435,0,0,12
16910,0,33855600272,33855600238,0,0,33
16913,0,33861607685,33861607644,0,0,41
16915,0,33865611975,33865611968,0,0,7
16916,0,33867614377,33867614334,0,0,42
16918,0,33871618945,33871618895,0,0,49
16919,0,33873621332,33873621303,0,0,28
16920,0,33875623596,33875623557,0,0,38
16921,0,33877625588,33877625541,0,0,47
16922,0,33879627812,33879627765,0,0,47
16923,0,33881629914,33881629876,0,0,38
16925,0,33885635424,33885635404,0,0,20
16927,0,33889638534,33889638527,0,0,6
16928,0,33891643357,33891643333,0,0,23
16929,0,33893644933,33893644895,0,0,38
16930,0,33895645456,33895645422,0,0,33
16933,0,33901652326,33901652313,0,0,13
16935,0,33905656931,33905656906,0,0,24
16936,0,33907658566,33907658552,0,0,13
16938,0,33911663471,33911663466,0,0,5
16939,0,33913665244,33913665219,0,0,25
16940,0,33915666841,33915666832,0,0,8
16941,0,33917670075,33917670037,0,0,38
16942,0,33919672816,33919672791,0,0,24
16943,0,33921675217,33921675183,0,0,34
16945,0,33925679113,33925679088,0,0,24
16947,0,33929682866,33929682842,0,0,24
16948,0,33931684662,33931684698,0,0,-36
16949,0,33933688033,33933688006,0,0,26
16950,0,33935690285,33935690264,0,0,20
16953,0,33941695975,33941695963,0,0,11
16955,0,33945701626,33945701575,0,0,51
16956,0,33947703784,33947703766,0,0,17
16958,0,33951708124,33951708175,0,0,-51
16959,0,33953710543,33953710573,0,0,-29
16960,0,33955712523,33955712566,0,0,-42
16961,0,33957714368,33957714362,0,0,5
16962,0,33959716982,33959716955,0,0,26
16963,0,33961719326,33961719300,0,0,26
16965,0,33965723273,33965723258,0,0,15
16967,0,33969728052,33969728015,0,0,36
16968,0,33971730623,33971730615,0,0,8
16969,0,33973732418,33973732409,0,0,8
16970,0,33975734581,33975734555,0,0,26
16973,0,33981741101,33981741083,0,0,17
16975,0,33985745338,33985745321,0,0,17
16976,0,33987747850,33987747883,0,0,-32
16978,0,3395762980,3395762943,0,0,37
16979,0,33993754458,33993754451,0,0,6
16980,0,33995757143,33995757134,0,0,8
16981,0,33997758592,33997758583,0,0,8
16982,0,33999759975,33999759947,0,0,27
16983,0,34001763325,34001763355,0,0,-29
16985,0,34005768978,34005769021,0,0,-42
16987,0,34009772323,34009772345,0,0,-22
16988,0,34011774564,34011774611,0,0,-46
16989,0,34013776470,34013776430,0,0,40
16990,0,34015778732,34015778716,0,0,15
16993,0,34021785723,34021785663,0,0,59
16995,0,34025788698,34025788685,0,0,13
16996,0,34027792382,34027792327,0,0,55
16998,0,34031797177,34031797142,0,0,35
16999,0,34033799452,34033799421,0,0,31
17000,0,34035800647,34035800613,0,0,33
17001,0,34037802458,34037802416,0,0,42
17002,0,34039805810,34039805766,0,0,43
17003,0,34041807851,34041807878,0,0,-26
17005,0,34045812074,34045812064,0,0,10
17007,0,34049816568,34049816531,0,0,37
17008,0,34051818898,34051818857,0,0,40
17009,0,34053821788,34053821754,0,0,34
17010,0,34055823755,34055823749,0,0,5
17013,0,34061830069,34061830035,0,0,33
17015,0,34065834476,34065834450,0,0,25
17016,0,34067836732,34067836705,0,0,26
17018,0,34071840625,34071840611,0,0,13
17019,0,34073843143,34073843113,0,0,30
17020,0,34075844957,34075844946,0,0,11
17021,0,34077847431,34077847391,0,0,40
17022,0,34079848965,34079848892,0,0,72
17023,0,34081851910,34081851937,0,0,-26
17025,0,34085856910,34085856926,0,0,-15
17027,0,34089861085,34089861048,0,0,36
17028,0,34091865293,34091865264,0,0,29
17029,0,34093865695,34093865651,0,0,43
17030,0,34095867921,34095867870,0,0,50
17033,0,34101874460,34101874450,0,0,9
17035,0,34105879687,34105879629,0,0,58
17036,0,34107880561,34107880550,0,0,10
17038,0,34111885464,34111885417,0,0,47
17039,0,34113887757,34113887720,0,0,36
17040,0,34115889832,34115889797,0,0,35
17041,0,34117891051,34117891015,0,0,35
17042,0,34119894084,34119894056,0,0,27
17043,0,34121896729,34121896701,0,0,28
17045,0,34125901147,34125901129,0,0,17
17047,0,34129905229,34129905179,0,0,50
17048,0,34131906557,34131906526,0,0,30
17049,0,34133908917,34133908880,0,0,37
17050,0,34135912271,34135912246,0,0,25
17053,0,34141919101,34141919047,0,0,53
17055,0,34145922090,34145922076,0,0,14
17056,0,34147924717,34147924767,0,0,-49
17058,0,34151930264,34151930300,0,0,-35
17059,0,34153932099,34153932067,0,0,31
17060,0,34155933564,34155933515,0,0,48
17061,0,34157936780,34157936752,0,0,28
17062,0,34159939588,34159939564,0,0,23
17063,0,34161941124,34161941065,0,0,59
17065,0,34165945618,34165945668,0,0,-49
17067,0,34169949889,34169949936,0,0,-47
17068,0,34171952807,34171952786,0,0,21
17069,0,34173954528,34173954485,0,0,43
17070,0,34175956955,34175956995,0,0,-40
17073,0,34181962405,34181962442,0,0,-36
17075,0,34185967847,34185967797,0,0,50
17076,0,34187970175,34187970116,0,0,58
17078,0,34191976294,34191976280,0,0,13
17079,0,34193976775,34193976733,0,0,42
17080,0,34195979089,34195979077,0,0,11
17081,0,34197981465,34197981440,0,0,25
17082,0,34199983681,34199983660,0,0,20
17083,0,34201985946,34201985930,0,0,15
17085,0,34205990422,34205990408,0,0,13
17087,0,34209994163,34209994103,0,0,60
17088,0,34211995815,34211995777,0,0,38
17089,0,34213998762,34213998735,0,0,26
17090,0,34216000616,34216000593,0,0,23
17093,0,34222007943,34222007920,0,0,23
17095,0,34226012123,34226012103,0,0,19
17096,0,34228013305,34228013316,0,0,-11
17098,0,34232019289,34232019241,0,0,47
17099,0,34234021606,34234021566,0,0,40
17100,0,34236023577,34236023541,0,0,35
17101,0,34238025396,34238025408,0,0,-12
17102,0,34240027211,34240027225,0,0,-14
17103,0,34242030243,34242030206,0,0,37
17105,0,34246035344,34246035316,0,0,27
17107,0,34250039524,34250039458,0,0,65
17108,0,34252042395,34252042345,0,0,49
17109,0,34254044171,34254044111,0,0,60
17110,0,34256045916,34256045878,0,0,37
17113,0,34262052822,34262052804,0,0,18
17115,0,34266055829,34266055795,0,0,33
17116,0,34268059274,34268059244,0,0,30
17118,0,34272063609,34272063559,0,0,50
17119,0,34274065666,34274065657,0,0,8
17120,0,34276067820,34276067834,0,0,-13
17121,0,34278069159,34278069173,0,0,-13
17122,0,34280072339,34280072350,0,0,-11
17123,0,34282074806,34282074820,0,0,-13
17125,0,34286078081,34286078038,0,0,42
17127,0,34290083869,34290083817,0,0,52
17128,0,34292087715,34292087706,0,0,8
17129,0,34294088360,34294088334,0,0,25
17130,0,34296090433,34296090384,0,0,49
17133,0,34302097106,34302097101,0,0,4
17135,0,34306101575,34306101530,0,0,44
17136,0,34308104197,34308104240,0,0,-42
17138,0,34312108043,34312108108,0,0,-65
17139,0,34314110348,34314110324,0,0,23
17140,0,34316112403,34316112396,0,0,6
17141,0,34318114838,34318114833,0,0,5
17142,0,34320117238,34320117229,0,0,8
17143,0,34322119256,34322119229,0,0,26
17145,0,34326123912,34326123928,0,0,-16
17147,0,34330128595,34330128586,0,0,8
17148,0,34332130175,34332130188,0,0,-13
17149,0,34334132921,34334132887,0,0,33
17150,0,34336134901,34336134880,0,0,20
17153,0,34342141494,34342141449,0,0,44
17155,0,34346145725,34346145714,0,0,10
17156,0,34348148083,34348148130,0,0,-47
17158,0,34352153137,34352153118,0,0,18
17159,0,34354154569,34354154545,0,0,24
17160,0,34356155834,34356155829,0,0,5
17161,0,34358159593,34358159585,0,0,8
17162,0,34360161282,34360161274,0,0,8
17163,0,34362163743,34362163729,0,0,13
17165,0,34366168501,34366168505,0,0,-3
17167,0,34370172636,34370172602,0,0,33
17168,0,34372174901,34372174855,0,0,45
17169,0,34374177278,34374177249,0,0,29
17170,0,34376179368,34376179332,0,0,35
17173,0,34382185060,34382185008,0,0,51
17175,0,34386190363,34386190342,0,0,20
17176,0,34388192826,34388192787,0,0,39
17178,0,3435806074,3435806035,0,0,39
17179,0,34394199782,34394199746,0,0,35
17180,0,34396201939,34396201922,0,0,16
17181,0,34398205323,34398205280,0,0,42
17182,0,34400206193,34400206177,0,0,16
17183,0,34402208571,34402208588,0,0,-16
17185,0,34406212665,34406212702,0,0,-36
17187,0,34410217632,34410217600,0,0,31
17188,0,34412219383,34412219391,0,0,-8
17189,0,34414221562,34414221582,0,0,-20
17190,0,34416223847,34416223816,0,0,30
17193,0,34422229948,34422229929,0,0,18
17195,0,34426234846,34426234838,0,0,7
17196,0,34428237208,34428237262,0,0,-53
17198,0,34432241851,34432241888,0,0,-36
17199,0,34434243905,34434243864,0,0,40
17200,0,34436247149,34436247122,0,0,26
17201,0,34438248593,34438248625,0,0,-32
17202,0,34440250631,34440250665,0,0,-33
17203,0,34442253065,34442253022,0,0,43
17205,0,34446257301,34446257277,0,0,23
17207,0,34450261548,34450261539,0,0,8
17208,0,34452264195,34452264185,0,0,9
17209,0,34454266170,34454266142,0,0,27
17210,0,34456268665,34456268629,0,0,36
17213,0,34462274890,34462274853,0,0,37
17215,0,34466279319,34466279254,0,0,64
17216,0,34468281148,34468281174,0,0,-26
17218,0,34472287366,34472287336,0,0,29
17219,0,34474288119,34474288086,0,0,32
17220,0,34476290179,34476290143,0,0,36
17221,0,34478291849,34478291824,0,0,24
17222,0,34480295411,34480295390,0,0,21
17223,0,34482297726,34482297714,0,0,11
17225,0,34486302492,34486302478,0,0,13
17227,0,34490305748,34490305773,0,0,-24
17228,0,34492308106,34492308164,0,0,-58
17229,0,34494309327,34494309370,0,0,-42
17230,0,34496312780,34496312800,0,0,-20
17233,0,34502319332,34502319287,0,0,45
17235,0,34506323749,34506323709,0,0,40
17236,0,34508326294,34508326236,0,0,58
17238,0,34512330559,34512330550,0,0,8
17239,0,34514332894,34514332863,0,0,30
17240,0,34516334922,34516334937,0,0,-14
17241,0,34518337442,34518337445,0,0,-2
17242,0,34520339815,34520339824,0,0,-8
17243,0,34522341590,34522341579,0,0,10
17245,0,34526345727,34526345716,0,0,10
17247,0,34530350728,34530350657,0,0,70
17248,0,34532352431,34532352423,0,0,8
17249,0,34534354109,34534354128,0,0,-18
17250,0,34536357166,34536357158,0,0,8
17253,0,34542363775,34542363791,0,0,-16
17255,0,34546368610,34546368626,0,0,-16
17256,0,34548371251,34548371298,0,0,-47
17258,0,34552374861,34552374898,0,0,-36
17259,0,34554377532,34554377515,0,0,16
17260,0,34556379637,34556379627,0,0,9
17261,0,34558381837,34558381791,0,0,45
17262,0,34560383718,34560383689,0,0,29
17263,0,34562386335,34562386299,0,0,35
17265,0,34566389273,34566389221,0,0,51
17267,0,34570394889,34570394872,0,0,17
17268,0,34572397079,34572397065,0,0,14
17269,0,34574398471,34574398435,0,0,35
17270,0,34576401915,34576401862,0,0,52
17273,0,34582407357,34582407343,0,0,14
17275,0,34586413054,34586413125,0,0,-70
17276,0,34588415204,34588415226,0,0,-22
17278,0,34592420067,34592420078,0,0,-11
17279,0,34594421200,34594421230,0,0,-29
17280,0,34596423038,34596423053,0,0,-15
17281,0,34598426214,34598426230,0,0,-15
17282,0,34600428388,34600428330,0,0,58
17283,0,34602430730,34602430759,0,0,-29
17285,0,34606434540,34606434565,0,0,-24
17287,0,34610439275,34610439236,0,0,38
17288,0,34612441570,34612441552,0,0,17
17289,0,34614443877,34614443840,0,0,36
17290,0,34616446076,34616446051,0,0,25
17293,0,34622452047,34622452062,0,0,-15
17295,0,34626456796,34626456767,0,0,29
17296,0,34628458438,34628458422,0,0,16
17298,0,34632464270,34632464216,0,0,53
17299,0,34634466056,34634466049,0,0,7
17300,0,34636468319,34636468377,0,0,-58
17301,0,34638471096,34638471089,0,0,6
17302,0,34640473279,34640473235,0,0,43
17303,0,34642475137,34642475113,0,0,23
17305,0,34646478404,34646478447,0,0,-42
17307,0,34650482836,34650482856,0,0,-20
17308,0,34652486636,34652486676,0,0,-39
17309,0,34654489452,34654489467,0,0,-15
17310,0,34656491424,34656491455,0,0,-31
17313,0,34662497586,34662497636,0,0,-49
17315,0,34666501961,34666501948,0,0,13
17316,0,34668504085,34668504095,0,0,-9
17318,0,34672509027,34672508988,0,0,39
17319,0,34674511286,34674511254,0,0,31
17320,0,34676513537,34676513520,0,0,16
17321,0,34678515258,34678515305,0,0,-46
17322,0,34680517294,34680517285,0,0,8
17323,0,34682520208,34682520195,0,0,13
17325,0,34686524083,34686524069,0,0,13
17327,0,34690529231,34690529212,0,0,19
17328,0,34692532638,34692532607,0,0,31
17329,0,34694532767,34694532802,0,0,-35
17330,0,34696535495,34696535560,0,0,-65
17333,0,34702542191,34702542184,0,0,6
17335,0,34706546407,34706546398,0,0,8
17336,0,34708548536,34708548547,0,0,-11
17338,0,34712553483,34712553476,0,0,7
17339,0,34714555577,34714555547,0,0,29
17340,0,34716557571,34716557530,0,0,41
17341,0,34718559795,34718559754,0,0,40
17342,0,34720562714,34720562658,0,0,56
17343,0,34722565626,34722565577,0,0,49
17345,0,34726568494,34726568453,0,0,40
17347,0,34730573029,34730572964,0,0,65
17348,0,34732575602,34732575564,0,0,38
17349,0,34734577211,34734577170,0,0,41
17350,0,34736580612,34736580566,0,0,45
17353,0,34742585642,34742585611,0,0,31
17355,0,34746590555,34746590533,0,0,22
17356,0,34748592874,34748592843,0,0,30
17358,0,34752597655,34752597689,0,0,-34
17359,0,34754599911,34754599882,0,0,29
17360,0,34756601814,34756601779,0,0,34
17361,0,34758604078,34758604043,0,0,35
17362,0,34760606421,34760606435,0,0,-14
17363,0,34762608804,34762608760,0,0,44
17365,0,34766613614,34766613588,0,0,25
17367,0,34770617181,34770617172,0,0,8
17368,0,34772618492,34772618453,0,0,38
17369,0,34774621559,34774621543,0,0,15
17370,0,34776624552,34776624519,0,0,33
17373,0,34782630685,34782630665,0,0,20
17375,0,34786634937,34786634923,0,0,13
17376,0,34788635986,34788635977,0,0,8
17378,0,3475852635,3475852653,0,0,-17
17379,0,34794644295,34794644268,0,0,26
17380,0,34796645937,34796645906,0,0,31
17381,0,34798647808,34798647791,0,0,17
17382,0,34800652017,34800651982,0,0,35
17383,0,34802653132,34802653106,0,0,26
17385,0,34806657329,34806657400,0,0,-70
17387,0,34810662047,34810662083,0,0,-35
17388,0,34812664520,34812664510,0,0,9
17389,0,34814666366,34814666336,0,0,30
17390,0,34816668952,34816668941,0,0,10
17393,0,34822675139,34822675113,0,0,26
17395,0,34826679947,34826679937,0,0,9
17396,0,34828682060,34828682101,0,0,-40
17398,0,34832685586,34832685534,0,0,51
17399,0,34834688426,34834688389,0,0,37
17400,0,34836689702,34836689704,0,0,-2
17401,0,34838693844,34838693817,0,0,26
17402,0,34840695444,34840695411,0,0,33
17403,0,34842699004,34842698989,0,0,14
17405,0,34846702033,34846702027,0,0,5
17407,0,34850706579,34850706630,0,0,-51
17408,0,34852708691,34852708712,0,0,-20
17409,0,34854710761,34854710745,0,0,15
17410,0,34856713304,34856713327,0,0,-22
17413,0,34862719487,34862719520,0,0,-33
17415,0,34866722813,34866722787,0,0,25
17416,0,34868726201,34868726193,0,0,8
17418,0,34872731515,34872731450,0,0,65
17419,0,34874733930,34874733891,0,0,39
17420,0,34876734260,34876734249,0,0,11
17421,0,34878737560,34878737528,0,0,31
17422,0,34880739746,34880739708,0,0,37
17423,0,34882741920,34882741932,0,0,-12
17425,0,34886745074,34886745041,0,0,32
17427,0,34890751191,34890751181,0,0,10
17428,0,34892754733,34892754710,0,0,23
17429,0,34894755103,34894755078,0,0,24
17430,0,34896757008,34896756979,0,0,29
17433,0,34902763116,34902763087,0,0,29
17435,0,34906769450,34906769398,0,0,51
17436,0,34908771928,34908771921,0,0,6
17438,0,34912775168,34912775148,0,0,20
17439,0,34914776208,34914776179,0,0,29
17440,0,34916778541,34916778532,0,0,8
17441,0,34918780676,34918780651,0,0,25
17442,0,34920783581,34920783557,0,0,23
17443,0,34922786411,34922786384,0,0,26
17445,0,34926789482,34926789473,0,0,8
17447,0,34930795867,34930795826,0,0,41
17448,0,34932797604,34932797595,0,0,8
17449,0,34934799850,34934799831,0,0,19
17450,0,34936802383,34936802352,0,0,31
17453,0,34942808738,34942808738,0,0,0
17455,0,34946814186,34946814165,0,0,21
17456,0,34948816722,34948816698,0,0,23
17458,0,34952820377,34952820298,0,0,78
17459,0,34954822498,34954822462,0,0,35
17460,0,34956824296,34956824265,0,0,31
17461,0,34958827693,34958827679,0,0,13
17462,0,34960830451,34960830415,0,0,35
17463,0,34962830757,34962830743,0,0,13
17465,0,34966834253,34966834228,0,0,25
17467,0,34970839737,34970839698,0,0,38
17468,0,34972842785,34972842767,0,0,17
17469,0,34974844368,34974844347,0,0,21
17470,0,34976846247,34976846232,0,0,14
17473,0,34982854786,34982854769,0,0,17
17475,0,34986858170,34986858146,0,0,23
17476,0,34988859372,34988859350,0,0,22
17478,0,34992865996,34992865981,0,0,15
17479,0,34994866325,34994866298,0,0,26
17480,0,34996868021,34996868002,0,0,18
17481,0,34998870995,34998870971,0,0,23
17482,0,35000873376,35000873359,0,0,17
17483,0,35002875979,35002875971,0,0,8
17485,0,35006879950,35006879931,0,0,18
17487,0,35010884134,35010884092,0,0,41
17488,0,35012886541,35012886532,0,0,8
17489,0,35014888478,35014888440,0,0,37
17490,0,35016890421,35016890400,0,0,20
17493,0,35022897272,35022897257,0,0,15
17495,0,35026901835,35026901817,0,0,17
17496,0,35028903101,35028903083,0,0,17
17498,0,35032908997,35032908980,0,0,17
17499,0,35034911220,35034911194,0,0,25
17500,0,35036913524,35036913510,0,0,13
17501,0,35038915631,35038915622,0,0,8
17502,0,35040917784,35040917760,0,0,23
17503,0,35042919753,35042919716,0,0,36
17505,0,35046924707,35046924747,0,0,-39
17507,0,35050928366,35050928418,0,0,-52
17508,0,35052930274,35052930217,0,0,57
17509,0,35054933310,35054933272,0,0,37
17510,0,35056935660,35056935627,0,0,33
17513,0,35062942370,35062942387,0,0,-16
17515,0,35066946119,35066946060,0,0,59
17516,0,35068949017,35068948998,0,0,19
17518,0,35072953331,35072953366,0,0,-34
17519,0,35074955923,35074955916,0,0,7
17520,0,35076957483,35076957474,0,0,8
17521,0,35078959013,35078959000,0,0,13
17522,0,35080962457,35080962426,0,0,30
17523,0,35082964262,35082964244,0,0,17
17525,0,35086969831,35086969808,0,0,22
17527,0,35090973167,35090973140,0,0,26
17528,0,35092977988,35092977978,0,0,10
17529,0,35094977510,35094977488,0,0,21
17530,0,35096979085,35096979051,0,0,33
17533,0,35102987352,35102987353,0,0,-1
17535,0,35106989620,35106989653,0,0,-32
17536,0,35108991780,35108991808,0,0,-27
17538,0,35112998256,35112998230,0,0,25
17539,0,35114999892,35114999863,0,0,29
17540,0,35117002013,35117001959,0,0,53
17541,0,35119003903,35119003833,0,0,69
17542,0,35121006891,35121006835,0,0,55
17543,0,35123009105,35123009052,0,0,53
17545,0,35127013310,35127013266,0,0,43
17547,0,35131018117,35131018045,0,0,71
17548,0,35133020683,35133020631,0,0,51
17549,0,35135022409,35135022352,0,0,57
17550,0,35137024446,35137024462,0,0,-16
17553,0,35143029865,35143029905,0,0,-40
17555,0,35147035537,35147035483,0,0,54
17556,0,35149036714,35149036677,0,0,37
17558,0,35153042689,35153042638,0,0,51
17559,0,35155044258,35155044210,0,0,47
17560,0,35157045876,35157045832,0,0,43
17561,0,35159049168,35159049123,0,0,44
17562,0,35161051067,35161051056,0,0,11
17563,0,35163053595,35163053616,0,0,-21
17565,0,35167059644,35167059687,0,0,-42
17567,0,35171062626,35171062585,0,0,41
17568,0,35173064549,35173064558,0,0,-8
17569,0,35175066925,35175066940,0,0,-14
17570,0,35177068734,35177068745,0,0,-11
17573,0,35183075381,35183075401,0,0,-20
17575,0,35187080071,35187080093,0,0,-21
17576,0,35189082670,35189082656,0,0,14
17578,0,3515896183,3515896112,0,0,71
17579,0,35195089137,35195089105,0,0,31
17580,0,35197091470,35197091461,0,0,8
17581,0,35199093436,35199093392,0,0,44
17582,0,35201095889,35201095881,0,0,7
17583,0,35203099098,35203099073,0,0,24
17585,0,35207102615,35207102606,0,0,8
17587,0,35211106867,35211106874,0,0,-6
17588,0,35213109081,35213109073,0,0,8
17589,0,35215111321,35215111287,0,0,33
17590,0,35217114002,35217113960,0,0,41
17593,0,35223120632,35223120653,0,0,-21
17595,0,35227125276,35227125251,0,0,24
17596,0,35229127015,35229126991,0,0,24
17598,0,35233131468,35233131479,0,0,-11
17599,0,35235133316,35235133285,0,0,31
17600,0,35237136187,35237136141,0,0,45
17601,0,35239138040,35239138010,0,0,30
17602,0,35241139965,35241139977,0,0,-11
17603,0,35243142177,35243142156,0,0,21
17605,0,35247146831,35247146838,0,0,-6
17607,0,35251150852,35251150878,0,0,-26
17608,0,35253152898,35253152868,0,0,30
17609,0,35255155738,35255155698,0,0,40
17610,0,35257158107,35257158083,0,0,24
17613,0,35263164743,35263164715,0,0,27
17615,0,35267169502,35267169481,0,0,20
17616,0,35269171402,35269171386,0,0,15
17618,0,35273176085,35273176071,0,0,13
17619,0,35275177887,35275177878,0,0,8
17620,0,35277179839,35277179824,0,0,14
17621,0,35279181069,35279181132,0,0,-62
17622,0,35281183635,35281183662,0,0,-26
17623,0,35283186584,35283186552,0,0,31
17625,0,35287191443,35287191418,0,0,24
17627,0,35291196227,35291196265,0,0,-37
17628,0,35293200062,35293200102,0,0,-39
17629,0,35295200577,35295200607,0,0,-30
17630,0,35297202503,35297202557,0,0,-54
17633,0,35303208878,35303208925,0,0,-47
17635,0,35307213408,35307213456,0,0,-47
17636,0,35309215940,35309215903,0,0,37
17638,0,35313221850,35313221893,0,0,-42
17639,0,35315222378,35315222426,0,0,-48
17640,0,35317225267,35317225291,0,0,-24
17641,0,35319227402,35319227393,0,0,8
17642,0,35321229412,35321229385,0,0,26
17643,0,35323231626,35323231599,0,0,27
17645,0,35327234576,35327234554,0,0,22
17647,0,35331240336,35331240292,0,0,43
17648,0,35333242434,35333242424,0,0,9
17649,0,35335245285,35335245276,0,0,9
17650,0,35337246939,35337246913,0,0,25
17653,0,35343254414,35343254403,0,0,11
17655,0,35347257957,35347257946,0,0,11
17656,0,35349261023,35349260986,0,0,37
17658,0,35353264982,35353264942,0,0,39
17659,0,35355267411,35355267387,0,0,23
17660,0,35357269285,35357269361,0,0,-76
17661,0,35359271662,35359271702,0,0,-39
17662,0,35361273351,35361273408,0,0,-57
17663,0,35363274864,35363274905,0,0,-40
17665,0,35367279786,35367279820,0,0,-33
17667,0,35371284670,35371284696,0,0,-26
17668,0,35373286937,35373286909,0,0,28
17669,0,35375289629,35375289595,0,0,33
17670,0,35377291196,35377291155,0,0,41
17673,0,35383297950,35383297941,0,0,8
17675,0,35387302691,35387302649,0,0,41
17676,0,35389304840,35389304823,0,0,16
17678,0,35393310230,35393310177,0,0,53
17679,0,35395311882,35395311851,0,0,30
17680,0,35397313568,35397313557,0,0,10
17681,0,35399315482,35399315451,0,0,31
17682,0,35401317425,35401317411,0,0,14
17683,0,35403320376,35403320350,0,0,25
17685,0,35407323766,35407323755,0,0,10
17687,0,35411328847,35411328816,0,0,30
17688,0,35413331399,35413331370,0,0,29
17689,0,35415333683,35415333646,0,0,37
17690,0,35417335874,35417335824,0,0,49
17693,0,35423344029,35423344011,0,0,18
17695,0,35427346908,35427346867,0,0,40
17696,0,35429348740,35429348776,0,0,-35
17698,0,35433353680,35433353714,0,0,-33
17699,0,35435356015,35435355982,0,0,33
17700,0,35437358056,35437357992,0,0,63
17701,0,35439360559,35439360564,0,0,-4
17702,0,35441362824,35441362838,0,0,-13
17703,0,35443365357,35443365298,0,0,58
17705,0,35447369067,35447369019,0,0,47
17707,0,35451373035,35451372953,0,0,81
17708,0,35453375990,35453375958,0,0,31
17709,0,35455378161,35455378152,0,0,8
17710,0,35457380621,35457380581,0,0,40
17713,0,35463385878,35463385865,0,0,13
17715,0,35467391631,35467391622,0,0,8
17716,0,35469393496,35469393559,0,0,-62
17718,0,35473398312,35473398272,0,0,40
17719,0,35475400299,35475400355,0,0,-56
17720,0,35477402393,35477402382,0,0,11
17721,0,35479404005,35479403955,0,0,50
17722,0,35481407006,35481406961,0,0,44
17723,0,35483410103,35483410089,0,0,14
17725,0,35487414414,35487414366,0,0,47
17727,0,35491418017,35491417976,0,0,41
17728,0,35493422102,35493422047,0,0,55
17729,0,35495423535,35495423546,0,0,-11
17730,0,35497424993,35497424916,0,0,77
17733,0,35503431934,35503431876,0,0,58
17735,0,35507435587,35507435539,0,0,48
17736,0,35509437562,35509437537,0,0,24
17738,0,35513442061,35513442038,0,0,23
17739,0,35515444993,35515444955,0,0,37
17740,0,35517447128,35517447170,0,0,-41
17741,0,35519449943,35519449954,0,0,-11
17742,0,35521451716,35521451728,0,0,-12
17743,0,35523453777,35523453737,0,0,40
17745,0,35527458099,35527458090,0,0,8
17747,0,35531462377,35531462352,0,0,24
17748,0,35533464922,35533464895,0,0,26
17749,0,35535467226,35535467189,0,0,37
17750,0,35537469594,35537469548,0,0,46
17753,0,35543475493,35543475456,0,0,36
17755,0,35547480371,35547480332,0,0,38
17756,0,35549483020,35549483004,0,0,15
17758,0,35553487542,35553487565,0,0,-22
17759,0,35555489135,35555489154,0,0,-18
17760,0,35557490339,35557490402,0,0,-62
17761,0,35559493298,35559493262,0,0,36
17762,0,35561496134,35561496084,0,0,50
17763,0,35563498256,35563498224,0,0,31
17765,0,35567503004,35567503014,0,0,-9
17767,0,35571506916,35571506892,0,0,24
17768,0,35573508420,35573508433,0,0,-13
17769,0,35575511759,35575511739,0,0,20
17770,0,35577513938,35577513878,0,0,60
17773,0,35583520578,35583520595,0,0,-16
17775,0,35587524177,35587524158,0,0,19
17776,0,35589527083,35589527055,0,0,27
17778,0,3555940415,3555940387,0,0,27
17779,0,35595533807,35595533802,0,0,4
17780,0,35597536143,35597536247,0,0,-103
17781,0,35599538139,35599538128,0,0,11
17782,0,35601540646,35601540605,0,0,40
17783,0,35603542757,35603542726,0,0,30
17785,0,35607547112,35607547087,0,0,24
17787,0,35611551938,35611551889,0,0,49
17788,0,35613554150,35613554125,0,0,24
17789,0,35615556705,35615556660,0,0,44
17790,0,35617558107,35617558073,0,0,33
17793,0,35623565056,35623565022,0,0,33
17795,0,35627569764,35627569744,0,0,20
17796,0,35629571944,35629571919,0,0,25
17798,0,35633576682,35633576630,0,0,51
17799,0,35635578856,35635578826,0,0,29
17800,0,35637580615,35637580586,0,0,28
17801,0,35639582903,35639582889,0,0,13
17802,0,35641585301,35641585227,0,0,74
17803,0,35643589008,35643589000,0,0,8
17805,0,35647591863,35647591826,0,0,37
17807,0,35651596355,35651596314,0,0,40
17808,0,35653599349,35653599342,0,0,6
17809,0,35655601820,35655601806,0,0,13
17810,0,35657603135,35657603096,0,0,39
17813,0,35663609579,35663609560,0,0,19
17815,0,35667613543,35667613539,0,0,4
17816,0,35669615140,35669615119,0,0,21
17818,0,35673620817,35673620835,0,0,-17
17819,0,35675623415,35675623450,0,0,-35
17820,0,35677625186,35677625230,0,0,-43
17821,0,35679628164,35679628192,0,0,-28
17822,0,35681629768,35681629780,0,0,-11
17823,0,35683632489,35683632451,0,0,38
17825,0,35687635853,35687635842,0,0,10
17827,0,35691639789,35691639779,0,0,9
17828,0,35693644674,35693644699,0,0,-24
17829,0,35695645139,35695645124,0,0,14
17830,0,35697647738,35697647725,0,0,13
17833,0,35703653116,35703653101,0,0,15
17835,0,35707657955,35707657997,0,0,-42
17836,0,35709659660,35709659651,0,0,8
17838,0,35713665178,35713665152,0,0,26
17839,0,35715668530,35715668515,0,0,15
17840,0,35717669587,35717669598,0,0,-11
17841,0,35719671995,35719671966,0,0,29
17842,0,35721674399,35721674450,0,0,-51
17843,0,35723676561,35723676547,0,0,13
17845,0,35727681238,35727681247,0,0,-8
17847,0,35731685229,35731685200,0,0,29
17848,0,35733687334,35733687321,0,0,13
17849,0,35735690113,35735690065,0,0,47
17850,0,35737691769,35737691712,0,0,57
17853,0,35743699640,35743699619,0,0,20
17855,0,35747702452,35747702505,0,0,-53
17856,0,35749704591,35749704609,0,0,-17
17858,0,35753710492,35753710446,0,0,46
17859,0,35755711690,35755711660,0,0,30
17860,0,35757714564,35757714479,0,0,84
17861,0,35759716580,35759716545,0,0,35
17862,0,35761718943,35761718894,0,0,48
17863,0,35763721062,35763720993,0,0,68
17865,0,35767724008,35767723947,0,0,61
17867,0,35771729552,35771729483,0,0,69
17868,0,35773731928,35773731862,0,0,65
17869,0,35775733742,35775733696,0,0,45
17870,0,35777735860,35777735820,0,0,40
17873,0,35783743301,35783743278,0,0,22
17875,0,35787747494,35787747480,0,0,13
17876,0,35789750716,35789750704,0,0,12
17878,0,35793756201,35793756157,0,0,43
17879,0,35795757388,35795757341,0,0,47
17880,0,35797758346,35797758298,0,0,47
17881,0,35799760276,35799760249,0,0,27
17882,0,35801763185,35801763125,0,0,60
17883,0,35803766025,35803765994,0,0,31
17885,0,35807769908,35807769900,0,0,8
17887,0,35811774234,35811774208,0,0,25
17888,0,35813776500,35813776492,0,0,8
17889,0,35815778668,35815778634,0,0,33
17890,0,35817781013,35817780980,0,0,32
17893,0,35823787170,35823787132,0,0,37
17895,0,35827792854,35827792817,0,0,37
17896,0,35829795560,35829795531,0,0,29
17898,0,35833798853,35833798786,0,0,66
17899,0,35835800770,35835800732,0,0,37
17900,0,35837802954,35837802933,0,0,20
17901,0,35839805387,35839805339,0,0,47
17902,0,35841808437,35841808408,0,0,28
17903,0,35843811559,35843811512,0,0,47
17905,0,35847814376,35847814365,0,0,11
17907,0,35851818381,35851818408,0,0,-27
17908,0,35853821395,35853821416,0,0,-20
17909,0,35855822771,35855822806,0,0,-34
17910,0,35857824311,35857824256,0,0,55
17913,0,35863832278,35863832305,0,0,-26
17915,0,35867836595,35867836603,0,0,-8
17916,0,35869838759,35869838716,0,0,42
17918,0,35873843213,35873843172,0,0,41
17919,0,35875845351,35875845295,0,0,56
17920,0,35877847388,35877847334,0,0,53
17921,0,35879849913,35879849866,0,0,47
17922,0,35881852146,35881852088,0,0,57
17923,0,35883854117,35883854128,0,0,-10
17925,0,35887858562,35887858569,0,0,-6
17927,0,35891862676,35891862640,0,0,35
17928,0,35893865997,35893865986,0,0,11
17929,0,35895867360,35895867332,0,0,27
17930,0,35897869190,35897869182,0,0,8
17933,0,35903876622,35903876640,0,0,-17
17935,0,35907880521,35907880534,0,0,-13
17936,0,35909882332,35909882305,0,0,26
17938,0,35913886608,35913886588,0,0,19
17939,0,35915889849,35915889823,0,0,25
17940,0,35917892337,35917892347,0,0,-9
17941,0,35919894118,35919894086,0,0,31
17942,0,35921896837,35921896862,0,0,-24
17943,0,35923899217,35923899262,0,0,-44
17945,0,35927903459,35927903502,0,0,-42
17947,0,35931907532,35931907517,0,0,15
17948,0,35933910950,35933910934,0,0,16
17949,0,35935911786,35935911752,0,0,33
17950,0,35937912878,35937912933,0,0,-54
17953,0,35943919718,35943919686,0,0,31
17955,0,35947924652,35947924626,0,0,25
17956,0,35949927560,35949927587,0,0,-26
17958,0,35953931136,35953931148,0,0,-12
17959,0,35955934705,35955934667,0,0,37
17960,0,35957936092,35957936045,0,0,47
17961,0,35959937808,35959937783,0,0,25
17962,0,35961940825,35961940800,0,0,24
17963,0,35963943116,35963943139,0,0,-22
17965,0,35967947706,35967947749,0,0,-42
17967,0,35971953420,35971953453,0,0,-33
17968,0,35973954923,35973954952,0,0,-29
17969,0,35975956425,35975956465,0,0,-39
17970,0,35977958970,35977958943,0,0,27
17973,0,35983964808,35983964775,0,0,33
17975,0,35987970141,35987970116,0,0,24
17976,0,35989972325,35989972301,0,0,24
17978,0,3595984869,3595984883,0,0,-14
17979,0,35995979119,35995979088,0,0,30
17980,0,35997981142,35997981149,0,0,-6
17981,0,35999983375,35999983353,0,0,21
17982,0,36001985631,36001985607,0,0,23
17983,0,36003987783,36003987757,0,0,25
17985,0,36007992500,36007992505,0,0,-5
17987,0,36011996339,36011996330,0,0,8
17988,0,36013998979,36013998943,0,0,36
17989,0,36016001000,36016000975,0,0,24
17990,0,36018003788,36018003777,0,0,11
17993,0,36024010051,36024010028,0,0,23
17995,0,36028014659,36028014605,0,0,53
17996,0,36030016622,36030016611,0,0,11
17998,0,36034021760,36034021725,0,0,35
17999,0,36036023397,36036023375,0,0,21
18000,0,36038025356,36038025347,0,0,8
18001,0,36040027899,36040027867,0,0,31
18002,0,36042030105,36042030098,0,0,7
18003,0,36044033510,36044033469,0,0,40
18005,0,36048036557,36048036571,0,0,-13
18007,0,36052041091,36052041062,0,0,28
18008,0,36054043228,36054043265,0,0,-36
18009,0,36056045589,36056045617,0,0,-28
18010,0,36058047701,36058047731,0,0,-29
18013,0,36064054395,36064054460,0,0,-65
18015,0,36068058840,36068058799,0,0,40
18016,0,36070061463,36070061474,0,0,-11
18018,0,36074065830,36074065786,0,0,44
18019,0,36076067941,36076067916,0,0,24
18020,0,36078069870,36078069835,0,0,35
18021,0,36080072159,36080072101,0,0,58
18022,0,36082074740,36082074695,0,0,44
18023,0,36084076528,36084076467,0,0,60
18025,0,36088081332,36088081289,0,0,43
18027,0,36092085930,36092085854,0,0,75
18028,0,36094088686,36094088634,0,0,51
18029,0,36096089273,36096089215,0,0,57
18030,0,36098092129,36098092103,0,0,26
18033,0,36104098745,36104098786,0,0,-41
18035,0,36108103334,36108103354,0,0,-20
18036,0,36110105859,36110105842,0,0,17
18038,0,36114111712,36114111680,0,0,31
18039,0,36116112923,36116112889,0,0,34
18040,0,36118115148,36118115110,0,0,37
18041,0,36120115947,36120115913,0,0,33
18042,0,36122119238,36122119271,0,0,-33
18043,0,36124121094,36124121057,0,0,37
18045,0,36128125710,36128125661,0,0,48
18047,0,36132128694,36132128659,0,0,35
18048,0,36134131346,36134131335,0,0,10
18049,0,36136134125,36136134078,0,0,46
18050,0,36138135912,36138135904,0,0,8
18053,0,36144143326,36144143260,0,0,65
18055,0,36148147347,36148147314,0,0,32
18056,0,36150148943,36150148925,0,0,17
18058,0,36154155743,36154155700,0,0,43
18059,0,36156156723,36156156698,0,0,24
18060,0,36158158973,36158158964,0,0,8
18061,0,36160161135,36160161098,0,0,36
18062,0,36162163728,36162163690,0,0,37
18063,0,36164166094,36164166050,0,0,43
18065,0,36168170220,36168170188,0,0,31
18067,0,36172174291,36172174269,0,0,21
18068,0,36174176927,36174176903,0,0,23
18069,0,36176178940,36176178912,0,0,27
18070,0,36178181017,36178180974,0,0,43
18073,0,36184188114,36184188130,0,0,-16
18075,0,36188192803,36188192747,0,0,56
18076,0,36190195071,36190195053,0,0,17
18078,0,36194201364,36194201343,0,0,20
18079,0,36196201220,36196201173,0,0,47
18080,0,36198203699,36198203686,0,0,13
18081,0,36200206069,36200206044,0,0,24
18082,0,36202208173,36202208158,0,0,15
18083,0,36204210016,36204210043,0,0,-26
18085,0,36208214440,36208214447,0,0,-7
18087,0,36212219104,36212219063,0,0,40
18088,0,36214221397,36214221440,0,0,-42
18089,0,36216223141,36216223096,0,0,44
18090,0,36218224894,36218224842,0,0,51
18093,0,36224231061,36224230997,0,0,64
18095,0,36228237132,36228237093,0,0,38
18096,0,36230239513,36230239472,0,0,40
18098,0,36234244438,36234244416,0,0,21
18099,0,36236245453,36236245393,0,0,60
18100,0,36238248056,36238248004,0,0,51
18101,0,36240249813,36240249818,0,0,-5
18102,0,36242251694,36242251714,0,0,-20
18103,0,36244254608,36244254542,0,0,65
18105,0,36248258487,36248258458,0,0,29
18107,0,36252264050,36252264013,0,0,37
18108,0,36254266331,36254266357,0,0,-26
18109,0,36256267957,36256267918,0,0,38
18110,0,36258270334,36258270344,0,0,-10
18113,0,36264276834,36264276766,0,0,68
18115,0,36268281321,36268281262,0,0,58
18116,0,36270283544,36270283519,0,0,24
18118,0,36274288854,36274288815,0,0,39
18119,0,36276291993,36276291959,0,0,33
18120,0,36278293680,36278293668,0,0,12
18121,0,36280295619,36280295559,0,0,59
18122,0,36282297873,36282297824,0,0,48
18123,0,36284298993,36284298968,0,0,25
18125,0,36288303370,36288303345,0,0,24
18127,0,36292308307,36292308293,0,0,14
18128,0,36294312001,36294311952,0,0,49
18129,0,36296312534,36296312521,0,0,12
18130,0,36298314347,36298314290,0,0,56
18133,0,36304321186,36304321178,0,0,7
18135,0,36308325409,36308325374,0,0,35
18136,0,36310327597,36310327572,0,0,25
18138,0,36314333039,36314333013,0,0,25
18139,0,36316334842,36316334830,0,0,11
18140,0,36318337315,36318337282,0,0,33
18141,0,36320339370,36320339347,0,0,23
18142,0,36322342123,36322342150,0,0,-26
18143,0,36324344739,36324344701,0,0,37
18145,0,36328347908,36328347903,0,0,5
18147,0,36332352483,36332352448,0,0,35
18148,0,36334355159,36334355152,0,0,7
18149,0,36336356673,36336356638,0,0,34
18150,0,36338359942,36338359923,0,0,18
18153,0,36344364876,36344364885,0,0,-9
18155,0,36348371105,36348371068,0,0,36
18156,0,36350372786,36350372770,0,0,15
18158,0,36354377114,36354377101,0,0,13
18159,0,36356378704,36356378741,0,0,-36
18160,0,36358380970,36358381035,0,0,-65
18161,0,36360383667,36360383719,0,0,-51
18162,0,36362386029,36362386006,0,0,23
18163,0,36364387733,36364387701,0,0,32
18165,0,36368392722,36368392779,0,0,-57
18167,0,36372396928,36372396937,0,0,-9
18168,0,36374399597,36374399638,0,0,-41
18169,0,36376401498,36376401505,0,0,-6
18170,0,36378403928,36378403901,0,0,26
18173,0,36384410155,36384410136,0,0,18
18175,0,36388414878,36388414860,0,0,17
18176,0,36390416685,36390416626,0,0,58
18178,0,3636028376,3636028341,0,0,34
18179,0,36396423200,36396423217,0,0,-16
18180,0,36398425103,36398425086,0,0,17
18181,0,36400427926,36400427889,0,0,37
18182,0,36402430258,36402430241,0,0,17
18183,0,36404432388,36404432368,0,0,20
18185,0,36408437648,36408437639,0,0,8
18187,0,36412441182,36412441151,0,0,30
18188,0,36414443578,36414443569,0,0,8
18189,0,36416445546,36416445600,0,0,-53
18190,0,36418447506,36418447531,0,0,-24
18193,0,36424455082,36424455057,0,0,24
18195,0,36428458907,36428458899,0,0,8
18196,0,36430461224,36430461215,0,0,8
18198,0,36434465872,36434465909,0,0,-36
18199,0,36436468518,36436468478,0,0,39
18200,0,36438470140,36438470132,0,0,7
18201,0,36440471671,36440471687,0,0,-15
18202,0,36442474979,36442474970,0,0,8
18203,0,36444477652,36444477620,0,0,31
18205,0,36448481374,36448481358,0,0,15
18207,0,36452486710,36452486652,0,0,57
18208,0,36454489348,36454489328,0,0,20
18209,0,36456490116,36456490083,0,0,32
18210,0,36458492716,36458492660,0,0,56
18213,0,36464499098,36464499040,0,0,58
18215,0,36468503463,36468503438,0,0,25
18216,0,36470505692,36470505674,0,0,17
18218,0,36474510130,36474510080,0,0,49
18219,0,36476511811,36476511755,0,0,56
18220,0,36478514794,36478514764,0,0,29
18221,0,36480517056,36480517080,0,0,-24
18222,0,36482519015,36482518975,0,0,40
18223,0,36484521772,36484521725,0,0,47
18225,0,36488525682,36488525631,0,0,51
18227,0,36492530640,36492530620,0,0,20
18228,0,36494534339,36494534388,0,0,-49
18229,0,36496535443,36496535456,0,0,-13
18230,0,36498537016,36498537047,0,0,-30
18233,0,36504543710,36504543660,0,0,49
18235,0,36508548016,36508547977,0,0,39
18236,0,36510550483,36510550497,0,0,-14
18238,0,36514555172,36514555203,0,0,-31
18239,0,36516556985,36516557011,0,0,-25
18240,0,36518559239,36518559274,0,0,-35
18241,0,36520562122,36520562150,0,0,-28
18242,0,36522564905,36522564894,0,0,10
18243,0,36524566470,36524566507,0,0,-36
18245,0,36528570484,36528570536,0,0,-51
18247,0,36532574676,36532574700,0,0,-23
18248,0,36534576708,36534576761,0,0,-53
18249,0,36536578388,36536578364,0,0,24
18250,0,36538581789,36538581764,0,0,25
18253,0,36544588102,36544588063,0,0,38
18255,0,36548592501,36548592465,0,0,35
18256,0,36550595138,36550595129,0,0,8
18258,0,36554599765,36554599732,0,0,33
18259,0,36556601146,36556601117,0,0,29
18260,0,36558604264,36558604258,0,0,5
18261,0,36560606325,36560606284,0,0,41
18262,0,36562608255,36562608207,0,0,47
18263,0,36564610567,36564610535,0,0,31
18265,0,36568614744,36568614729,0,0,15
18267,0,36572619808,36572619816,0,0,-8
18268,0,36574621937,36574621978,0,0,-40
18269,0,36576623901,36576623871,0,0,29
18270,0,36578625889,36578625856,0,0,33
18273,0,36584631665,36584631721,0,0,-56
18275,0,36588636722,36588636762,0,0,-40
18276,0,36590638789,36590638809,0,0,-20
18278,0,36594644998,36594644950,0,0,47
18279,0,36596646235,36596646187,0,0,47
18280,0,36598648457,36598648420,0,0,37
18281,0,36600650654,36600650604,0,0,50
18282,0,36602652620,36602652595,0,0,24
18283,0,36604654968,36604654907,0,0,60
18285,0,36608658366,36608658341,0,0,24
18287,0,36612663566,36612663536,0,0,30
18288,0,36614665788,36614665770,0,0,17
18289,0,36616667211,36616667245,0,0,-34
18290,0,36618670463,36618670420,0,0,42
18293,0,36624677156,36624677130,0,0,25
18295,0,36628681571,36628681602,0,0,-31
18296,0,36630683929,36630683952,0,0,-22
18298,0,36634689033,36634689009,0,0,24
18299,0,36636689294,36636689253,0,0,40
18300,0,36638692952,36638692932,0,0,19
18301,0,36640694615,36640694595,0,0,20
18302,0,36642696455,36642696440,0,0,15
18303,0,36644699894,36644699868,0,0,25
18305,0,36648702694,36648702664,0,0,29
18307,0,36652708282,36652708241,0,0,40
18308,0,36654710549,36654710519,0,0,29
18309,0,36656712606,36656712591,0,0,15
18310,0,36658715250,36658715235,0,0,15
18313,0,36664721286,36664721265,0,0,20
18315,0,36668726159,36668726132,0,0,26
18316,0,36670728905,36670728895,0,0,9
18318,0,36674733303,36674733267,0,0,36
18319,0,36676734852,36676734827,0,0,24
18320,0,36678737058,36678737066,0,0,-8
18321,0,36680739144,36680739136,0,0,8
18322,0,36682740662,36682740641,0,0,20
18323,0,36684743566,36684743539,0,0,26
18325,0,36688747343,36688747374,0,0,-31
18327,0,36692752683,36692752673,0,0,9
18328,0,36694756608,36694756571,0,0,36
18329,0,36696757265,36696757244,0,0,20
18330,0,36698759166,36698759150,0,0,16
18333,0,36704765797,36704765792,0,0,5
18335,0,36708769336,36708769305,0,0,30
18336,0,36710773352,36710773359,0,0,-6
18338,0,36714777353,36714777365,0,0,-11
18339,0,36716779280,36716779249,0,0,31
18340,0,36718782045,36718782017,0,0,27
18341,0,36720783930,36720783921,0,0,8
18342,0,36722786290,36722786271,0,0,18
18343,0,36724789073,36724789047,0,0,25
18345,0,36728793157,36728793147,0,0,9
18347,0,36732797135,36732797100,0,0,35
18348,0,36734799646,36734799635,0,0,11
18349,0,36736801793,36736801781,0,0,11
18350,0,36738804011,36738803965,0,0,45
18353,0,36744810667,36744810638,0,0,29
18355,0,36748815336,36748815282,0,0,53
18356,0,36750817552,36750817525,0,0,26
18358,0,36754822269,36754822282,0,0,-13
18359,0,36756824604,36756824557,0,0,47
18360,0,36758826423,36758826400,0,0,23
18361,0,36760828440,36760828415,0,0,25
18362,0,36762830782,36762830820,0,0,-38
18363,0,36764833531,36764833514,0,0,17
18365,0,36768836901,36768836892,0,0,8
18367,0,36772841955,36772841932,0,0,22
18368,0,36774843605,36774843621,0,0,-15
18369,0,36776846070,36776846036,0,0,33
18370,0,36778848115,36778848065,0,0,49
18373,0,36784854689,36784854642,0,0,47
18375,0,36788859427,36788859400,0,0,27
18376,0,36790862062,36790862051,0,0,11
18378,0,3676072926,3676072941,0,0,-15
18379,0,36796868332,36796868288,0,0,44
18380,0,36798870578,36798870564,0,0,13
18381,0,36800872991,36800872973,0,0,17
18382,0,36802875400,36802875361,0,0,38
18383,0,36804877804,36804877768,0,0,36
18385,0,36808882122,36808882103,0,0,18
18387,0,36812887302,36812887253,0,0,49
18388,0,36814888502,36814888455,0,0,47
18389,0,36816891028,36816890985,0,0,42
18390,0,36818893377,36818893318,0,0,59
18393,0,36824899391,36824899334,0,0,57
18395,0,36828904273,36828904235,0,0,37
18396,0,36830906325,36830906307,0,0,17
18398,0,36834911182,36834911144,0,0,38
18399,0,36836912870,36836912838,0,0,32
18400,0,36838915162,36838915124,0,0,38
18401,0,36840917530,36840917492,0,0,37
18402,0,36842919650,36842919604,0,0,45
18403,0,36844921976,36844921941,0,0,35
18405,0,36848927724,36848927665,0,0,58
18407,0,36852930611,36852930563,0,0,47
18408,0,36854932999,36854932988,0,0,11
18409,0,36856935759,36856935732,0,0,26
18410,0,36858937763,36858937717,0,0,45
18413,0,36864944384,36864944426,0,0,-42
18415,0,36868948155,36868948176,0,0,-20
18416,0,36870949753,36870949790,0,0,-36
18418,0,36874955568,36874955595,0,0,-26
18419,0,36876957090,36876957101,0,0,-10
18420,0,36878958566,36878958631,0,0,-64
18421,0,36880961952,36880961979,0,0,-26
18422,0,36882964283,36882964295,0,0,-12
18423,0,36884966982,36884967011,0,0,-28
18425,0,36888969636,36888969671,0,0,-35
18427,0,36892975239,36892975260,0,0,-20
18428,0,36894978908,36894978919,0,0,-11
18429,0,36896979740,36896979707,0,0,33
18430,0,36898981741,36898981732,0,0,8
18433,0,36904988831,36904988808,0,0,23
18435,0,36908992863,36908992843,0,0,20
18436,0,36910995267,36910995243,0,0,23
18438,0,36914999534,36914999601,0,0,-66
18439,0,36917001838,36917001798,0,0,39
18440,0,36919003602,36919003578,0,0,23
18441,0,36921005802,36921005765,0,0,37
18442,0,36923009502,36923009462,0,0,39
18443,0,36925010089,36925010067,0,0,22
18445,0,36929015429,36929015416,0,0,13
18447,0,36933019270,36933019311,0,0,-40
18448,0,36935020593,36935020638,0,0,-44
18449,0,36937022757,36937022739,0,0,17
18450,0,36939025445,36939025395,0,0,49
18453,0,36945032585,36945032572,0,0,13
18455,0,36949036652,36949036680,0,0,-27
18456,0,36951039545,36951039584,0,0,-38
18458,0,36955044204,36955044256,0,0,-52
18459,0,36957046850,36957046885,0,0,-34
18460,0,36959048484,36959048534,0,0,-49
18461,0,36961050871,36961050820,0,0,51
18462,0,36963052892,36963052852,0,0,40
18463,0,36965054746,36965054721,0,0,24
18465,0,36969059866,36969059854,0,0,11
18467,0,36973063887,36973063861,0,0,25
18468,0,36975066562,36975066543,0,0,18
18469,0,36977068977,36977068943,0,0,34
18470,0,36979071386,36979071345,0,0,41
18473,0,36985077533,36985077546,0,0,-12
18475,0,36989082168,36989082116,0,0,51
18476,0,36991084346,36991084332,0,0,13
18478,0,36995089995,36995089961,0,0,33
18479,0,36997092112,36997092053,0,0,58
18480,0,36999093562,36999093553,0,0,8
18481,0,37001095745,37001095717,0,0,27
18482,0,37003098262,37003098226,0,0,36
18483,0,37005099692,37005099646,0,0,45
18485,0,37009104272,37009104236,0,0,35
18487,0,37013108449,37013108440,0,0,8
18488,0,37015111623,37015111644,0,0,-20
18489,0,37017113723,37017113736,0,0,-13
18490,0,37019115191,37019115215,0,0,-24
18493,0,37025122152,37025122195,0,0,-42
18495,0,37029125021,37029125042,0,0,-21
18496,0,37031128447,37031128452,0,0,-5
18498,0,37035132439,37035132375,0,0,63
18499,0,37037135999,37037135981,0,0,17
18500,0,37039137760,37039137747,0,0,13
18501,0,37041139958,37041139948,0,0,9
18502,0,37043142132,37043142098,0,0,33
18503,0,37045144226,37045144276,0,0,-50
18505,0,37049148698,37049148783,0,0,-85
18507,0,37053152856,37053152908,0,0,-52
18508,0,37055155943,37055155934,0,0,8
18509,0,37057157364,37057157357,0,0,7
18510,0,37059160445,37059160420,0,0,24
18513,0,37065166520,37065166511,0,0,8
18515,0,37069170763,37069170755,0,0,7
18516,0,37071172651,37071172705,0,0,-54
18518,0,37075176947,37075176913,0,0,33
18519,0,37077179644,37077179624,0,0,20
18520,0,37079181142,37079181111,0,0,31
18521,0,37081184774,37081184754,0,0,20
18522,0,37083186552,37083186529,0,0,23
18523,0,37085189878,37085189835,0,0,42
18525,0,37089192912,37089192906,0,0,5
18527,0,37093197955,37093197908,0,0,46
18528,0,37095201435,37095201468,0,0,-33
18529,0,37097202059,37097202102,0,0,-42
18530,0,37099204274,37099204293,0,0,-19
18533,0,37105211103,37105211069,0,0,33
18535,0,37109215114,37109215079,0,0,34
18536,0,37111217720,37111217685,0,0,34
18538,0,37115221492,37115221402,0,0,89
18539,0,37117224808,37117224762,0,0,45
18540,0,37119226689,37119226641,0,0,48
18541,0,37121229111,37121229067,0,0,43
18542,0,37123231177,37123231137,0,0,40
18543,0,37125233399,37125233346,0,0,53
18545,0,37129237531,37129237486,0,0,44
18547,0,37133242031,37133241966,0,0,65
18548,0,37135244105,37135244078,0,0,27
18549,0,37137245239,37137245202,0,0,37
18550,0,37139248042,37139248008,0,0,33
18553,0,37145255514,37145255476,0,0,38
18555,0,37149260452,37149260470,0,0,-17
18556,0,37151262795,37151262862,0,0,-67
18558,0,37155266550,37155266561,0,0,-11
18559,0,37157268635,37157268598,0,0,37
18560,0,37159269903,37159269883,0,0,20
18561,0,37161272141,37161272172,0,0,-31
18562,0,37163275748,37163275730,0,0,17
18563,0,37165278031,37165277997,0,0,33
18565,0,37169281887,37169281850,0,0,36
18567,0,37173286909,37173286874,0,0,35
18568,0,37175289479,37175289433,0,0,46
18569,0,37177291184,37177291160,0,0,23
18570,0,37179294692,37179294647,0,0,44
18573,0,37185299562,37185299550,0,0,11
18575,0,37189304813,37189304766,0,0,47
18576,0,37191307052,37191307044,0,0,8
18578,0,3716117293,3716117245,0,0,47
18579,0,37197313644,37197313607,0,0,37
18580,0,37199315514,37199315510,0,0,4
18581,0,37201318065,37201318035,0,0,29
18582,0,37203319817,37203319898,0,0,-80
18583,0,37205322287,37205322258,0,0,29
18585,0,37209326755,37209326739,0,0,15
18587,0,37213330786,37213330758,0,0,27
18588,0,37215333588,37215333579,0,0,8
18589,0,37217335312,37217335288,0,0,23
18590,0,37219336419,37219336411,0,0,8
18593,0,37225344598,37225344651,0,0,-53
18595,0,37229349537,37229349573,0,0,-36
18596,0,37231352357,37231352383,0,0,-26
18598,0,37235355774,37235355796,0,0,-22
18599,0,37237357492,37237357460,0,0,31
18600,0,37239358714,37239358705,0,0,8
18601,0,37241361625,37241361584,0,0,41
18602,0,37243364233,37243364176,0,0,57
18603,0,37245365933,37245365884,0,0,49
18605,0,37249369887,37249369878,0,0,8
18607,0,37253375590,37253375553,0,0,36
18608,0,37255378254,37255378306,0,0,-51
18609,0,37257380238,37257380265,0,0,-27
18610,0,37259382692,37259382684,0,0,8
18613,0,37265389395,37265389357,0,0,38
18615,0,37269393141,37269393111,0,0,30
18616,0,37271395697,37271395723,0,0,-26
18618,0,37275401252,37275401276,0,0,-23
18619,0,37277402298,37277402326,0,0,-28
18620,0,37279405120,37279405162,0,0,-42
18621,0,37281406823,37281406797,0,0,25
18622,0,37283409346,37283409368,0,0,-22
18623,0,37285410823,37285410774,0,0,49
18625,0,37289416772,37289416744,0,0,27
18627,0,37293419528,37293419480,0,0,47
18628,0,37295422866,37295422826,0,0,40
18629,0,37297424456,37297424417,0,0,38
18630,0,37299426680,37299426701,0,0,-20
18633,0,37305432525,37305432578,0,0,-52
18635,0,37309437524,37309437559,0,0,-34
18636,0,37311438875,37311438875,0,0,0
18638,0,37315443941,37315443904,0,0,37
18639,0,37317447720,37317447683,0,0,37
18640,0,37319450352,37319450314,0,0,38
18641,0,37321451249,37321451208,0,0,40
18642,0,37323454098,37323454058,0,0,40
18643,0,37325456970,37325456925,0,0,44
18645,0,37329460505,37329460465,0,0,39
18647,0,37333464572,37333464516,0,0,55
18648,0,37335466995,37335466952,0,0,43
18649,0,37337469148,37337469109,0,0,38
18650,0,37339471431,37339471380,0,0,50
18653,0,37345476959,37345476942,0,0,17
18655,0,37349482299,37349482271,0,0,28
18656,0,37351484941,37351484893,0,0,48
18658,0,37355489247,37355489200,0,0,47
18659,0,37357491244,37357491229,0,0,15
18660,0,37359494305,37359494285,0,0,20
18661,0,37361495934,37361495904,0,0,29
18662,0,37363499701,37363499676,0,0,24
18663,0,37365499923,37365499974,0,0,-50
18665,0,37369504393,37369504456,0,0,-62
18667,0,37373509121,37373509147,0,0,-26
18668,0,37375510925,37375510990,0,0,-65
18669,0,37377512234,37377512271,0,0,-36
18670,0,37379515915,37379515930,0,0,-15
18673,0,37385521434,37385521474,0,0,-39
18675,0,37389526995,37389526986,0,0,8
18676,0,37391529461,37391529509,0,0,-47
18678,0,37395535048,37395534983,0,0,65
18679,0,37397535703,37397535668,0,0,34
18680,0,37399537961,37399537932,0,0,29
18681,0,37401541546,37401541537,0,0,8
18682,0,37403543814,37403543788,0,0,25
18683,0,37405544959,37405544932,0,0,26
18685,0,37409549131,37409549114,0,0,16
18687,0,37413553269,37413553226,0,0,42
18688,0,37415555163,37415555125,0,0,38
18689,0,37417558215,37417558205,0,0,10
18690,0,37419560292,37419560278,0,0,13
18693,0,37425565959,37425565951,0,0,8
18695,0,37429571184,37429571166,0,0,17
18696,0,37431573894,37431573869,0,0,24
18698,0,37435579089,37435579079,0,0,10
18699,0,37437580282,37437580268,0,0,13
18700,0,37439582856,37439582865,0,0,-9
18701,0,37441585342,37441585297,0,0,44
18702,0,37443587117,37443587073,0,0,44
18703,0,37445589105,37445589063,0,0,41
18705,0,37449593516,37449593498,0,0,17
18707,0,37453597790,37453597749,0,0,40
18708,0,37455599609,37455599583,0,0,26
18709,0,37457602871,37457602837,0,0,33
18710,0,37459604774,37459604783,0,0,-8
18713,0,37465611535,37465611483,0,0,52
18715,0,37469616508,37469616426,0,0,82
18716,0,37471617855,37471617829,0,0,25
18718,0,37475621653,37475621631,0,0,22
18719,0,37477624701,37477624652,0,0,49
18720,0,37479626515,37479626460,0,0,54
18721,0,37481628341,37481628276,0,0,65
18722,0,37483631224,37483631175,0,0,49
18723,0,37485632555,37485632514,0,0,40
18725,0,37489638358,37489638323,0,0,35
18727,0,37493642262,37493642224,0,0,38
18728,0,37495644903,37495644887,0,0,15
18729,0,37497647072,37497647030,0,0,42
18730,0,37499649175,37499649161,0,0,13
18733,0,37505655168,37505655157,0,0,11
18735,0,37509660604,37509660579,0,0,24
18736,0,37511662099,37511662139,0,0,-39
18738,0,37515666840,37515666814,0,0,25
18739,0,37517668363,37517668336,0,0,26
18740,0,37519671363,37519671352,0,0,10
18741,0,37521674179,37521674146,0,0,33
18742,0,37523675781,37523675745,0,0,35
18743,0,37525677952,37525677947,0,0,5
18745,0,37529682602,37529682633,0,0,-31
18747,0,37533687164,37533687135,0,0,29
18748,0,37535689348,37535689303,0,0,44
18749,0,37537691398,37537691374,0,0,24
18750,0,37539693715,37539693705,0,0,9
18753,0,37545700358,37545700254,0,0,103
18755,0,37549703467,37549703435,0,0,32
18756,0,37551706093,37551706033,0,0,59
18758,0,37555711575,37555711546,0,0,29
18759,0,37557713750,37557713730,0,0,20
18760,0,37559715881,37559715824,0,0,57
18761,0,37561718021,37561717977,0,0,43
18762,0,37563720523,37563720515,0,0,8
18763,0,37565722961,37565722923,0,0,38
18765,0,37569727200,37569727169,0,0,31
18767,0,37573732512,37573732467,0,0,45
18768,0,37575734387,37575734361,0,0,25
18769,0,37577736417,37577736372,0,0,44
18770,0,37579737815,37579737807,0,0,8
18773,0,37585745400,37585745330,0,0,69
18775,0,37589749385,37589749402,0,0,-16
18776,0,37591751998,37591751963,0,0,35
18778,0,3756162983,3756162937,0,0,46
18779,0,37597759578,37597759546,0,0,31
18780,0,37599760492,37599760449,0,0,43
18781,0,37601762971,37601762942,0,0,29
18782,0,37603765215,37603765168,0,0,47
18783,0,37605766961,37605766922,0,0,39
18785,0,37609771960,37609771933,0,0,26
18787,0,37613775791,37613775757,0,0,33
18788,0,37615778858,37615778810,0,0,47
18789,0,37617781224,37617781186,0,0,38
18790,0,37619782852,37619782818,0,0,33
18793,0,37625789374,37625789349,0,0,24
18795,0,37629793745,37629793737,0,0,8
18796,0,37631795662,37631795655,0,0,6
18798,0,37635801015,37635800979,0,0,35
18799,0,37637802415,37637802377,0,0,37
18800,0,37639803626,37639803561,0,0,65
18801,0,37641806141,37641806123,0,0,17
18802,0,37643809270,37643809256,0,0,13
18803,0,37645811695,37645811641,0,0,53
18805,0,37649815223,37649815164,0,0,58
18807,0,37653821112,37653821094,0,0,17
18808,0,37655823881,37655823921,0,0,-39
18809,0,37657825020,37657825052,0,0,-31
18810,0,37659827144,37659827115,0,0,29
18813,0,37665834046,37665833988,0,0,57
18815,0,37669838197,37669838189,0,0,7
18816,0,37671840549,37671840570,0,0,-21
18818,0,37675845211,37675845263,0,0,-52
18819,0,37677847081,37677847113,0,0,-31
18820,0,37679849662,37679849624,0,0,38
18821,0,37681851434,37681851428,0,0,6
18822,0,37683854308,37683854297,0,0,11
18823,0,37685856159,37685856134,0,0,25
18825,0,37689860973,37689860927,0,0,46
18827,0,37693864972,37693864960,0,0,11
18828,0,37695868629,37695868600,0,0,29
18829,0,37697869526,37697869551,0,0,-24
18830,0,37699871769,37699871806,0,0,-36
18833,0,37705878496,37705878516,0,0,-20
18835,0,37709882669,37709882722,0,0,-52
18836,0,37711884943,37711884986,0,0,-42
18838,0,37715888769,37715888824,0,0,-55
18839,0,37717891718,37717891707,0,0,10
18840,0,37719893536,37719893579,0,0,-42
18841,0,37721895401,37721895435,0,0,-34
18842,0,37723898411,37723898438,0,0,-26
18843,0,37725900865,37725900912,0,0,-47
18845,0,37729905002,37729905030,0,0,-28
18847,0,37733909128,37733909191,0,0,-62
18848,0,37735911786,37735911837,0,0,-50
18849,0,37737913754,37737913813,0,0,-58
18850,0,37739915991,37739916017,0,0,-26
18853,0,37745922780,37745922832,0,0,-51
18855,0,37749927137,37749927106,0,0,30
18856,0,37751929249,37751929224,0,0,25
18858,0,37755934429,37755934385,0,0,43
18859,0,37757936223,37757936193,0,0,30
18860,0,37759938186,37759938177,0,0,8
18861,0,37761939606,37761939591,0,0,15
18862,0,37763942962,37763942925,0,0,37
18863,0,37765946566,37765946537,0,0,28
18865,0,37769949285,37769949276,0,0,8
18867,0,37773953806,37773953793,0,0,13
18868,0,37775956184,37775956164,0,0,20
18869,0,37777958453,37777958478,0,0,-24
18870,0,37779960208,37779960219,0,0,-11
18873,0,37785967552,37785967588,0,0,-35
18875,0,37789970727,37789970770,0,0,-42
18876,0,37791973987,37791973974,0,0,13
18878,0,37795980278,37795980254,0,0,23
18879,0,37797980757,37797980719,0,0,38
18880,0,37799983112,37799983077,0,0,35
18881,0,37801986428,37801986401,0,0,26
18882,0,37803987564,37803987543,0,0,20
18883,0,37805989689,37805989730,0,0,-40
18885,0,37809994153,37809994162,0,0,-8
18887,0,37813997925,37813997952,0,0,-26
18888,0,37815999579,37815999541,0,0,38
18889,0,37818002869,37818002839,0,0,30
18890,0,37820005704,37820005687,0,0,17
18893,0,37826011865,37826011879,0,0,-14
18895,0,37830016885,37830016849,0,0,35
18896,0,37832017388,37832017398,0,0,-10
18898,0,37836022887,37836022920,0,0,-32
18899,0,37838025483,37838025462,0,0,20
18900,0,37840027777,37840027757,0,0,20
18901,0,37842029526,37842029499,0,0,26
18902,0,37844031747,37844031735,0,0,11
18903,0,37846033768,37846033707,0,0,60
18905,0,37850038716,37850038660,0,0,55
18907,0,37854043008,37854042950,0,0,58
18908,0,37856045449,37856045471,0,0,-22
18909,0,37858047559,37858047507,0,0,52
18910,0,37860049719,37860049694,0,0,24
18913,0,37866056161,37866056133,0,0,28
18915,0,37870060384,37870060332,0,0,51
18916,0,37872062247,37872062190,0,0,57
18918,0,37876067582,37876067550,0,0,32
18919,0,37878069566,37878069508,0,0,57
18920,0,37880071830,37880071759,0,0,70
18921,0,37882073657,37882073575,0,0,81
18922,0,37884076289,37884076305,0,0,-16
18923,0,37886078884,37886078899,0,0,-15
18925,0,37890081844,37890081869,0,0,-24
18927,0,37894087580,37894087602,0,0,-21
18928,0,37896090802,37896090853,0,0,-50
18929,0,37898091967,37898091918,0,0,49
18930,0,37900094257,37900094252,0,0,4
18933,0,37906100798,37906100811,0,0,-13
18935,0,37910104973,37910104997,0,0,-24
18936,0,37912107532,37912107559,0,0,-26
18938,0,37916111955,37916111966,0,0,-11
18939,0,37918114861,37918114884,0,0,-22
18940,0,37920117064,37920117119,0,0,-54
18941,0,37922117254,37922117271,0,0,-16
18942,0,37924120047,37924120011,0,0,35
18943,0,37926122986,37926122928,0,0,57
18945,0,37930126469,37930126497,0,0,-28
18947,0,37934132205,37934132240,0,0,-35
18948,0,37936133962,37936133986,0,0,-24
18949,0,37938136449,37938136478,0,0,-28
18950,0,37940138786,37940138760,0,0,25
18953,0,37946144176,37946144139,0,0,37
18955,0,37950149617,37950149639,0,0,-21
18956,0,37952152005,37952152015,0,0,-10
18958,0,37956156708,37956156671,0,0,37
18959,0,37958158534,37958158570,0,0,-35
18960,0,37960160786,37960160760,0,0,25
18961,0,37962163331,37962163304,0,0,26
18962,0,37964165860,37964165842,0,0,17
18963,0,37966168204,37966168177,0,0,27
18965,0,37970172918,37970172883,0,0,35
18967,0,37974176198,37974176187,0,0,11
18968,0,37976178567,37976178534,0,0,33
18969,0,37978180798,37978180764,0,0,34
18970,0,37980183103,37980183091,0,0,11
18973,0,37986190002,37986189961,0,0,40
18975,0,37990192859,37990192840,0,0,18
18976,0,37992195982,37992195955,0,0,26
18978,0,3796207892,3796207841,0,0,50
18979,0,37998202927,37998202914,0,0,13
18980,0,38000204797,38000204777,0,0,20
18981,0,38002206612,38002206595,0,0,16
18982,0,38004209838,38004209807,0,0,31
18983,0,38006212267,38006212224,0,0,43
18985,0,38010215876,38010215832,0,0,43
18987,0,38014220098,38014220085,0,0,13
18988,0,38016223265,38016223249,0,0,15
18989,0,38018224968,38018224933,0,0,35
18990,0,38020227415,38020227403,0,0,12
18993,0,38026233328,38026233290,0,0,38
18995,0,38030239353,38030239340,0,0,13
18996,0,38032241161,38032241143,0,0,18
18998,0,38036245741,38036245725,0,0,15
18999,0,38038247211,38038247177,0,0,33
19000,0,38040248503,38040248488,0,0,14
19001,0,38042251193,38042251166,0,0,27
19002,0,38044254581,38044254562,0,0,18
19003,0,38046256812,38046256786,0,0,25
19005,0,38050260678,38050260693,0,0,-14
19007,0,38054265738,38054265797,0,0,-59
19008,0,38056269082,38056269123,0,0,-40
19009,0,38058270001,38058269970,0,0,31
19010,0,38060272447,38060272416,0,0,31
19013,0,38066277487,38066277521,0,0,-34
19015,0,38070284352,38070284388,0,0,-36
19016,0,38072286387,38072286449,0,0,-61
19018,0,38076289855,38076289863,0,0,-8
19019,0,38078292095,38078292123,0,0,-28
19020,0,38080294130,38080294141,0,0,-11
19021,0,38082296707,38082296676,0,0,31
19022,0,38084298620,38084298575,0,0,44
19023,0,38086301206,38086301185,0,0,20
19025,0,38090305779,38090305771,0,0,7
19027,0,38094311384,38094311374,0,0,9
19028,0,38096312157,38096312141,0,0,15
19029,0,38098314330,38098314313,0,0,17
19030,0,38100316662,38100316634,0,0,28
19033,0,38106323282,38106323264,0,0,17
19035,0,38110326548,38110326543,0,0,5
19036,0,38112329615,38112329558,0,0,57
19038,0,38116334343,38116334343,0,0,0
19039,0,38118336888,38118336855,0,0,33
19040,0,38120338604,38120338635,0,0,-31
19041,0,38122340763,38122340735,0,0,27
19042,0,38124343301,38124343258,0,0,42
19043,0,38126345685,38126345633,0,0,51
19045,0,38130351351,38130351324,0,0,26
19047,0,38134353905,38134353921,0,0,-15
19048,0,38136355209,38136355150,0,0,59
19049,0,38138358072,38138358039,0,0,33
19050,0,38140361474,38140361476,0,0,-2
19053,0,38146367190,38146367155,0,0,35
19055,0,38150372010,38150372039,0,0,-29
19056,0,38152374317,38152374351,0,0,-33
19058,0,38156379147,38156379101,0,0,46
19059,0,38158382065,38158382030,0,0,34
19060,0,38160384398,38160384321,0,0,76
19061,0,38162385473,38162385435,0,0,38
19062,0,38164387585,38164387546,0,0,39
19063,0,38166390442,38166390403,0,0,39
19065,0,38170394904,38170394845,0,0,58
19067,0,38174398638,38174398623,0,0,15
19068,0,38176401453,38176401393,0,0,60
19069,0,38178403227,38178403170,0,0,57
19070,0,38180405875,38180405809,0,0,65
19073,0,38186411361,38186411321,0,0,40
19075,0,38190416537,38190416480,0,0,56
19076,0,38192418969,38192419004,0,0,-35
19078,0,38196425222,38196425188,0,0,33
19079,0,38198425573,38198425546,0,0,26
19080,0,38200427622,38200427586,0,0,35
19081,0,38202430098,38202430075,0,0,23
19082,0,38204433355,38204433314,0,0,40
19083,0,38206434294,38206434317,0,0,-22
19085,0,38210438781,38210438791,0,0,-10
19087,0,38214443743,38214443686,0,0,57
19088,0,38216445936,38216445912,0,0,23
19089,0,38218447792,38218447746,0,0,45
19090,0,38220450177,38220450164,0,0,13
19093,0,38226457410,38226457339,0,0,71
19095,0,38230460971,38230460988,0,0,-16
19096,0,38232463056,38232463012,0,0,44
19098,0,38236466802,38236466788,0,0,14
19099,0,38238470429,38238470386,0,0,42
19100,0,38240473685,38240473654,0,0,31
19101,0,38242474602,38242474551,0,0,50
19102,0,38244477071,38244477062,0,0,8
19103,0,38246478811,38246478745,0,0,65
19105,0,38250483560,38250483514,0,0,45
19107,0,38254486510,38254486476,0,0,33
19108,0,38256490050,38256490013,0,0,36
19109,0,38258492130,38258492112,0,0,17
19110,0,38260494208,38260494173,0,0,35
19113,0,38266501534,38266501469,0,0,65
19115,0,38270505192,38270505195,0,0,-2
19116,0,38272507015,38272507026,0,0,-11
19118,0,38276512413,38276512379,0,0,33
19119,0,38278515330,38278515276,0,0,53
19120,0,38280517427,38280517352,0,0,75
19121,0,38282518766,38282518755,0,0,11
19122,0,38284521334,38284521325,0,0,8
19123,0,38286523550,38286523509,0,0,41
19125,0,38290527625,38290527656,0,0,-31
19127,0,38294532408,38294532389,0,0,18
19128,0,38296535844,38296535815,0,0,28
19129,0,38298537058,38298537021,0,0,36
19130,0,38300539240,38300539227,0,0,13
19133,0,38306545716,38306545691,0,0,25
19135,0,38310550251,38310550263,0,0,-11
19136,0,38312552465,38312552447,0,0,18
19138,0,38316556297,38316556251,0,0,45
19139,0,38318559058,38318559048,0,0,9
19140,0,38320561355,38320561329,0,0,25
19141,0,38322563597,38322563580,0,0,16
19142,0,38324566077,38324566051,0,0,25
19143,0,38326568465,38326568447,0,0,17
19145,0,38330573166,38330573139,0,0,26
19147,0,38334576626,38334576599,0,0,27
19148,0,38336579211,38336579200,0,0,11
19149,0,38338581290,38338581282,0,0,8
19150,0,38340583471,38340583447,0,0,24
19153,0,38346589127,38346589093,0,0,33
19155,0,38350595159,38350595128,0,0,30
19156,0,38352597826,38352597811,0,0,15
19158,0,38356601404,38356601397,0,0,6
19159,0,38358603880,38358603856,0,0,23
19160,0,38360605647,38360605628,0,0,18
19161,0,38362608218,38362608171,0,0,47
19162,0,38364610370,38364610332,0,0,38
19163,0,38366612142,38366612094,0,0,47
19165,0,38370617063,38370617024,0,0,38
19167,0,38374620928,38374620894,0,0,33
19168,0,38376622502,38376622473,0,0,29
19169,0,38378625559,38378625554,0,0,5
19170,0,38380627738,38380627704,0,0,33
19173,0,38386635317,38386635352,0,0,-34
19175,0,38390639031,38390639066,0,0,-34
19176,0,38392641029,38392641014,0,0,14
19178,0,3836251926,3836251887,0,0,39
19179,0,38398647676,38398647696,0,0,-20
19180,0,38400649382,38400649398,0,0,-16
19181,0,38402652631,38402652596,0,0,35
19182,0,38404654563,38404654525,0,0,37
19183,0,38406656988,38406656948,0,0,40
19185,0,38410661131,38410661106,0,0,24
19187,0,38414666478,38414666493,0,0,-14
19188,0,38416668370,38416668350,0,0,19
19189,0,38418670409,38418670400,0,0,9
19190,0,38420672247,38420672252,0,0,-4
19193,0,38426678094,38426678064,0,0,29
19195,0,38430682735,38430682698,0,0,37
19196,0,38432686026,38432685983,0,0,43
19198,0,38436689685,38436689675,0,0,9
19199,0,38438692804,38438692770,0,0,33
19200,0,38440694450,38440694422,0,0,27
19201,0,38442696734,38442696695,0,0,39
19202,0,38444699080,38444699070,0,0,10
19203,0,38446701103,38446701077,0,0,25
19205,0,38450705211,38450705201,0,0,10
19207,0,38454710355,38454710343,0,0,11
19208,0,38456712591,38456712600,0,0,-8
19209,0,38458714506,38458714556,0,0,-49
19210,0,38460717813,38460717867,0,0,-54
19213,0,38466723458,38466723489,0,0,-31
19215,0,38470727644,38470727599,0,0,45
19216,0,38472729243,38472729203,0,0,40
19218,0,38476734805,38476734795,0,0,9
19219,0,38478736723,38478736694,0,0,28
19220,0,38480739964,38480739918,0,0,45
19221,0,38482741229,38482741185,0,0,43
19222,0,38484744322,38484744295,0,0,26
19223,0,38486745619,38486745564,0,0,55
19225,0,38490751269,38490751207,0,0,62
19227,0,38494754711,38494754669,0,0,42
19228,0,38496759237,38496759213,0,0,24
19229,0,38498760393,38498760346,0,0,47
19230,0,38500761813,38500761777,0,0,36
19233,0,38506768068,38506768013,0,0,55
19235,0,38510772476,38510772426,0,0,49
19236,0,38512775302,38512775242,0,0,59
19238,0,38516779730,38516779699,0,0,31
19239,0,38518781829,38518781796,0,0,32
19240,0,38520783444,38520783367,0,0,77
19241,0,38522784922,38522784878,0,0,44
19242,0,38524787924,38524787932,0,0,-7
19243,0,38526790228,38526790204,0,0,23
19245,0,38530794682,38530794641,0,0,40
19247,0,38534799403,38534799356,0,0,47
19248,0,38536801689,38536801669,0,0,20
19249,0,38538803308,38538803283,0,0,25
19250,0,38540805103,38540805119,0,0,-15
19253,0,38546812503,38546812445,0,0,57
19255,0,38550816824,38550816819,0,0,4
19256,0,38552819038,38552819007,0,0,31
19258,0,38556823932,38556823893,0,0,39
19259,0,38558825769,38558825720,0,0,49
19260,0,38560829089,38560829060,0,0,29
19261,0,38562831321,38562831253,0,0,67
19262,0,38564832667,38564832617,0,0,50
19263,0,38566834612,38566834567,0,0,44
19265,0,38570838002,38570837984,0,0,18
19267,0,38574843605,38574843586,0,0,19
19268,0,38576846676,38576846629,0,0,47
19269,0,38578848085,38578848046,0,0,38
19270,0,38580850545,38580850515,0,0,29
19273,0,38586857159,38586857142,0,0,17
19275,0,38590861559,38590861524,0,0,35
19276,0,38592863736,38592863798,0,0,-62
19278,0,38596870048,38596870087,0,0,-39
19279,0,38598870689,38598870683,0,0,6
19280,0,38600872911,38600872961,0,0,-49
19281,0,38602874624,38602874638,0,0,-14
19282,0,38604876957,38604876901,0,0,56
19283,0,38606879283,38606879247,0,0,35
19285,0,38610884331,38610884320,0,0,11
19287,0,38614888006,38614887962,0,0,43
19288,0,38616890287,38616890236,0,0,51
19289,0,38618893134,38618893093,0,0,41
19290,0,38620895123,38620895052,0,0,71
19293,0,38626901534,38626901521,0,0,13
19295,0,38630906134,38630906186,0,0,-51
19296,0,38632908296,38632908257,0,0,39
19298,0,38636912750,38636912736,0,0,14
19299,0,38638914921,38638914901,0,0,19
19300,0,38640916930,38640917053,0,0,-123
19301,0,38642919292,38642919248,0,0,43
19302,0,38644921934,38644921877,0,0,57
19303,0,38646923675,38646923656,0,0,18
19305,0,38650928063,38650928054,0,0,8
19307,0,38654932510,38654932460,0,0,49
19308,0,38656935192,38656935174,0,0,17
19309,0,38658937404,38658937376,0,0,27
19310,0,38660939678,38660939653,0,0,24
19313,0,38666946138,38666946152,0,0,-14
19315,0,38670949101,38670949026,0,0,74
19316,0,38672951739,38672951714,0,0,24
19318,0,38676957510,38676957491,0,0,18
19319,0,38678959284,38678959307,0,0,-23
19320,0,38680961629,38680961600,0,0,29
19321,0,38682964143,38682964121,0,0,22
19322,0,38684966040,38684966008,0,0,31
19323,0,38686968583,38686968562,0,0,20
19325,0,38690972558,38690972549,0,0,8
19327,0,38694976978,38694976970,0,0,7
19328,0,38696980647,38696980604,0,0,42
19329,0,38698981635,38698981606,0,0,29
19330,0,38700983603,38700983642,0,0,-38
19333,0,38706990524,38706990490,0,0,33
19335,0,38710994571,38710994537,0,0,33
19336,0,38712995973,38712995937,0,0,35
19338,0,38717002752,38717002773,0,0,-21
19339,0,38719004144,38719004182,0,0,-37
19340,0,38721006224,38721006203,0,0,20
19341,0,38723008318,38723008294,0,0,23
19342,0,38725010660,38725010632,0,0,28
19343,0,38727012704,38727012692,0,0,11
19345,0,38731017405,38731017418,0,0,-13
19347,0,38735021772,38735021750,0,0,22
19348,0,38737024321,38737024332,0,0,-10
19349,0,38739026951,38739026925,0,0,25
19350,0,38741029669,38741029649,0,0,19
19353,0,38747035178,38747035158,0,0,20
19355,0,38751039186,38751039202,0,0,-16
19356,0,38753042100,38753042139,0,0,-39
19358,0,38757046431,38757046457,0,0,-26
19359,0,38759048123,38759048162,0,0,-39
19360,0,38761050748,38761050784,0,0,-35
19361,0,38763052994,38763052948,0,0,46
19362,0,38765054909,38765054875,0,0,33
19363,0,38767057454,38767057438,0,0,16
19365,0,38771061656,38771061624,0,0,31
19367,0,38775066534,38775066514,0,0,20
19368,0,38777067908,38777067965,0,0,-56
19369,0,38779069348,38779069321,0,0,26
19370,0,38781072597,38781072566,0,0,31
19373,0,38787079225,38787079217,0,0,8
19375,0,38791084259,38791084302,0,0,-42
19376,0,38793085804,38793085790,0,0,14
19378,0,3876296519,3876296489,0,0,30
19379,0,38799092764,38799092749,0,0,15
19380,0,38801094731,38801094722,0,0,8
19381,0,38803096622,38803096589,0,0,32
19382,0,38805099471,38805099483,0,0,-12
19383,0,38807101946,38807101901,0,0,44
19385,0,38811105339,38811105287,0,0,51
19387,0,38815111351,38815111280,0,0,70
19388,0,38817113931,38817113891,0,0,40
19389,0,38819115143,38819115075,0,0,68
19390,0,38821117473,38821117417,0,0,55
19393,0,38827123737,38827123686,0,0,50
19395,0,38831128292,38831128226,0,0,65
19396,0,38833130407,38833130357,0,0,50
19398,0,38837135359,38837135308,0,0,51
19399,0,38839137312,38839137277,0,0,35
19400,0,38841139880,38841139869,0,0,11
19401,0,38843141781,38843141743,0,0,37
19402,0,38845144092,38845144052,0,0,40
19403,0,38847146871,38847146848,0,0,23
19405,0,38851150548,38851150520,0,0,27
19407,0,38855155050,38855155013,0,0,37
19408,0,38857158378,38857158421,0,0,-42
19409,0,38859161140,38859161165,0,0,-24
19410,0,38861162939,38861162886,0,0,53
19413,0,38867168649,38867168643,0,0,5
19415,0,38871174227,38871174271,0,0,-43
19416,0,38873175669,38873175696,0,0,-26
19418,0,38877180937,38877180928,0,0,8
19419,0,38879181773,38879181736,0,0,37
19420,0,38881184060,38881184101,0,0,-40
19421,0,38883186067,38883186081,0,0,-13
19422,0,38885188773,38885188792,0,0,-18
19423,0,38887190483,38887190446,0,0,37
19425,0,38891195364,38891195356,0,0,8
19427,0,38895199609,38895199581,0,0,28
19428,0,38897203537,38897203500,0,0,37
19429,0,38899205002,38899204979,0,0,23
19430,0,38901206354,38901206377,0,0,-22
19433,0,38907212960,38907212939,0,0,21
19435,0,38911217291,38911217231,0,0,60
19436,0,38913220211,38913220192,0,0,18
19438,0,38917224696,38917224662,0,0,33
19439,0,38919226291,38919226238,0,0,53
19440,0,38921228941,38921228875,0,0,66
19441,0,38923230901,38923230876,0,0,24
19442,0,38925233143,38925233154,0,0,-11
19443,0,38927235996,38927235954,0,0,42
19445,0,38931239589,38931239579,0,0,9
19447,0,38935245065,38935245016,0,0,49
19448,0,38937246874,38937246852,0,0,22
19449,0,38939248827,38939248774,0,0,53
19450,0,38941250658,38941250637,0,0,20
19453,0,38947257549,38947257530,0,0,18
19455,0,38951261343,38951261286,0,0,57
19456,0,38953263290,38953263203,0,0,87
19458,0,38957269000,38957268950,0,0,49
19459,0,38959270708,38959270660,0,0,47
19460,0,38961272828,38961272779,0,0,49
19461,0,38963275162,38963275119,0,0,43
19462,0,38965277703,38965277649,0,0,54
19463,0,38967280338,38967280260,0,0,77
19465,0,38971285214,38971285220,0,0,-5
19467,0,38975288759,38975288710,0,0,49
19468,0,38977290840,38977290851,0,0,-10
19469,0,38979292697,38979292651,0,0,45
19470,0,38981294193,38981294139,0,0,53
19473,0,38987302033,38987302018,0,0,15
19475,0,38991305798,38991305781,0,0,17
19476,0,38993307402,38993307444,0,0,-42
19478,0,38997314539,38997314514,0,0,24
19479,0,38999315214,38999315177,0,0,36
19480,0,39001317188,39001317158,0,0,29
19481,0,39003318404,39003318361,0,0,43
19482,0,39005321080,39005321120,0,0,-40
19483,0,39007324195,39007324157,0,0,38
19485,0,39011329559,39011329505,0,0,53
19487,0,39015333111,39015333057,0,0,53
19488,0,39017335393,39017335361,0,0,31
19489,0,39019337450,39019337485,0,0,-35
19490,0,39021339810,39021339798,0,0,11
19493,0,39027346379,39027346356,0,0,23
19495,0,39031350336,39031350289,0,0,47
19496,0,39033351959,39033351941,0,0,18
19498,0,39037358292,39037358276,0,0,15
19499,0,39039359843,39039359818,0,0,24
19500,0,39041362027,39041361990,0,0,37
19501,0,39043364153,39043364130,0,0,23
19502,0,39045366355,39045366320,0,0,35
19503,0,39047368953,39047368930,0,0,22
19505,0,39051373179,39051373163,0,0,15
19507,0,39055377833,39055377808,0,0,24
19508,0,39057379669,39057379644,0,0,24
19509,0,39059381723,39059381715,0,0,7
19510,0,39061383890,39061383881,0,0,8
19513,0,39067389631,39067389604,0,0,26
19515,0,39071395617,39071395653,0,0,-35
19516,0,39073397245,39073397256,0,0,-11
19518,0,39077400958,39077400930,0,0,27
19519,0,39079404598,39079404573,0,0,24
19520,0,39081406049,39081406023,0,0,25
19521,0,39083408314,39083408296,0,0,18
19522,0,39085410212,39085410256,0,0,-43
19523,0,39087413184,39087413223,0,0,-38
19525,0,39091417619,39091417601,0,0,17
19527,0,39095421925,39095421897,0,0,28
19528,0,39097425501,39097425561,0,0,-59
19529,0,39099426507,39099426521,0,0,-13
19530,0,39101428653,39101428675,0,0,-21
19533,0,39107435279,39107435305,0,0,-25
19535,0,39111439343,39111439355,0,0,-11
19536,0,39113440894,39113440876,0,0,17
19538,0,39117446570,39117446550,0,0,19
19539,0,39119449585,39119449537,0,0,47
19540,0,39121451143,39121451087,0,0,56
19541,0,39123453361,39123453314,0,0,47
19542,0,39125455891,39125455873,0,0,17
19543,0,39127457768,39127457752,0,0,15
19545,0,39131460972,39131460957,0,0,15
19547,0,39135466057,39135466049,0,0,8
19548,0,39137468440,39137468415,0,0,24
19549,0,39139471225,39139471271,0,0,-46
19550,0,39141472976,39141473011,0,0,-34
19553,0,39147479576,39147479598,0,0,-22
19555,0,39151484512,39151484476,0,0,35
19556,0,39153486314,39153486282,0,0,32
19558,0,39157491331,39157491358,0,0,-26
19559,0,39159492882,39159492846,0,0,35
19560,0,39161494382,39161494373,0,0,8
19561,0,39163497586,39163497539,0,0,47
19562,0,39165500341,39165500347,0,0,-6
19563,0,39167502114,39167502069,0,0,44
19565,0,39171506714,39171506690,0,0,23
19567,0,39175510458,39175510426,0,0,32
19568,0,39177512162,39177512138,0,0,24
19569,0,39179515269,39179515292,0,0,-22
19570,0,39181517510,39181517521,0,0,-10
19573,0,39187524561,39187524575,0,0,-13
19575,0,39191529065,39191529027,0,0,37
19576,0,39193531454,39193531404,0,0,50
19578,0,3916340436,3916340421,0,0,15
19579,0,39199538022,39199537963,0,0,58
19580,0,39201540012,39201539956,0,0,56
19581,0,39203542741,39203542679,0,0,62
19582,0,39205544880,39205544793,0,0,86
19583,0,39207546634,39207546596,0,0,38
19585,0,39211551286,39211551298,0,0,-11
19587,0,39215555152,39215555075,0,0,76
19588,0,39217557127,39217557095,0,0,31
19589,0,39219559570,39219559516,0,0,53
19590,0,39221560995,39221561038,0,0,-42
19593,0,39227568674,39227568666,0,0,8
19595,0,39231573062,39231573020,0,0,41
19596,0,39233575352,39233575343,0,0,8
19598,0,39237579786,39237579750,0,0,36
19599,0,39239581976,39239581929,0,0,47
19600,0,39241584420,39241584471,0,0,-51
19601,0,39243586423,39243586391,0,0,31
19602,0,39245588696,39245588615,0,0,80
19603,0,39247591463,39247591430,0,0,33
19605,0,39251595220,39251595211,0,0,8
19607,0,39255600471,39255600455,0,0,15
19608,0,39257601122,39257601074,0,0,47
19609,0,39259604589,39259604566,0,0,23
19610,0,39261606577,39261606550,0,0,27
19613,0,39267613435,39267613426,0,0,8
19615,0,39271617506,39271617480,0,0,26
19616,0,39273619987,39273619978,0,0,8
19618,0,39277624437,39277624456,0,0,-19
19619,0,39279627177,39279627136,0,0,41
19620,0,39281629137,39281629101,0,0,35
19621,0,39283630797,39283630748,0,0,49
19622,0,39285633525,39285633561,0,0,-36
19623,0,39287635904,39287635849,0,0,55
19625,0,39291639860,39291639839,0,0,21
19627,0,39295644443,39295644420,0,0,23
19628,0,39297647892,39297647863,0,0,28
19629,0,39299648862,39299648836,0,0,25
19630,0,39301652170,39301652142,0,0,27
19633,0,39307657469,39307657539,0,0,-69
19635,0,39311661938,39311661957,0,0,-19
19636,0,39313664613,39313664641,0,0,-27
19638,0,39317669384,39317669376,0,0,8
19639,0,39319671487,39319671514,0,0,-26
19640,0,39321673665,39321673672,0,0,-6
19641,0,39323675803,39323675826,0,0,-22
19642,0,39325677821,39325677815,0,0,6
19643,0,39327680370,39327680395,0,0,-24
19645,0,39331684710,39331684703,0,0,6
19647,0,39335689088,39335689027,0,0,60
19648,0,39337692426,39337692384,0,0,42
19649,0,39339693536,39339693499,0,0,36
19650,0,39341695705,39341695649,0,0,56
19653,0,39347702240,39347702275,0,0,-35
19655,0,39351706993,39351706953,0,0,39
19656,0,39353709392,39353709384,0,0,8
19658,0,39357713887,39357713935,0,0,-47
19659,0,39359715721,39359715680,0,0,40
19660,0,39361717781,39361717764,0,0,17
19661,0,39363719806,39363719780,0,0,25
19662,0,39365722393,39365722363,0,0,30
19663,0,39367724406,39367724424,0,0,-17
19665,0,39371727848,39371727822,0,0,25
19667,0,39375733663,39375733647,0,0,15
19668,0,39377735728,39377735710,0,0,18
19669,0,39379738188,39379738138,0,0,49
19670,0,39381740204,39381740156,0,0,47
19673,0,39387747411,39387747382,0,0,29
19675,0,39391751988,39391751937,0,0,51
19676,0,39393754229,39393754220,0,0,8
19678,0,39397759338,39397759294,0,0,43
19679,0,39399759838,39399759800,0,0,37
19680,0,39401761139,39401761150,0,0,-11
19681,0,39403764134,39403764116,0,0,17
19682,0,39405766058,39405766006,0,0,51
19683,0,39407769008,39407768986,0,0,21
19685,0,39411773155,39411773128,0,0,26
19687,0,39415778140,39415778125,0,0,14
19688,0,39417780227,39417780238,0,0,-10
19689,0,39419781962,39419781930,0,0,31
19690,0,39421783672,39421783631,0,0,41
19693,0,39427791302,39427791283,0,0,18
19695,0,39431795643,39431795611,0,0,31
19696,0,39433797694,39433797689,0,0,4
19698,0,39437802503,39437802482,0,0,21
19699,0,39439804527,39439804501,0,0,25
19700,0,39441806930,39441806910,0,0,20
19701,0,39443809007,39443808992,0,0,15
19702,0,39445811208,39445811186,0,0,22
19703,0,39447813483,39447813472,0,0,10
19705,0,39451817310,39451817369,0,0,-58
19707,0,39455822844,39455822839,0,0,5
19708,0,39457824716,39457824727,0,0,-11
19709,0,39459827305,39459827298,0,0,7
19710,0,39461829154,39461829145,0,0,8
19713,0,39467835939,39467835978,0,0,-39
19715,0,39471839984,39471839995,0,0,-11
19716,0,39473842120,39473842062,0,0,57
19718,0,39477846792,39477846766,0,0,26
19719,0,39479848953,39479848918,0,0,35
19720,0,39481851478,39481851467,0,0,11
19721,0,39483853314,39483853276,0,0,38
19722,0,39485855650,39485855683,0,0,-33
19723,0,39487858107,39487858076,0,0,31
19725,0,39491862375,39491862367,0,0,8
19727,0,39495866524,39495866501,0,0,23
19728,0,39497869936,39497869899,0,0,36
19729,0,39499871294,39499871244,0,0,49
19730,0,39501873349,39501873305,0,0,43
19733,0,39507880711,39507880692,0,0,18
19735,0,39511884370,39511884377,0,0,-6
19736,0,39513886719,39513886744,0,0,-25
19738,0,39517891343,39517891406,0,0,-62
19739,0,39519893548,39519893569,0,0,-21
19740,0,39521897454,39521897440,0,0,13
19741,0,39523897894,39523897947,0,0,-52
19742,0,39525900680,39525900671,0,0,8
19743,0,39527902575,39527902592,0,0,-17
19745,0,39531906812,39531906832,0,0,-20
19747,0,39535911231,39535911242,0,0,-11
19748,0,39537913289,39537913304,0,0,-15
19749,0,39539915015,39539915030,0,0,-14
19750,0,39541918648,39541918661,0,0,-13
19753,0,39547925373,39547925322,0,0,51
19755,0,39551929449,39551929404,0,0,44
19756,0,39553931475,39553931451,0,0,23
19758,0,39557937169,39557937132,0,0,37
19759,0,39559938382,39559938332,0,0,49
19760,0,39561940177,39561940139,0,0,38
19761,0,39563942816,39563942777,0,0,39
19762,0,39565944588,39565944519,0,0,69
19763,0,39567947551,39567947526,0,0,24
19765,0,39571951912,39571951903,0,0,8
19767,0,39575956049,39575956006,0,0,43
19768,0,39577957703,39577957652,0,0,51
19769,0,39579959279,39579959242,0,0,37
19770,0,39581962065,39581962047,0,0,17
19773,0,39587967706,39587967687,0,0,18
19775,0,39591973357,39591973301,0,0,55
19776,0,39593975631,39593975596,0,0,35
19778,0,3956385374,3956385407,0,0,-33
19779,0,39599982400,39599982366,0,0,34
19780,0,39601984478,39601984426,0,0,51
19781,0,39603986748,39603986719,0,0,29
19782,0,39605990512,39605990487,0,0,25
19783,0,39607991376,39607991323,0,0,53
19785,0,39611995849,39611995838,0,0,11
19787,0,39616000642,39616000631,0,0,11
19788,0,39618002057,39618002044,0,0,13
19789,0,39620003794,39620003758,0,0,35
19790,0,39622007324,39622007280,0,0,43
19793,0,39628012611,39628012591,0,0,20
19795,0,39632017611,39632017652,0,0,-41
19796,0,39634019255,39634019229,0,0,25
19798,0,39638024739,39638024750,0,0,-10
19799,0,39640026807,39640026842,0,0,-34
19800,0,39642029169,39642029134,0,0,34
19801,0,39644032002,39644031984,0,0,17
19802,0,39646033701,39646033735,0,0,-33
19803,0,39648036026,39648036013,0,0,13
19805,0,39652039070,39652039053,0,0,17
19807,0,39656044323,39656044376,0,0,-52
19808,0,39658046121,39658046183,0,0,-62
19809,0,39660049060,39660049033,0,0,26
19810,0,39662051384,39662051348,0,0,35
19813,0,39668058208,39668058163,0,0,45
19815,0,39672062336,39672062317,0,0,18
19816,0,39674064683,39674064663,0,0,19
19818,0,39678069591,39678069572,0,0,18
19819,0,39680071505,39680071490,0,0,15
19820,0,39682073457,39682073490,0,0,-33
19821,0,39684076034,39684076074,0,0,-40
19822,0,39686078349,39686078328,0,0,20
19823,0,39688080760,39688080723,0,0,37
19825,0,39692085533,39692085508,0,0,24
19827,0,39696089008,39696088971,0,0,37
19828,0,39698093202,39698093194,0,0,8
19829,0,39700093678,39700093650,0,0,28
19830,0,39702096229,39702096184,0,0,45
19833,0,39708102151,39708102142,0,0,8
19835,0,39712107976,39712107927,0,0,49
19836,0,39714110411,39714110377,0,0,33
19838,0,39718114058,39718113986,0,0,71
19839,0,39720115638,39720115600,0,0,38
19840,0,39722116940,39722116896,0,0,43
19841,0,39724119237,39724119224,0,0,13
19842,0,39726122813,39726122762,0,0,50
19843,0,39728125166,39728125121,0,0,45
19845,0,39732129563,39732129575,0,0,-12
19847,0,39736133382,39736133392,0,0,-9
19848,0,39738135138,39738135180,0,0,-42
19849,0,39740139266,39740139211,0,0,54
19850,0,39742141332,39742141274,0,0,58
19853,0,39748147087,39748147038,0,0,49
19855,0,39752151858,39752151793,0,0,65
19856,0,39754153453,39754153395,0,0,58
19858,0,39758158120,39758158086,0,0,33
19859,0,39760160822,39760160765,0,0,57
19860,0,39762162735,39762162728,0,0,6
19861,0,39764165399,39764165371,0,0,27
19862,0,39766167147,39766167119,0,0,28
19863,0,39768169330,39768169312,0,0,17
19865,0,39772173563,39772173554,0,0,8
19867,0,39776177562,39776177547,0,0,15
19868,0,39778182543,39778182566,0,0,-22
19869,0,39780183422,39780183392,0,0,29
19870,0,39782183540,39782183526,0,0,13
19873,0,39788190092,39788190078,0,0,14
19875,0,39792194714,39792194734,0,0,-20
19876,0,39794198136,39794198170,0,0,-34
19878,0,39798204579,39798204617,0,0,-38
19879,0,39800204948,39800204984,0,0,-35
19880,0,39802206952,39802206994,0,0,-42
19881,0,39804208976,39804208954,0,0,22
19882,0,39806211819,39806211811,0,0,7
19883,0,39808214002,39808214015,0,0,-13
19885,0,39812218391,39812218371,0,0,20
19887,0,39816222553,39816222514,0,0,38
19888,0,39818224672,39818224638,0,0,33
19889,0,39820226144,39820226116,0,0,27
19890,0,39822229666,39822229697,0,0,-31
19893,0,39828236858,39828236914,0,0,-55
19895,0,39832240276,39832240348,0,0,-72
19896,0,39834242797,39834242806,0,0,-8
19898,0,39838247705,39838247643,0,0,61
19899,0,39840249708,39840249667,0,0,41
19900,0,39842251781,39842251749,0,0,31
19901,0,39844253871,39844253821,0,0,50
19902,0,39846256193,39846256166,0,0,26
19903,0,39848257917,39848257881,0,0,35
19905,0,39852261733,39852261698,0,0,35
19907,0,39856267056,39856267015,0,0,40
19908,0,39858269669,39858269705,0,0,-36
19909,0,39860271794,39860271755,0,0,38
19910,0,39862274109,39862274069,0,0,39
19913,0,39868280260,39868280216,0,0,43
19915,0,39872284949,39872284920,0,0,29
19916,0,39874287193,39874287182,0,0,11
19918,0,39878290660,39878290674,0,0,-14
19919,0,39880293981,39880293941,0,0,40
19920,0,39882295811,39882295777,0,0,33
19921,0,39884297411,39884297377,0,0,33
19922,0,39886300667,39886300624,0,0,43
19923,0,39888302694,39888302653,0,0,40
19925,0,39892305947,39892305895,0,0,51
19927,0,39896312153,39896312162,0,0,-8
19928,0,39898315507,39898315482,0,0,25
19929,0,39900316505,39900316470,0,0,35
19930,0,39902318274,39902318226,0,0,47
19933,0,39908324923,39908324946,0,0,-22
19935,0,39912329413,39912329374,0,0,39
19936,0,39914331397,39914331379,0,0,17
19938,0,39918336689,39918336732,0,0,-42
19939,0,39920338380,39920338357,0,0,23
19940,0,39922340710,39922340671,0,0,38
19941,0,39924344233,39924344215,0,0,18
19942,0,39926345085,39926345040,0,0,44
19943,0,39928347429,39928347391,0,0,38
19945,0,39932350814,39932350829,0,0,-15
19947,0,39936356381,39936356353,0,0,27
19948,0,39938358458,39938358435,0,0,22
19949,0,39940360649,39940360624,0,0,24
19950,0,39942363007,39942362970,0,0,37
19953,0,39948369531,39948369548,0,0,-16
19955,0,39952373635,39952373582,0,0,53
19956,0,39954375411,39954375386,0,0,25
19958,0,39958380823,39958380799,0,0,24
19959,0,39960384201,39960384180,0,0,20
19960,0,39962384908,39962384865,0,0,43
19961,0,39964387251,39964387224,0,0,26
19962,0,39966389909,39966389857,0,0,51
19963,0,39968392504,39968392477,0,0,26
19965,0,39972395036,39972395027,0,0,8
19967,0,39976400727,39976400689,0,0,37
19968,0,39978403033,39978402991,0,0,42
19969,0,39980404856,39980404824,0,0,32
19970,0,39982406352,39982406292,0,0,60
19973,0,39988413975,39988413934,0,0,41
19975,0,39992418631,39992418594,0,0,37
19976,0,39994421238,39994421209,0,0,29
19978,0,3996429832,3996429784,0,0,47
19979,0,40000427023,40000427015,0,0,8
19980,0,40002429020,40002428993,0,0,26
19981,0,40004431816,40004431774,0,0,42
19982,0,40006434313,40006434334,0,0,-20
19983,0,40008436254,40008436220,0,0,33
19985,0,40012441291,40012441279,0,0,11
19987,0,40016444992,40016444943,0,0,48
19988,0,40018447222,40018447174,0,0,48
19989,0,40020449477,40020449433,0,0,43
19990,0,40022451972,40022451952,0,0,19
19993,0,40028457545,40028457526,0,0,18
19995,0,40032463384,40032463379,0,0,4
19996,0,40034466417,40034466429,0,0,-11
19998,0,40038469562,40038469514,0,0,48
19999,0,40040471833,40040471795,0,0,38
20000,0,40042474301,40042474287,0,0,13
20178,0,4036474694,4036474718,0,0,-23
20378,0,4076519380,4076519349,0,0,31
20578,0,4116563759,4116563770,0,0,-11
20778,0,4156606762,4156606719,0,0,43
20978,0,4196651208,4196651200,0,0,7
21178,0,4236696849,4236696799,0,0,49
21378,0,4276740040,4276740063,0,0,-22
21578,0,4316786885,4316786860,0,0,24
21778,0,4356830916,4356830877,0,0,38
21978,0,4396873984,4396874012,0,0,-28
22178,0,4436918901,4436918848,0,0,53
22378,0,4476963622,4476963586,0,0,36
22578,0,4517008876,4517008867,0,0,8
22778,0,4557052626,4557052602,0,0,23
22978,0,4597097002,4597096966,0,0,35
23178,0,4637141806,4637141741,0,0,65
23378,0,4677185880,4677185871,0,0,8
23578,0,4717231035,4717231051,0,0,-15
23778,0,4757274867,4757274847,0,0,20
23978,0,4797319433,4797319424,0,0,8
24178,0,4837363982,4837363995,0,0,-12
24378,0,4877408726,4877408696,0,0,29
24578,0,4917453231,4917453273,0,0,-42
24778,0,4957497630,4957497602,0,0,28
24978,0,4997541926,4997541891,0,0,35
25178,0,5037586706,5037586726,0,0,-20
25378,0,5077629903,5077629871,0,0,31
25578,0,5117675111,5117675047,0,0,63
25778,0,5157719822,5157719764,0,0,57
25978,0,5197765661,5197765693,0,0,-31
26178,0,5237809298,5237809290,0,0,8
26378,0,5277854033,5277854016,0,0,16
26578,0,5317898111,5317898112,0,0,-1
26778,0,5357943354,5357943324,0,0,29
26978,0,5397986638,5397986656,0,0,-18
27178,0,5438031184,5438031157,0,0,26
27378,0,5478076560,5478076508,0,0,51
27578,0,5518120832,5518120780,0,0,51
27778,0,5558164937,5558164908,0,0,29
27978,0,5598210326,5598210305,0,0,20
28178,0,5638253360,5638253382,0,0,-22
28378,0,5678298211,5678298177,0,0,33
28578,0,5718343112,5718343062,0,0,49
28778,0,5758387548,5758387516,0,0,31
28978,0,5798431644,5798431660,0,0,-15
29178,0,5838475968,5838475914,0,0,53
29378,0,5878520653,5878520610,0,0,43
29578,0,5918564984,5918565013,0,0,-28
29778,0,5958608477,5958608449,0,0,27
29978,0,5998654438,5998654415,0,0,23
30178,0,6038698891,6038698875,0,0,15
30378,0,6078742930,6078742880,0,0,49
30578,0,6118787599,6118787561,0,0,37
30778,0,6158831860,6158831817,0,0,43
30978,0,6198876216,6198876189,0,0,26
31178,0,6238921193,6238921201,0,0,-8
31378,0,6278964631,6278964668,0,0,-36
31578,0,6319010087,6319010064,0,0,22
31778,0,6359053503,6359053458,0,0,44
31978,0,6399099002,6399098948,0,0,53
32178,0,6439143997,6439144007,0,0,-9
32378,0,6479187286,6479187313,0,0,-26
32578,0,6519231750,6519231712,0,0,38
32778,0,6559276240,6559276200,0,0,40
32978,0,6599321475,6599321426,0,0,48
33178,0,6639365846,6639365822,0,0,23
33378,0,6679410646,6679410689,0,0,-43
33578,0,6719456168,6719456176,0,0,-8
33778,0,6759499398,6759499366,0,0,31
33978,0,6799543826,6799543765,0,0,60
34178,0,6839588668,6839588606,0,0,62
34378,0,6879632709,6879632667,0,0,41
34578,0,6919677190,6919677151,0,0,38
34778,0,6959722283,6959722238,0,0,45
34978,0,6999765104,6999765060,0,0,44
35178,0,7039811074,7039811068,0,0,5
35378,0,7079855226,7079855179,0,0,46
35578,0,7119899123,7119899093,0,0,30
35778,0,7159944728,7159944754,0,0,-26
35978,0,7199988921,7199988897,0,0,23
36178,0,7240032894,7240032926,0,0,-32
36378,0,7280077732,7280077698,0,0,33
36578,0,7320122244,7320122183,0,0,60
36778,0,7360166472,7360166488,0,0,-15
36978,0,7400209978,7400209936,0,0,42
37178,0,7440255847,7440255811,0,0,35
37378,0,7480300308,7480300271,0,0,37
37578,0,7520345071,7520345052,0,0,19
37778,0,7560388977,7560388905,0,0,71
37978,0,7600433655,7600433631,0,0,23
38178,0,7640478117,7640478132,0,0,-15
38378,0,7680523025,7680523056,0,0,-31
38578,0,7720568852,7720568871,0,0,-18
38778,0,7760610413,7760610388,0,0,24
38978,0,7800655076,7800655028,0,0,48
39178,0,7840700442,7840700373,0,0,69
39378,0,7880744805,7880744769,0,0,35
39578,0,7920789334,7920789307,0,0,26
39778,0,7960834184,7960834152,0,0,31
39978,0,8000878467,8000878422,0,0,45
40178,0,8040922779,8040922755,0,0,24
40378,0,8080966182,8080966208,0,0,-26
40578,0,8121010916,8121010889,0,0,26
40778,0,8161056056,8161056070,0,0,-14
40978,0,8201099863,8201099826,0,0,36
41178,0,8241144231,8241144211,0,0,20
41378,0,8281188910,8281188871,0,0,38
41578,0,8321234164,8321234145,0,0,18
41778,0,8361277984,8361277968,0,0,15
41978,0,8401322013,8401321998,0,0,14
42178,0,8441367467,8441367444,0,0,22
42378,0,8481412132,8481412148,0,0,-16
42578,0,8521457006,8521456983,0,0,23
42778,0,8561500889,8561500879,0,0,10
42978,0,8601545545,8601545489,0,0,55
43178,0,8641589777,8641589753,0,0,23
43378,0,8681635298,8681635261,0,0,36
43578,0,8721679496,8721679459,0,0,37
43778,0,8761723631,8761723614,0,0,16
43978,0,8801768278,8801768308,0,0,-30
44178,0,8841812910,8841812884,0,0,25
44378,0,8881857347,8881857372,0,0,-24
44578,0,8921900453,8921900379,0,0,74
44778,0,8961946068,8961946041,0,0,26
44978,0,9001990659,9001990703,0,0,-43
45178,0,9042035031,9042035067,0,0,-36
45378,0,9082079326,9082079301,0,0,25
45578,0,9122124229,9122124256,0,0,-27
45778,0,9162168775,9162168748,0,0,26
45978,0,9202213310,9202213274,0,0,35
46178,0,9242257260,9242257228,0,0,31
46378,0,9282301820,9282301759,0,0,60
46578,0,9322346365,9322346379,0,0,-14
46778,0,9362391494,9362391451,0,0,43
46978,0,9402434820,9402434806,0,0,13
47178,0,9442478492,9442478474,0,0,17
47378,0,9482523421,9482523434,0,0,-13
47578,0,9522568896,9522568850,0,0,45
47778,0,9562613440,9562613471,0,0,-31
47978,0,9602658077,9602658058,0,0,19
48178,0,9642702708,9642702681,0,0,26
48378,0,9682747557,9682747547,0,0,10
48578,0,9722790846,9722790814,0,0,31
48778,0,9762835975,9762835961,0,0,13
48978,0,9802880359,9802880398,0,0,-39
49178,0,9842924709,9842924670,0,0,38
49378,0,9882969581,9882969588,0,0,-6
49578,0,9923013991,9923013961,0,0,29
49778,0,9963058703,9963058680,0,0,22
49978,0,10003101525,10003101550,0,0,-24
50178,0,10043147073,10043147030,0,0,42
50378,0,10083191679,10083191635,0,0,43
50578,0,10123235931,10123235919,0,0,11
50778,0,10163280384,10163280402,0,0,-18
50978,0,10203325578,10203325530,0,0,47
51178,0,10243369822,10243369787,0,0,35
51378,0,10283414044,10283414056,0,0,-12
51578,0,10323458496,10323458523,0,0,-27
51778,0,10363503209,10363503186,0,0,23
51978,0,10403547661,10403547634,0,0,26
52178,0,10443591077,10443591051,0,0,26
52378,0,10483636500,10483636525,0,0,-24
52578,0,10523681560,10523681532,0,0,27
52778,0,10563725515,10563725450,0,0,65
52978,0,10603769911,10603769873,0,0,38
53178,0,10643814440,10643814400,0,0,39
53378,0,10683859200,10683859168,0,0,31
53578,0,10723903136,10723903128,0,0,7
53778,0,10763947784,10763947769,0,0,15
53978,0,10803992921,10803992907,0,0,13
54178,0,10844036890,10844036856,0,0,33
54378,0,10884081105,10884081046,0,0,59
54578,0,10924125812,10924125775,0,0,37
54778,0,10964170200,10964170175,0,0,25
54978,0,11004213817,11004213784,0,0,33
55178,0,11044258241,11044258283,0,0,-42
55378,0,11084303788,11084303751,0,0,37
55578,0,11124349467,11124349435,0,0,31
55778,0,11164392078,11164392033,0,0,44
55978,0,11204437282,11204437203,0,0,78
56178,0,11244481792,11244481824,0,0,-31
56378,0,11284525959,11284525924,0,0,35
56578,0,11324569927,11324569874,0,0,53
56778,0,11364615549,11364615535,0,0,13
56978,0,11404658297,11404658245,0,0,51
57178,0,11444705096,11444705084,0,0,11
57378,0,11484749034,11484749069,0,0,-34
57578,0,11524793114,11524793063,0,0,50
57778,0,11564837539,11564837512,0,0,26
57978,0,11604882473,11604882438,0,0,34
58178,0,11644927154,11644927103,0,0,50
58378,0,11684971245,11684971210,0,0,35
58578,0,11725014889,11725014871,0,0,17
58778,0,11765058679,11765058667,0,0,11
58978,0,11805104436,11805104409,0,0,26
59178,0,11845149373,11845149365,0,0,8
59378,0,11885193968,11885193937,0,0,31
59578,0,11925238775,11925238791,0,0,-15
59778,0,11965283193,11965283157,0,0,36
59978,0,12005327207,12005327182,0,0,24
60178,0,12045371480,12045371433,0,0,47
60378,0,12085415004,12085414957,0,0,47
60578,0,12125459880,12125459861,0,0,18
60778,0,12165505071,12165505063,0,0,8
60978,0,12205549865,12205549817,0,0,48
61178,0,12245594166,12245594124,0,0,42
61378,0,12285638371,12285638346,0,0,25
61578,0,12325682926,12325682952,0,0,-26
61778,0,12365727141,12365727116,0,0,25
61978,0,12405771913,12405771856,0,0,57
62178,0,12445816287,12445816207,0,0,80
62378,0,12485860838,12485860824,0,0,13
62578,0,12525905370,12525905332,0,0,37
62778,0,12565950135,12565950094,0,0,41
62978,0,12605993161,12605993124,0,0,37
63178,0,12646038691,12646038682,0,0,8
63378,0,12686083026,12686082969,0,0,56
63578,0,12726128060,12726128044,0,0,15
63778,0,12766172577,12766172542,0,0,35
63978,0,12806216851,12806216906,0,0,-54
64178,0,12846261195,12846261181,0,0,14
64378,0,12886305545,12886305559,0,0,-13
64578,0,12926349050,12926349025,0,0,24
64778,0,12966393659,12966393685,0,0,-25
64978,0,13006438368,13006438400,0,0,-31
65178,0,13046483726,13046483712,0,0,13
65378,0,13086528172,13086528155,0,0,17
65578,0,13126571676,13126571648,0,0,27
65778,0,13166617390,13166617373,0,0,17
65978,0,13206661742,13206661715,0,0,26
66178,0,13246706484,13246706450,0,0,33
66378,0,13286750229,13286750160,0,0,69
66578,0,13326795376,13326795332,0,0,43
66778,0,13366839551,13366839582,0,0,-31
66978,0,13406884046,13406884082,0,0,-35
67178,0,13446928612,13446928605,0,0,6
67378,0,13486973302,13486973288,0,0,13
67578,0,13527017502,13527017534,0,0,-31
67778,0,13567062219,13567062199,0,0,20
67978,0,13607106835,13607106840,0,0,-5
68178,0,13647150872,13647150816,0,0,56
68378,0,13687196035,13687196048,0,0,-13
68578,0,13727239897,13727239907,0,0,-10
68778,0,13767284582,13767284558,0,0,24
68978,0,13807329005,13807328973,0,0,31
69178,0,13847373588,13847373572,0,0,15
69378,0,13887418546,13887418536,0,0,10
69578,0,13927462840,13927462789,0,0,50
69778,0,13967505702,13967505665,0,0,37
69978,0,14007551585,14007551551,0,0,33
70178,0,14047596079,14047596026,0,0,53
70378,0,14087641015,14087641008,0,0,7
70578,0,14127684692,14127684720,0,0,-28
70778,0,14167728633,14167728619,0,0,14
70978,0,14207774076,14207774053,0,0,22
71178,0,14247818299,14247818245,0,0,53
71378,0,14287862761,14287862775,0,0,-13
71578,0,14327907224,14327907189,0,0,34
71778,0,14367951874,14367951831,0,0,43
71978,0,14407996453,14407996402,0,0,51
72178,0,14448041690,14448041703,0,0,-12
72378,0,14488084916,14488084956,0,0,-39
72578,0,14528129688,14528129739,0,0,-51
72778,0,14568174253,14568174301,0,0,-48
72978,0,14608218354,14608218307,0,0,47
73178,0,14648263175,14648263132,0,0,42
73378,0,14688307226,14688307254,0,0,-27
73578,0,14728352254,14728352213,0,0,40
73778,0,14768396582,14768396551,0,0,31
73978,0,14808440448,14808440410,0,0,38
74178,0,14848485730,14848485714,0,0,15
74378,0,14888530247,14888530222,0,0,24
74578,0,14928574375,14928574362,0,0,13
74778,0,14968618305,14968618257,0,0,47
74978,0,15008663899,15008663859,0,0,40
75178,0,15048707977,15048708000,0,0,-22
75378,0,15088752137,15088752160,0,0,-23
75578,0,15128797631,15128797593,0,0,37
75778,0,15168840349,15168840382,0,0,-33
75978,0,15208884703,15208884696,0,0,6
76178,0,15248930375,15248930336,0,0,38
76378,0,15288975465,15288975415,0,0,49
76578,0,15329019529,15329019496,0,0,33
76778,0,15369063875,15369063841,0,0,33
76978,0,15409108143,15409108113,0,0,29
77178,0,15449152882,15449152857,0,0,24
77378,0,15489197318,15489197264,0,0,53
77578,0,15529242262,15529242240,0,0,22
77778,0,15569286964,15569286954,0,0,9
77978,0,15609330886,15609330838,0,0,47
78178,0,15649375263,15649375215,0,0,48
78378,0,15689419740,15689419705,0,0,35
78578,0,15729464047,15729464017,0,0,29
78778,0,15769508697,15769508665,0,0,31
78978,0,15809553274,15809553255,0,0,18
79178,0,15849597822,15849597858,0,0,-35
79378,0,15889641946,15889641938,0,0,7
79578,0,15929687048,15929687038,0,0,10
79778,0,15969731231,15969731211,0,0,20
79978,0,16009775530,16009775555,0,0,-24
80178,0,16049820088,16049820039,0,0,49
80378,0,16089863705,16089863651,0,0,54
80578,0,16129909200,16129909172,0,0,27
80778,0,16169953899,16169953874,0,0,25
80978,0,16209997847,16209997840,0,0,7
81178,0,16250041786,16250041766,0,0,20
81378,0,16290087023,16290087048,0,0,-24
81578,0,16330131254,16330131230,0,0,24
81778,0,16370176267,16370176219,0,0,47
81978,0,16410219737,16410219682,0,0,55
82178,0,16450266404,16450266362,0,0,42
82378,0,16490309720,16490309712,0,0,7
82578,0,16530352545,16530352496,0,0,49
82778,0,16570398187,16570398176,0,0,11
82978,0,16610442721,16610442696,0,0,24
83178,0,16650487294,16650487262,0,0,31
83378,0,16690532042,16690532018,0,0,23
83578,0,16730575838,16730575815,0,0,22
83778,0,16770620793,16770620734,0,0,58
83978,0,16810665439,16810665424,0,0,14
84178,0,16850709602,16850709644,0,0,-42
84378,0,16890754189,16890754212,0,0,-22
84578,0,16930797790,16930797753,0,0,36
84778,0,16970843859,16970843874,0,0,-14
84978,0,17010887877,17010887838,0,0,39
85178,0,17050932324,17050932290,0,0,33
85378,0,17090977105,17090977071,0,0,33
85578,0,17131021511,17131021457,0,0,53
85778,0,17171065523,17171065493,0,0,30
85978,0,17211111307,17211111276,0,0,31
86178,0,17251154954,17251154929,0,0,24
86378,0,17291199689,17291199675,0,0,14
86578,0,17331242746,17331242712,0,0,33
86778,0,17371288367,17371288320,0,0,47
86978,0,17411332699,17411332656,0,0,43
87178,0,17451377033,17451377024,0,0,8
87378,0,17491421419,17491421438,0,0,-19
87578,0,17531464984,17531464957,0,0,27
87778,0,17571510468,17571510518,0,0,-49
87978,0,17611555232,17611555218,0,0,13
88178,0,17651599641,17651599591,0,0,50
88378,0,17691644152,17691644112,0,0,40
88578,0,17731688705,17731688660,0,0,45
88778,0,17771732907,17771732863,0,0,43
88978,0,17811777273,17811777239,0,0,33
89178,0,17851822215,17851822233,0,0,-18
89378,0,17891866792,17891866750,0,0,42
89578,0,17931911134,17931911125,0,0,8
89778,0,17971955276,17971955251,0,0,24
89978,0,18011999896,18011999840,0,0,56
90178,0,18052043519,18052043541,0,0,-22
90378,0,18092089421,18092089381,0,0,40
90578,0,18132134143,18132134120,0,0,23
90778,0,18172177654,18172177677,0,0,-22
90978,0,18212221988,18212221951,0,0,37
91178,0,18252267294,18252267275,0,0,18
91378,0,18292311770,18292311794,0,0,-24
91578,0,18332356164,18332356141,0,0,23
91778,0,18372399521,18372399494,0,0,26
91978,0,18412444756,18412444782,0,0,-25
92178,0,18452489537,18452489577,0,0,-39
92378,0,18492533558,18492533589,0,0,-31
92578,0,18532577479,18532577455,0,0,24
92778,0,18572622689,18572622684,0,0,5
92978,0,18612666873,18612666852,0,0,20
93178,0,18652712531,18652712510,0,0,20
93378,0,18692757152,18692757121,0,0,31
93578,0,18732801289,18732801270,0,0,19
93778,0,18772845276,18772845226,0,0,49
93978,0,18812889755,18812889728,0,0,26
94178,0,18852934548,18852934507,0,0,41
94378,0,18892978778,18892978766,0,0,11
94578,0,18933022923,18933022918,0,0,4
94778,0,18973067804,18973067794,0,0,10
94978,0,19013112430,19013112394,0,0,35
95178,0,19053155557,19053155522,0,0,35
95378,0,19093200375,19093200348,0,0,26
95578,0,19133245411,19133245362,0,0,49
95778,0,19173289982,19173289935,0,0,47
95978,0,19213333224,19213333201,0,0,22
96178,0,19253377941,19253377930,0,0,11
96378,0,19293423606,19293423566,0,0,40
96578,0,19333468219,19333468204,0,0,14
96778,0,19373512676,19373512648,0,0,27
96978,0,19413556039,19413556074,0,0,-35
97178,0,19453601265,19453601201,0,0,63
97378,0,19493645982,19493645988,0,0,-6
97578,0,19533690430,19533690465,0,0,-35
97778,0,19573734218,19573734203,0,0,15
97978,0,19613780234,19613780197,0,0,37
98178,0,19653823807,19653823766,0,0,40
98378,0,19693867270,19693867307,0,0,-36
98578,0,19733912627,19733912649,0,0,-21
98778,0,19773955860,19773955822,0,0,38
98978,0,19814002088,19814002044,0,0,43
99178,0,19854046450,19854046421,0,0,29
99378,0,19894090361,19894090371,0,0,-10
99578,0,19934135359,19934135334,0,0,24
99778,0,19974179703,19974179681,0,0,21
99978,0,20014223916,20014223873,0,0,43
100178,0,20054267683,20054267656,0,0,26
100378,0,20094313453,20094313412,0,0,41
100578,0,20134358013,20134358028,0,0,-14
100778,0,20174402357,20174402347,0,0,10
100978,0,20214446656,20214446608,0,0,47
101178,0,20254489932,20254489918,0,0,13
101378,0,20294535087,20294535044,0,0,42
101578,0,20334580059,20334580058,0,0,0
101778,0,20374624204,20374624150,0,0,53
101978,0,20414669945,20414669911,0,0,33
102178,0,20454713394,20454713340,0,0,53
102378,0,20494758450,20494758417,0,0,32
102578,0,20534802523,20534802548,0,0,-24
102778,0,20574847419,20574847382,0,0,37
102978,0,20614891481,20614891444,0,0,36
103178,0,20654936761,20654936725,0,0,35
103378,0,20694980883,20694980849,0,0,33
103578,0,20735025029,20735025022,0,0,6
103778,0,20775069507,20775069526,0,0,-18
103978,0,20815113907,20815113872,0,0,35
104178,0,20855157642,20855157604,0,0,38
104378,0,20895203265,20895203233,0,0,31
104578,0,20935248140,20935248110,0,0,29
104778,0,20975292295,20975292242,0,0,53
104978,0,21015336400,21015336375,0,0,25
105178,0,21055380802,21055380777,0,0,25
105378,0,21095424382,21095424333,0,0,49
105578,0,21135471368,21135471395,0,0,-26
105778,0,21175514412,21175514388,0,0,24
105978,0,21215559242,21215559210,0,0,31
106178,0,21255602757,21255602728,0,0,29
106378,0,21295647860,21295647838,0,0,22
106578,0,21335691995,21335691979,0,0,15
106778,0,21375736730,21375736709,0,0,20
106978,0,21415780402,21415780361,0,0,40
107178,0,21455825498,21455825461,0,0,36
107378,0,21495870323,21495870267,0,0,56
107578,0,21535915139,21535915092,0,0,47
107778,0,21575958388,21575958335,0,0,52
107978,0,21616002882,21616002852,0,0,29
108178,0,21656048080,21656048062,0,0,18
108378,0,21696092930,21696092919,0,0,11
108578,0,21736136899,21736136858,0,0,40
108778,0,21776181892,21776181912,0,0,-20
108978,0,21816226463,21816226514,0,0,-51
109178,0,21856270583,21856270530,0,0,53
109378,0,21896315118,21896315082,0,0,35
109578,0,21936359435,21936359426,0,0,8
109778,0,21976403926,21976403904,0,0,22
109978,0,22016448350,22016448370,0,0,-20
110178,0,22056492888,22056492849,0,0,38
110378,0,22096537898,22096537878,0,0,20
110578,0,22136582544,22136582579,0,0,-34
110778,0,22176626623,22176626586,0,0,37
110978,0,22216670899,22216670859,0,0,40
111178,0,22256715556,22256715549,0,0,6
111378,0,22296759641,22296759635,0,0,5
111578,0,22336804535,22336804573,0,0,-37
111778,0,22376848258,22376848283,0,0,-24
111978,0,22416893941,22416893916,0,0,24
112178,0,22456938415,22456938394,0,0,21
112378,0,22496981554,22496981501,0,0,53
112578,0,22537027230,22537027201,0,0,29
112778,0,22577071450,22577071460,0,0,-9
112978,0,22617115411,22617115373,0,0,37
113178,0,22657160970,22657160933,0,0,36
113378,0,22697205020,22697204979,0,0,40
113578,0,22737248492,22737248431,0,0,61
113778,0,22777293996,22777294005,0,0,-8
113978,0,22817338564,22817338577,0,0,-13
114178,0,22857381386,22857381344,0,0,41
114378,0,22897427002,22897426952,0,0,49
114578,0,22937471892,22937471850,0,0,41
114778,0,22977516573,22977516528,0,0,44
114978,0,23017560662,23017560711,0,0,-49
115178,0,23057605057,23057605035,0,0,22
115378,0,23097649712,23097649707,0,0,4
115578,0,23137693923,23137693869,0,0,53
115778,0,23177738189,23177738150,0,0,38
115978,0,23217783053,23217783003,0,0,50
116178,0,23257827557,23257827536,0,0,20
116378,0,23297872051,23297872022,0,0,29
116578,0,23337916722,23337916744,0,0,-22
116778,0,23377961087,23377961091,0,0,-4
116978,0,23418005676,23418005687,0,0,-10
117178,0,23458049960,23458049919,0,0,40
117378,0,23498094995,23498095024,0,0,-29
117578,0,23538138552,23538138530,0,0,22
117778,0,23578182649,23578182624,0,0,25
117978,0,23618228348,23618228311,0,0,36
118178,0,23658272582,23658272568,0,0,14
118378,0,23698317312,23698317261,0,0,51
118578,0,23738361506,23738361468,0,0,38
118778,0,23778406548,23778406529,0,0,19
118978,0,23818451193,23818451158,0,0,35
119178,0,23858495048,23858495015,0,0,32
119378,0,23898539208,23898539238,0,0,-29
119578,0,23938583950,23938583919,0,0,31
119778,0,23978628137,23978628110,0,0,26
119978,0,24018672840,24018672815,0,0,24
120178,0,24058717570,24058717611,0,0,-40
120378,0,24098762089,24098762045,0,0,43
120578,0,24138806417,24138806371,0,0,45
120778,0,24178851005,24178851016,0,0,-11
120978,0,24218895159,24218895089,0,0,69
121178,0,24258939694,24258939707,0,0,-13
121378,0,24298983903,24298983889,0,0,13
121578,0,24339028901,24339028863,0,0,38
121778,0,24379073353,24379073334,0,0,19
121978,0,24419117743,24419117772,0,0,-28
122178,0,24459162503,24459162485,0,0,17
122378,0,24499206750,24499206705,0,0,44
122578,0,24539250927,24539250878,0,0,48
122778,0,24579295987,24579295941,0,0,46
122978,0,24619340366,24619340301,0,0,65
123178,0,24659384993,24659384970,0,0,23
123378,0,24699429479,24699429454,0,0,24
123578,0,24739473271,24739473244,0,0,27
123778,0,24779516923,24779516907,0,0,15
123978,0,24819561735,24819561720,0,0,15
124178,0,24859606905,24859606871,0,0,34
124378,0,24899652516,24899652470,0,0,46
124578,0,24939696180,24939696138,0,0,42
124778,0,24979740331,24979740283,0,0,47
124978,0,25019785205,25019785167,0,0,38
125178,0,25059829494,25059829462,0,0,31
125378,0,25099873842,25099873877,0,0,-35
125578,0,25139919458,25139919429,0,0,29
125778,0,25179963456,25179963409,0,0,46
125978,0,25220007770,25220007743,0,0,26
126178,0,25260051829,25260051800,0,0,29
126378,0,25300096762,25300096668,0,0,94
126578,0,25340140863,25340140826,0,0,36
126778,0,25380185453,25380185406,0,0,47
126978,0,25420230422,25420230456,0,0,-33
127178,0,25460274121,25460274106,0,0,15
127378,0,25500319014,25500318963,0,0,51
127578,0,25540363200,25540363164,0,0,36
127778,0,25580407826,25580407786,0,0,40
127978,0,25620452256,25620452269,0,0,-13
128178,0,25660496984,25660496955,0,0,29
128378,0,25700541004,25700540970,0,0,33
128578,0,25740586163,25740586134,0,0,29
128778,0,25780630478,25780630468,0,0,10
128978,0,25820675000,25820674944,0,0,55
129178,0,25860719183,25860719149,0,0,33
129378,0,25900763510,25900763526,0,0,-15
129578,0,25940807018,25940806981,0,0,37
129778,0,25980852449,25980852435,0,0,13
129978,0,26020897280,26020897241,0,0,38
130178,0,26060941278,26060941287,0,0,-8
130378,0,26100986322,26100986269,0,0,53
130578,0,26141030658,26141030693,0,0,-35
130778,0,26181075121,26181075092,0,0,29
130978,0,26221119340,26221119302,0,0,38
131178,0,26261164059,26261164027,0,0,31
131378,0,26301207980,26301208006,0,0,-26
131578,0,26341253335,26341253314,0,0,21
131778,0,26381297865,26381297865,0,0,0
131978,0,26421342631,26421342659,0,0,-28
132178,0,26461386914,26461386934,0,0,-19
132378,0,26501431094,26501431125,0,0,-31
132578,0,26541475366,26541475339,0,0,26
132778,0,26581520211,26581520202,0,0,8
132978,0,26621564772,26621564815,0,0,-42
133178,0,26661609100,26661609115,0,0,-15
133378,0,26701653229,26701653282,0,0,-52
133578,0,26741696653,26741696687,0,0,-33
133778,0,26781741613,26781741649,0,0,-35
133978,0,26821786577,26821786608,0,0,-31
134178,0,26861831685,26861831651,0,0,33
134378,0,26901876419,26901876383,0,0,35
134578,0,26941920475,26941920429,0,0,45
134778,0,26981964914,26981964936,0,0,-22
134978,0,27022009850,27022009806,0,0,43
135178,0,27062053726,27062053712,0,0,13
135378,0,27102098233,27102098223,0,0,10
135578,0,27142144366,27142144333,0,0,32
135778,0,27182186597,27182186586,0,0,11
135978,0,27222232193,27222232160,0,0,33
136178,0,27262276136,27262276076,0,0,59
136378,0,27302320828,27302320778,0,0,49
136578,0,27342363824,27342363787,0,0,37
136778,0,27382409593,27382409626,0,0,-33
136978,0,27422454370,27422454335,0,0,35
137178,0,27462498687,27462498659,0,0,27
137378,0,27502543123,27502543098,0,0,25
137578,0,27542587491,27542587482,0,0,8
137778,0,27582632303,27582632234,0,0,68
137978,0,27622676357,27622676332,0,0,25
138178,0,27662720534,27662720492,0,0,42
138378,0,27702766091,27702766099,0,0,-8
138578,0,27742810118,27742810143,0,0,-25
138778,0,27782854249,27782854223,0,0,25
138978,0,27822897921,27822897895,0,0,26
139178,0,27862943428,27862943395,0,0,33
139378,0,27902988460,27902988389,0,0,71
139578,0,27943032303,27943032276,0,0,26
139778,0,27983077002,27983076981,0,0,20
139978,0,28023121842,28023121804,0,0,38
140178,0,28063166044,28063166004,0,0,40
140378,0,28103210562,28103210534,0,0,28
140578,0,28143254478,28143254503,0,0,-24
140778,0,28183299292,28183299283,0,0,8
140978,0,28223343801,28223343786,0,0,15
141178,0,28263388262,28263388242,0,0,20
141378,0,28303432303,28303432292,0,0,11
141578,0,28343476318,28343476288,0,0,29
141778,0,28383521926,28383521907,0,0,18
141978,0,28423566158,28423566116,0,0,41
142178,0,28463610946,28463610910,0,0,35
142378,0,28503655358,28503655332,0,0,25
142578,0,28543700376,28543700359,0,0,17
142778,0,28583744668,28583744651,0,0,17
142978,0,28623788711,28623788652,0,0,58
143178,0,28663833031,28663832989,0,0,41
143378,0,28703877680,28703877656,0,0,23
143578,0,28743922245,28743922236,0,0,8
143778,0,28783966597,28783966571,0,0,25
143978,0,28824011033,28824011007,0,0,25
144178,0,28864055867,28864055903,0,0,-36
144378,0,28904099269,28904099245,0,0,23
144578,0,28944144785,28944144735,0,0,49
144778,0,28984189240,28984189214,0,0,25
144978,0,29024233280,29024233255,0,0,24
145178,0,29064278678,29064278648,0,0,29
145378,0,29104323215,29104323249,0,0,-34
145578,0,29144367813,29144367764,0,0,49
145778,0,29184411999,29184411981,0,0,17
145978,0,29224456047,29224456008,0,0,38
146178,0,29264500040,29264499986,0,0,53
146378,0,29304545125,29304545087,0,0,37
146578,0,29344589024,29344588992,0,0,31
146778,0,29384634734,29384634703,0,0,30
146978,0,29424678996,29424678959,0,0,36
147178,0,29464722749,29464722770,0,0,-20
147378,0,29504767906,29504767885,0,0,21
147578,0,29544812363,29544812349,0,0,13
147778,0,29584855134,29584855124,0,0,10
147978,0,29624901806,29624901793,0,0,13
148178,0,29664944647,29664944596,0,0,50
148378,0,29704990184,29704990146,0,0,37
148578,0,29745033552,29745033585,0,0,-32
148778,0,29785078797,29785078765,0,0,32
148978,0,29825123334,29825123304,0,0,29
149178,0,29865168091,29865168078,0,0,13
149378,0,29905212600,29905212622,0,0,-22
149578,0,29945256990,29945256946,0,0,43
149778,0,29985301394,29985301417,0,0,-22
149978,0,30025345716,30025345730,0,0,-14
150178,0,30065390316,30065390303,0,0,13
150378,0,30105434022,30105433965,0,0,57
150578,0,30145479509,30145479500,0,0,8
150778,0,30185523622,30185523603,0,0,18
150978,0,30225568973,30225568948,0,0,24
151178,0,30265611936,30265611977,0,0,-40
151378,0,30305657500,30305657463,0,0,36
151578,0,30345701772,30345701730,0,0,41
151778,0,30385746345,30385746321,0,0,23
151978,0,30425791037,30425790986,0,0,50
152178,0,30465835372,30465835347,0,0,24
152378,0,30505880033,30505880078,0,0,-44
152578,0,30545923396,30545923379,0,0,16
152778,0,30585968707,30585968653,0,0,53
152978,0,30626012007,30626011938,0,0,69
153178,0,30666057572,30666057590,0,0,-17
153378,0,30706102071,30706102021,0,0,50
153578,0,30746145845,30746145796,0,0,49
153778,0,30786191547,30786191557,0,0,-9
153978,0,30826235928,30826235894,0,0,34
154178,0,30866279943,30866279974,0,0,-30
154378,0,30906324845,30906324811,0,0,33
154578,0,30946368647,30946368707,0,0,-60
154778,0,30986413989,30986413949,0,0,40
154978,0,31026457678,31026457642,0,0,35
155178,0,31066502813,31066502791,0,0,21
155378,0,31106547468,31106547422,0,0,45
155578,0,31146591327,31146591288,0,0,38
155778,0,31186636007,31186635961,0,0,45
155978,0,31226680289,31226680314,0,0,-24
156178,0,31266725206,31266725200,0,0,6
156378,0,31306769350,31306769312,0,0,37
156578,0,31346812663,31346812680,0,0,-16
156778,0,31386858734,31386858696,0,0,38
156978,0,31426901770,31426901743,0,0,26
157178,0,31466947378,31466947337,0,0,40
157378,0,31506991856,31506991879,0,0,-22
157578,0,31547035251,31547035182,0,0,69
157778,0,31587080577,31587080561,0,0,15
157978,0,31627125823,31627125815,0,0,8
158178,0,31667170280,31667170236,0,0,43
158378,0,31707214179,31707214139,0,0,40
158578,0,31747257559,31747257578,0,0,-19
158778,0,31787302230,31787302195,0,0,35
158978,0,31827346353,31827346366,0,0,-13
159178,0,31867391300,31867391251,0,0,48
159378,0,31907435529,31907435482,0,0,47
159578,0,31947482917,31947482906,0,0,11
159778,0,31987524501,31987524442,0,0,58
159978,0,32027570124,32027570103,0,0,21
160178,0,32067614653,32067614671,0,0,-17
160378,0,32107658764,32107658732,0,0,31
160578,0,32147704081,32147704055,0,0,26
160778,0,32187749221,32187749176,0,0,44
160978,0,32227791448,32227791523,0,0,-75
161178,0,32267835604,32267835630,0,0,-25
161378,0,32307880330,32307880321,0,0,8
161578,0,32347925752,32347925728,0,0,24
161778,0,32387970871,32387970840,0,0,30
161978,0,32428014865,32428014818,0,0,46
162178,0,32468060099,32468060067,0,0,31
162378,0,32508104317,32508104276,0,0,41
162578,0,32548147206,32548147238,0,0,-31
162778,0,32588192719,32588192705,0,0,13
162978,0,32628236363,32628236348,0,0,15
163178,0,32668281536,32668281555,0,0,-18
163378,0,32708326395,32708326415,0,0,-19
163578,0,32748370725,32748370719,0,0,6
163778,0,32788415595,32788415611,0,0,-16
163978,0,32828459977,32828459925,0,0,52
164178,0,32868504193,32868504222,0,0,-29
164378,0,32908548633,32908548596,0,0,37
164578,0,32948591816,32948591846,0,0,-29
164778,0,32988637965,32988637940,0,0,24
164978,0,33028682208,33028682163,0,0,45
165178,0,33068727281,33068727251,0,0,29
165378,0,33108771541,33108771495,0,0,45
165578,0,33148815613,33148815556,0,0,57
165778,0,33188860277,33188860248,0,0,29
165978,0,33228905028,33228905020,0,0,8
166178,0,33268949210,33268949184,0,0,26
166378,0,33308993800,33308993771,0,0,28
166578,0,33349038492,33349038422,0,0,69
166778,0,33389082701,33389082677,0,0,23
166978,0,33429127161,33429127204,0,0,-42
167178,0,33469170746,33469170711,0,0,35
167378,0,33509215743,33509215695,0,0,47
167578,0,33549260657,33549260601,0,0,56
167778,0,33589305908,33589305869,0,0,39
167978,0,33629350671,33629350680,0,0,-9
168178,0,33669393911,33669393948,0,0,-36
168378,0,33709438817,33709438853,0,0,-36
168578,0,33749482238,33749482197,0,0,40
168778,0,33789527283,33789527237,0,0,45
168978,0,33829571885,33829571851,0,0,33
169178,0,33869617139,33869617101,0,0,38
169378,0,33909660538,33909660518,0,0,20
169578,0,33949705341,33949705379,0,0,-38
169778,0,33989750194,33989750177,0,0,16
169978,0,34029794438,34029794396,0,0,42
170178,0,34069839595,34069839569,0,0,25
170378,0,34109883188,34109883149,0,0,38
170578,0,34149927867,34149927892,0,0,-24
170778,0,34189972412,34189972369,0,0,42
170978,0,34230015865,34230015837,0,0,27
171178,0,34270061404,34270061413,0,0,-8
171378,0,34310105752,34310105804,0,0,-51
171578,0,34350150161,34350150193,0,0,-31
171778,0,34390195149,34390195166,0,0,-16
171978,0,34430239177,34430239205,0,0,-28
172178,0,34470282997,34470282980,0,0,17
172378,0,34510328303,34510328254,0,0,49
172578,0,34550372665,34550372684,0,0,-18
172778,0,34590416915,34590416932,0,0,-16
172978,0,34630461692,34630461684,0,0,8
173178,0,34670506129,34670506081,0,0,47
173378,0,34710550858,34710550852,0,0,5
173578,0,34750594469,34750594433,0,0,35
173778,0,34790638901,34790638912,0,0,-11
173978,0,34830682876,34830682838,0,0,37
174178,0,34870728555,34870728521,0,0,33
174378,0,34910773069,34910773056,0,0,13
174578,0,34950817556,34950817516,0,0,40
174778,0,34990861235,34990861217,0,0,17
174978,0,35030906200,35030906166,0,0,33
175178,0,35070950873,35070950833,0,0,40
175378,0,35110994387,35110994426,0,0,-39
175578,0,35151039269,35151039217,0,0,51
175778,0,35191084498,35191084461,0,0,37
175978,0,35231128923,35231128898,0,0,24
176178,0,35271173429,35271173422,0,0,6
176378,0,35311218415,35311218468,0,0,-53
176578,0,35351261718,35351261690,0,0,27
176778,0,35391306640,35391306628,0,0,11
176978,0,35431350331,35431350359,0,0,-27
177178,0,35471394727,35471394754,0,0,-26
177378,0,35511440128,35511440079,0,0,48
177578,0,35551485506,35551485523,0,0,-17
177778,0,35591529519,35591529492,0,0,26
177978,0,35631573822,35631573808,0,0,13
178178,0,35671618425,35671618450,0,0,-24
178378,0,35711662710,35711662672,0,0,38
178578,0,35751707889,35751707903,0,0,-13
178778,0,35791752042,35791752004,0,0,38
178978,0,35831796359,35831796330,0,0,29
179178,0,35871841595,35871841546,0,0,49
179378,0,35911884995,35911884968,0,0,26
179578,0,35951929381,35951929413,0,0,-31
179778,0,35991974147,35991974115,0,0,31
179978,0,36032018730,36032018686,0,0,43
180178,0,36072063048,36072063040,0,0,8
180378,0,36112108684,36112108670,0,0,13
180578,0,36152152483,36152152437,0,0,45
180778,0,36192198456,36192198412,0,0,43
180978,0,36232241286,36232241233,0,0,52
181178,0,36272285808,36272285763,0,0,45
181378,0,36312329209,36312329173,0,0,36
181578,0,36352374462,36352374454,0,0,8
181778,0,36392418197,36392418206,0,0,-9
181978,0,36432462745,36432462766,0,0,-21
182178,0,36472507227,36472507190,0,0,37
182378,0,36512552735,36512552688,0,0,47
182578,0,36552596995,36552596966,0,0,29
182778,0,36592641174,36592641201,0,0,-26
182978,0,36632686961,36632686978,0,0,-17
183178,0,36672730586,36672730560,0,0,25
183378,0,36712776013,36712776008,0,0,5
183578,0,36752819550,36752819494,0,0,55
183778,0,36792864579,36792864534,0,0,45
183978,0,36832908506,36832908474,0,0,32
184178,0,36872952923,36872952936,0,0,-13
184378,0,36912997626,36912997601,0,0,24
184578,0,36953042166,36953042187,0,0,-20
184778,0,36993086808,36993086740,0,0,67
184978,0,37033131918,37033131949,0,0,-31
185178,0,37073174159,37073174137,0,0,21
185378,0,37113219526,37113219488,0,0,38
185578,0,37153264370,37153264394,0,0,-23
185778,0,37193308882,37193308861,0,0,20
185978,0,37233353200,37233353212,0,0,-11
186178,0,37273398600,37273398616,0,0,-16
186378,0,37313440901,37313440860,0,0,40
186578,0,37353487145,37353487132,0,0,13
186778,0,37393531561,37393531518,0,0,43
186978,0,37433575506,37433575483,0,0,23
187178,0,37473620032,37473619982,0,0,50
187378,0,37513663971,37513663936,0,0,35
187578,0,37553709491,37553709458,0,0,32
187778,0,37593753911,37593753923,0,0,-12
187978,0,37633797388,37633797361,0,0,26
188178,0,37673842602,37673842636,0,0,-34
188378,0,37713886867,37713886898,0,0,-31
188578,0,37753930599,37753930579,0,0,19
188778,0,37793976389,37793976359,0,0,30
188978,0,37834020884,37834020896,0,0,-12
189178,0,37874065087,37874065050,0,0,37
189378,0,37914109528,37914109541,0,0,-13
189578,0,37954154114,37954154096,0,0,18
189778,0,37994197049,37994197008,0,0,41
189978,0,38034243714,38034243690,0,0,23
190178,0,38074287518,38074287501,0,0,17
190378,0,38114331497,38114331529,0,0,-31
190578,0,38154376463,38154376485,0,0,-21
190778,0,38194421083,38194421108,0,0,-24
190978,0,38234464079,38234464037,0,0,42
191178,0,38274509938,38274509904,0,0,33
191378,0,38314555217,38314555195,0,0,21
191578,0,38354599692,38354599680,0,0,11
191778,0,38394643222,38394643209,0,0,13
191978,0,38434687608,38434687595,0,0,13
192178,0,38474732274,38474732233,0,0,40
192378,0,38514777149,38514777122,0,0,26
192578,0,38554820199,38554820159,0,0,39
192778,0,38594865683,38594865660,0,0,23
192978,0,38634910685,38634910639,0,0,46
193178,0,38674955224,38674955217,0,0,6
193378,0,38714998444,38714998400,0,0,43
193578,0,38755043659,38755043641,0,0,17
193778,0,38795087567,38795087556,0,0,11
193978,0,38835131694,38835131662,0,0,31
194178,0,38875178047,38875178074,0,0,-26
194378,0,38915222056,38915222020,0,0,35
194578,0,38955266966,38955266894,0,0,71
194778,0,38995310581,38995310596,0,0,-15
194978,0,39035355065,39035355095,0,0,-29
195178,0,39075398446,39075398421,0,0,24
195378,0,39115444027,39115443987,0,0,40
195578,0,39155487465,39155487458,0,0,7
195778,0,39195532176,39195532139,0,0,36
195978,0,39235578029,39235578004,0,0,24
196178,0,39275622087,39275622047,0,0,39
196378,0,39315666782,39315666791,0,0,-8
196578,0,39355711176,39355711190,0,0,-13
196778,0,39395754429,39395754403,0,0,25
196978,0,39435799089,39435799074,0,0,15
197178,0,39475843401,39475843367,0,0,33
197378,0,39515889274,39515889303,0,0,-29
197578,0,39555933586,39555933513,0,0,73
197778,0,39595977837,39595977782,0,0,54
197978,0,39636022629,39636022579,0,0,50
198178,0,39676067117,39676067084,0,0,33
198378,0,39716111912,39716111878,0,0,34
198578,0,39756155220,39756155150,0,0,69
198778,0,39796200939,39796200978,0,0,-39
198978,0,39836245197,39836245165,0,0,31
199178,0,39876289017,39876289042,0,0,-24
199378,0,39916332923,39916332896,0,0,26
199578,0,39956378860,39956378834,0,0,25
199778,0,39996422923,39996422902,0,0,20
199978,0,40036467253,40036467211,0,0,41
