pkt_id,tx_ts_ns,rx1_ts_ns,rx2_ts_ns,latency_rx1_ns,latency_rx2_ns,diff_latency_ns
1,0,118,0,0,0,118
2,0,2003783,2003680,0,0,102
3,0,4001275,4001144,0,0,130
4,0,6003435,6003310,0,0,124
5,0,8005649,8005525,0,0,123
6,0,10007827,10007709,0,0,118
7,0,12009834,12009718,0,0,116
8,0,14012167,14012050,0,0,116
9,0,16014149,16014006,0,0,143
10,0,18015291,18015166,0,0,124
11,0,20017761,20017642,0,0,119
12,0,22020024,22019907,0,0,116
13,0,24022716,24022576,0,0,140
14,0,26025294,26025164,0,0,129
15,0,28026725,28026595,0,0,130
16,0,30028729,30028606,0,0,122
17,0,32031152,32031021,0,0,130
18,0,34033281,34033165,0,0,116
19,0,36035734,36035744,0,0,-9
20,0,38040150,38040013,0,0,137
21,0,40041331,40041204,0,0,126
22,0,42043832,42043725,0,0,106
23,0,44045589,44045482,0,0,107
24,0,46048381,46048224,0,0,157
25,0,48049950,48049826,0,0,124
26,0,50052568,50052460,0,0,108
27,0,52055788,52055671,0,0,116
28,0,54057543,54057438,0,0,105
29,0,56058841,56058707,0,0,134
30,0,58059982,58059863,0,0,118
31,0,60062114,60061990,0,0,123
32,0,62064870,62064750,0,0,119
33,0,64067696,64067570,0,0,126
34,0,66069209,66069120,0,0,89
35,0,68072972,68072859,0,0,112
36,0,70074404,70074272,0,0,131
37,0,72075112,72074979,0,0,132
38,0,74077663,74077559,0,0,103
39,0,76080269,76080137,0,0,132
40,0,78083613,78083498,0,0,114
41,0,80085231,80085127,0,0,103
42,0,82086896,82086809,0,0,86
43,0,84089692,84089591,0,0,101
44,0,86091147,86091078,0,0,69
45,0,88093508,88093403,0,0,105
46,0,90095395,90095285,0,0,110
47,0,92097555,92097449,0,0,106
48,0,94099767,94099651,0,0,116
49,0,96102136,96102027,0,0,108
50,0,98104368,98104246,0,0,122
51,0,100106598,100106486,0,0,112
52,0,102108929,102108825,0,0,103
53,0,104111348,104111241,0,0,106
54,0,106113389,106113257,0,0,132
55,0,108115489,108115371,0,0,118
56,0,110117876,110117764,0,0,112
57,0,112119766,112119679,0,0,86
58,0,114122359,114122272,0,0,86
59,0,116125189,116125083,0,0,106
60,0,118126874,118126795,0,0,78
61,0,120128827,120128722,0,0,105
62,0,122130896,122130816,0,0,79
63,0,124133283,124133173,0,0,110
64,0,126135684,126135602,0,0,82
65,0,128137585,128137446,0,0,139
66,0,130140102,130139979,0,0,122
67,0,132142060,132141923,0,0,137
68,0,134144656,134144524,0,0,131
69,0,136146498,136146341,0,0,157
70,0,138148584,138148476,0,0,107
71,0,140150646,140150514,0,0,131
72,0,142153548,142153435,0,0,112
73,0,144155260,144155152,0,0,108
74,0,146157765,146157676,0,0,89
75,0,148159807,148159687,0,0,120
76,0,150162582,150162467,0,0,114
77,0,152167892,152167768,0,0,123
78,0,154168882,154168742,0,0,139
79,0,156169788,156169687,0,0,100
80,0,158171719,158171595,0,0,124
81,0,160173451,160173329,0,0,122
82,0,162175339,162175220,0,0,118
83,0,164178507,164178377,0,0,130
84,0,166181033,166180923,0,0,110
85,0,168182597,168182460,0,0,137
86,0,170184130,170184042,0,0,87
87,0,172186369,172186247,0,0,122
88,0,174189375,174189225,0,0,149
89,0,176192098,176191991,0,0,107
90,0,178193861,178193748,0,0,112
91,0,180196442,180196298,0,0,143
92,0,182198026,182197896,0,0,130
93,0,184199892,184199768,0,0,123
94,0,186202507,186202368,0,0,138
95,0,188204948,188204829,0,0,118
96,0,190207367,190207238,0,0,128
97,0,192208658,192208545,0,0,112
98,0,194212162,194212033,0,0,128
99,0,196213734,196213586,0,0,147
100,0,198215828,198215703,0,0,124
101,0,200217705,200217573,0,0,132
102,0,202220125,202219990,0,0,135
103,0,204222256,204222174,0,0,81
104,0,206224373,206224272,0,0,101
105,0,208226660,208226538,0,0,122
106,0,210230029,210229928,0,0,101
107,0,212232441,212232316,0,0,124
108,0,214234033,214233933,0,0,99
109,0,216236626,216236490,0,0,136
110,0,218238757,218238644,0,0,112
111,0,220241533,220241429,0,0,104
112,0,222243420,222243307,0,0,112
113,0,224244274,224244143,0,0,130
114,0,226247056,226246921,0,0,134
115,0,228249788,228249675,0,0,112
116,0,230251253,230251126,0,0,126
117,0,232254452,232254318,0,0,134
118,0,234254910,234254828,0,0,82
119,0,236256128,236255997,0,0,130
120,0,238259734,238259624,0,0,110
121,0,240262119,240262005,0,0,114
122,0,242265269,242265152,0,0,116
123,0,244267483,244267362,0,0,120
124,0,246268884,246268810,0,0,74
125,0,248271582,248271471,0,0,111
126,0,250273463,250273379,0,0,83
127,0,252276557,252276450,0,0,106
128,0,254277642,254277556,0,0,86
129,0,256280222,256280092,0,0,130
130,0,258282593,258282482,0,0,110
131,0,260284460,260284339,0,0,121
132,0,262286665,262286541,0,0,123
133,0,264288910,264288766,0,0,144
134,0,266292197,266292051,0,0,145
135,0,268294321,268294201,0,0,119
136,0,270295401,270295296,0,0,105
137,0,272298806,272298692,0,0,114
138,0,274300901,274300772,0,0,128
139,0,276303253,276303132,0,0,120
140,0,278304716,278304592,0,0,124
141,0,280307375,280307244,0,0,130
142,0,282308940,282308814,0,0,125
143,0,284311634,284311520,0,0,114
144,0,286314208,286314093,0,0,114
145,0,288317251,288317120,0,0,131
146,0,290319304,290319182,0,0,122
147,0,292321067,292320955,0,0,111
148,0,294322918,294322802,0,0,116
149,0,296325736,296325610,0,0,125
150,0,298326457,298326352,0,0,104
151,0,300328818,300328692,0,0,125
152,0,302330988,302330873,0,0,115
153,0,304333686,304333550,0,0,136
154,0,306335773,306335667,0,0,106
155,0,308337693,308337567,0,0,125
156,0,310340056,310339939,0,0,116
157,0,312343480,312343335,0,0,144
158,0,314344367,314344226,0,0,140
159,0,316346754,316346638,0,0,116
160,0,318349154,318349026,0,0,127
161,0,320351847,320351722,0,0,124
162,0,322354653,322354514,0,0,138
163,0,324355507,324355358,0,0,148
164,0,326358197,326358044,0,0,153
165,0,328359803,328359660,0,0,143
166,0,330362370,330362257,0,0,112
167,0,332364530,332364421,0,0,108
168,0,334366576,334366433,0,0,142
169,0,336368898,336368759,0,0,138
170,0,338371367,338371247,0,0,120
171,0,340373206,340373097,0,0,109
172,0,342375199,342375065,0,0,134
173,0,344378567,344378433,0,0,134
174,0,346381705,346381564,0,0,140
175,0,348382263,348382129,0,0,134
176,0,350385730,350385595,0,0,134
177,0,352388430,352388343,0,0,86
178,0,354390002,354389883,0,0,119
179,0,356391330,356391226,0,0,103
180,0,358393589,358393496,0,0,92
181,0,360395833,360395731,0,0,102
182,0,362398022,362397945,0,0,77
183,0,364400150,364400037,0,0,112
184,0,366402458,366402353,0,0,104
185,0,368404271,368404162,0,0,108
186,0,370407011,370406910,0,0,100
187,0,372408922,372408838,0,0,84
188,0,374411000,374410896,0,0,104
189,0,376413282,376413168,0,0,114
190,0,378416175,378416054,0,0,120
191,0,380417901,380417801,0,0,99
192,0,382420314,382420196,0,0,117
193,0,384422735,384422611,0,0,123
194,0,386424672,386424594,0,0,78
195,0,388427330,388427220,0,0,109
196,0,390427918,390427810,0,0,107
197,0,392431283,392431162,0,0,120
198,0,394433962,394433826,0,0,136
199,0,396435584,396435480,0,0,104
200,0,398437771,398437667,0,0,104
201,0,400439973,400439838,0,0,134
202,0,402442789,402442665,0,0,124
203,0,404445196,404445053,0,0,142
204,0,406447036,406446898,0,0,138
205,0,408450424,408450296,0,0,128
206,0,410452519,410452415,0,0,103
207,0,412453697,412453571,0,0,125
208,0,414456199,414456064,0,0,134
209,0,416457910,416457798,0,0,111
210,0,418460067,418459962,0,0,104
211,0,420462490,420462367,0,0,123
212,0,422464632,422464503,0,0,128
213,0,424466626,424466500,0,0,125
214,0,426468961,426468875,0,0,85
215,0,428471596,428471465,0,0,131
216,0,430473712,430473573,0,0,139
217,0,432475590,432475472,0,0,117
218,0,434478164,434478044,0,0,119
219,0,436479791,436479663,0,0,127
220,0,438482637,438482518,0,0,119
221,0,440484423,440484298,0,0,124
222,0,442486553,442486465,0,0,88
223,0,444489435,444489329,0,0,106
224,0,446491044,446491092,0,0,-47
225,0,448493308,448493201,0,0,107
226,0,450496009,450495887,0,0,122
227,0,452499274,452499143,0,0,130
228,0,454500697,454500591,0,0,106
229,0,456503464,456503330,0,0,133
230,0,458504613,458504502,0,0,111
231,0,460506874,460506766,0,0,108
232,0,462509092,462508979,0,0,112
233,0,464511184,464511067,0,0,116
234,0,466514686,466514568,0,0,118
235,0,468516150,468516006,0,0,143
236,0,470518455,470518348,0,0,107
237,0,472521006,472520879,0,0,126
238,0,474523786,474523680,0,0,106
239,0,476524557,476524429,0,0,128
240,0,478526797,478526679,0,0,118
241,0,480528964,480528853,0,0,110
242,0,482531182,482531071,0,0,110
243,0,484533659,484533541,0,0,118
244,0,486536507,486536377,0,0,130
245,0,488538764,488538641,0,0,123
246,0,490540151,490540038,0,0,112
247,0,492541994,492541887,0,0,106
248,0,494545031,494544904,0,0,127
249,0,496546627,496546496,0,0,130
250,0,498549484,498549363,0,0,121
251,0,500551525,500551406,0,0,118
252,0,502554165,502554051,0,0,114
253,0,504557402,504557274,0,0,128
254,0,506559155,506559068,0,0,87
255,0,508560625,508560494,0,0,131
256,0,510562786,510562682,0,0,104
257,0,512565209,512565077,0,0,132
258,0,514567843,514567732,0,0,110
259,0,516568946,516568813,0,0,132
260,0,518571818,518571691,0,0,127
261,0,520573719,520573578,0,0,141
262,0,522575874,522575771,0,0,102
263,0,524578053,524577937,0,0,116
264,0,526580366,526580241,0,0,124
265,0,528582873,528582770,0,0,102
266,0,530584754,530584669,0,0,84
267,0,532587145,532587009,0,0,135
268,0,534589309,534589224,0,0,85
269,0,536592243,536592129,0,0,114
270,0,538594295,538594152,0,0,142
271,0,540595863,540595748,0,0,114
272,0,542597987,542597864,0,0,123
273,0,544601112,544600997,0,0,115
274,0,546602665,546602548,0,0,116
275,0,548604550,548604429,0,0,121
276,0,550607070,550606941,0,0,128
277,0,552610647,552610530,0,0,116
278,0,554611577,554611473,0,0,103
279,0,556613184,556613071,0,0,112
280,0,558615859,558615748,0,0,110
281,0,560618055,560617934,0,0,120
282,0,562620624,562620608,0,0,16
283,0,564622875,564622732,0,0,143
284,0,566625073,566624946,0,0,126
285,0,568627355,568627219,0,0,136
286,0,570628826,570628716,0,0,110
287,0,572631741,572631637,0,0,104
288,0,574633644,574633536,0,0,108
289,0,576635854,576635710,0,0,143
290,0,578637824,578637714,0,0,110
291,0,580640393,580640255,0,0,138
292,0,582643184,582643055,0,0,128
293,0,584645642,584645524,0,0,118
294,0,586647186,586647042,0,0,143
295,0,588649170,588649047,0,0,123
296,0,590651469,590651351,0,0,117
297,0,592653847,592653779,0,0,67
298,0,594655788,594655728,0,0,60
299,0,596658287,596658299,0,0,-11
300,0,598660808,598660727,0,0,81
301,0,600662585,600662481,0,0,103
302,0,602665123,602665052,0,0,71
303,0,604667503,604667421,0,0,82
304,0,606670802,606670675,0,0,126
305,0,608672932,608672808,0,0,123
306,0,610673732,610673602,0,0,130
307,0,612675813,612675666,0,0,146
308,0,614678496,614678388,0,0,107
309,0,616680733,616680594,0,0,139
310,0,618682556,618682413,0,0,142
311,0,620685536,620685404,0,0,132
312,0,622687656,622687554,0,0,102
313,0,624689166,624689057,0,0,108
314,0,626692096,626691982,0,0,114
315,0,628694881,628694764,0,0,116
316,0,630696074,630695965,0,0,108
317,0,632698015,632697911,0,0,103
318,0,634700116,634699995,0,0,121
319,0,636702826,636702703,0,0,123
320,0,638704884,638704761,0,0,122
321,0,640707083,640706961,0,0,121
322,0,642709391,642709286,0,0,104
323,0,644711276,644711155,0,0,121
324,0,646714086,646713979,0,0,106
325,0,648716262,648716139,0,0,122
326,0,650718259,650718145,0,0,114
327,0,652722467,652722476,0,0,-9
328,0,654723557,654723418,0,0,138
329,0,656725167,656725182,0,0,-14
330,0,658727522,658727419,0,0,103
331,0,660730741,660730598,0,0,143
332,0,662731340,662731273,0,0,67
333,0,664734989,664734866,0,0,123
334,0,666737096,666736970,0,0,126
335,0,668738299,668738177,0,0,121
336,0,670740337,670740204,0,0,132
337,0,672742868,672742743,0,0,124
338,0,674744996,674744914,0,0,82
339,0,676747124,676746987,0,0,137
340,0,678749748,678749627,0,0,120
341,0,680751775,680751632,0,0,142
342,0,682753614,682753498,0,0,116
343,0,684755744,684755597,0,0,146
344,0,686757845,686757722,0,0,123
345,0,688760052,688759916,0,0,135
346,0,690763083,690762958,0,0,124
347,0,692765093,692764950,0,0,143
348,0,694767224,694767120,0,0,103
349,0,696769301,696769314,0,0,-13
350,0,698771958,698771875,0,0,83
351,0,700775074,700774965,0,0,108
352,0,702775858,702775736,0,0,122
353,0,704778310,704778182,0,0,127
354,0,706780595,706780489,0,0,105
355,0,708782551,708782406,0,0,144
356,0,710785633,710785505,0,0,127
357,0,712788408,712788287,0,0,121
358,0,714789375,714789291,0,0,84
359,0,716791065,716790947,0,0,117
360,0,718792936,718792805,0,0,130
361,0,720796061,720795956,0,0,105
362,0,722798285,722798203,0,0,82
363,0,724800853,724800735,0,0,117
364,0,726802433,726802346,0,0,86
365,0,728805219,728805106,0,0,112
366,0,730807027,730806915,0,0,112
367,0,732809430,732809341,0,0,88
368,0,734811442,734811333,0,0,108
369,0,736813925,736813778,0,0,147
370,0,738817275,738817166,0,0,108
371,0,740817825,740817685,0,0,140
372,0,742820921,742820802,0,0,118
373,0,744822671,744822543,0,0,128
374,0,746825709,746825622,0,0,87
375,0,748828773,748828637,0,0,136
376,0,750831148,750831035,0,0,112
377,0,752834394,752834271,0,0,122
378,0,754834294,754834173,0,0,121
379,0,756836125,756836016,0,0,108
380,0,758838931,758838822,0,0,108
381,0,760841976,760841838,0,0,137
382,0,762842866,762842752,0,0,114
383,0,764845295,764845188,0,0,106
384,0,766847426,766847280,0,0,146
385,0,768849386,768849251,0,0,134
386,0,770851651,770851510,0,0,141
387,0,772854150,772854025,0,0,125
388,0,774856928,774856777,0,0,151
389,0,776859875,776859734,0,0,141
390,0,778861731,778861615,0,0,116
391,0,780862692,780862564,0,0,128
392,0,782865140,782865022,0,0,118
393,0,784867525,784867411,0,0,114
394,0,786871128,786871024,0,0,103
395,0,788872704,788872579,0,0,124
396,0,790874421,790874285,0,0,135
397,0,792878150,792878003,0,0,147
398,0,794879208,794879094,0,0,114
399,0,796880928,796880824,0,0,103
400,0,798883034,798882911,0,0,123
401,0,800884990,800884871,0,0,118
402,0,802887134,802887033,0,0,101
403,0,804889049,804888932,0,0,116
404,0,806892081,806891973,0,0,107
405,0,808894511,808894392,0,0,119
406,0,810897367,810897244,0,0,122
407,0,812897844,812897737,0,0,107
408,0,814900742,814900638,0,0,103
409,0,816904244,816904128,0,0,116
410,0,818905008,818904903,0,0,105
411,0,820907343,820907204,0,0,139
412,0,822909952,822909867,0,0,84
413,0,824912977,824912867,0,0,110
414,0,826913674,826913571,0,0,103
415,0,828916984,828916859,0,0,124
416,0,830919611,830919501,0,0,110
417,0,832921056,832920950,0,0,105
418,0,834922583,834922460,0,0,123
419,0,836925192,836925088,0,0,103
420,0,838927523,838927450,0,0,72
421,0,840929352,840929244,0,0,107
422,0,842931977,842931869,0,0,107
423,0,844934214,844934107,0,0,107
424,0,846936333,846936211,0,0,122
425,0,848938181,848938069,0,0,111
426,0,850941206,850941091,0,0,114
427,0,852945135,852945001,0,0,134
428,0,854946078,854945975,0,0,103
429,0,856950312,856950183,0,0,129
430,0,858950945,858950840,0,0,104
431,0,860952161,860952049,0,0,112
432,0,862954304,862954221,0,0,83
433,0,864956279,864956135,0,0,143
434,0,866958460,866958348,0,0,112
435,0,868960324,868960211,0,0,112
436,0,870963757,870963650,0,0,106
437,0,872966424,872966288,0,0,135
438,0,874968014,874967912,0,0,102
439,0,876971027,876970925,0,0,102
440,0,878973156,878973008,0,0,147
441,0,880974316,880974191,0,0,125
442,0,882976438,882976325,0,0,112
443,0,884978676,884978568,0,0,107
444,0,886981887,886981775,0,0,112
445,0,888984148,888984029,0,0,118
446,0,890985166,890985062,0,0,103
447,0,892987547,892987428,0,0,119
448,0,894990981,894990872,0,0,108
449,0,896991898,896991762,0,0,136
450,0,898994004,898993896,0,0,108
451,0,900996014,900995903,0,0,110
452,0,902998814,902998701,0,0,112
453,0,905000683,905000571,0,0,112
454,0,907003235,907003148,0,0,86
455,0,909004965,909004860,0,0,104
456,0,911007358,911007231,0,0,126
457,0,913009555,913009415,0,0,139
458,0,915012062,915011937,0,0,125
459,0,917014544,917014420,0,0,124
460,0,919016296,919016193,0,0,103
461,0,921019519,921019366,0,0,152
462,0,923021662,923021540,0,0,122
463,0,925023355,925023242,0,0,112
464,0,927025513,927025400,0,0,112
465,0,929027578,929027460,0,0,118
466,0,931029404,931029303,0,0,101
467,0,933032049,933031923,0,0,126
468,0,935035331,935035198,0,0,132
469,0,937036501,937036379,0,0,121
470,0,939038429,939038351,0,0,77
471,0,941040588,941040547,0,0,41
472,0,943043254,943043122,0,0,132
473,0,945045154,945045023,0,0,130
474,0,947047530,947047402,0,0,128
475,0,949049071,949048932,0,0,139
476,0,951050903,951050795,0,0,108
477,0,953055507,953055383,0,0,124
478,0,955056478,955056345,0,0,132
479,0,957058456,957058343,0,0,112
480,0,959060944,959060811,0,0,132
481,0,961063428,961063278,0,0,149
482,0,963065539,963065392,0,0,146
483,0,965067293,965067149,0,0,143
484,0,967070025,967069880,0,0,144
485,0,969071474,969071338,0,0,135
486,0,971074111,971073942,0,0,168
487,0,973077483,973077332,0,0,150
488,0,975078722,975078597,0,0,125
489,0,977080563,977080420,0,0,142
490,0,979083640,979083515,0,0,124
491,0,981086153,981086000,0,0,152
492,0,983088293,983088146,0,0,146
493,0,985090252,985090218,0,0,33
494,0,987091774,987091621,0,0,152
495,0,989094508,989094386,0,0,122
496,0,991096674,991096541,0,0,132
497,0,993099575,993099442,0,0,132
498,0,995102528,995102424,0,0,103
499,0,997104118,997103979,0,0,139
500,0,999105660,999105528,0,0,131
501,0,1001107538,1001107402,0,0,136
502,0,1003109592,1003109485,0,0,106
503,0,1005112038,1005111912,0,0,125
504,0,1007114301,1007114163,0,0,138
505,0,1009115933,1009115809,0,0,123
506,0,1011119393,1011119249,0,0,143
507,0,1013123139,1013123007,0,0,132
508,0,1015122977,1015122889,0,0,88
509,0,1017125498,1017125370,0,0,128
510,0,1019127692,1019127562,0,0,129
511,0,1021129760,1021129628,0,0,132
512,0,1023131964,1023131822,0,0,142
513,0,1025133757,1025133745,0,0,12
514,0,1027136323,1027136218,0,0,104
515,0,1029138402,1029138274,0,0,128
516,0,1031140771,1031140626,0,0,144
517,0,1033142831,1033142746,0,0,84
518,0,1035145171,1035145063,0,0,107
519,0,1037147829,1037147717,0,0,112
520,0,1039149889,1039149776,0,0,112
521,0,1041151663,1041151533,0,0,130
522,0,1043154514,1043154410,0,0,103
523,0,1045156155,1045156069,0,0,85
524,0,1047158499,1047158396,0,0,103
525,0,1049161483,1049161370,0,0,112
526,0,1051164215,1051164083,0,0,132
527,0,1053167587,1053167478,0,0,109
528,0,1055168385,1055168268,0,0,116
529,0,1057169465,1057169328,0,0,137
530,0,1059172183,1059172175,0,0,8
531,0,1061173737,1061173633,0,0,103
532,0,1063176503,1063176398,0,0,105
533,0,1065179079,1065178942,0,0,137
534,0,1067180892,1067180775,0,0,116
535,0,1069182788,1069182658,0,0,130
536,0,1071185769,1071185791,0,0,-22
537,0,1073187066,1073186960,0,0,105
538,0,1075190164,1075190054,0,0,109
539,0,1077192173,1077192051,0,0,122
540,0,1079194574,1079194484,0,0,89
541,0,1081196458,1081196325,0,0,132
542,0,1083198406,1083198294,0,0,112
543,0,1085200809,1085200703,0,0,106
544,0,1087203497,1087203389,0,0,107
545,0,1089205930,1089205829,0,0,101
546,0,1091207458,1091207355,0,0,102
547,0,1093210519,1093210391,0,0,128
548,0,1095213782,1095213661,0,0,121
549,0,1097215098,1097214981,0,0,116
550,0,1099217103,1099216984,0,0,119
551,0,1101219316,1101219199,0,0,116
552,0,1103221020,1103220897,0,0,122
553,0,1105223134,1105223023,0,0,110
554,0,1107225215,1107225128,0,0,87
555,0,1109227611,1109227494,0,0,116
556,0,1111229644,1111229539,0,0,105
557,0,1113232522,1113232395,0,0,127
558,0,1115234702,1115234619,0,0,83
559,0,1117236898,1117236768,0,0,130
560,0,1119238867,1119238761,0,0,105
561,0,1121240696,1121240592,0,0,104
562,0,1123243338,1123243249,0,0,88
563,0,1125245201,1125245078,0,0,122
564,0,1127247770,1127247668,0,0,102
565,0,1129250853,1129250731,0,0,122
566,0,1131252175,1131252055,0,0,119
567,0,1133254321,1133254200,0,0,121
568,0,1135256583,1135256478,0,0,104
569,0,1137258991,1137258847,0,0,143
570,0,1139261493,1139261384,0,0,108
571,0,1141264496,1141264384,0,0,112
572,0,1143265618,1143265538,0,0,80
573,0,1145267799,1145267700,0,0,98
574,0,1147269683,1147269579,0,0,104
575,0,1149272193,1149272065,0,0,128
576,0,1151275134,1151275015,0,0,119
577,0,1153278863,1153278740,0,0,123
578,0,1155278647,1155278530,0,0,116
579,0,1157281059,1157280943,0,0,115
580,0,1159283991,1159283867,0,0,123
581,0,1161286746,1161286609,0,0,137
582,0,1163287797,1163287717,0,0,79
583,0,1165289379,1165289231,0,0,147
584,0,1167291865,1167291752,0,0,113
585,0,1169294650,1169294527,0,0,123
586,0,1171296842,1171296715,0,0,127
587,0,1173298649,1173298544,0,0,104
588,0,1175301112,1175301009,0,0,102
589,0,1177304147,1177304016,0,0,130
590,0,1179306256,1179306136,0,0,120
591,0,1181308144,1181308035,0,0,108
592,0,1183310836,1183310691,0,0,145
593,0,1185312183,1185312051,0,0,132
594,0,1187314316,1187314199,0,0,117
595,0,1189316280,1189316161,0,0,118
596,0,1191318857,1191318731,0,0,125
597,0,1193321465,1193321318,0,0,146
598,0,1195323075,1195322955,0,0,120
599,0,1197325363,1197325239,0,0,123
600,0,1199328075,1199327921,0,0,154
601,0,1201330338,1201330179,0,0,159
602,0,1203332487,1203332343,0,0,144
603,0,1205334170,1205334021,0,0,148
604,0,1207337743,1207337608,0,0,134
605,0,1209338802,1209338654,0,0,147
606,0,1211340786,1211340639,0,0,147
607,0,1213342806,1213342667,0,0,138
608,0,1215345395,1215345253,0,0,142
609,0,1217347921,1217347792,0,0,128
610,0,1219349938,1219349820,0,0,118
611,0,1221352157,1221352034,0,0,122
612,0,1223354716,1223354591,0,0,124
613,0,1225356998,1225356885,0,0,112
614,0,1227359121,1227359015,0,0,105
615,0,1229360559,1229360431,0,0,128
616,0,1231362826,1231362695,0,0,131
617,0,1233365372,1233365216,0,0,155
618,0,1235368456,1235368368,0,0,87
619,0,1237369800,1237369665,0,0,135
620,0,1239372371,1239372267,0,0,104
621,0,1241374820,1241374719,0,0,101
622,0,1243376663,1243376552,0,0,110
623,0,1245380065,1245379945,0,0,120
624,0,1247381134,1247380993,0,0,140
625,0,1249383251,1249383109,0,0,142
626,0,1251385656,1251385550,0,0,106
627,0,1253389105,1253388964,0,0,141
628,0,1255390195,1255390064,0,0,130
629,0,1257392405,1257392260,0,0,144
630,0,1259395190,1259395078,0,0,111
631,0,1261397615,1261397467,0,0,147
632,0,1263398791,1263398668,0,0,122
633,0,1265401089,1265400973,0,0,116
634,0,1267404056,1267403939,0,0,116
635,0,1269406605,1269406459,0,0,146
636,0,1271408181,1271408077,0,0,103
637,0,1273409713,1273409575,0,0,138
638,0,1275412497,1275412350,0,0,146
639,0,1277414493,1277414369,0,0,123
640,0,1279417267,1279417124,0,0,142
641,0,1281420366,1281420243,0,0,122
642,0,1283422191,1283422069,0,0,122
643,0,1285424048,1285423919,0,0,129
644,0,1287425636,1287425485,0,0,150
645,0,1289427880,1289427723,0,0,157
646,0,1291429992,1291429887,0,0,104
647,0,1293431919,1293431805,0,0,114
648,0,1295434129,1295433985,0,0,143
649,0,1297436673,1297436556,0,0,116
650,0,1299438965,1299438896,0,0,68
651,0,1301440977,1301440864,0,0,112
652,0,1303443604,1303443527,0,0,77
653,0,1305446359,1305446226,0,0,132
654,0,1307448793,1307448680,0,0,112
655,0,1309450815,1309450703,0,0,112
656,0,1311453381,1311453265,0,0,115
657,0,1313454401,1313454316,0,0,85
658,0,1315456677,1315456574,0,0,103
659,0,1317458746,1317458642,0,0,104
660,0,1319461166,1319461062,0,0,103
661,0,1321463614,1321463467,0,0,146
662,0,1323466870,1323466791,0,0,79
663,0,1325467340,1325467222,0,0,118
664,0,1327469862,1327469723,0,0,139
665,0,1329472546,1329472429,0,0,116
666,0,1331474640,1331474508,0,0,131
667,0,1333476765,1333476647,0,0,118
668,0,1335479115,1335479011,0,0,103
669,0,1337480800,1337480669,0,0,130
670,0,1339483132,1339483014,0,0,118
671,0,1341485811,1341485685,0,0,125
672,0,1343487816,1343487667,0,0,148
673,0,1345489777,1345489647,0,0,130
674,0,1347492350,1347492242,0,0,108
675,0,1349494033,1349493904,0,0,128
676,0,1351496012,1351495907,0,0,104
677,0,1353500332,1353500207,0,0,124
678,0,1355501692,1355501580,0,0,111
679,0,1357503622,1357503516,0,0,105
680,0,1359505973,1359505848,0,0,124
681,0,1361508546,1361508426,0,0,120
682,0,1363510448,1363510345,0,0,103
683,0,1365512328,1365512220,0,0,108
684,0,1367514653,1367514544,0,0,108
685,0,1369516502,1369516402,0,0,99
686,0,1371519001,1371518912,0,0,88
687,0,1373521779,1373521694,0,0,85
688,0,1375524382,1375524268,0,0,114
689,0,1377525788,1377525676,0,0,112
690,0,1379527671,1379527567,0,0,104
691,0,1381530242,1381530134,0,0,107
692,0,1383532577,1383532464,0,0,112
693,0,1385534721,1385534595,0,0,125
694,0,1387537431,1387537351,0,0,80
695,0,1389540069,1389539964,0,0,104
696,0,1391541271,1391541157,0,0,114
697,0,1393543236,1393543127,0,0,109
698,0,1395545982,1395545898,0,0,83
699,0,1397548006,1397547871,0,0,134
700,0,1399549943,1399549841,0,0,102
701,0,1401553458,1401553339,0,0,118
702,0,1403554325,1403554205,0,0,120
703,0,1405556608,1405556476,0,0,132
704,0,1407558776,1407558647,0,0,128
705,0,1409560657,1409560539,0,0,118
706,0,1411562555,1411562466,0,0,88
707,0,1413565343,1413565222,0,0,120
708,0,1415568345,1415568245,0,0,99
709,0,1417570214,1417570084,0,0,130
710,0,1419573013,1419572930,0,0,83
711,0,1421575393,1421575289,0,0,104
712,0,1423576393,1423576260,0,0,133
713,0,1425578599,1425578469,0,0,130
714,0,1427581755,1427581632,0,0,123
715,0,1429584202,1429584080,0,0,121
716,0,1431586083,1431585963,0,0,120
717,0,1433588831,1433588701,0,0,130
718,0,1435590811,1435590694,0,0,116
719,0,1437592851,1437592748,0,0,103
720,0,1439595731,1439595654,0,0,76
721,0,1441597384,1441597236,0,0,147
722,0,1443599902,1443599782,0,0,120
723,0,1445601267,1445601108,0,0,158
724,0,1447603770,1447603626,0,0,144
725,0,1449606073,1449605902,0,0,170
726,0,1451608096,1451607946,0,0,150
727,0,1453611438,1453611304,0,0,134
728,0,1455612218,1455612074,0,0,143
729,0,1457614199,1457614072,0,0,126
730,0,1459617208,1459617083,0,0,124
731,0,1461619249,1461619098,0,0,151
732,0,1463621385,1463621281,0,0,103
733,0,1465623543,1465623401,0,0,142
734,0,1467625432,1467625328,0,0,103
735,0,1469627615,1469627480,0,0,134
736,0,1471629995,1471629877,0,0,118
737,0,1473632315,1473632171,0,0,143
738,0,1475634534,1475634407,0,0,127
739,0,1477636530,1477636395,0,0,134
740,0,1479639095,1479638975,0,0,120
741,0,1481641721,1481641591,0,0,129
742,0,1483643547,1483643429,0,0,118
743,0,1485645637,1485645515,0,0,121
744,0,1487648435,1487648313,0,0,122
745,0,1489650240,1489650101,0,0,139
746,0,1491653169,1491653049,0,0,120
747,0,1493655991,1493655874,0,0,116
748,0,1495657011,1495656893,0,0,118
749,0,1497659608,1497659458,0,0,150
750,0,1499661667,1499661564,0,0,103
751,0,1501663710,1501663602,0,0,108
752,0,1503666310,1503666183,0,0,126
753,0,1505668006,1505667883,0,0,123
754,0,1507670324,1507670202,0,0,121
755,0,1509672376,1509672233,0,0,142
756,0,1511675035,1511674909,0,0,126
757,0,1513677296,1513677166,0,0,130
758,0,1515679928,1515679824,0,0,103
759,0,1517683581,1517683467,0,0,113
760,0,1519683290,1519683156,0,0,134
761,0,1521685934,1521685804,0,0,129
762,0,1523688471,1523688345,0,0,126
763,0,1525691483,1525691344,0,0,138
764,0,1527692746,1527692638,0,0,107
765,0,1529694725,1529694564,0,0,161
766,0,1531697228,1531697106,0,0,121
767,0,1533699366,1533699217,0,0,148
768,0,1535701536,1535701409,0,0,126
769,0,1537703631,1537703487,0,0,144
770,0,1539706320,1539706191,0,0,128
771,0,1541708912,1541708782,0,0,130
772,0,1543710754,1543710606,0,0,148
773,0,1545713066,1545712925,0,0,140
774,0,1547715929,1547715768,0,0,161
775,0,1549716955,1549716808,0,0,146
776,0,1551719264,1551719145,0,0,119
777,0,1553722447,1553722314,0,0,132
778,0,1555724234,1555724153,0,0,80
779,0,1557726734,1557726628,0,0,106
780,0,1559728020,1559727917,0,0,103
781,0,1561731255,1561731127,0,0,128
782,0,1563733994,1563733877,0,0,116
783,0,1565734815,1565734707,0,0,107
784,0,1567737055,1567736937,0,0,118
785,0,1569739354,1569739223,0,0,130
786,0,1571741787,1571741684,0,0,103
787,0,1573743591,1573743491,0,0,100
788,0,1575746471,1575746359,0,0,112
789,0,1577748867,1577748757,0,0,109
790,0,1579750195,1579750107,0,0,88
791,0,1581752426,1581752310,0,0,116
792,0,1583754350,1583754218,0,0,131
793,0,1585756551,1585756422,0,0,128
794,0,1587759238,1587759137,0,0,101
795,0,1589761712,1589761602,0,0,110
796,0,1591763701,1591763567,0,0,134
797,0,1593765561,1593765424,0,0,137
798,0,1595768570,1595768469,0,0,100
799,0,1597770040,1597769930,0,0,109
800,0,1599773098,1599772975,0,0,123
801,0,1601776149,1601776025,0,0,123
802,0,1603777146,1603777042,0,0,103
803,0,1605779014,1605778901,0,0,112
804,0,1607781649,1607781531,0,0,118
805,0,1609783595,1609783473,0,0,122
806,0,1611785948,1611785843,0,0,104
807,0,1613787783,1613787656,0,0,126
808,0,1615790782,1615790663,0,0,118
809,0,1617792770,1617792660,0,0,110
810,0,1619794834,1619794720,0,0,114
811,0,1621796968,1621796844,0,0,124
812,0,1623799147,1623799071,0,0,75
813,0,1625802330,1625802217,0,0,112
814,0,1627805046,1627804964,0,0,82
815,0,1629806331,1629806206,0,0,124
816,0,1631808178,1631808053,0,0,124
817,0,1633811358,1633811229,0,0,129
818,0,1635812894,1635812781,0,0,112
819,0,1637814782,1637814664,0,0,118
820,0,1639817222,1639817103,0,0,119
821,0,1641819259,1641819126,0,0,132
822,0,1643821499,1643821391,0,0,108
823,0,1645823894,1645823785,0,0,109
824,0,1647826672,1647826537,0,0,134
825,0,1649829244,1649829131,0,0,112
826,0,1651830717,1651830619,0,0,98
827,0,1653834045,1653833919,0,0,126
828,0,1655835288,1655835202,0,0,86
829,0,1657837228,1657837105,0,0,123
830,0,1659839528,1659839400,0,0,128
831,0,1661841860,1661841738,0,0,122
832,0,1663843838,1663843734,0,0,103
833,0,1665846582,1665846487,0,0,94
834,0,1667849071,1667848966,0,0,105
835,0,1669850175,1669850060,0,0,114
836,0,1671853613,1671853501,0,0,112
837,0,1673857319,1673857182,0,0,137
838,0,1675857614,1675857486,0,0,128
839,0,1677859206,1677859090,0,0,115
840,0,1679861788,1679861647,0,0,140
841,0,1681864487,1681864341,0,0,145
842,0,1683867274,1683867170,0,0,103
843,0,1685869471,1685869319,0,0,151
844,0,1687871716,1687871559,0,0,157
845,0,1689873584,1689873431,0,0,153
846,0,1691875889,1691875766,0,0,123
847,0,1693877520,1693877364,0,0,156
848,0,1695879729,1695879608,0,0,120
849,0,1697881381,1697881254,0,0,126
850,0,1699883492,1699883382,0,0,110
851,0,1701886060,1701885949,0,0,111
852,0,1703888415,1703888284,0,0,130
853,0,1705890675,1705890518,0,0,157
854,0,1707892618,1707892510,0,0,108
855,0,1709894898,1709894761,0,0,137
856,0,1711898305,1711898197,0,0,108
857,0,1713899496,1713899361,0,0,134
858,0,1715901952,1715901854,0,0,98
859,0,1717903811,1717903683,0,0,128
860,0,1719906206,1719906102,0,0,103
861,0,1721908447,1721908312,0,0,134
862,0,1723910908,1723910769,0,0,139
863,0,1725912788,1725912672,0,0,116
864,0,1727915191,1727915087,0,0,103
865,0,1729917175,1729917038,0,0,137
866,0,1731919785,1731919662,0,0,123
867,0,1733921814,1733921697,0,0,116
868,0,1735924480,1735924374,0,0,105
869,0,1737927835,1737927691,0,0,144
870,0,1739929856,1739929703,0,0,152
871,0,1741930998,1741930885,0,0,112
872,0,1743932726,1743932604,0,0,122
873,0,1745935328,1745935211,0,0,116
874,0,1747937512,1747937407,0,0,104
875,0,1749939949,1749939811,0,0,138
876,0,1751942928,1751942828,0,0,99
877,0,1753945837,1753945714,0,0,123
878,0,1755947033,1755946946,0,0,86
879,0,1757949061,1757948934,0,0,127
880,0,1759951281,1759951154,0,0,127
881,0,1761952794,1761952650,0,0,143
882,0,1763954838,1763954734,0,0,103
883,0,1765956975,1765956844,0,0,130
884,0,1767959212,1767959067,0,0,144
885,0,1769961768,1769961597,0,0,170
886,0,1771963462,1771963350,0,0,112
887,0,1773966213,1773966071,0,0,141
888,0,1775968532,1775968390,0,0,142
889,0,1777970813,1777970689,0,0,123
890,0,1779972941,1779972808,0,0,132
891,0,1781975257,1781975117,0,0,139
892,0,1783977896,1783977768,0,0,127
893,0,1785980467,1785980325,0,0,141
894,0,1787981645,1787981521,0,0,124
895,0,1789985220,1789985096,0,0,123
896,0,1791986060,1791985939,0,0,121
897,0,1793988510,1793988364,0,0,146
898,0,1795990752,1795990616,0,0,136
899,0,1797992818,1797992686,0,0,132
900,0,1799995325,1799995340,0,0,-14
901,0,1801997128,1801996982,0,0,146
902,0,1804000264,1804000151,0,0,112
903,0,1806002339,1806002209,0,0,130
904,0,1808004312,1808004168,0,0,143
905,0,1810006341,1810006218,0,0,122
906,0,1812008791,1812008667,0,0,124
907,0,1814011058,1814010927,0,0,131
908,0,1816013105,1816013001,0,0,104
909,0,1818015537,1818015391,0,0,145
910,0,1820017255,1820017138,0,0,116
911,0,1822020240,1822020115,0,0,124
912,0,1824023384,1824023244,0,0,139
913,0,1826024887,1826024766,0,0,120
914,0,1828026098,1828025993,0,0,104
915,0,1830029449,1830029305,0,0,143
916,0,1832030867,1832030744,0,0,123
917,0,1834032911,1834032762,0,0,148
918,0,1836035284,1836035143,0,0,141
919,0,1838037328,1838037180,0,0,147
920,0,1840039802,1840039665,0,0,137
921,0,1842042112,1842041988,0,0,123
922,0,1844044640,1844044530,0,0,109
923,0,1846047675,1846047562,0,0,112
924,0,1848049943,1848049829,0,0,114
925,0,1850051850,1850051736,0,0,114
926,0,1852053098,1852052997,0,0,101
927,0,1854056807,1854056698,0,0,108
928,0,1856058195,1856058073,0,0,122
929,0,1858060095,1858059955,0,0,140
930,0,1860063010,1860062907,0,0,103
931,0,1862064080,1862063975,0,0,104
932,0,1864066870,1864066748,0,0,122
933,0,1866070058,1866069926,0,0,131
934,0,1868072231,1868072123,0,0,107
935,0,1870073671,1870073569,0,0,101
936,0,1872075080,1872074968,0,0,112
937,0,1874077571,1874077457,0,0,114
938,0,1876079633,1876079527,0,0,106
939,0,1878081939,1878081835,0,0,103
940,0,1880084443,1880084357,0,0,86
941,0,1882086462,1882086385,0,0,77
942,0,1884088436,1884088313,0,0,123
943,0,1886090856,1886090732,0,0,123
944,0,1888092732,1888092631,0,0,101
945,0,1890094889,1890094785,0,0,104
946,0,1892097482,1892097410,0,0,71
947,0,1894099442,1894099334,0,0,108
948,0,1896102106,1896102020,0,0,86
949,0,1898104262,1898104152,0,0,110
950,0,1900106777,1900106701,0,0,76
951,0,1902109486,1902109405,0,0,80
952,0,1904110441,1904110317,0,0,123
953,0,1906112968,1906112844,0,0,124
954,0,1908116279,1908116152,0,0,127
955,0,1910118530,1910118415,0,0,115
956,0,1912119423,1912119302,0,0,121
957,0,1914121488,1914121364,0,0,124
958,0,1916124419,1916124314,0,0,104
959,0,1918125941,1918125804,0,0,136
960,0,1920128330,1920128217,0,0,112
961,0,1922130624,1922130517,0,0,107
962,0,1924133434,1924133350,0,0,84
963,0,1926136229,1926136120,0,0,108
964,0,1928137653,1928137548,0,0,105
965,0,1930140213,1930140128,0,0,85
966,0,1932143386,1932143280,0,0,106
967,0,1934144712,1934144601,0,0,111
968,0,1936146204,1936146093,0,0,110
969,0,1938149132,1938149013,0,0,119
970,0,1940151907,1940151784,0,0,123
971,0,1942153020,1942152864,0,0,156
972,0,1944155444,1944155321,0,0,122
973,0,1946159693,1946159544,0,0,148
974,0,1948160841,1948160737,0,0,104
975,0,1950162132,1950161988,0,0,143
976,0,1952164294,1952164160,0,0,134
977,0,1954167865,1954167746,0,0,118
978,0,1956168672,1956168569,0,0,103
979,0,1958170801,1958170680,0,0,120
980,0,1960173593,1960173468,0,0,124
981,0,1962176258,1962176116,0,0,142
982,0,1964177377,1964177256,0,0,120
983,0,1966179220,1966179099,0,0,120
984,0,1968182014,1968181881,0,0,132
985,0,1970184222,1970184079,0,0,142
986,0,1972186675,1972186546,0,0,129
987,0,1974188655,1974188506,0,0,148
988,0,1976191020,1976190898,0,0,121
989,0,1978193013,1978192884,0,0,128
990,0,1980195650,1980195528,0,0,122
991,0,1982197744,1982197615,0,0,128
992,0,1984200333,1984200193,0,0,140
993,0,1986202090,1986201943,0,0,146
994,0,1988204322,1988204209,0,0,112
995,0,1990206687,1990206566,0,0,120
996,0,1992208936,1992208795,0,0,141
997,0,1994211025,1994210866,0,0,159
998,0,1996212906,1996212789,0,0,116
999,0,1998215146,1998215013,0,0,132
1000,0,2000217232,2000217112,0,0,120
1001,0,2002219213,2002219069,0,0,144
1002,0,2004222192,2004222114,0,0,78
1003,0,2006224159,2006224055,0,0,104
1004,0,2008226614,2008226510,0,0,103
1005,0,2010229069,2010228943,0,0,125
1006,0,2012230649,2012230513,0,0,136
1007,0,2014233261,2014233147,0,0,114
1008,0,2016235474,2016235327,0,0,146
1009,0,2018236867,2018236732,0,0,134
1010,0,2020238523,2020238452,0,0,70
1011,0,2022241865,2022241739,0,0,126
1012,0,2024245436,2024245312,0,0,123
1013,0,2026245842,2026245716,0,0,125
1014,0,2028247566,2028247448,0,0,118
1015,0,2030250878,2030250766,0,0,112
1016,0,2032252916,2032252779,0,0,137
1017,0,2034255241,2034255122,0,0,119
1018,0,2036257784,2036257655,0,0,129
1019,0,2038259581,2038259462,0,0,119
1020,0,2040261975,2040261869,0,0,106
1021,0,2042264362,2042264210,0,0,152
1022,0,2044266715,2044266604,0,0,110
1023,0,2046268923,2046268791,0,0,132
1024,0,2048271651,2048271510,0,0,140
1025,0,2050274405,2050274288,0,0,116
1026,0,2052275515,2052275397,0,0,118
1027,0,2054279015,2054278907,0,0,107
1028,0,2056280483,2056280369,0,0,114
1029,0,2058282340,2058282206,0,0,134
1030,0,2060283062,2060282976,0,0,85
1031,0,2062287072,2062286966,0,0,106
1032,0,2064288323,2064288192,0,0,131
1033,0,2066290758,2066290617,0,0,141
1034,0,2068293255,2068293152,0,0,102
1035,0,2070295260,2070295116,0,0,144
1036,0,2072297607,2072297474,0,0,132
1037,0,2074300558,2074300401,0,0,157
1038,0,2076303015,2076302902,0,0,112
1039,0,2078304585,2078304464,0,0,121
1040,0,2080306791,2080306671,0,0,120
1041,0,2082308339,2082308197,0,0,141
1042,0,2084310761,2084310617,0,0,143
1043,0,2086313412,2086313266,0,0,146
1044,0,2088316251,2088316130,0,0,121
1045,0,2090318335,2090318251,0,0,83
1046,0,2092319696,2092319572,0,0,124
1047,0,2094321401,2094321254,0,0,146
1048,0,2096323720,2096323593,0,0,126
1049,0,2098326582,2098326445,0,0,137
1050,0,2100329529,2100329402,0,0,126
1051,0,2102333439,2102333314,0,0,124
1052,0,2104333666,2104333552,0,0,114
1053,0,2106336798,2106336671,0,0,127
1054,0,2108337773,2108337647,0,0,126
1055,0,2110340168,2110340030,0,0,138
1056,0,2112342934,2112342817,0,0,116
1057,0,2114345787,2114345668,0,0,119
1058,0,2116347650,2116347548,0,0,102
1059,0,2118348849,2118348742,0,0,106
1060,0,2120351701,2120351573,0,0,128
1061,0,2122354160,2122354039,0,0,121
1062,0,2124355567,2124355451,0,0,116
1063,0,2126357813,2126357690,0,0,123
1064,0,2128359612,2128359512,0,0,100
1065,0,2130361955,2130361832,0,0,123
1066,0,2132364621,2132364518,0,0,103
1067,0,2134366474,2134366361,0,0,112
1068,0,2136369280,2136369202,0,0,78
1069,0,2138372000,2138371863,0,0,136
1070,0,2140374379,2140374292,0,0,86
1071,0,2142375409,2142375304,0,0,105
1072,0,2144377468,2144377352,0,0,116
1073,0,2146379451,2146379345,0,0,106
1074,0,2148381987,2148381865,0,0,122
1075,0,2150384299,2150384183,0,0,116
1076,0,2152387346,2152387226,0,0,120
1077,0,2154391301,2154391178,0,0,122
1078,0,2156390685,2156390612,0,0,72
1079,0,2158392849,2158392761,0,0,87
1080,0,2160395449,2160395396,0,0,52
1081,0,2162397215,2162397113,0,0,102
1082,0,2164400123,2164400020,0,0,103
1083,0,2166401926,2166401838,0,0,87
1084,0,2168404550,2168404478,0,0,72
1085,0,2170406525,2170406413,0,0,112
1086,0,2172409091,2172409002,0,0,88
1087,0,2174410894,2174410789,0,0,104
1088,0,2176413718,2176413605,0,0,112
1089,0,2178416547,2178416417,0,0,129
1090,0,2180417885,2180417753,0,0,132
1091,0,2182419780,2182419646,0,0,134
1092,0,2184422467,2184422323,0,0,144
1093,0,2186424376,2186424239,0,0,137
1094,0,2188426283,2188426159,0,0,123
1095,0,2190428770,2190428633,0,0,137
1096,0,2192431038,2192430929,0,0,109
1097,0,2194433656,2194433535,0,0,120
1098,0,2196436488,2196436361,0,0,126
1099,0,2198437318,2198437157,0,0,160
1100,0,2200440150,2200440073,0,0,76
1101,0,2202442555,2202442440,0,0,114
1102,0,2204444332,2204444208,0,0,123
1103,0,2206446481,2206446361,0,0,120
1104,0,2208448534,2208448431,0,0,103
1105,0,2210451215,2210451072,0,0,142
1106,0,2212453006,2212452875,0,0,130
1107,0,2214455451,2214455332,0,0,118
1108,0,2216457996,2216457875,0,0,121
1109,0,2218460858,2218460727,0,0,131
1110,0,2220462410,2220462304,0,0,105
1111,0,2222464418,2222464287,0,0,131
1112,0,2224466676,2224466531,0,0,144
1113,0,2226468236,2226468083,0,0,152
1114,0,2228470318,2228470191,0,0,126
1115,0,2230473462,2230473304,0,0,158
1116,0,2232475847,2232475741,0,0,105
1117,0,2234478044,2234477919,0,0,125
1118,0,2236479913,2236479779,0,0,134
1119,0,2238482332,2238482195,0,0,137
1120,0,2240484973,2240484855,0,0,118
1121,0,2242486731,2242486604,0,0,127
1122,0,2244488507,2244488380,0,0,126
1123,0,2246492316,2246492176,0,0,140
1124,0,2248494137,2248494148,0,0,-10
1125,0,2250496146,2250496018,0,0,128
1126,0,2252497546,2252497424,0,0,122
1127,0,2254501307,2254501168,0,0,139
1128,0,2256503206,2256503082,0,0,124
1129,0,2258504662,2258504542,0,0,119
1130,0,2260506981,2260506898,0,0,82
1131,0,2262509462,2262509337,0,0,124
1132,0,2264511851,2264511732,0,0,118
1133,0,2266514962,2266514828,0,0,134
1134,0,2268516608,2268516481,0,0,127
1135,0,2270517602,2270517494,0,0,108
1136,0,2272520417,2272520274,0,0,143
1137,0,2274522534,2274522388,0,0,146
1138,0,2276524694,2276524572,0,0,122
1139,0,2278526766,2278526633,0,0,132
1140,0,2280529492,2280529366,0,0,126
1141,0,2282532350,2282532208,0,0,142
1142,0,2284533023,2284532927,0,0,96
1143,0,2286535394,2286535245,0,0,148
1144,0,2288538325,2288538188,0,0,137
1145,0,2290541869,2290541767,0,0,102
1146,0,2292544032,2292543916,0,0,115
1147,0,2294546197,2294546080,0,0,116
1148,0,2296548008,2296547896,0,0,112
1149,0,2298549217,2298549091,0,0,125
1150,0,2300551355,2300551278,0,0,77
1151,0,2302553184,2302553075,0,0,108
1152,0,2304555382,2304555249,0,0,132
1153,0,2306557716,2306557588,0,0,128
1154,0,2308560649,2308560521,0,0,128
1155,0,2310562996,2310562859,0,0,137
1156,0,2312564710,2312564588,0,0,122
1157,0,2314566977,2314566856,0,0,120
1158,0,2316568988,2316568865,0,0,123
1159,0,2318570596,2318570486,0,0,110
1160,0,2320573418,2320573298,0,0,120
1161,0,2322576011,2322575879,0,0,131
1162,0,2324578024,2324577923,0,0,101
1163,0,2326579758,2326579628,0,0,130
1164,0,2328582267,2328582150,0,0,116
1165,0,2330585110,2330584987,0,0,122
1166,0,2332587755,2332587651,0,0,104
1167,0,2334588876,2334588759,0,0,116
1168,0,2336591878,2336591762,0,0,116
1169,0,2338593388,2338593271,0,0,116
1170,0,2340595991,2340595885,0,0,105
1171,0,2342598204,2342598076,0,0,128
1172,0,2344600543,2344600426,0,0,116
1173,0,2346603315,2346603191,0,0,124
1174,0,2348604474,2348604363,0,0,110
1175,0,2350606213,2350606099,0,0,114
1176,0,2352608884,2352608773,0,0,110
1177,0,2354613325,2354613178,0,0,147
1178,0,2356614993,2356614883,0,0,110
1179,0,2358616784,2358616642,0,0,142
1180,0,2360618117,2360618004,0,0,112
1181,0,2362620482,2362620343,0,0,138
1182,0,2364622841,2364622739,0,0,102
1183,0,2366625947,2366625820,0,0,127
1184,0,2368626793,2368626660,0,0,132
1185,0,2370628661,2370628561,0,0,100
1186,0,2372631064,2372630991,0,0,72
1187,0,2374634262,2374634121,0,0,140
1188,0,2376636030,2376635903,0,0,126
1189,0,2378638212,2378638086,0,0,125
1190,0,2380640247,2380640121,0,0,126
1191,0,2382642406,2382642282,0,0,123
1192,0,2384644736,2384644613,0,0,122
1193,0,2386646509,2386646362,0,0,146
1194,0,2388649721,2388649595,0,0,125
1195,0,2390652077,2390651937,0,0,140
1196,0,2392653517,2392653402,0,0,115
1197,0,2394656283,2394656156,0,0,127
1198,0,2396658681,2396658577,0,0,104
1199,0,2398659910,2398659770,0,0,140
1200,0,2400662323,2400662193,0,0,130
1201,0,2402664478,2402664355,0,0,123
1202,0,2404666561,2404666440,0,0,121
1203,0,2406669128,2406669014,0,0,114
1204,0,2408671375,2408671286,0,0,88
1205,0,2410673395,2410673289,0,0,105
1206,0,2412677154,2412677076,0,0,78
1207,0,2414678323,2414678217,0,0,105
1208,0,2416680676,2416680593,0,0,83
1209,0,2418683723,2418683640,0,0,83
1210,0,2420685067,2420684982,0,0,85
1211,0,2422687799,2422687715,0,0,83
1212,0,2424689399,2424689294,0,0,104
1213,0,2426690793,2426690686,0,0,106
1214,0,2428693145,2428693085,0,0,60
1215,0,2430695838,2430695737,0,0,101
1216,0,2432697415,2432697291,0,0,123
1217,0,2434698943,2434698836,0,0,106
1218,0,2436702584,2436702499,0,0,84
1219,0,2438704876,2438704748,0,0,128
1220,0,2440706920,2440706817,0,0,102
1221,0,2442708862,2442708734,0,0,127
1222,0,2444710951,2444710847,0,0,104
1223,0,2446713145,2446713041,0,0,103
1224,0,2448715695,2448715566,0,0,128
1225,0,2450718178,2450718047,0,0,130
1226,0,2452721849,2452721726,0,0,123
1227,0,2454724613,2454724471,0,0,141
1228,0,2456725062,2456724952,0,0,109
1229,0,2458727611,2458727470,0,0,140
1230,0,2460729981,2460729822,0,0,158
1231,0,2462732542,2462732410,0,0,132
1232,0,2464734464,2464734351,0,0,112
1233,0,2466735696,2466735557,0,0,139
1234,0,2468738735,2468738631,0,0,103
1235,0,2470741312,2470741184,0,0,128
1236,0,2472743206,2472743092,0,0,114
1237,0,2474745886,2474745766,0,0,120
1238,0,2476747677,2476747530,0,0,147
1239,0,2478750721,2478750603,0,0,118
1240,0,2480750957,2480750826,0,0,130
1241,0,2482753095,2482752958,0,0,137
1242,0,2484756244,2484756132,0,0,112
1243,0,2486758952,2486758806,0,0,146
1244,0,2488759956,2488759822,0,0,134
1245,0,2490762740,2490762613,0,0,127
1246,0,2492764354,2492764246,0,0,107
1247,0,2494766858,2494766745,0,0,112
1248,0,2496769132,2496768979,0,0,152
1249,0,2498770879,2498770755,0,0,124
1250,0,2500773821,2500773705,0,0,116
1251,0,2502775915,2502775805,0,0,110
1252,0,2504778287,2504778163,0,0,124
1253,0,2506779593,2506779458,0,0,134
1254,0,2508781849,2508781698,0,0,150
1255,0,2510784451,2510784308,0,0,142
1256,0,2512786988,2512786865,0,0,122
1257,0,2514789084,2514788943,0,0,141
1258,0,2516792297,2516792213,0,0,83
1259,0,2518794082,2518793941,0,0,140
1260,0,2520796048,2520795889,0,0,159
1261,0,2522798229,2522798111,0,0,118
1262,0,2524800309,2524800223,0,0,85
1263,0,2526802624,2526802519,0,0,104
1264,0,2528805332,2528805207,0,0,124
1265,0,2530806797,2530806660,0,0,137
1266,0,2532809399,2532809333,0,0,65
1267,0,2534812105,2534811985,0,0,119
1268,0,2536815192,2536815069,0,0,122
1269,0,2538817593,2538817476,0,0,116
1270,0,2540819481,2540819370,0,0,111
1271,0,2542820033,2542819923,0,0,109
1272,0,2544822726,2544822577,0,0,148
1273,0,2546825040,2546825069,0,0,-29
1274,0,2548827503,2548827385,0,0,118
1275,0,2550830040,2550829926,0,0,114
1276,0,2552831324,2552831238,0,0,86
1277,0,2554834469,2554834333,0,0,135
1278,0,2556835758,2556835614,0,0,143
1279,0,2558838410,2558838281,0,0,128
1280,0,2560840678,2560840544,0,0,134
1281,0,2562841946,2562841826,0,0,119
1282,0,2564843503,2564843382,0,0,121
1283,0,2566847496,2566847375,0,0,121
1284,0,2568850533,2568850402,0,0,131
1285,0,2570852012,2570851863,0,0,148
1286,0,2572853368,2572853289,0,0,78
1287,0,2574855696,2574855573,0,0,122
1288,0,2576858539,2576858395,0,0,143
1289,0,2578860600,2578860469,0,0,130
1290,0,2580863171,2580863083,0,0,87
1291,0,2582865793,2582865650,0,0,143
1292,0,2584867089,2584866987,0,0,102
1293,0,2586869577,2586869462,0,0,115
1294,0,2588871956,2588871851,0,0,104
1295,0,2590873835,2590873708,0,0,127
1296,0,2592875653,2592875535,0,0,118
1297,0,2594877671,2594877565,0,0,106
1298,0,2596880806,2596880726,0,0,80
1299,0,2598884072,2598883952,0,0,120
1300,0,2600886359,2600886214,0,0,144
1301,0,2602888242,2602888112,0,0,130
1302,0,2604889231,2604889099,0,0,132
1303,0,2606891173,2606891051,0,0,122
1304,0,2608893967,2608893826,0,0,140
1305,0,2610895790,2610895644,0,0,146
1306,0,2612898649,2612898516,0,0,133
1307,0,2614901737,2614901611,0,0,125
1308,0,2616902550,2616902422,0,0,127
1309,0,2618904986,2618904838,0,0,148
1310,0,2620906973,2620906826,0,0,146
1311,0,2622909570,2622909462,0,0,107
1312,0,2624911398,2624911269,0,0,128
1313,0,2626913351,2626913211,0,0,140
1314,0,2628916096,2628915984,0,0,111
1315,0,2630917914,2630917770,0,0,143
1316,0,2632920485,2632920337,0,0,148
1317,0,2634922775,2634922631,0,0,143
1318,0,2636925692,2636925554,0,0,138
1319,0,2638928282,2638928160,0,0,121
1320,0,2640929503,2640929404,0,0,98
1321,0,2642931204,2642931103,0,0,101
1322,0,2644934638,2644934565,0,0,73
1323,0,2646938816,2646938712,0,0,104
1324,0,2648939226,2648939154,0,0,72
1325,0,2650940840,2650940766,0,0,74
1326,0,2652943930,2652943855,0,0,75
1327,0,2654948259,2654948170,0,0,88
1328,0,2656948852,2656948721,0,0,130
1329,0,2658950410,2658950287,0,0,123
1330,0,2660951432,2660951310,0,0,122
1331,0,2662954134,2662954011,0,0,122
1332,0,2664955997,2664955868,0,0,128
1333,0,2666957827,2666957697,0,0,130
1334,0,2668960481,2668960352,0,0,128
1335,0,2670962383,2670962296,0,0,87
1336,0,2672965279,2672965175,0,0,103
1337,0,2674966808,2674966690,0,0,118
1338,0,2676969477,2676969396,0,0,80
1339,0,2678971521,2678971420,0,0,101
1340,0,2680973785,2680973685,0,0,100
1341,0,2682976356,2682976253,0,0,102
1342,0,2684979483,2684979361,0,0,122
1343,0,2686980730,2686980631,0,0,98
1344,0,2688982688,2688982579,0,0,109
1345,0,2690984866,2690984755,0,0,111
1346,0,2692987252,2692987170,0,0,82
1347,0,2694989188,2694989071,0,0,116
1348,0,2696992128,2696992020,0,0,107
1349,0,2698994810,2698994687,0,0,122
1350,0,2700996195,2700996109,0,0,85
1351,0,2702998566,2702998425,0,0,140
1352,0,2705000808,2705000665,0,0,143
1353,0,2707003022,2707002880,0,0,142
1354,0,2709004891,2709004783,0,0,107
1355,0,2711007254,2711007112,0,0,142
1356,0,2713009139,2713009013,0,0,125
1357,0,2715012211,2715012058,0,0,152
1358,0,2717015123,2717014991,0,0,131
1359,0,2719016428,2719016305,0,0,122
1360,0,2721018858,2721018694,0,0,164
1361,0,2723021862,2723021721,0,0,140
1362,0,2725024022,2725023914,0,0,107
1363,0,2727025064,2727024930,0,0,134
1364,0,2729027668,2729027539,0,0,128
1365,0,2731030314,2731030177,0,0,137
1366,0,2733031819,2733031708,0,0,110
1367,0,2735033997,2735033876,0,0,120
1368,0,2737035964,2737035847,0,0,116
1369,0,2739038480,2739038361,0,0,119
1370,0,2741040689,2741040581,0,0,108
1371,0,2743042828,2743042693,0,0,134
1372,0,2745045363,2745045280,0,0,82
1373,0,2747047475,2747047354,0,0,121
1374,0,2749049424,2749049297,0,0,126
1375,0,2751052124,2751052007,0,0,116
1376,0,2753055123,2753055049,0,0,74
1377,0,2755058389,2755058249,0,0,140
1378,0,2757059722,2757059618,0,0,103
1379,0,2759060559,2759060442,0,0,116
1380,0,2761063101,2761062938,0,0,162
1381,0,2763065788,2763065653,0,0,134
1382,0,2765069447,2765069343,0,0,104
1383,0,2767069550,2767069422,0,0,128
1384,0,2769071621,2769071519,0,0,101
1385,0,2771073824,2771073719,0,0,105
1386,0,2773076375,2773076292,0,0,83
1387,0,2775078164,2775078056,0,0,108
1388,0,2777080588,2777080465,0,0,123
1389,0,2779083650,2779083534,0,0,116
1390,0,2781086426,2781086310,0,0,116
1391,0,2783087247,2783087117,0,0,130
1392,0,2785089391,2785089287,0,0,103
1393,0,2787091742,2787091612,0,0,130
1394,0,2789094097,2789093991,0,0,106
1395,0,2791096305,2791096189,0,0,115
1396,0,2793098546,2793098433,0,0,112
1397,0,2795100325,2795100204,0,0,121
1398,0,2797102880,2797102761,0,0,118
1399,0,2799104911,2799104788,0,0,123
1400,0,2801107089,2801107001,0,0,88
1401,0,2803110274,2803110148,0,0,125
1402,0,2805112166,2805112045,0,0,120
1403,0,2807114767,2807114629,0,0,138
1404,0,2809116167,2809116054,0,0,112
1405,0,2811118246,2811118122,0,0,123
1406,0,2813120934,2813120808,0,0,126
1407,0,2815122537,2815122411,0,0,125
1408,0,2817124806,2817124684,0,0,122
1409,0,2819126916,2819126788,0,0,128
1410,0,2821129662,2821129545,0,0,117
1411,0,2823132058,2823131939,0,0,119
1412,0,2825134121,2825133997,0,0,123
1413,0,2827136083,2827135932,0,0,150
1414,0,2829138770,2829138650,0,0,120
1415,0,2831140789,2831140665,0,0,123
1416,0,2833142849,2833142717,0,0,132
1417,0,2835144730,2835144608,0,0,122
1418,0,2837147410,2837147334,0,0,76
1419,0,2839149494,2839149367,0,0,126
1420,0,2841151939,2841151828,0,0,110
1421,0,2843155995,2843155878,0,0,116
1422,0,2845157184,2845157076,0,0,108
1423,0,2847158999,2847158892,0,0,107
1424,0,2849161202,2849161081,0,0,120
1425,0,2851162761,2851162644,0,0,116
1426,0,2853164919,2853164815,0,0,104
1427,0,2855168913,2855168791,0,0,122
1428,0,2857169721,2857169610,0,0,110
1429,0,2859171386,2859171262,0,0,123
1430,0,2861174025,2861173904,0,0,121
1431,0,2863176141,2863176058,0,0,83
1432,0,2865178173,2865178041,0,0,131
1433,0,2867180798,2867180672,0,0,125
1434,0,2869183255,2869183142,0,0,112
1435,0,2871185382,2871185260,0,0,122
1436,0,2873187462,2873187355,0,0,107
1437,0,2875189536,2875189430,0,0,105
1438,0,2877191921,2877191820,0,0,100
1439,0,2879194615,2879194508,0,0,107
1440,0,2881197449,2881197343,0,0,105
1441,0,2883198519,2883198396,0,0,122
1442,0,2885200856,2885200755,0,0,101
1443,0,2887202820,2887202712,0,0,107
1444,0,2889205388,2889205284,0,0,104
1445,0,2891207747,2891207604,0,0,142
1446,0,2893209693,2893209606,0,0,87
1447,0,2895212328,2895212206,0,0,122
1448,0,2897215212,2897215099,0,0,112
1449,0,2899216451,2899216307,0,0,144
1450,0,2901219599,2901219494,0,0,104
1451,0,2903222184,2903222070,0,0,114
1452,0,2905223913,2905223810,0,0,103
1453,0,2907225426,2907225316,0,0,110
1454,0,2909228046,2909227941,0,0,104
1455,0,2911230808,2911230701,0,0,107
1456,0,2913231820,2913231703,0,0,116
1457,0,2915233924,2915233815,0,0,108
1458,0,2917236464,2917236361,0,0,102
1459,0,2919239416,2919239312,0,0,104
1460,0,2921241389,2921241273,0,0,116
1461,0,2923243800,2923243658,0,0,142
1462,0,2925245286,2925245233,0,0,52
1463,0,2927247552,2927247408,0,0,143
1464,0,2929249614,2929249497,0,0,116
1465,0,2931251913,2931251796,0,0,116
1466,0,2933253817,2933253699,0,0,118
1467,0,2935255900,2935255775,0,0,125
1468,0,2937258699,2937258579,0,0,120
1469,0,2939260923,2939260781,0,0,142
1470,0,2941262337,2941262191,0,0,146
1471,0,2943264774,2943264669,0,0,104
1472,0,2945268042,2945267936,0,0,106
1473,0,2947269642,2947269519,0,0,122
1474,0,2949271806,2949271702,0,0,103
1475,0,2951273986,2951273871,0,0,114
1476,0,2953276627,2953276509,0,0,118
1477,0,2955280096,2955279982,0,0,114
1478,0,2957280579,2957280466,0,0,112
1479,0,2959283776,2959283663,0,0,112
1480,0,2961285067,2961284947,0,0,120
1481,0,2963287662,2963287516,0,0,146
1482,0,2965290294,2965290159,0,0,134
1483,0,2967292772,2967292633,0,0,139
1484,0,2969294159,2969294058,0,0,101
1485,0,2971297456,2971297310,0,0,146
1486,0,2973299328,2973299223,0,0,104
1487,0,2975300958,2975300853,0,0,104
1488,0,2977302855,2977302737,0,0,117
1489,0,2979305069,2979304926,0,0,143
1490,0,2981307303,2981307186,0,0,116
1491,0,2983309836,2983309710,0,0,125
1492,0,2985312406,2985312301,0,0,104
1493,0,2987315370,2987315250,0,0,120
1494,0,2989316247,2989316123,0,0,123
1495,0,2991318310,2991318207,0,0,103
1496,0,2993320925,2993320783,0,0,142
1497,0,2995323089,2995322951,0,0,138
1498,0,2997326732,2997326616,0,0,116
1499,0,2999327933,2999327821,0,0,112
1500,0,3001328744,3001328626,0,0,118
1501,0,3003332179,3003332034,0,0,144
1502,0,3005333925,3005333849,0,0,76
1503,0,3007337069,3007336914,0,0,154
1504,0,3009339795,3009339656,0,0,139
1505,0,3011340992,3011340821,0,0,170
1506,0,3013343232,3013343083,0,0,148
1507,0,3015345456,3015345314,0,0,142
1508,0,3017347956,3017347813,0,0,143
1509,0,3019350804,3019350655,0,0,148
1510,0,3021352201,3021352036,0,0,164
1511,0,3023354092,3023353958,0,0,134
1512,0,3025356774,3025356631,0,0,142
1513,0,3027359231,3027359085,0,0,146
1514,0,3029362294,3029362189,0,0,105
1515,0,3031363812,3031363655,0,0,157
1516,0,3033365418,3033365310,0,0,108
1517,0,3035367954,3035367806,0,0,147
1518,0,3037371275,3037371164,0,0,110
1519,0,3039373518,3039373393,0,0,124
1520,0,3041375188,3041375031,0,0,157
1521,0,3043376750,3043376613,0,0,137
1522,0,3045379036,3045378910,0,0,125
1523,0,3047381682,3047381541,0,0,140
1524,0,3049383559,3049383440,0,0,118
1525,0,3051386383,3051386238,0,0,144
1526,0,3053387588,3053387482,0,0,105
1527,0,3055391831,3055391685,0,0,146
1528,0,3057393310,3057393206,0,0,103
1529,0,3059394860,3059394716,0,0,143
1530,0,3061398148,3061398010,0,0,138
1531,0,3063399391,3063399262,0,0,128
1532,0,3065401303,3065401184,0,0,118
1533,0,3067403055,3067402898,0,0,156
1534,0,3069405397,3069405277,0,0,120
1535,0,3071407262,3071407134,0,0,128
1536,0,3073409910,3073409822,0,0,88
1537,0,3075413107,3075412988,0,0,119
1538,0,3077414955,3077414853,0,0,102
1539,0,3079417059,3079416920,0,0,139
1540,0,3081419226,3081419094,0,0,132
1541,0,3083422400,3083422246,0,0,154
1542,0,3085423173,3085423089,0,0,83
1543,0,3087425068,3087424950,0,0,118
1544,0,3089427921,3089427799,0,0,121
1545,0,3091429880,3091429752,0,0,128
1546,0,3093432313,3093432224,0,0,88
1547,0,3095433901,3095433779,0,0,122
1548,0,3097436420,3097436316,0,0,104
1549,0,3099439706,3099439570,0,0,136
1550,0,3101441997,3101441884,0,0,112
1551,0,3103443022,3103442919,0,0,103
1552,0,3105445141,3105445002,0,0,138
1553,0,3107447365,3107447267,0,0,98
1554,0,3109450042,3109449942,0,0,100
1555,0,3111451772,3111451644,0,0,127
1556,0,3113454916,3113454807,0,0,109
1557,0,3115457221,3115457088,0,0,132
1558,0,3117458687,3117458588,0,0,98
1559,0,3119460443,3119460325,0,0,118
1560,0,3121463229,3121463125,0,0,103
1561,0,3123465528,3123465407,0,0,121
1562,0,3125467909,3125467802,0,0,106
1563,0,3127469649,3127469545,0,0,104
1564,0,3129472104,3129472000,0,0,104
1565,0,3131473831,3131473718,0,0,112
1566,0,3133476411,3133476294,0,0,116
1567,0,3135478695,3135478587,0,0,107
1568,0,3137480925,3137480816,0,0,108
1569,0,3139483145,3139483015,0,0,129
1570,0,3141485662,3141485554,0,0,108
1571,0,3143487718,3143487609,0,0,108
1572,0,3145489846,3145489728,0,0,118
1573,0,3147492644,3147492538,0,0,105
1574,0,3149494092,3149493986,0,0,105
1575,0,3151496306,3151496173,0,0,132
1576,0,3153498857,3153498745,0,0,112
1577,0,3155502330,3155502219,0,0,111
1578,0,3157503283,3157503179,0,0,104
1579,0,3159505367,3159505233,0,0,134
1580,0,3161507582,3161507477,0,0,104
1581,0,3163510231,3163510107,0,0,123
1582,0,3165512112,3165511995,0,0,116
1583,0,3167514764,3167514651,0,0,112
1584,0,3169517662,3169517538,0,0,124
1585,0,3171518311,3171518188,0,0,122
1586,0,3173520712,3173520595,0,0,116
1587,0,3175522429,3175522312,0,0,116
1588,0,3177524957,3177524844,0,0,112
1589,0,3179528354,3179528230,0,0,123
1590,0,3181529681,3181529567,0,0,114
1591,0,3183532008,3183531893,0,0,114
1592,0,3185534876,3185534794,0,0,82
1593,0,3187537403,3187537289,0,0,114
1594,0,3189539065,3189538961,0,0,103
1595,0,3191541764,3191541631,0,0,132
1596,0,3193543314,3193543229,0,0,85
1597,0,3195545528,3195545383,0,0,144
1598,0,3197547752,3197547646,0,0,105
1599,0,3199550145,3199550026,0,0,118
1600,0,3201551995,3201551861,0,0,134
1601,0,3203554087,3203553947,0,0,140
1602,0,3205556532,3205556410,0,0,122
1603,0,3207558989,3207558875,0,0,114
1604,0,3209561799,3209561670,0,0,129
1605,0,3211564746,3211564623,0,0,123
1606,0,3213566355,3213566240,0,0,114
1607,0,3215567575,3215567444,0,0,130
1608,0,3217569922,3217569835,0,0,86
1609,0,3219572013,3219571869,0,0,144
1610,0,3221574397,3221574298,0,0,98
1611,0,3223576085,3223575961,0,0,123
1612,0,3225577880,3225577779,0,0,101
1613,0,3227581316,3227581191,0,0,124
1614,0,3229583121,3229583000,0,0,121
1615,0,3231585694,3231585550,0,0,143
1616,0,3233587376,3233587250,0,0,125
1617,0,3235589669,3235589531,0,0,137
1618,0,3237592030,3237591925,0,0,104
1619,0,3239594398,3239594262,0,0,136
1620,0,3241596388,3241596255,0,0,132
1621,0,3243598853,3243598716,0,0,137
1622,0,3245600555,3245600438,0,0,117
1623,0,3247602595,3247602446,0,0,148
1624,0,3249604954,3249604783,0,0,170
1625,0,3251607545,3251607399,0,0,146
1626,0,3253610170,3253610062,0,0,108
1627,0,3255613433,3255613278,0,0,155
1628,0,3257614424,3257614302,0,0,122
1629,0,3259616757,3259616594,0,0,163
1630,0,3261618813,3261618653,0,0,159
1631,0,3263620862,3263620732,0,0,130
1632,0,3265623311,3265623206,0,0,104
1633,0,3267626011,3267625898,0,0,112
1634,0,3269628398,3269628294,0,0,103
1635,0,3271630046,3271629930,0,0,116
1636,0,3273632316,3273632204,0,0,112
1637,0,3275634641,3275634501,0,0,140
1638,0,3277636446,3277636341,0,0,104
1639,0,3279638533,3279638397,0,0,135
1640,0,3281640712,3281640563,0,0,148
1641,0,3283643532,3283643369,0,0,162
1642,0,3285645854,3285645748,0,0,105
1643,0,3287647565,3287647428,0,0,137
1644,0,3289650104,3289649961,0,0,142
1645,0,3291652405,3291652246,0,0,159
1646,0,3293654876,3293654791,0,0,84
1647,0,3295657009,3295656876,0,0,132
1648,0,3297658987,3297658857,0,0,130
1649,0,3299660718,3299660567,0,0,150
1650,0,3301663650,3301663543,0,0,106
1651,0,3303665555,3303665421,0,0,133
1652,0,3305667943,3305667788,0,0,154
1653,0,3307670211,3307670088,0,0,122
1654,0,3309673495,3309673354,0,0,141
1655,0,3311674214,3311674108,0,0,105
1656,0,3313677170,3313677082,0,0,88
1657,0,3315678614,3315678489,0,0,124
1658,0,3317682076,3317681952,0,0,124
1659,0,3319684548,3319684415,0,0,132
1660,0,3321685757,3321685656,0,0,101
1661,0,3323687827,3323687717,0,0,110
1662,0,3325690226,3325690143,0,0,83
1663,0,3327692349,3327692232,0,0,116
1664,0,3329694809,3329694677,0,0,132
1665,0,3331696705,3331696560,0,0,144
1666,0,3333698768,3333698664,0,0,103
1667,0,3335700806,3335700672,0,0,133
1668,0,3337703572,3337703458,0,0,114
1669,0,3339705325,3339705182,0,0,143
1670,0,3341706908,3341706776,0,0,132
1671,0,3343709460,3343709348,0,0,112
1672,0,3345711235,3345711112,0,0,123
1673,0,3347715235,3347715105,0,0,130
1674,0,3349716802,3349716689,0,0,112
1675,0,3351718698,3351718590,0,0,108
1676,0,3353721417,3353721293,0,0,124
1677,0,3355725214,3355725088,0,0,125
1678,0,3357725779,3357725692,0,0,87
1679,0,3359726873,3359726764,0,0,108
1680,0,3361730393,3361730283,0,0,110
1681,0,3363732154,3363732039,0,0,114
1682,0,3365735022,3365734939,0,0,83
1683,0,3367737937,3367737820,0,0,116
1684,0,3369739723,3369739614,0,0,109
1685,0,3371740683,3371740541,0,0,142
1686,0,3373741932,3373741849,0,0,83
1687,0,3375745399,3375745272,0,0,126
1688,0,3377747645,3377747537,0,0,108
1689,0,3379750575,3379750433,0,0,142
1690,0,3381753352,3381753239,0,0,112
1691,0,3383753902,3383753793,0,0,108
1692,0,3385755860,3385755777,0,0,83
1693,0,3387760249,3387760112,0,0,137
1694,0,3389761502,3389761400,0,0,102
1695,0,3391763092,3391762975,0,0,116
1696,0,3393765701,3393765577,0,0,124
1697,0,3395768250,3395768096,0,0,153
1698,0,3397770384,3397770240,0,0,143
1699,0,3399771912,3399771780,0,0,132
1700,0,3401774817,3401774678,0,0,139
1701,0,3403776696,3403776588,0,0,107
1702,0,3405779065,3405778966,0,0,98
1703,0,3407780746,3407780644,0,0,101
1704,0,3409783298,3409783174,0,0,124
1705,0,3411785613,3411785485,0,0,128
1706,0,3413788429,3413788349,0,0,80
1707,0,3415791190,3415791073,0,0,116
1708,0,3417792424,3417792338,0,0,86
1709,0,3419795022,3419794892,0,0,130
1710,0,3421797298,3421797196,0,0,102
1711,0,3423800637,3423800525,0,0,112
1712,0,3425803343,3425803226,0,0,116
1713,0,3427803196,3427803086,0,0,110
1714,0,3429805824,3429805737,0,0,87
1715,0,3431808256,3431808186,0,0,69
1716,0,3433810445,3433810316,0,0,128
1717,0,3435812828,3435812705,0,0,122
1718,0,3437814323,3437814207,0,0,116
1719,0,3439816554,3439816451,0,0,102
1720,0,3441819051,3441818973,0,0,78
1721,0,3443821263,3443821125,0,0,138
1722,0,3445824035,3445823931,0,0,103
1723,0,3447825689,3447825601,0,0,87
1724,0,3449828208,3449828080,0,0,128
1725,0,3451830082,3451829961,0,0,120
1726,0,3453832748,3453832643,0,0,104
1727,0,3455835985,3455835879,0,0,105
1728,0,3457836880,3457836768,0,0,112
1729,0,3459839085,3459838980,0,0,104
1730,0,3461841379,3461841295,0,0,83
1731,0,3463843379,3463843274,0,0,104
1732,0,3465847454,3465847349,0,0,105
1733,0,3467849479,3467849368,0,0,110
1734,0,3469850828,3469850719,0,0,108
1735,0,3471852157,3471852069,0,0,88
1736,0,3473854984,3473854853,0,0,130
1737,0,3475857725,3475857603,0,0,122
1738,0,3477860592,3477860512,0,0,80
1739,0,3479862755,3479862643,0,0,111
1740,0,3481863947,3481863848,0,0,98
1741,0,3483867046,3483866901,0,0,144
1742,0,3485869501,3485869391,0,0,110
1743,0,3487871733,3487871603,0,0,130
1744,0,3489873481,3489873317,0,0,164
1745,0,3491874474,3491874317,0,0,157
1746,0,3493876876,3493876753,0,0,123
1747,0,3495879015,3495878886,0,0,128
1748,0,3497881847,3497881712,0,0,134
1749,0,3499884452,3499884298,0,0,154
1750,0,3501885561,3501885415,0,0,145
1751,0,3503887920,3503887793,0,0,127
1752,0,3505890194,3505890081,0,0,112
1753,0,3507893267,3507893140,0,0,126
1754,0,3509895688,3509895584,0,0,104
1755,0,3511896901,3511896763,0,0,137
1756,0,3513899093,3513898990,0,0,103
1757,0,3515901386,3515901274,0,0,111
1758,0,3517903272,3517903163,0,0,109
1759,0,3519905860,3519905733,0,0,126
1760,0,3521907975,3521907851,0,0,124
1761,0,3523909813,3523909680,0,0,132
1762,0,3525912662,3525912584,0,0,78
1763,0,3527914512,3527914373,0,0,138
1764,0,3529917550,3529917426,0,0,124
1765,0,3531920130,3531920024,0,0,105
1766,0,3533921276,3533921202,0,0,74
1767,0,3535923368,3535923240,0,0,128
1768,0,3537925939,3537925832,0,0,107
1769,0,3539927665,3539927538,0,0,126
1770,0,3541930442,3541930362,0,0,80
1771,0,3543933478,3543933355,0,0,122
1772,0,3545934950,3545934818,0,0,131
1773,0,3547937796,3547937671,0,0,125
1774,0,3549940166,3549940009,0,0,157
1775,0,3551941030,3551940893,0,0,137
1776,0,3553943382,3553943253,0,0,129
1777,0,3555947280,3555947149,0,0,131
1778,0,3557947850,3557947770,0,0,80
1779,0,3559950354,3559950242,0,0,112
1780,0,3561952332,3561952213,0,0,118
1781,0,3563955085,3563954959,0,0,125
1782,0,3565956582,3565956453,0,0,128
1783,0,3567958898,3567958757,0,0,140
1784,0,3569961469,3569961348,0,0,121
1785,0,3571963836,3571963697,0,0,139
1786,0,3573965986,3573965842,0,0,143
1787,0,3575968112,3575967981,0,0,131
1788,0,3577970788,3577970683,0,0,105
1789,0,3579973887,3579973710,0,0,177
1790,0,3581975393,3581975260,0,0,133
1791,0,3583977325,3583977186,0,0,139
1792,0,3585979000,3585978889,0,0,110
1793,0,3587981550,3587981422,0,0,127
1794,0,3589983903,3589983774,0,0,129
1795,0,3591985988,3591985849,0,0,138
1796,0,3593988834,3593988700,0,0,134
1797,0,3595991514,3595991382,0,0,132
1798,0,3597992474,3597992386,0,0,87
1799,0,3599994148,3599994032,0,0,115
1800,0,3601995773,3601995630,0,0,142
1801,0,3603999348,3603999209,0,0,138
1802,0,3606001818,3606001730,0,0,88
1803,0,3608004435,3608004311,0,0,124
1804,0,3610006534,3610006425,0,0,109
1805,0,3612009982,3612009863,0,0,118
1806,0,3614011506,3614011415,0,0,90
1807,0,3616012804,3616012698,0,0,105
1808,0,3618014678,3618014555,0,0,122
1809,0,3620017624,3620017506,0,0,118
1810,0,3622019427,3622019327,0,0,100
1811,0,3624021609,3624021493,0,0,116
1812,0,3626024103,3626023998,0,0,104
1813,0,3628025530,3628025422,0,0,108
1814,0,3630028152,3630028067,0,0,84
1815,0,3632030161,3632030042,0,0,119
1816,0,3634032993,3634032889,0,0,104
1817,0,3636035418,3636035280,0,0,138
1818,0,3638038299,3638038186,0,0,112
1819,0,3640038928,3640038819,0,0,108
1820,0,3642041281,3642041165,0,0,116
1821,0,3644043733,3644043607,0,0,125
1822,0,3646046251,3646046144,0,0,106
1823,0,3648047893,3648047776,0,0,116
1824,0,3650050125,3650050006,0,0,118
1825,0,3652052353,3652052231,0,0,122
1826,0,3654054872,3654054786,0,0,86
1827,0,3656058834,3656058726,0,0,107
1828,0,3658061290,3658061165,0,0,125
1829,0,3660063436,3660063322,0,0,114
1830,0,3662063711,3662063606,0,0,104
1831,0,3664065704,3664065594,0,0,110
1832,0,3666068685,3666068563,0,0,122
1833,0,3668070219,3668070085,0,0,134
1834,0,3670072470,3670072399,0,0,71
1835,0,3672074714,3672074606,0,0,108
1836,0,3674077226,3674077098,0,0,128
1837,0,3676079557,3676079440,0,0,117
1838,0,3678082260,3678082134,0,0,125
1839,0,3680085269,3680085144,0,0,124
1840,0,3682087157,3682087041,0,0,116
1841,0,3684088769,3684088643,0,0,125
1842,0,3686091859,3686091757,0,0,102
1843,0,3688093314,3688093184,0,0,130
1844,0,3690094836,3690094725,0,0,110
1845,0,3692097402,3692097267,0,0,134
1846,0,3694099806,3694099732,0,0,74
1847,0,3696102305,3696102183,0,0,122
1848,0,3698103771,3698103704,0,0,67
1849,0,3700105883,3700105752,0,0,130
1850,0,3702108218,3702108097,0,0,121
1851,0,3704110458,3704110341,0,0,116
1852,0,3706112754,3706112670,0,0,83
1853,0,3708114467,3708114325,0,0,141
1854,0,3710116972,3710116869,0,0,103
1855,0,3712118855,3712118746,0,0,108
1856,0,3714121383,3714121244,0,0,139
1857,0,3716124445,3716124324,0,0,121
1858,0,3718127062,3718126948,0,0,114
1859,0,3720128123,3720128003,0,0,119
1860,0,3722130883,3722130781,0,0,102
1861,0,3724133322,3724133208,0,0,114
1862,0,3726135739,3726135651,0,0,87
1863,0,3728137002,3728136856,0,0,146
1864,0,3730139369,3730139196,0,0,173
1865,0,3732141481,3732141322,0,0,159
1866,0,3734143858,3734143709,0,0,148
1867,0,3736145826,3736145664,0,0,162
1868,0,3738148276,3738148135,0,0,140
1869,0,3740151241,3740151100,0,0,141
1870,0,3742153603,3742153480,0,0,123
1871,0,3744154838,3744154689,0,0,148
1872,0,3746157103,3746156984,0,0,119
1873,0,3748159723,3748159559,0,0,163
1874,0,3750161850,3750161699,0,0,150
1875,0,3752163673,3752163540,0,0,132
1876,0,3754166471,3754166353,0,0,117
1877,0,3756170168,3756170022,0,0,146
1878,0,3758171642,3758171519,0,0,122
1879,0,3760172736,3760172609,0,0,126
1880,0,3762175119,3762174978,0,0,140
1881,0,3764177146,3764177022,0,0,124
1882,0,3766179411,3766179306,0,0,104
1883,0,3768181096,3768180987,0,0,108
1884,0,3770182805,3770182692,0,0,112
1885,0,3772185750,3772185628,0,0,122
1886,0,3774188123,3774187991,0,0,132
1887,0,3776190309,3776190166,0,0,142
1888,0,3778192510,3778192341,0,0,168
1889,0,3780194944,3780194924,0,0,20
1890,0,3782197211,3782197089,0,0,121
1891,0,3784199489,3784199352,0,0,136
1892,0,3786202132,3786202026,0,0,106
1893,0,3788203806,3788203658,0,0,148
1894,0,3790205961,3790205852,0,0,108
1895,0,3792208217,3792208107,0,0,110
1896,0,3794210052,3794209948,0,0,104
1897,0,3796211524,3796211391,0,0,132
1898,0,3798215339,3798215195,0,0,143
1899,0,3800216885,3800216772,0,0,113
1900,0,3802219168,3802219063,0,0,105
1901,0,3804222080,3804221934,0,0,146
1902,0,3806224020,3806223917,0,0,102
1903,0,3808226214,3808226091,0,0,123
1904,0,3810228293,3810228147,0,0,146
1905,0,3812230222,3812230076,0,0,146
1906,0,3814232902,3814232789,0,0,112
1907,0,3816236415,3816236272,0,0,143
1908,0,3818237516,3818237408,0,0,107
1909,0,3820239352,3820239190,0,0,162
1910,0,3822241586,3822241480,0,0,106
1911,0,3824243896,3824243764,0,0,131
1912,0,3826246527,3826246394,0,0,132
1913,0,3828248460,3828248348,0,0,112
1914,0,3830250865,3830250748,0,0,116
1915,0,3832252669,3832252545,0,0,124
1916,0,3834255373,3834255291,0,0,82
1917,0,3836257026,3836256893,0,0,133
1918,0,3838259395,3838259274,0,0,121
1919,0,3840261679,3840261528,0,0,150
1920,0,3842263823,3842263716,0,0,106
1921,0,3844266038,3844265862,0,0,175
1922,0,3846268469,3846268359,0,0,110
1923,0,3848270618,3848270475,0,0,143
1924,0,3850272871,3850272739,0,0,131
1925,0,3852275052,3852274918,0,0,134
1926,0,3854278316,3854278231,0,0,84
1927,0,3856280699,3856280576,0,0,123
1928,0,3858281813,3858281691,0,0,122
1929,0,3860283411,3860283262,0,0,148
1930,0,3862286137,3862286024,0,0,112
1931,0,3864288332,3864288203,0,0,128
1932,0,3866290531,3866290447,0,0,83
1933,0,3868293492,3868293354,0,0,138
1934,0,3870296060,3870295955,0,0,104
1935,0,3872297622,3872297491,0,0,130
1936,0,3874299537,3874299413,0,0,123
1937,0,3876302359,3876302227,0,0,132
1938,0,3878304649,3878304525,0,0,123
1939,0,3880306249,3880306101,0,0,148
1940,0,3882308820,3882308680,0,0,139
1941,0,3884310371,3884310226,0,0,145
1942,0,3886312586,3886312480,0,0,105
1943,0,3888314679,3888314562,0,0,116
1944,0,3890317405,3890317288,0,0,116
1945,0,3892320323,3892320205,0,0,118
1946,0,3894321990,3894321883,0,0,106
1947,0,3896324270,3896324141,0,0,128
1948,0,3898325993,3898325894,0,0,98
1949,0,3900328067,3900327942,0,0,124
1950,0,3902331037,3902330934,0,0,102
1951,0,3904333022,3904332934,0,0,88
1952,0,3906335238,3906335132,0,0,105
1953,0,3908337386,3908337260,0,0,125
1954,0,3910339258,3910339139,0,0,118
1955,0,3912341728,3912341580,0,0,147
1956,0,3914344001,3914343888,0,0,112
1957,0,3916346314,3916346183,0,0,130
1958,0,3918348267,3918348162,0,0,104
1959,0,3920350548,3920350439,0,0,108
1960,0,3922353346,3922353237,0,0,108
1961,0,3924354883,3924354755,0,0,128
1962,0,3926357584,3926357495,0,0,88
1963,0,3928359492,3928359386,0,0,105
1964,0,3930361775,3930361672,0,0,102
1965,0,3932365711,3932365601,0,0,110
1966,0,3934367327,3934367211,0,0,115
1967,0,3936368325,3936368215,0,0,110
1968,0,3938370737,3938370629,0,0,107
1969,0,3940373013,3940372885,0,0,127
1970,0,3942374916,3942374835,0,0,80
1971,0,3944377286,3944377166,0,0,120
1972,0,3946379988,3946379886,0,0,101
1973,0,3948382532,3948382423,0,0,108
1974,0,3950384062,3950383959,0,0,103
1975,0,3952386251,3952386110,0,0,141
1976,0,3954388696,3954388582,0,0,114
1977,0,3956391851,3956391721,0,0,130
1978,0,3958393195,3958393087,0,0,107
1979,0,3960395275,3960395132,0,0,143
1980,0,3962397621,3962397516,0,0,104
1981,0,3964399468,3964399325,0,0,143
1982,0,3966401849,3966401723,0,0,125
1983,0,3968404413,3968404307,0,0,105
1984,0,3970407744,3970407667,0,0,77
1985,0,3972408680,3972408568,0,0,112
1986,0,3974411625,3974411520,0,0,105
1987,0,3976413825,3976413712,0,0,112
1988,0,3978415443,3978415353,0,0,89
1989,0,3980417282,3980417168,0,0,114
1990,0,3982419375,3982419271,0,0,103
1991,0,3984421728,3984421602,0,0,126
1992,0,3986423762,3986423658,0,0,104
1993,0,3988426151,3988426024,0,0,126
1994,0,3990428931,3990428842,0,0,89
1995,0,3992431800,3992431689,0,0,111
1996,0,3994433293,3994433168,0,0,124
1997,0,3996436119,3996435995,0,0,124
1998,0,3998439299,3998439198,0,0,101
1999,0,4000441076,4000440955,0,0,120
2000,0,4002442549,4002442433,0,0,116
2001,0,4004444171,4004444044,0,0,126
2002,0,4006446215,4006446131,0,0,83
2003,0,4008448419,4008448299,0,0,119
2004,0,4010452034,4010451925,0,0,108
2005,0,4012452948,4012452801,0,0,146
2006,0,4014455068,4014454929,0,0,139
2007,0,4016457629,4016457485,0,0,143
2008,0,4018459953,4018459829,0,0,123
2009,0,4020462164,4020462034,0,0,129
2010,0,4022464858,4022464739,0,0,118
2011,0,4024467104,4024466991,0,0,112
2012,0,4026468463,4026468341,0,0,122
2013,0,4028470523,4028470384,0,0,138
2014,0,4030472791,4030472689,0,0,102
2015,0,4032475292,4032475158,0,0,134
2016,0,4034478021,4034477868,0,0,152
2017,0,4036479595,4036479460,0,0,134
2018,0,4038482304,4038482192,0,0,112
2019,0,4040483979,4040483854,0,0,124
2020,0,4042486554,4042486425,0,0,128
2021,0,4044488836,4044488676,0,0,159
2022,0,4046491258,4046491145,0,0,112
2023,0,4048494132,4048494024,0,0,108
2024,0,4050496137,4050495993,0,0,144
2025,0,4052498373,4052498233,0,0,140
2026,0,4054499817,4054499711,0,0,105
2027,0,4056502730,4056502651,0,0,78
2028,0,4058504595,4058504532,0,0,62
2029,0,4060506883,4060506755,0,0,128
2030,0,4062508792,4062508692,0,0,100
2031,0,4064511040,4064510936,0,0,104
2032,0,4066512948,4066512809,0,0,138
2033,0,4068515813,4068515705,0,0,107
2034,0,4070518462,4070518350,0,0,112
2035,0,4072519458,4072519331,0,0,127
2036,0,4074522270,4074522156,0,0,114
2037,0,4076524343,4076524211,0,0,132
2038,0,4078526014,4078525907,0,0,107
2039,0,4080529061,4080528950,0,0,110
2040,0,4082531580,4082531460,0,0,120
2041,0,4084532660,4084532552,0,0,108
2042,0,4086535611,4086535509,0,0,102
2043,0,4088538361,4088538255,0,0,106
2044,0,4090539777,4090539665,0,0,112
2045,0,4092541983,4092541838,0,0,144
2046,0,4094544361,4094544275,0,0,86
2047,0,4096546632,4096546515,0,0,116
2048,0,4098548796,4098548678,0,0,118
2049,0,4100550778,4100550671,0,0,107
2050,0,4102553152,4102553078,0,0,74
2051,0,4104556543,4104556438,0,0,104
2052,0,4106559206,4106559101,0,0,105
2053,0,4108560604,4108560498,0,0,105
2054,0,4110561458,4110561357,0,0,101
2055,0,4112563182,4112563063,0,0,118
2056,0,4114567208,4114567092,0,0,116
2057,0,4116569972,4116569845,0,0,126
2058,0,4118570763,4118570659,0,0,103
2059,0,4120573634,4120573489,0,0,144
2060,0,4122576268,4122576127,0,0,141
2061,0,4124578799,4124578672,0,0,126
2062,0,4126581625,4126581507,0,0,118
2063,0,4128582206,4128582081,0,0,125
2064,0,4130584096,4130583954,0,0,142
2065,0,4132585939,4132585803,0,0,136
2066,0,4134588391,4134588272,0,0,118
2067,0,4136590615,4136590494,0,0,120
2068,0,4138592907,4138592781,0,0,126
2069,0,4140595071,4140594943,0,0,128
2070,0,4142597685,4142597536,0,0,148
2071,0,4144599818,4144599692,0,0,125
2072,0,4146601858,4146601739,0,0,119
2073,0,4148604332,4148604224,0,0,107
2074,0,4150606517,4150606400,0,0,117
2075,0,4152608551,4152608426,0,0,124
2076,0,4154610872,4154610771,0,0,101
2077,0,4156614519,4156614380,0,0,138
2078,0,4158615206,4158615097,0,0,108
2079,0,4160617510,4160617377,0,0,132
2080,0,4162619337,4162619216,0,0,121
2081,0,4164621509,4164621383,0,0,125
2082,0,4166624227,4166624116,0,0,110
2083,0,4168625966,4168625853,0,0,112
2084,0,4170627714,4170627587,0,0,127
2085,0,4172631177,4172631054,0,0,122
2086,0,4174633431,4174633343,0,0,87
2087,0,4176635512,4176635402,0,0,110
2088,0,4178637191,4178637089,0,0,101
2089,0,4180639995,4180639871,0,0,123
2090,0,4182641973,4182641901,0,0,71
2091,0,4184644201,4184644088,0,0,112
2092,0,4186646600,4186646494,0,0,105
2093,0,4188649560,4188649435,0,0,124
2094,0,4190652479,4190652361,0,0,118
2095,0,4192652993,4192652891,0,0,102
2096,0,4194655364,4194655238,0,0,125
2097,0,4196658028,4196657903,0,0,124
2098,0,4198660119,4198660035,0,0,84
2099,0,4200661955,4200661850,0,0,104
2100,0,4202664552,4202664474,0,0,78
2101,0,4204667527,4204667402,0,0,124
2102,0,4206669261,4206669155,0,0,105
2103,0,4208670881,4208670802,0,0,79
2104,0,4210673403,4210673310,0,0,92
2105,0,4212675442,4212675338,0,0,103
2106,0,4214678262,4214678158,0,0,104
2107,0,4216679770,4216679666,0,0,103
2108,0,4218683123,4218683056,0,0,67
2109,0,4220685596,4220685489,0,0,107
2110,0,4222686967,4222686846,0,0,121
2111,0,4224689253,4224689114,0,0,139
2112,0,4226691446,4226691298,0,0,147
2113,0,4228693210,4228693096,0,0,114
2114,0,4230695771,4230695651,0,0,120
2115,0,4232697657,4232697531,0,0,125
2116,0,4234700252,4234700103,0,0,148
2117,0,4236701912,4236701768,0,0,143
2118,0,4238704550,4238704422,0,0,128
2119,0,4240706816,4240706698,0,0,117
2120,0,4242710588,4242710467,0,0,120
2121,0,4244712253,4244712115,0,0,138
2122,0,4246713653,4246713548,0,0,105
2123,0,4248716466,4248716358,0,0,107
2124,0,4250718074,4250717961,0,0,112
2125,0,4252720643,4252720510,0,0,132
2126,0,4254722801,4254722685,0,0,116
2127,0,4256725999,4256725858,0,0,141
2128,0,4258726991,4258726870,0,0,120
2129,0,4260728934,4260728805,0,0,128
2130,0,4262730927,4262730843,0,0,83
2131,0,4264733391,4264733268,0,0,122
2132,0,4266736036,4266735912,0,0,124
2133,0,4268739098,4268738970,0,0,127
2134,0,4270740534,4270740418,0,0,116
2135,0,4272743315,4272743175,0,0,140
2136,0,4274745055,4274744941,0,0,114
2137,0,4276747530,4276747410,0,0,120
2138,0,4278749453,4278749317,0,0,136
2139,0,4280752169,4280752031,0,0,138
2140,0,4282754444,4282754339,0,0,104
2141,0,4284755278,4284755155,0,0,123
2142,0,4286757844,4286757724,0,0,120
2143,0,4288759902,4288759748,0,0,154
2144,0,4290762685,4290762584,0,0,100
2145,0,4292765253,4292765123,0,0,130
2146,0,4294767598,4294767494,0,0,103
2147,0,4296769030,4296768888,0,0,141
2148,0,4298771576,4298771441,0,0,134
2149,0,4300774651,4300774510,0,0,141
2150,0,4302775919,4302775770,0,0,148
2151,0,4304777975,4304777858,0,0,117
2152,0,4306780341,4306780223,0,0,118
2153,0,4308781892,4308781775,0,0,116
2154,0,4310784447,4310784334,0,0,113
2155,0,4312786350,4312786208,0,0,142
2156,0,4314789058,4314788970,0,0,87
2157,0,4316791556,4316791439,0,0,116
2158,0,4318793359,4318793222,0,0,137
2159,0,4320796664,4320796543,0,0,120
2160,0,4322797995,4322797836,0,0,158
2161,0,4324799941,4324799804,0,0,137
2162,0,4326802279,4326802200,0,0,78
2163,0,4328804231,4328804123,0,0,107
2164,0,4330807278,4330807154,0,0,123
2165,0,4332809768,4332809634,0,0,134
2166,0,4334811334,4334811202,0,0,132
2167,0,4336813976,4336813858,0,0,118
2168,0,4338816485,4338816373,0,0,112
2169,0,4340818228,4340818118,0,0,110
2170,0,4342821179,4342821074,0,0,104
2171,0,4344822160,4344822046,0,0,114
2172,0,4346824604,4346824519,0,0,84
2173,0,4348826715,4348826625,0,0,89
2174,0,4350829508,4350829395,0,0,112
2175,0,4352832605,4352832474,0,0,130
2176,0,4354834504,4354834400,0,0,104
2177,0,4356837258,4356837123,0,0,134
2178,0,4358838635,4358838534,0,0,101
2179,0,4360841492,4360841375,0,0,116
2180,0,4362842534,4362842421,0,0,112
2181,0,4364845308,4364845171,0,0,137
2182,0,4366847885,4366847798,0,0,87
2183,0,4368848805,4368848701,0,0,104
2184,0,4370851024,4370850891,0,0,133
2185,0,4372853108,4372852986,0,0,122
2186,0,4374855809,4374855730,0,0,78
2187,0,4376857690,4376857569,0,0,121
2188,0,4378860271,4378860165,0,0,106
2189,0,4380862993,4380862873,0,0,120
2190,0,4382865348,4382865271,0,0,77
2191,0,4384867386,4384867281,0,0,104
2192,0,4386869728,4386869608,0,0,120
2193,0,4388871384,4388871280,0,0,104
2194,0,4390873316,4390873199,0,0,116
2195,0,4392875805,4392875688,0,0,116
2196,0,4394878260,4394878157,0,0,103
2197,0,4396879908,4396879762,0,0,146
2198,0,4398882404,4398882292,0,0,112
2199,0,4400884100,4400883983,0,0,116
2200,0,4402886967,4402886820,0,0,147
2201,0,4404888968,4404888829,0,0,139
2202,0,4406891079,4406890963,0,0,116
2203,0,4408893509,4408893376,0,0,132
2204,0,4410896076,4410895991,0,0,84
2205,0,4412898472,4412898316,0,0,156
2206,0,4414900727,4414900622,0,0,104
2207,0,4416902262,4416902148,0,0,114
2208,0,4418904008,4418903876,0,0,131
2209,0,4420905814,4420905683,0,0,130
2210,0,4422909635,4422909514,0,0,121
2211,0,4424912808,4424912651,0,0,157
2212,0,4426915213,4426915071,0,0,141
2213,0,4428916870,4428916734,0,0,136
2214,0,4430917445,4430917341,0,0,104
2215,0,4432920221,4432920116,0,0,104
2216,0,4434922333,4434922216,0,0,116
2217,0,4436925391,4436925239,0,0,151
2218,0,4438927068,4438926961,0,0,106
2219,0,4440929158,4440929031,0,0,126
2220,0,4442931555,4442931424,0,0,130
2221,0,4444933371,4444933217,0,0,154
2222,0,4446935876,4446935728,0,0,148
2223,0,4448938444,4448938358,0,0,86
2224,0,4450941118,4450941032,0,0,85
2225,0,4452942413,4452942296,0,0,116
2226,0,4454945065,4454944983,0,0,81
2227,0,4456948858,4456948738,0,0,120
2228,0,4458949327,4458949222,0,0,104
2229,0,4460950995,4460950880,0,0,114
2230,0,4462953644,4462953572,0,0,72
2231,0,4464955698,4464955555,0,0,143
2232,0,4466957780,4466957695,0,0,85
2233,0,4468960207,4468960075,0,0,132
2234,0,4470962546,4470962427,0,0,118
2235,0,4472964826,4472964743,0,0,82
2236,0,4474967044,4474966968,0,0,75
2237,0,4476969882,4476969768,0,0,114
2238,0,4478971300,4478971179,0,0,120
2239,0,4480973490,4480973384,0,0,106
2240,0,4482975780,4482975660,0,0,120
2241,0,4484978058,4484977948,0,0,109
2242,0,4486980285,4486980182,0,0,103
2243,0,4488981916,4488981807,0,0,108
2244,0,4490984794,4490984695,0,0,98
2245,0,4492986651,4492986542,0,0,108
2246,0,4494988891,4494988806,0,0,84
2247,0,4496991031,4496990886,0,0,144
2248,0,4498993629,4498993493,0,0,135
2249,0,4500995660,4500995527,0,0,132
2250,0,4502998747,4502998635,0,0,111
2251,0,4505001222,4505001102,0,0,119
2252,0,4507002708,4507002569,0,0,139
2253,0,4509005500,4509005359,0,0,140
2254,0,4511007680,4511007606,0,0,74
2255,0,4513009232,4513009101,0,0,130
2256,0,4515011952,4515011815,0,0,136
2257,0,4517013428,4517013305,0,0,123
2258,0,4519015925,4519015794,0,0,130
2259,0,4521018008,4521017853,0,0,155
2260,0,4523020858,4523020724,0,0,134
2261,0,4525023354,4525023215,0,0,138
2262,0,4527025521,4527025393,0,0,127
2263,0,4529027879,4529027734,0,0,145
2264,0,4531029337,4531029206,0,0,130
2265,0,4533030999,4533030876,0,0,122
2266,0,4535034088,4535033969,0,0,119
2267,0,4537036150,4537036033,0,0,116
2268,0,4539038746,4539038640,0,0,105
2269,0,4541041164,4541041039,0,0,124
2270,0,4543042689,4543042575,0,0,114
2271,0,4545044756,4545044633,0,0,123
2272,0,4547047449,4547047306,0,0,142
2273,0,4549048764,4549048651,0,0,112
2274,0,4551051641,4551051526,0,0,114
2275,0,4553053397,4553053271,0,0,126
2276,0,4555057028,4555056915,0,0,112
2277,0,4557059352,4557059206,0,0,146
2278,0,4559060914,4559060792,0,0,121
2279,0,4561063588,4561063474,0,0,114
2280,0,4563065036,4563064928,0,0,108
2281,0,4565066446,4565066323,0,0,122
2282,0,4567069564,4567069458,0,0,105
2283,0,4569071246,4569071113,0,0,132
2284,0,4571073628,4571073489,0,0,138
2285,0,4573076151,4573076027,0,0,123
2286,0,4575078007,4575077900,0,0,107
2287,0,4577080230,4577080118,0,0,112
2288,0,4579082593,4579082476,0,0,116
2289,0,4581084785,4581084655,0,0,130
2290,0,4583087168,4583087064,0,0,104
2291,0,4585089250,4585089133,0,0,116
2292,0,4587092056,4587091946,0,0,110
2293,0,4589094698,4589094575,0,0,122
2294,0,4591096200,4591096075,0,0,124
2295,0,4593099076,4593098943,0,0,132
2296,0,4595100301,4595100190,0,0,111
2297,0,4597102483,4597102373,0,0,110
2298,0,4599104996,4599104874,0,0,122
2299,0,4601107270,4601107142,0,0,128
2300,0,4603109767,4603109685,0,0,82
2301,0,4605112305,4605112182,0,0,123
2302,0,4607114085,4607113982,0,0,103
2303,0,4609115705,4609115587,0,0,118
2304,0,4611118626,4611118516,0,0,110
2305,0,4613120334,4613120218,0,0,116
2306,0,4615122840,4615122764,0,0,76
2307,0,4617124602,4617124492,0,0,110
2308,0,4619127554,4619127431,0,0,123
2309,0,4621130112,4621129992,0,0,120
2310,0,4623132310,4623132206,0,0,103
2311,0,4625134537,4625134422,0,0,114
2312,0,4627135746,4627135613,0,0,132
2313,0,4629138028,4629137885,0,0,142
2314,0,4631141160,4631141033,0,0,127
2315,0,4633144905,4633144798,0,0,106
2316,0,4635145182,4635145078,0,0,103
2317,0,4637147966,4637147860,0,0,105
2318,0,4639150781,4639150674,0,0,106
2319,0,4641152949,4641152840,0,0,108
2320,0,4643155168,4643155040,0,0,127
2321,0,4645157476,4645157353,0,0,122
2322,0,4647159421,4647159337,0,0,84
2323,0,4649160646,4649160489,0,0,157
2324,0,4651163199,4651163080,0,0,118
2325,0,4653165823,4653165688,0,0,134
2326,0,4655167481,4655167398,0,0,83
2327,0,4657170865,4657170737,0,0,127
2328,0,4659171727,4659171608,0,0,118
2329,0,4661173991,4661173870,0,0,121
2330,0,4663176332,4663176211,0,0,121
2331,0,4665178291,4665178148,0,0,142
2332,0,4667180658,4667180553,0,0,104
2333,0,4669183267,4669183139,0,0,128
2334,0,4671186577,4671186427,0,0,150
2335,0,4673188384,4673188267,0,0,116
2336,0,4675189537,4675189408,0,0,128
2337,0,4677191076,4677190936,0,0,140
2338,0,4679193638,4679193491,0,0,147
2339,0,4681196431,4681196294,0,0,137
2340,0,4683199120,4683198995,0,0,125
2341,0,4685200567,4685200431,0,0,136
2342,0,4687202607,4687202490,0,0,116
2343,0,4689204817,4689204712,0,0,104
2344,0,4691207432,4691207348,0,0,84
2345,0,4693210004,4693209883,0,0,120
2346,0,4695211319,4695211216,0,0,102
2347,0,4697213826,4697213716,0,0,110
2348,0,4699216615,4699216542,0,0,72
2349,0,4701220548,4701220438,0,0,110
2350,0,4703222179,4703222074,0,0,104
2351,0,4705223901,4705223757,0,0,144
2352,0,4707224839,4707224696,0,0,142
2353,0,4709228092,4709227968,0,0,123
2354,0,4711230010,4711229886,0,0,123
2355,0,4713232248,4713232104,0,0,143
2356,0,4715234735,4715234611,0,0,124
2357,0,4717236857,4717236730,0,0,126
2358,0,4719238226,4719238122,0,0,104
2359,0,4721240447,4721240399,0,0,48
2360,0,4723243444,4723243343,0,0,101
2361,0,4725246250,4725246141,0,0,108
2362,0,4727247631,4727247521,0,0,110
2363,0,4729250955,4729250847,0,0,107
2364,0,4731253013,4731252872,0,0,141
2365,0,4733254033,4733253912,0,0,121
2366,0,4735255960,4735255849,0,0,110
2367,0,4737258684,4737258571,0,0,112
2368,0,4739261274,4739261167,0,0,106
2369,0,4741262177,4741262071,0,0,105
2370,0,4743264853,4743264765,0,0,88
2371,0,4745267609,4745267488,0,0,121
2372,0,4747270195,4747270074,0,0,120
2373,0,4749273436,4749273324,0,0,112
2374,0,4751274175,4751274033,0,0,142
2375,0,4753276108,4753275978,0,0,130
2376,0,4755278294,4755278179,0,0,115
2377,0,4757282066,4757281936,0,0,130
2378,0,4759283331,4759283233,0,0,98
2379,0,4761286053,4761285919,0,0,134
2380,0,4763287223,4763287109,0,0,114
2381,0,4765290616,4765290487,0,0,128
2382,0,4767292643,4767292499,0,0,143
2383,0,4769294501,4769294354,0,0,146
2384,0,4771297106,4771296975,0,0,130
2385,0,4773297883,4773297764,0,0,118
2386,0,4775300541,4775300434,0,0,107
2387,0,4777302667,4777302538,0,0,128
2388,0,4779305134,4779305007,0,0,126
2389,0,4781307174,4781307033,0,0,141
2390,0,4783308978,4783308871,0,0,107
2391,0,4785311760,4785311622,0,0,138
2392,0,4787315558,4787315443,0,0,114
2393,0,4789317155,4789317003,0,0,151
2394,0,4791318415,4791318292,0,0,123
2395,0,4793320304,4793320159,0,0,144
2396,0,4795323062,4795322959,0,0,102
2397,0,4797325206,4797325085,0,0,121
2398,0,4799327566,4799327436,0,0,130
2399,0,4801329241,4801329157,0,0,84
2400,0,4803331802,4803331660,0,0,142
2401,0,4805333547,4805333435,0,0,112
2402,0,4807336265,4807336155,0,0,109
2403,0,4809338405,4809338282,0,0,123
2404,0,4811341372,4811341239,0,0,132
2405,0,4813343785,4813343646,0,0,139
2406,0,4815344642,4815344507,0,0,134
2407,0,4817347245,4817347129,0,0,116
2408,0,4819349564,4819349459,0,0,105
2409,0,4821351267,4821351161,0,0,105
2410,0,4823353976,4823353851,0,0,124
2411,0,4825355846,4825355726,0,0,119
2412,0,4827358830,4827358730,0,0,100
2413,0,4829361701,4829361584,0,0,116
2414,0,4831362849,4831362725,0,0,123
2415,0,4833365238,4833365107,0,0,130
2416,0,4835367014,4835366878,0,0,135
2417,0,4837369333,4837369220,0,0,113
2418,0,4839371489,4839371355,0,0,134
2419,0,4841373867,4841373749,0,0,118
2420,0,4843376391,4843376278,0,0,112
2421,0,4845378148,4845378001,0,0,147
2422,0,4847380956,4847380823,0,0,132
2423,0,4849382564,4849382451,0,0,112
2424,0,4851385300,4851385164,0,0,136
2425,0,4853387213,4853387085,0,0,127
2426,0,4855390119,4855390001,0,0,118
2427,0,4857394485,4857394377,0,0,108
2428,0,4859393994,4859393894,0,0,100
2429,0,4861396265,4861396129,0,0,135
2430,0,4863398188,4863398079,0,0,108
2431,0,4865400793,4865400675,0,0,118
2432,0,4867403913,4867403824,0,0,89
2433,0,4869405547,4869405418,0,0,128
2434,0,4871409130,4871409019,0,0,111
2435,0,4873410517,4873410400,0,0,116
2436,0,4875412542,4875412418,0,0,123
2437,0,4877415118,4877414989,0,0,128
2438,0,4879416161,4879416040,0,0,121
2439,0,4881418681,4881418577,0,0,103
2440,0,4883420896,4883420788,0,0,107
2441,0,4885422465,4885422343,0,0,121
2442,0,4887425752,4887425643,0,0,108
2443,0,4889428242,4889428132,0,0,109
2444,0,4891429572,4891429465,0,0,106
2445,0,4893432559,4893432450,0,0,108
2446,0,4895435119,4895434997,0,0,121
2447,0,4897435930,4897435806,0,0,123
2448,0,4899438681,4899438557,0,0,124
2449,0,4901440699,4901440582,0,0,117
2450,0,4903442562,4903442449,0,0,112
2451,0,4905446034,4905445928,0,0,106
2452,0,4907447691,4907447582,0,0,108
2453,0,4909449441,4909449334,0,0,106
2454,0,4911452013,4911451905,0,0,107
2455,0,4913454240,4913454132,0,0,107
2456,0,4915456085,4915455995,0,0,89
2457,0,4917458146,4917458029,0,0,116
2458,0,4919461104,4919461020,0,0,84
2459,0,4921464006,4921463902,0,0,104
2460,0,4923465573,4923465458,0,0,114
2461,0,4925468824,4925468696,0,0,128
2462,0,4927469829,4927469697,0,0,131
2463,0,4929470921,4929470935,0,0,-14
2464,0,4931473920,4931473809,0,0,110
2465,0,4933476806,4933476681,0,0,125
2466,0,4935479510,4935479426,0,0,83
2467,0,4937480392,4937480285,0,0,106
2468,0,4939483955,4939483844,0,0,110
2469,0,4941486261,4941486128,0,0,132
2470,0,4943488060,4943487957,0,0,102
2471,0,4945489937,4945489824,0,0,112
2472,0,4947491430,4947491322,0,0,107
2473,0,4949493943,4949493825,0,0,118
2474,0,4951496435,4951496350,0,0,84
2475,0,4953498595,4953498476,0,0,118
2476,0,4955500675,4955500567,0,0,107
2477,0,4957504725,4957504581,0,0,143
2478,0,4959506447,4959506363,0,0,84
2479,0,4961507434,4961507323,0,0,111
2480,0,4963509734,4963509607,0,0,126
2481,0,4965511555,4965511433,0,0,121
2482,0,4967513881,4967513769,0,0,112
2483,0,4969516441,4969516336,0,0,105
2484,0,4971518251,4971518148,0,0,103
2485,0,4973521214,4973521110,0,0,104
2486,0,4975523659,4975523555,0,0,104
2487,0,4977525047,4977524923,0,0,123
2488,0,4979527244,4979527140,0,0,104
2489,0,4981529126,4981528977,0,0,148
2490,0,4983532219,4983532114,0,0,104
2491,0,4985534275,4985534166,0,0,108
2492,0,4987536531,4987536453,0,0,78
2493,0,4989538344,4989538231,0,0,112
2494,0,4991541040,4991540917,0,0,122
2495,0,4993543370,4993543251,0,0,118
2496,0,4995545273,4995545159,0,0,114
2497,0,4997546978,4997546874,0,0,103
2498,0,4999549672,4999549557,0,0,114
2499,0,5001551771,5001551658,0,0,113
2500,0,5003554243,5003554126,0,0,116
2501,0,5005556387,5005556267,0,0,120
2502,0,5007558970,5007558838,0,0,131
2503,0,5009561126,5009561024,0,0,102
2504,0,5011563334,5011563229,0,0,104
2505,0,5013564817,5013564694,0,0,123
2506,0,5015567696,5015567588,0,0,107
2507,0,5017569467,5017569330,0,0,136
2508,0,5019571986,5019571881,0,0,105
2509,0,5021577024,5021576879,0,0,144
2510,0,5023578925,5023578821,0,0,104
2511,0,5025579705,5025579597,0,0,107
2512,0,5027580946,5027580857,0,0,88
2513,0,5029582790,5029582676,0,0,114
2514,0,5031585325,5031585201,0,0,124
2515,0,5033587877,5033587791,0,0,86
2516,0,5035590145,5035590015,0,0,129
2517,0,5037593105,5037592991,0,0,114
2518,0,5039593975,5039593837,0,0,138
2519,0,5041596062,5041595933,0,0,128
2520,0,5043598458,5043598328,0,0,130
2521,0,5045600516,5045600375,0,0,141
2522,0,5047603163,5047603053,0,0,110
2523,0,5049605179,5049605044,0,0,135
2524,0,5051607720,5051607633,0,0,86
2525,0,5053609804,5053609677,0,0,126
2526,0,5055611639,5055611492,0,0,146
2527,0,5057615874,5057615723,0,0,150
2528,0,5059617020,5059616912,0,0,108
2529,0,5061618384,5061618237,0,0,147
2530,0,5063620649,5063620528,0,0,121
2531,0,5065622457,5065622334,0,0,122
2532,0,5067624573,5067624428,0,0,144
2533,0,5069627614,5069627455,0,0,159
2534,0,5071629667,5071629563,0,0,104
2535,0,5073631822,5073631664,0,0,157
2536,0,5075634049,5075633933,0,0,116
2537,0,5077635758,5077635613,0,0,144
2538,0,5079637886,5079637785,0,0,101
2539,0,5081641058,5081640931,0,0,126
2540,0,5083643334,5083643155,0,0,178
2541,0,5085645704,5085645540,0,0,164
2542,0,5087647590,5087647473,0,0,116
2543,0,5089649644,5089649532,0,0,111
2544,0,5091651823,5091651676,0,0,146
2545,0,5093654848,5093654726,0,0,121
2546,0,5095657562,5095657460,0,0,102
2547,0,5097658656,5097658510,0,0,146
2548,0,5099661116,5099660977,0,0,139
2549,0,5101663588,5101663460,0,0,128
2550,0,5103665186,5103665032,0,0,154
2551,0,5105667524,5105667381,0,0,143
2552,0,5107669842,5107669719,0,0,123
2553,0,5109671647,5109671498,0,0,148
2554,0,5111674477,5111674346,0,0,130
2555,0,5113676993,5113676844,0,0,149
2556,0,5115679646,5115679530,0,0,116
2557,0,5117681451,5117681304,0,0,146
2558,0,5119683822,5119683703,0,0,119
2559,0,5121685101,5121684984,0,0,116
2560,0,5123687617,5123687515,0,0,102
2561,0,5125690008,5125689869,0,0,138
2562,0,5127691680,5127691572,0,0,108
2563,0,5129693897,5129693764,0,0,132
2564,0,5131696961,5131696833,0,0,128
2565,0,5133699678,5133699533,0,0,144
2566,0,5135700646,5135700540,0,0,105
2567,0,5137703045,5137702925,0,0,120
2568,0,5139706340,5139706216,0,0,123
2569,0,5141707463,5141707357,0,0,106
2570,0,5143710089,5143709984,0,0,105
2571,0,5145711803,5145711690,0,0,112
2572,0,5147714615,5147714509,0,0,105
2573,0,5149717516,5149717395,0,0,120
2574,0,5151719534,5151719426,0,0,107
2575,0,5153721474,5153721364,0,0,110
2576,0,5155724505,5155724371,0,0,134
2577,0,5157726860,5157726736,0,0,123
2578,0,5159727321,5159727210,0,0,110
2579,0,5161729972,5161729861,0,0,110
2580,0,5163732863,5163732744,0,0,119
2581,0,5165735294,5165735172,0,0,121
2582,0,5167736143,5167736026,0,0,116
2583,0,5169738573,5169738456,0,0,116
2584,0,5171740929,5171740802,0,0,127
2585,0,5173743420,5173743305,0,0,114
2586,0,5175745817,5175745701,0,0,116
2587,0,5177748821,5177748701,0,0,119
2588,0,5179749835,5179749748,0,0,87
2589,0,5181752357,5181752232,0,0,124
2590,0,5183754135,5183754031,0,0,104
2591,0,5185756580,5185756456,0,0,124
2592,0,5187758751,5187758640,0,0,111
2593,0,5189760910,5189760802,0,0,107
2594,0,5191762968,5191762892,0,0,76
2595,0,5193765004,5193764883,0,0,120
2596,0,5195768483,5195768364,0,0,119
2597,0,5197770732,5197770626,0,0,106
2598,0,5199772051,5199771939,0,0,112
2599,0,5201774192,5201774085,0,0,107
2600,0,5203776680,5203776593,0,0,87
2601,0,5205778417,5205778291,0,0,126
2602,0,5207781146,5207781062,0,0,83
2603,0,5209783167,5209783054,0,0,112
2604,0,5211786302,5211786189,0,0,112
2605,0,5213790106,5213789993,0,0,112
2606,0,5215792314,5215792197,0,0,116
2607,0,5217792240,5217792123,0,0,116
2608,0,5219794793,5219794680,0,0,113
2609,0,5221797463,5221797339,0,0,124
2610,0,5223799330,5223799248,0,0,82
2611,0,5225801699,5225801573,0,0,125
2612,0,5227803763,5227803650,0,0,112
2613,0,5229806316,5229806172,0,0,143
2614,0,5231807212,5231807111,0,0,101
2615,0,5233810080,5233809982,0,0,98
2616,0,5235811935,5235811793,0,0,142
2617,0,5237813997,5237813875,0,0,121
2618,0,5239816688,5239816576,0,0,112
2619,0,5241818903,5241818788,0,0,114
2620,0,5243821081,5243820998,0,0,83
2621,0,5245822833,5245822705,0,0,128
2622,0,5247825381,5247825269,0,0,112
2623,0,5249827675,5249827582,0,0,92
2624,0,5251830067,5251829938,0,0,128
2625,0,5253832854,5253832716,0,0,138
2626,0,5255836453,5255836345,0,0,108
2627,0,5257837515,5257837370,0,0,144
2628,0,5259839176,5259839073,0,0,103
2629,0,5261840649,5261840545,0,0,104
2630,0,5263842954,5263842838,0,0,116
2631,0,5265845377,5265845273,0,0,103
2632,0,5267847720,5267847587,0,0,132
2633,0,5269850092,5269849948,0,0,143
2634,0,5271852439,5271852321,0,0,118
2635,0,5273854617,5273854496,0,0,120
2636,0,5275856678,5275856591,0,0,87
2637,0,5277859932,5277859808,0,0,123
2638,0,5279862353,5279862224,0,0,129
2639,0,5281863269,5281863141,0,0,128
2640,0,5283865453,5283865314,0,0,139
2641,0,5285868952,5285868801,0,0,150
2642,0,5287870831,5287870708,0,0,123
2643,0,5289871957,5289871838,0,0,119
2644,0,5291874966,5291874833,0,0,132
2645,0,5293877530,5293877377,0,0,152
2646,0,5295879975,5295879850,0,0,124
2647,0,5297880860,5297880725,0,0,134
2648,0,5299883351,5299883204,0,0,146
2649,0,5301885186,5301885016,0,0,169
2650,0,5303888325,5303888166,0,0,158
2651,0,5305891370,5305891177,0,0,193
2652,0,5307892718,5307892569,0,0,148
2653,0,5309895883,5309895733,0,0,150
2654,0,5311896510,5311896391,0,0,118
2655,0,5313898952,5313898820,0,0,132
2656,0,5315901555,5315901451,0,0,103
2657,0,5317903588,5317903479,0,0,108
2658,0,5319905622,5319905505,0,0,116
2659,0,5321907530,5321907406,0,0,124
2660,0,5323910176,5323910050,0,0,125
2661,0,5325912057,5325911913,0,0,143
2662,0,5327914604,5327914487,0,0,117
2663,0,5329916826,5329916690,0,0,136
2664,0,5331919236,5331919089,0,0,147
2665,0,5333922501,5333922367,0,0,134
2666,0,5335924156,5335924055,0,0,101
2667,0,5337927420,5337927289,0,0,130
2668,0,5339928811,5339928700,0,0,110
2669,0,5341930461,5341930305,0,0,155
2670,0,5343932125,5343931983,0,0,142
2671,0,5345934348,5345934203,0,0,144
2672,0,5347936313,5347936170,0,0,142
2673,0,5349938559,5349938420,0,0,139
2674,0,5351941175,5351941018,0,0,156
2675,0,5353942624,5353942478,0,0,146
2676,0,5355944945,5355944804,0,0,140
2677,0,5357949011,5357948867,0,0,144
2678,0,5359950066,5359949947,0,0,119
2679,0,5361952144,5361952009,0,0,134
2680,0,5363954981,5363954877,0,0,103
2681,0,5365957009,5365956887,0,0,122
2682,0,5367959004,5367958894,0,0,110
2683,0,5369961000,5369960863,0,0,137
2684,0,5371963658,5371963569,0,0,88
2685,0,5373966958,5373966817,0,0,141
2686,0,5375968204,5375968056,0,0,148
2687,0,5377970082,5377969933,0,0,148
2688,0,5379972530,5379972384,0,0,146
2689,0,5381974438,5381974303,0,0,134
2690,0,5383976564,5383976457,0,0,107
2691,0,5385978950,5385978820,0,0,130
2692,0,5387981665,5387981538,0,0,126
2693,0,5389984448,5389984312,0,0,135
2694,0,5391985694,5391985589,0,0,104
2695,0,5393987779,5393987670,0,0,108
2696,0,5395990280,5395990159,0,0,121
2697,0,5397992537,5397992414,0,0,122
2698,0,5399994672,5399994548,0,0,124
2699,0,5401997244,5401997128,0,0,116
2700,0,5403999968,5403999879,0,0,88
2701,0,5406001914,5406001782,0,0,131
2702,0,5408004155,5408004051,0,0,104
2703,0,5410006078,5410005964,0,0,114
2704,0,5412009218,5412009092,0,0,126
2705,0,5414010376,5414010270,0,0,105
2706,0,5416012414,5416012296,0,0,118
2707,0,5418014433,5418014323,0,0,110
2708,0,5420017276,5420017187,0,0,88
2709,0,5422020098,5422019968,0,0,130
2710,0,5424021229,5424021110,0,0,119
2711,0,5426023333,5426023207,0,0,125
2712,0,5428025828,5428025701,0,0,126
2713,0,5430027969,5430027845,0,0,123
2714,0,5432030360,5432030260,0,0,100
2715,0,5434032705,5434032575,0,0,130
2716,0,5436035069,5436034949,0,0,120
2717,0,5438037150,5438037023,0,0,126
2718,0,5440038832,5440038711,0,0,121
2719,0,5442041853,5442041738,0,0,114
2720,0,5444044099,5444043958,0,0,141
2721,0,5446046029,5446045910,0,0,119
2722,0,5448047711,5448047606,0,0,104
2723,0,5450050808,5450050669,0,0,139
2724,0,5452052575,5452052413,0,0,161
2725,0,5454054467,5454054351,0,0,116
2726,0,5456057392,5456057267,0,0,124
2727,0,5458061150,5458061047,0,0,102
2728,0,5460061566,5460061453,0,0,112
2729,0,5462063436,5462063308,0,0,128
2730,0,5464065613,5464065525,0,0,88
2731,0,5466067416,5466067289,0,0,127
2732,0,5468069582,5468069497,0,0,84
2733,0,5470074033,5470073913,0,0,120
2734,0,5472075270,5472075156,0,0,114
2735,0,5474076750,5474076662,0,0,87
2736,0,5476078534,5476078400,0,0,134
2737,0,5478080014,5478079910,0,0,103
2738,0,5480083224,5480083116,0,0,107
2739,0,5482084995,5482084874,0,0,121
2740,0,5484087110,5484086986,0,0,124
2741,0,5486090085,5486089961,0,0,124
2742,0,5488092607,5488092518,0,0,89
2743,0,5490095258,5490095145,0,0,112
2744,0,5492097251,5492097147,0,0,104
2745,0,5494098705,5494098583,0,0,122
2746,0,5496101056,5496100939,0,0,116
2747,0,5498103440,5498103338,0,0,102
2748,0,5500105825,5500105710,0,0,114
2749,0,5502108156,5502108022,0,0,134
2750,0,5504110643,5504110532,0,0,110
2751,0,5506113784,5506113673,0,0,111
2752,0,5508115376,5508115269,0,0,107
2753,0,5510117430,5510117325,0,0,104
2754,0,5512120575,5512120471,0,0,103
2755,0,5514122242,5514122134,0,0,108
2756,0,5516123892,5516123784,0,0,107
2757,0,5518125994,5518125881,0,0,112
2758,0,5520128927,5520128806,0,0,120
2759,0,5522131014,5522130907,0,0,106
2760,0,5524132360,5524132239,0,0,121
2761,0,5526134321,5526134215,0,0,105
2762,0,5528136890,5528136768,0,0,121
2763,0,5530138447,5530138319,0,0,128
2764,0,5532140159,5532140193,0,0,-33
2765,0,5534144458,5534144353,0,0,104
2766,0,5536146901,5536146746,0,0,155
2767,0,5538148184,5538148022,0,0,161
2768,0,5540150557,5540150408,0,0,148
2769,0,5542152032,5542151885,0,0,146
2770,0,5544154429,5544154303,0,0,125
2771,0,5546157022,5546156830,0,0,192
2772,0,5548159449,5548159307,0,0,141
2773,0,5550161706,5550161549,0,0,157
2774,0,5552163340,5552163227,0,0,112
2775,0,5554165524,5554165386,0,0,138
2776,0,5556167737,5556167606,0,0,130
2777,0,5558171024,5558170903,0,0,121
2778,0,5560172930,5560172805,0,0,124
2779,0,5562175635,5562175508,0,0,127
2780,0,5564178074,5564177964,0,0,110
2781,0,5566180395,5566180256,0,0,138
2782,0,5568181896,5568181781,0,0,115
2783,0,5570183217,5570183089,0,0,128
2784,0,5572185470,5572185352,0,0,118
2785,0,5574187611,5574187487,0,0,123
2786,0,5576190081,5576189952,0,0,128
2787,0,5578192219,5578192096,0,0,122
2788,0,5580194752,5580194634,0,0,117
2789,0,5582197317,5582197197,0,0,120
2790,0,5584199193,5584199050,0,0,142
2791,0,5586201191,5586201069,0,0,121
2792,0,5588203786,5588203679,0,0,106
2793,0,5590205709,5590205578,0,0,130
2794,0,5592208101,5592207957,0,0,144
2795,0,5594210450,5594210312,0,0,138
2796,0,5596213651,5596213533,0,0,118
2797,0,5598215391,5598215226,0,0,164
2798,0,5600217498,5600217395,0,0,102
2799,0,5602219427,5602219305,0,0,122
2800,0,5604221083,5604220951,0,0,132
2801,0,5606223786,5606223673,0,0,112
2802,0,5608225724,5608225620,0,0,103
2803,0,5610227856,5610227730,0,0,126
2804,0,5612230753,5612230626,0,0,126
2805,0,5614232476,5614232353,0,0,122
2806,0,5616235397,5616235251,0,0,146
2807,0,5618237759,5618237608,0,0,150
2808,0,5620239076,5620238921,0,0,154
2809,0,5622241337,5622241175,0,0,161
2810,0,5624243807,5624243691,0,0,116
2811,0,5626246739,5626246587,0,0,151
2812,0,5628249391,5628249280,0,0,111
2813,0,5630250107,5630249936,0,0,170
2814,0,5632252525,5632252367,0,0,157
2815,0,5634254773,5634254631,0,0,141
2816,0,5636256966,5636256820,0,0,146
2817,0,5638258743,5638258596,0,0,146
2818,0,5640261316,5640261236,0,0,80
2819,0,5642264241,5642264094,0,0,146
2820,0,5644267665,5644267541,0,0,124
2821,0,5646269721,5646269586,0,0,134
2822,0,5648270676,5648270562,0,0,114
2823,0,5650272108,5650272001,0,0,107
2824,0,5652274456,5652274354,0,0,102
2825,0,5654276894,5654276759,0,0,135
2826,0,5656279888,5656279804,0,0,83
2827,0,5658283804,5658283688,0,0,116
2828,0,5660284046,5660283960,0,0,85
2829,0,5662286375,5662286272,0,0,102
2830,0,5664289159,5664289032,0,0,127
2831,0,5666290332,5666290227,0,0,104
2832,0,5668292421,5668292303,0,0,118
2833,0,5670294150,5670294043,0,0,106
2834,0,5672295826,5672295721,0,0,104
2835,0,5674299188,5674299045,0,0,143
2836,0,5676301844,5676301737,0,0,106
2837,0,5678303647,5678303512,0,0,134
2838,0,5680305750,5680305632,0,0,118
2839,0,5682307790,5682307684,0,0,105
2840,0,5684310955,5684310833,0,0,122
2841,0,5686312291,5686312182,0,0,108
2842,0,5688314858,5688314746,0,0,112
2843,0,5690316982,5690316859,0,0,123
2844,0,5692319325,5692319216,0,0,108
2845,0,5694321228,5694321106,0,0,121
2846,0,5696323575,5696323462,0,0,112
2847,0,5698325913,5698325927,0,0,-13
2848,0,5700327680,5700327575,0,0,105
2849,0,5702330512,5702330395,0,0,116
2850,0,5704332788,5704332684,0,0,103
2851,0,5706334701,5706334573,0,0,128
2852,0,5708337092,5708336961,0,0,130
2853,0,5710339425,5710339308,0,0,116
2854,0,5712341795,5712341691,0,0,104
2855,0,5714343407,5714343273,0,0,134
2856,0,5716345952,5716345837,0,0,115
2857,0,5718348532,5718348418,0,0,114
2858,0,5720351565,5720351492,0,0,72
2859,0,5722352774,5722352671,0,0,102
2860,0,5724355615,5724355528,0,0,87
2861,0,5726357369,5726357249,0,0,120
2862,0,5728359355,5728359225,0,0,129
2863,0,5730362104,5730361976,0,0,128
2864,0,5732364903,5732364792,0,0,111
2865,0,5734365939,5734365816,0,0,122
2866,0,5736368288,5736368200,0,0,88
2867,0,5738370101,5738369986,0,0,114
2868,0,5740372819,5740372689,0,0,129
2869,0,5742375193,5742375069,0,0,124
2870,0,5744377592,5744377510,0,0,82
2871,0,5746380735,5746380629,0,0,106
2872,0,5748382006,5748381894,0,0,112
2873,0,5750383386,5750383247,0,0,138
2874,0,5752385848,5752385730,0,0,118
2875,0,5754388420,5754388303,0,0,116
2876,0,5756390433,5756390329,0,0,104
2877,0,5758393898,5758393790,0,0,108
2878,0,5760394775,5760394667,0,0,108
2879,0,5762398420,5762398306,0,0,114
2880,0,5764400157,5764400053,0,0,103
2881,0,5766402936,5766402824,0,0,111
2882,0,5768403799,5768403712,0,0,86
2883,0,5770406063,5770405948,0,0,114
2884,0,5772408823,5772408701,0,0,122
2885,0,5774411231,5774411094,0,0,137
2886,0,5776412776,5776412629,0,0,146
2887,0,5778415265,5778415117,0,0,147
2888,0,5780416984,5780416875,0,0,108
2889,0,5782419246,5782419097,0,0,148
2890,0,5784421991,5784421865,0,0,125
2891,0,5786424636,5786424487,0,0,148
2892,0,5788426445,5788426316,0,0,129
2893,0,5790428563,5790428442,0,0,121
2894,0,5792430157,5792430039,0,0,117
2895,0,5794432888,5794432775,0,0,112
2896,0,5796434992,5796434912,0,0,80
2897,0,5798437540,5798437399,0,0,141
2898,0,5800439581,5800439496,0,0,84
2899,0,5802442530,5802442423,0,0,107
2900,0,5804444285,5804444152,0,0,132
2901,0,5806446116,5806445997,0,0,119
2902,0,5808448512,5808448389,0,0,123
2903,0,5810450350,5810450228,0,0,122
2904,0,5812452995,5812452853,0,0,141
2905,0,5814454998,5814454874,0,0,124
2906,0,5816457570,5816457441,0,0,128
2907,0,5818459531,5818459395,0,0,135
2908,0,5820462409,5820462298,0,0,110
2909,0,5822464608,5822464493,0,0,115
2910,0,5824466448,5824466336,0,0,112
2911,0,5826468820,5826468688,0,0,131
2912,0,5828471525,5828471420,0,0,105
2913,0,5830472388,5830472269,0,0,119
2914,0,5832475098,5832474984,0,0,114
2915,0,5834477210,5834477094,0,0,116
2916,0,5836480038,5836479920,0,0,118
2917,0,5838482352,5838482234,0,0,118
2918,0,5840483759,5840483638,0,0,120
2919,0,5842485590,5842485483,0,0,107
2920,0,5844488271,5844488167,0,0,103
2921,0,5846490375,5846490238,0,0,136
2922,0,5848493263,5848493179,0,0,84
2923,0,5850495808,5850495674,0,0,134
2924,0,5852497549,5852497470,0,0,78
2925,0,5854499850,5854499710,0,0,140
2926,0,5856501955,5856501815,0,0,140
2927,0,5858505364,5858505238,0,0,125
2928,0,5860506558,5860506410,0,0,148
2929,0,5862508088,5862507950,0,0,137
2930,0,5864510682,5864510541,0,0,140
2931,0,5866512842,5866512725,0,0,116
2932,0,5868514906,5868514763,0,0,143
2933,0,5870517065,5870516913,0,0,152
2934,0,5872519395,5872519263,0,0,131
2935,0,5874521279,5874521150,0,0,128
2936,0,5876523688,5876523541,0,0,146
2937,0,5878525820,5878525679,0,0,140
2938,0,5880527414,5880527280,0,0,134
2939,0,5882530330,5882530204,0,0,125
2940,0,5884532526,5884532422,0,0,103
2941,0,5886535271,5886535124,0,0,146
2942,0,5888537433,5888537302,0,0,130
2943,0,5890539852,5890539705,0,0,146
2944,0,5892541662,5892541550,0,0,112
2945,0,5894543771,5894543624,0,0,147
2946,0,5896546296,5896546191,0,0,105
2947,0,5898548478,5898548349,0,0,129
2948,0,5900550870,5900550726,0,0,143
2949,0,5902552959,5902552824,0,0,134
2950,0,5904554330,5904554211,0,0,118
2951,0,5906556054,5906555930,0,0,124
2952,0,5908559626,5908559488,0,0,138
2953,0,5910561584,5910561438,0,0,146
2954,0,5912564361,5912564240,0,0,121
2955,0,5914565842,5914565715,0,0,127
2956,0,5916568725,5916568582,0,0,143
2957,0,5918572691,5918572538,0,0,152
2958,0,5920573484,5920573375,0,0,108
2959,0,5922575226,5922575100,0,0,126
2960,0,5924577136,5924576979,0,0,157
2961,0,5926579402,5926579257,0,0,144
2962,0,5928581666,5928581561,0,0,104
2963,0,5930583898,5930583756,0,0,142
2964,0,5932586604,5932586466,0,0,138
2965,0,5934588054,5934587907,0,0,146
2966,0,5936590547,5936590441,0,0,105
2967,0,5938592550,5938592436,0,0,114
2968,0,5940595142,5940595007,0,0,134
2969,0,5942597388,5942597264,0,0,124
2970,0,5944600359,5944600256,0,0,103
2971,0,5946603408,5946603292,0,0,116
2972,0,5948605032,5948604925,0,0,107
2973,0,5950606791,5950606683,0,0,108
2974,0,5952609061,5952608949,0,0,112
2975,0,5954610437,5954610315,0,0,121
2976,0,5956613693,5956613588,0,0,105
2977,0,5958616663,5958616545,0,0,118
2978,0,5960617438,5960617328,0,0,109
2979,0,5962619103,5962618964,0,0,139
2980,0,5964622107,5964621977,0,0,130
2981,0,5966623873,5966623752,0,0,121
2982,0,5968625916,5968625842,0,0,74
2983,0,5970628337,5970628222,0,0,114
2984,0,5972630942,5972630821,0,0,121
2985,0,5974633321,5974633215,0,0,106
2986,0,5976635858,5976635776,0,0,82
2987,0,5978638464,5978638351,0,0,112
2988,0,5980639750,5980639671,0,0,79
2989,0,5982641813,5982641667,0,0,145
2990,0,5984644109,5984644004,0,0,104
2991,0,5986646898,5986646792,0,0,105
2992,0,5988649912,5988649806,0,0,105
2993,0,5990650460,5990650332,0,0,128
2994,0,5992653387,5992653298,0,0,88
2995,0,5994656366,5994656245,0,0,121
2996,0,5996658768,5996658660,0,0,107
2997,0,5998659522,5998659413,0,0,108
2998,0,6000661925,6000661797,0,0,128
2999,0,6002663949,6002663797,0,0,151
3000,0,6004666285,6004666208,0,0,77
3001,0,6006668665,6006668527,0,0,138
3002,0,6008671277,6008671135,0,0,141
3003,0,6010674437,6010674314,0,0,122
3004,0,6012676008,6012675902,0,0,106
3005,0,6014677662,6014677519,0,0,143
3006,0,6016679471,6016679373,0,0,98
3007,0,6018682244,6018682166,0,0,78
3008,0,6020684080,6020683996,0,0,84
3009,0,6022686046,6022685942,0,0,103
3010,0,6024688457,6024688384,0,0,72
3011,0,6026690368,6026690260,0,0,108
3012,0,6028693014,6028692914,0,0,100
3013,0,6030694867,6030694766,0,0,101
3014,0,6032697444,6032697332,0,0,112
3015,0,6034700957,6034700822,0,0,134
3016,0,6036701674,6036701569,0,0,104
3017,0,6038704143,6038704013,0,0,129
3018,0,6040706500,6040706399,0,0,101
3019,0,6042708294,6042708177,0,0,116
3020,0,6044711141,6044711026,0,0,114
3021,0,6046713714,6046713591,0,0,123
3022,0,6048716055,6048715928,0,0,126
3023,0,6050717719,6050717595,0,0,123
3024,0,6052719716,6052719589,0,0,127
3025,0,6054721653,6054721521,0,0,132
3026,0,6056724018,6056723912,0,0,106
3027,0,6058727748,6058727607,0,0,140
3028,0,6060729045,6060728932,0,0,112
3029,0,6062730782,6062730651,0,0,131
3030,0,6064732706,6064732572,0,0,134
3031,0,6066735121,6066735000,0,0,121
3032,0,6068737386,6068737245,0,0,140
3033,0,6070739847,6070739746,0,0,100
3034,0,6072741826,6072741718,0,0,108
3035,0,6074745172,6074745044,0,0,128
3036,0,6076746262,6076746134,0,0,128
3037,0,6078748777,6078748633,0,0,143
3038,0,6080750468,6080750352,0,0,116
3039,0,6082753038,6082752933,0,0,105
3040,0,6084755420,6084755297,0,0,123
3041,0,6086757235,6086757109,0,0,126
3042,0,6088759741,6088759625,0,0,115
3043,0,6090761758,6090761638,0,0,120
3044,0,6092764739,6092764614,0,0,124
3045,0,6094767354,6094767238,0,0,115
3046,0,6096769055,6096768938,0,0,116
3047,0,6098771028,6098770912,0,0,116
3048,0,6100772752,6100772604,0,0,148
3049,0,6102775488,6102775344,0,0,143
3050,0,6104777856,6104777725,0,0,130
3051,0,6106779730,6106779622,0,0,108
3052,0,6108781890,6108781806,0,0,84
3053,0,6110784398,6110784289,0,0,108
3054,0,6112787718,6112787589,0,0,128
3055,0,6114788862,6114788755,0,0,106
3056,0,6116791004,6116790878,0,0,125
3057,0,6118792829,6118792689,0,0,140
3058,0,6120795332,6120795251,0,0,80
3059,0,6122797309,6122797188,0,0,121
3060,0,6124800441,6124800318,0,0,123
3061,0,6126803281,6126803144,0,0,137
3062,0,6128805139,6128805022,0,0,116
3063,0,6130807605,6130807471,0,0,134
3064,0,6132809171,6132809067,0,0,104
3065,0,6134811104,6134810957,0,0,146
3066,0,6136813981,6136813854,0,0,126
3067,0,6138816159,6138816028,0,0,131
3068,0,6140817618,6140817489,0,0,128
3069,0,6142820079,6142819939,0,0,140
3070,0,6144822280,6144822149,0,0,130
3071,0,6146824464,6146824359,0,0,105
3072,0,6148826993,6148826874,0,0,119
3073,0,6150830575,6150830460,0,0,115
3074,0,6152831649,6152831540,0,0,108
3075,0,6154834195,6154834083,0,0,112
3076,0,6156835986,6156835876,0,0,110
3077,0,6158840328,6158840183,0,0,145
3078,0,6160839634,6160839487,0,0,147
3079,0,6162842131,6162842017,0,0,114
3080,0,6164844118,6164844010,0,0,107
3081,0,6166846569,6166846435,0,0,134
3082,0,6168848937,6168848825,0,0,112
3083,0,6170851098,6170850968,0,0,129
3084,0,6172853413,6172853286,0,0,126
3085,0,6174856305,6174856159,0,0,146
3086,0,6176858164,6176858022,0,0,142
3087,0,6178860436,6178860298,0,0,138
3088,0,6180862974,6180862843,0,0,130
3089,0,6182864857,6182864712,0,0,144
3090,0,6184867462,6184867336,0,0,126
3091,0,6186868784,6186868657,0,0,126
3092,0,6188871654,6188871536,0,0,118
3093,0,6190875805,6190875678,0,0,126
3094,0,6192876867,6192876755,0,0,112
3095,0,6194878332,6194878220,0,0,112
3096,0,6196879869,6196879700,0,0,168
3097,0,6198881754,6198881629,0,0,124
3098,0,6200885193,6200885053,0,0,139
3099,0,6202887467,6202887354,0,0,112
3100,0,6204888703,6204888600,0,0,103
3101,0,6206890712,6206890588,0,0,124
3102,0,6208893561,6208893449,0,0,112
3103,0,6210895723,6210895598,0,0,124
3104,0,6212897941,6212897822,0,0,118
3105,0,6214899301,6214899179,0,0,121
3106,0,6216902229,6216902145,0,0,83
3107,0,6218904642,6218904519,0,0,122
3108,0,6220906754,6220906635,0,0,119
3109,0,6222908608,6222908476,0,0,132
3110,0,6224910875,6224910761,0,0,113
3111,0,6226913192,6226913081,0,0,110
3112,0,6228916022,6228915933,0,0,88
3113,0,6230917462,6230917349,0,0,112
3114,0,6232920489,6232920371,0,0,117
3115,0,6234922799,6234922694,0,0,104
3116,0,6236924946,6236924840,0,0,105
3117,0,6238928451,6238928341,0,0,110
3118,0,6240929973,6240929869,0,0,104
3119,0,6242931247,6242931136,0,0,110
3120,0,6244934090,6244933968,0,0,122
3121,0,6246937222,6246937114,0,0,108
3122,0,6248938545,6248938471,0,0,74
3123,0,6250940344,6250940219,0,0,125
3124,0,6252942514,6252942410,0,0,103
3125,0,6254944588,6254944465,0,0,123
3126,0,6256946512,6256946408,0,0,103
3127,0,6258950447,6258950344,0,0,103
3128,0,6260951688,6260951577,0,0,110
3129,0,6262954317,6262954213,0,0,103
3130,0,6264955921,6264955840,0,0,81
3131,0,6266958617,6266958529,0,0,87
3132,0,6268961241,6268961152,0,0,88
3133,0,6270961924,6270961835,0,0,88
3134,0,6272964722,6272964593,0,0,128
3135,0,6274967169,6274967029,0,0,140
3136,0,6276969704,6276969600,0,0,104
3137,0,6278970883,6278970740,0,0,143
3138,0,6280973374,6280973256,0,0,118
3139,0,6282975295,6282975164,0,0,130
3140,0,6284977887,6284977744,0,0,142
3141,0,6286979944,6286979797,0,0,146
3142,0,6288982056,6288981925,0,0,130
3143,0,6290984530,6290984418,0,0,111
3144,0,6292986316,6292986188,0,0,128
3145,0,6294989377,6294989253,0,0,123
3146,0,6296992430,6296992316,0,0,114
3147,0,6298994281,6298994157,0,0,124
3148,0,6300995544,6300995407,0,0,137
3149,0,6302998386,6302998264,0,0,122
3150,0,6305000667,6305000548,0,0,118
3151,0,6307003566,6307003439,0,0,126
3152,0,6309004307,6309004164,0,0,143
3153,0,6311006695,6311006573,0,0,122
3154,0,6313008649,6313008532,0,0,116
3155,0,6315011453,6315011306,0,0,146
3156,0,6317013463,6317013336,0,0,127
3157,0,6319015709,6319015582,0,0,127
3158,0,6321017560,6321017444,0,0,115
3159,0,6323019754,6323019640,0,0,113
3160,0,6325022339,6325022222,0,0,116
3161,0,6327024977,6327024847,0,0,130
3162,0,6329027879,6329027745,0,0,134
3163,0,6331028452,6331028305,0,0,147
3164,0,6333031035,6333030950,0,0,85
3165,0,6335033292,6335033181,0,0,110
3166,0,6337035486,6337035357,0,0,128
3167,0,6339037802,6339037671,0,0,130
3168,0,6341040010,6341039886,0,0,123
3169,0,6343041948,6343041825,0,0,122
3170,0,6345044734,6345044651,0,0,82
3171,0,6347047651,6347047523,0,0,127
3172,0,6349049053,6349048921,0,0,132
3173,0,6351051579,6351051458,0,0,120
3174,0,6353053298,6353053173,0,0,125
3175,0,6355055839,6355055732,0,0,106
3176,0,6357057648,6357057542,0,0,105
3177,0,6359061708,6359061600,0,0,108
3178,0,6361064080,6361063964,0,0,115
3179,0,6363065950,6363065838,0,0,112
3180,0,6365067690,6365067606,0,0,84
3181,0,6367068667,6367068520,0,0,146
3182,0,6369072000,6369071858,0,0,142
3183,0,6371074726,6371074579,0,0,146
3184,0,6373076202,6373076085,0,0,116
3185,0,6375078865,6375078751,0,0,114
3186,0,6377080618,6377080500,0,0,118
3187,0,6379081797,6379081650,0,0,146
3188,0,6381084829,6381084689,0,0,139
3189,0,6383087271,6383087123,0,0,148
3190,0,6385090152,6385090044,0,0,107
3191,0,6387090461,6387090341,0,0,119
3192,0,6389092338,6389092220,0,0,118
3193,0,6391095067,6391094950,0,0,116
3194,0,6393098450,6393098343,0,0,106
3195,0,6395101281,6395101154,0,0,127
3196,0,6397102351,6397102266,0,0,85
3197,0,6399104449,6399104318,0,0,130
3198,0,6401106691,6401106568,0,0,122
3199,0,6403109245,6403109112,0,0,133
3200,0,6405111887,6405111769,0,0,118
3201,0,6407114237,6407114098,0,0,139
3202,0,6409116038,6409115935,0,0,102
3203,0,6411118731,6411118586,0,0,144
3204,0,6413120508,6413120364,0,0,144
3205,0,6415122033,6415121901,0,0,132
3206,0,6417124992,6417124889,0,0,102
3207,0,6419127777,6419127672,0,0,104
3208,0,6421129082,6421128943,0,0,138
3209,0,6423132447,6423132325,0,0,121
3210,0,6425133765,6425133660,0,0,104
3211,0,6427135554,6427135443,0,0,110
3212,0,6429138024,6429137919,0,0,105
3213,0,6431140997,6431140840,0,0,157
3214,0,6433144056,6433143936,0,0,120
3215,0,6435145582,6435145474,0,0,108
3216,0,6437147523,6437147391,0,0,132
3217,0,6439150344,6439150219,0,0,125
3218,0,6441151416,6441151312,0,0,104
3219,0,6443153350,6443153221,0,0,128
3220,0,6445156904,6445156759,0,0,144
3221,0,6447158644,6447158530,0,0,114
3222,0,6449160016,6449159902,0,0,114
3223,0,6451162656,6451162535,0,0,121
3224,0,6453164761,6453164613,0,0,148
3225,0,6455166564,6455166426,0,0,138
3226,0,6457169489,6457169370,0,0,119
3227,0,6459174469,6459174340,0,0,128
3228,0,6461174606,6461174499,0,0,106
3229,0,6463176761,6463176635,0,0,125
3230,0,6465178332,6465178193,0,0,138
3231,0,6467180831,6467180696,0,0,135
3232,0,6469183487,6469183348,0,0,138
3233,0,6471184874,6471184768,0,0,105
3234,0,6473186843,6473186726,0,0,116
3235,0,6475189011,6475188849,0,0,162
3236,0,6477191566,6477191444,0,0,122
3237,0,6479193936,6479193788,0,0,147
3238,0,6481195792,6481195642,0,0,150
3239,0,6483198004,6483197887,0,0,116
3240,0,6485200253,6485200096,0,0,157
3241,0,6487201947,6487201788,0,0,158
3242,0,6489204808,6489204703,0,0,104
3243,0,6491206382,6491206247,0,0,134
3244,0,6493209208,6493209103,0,0,104
3245,0,6495212229,6495212084,0,0,144
3246,0,6497214633,6497214549,0,0,84
3247,0,6499215754,6499215649,0,0,104
3248,0,6501218851,6501218743,0,0,107
3249,0,6503220351,6503220247,0,0,104
3250,0,6505222545,6505222441,0,0,103
3251,0,6507224330,6507224225,0,0,104
3252,0,6509227379,6509227268,0,0,111
3253,0,6511229820,6511229697,0,0,122
3254,0,6513230980,6513230878,0,0,102
3255,0,6515233483,6515233349,0,0,134
3256,0,6517235443,6517235337,0,0,106
3257,0,6519237758,6519237631,0,0,127
3258,0,6521240534,6521240445,0,0,88
3259,0,6523241887,6523241784,0,0,102
3260,0,6525245173,6525245094,0,0,78
3261,0,6527246695,6527246576,0,0,119
3262,0,6529248756,6529248640,0,0,116
3263,0,6531251656,6531251528,0,0,127
3264,0,6533253514,6533253391,0,0,122
3265,0,6535255659,6535255541,0,0,118
3266,0,6537258451,6537258377,0,0,74
3267,0,6539260853,6539260746,0,0,106
3268,0,6541262808,6541262695,0,0,112
3269,0,6543265072,6543264972,0,0,100
3270,0,6545266499,6545266386,0,0,112
3271,0,6547268910,6547268764,0,0,146
3272,0,6549271299,6549271173,0,0,125
3273,0,6551274339,6551274212,0,0,126
3274,0,6553277526,6553277422,0,0,103
3275,0,6555279426,6555279316,0,0,110
3276,0,6557280346,6557280208,0,0,138
3277,0,6559285134,6559284998,0,0,135
3278,0,6561285430,6561285303,0,0,127
3279,0,6563286791,6563286650,0,0,141
3280,0,6565288692,6565288537,0,0,154
3281,0,6567290765,6567290621,0,0,143
3282,0,6569292357,6569292253,0,0,104
3283,0,6571295190,6571295067,0,0,123
3284,0,6573297141,6573297006,0,0,134
3285,0,6575299916,6575299750,0,0,166
3286,0,6577302364,6577302233,0,0,130
3287,0,6579305460,6579305321,0,0,139
3288,0,6581307168,6581307059,0,0,108
3289,0,6583309135,6583309006,0,0,128
3290,0,6585311751,6585311651,0,0,100
3291,0,6587314318,6587314170,0,0,147
3292,0,6589316093,6589316006,0,0,86
3293,0,6591318132,6591317988,0,0,144
3294,0,6593320226,6593320098,0,0,128
3295,0,6595323022,6595322914,0,0,108
3296,0,6597326031,6597325921,0,0,110
3297,0,6599326752,6599326630,0,0,122
3298,0,6601329486,6601329370,0,0,116
3299,0,6603331247,6603331120,0,0,127
3300,0,6605334368,6605334251,0,0,116
3301,0,6607337275,6607337138,0,0,137
3302,0,6609337627,6609337506,0,0,121
3303,0,6611339831,6611339723,0,0,108
3304,0,6613342136,6613342033,0,0,103
3305,0,6615345240,6615345127,0,0,113
3306,0,6617348432,6617348328,0,0,104
3307,0,6619350777,6619350674,0,0,102
3308,0,6621352471,6621352362,0,0,108
3309,0,6623354121,6623353991,0,0,130
3310,0,6625356871,6625356755,0,0,116
3311,0,6627358164,6627358048,0,0,116
3312,0,6629360625,6629360505,0,0,120
3313,0,6631362334,6631362220,0,0,114
3314,0,6633365056,6633364993,0,0,62
3315,0,6635367029,6635366893,0,0,136
3316,0,6637369546,6637369428,0,0,118
3317,0,6639371273,6639371134,0,0,138
3318,0,6641373537,6641373395,0,0,142
3319,0,6643375701,6643375573,0,0,128
3320,0,6645377921,6645377821,0,0,100
3321,0,6647380232,6647380105,0,0,126
3322,0,6649382921,6649382799,0,0,122
3323,0,6651384723,6651384580,0,0,142
3324,0,6653387364,6653387227,0,0,137
3325,0,6655389067,6655388942,0,0,124
3326,0,6657392480,6657392334,0,0,146
3327,0,6659394944,6659394822,0,0,122
3328,0,6661395853,6661395737,0,0,116
3329,0,6663398439,6663398311,0,0,128
3330,0,6665400364,6665400256,0,0,107
3331,0,6667402832,6667402695,0,0,137
3332,0,6669405608,6669405473,0,0,134
3333,0,6671407749,6671407615,0,0,134
3334,0,6673409119,6673408972,0,0,146
3335,0,6675411353,6675411235,0,0,117
3336,0,6677414697,6677414573,0,0,124
3337,0,6679417139,6679416992,0,0,146
3338,0,6681418334,6681418230,0,0,104
3339,0,6683419919,6683419802,0,0,116
3340,0,6685422771,6685422644,0,0,127
3341,0,6687426151,6687426021,0,0,130
3342,0,6689427755,6689427644,0,0,110
3343,0,6691429954,6691429833,0,0,121
3344,0,6693433107,6693432969,0,0,137
3345,0,6695434364,6695434251,0,0,112
3346,0,6697436070,6697435992,0,0,78
3347,0,6699438413,6699438308,0,0,104
3348,0,6701441251,6701441119,0,0,132
3349,0,6703443483,6703443346,0,0,137
3350,0,6705445059,6705444931,0,0,128
3351,0,6707446792,6707446669,0,0,123
3352,0,6709449251,6709449103,0,0,148
3353,0,6711452083,6711451949,0,0,134
3354,0,6713455494,6713455353,0,0,141
3355,0,6715457605,6715457483,0,0,122
3356,0,6717459310,6717459175,0,0,134
3357,0,6719460166,6719460023,0,0,142
3358,0,6721462737,6721462634,0,0,103
3359,0,6723464574,6723464429,0,0,144
3360,0,6725466970,6725466847,0,0,123
3361,0,6727469124,6727468980,0,0,143
3362,0,6729471574,6729471475,0,0,98
3363,0,6731473973,6731473848,0,0,124
3364,0,6733476514,6733476393,0,0,120
3365,0,6735479370,6735479258,0,0,112
3366,0,6737480962,6737480885,0,0,77
3367,0,6739483696,6739483620,0,0,76
3368,0,6741484658,6741484550,0,0,108
3369,0,6743487213,6743487129,0,0,84
3370,0,6745489542,6745489469,0,0,72
3371,0,6747491196,6747491107,0,0,88
3372,0,6749494097,6749493994,0,0,103
3373,0,6751496008,6751495860,0,0,148
3374,0,6753498012,6753497889,0,0,123
3375,0,6755500988,6755500876,0,0,112
3376,0,6757503971,6757503853,0,0,118
3377,0,6759506575,6759506424,0,0,150
3378,0,6761507879,6761507773,0,0,105
3379,0,6763509604,6763509478,0,0,125
3380,0,6765511991,6765511847,0,0,143
3381,0,6767513930,6767513822,0,0,107
3382,0,6769516164,6769516086,0,0,78
3383,0,6771517821,6771517712,0,0,108
3384,0,6773521278,6773521162,0,0,115
3385,0,6775522791,6775522678,0,0,112
3386,0,6777525224,6777525137,0,0,87
3387,0,6779526987,6779526876,0,0,111
3388,0,6781529487,6781529401,0,0,86
3389,0,6783531476,6783531324,0,0,151
3390,0,6785533480,6785533370,0,0,110
3391,0,6787535815,6787535698,0,0,117
3392,0,6789538051,6789537947,0,0,104
3393,0,6791540534,6791540417,0,0,117
3394,0,6793542767,6793542680,0,0,86
3395,0,6795544698,6795544569,0,0,128
3396,0,6797547705,6797547595,0,0,110
3397,0,6799551298,6799551169,0,0,128
3398,0,6801552151,6801552035,0,0,116
3399,0,6803553418,6803553280,0,0,138
3400,0,6805555791,6805555660,0,0,130
3401,0,6807557775,6807557628,0,0,146
3402,0,6809561008,6809560885,0,0,122
3403,0,6811563653,6811563547,0,0,106
3404,0,6813565815,6813565689,0,0,125
3405,0,6815567806,6815567649,0,0,157
3406,0,6817570070,6817569949,0,0,121
3407,0,6819571754,6819571626,0,0,127
3408,0,6821573649,6821573527,0,0,121
3409,0,6823576268,6823576125,0,0,142
3410,0,6825578497,6825578394,0,0,103
3411,0,6827580862,6827580737,0,0,124
3412,0,6829583465,6829583339,0,0,126
3413,0,6831586087,6831585974,0,0,112
3414,0,6833587041,6833586924,0,0,116
3415,0,6835589692,6835589570,0,0,121
3416,0,6837591860,6837591750,0,0,110
3417,0,6839593490,6839593361,0,0,128
3418,0,6841596461,6841596339,0,0,122
3419,0,6843598453,6843598312,0,0,141
3420,0,6845600408,6845600285,0,0,122
3421,0,6847602671,6847602522,0,0,148
3422,0,6849605141,6849605019,0,0,122
3423,0,6851608323,6851608182,0,0,141
3424,0,6853609389,6853609287,0,0,102
3425,0,6855611424,6855611292,0,0,132
3426,0,6857614329,6857614201,0,0,128
3427,0,6859619096,6859618973,0,0,123
3428,0,6861619675,6861619573,0,0,102
3429,0,6863620440,6863620317,0,0,122
3430,0,6865622501,6865622369,0,0,132
3431,0,6867624519,6867624399,0,0,119
3432,0,6869627338,6869627206,0,0,131
3433,0,6871629933,6871629798,0,0,134
3434,0,6873634110,6873634027,0,0,82
3435,0,6875635723,6875635611,0,0,112
3436,0,6877636469,6877636357,0,0,112
3437,0,6879639016,6879638882,0,0,134
3438,0,6881641486,6881641379,0,0,107
3439,0,6883642923,6883642791,0,0,132
3440,0,6885644717,6885644599,0,0,118
3441,0,6887647225,6887647105,0,0,120
3442,0,6889649813,6889649714,0,0,98
3443,0,6891652759,6891652620,0,0,139
3444,0,6893654624,6893654519,0,0,104
3445,0,6895656997,6895656880,0,0,116
3446,0,6897658573,6897658486,0,0,86
3447,0,6899660867,6899660746,0,0,121
3448,0,6901664205,6901664093,0,0,112
3449,0,6903665294,6903665175,0,0,119
3450,0,6905667801,6905667759,0,0,42
3451,0,6907670451,6907670352,0,0,98
3452,0,6909671622,6909671519,0,0,103
3453,0,6911673733,6911673598,0,0,134
3454,0,6913676182,6913676051,0,0,130
3455,0,6915678535,6915678421,0,0,114
3456,0,6917680474,6917680391,0,0,82
3457,0,6919683125,6919683002,0,0,123
3458,0,6921685335,6921685256,0,0,79
3459,0,6923687780,6923687646,0,0,134
3460,0,6925690715,6925690583,0,0,132
3461,0,6927691606,6927691476,0,0,130
3462,0,6929694727,6929694606,0,0,121
3463,0,6931695754,6931695620,0,0,134
3464,0,6933698952,6933698817,0,0,134
3465,0,6935701632,6935701503,0,0,128
3466,0,6937703704,6937703660,0,0,44
3467,0,6939706343,6939706231,0,0,112
3468,0,6941707611,6941707510,0,0,101
3469,0,6943710583,6943710440,0,0,142
3470,0,6945712775,6945712670,0,0,104
3471,0,6947714275,6947714152,0,0,123
3472,0,6949715826,6949715704,0,0,122
3473,0,6951718280,6951718163,0,0,116
3474,0,6953720245,6953720132,0,0,112
3475,0,6955722578,6955722451,0,0,127
3476,0,6957725470,6957725343,0,0,126
3477,0,6959728384,6959728258,0,0,125
3478,0,6961729426,6961729323,0,0,103
3479,0,6963731779,6963731679,0,0,100
3480,0,6965734227,6965734084,0,0,143
3481,0,6967737229,6967737148,0,0,80
3482,0,6969738424,6969738312,0,0,112
3483,0,6971741176,6971741070,0,0,105
3484,0,6973742898,6973742823,0,0,75
3485,0,6975745603,6975745486,0,0,116
3486,0,6977748952,6977748870,0,0,82
3487,0,6979750821,6979750717,0,0,103
3488,0,6981752707,6981752636,0,0,70
3489,0,6983755288,6983755187,0,0,101
3490,0,6985756129,6985756015,0,0,114
3491,0,6987758175,6987758090,0,0,85
3492,0,6989760803,6989760703,0,0,100
3493,0,6991762451,6991762322,0,0,128
3494,0,6993765191,6993765087,0,0,104
3495,0,6995767452,6995767347,0,0,105
3496,0,6997770245,6997770139,0,0,105
3497,0,6999772785,6999772680,0,0,105
3498,0,7001774438,7001774352,0,0,85
3499,0,7003777468,7003777349,0,0,119
3500,0,7005778528,7005778424,0,0,104
3501,0,7007782049,7007781922,0,0,126
3502,0,7009782995,7009782912,0,0,82
3503,0,7011785338,7011785251,0,0,87
3504,0,7013787453,7013787323,0,0,130
3505,0,7015789663,7015789559,0,0,104
3506,0,7017792289,7017792184,0,0,104
3507,0,7019795095,7019794986,0,0,108
3508,0,7021796483,7021796372,0,0,110
3509,0,7023797928,7023797802,0,0,125
3510,0,7025799749,7025799644,0,0,104
3511,0,7027803354,7027803229,0,0,124
3512,0,7029805316,7029805197,0,0,119
3513,0,7031807678,7031807556,0,0,121
3514,0,7033809986,7033809876,0,0,110
3515,0,7035812361,7035812244,0,0,117
3516,0,7037815087,7037814973,0,0,114
3517,0,7039816156,7039816035,0,0,121
3518,0,7041819060,7041818955,0,0,104
3519,0,7043821600,7043821492,0,0,107
3520,0,7045824813,7045824688,0,0,124
3521,0,7047825737,7047825624,0,0,112
3522,0,7049827323,7049827200,0,0,122
3523,0,7051829844,7051829723,0,0,120
3524,0,7053832239,7053832140,0,0,98
3525,0,7055834096,7055833973,0,0,122
3526,0,7057836281,7057836177,0,0,103
3527,0,7059840146,7059840003,0,0,142
3528,0,7061840564,7061840440,0,0,123
3529,0,7063842893,7063842750,0,0,143
3530,0,7065846282,7065846159,0,0,122
3531,0,7067848782,7067848655,0,0,126
3532,0,7069849753,7069849649,0,0,104
3533,0,7071852648,7071852519,0,0,128
3534,0,7073855219,7073855075,0,0,143
3535,0,7075856533,7075856397,0,0,135
3536,0,7077858249,7077858139,0,0,110
3537,0,7079860567,7079860441,0,0,125
3538,0,7081862962,7081862838,0,0,124
3539,0,7083865476,7083865349,0,0,126
3540,0,7085868474,7085868336,0,0,138
3541,0,7087869494,7087869350,0,0,144
3542,0,7089872026,7089871912,0,0,114
3543,0,7091873847,7091873734,0,0,112
3544,0,7093876354,7093876208,0,0,146
3545,0,7095878582,7095878463,0,0,118
3546,0,7097881113,7097880983,0,0,130
3547,0,7099882883,7099882761,0,0,121
3548,0,7101885709,7101885592,0,0,116
3549,0,7103889020,7103888868,0,0,152
3550,0,7105890458,7105890337,0,0,121
3551,0,7107891920,7107891788,0,0,132
3552,0,7109893836,7109893730,0,0,105
3553,0,7111895838,7111895685,0,0,152
3554,0,7113898668,7113898546,0,0,122
3555,0,7115900860,7115900705,0,0,155
3556,0,7117903608,7117903442,0,0,166
3557,0,7119906696,7119906549,0,0,147
3558,0,7121907341,7121907172,0,0,168
3559,0,7123910851,7123910701,0,0,150
3560,0,7125911361,7125911193,0,0,168
3561,0,7127913586,7127913444,0,0,141
3562,0,7129917829,7129917689,0,0,139
3563,0,7131919439,7131919306,0,0,132
3564,0,7133919781,7133919664,0,0,116
3565,0,7135923045,7135922922,0,0,123
3566,0,7137926176,7137926071,0,0,105
3567,0,7139928703,7139928580,0,0,123
3568,0,7141929483,7141929342,0,0,140
3569,0,7143932533,7143932386,0,0,146
3570,0,7145935006,7145934887,0,0,119
3571,0,7147935802,7147935671,0,0,131
3572,0,7149939056,7149938913,0,0,142
3573,0,7151942390,7151942241,0,0,148
3574,0,7153943763,7153943648,0,0,114
3575,0,7155945017,7155944888,0,0,129
3576,0,7157947527,7157947406,0,0,120
3577,0,7159951152,7159951039,0,0,112
3578,0,7161953206,7161953067,0,0,139
3579,0,7163957409,7163957262,0,0,147
3580,0,7165957564,7165957459,0,0,104
3581,0,7167959118,7167958987,0,0,130
3582,0,7169961195,7169961091,0,0,104
3583,0,7171963562,7171963458,0,0,104
3584,0,7173966423,7173966319,0,0,104
3585,0,7175967162,7175967047,0,0,115
3586,0,7177969642,7177969516,0,0,126
3587,0,7179972079,7179971967,0,0,112
3588,0,7181974939,7181974810,0,0,128
3589,0,7183978038,7183977914,0,0,123
3590,0,7185979399,7185979282,0,0,116
3591,0,7187981001,7187980877,0,0,123
3592,0,7189983068,7189982925,0,0,142
3593,0,7191986023,7191985904,0,0,119
3594,0,7193989040,7193988922,0,0,117
3595,0,7195990719,7195990617,0,0,101
3596,0,7197992346,7197992260,0,0,86
3597,0,7199995152,7199995026,0,0,126
3598,0,7201998667,7201998540,0,0,127
3599,0,7203999244,7203999128,0,0,116
3600,0,7206001986,7206001843,0,0,142
3601,0,7208003452,7208003321,0,0,131
3602,0,7210005588,7210005482,0,0,105
3603,0,7212007977,7212007844,0,0,132
3604,0,7214010283,7214010138,0,0,144
3605,0,7216012346,7216012228,0,0,118
3606,0,7218014253,7218014145,0,0,108
3607,0,7220016055,7220015923,0,0,131
3608,0,7222018269,7222018160,0,0,108
3609,0,7224021261,7224021149,0,0,112
3610,0,7226023451,7226023353,0,0,98
3611,0,7228025314,7228025212,0,0,102
3612,0,7230027555,7230027442,0,0,112
3613,0,7232029440,7232029309,0,0,131
3614,0,7234031692,7234031588,0,0,103
3615,0,7236033909,7236033798,0,0,110
3616,0,7238036406,7238036277,0,0,128
3617,0,7240038046,7240037935,0,0,110
3618,0,7242041225,7242041123,0,0,102
3619,0,7244042715,7244042594,0,0,121
3620,0,7246045408,7246045300,0,0,108
3621,0,7248047512,7248047402,0,0,110
3622,0,7250049586,7250049482,0,0,103
3623,0,7252051728,7252051624,0,0,104
3624,0,7254053942,7254053840,0,0,102
3625,0,7256056048,7256055930,0,0,118
3626,0,7258058981,7258058906,0,0,74
3627,0,7260062481,7260062369,0,0,112
3628,0,7262063456,7262063329,0,0,126
3629,0,7264065894,7264065770,0,0,124
3630,0,7266067476,7266067354,0,0,122
3631,0,7268069486,7268069369,0,0,116
3632,0,7270071667,7270071560,0,0,107
3633,0,7272074404,7272074279,0,0,124
3634,0,7274076497,7274076420,0,0,77
3635,0,7276079442,7276079338,0,0,104
3636,0,7278082501,7278082397,0,0,104
3637,0,7280084228,7280084107,0,0,120
3638,0,7282086056,7282085928,0,0,128
3639,0,7284087996,7284087880,0,0,116
3640,0,7286089647,7286089523,0,0,123
3641,0,7288093471,7288093359,0,0,112
3642,0,7290094284,7290094175,0,0,108
3643,0,7292096383,7292096256,0,0,126
3644,0,7294099137,7294099053,0,0,84
3645,0,7296101351,7296101235,0,0,115
3646,0,7298102953,7298102829,0,0,124
3647,0,7300105042,7300104923,0,0,119
3648,0,7302107761,7302107644,0,0,117
3649,0,7304110106,7304109963,0,0,143
3650,0,7306111977,7306111890,0,0,87
3651,0,7308114877,7308114759,0,0,117
3652,0,7310118252,7310118131,0,0,121
3653,0,7312119677,7312119532,0,0,144
3654,0,7314120779,7314120647,0,0,132
3655,0,7316122964,7316122861,0,0,102
3656,0,7318125249,7318125115,0,0,133
3657,0,7320127584,7320127446,0,0,138
3658,0,7322129984,7322129860,0,0,123
3659,0,7324131977,7324131854,0,0,122
3660,0,7326134312,7326134345,0,0,-33
3661,0,7328137544,7328137396,0,0,148
3662,0,7330139300,7330139193,0,0,106
3663,0,7332140867,7332140755,0,0,112
3664,0,7334143330,7334143192,0,0,138
3665,0,7336145663,7336145539,0,0,124
3666,0,7338147424,7338147319,0,0,105
3667,0,7340150020,7340149884,0,0,135
3668,0,7342152717,7342152588,0,0,128
3669,0,7344155564,7344155395,0,0,168
3670,0,7346156833,7346156720,0,0,112
3671,0,7348159004,7348158850,0,0,154
3672,0,7350161238,7350161044,0,0,193
3673,0,7352163303,7352163154,0,0,149
3674,0,7354165575,7354165418,0,0,156
3675,0,7356167540,7356167395,0,0,144
3676,0,7358170808,7358170663,0,0,144
3677,0,7360173316,7360173173,0,0,143
3678,0,7362174085,7362173928,0,0,157
3679,0,7364176786,7364176660,0,0,126
3680,0,7366179256,7366179134,0,0,121
3681,0,7368181522,7368181383,0,0,139
3682,0,7370182984,7370182899,0,0,84
3683,0,7372186410,7372186269,0,0,141
3684,0,7374189874,7374189752,0,0,122
3685,0,7376190703,7376190555,0,0,148
3686,0,7378192110,7378191988,0,0,121
3687,0,7380194612,7380194476,0,0,136
3688,0,7382196919,7382196762,0,0,157
3689,0,7384198948,7384198804,0,0,144
3690,0,7386201042,7386200919,0,0,122
3691,0,7388203000,7388202862,0,0,137
3692,0,7390205776,7390205649,0,0,127
3693,0,7392208313,7392208174,0,0,139
3694,0,7394211238,7394211087,0,0,150
3695,0,7396212609,7396212466,0,0,143
3696,0,7398215653,7398215497,0,0,156
3697,0,7400216642,7400216469,0,0,173
3698,0,7402218958,7402218813,0,0,144
3699,0,7404221427,7404221250,0,0,177
3700,0,7406223284,7406223116,0,0,168
3701,0,7408225980,7408225863,0,0,116
3702,0,7410228044,7410227963,0,0,80
3703,0,7412230304,7412230190,0,0,114
3704,0,7414232560,7414232455,0,0,105
3705,0,7416233662,7416233546,0,0,116
3706,0,7418235907,7418235775,0,0,132
3707,0,7420238939,7420238807,0,0,131
3708,0,7422241088,7422240974,0,0,114
3709,0,7424243161,7424243017,0,0,143
3710,0,7426245993,7426245884,0,0,108
3711,0,7428247856,7428247740,0,0,115
3712,0,7430250161,7430250041,0,0,120
3713,0,7432251866,7432251725,0,0,140
3714,0,7434254443,7434254339,0,0,103
3715,0,7436257069,7436256926,0,0,142
3716,0,7438258189,7438258061,0,0,128
3717,0,7440261316,7440261204,0,0,112
3718,0,7442263512,7442263408,0,0,103
3719,0,7444265711,7444265604,0,0,106
3720,0,7446268144,7446268035,0,0,108
3721,0,7448270128,7448269997,0,0,130
3722,0,7450272412,7450272335,0,0,76
3723,0,7452274466,7452274360,0,0,105
3724,0,7454277426,7454277341,0,0,84
3725,0,7456280885,7456280780,0,0,104
3726,0,7458282438,7458282355,0,0,83
3727,0,7460285801,7460285719,0,0,82
3728,0,7462286534,7462286415,0,0,119
3729,0,7464287751,7464287644,0,0,107
3730,0,7466290202,7466290115,0,0,86
3731,0,7468293101,7468292961,0,0,139
3732,0,7470296026,7470295906,0,0,120
3733,0,7472297749,7472297611,0,0,137
3734,0,7474300204,7474300100,0,0,103
3735,0,7476301240,7476301121,0,0,119
3736,0,7478303287,7478303155,0,0,132
3737,0,7480305747,7480305633,0,0,113
3738,0,7482309420,7482309318,0,0,102
3739,0,7484312622,7484312501,0,0,121
3740,0,7486313849,7486313772,0,0,76
3741,0,7488314539,7488314421,0,0,118
3742,0,7490316842,7490316738,0,0,103
3743,0,7492319516,7492319400,0,0,116
3744,0,7494322320,7494322210,0,0,110
3745,0,7496323362,7496323238,0,0,124
3746,0,7498325715,7498325616,0,0,98
3747,0,7500328346,7500328240,0,0,105
3748,0,7502330789,7502330685,0,0,103
3749,0,7504333166,7504333063,0,0,102
3750,0,7506335047,7506334979,0,0,68
3751,0,7508337808,7508337695,0,0,112
3752,0,7510339634,7510339510,0,0,124
3753,0,7512342283,7512342165,0,0,118
3754,0,7514344636,7514344550,0,0,86
3755,0,7516345831,7516345703,0,0,128
3756,0,7518348123,7518348012,0,0,111
3757,0,7520350280,7520350165,0,0,114
3758,0,7522354003,7522353858,0,0,144
3759,0,7524357594,7524357489,0,0,104
3760,0,7526358546,7526358429,0,0,116
3761,0,7528360569,7528360449,0,0,120
3762,0,7530362809,7530362737,0,0,71
3763,0,7532364522,7532364397,0,0,124
3764,0,7534366353,7534366246,0,0,107
3765,0,7536368606,7536368490,0,0,115
3766,0,7538370134,7538370047,0,0,87
3767,0,7540372221,7540372103,0,0,118
3768,0,7542375033,7542374894,0,0,138
3769,0,7544377051,7544376925,0,0,125
3770,0,7546379533,7546379423,0,0,110
3771,0,7548382550,7548382428,0,0,122
3772,0,7550383185,7550383101,0,0,84
3773,0,7552385907,7552385799,0,0,108
3774,0,7554388363,7554388262,0,0,101
3775,0,7556390420,7556390316,0,0,103
3776,0,7558392247,7558392102,0,0,144
3777,0,7560395868,7560395751,0,0,116
3778,0,7562396658,7562396579,0,0,78
3779,0,7564399049,7564398946,0,0,103
3780,0,7566401440,7566401348,0,0,92
3781,0,7568403677,7568403556,0,0,121
3782,0,7570405899,7570405795,0,0,104
3783,0,7572407698,7572407579,0,0,119
3784,0,7574410356,7574410240,0,0,115
3785,0,7576412666,7576412532,0,0,134
3786,0,7578415117,7578415029,0,0,88
3787,0,7580418066,7580417964,0,0,102
3788,0,7582418980,7582418854,0,0,125
3789,0,7584422355,7584422191,0,0,164
3790,0,7586424654,7586424512,0,0,142
3791,0,7588426034,7588425905,0,0,128
3792,0,7590428526,7590428378,0,0,148
3793,0,7592431245,7592431071,0,0,174
3794,0,7594432777,7594432638,0,0,139
3795,0,7596434244,7596434097,0,0,146
3796,0,7598437683,7598437538,0,0,144
3797,0,7600440057,7600439919,0,0,138
3798,0,7602441166,7602441086,0,0,79
3799,0,7604442876,7604442754,0,0,122
3800,0,7606444844,7606444687,0,0,157
3801,0,7608447511,7608447375,0,0,136
3802,0,7610450380,7610450261,0,0,119
3803,0,7612452247,7612452107,0,0,139
3804,0,7614454766,7614454647,0,0,118
3805,0,7616456954,7616456821,0,0,132
3806,0,7618459123,7618458989,0,0,134
3807,0,7620461478,7620461354,0,0,124
3808,0,7622463622,7622463541,0,0,81
3809,0,7624465937,7624465813,0,0,123
3810,0,7626468175,7626468101,0,0,74
3811,0,7628470359,7628470239,0,0,120
3812,0,7630472703,7630472586,0,0,116
3813,0,7632475069,7632474920,0,0,149
3814,0,7634476221,7634476116,0,0,104
3815,0,7636479110,7636478993,0,0,116
3816,0,7638481456,7638481333,0,0,123
3817,0,7640483835,7640483701,0,0,134
3818,0,7642486421,7642486278,0,0,143
3819,0,7644488711,7644488566,0,0,144
3820,0,7646490875,7646490759,0,0,116
3821,0,7648493530,7648493416,0,0,114
3822,0,7650495235,7650495114,0,0,121
3823,0,7652498333,7652498227,0,0,105
3824,0,7654500248,7654500101,0,0,147
3825,0,7656501507,7656501390,0,0,116
3826,0,7658503446,7658503359,0,0,86
3827,0,7660506955,7660506830,0,0,125
3828,0,7662508317,7662508187,0,0,130
3829,0,7664510294,7664510161,0,0,132
3830,0,7666512660,7666512552,0,0,107
3831,0,7668515080,7668514922,0,0,157
3832,0,7670517905,7670517764,0,0,141
3833,0,7672519679,7672519525,0,0,154
3834,0,7674522791,7674522648,0,0,143
3835,0,7676523614,7676523482,0,0,132
3836,0,7678526483,7678526366,0,0,116
3837,0,7680527872,7680527748,0,0,124
3838,0,7682530373,7682530224,0,0,148
3839,0,7684532740,7684532605,0,0,134
3840,0,7686534429,7686534326,0,0,102
3841,0,7688537066,7688536923,0,0,142
3842,0,7690539602,7690539519,0,0,83
3843,0,7692541653,7692541522,0,0,131
3844,0,7694544168,7694544030,0,0,138
3845,0,7696547017,7696546887,0,0,129
3846,0,7698548292,7698548183,0,0,108
3847,0,7700550608,7700550502,0,0,105
3848,0,7702553555,7702553450,0,0,104
3849,0,7704555444,7704555319,0,0,124
3850,0,7706557536,7706557433,0,0,103
3851,0,7708560979,7708560864,0,0,114
3852,0,7710561577,7710561496,0,0,80
3853,0,7712564963,7712564856,0,0,107
3854,0,7714567075,7714566952,0,0,123
3855,0,7716568143,7716568036,0,0,107
3856,0,7718570397,7718570287,0,0,110
3857,0,7720572291,7720572184,0,0,107
3858,0,7722575177,7722575071,0,0,105
3859,0,7724576995,7724576881,0,0,114
3860,0,7726579477,7726579370,0,0,107
3861,0,7728581312,7728581195,0,0,116
3862,0,7730583667,7730583550,0,0,116
3863,0,7732585858,7732585740,0,0,118
3864,0,7734588215,7734588074,0,0,140
3865,0,7736590343,7736590217,0,0,125
3866,0,7738592880,7738592759,0,0,121
3867,0,7740595669,7740595551,0,0,117
3868,0,7742597838,7742597722,0,0,116
3869,0,7744599272,7744599148,0,0,123
3870,0,7746602671,7746602550,0,0,121
3871,0,7748603543,7748603413,0,0,130
3872,0,7750605947,7750605818,0,0,128
3873,0,7752607896,7752607775,0,0,120
3874,0,7754610594,7754610473,0,0,121
3875,0,7756612939,7756612816,0,0,122
3876,0,7758615404,7758615285,0,0,118
3877,0,7760619161,7760619051,0,0,110
3878,0,7762619202,7762619123,0,0,78
3879,0,7764621578,7764621468,0,0,110
3880,0,7766624424,7766624310,0,0,114
3881,0,7768627953,7768627839,0,0,114
3882,0,7770629795,7770629692,0,0,103
3883,0,7772631706,7772631600,0,0,105
3884,0,7774632919,7774632815,0,0,103
3885,0,7776636021,7776635914,0,0,107
3886,0,7778638065,7778637961,0,0,103
3887,0,7780639585,7780639475,0,0,110
3888,0,7782641650,7782641538,0,0,112
3889,0,7784643626,7784643505,0,0,121
3890,0,7786647112,7786647004,0,0,108
3891,0,7788648193,7788648068,0,0,124
3892,0,7790651112,7790650997,0,0,114
3893,0,7792653428,7792653299,0,0,128
3894,0,7794655069,7794654950,0,0,119
3895,0,7796657465,7796657352,0,0,112
3896,0,7798660410,7798660284,0,0,125
3897,0,7800663384,7800663260,0,0,124
3898,0,7802665096,7802665017,0,0,79
3899,0,7804666170,7804666058,0,0,111
3900,0,7806668504,7806668387,0,0,116
3901,0,7808670912,7808670779,0,0,132
3902,0,7810672964,7810672844,0,0,120
3903,0,7812674717,7812674608,0,0,108
3904,0,7814677132,7814677014,0,0,117
3905,0,7816679438,7816679295,0,0,143
3906,0,7818681556,7818681480,0,0,76
3907,0,7820683423,7820683303,0,0,120
3908,0,7822686305,7822686200,0,0,105
3909,0,7824688295,7824688114,0,0,180
3910,0,7826691752,7826691601,0,0,150
3911,0,7828692946,7828692789,0,0,157
3912,0,7830694857,7830694741,0,0,116
3913,0,7832697720,7832697748,0,0,-27
3914,0,7834700918,7834700777,0,0,141
3915,0,7836702617,7836702479,0,0,138
3916,0,7838704128,7838703995,0,0,132
3917,0,7840707460,7840707331,0,0,128
3918,0,7842709253,7842709140,0,0,112
3919,0,7844710997,7844710864,0,0,132
3920,0,7846713779,7846713634,0,0,144
3921,0,7848714763,7848714640,0,0,122
3922,0,7850717159,7850717075,0,0,84
3923,0,7852719220,7852719098,0,0,121
3924,0,7854721876,7854721770,0,0,105
3925,0,7856723620,7856723487,0,0,132
3926,0,7858725611,7858725501,0,0,110
3927,0,7860729286,7860729178,0,0,107
3928,0,7862730375,7862730229,0,0,146
3929,0,7864733530,7864733403,0,0,127
3930,0,7866735535,7866735431,0,0,104
3931,0,7868738004,7868737886,0,0,118
3932,0,7870739665,7870739546,0,0,118
3933,0,7872741650,7872741501,0,0,148
3934,0,7874744620,7874744484,0,0,135
3935,0,7876747343,7876747206,0,0,136
3936,0,7878748538,7878748407,0,0,130
3937,0,7880750505,7880750373,0,0,132
3938,0,7882753205,7882753118,0,0,87
3939,0,7884756485,7884756362,0,0,122
3940,0,7886758597,7886758470,0,0,127
3941,0,7888759372,7888759247,0,0,124
3942,0,7890761806,7890761701,0,0,105
3943,0,7892763708,7892763583,0,0,125
3944,0,7894767040,7894766911,0,0,128
3945,0,7896769714,7896769591,0,0,122
3946,0,7898770543,7898770429,0,0,114
3947,0,7900772557,7900772440,0,0,117
3948,0,7902774831,7902774707,0,0,123
3949,0,7904778159,7904778032,0,0,126
3950,0,7906780273,7906780132,0,0,141
3951,0,7908783075,7908782930,0,0,144
3952,0,7910783667,7910783513,0,0,154
3953,0,7912786331,7912786175,0,0,156
3954,0,7914788443,7914788298,0,0,144
3955,0,7916790452,7916790318,0,0,134
3956,0,7918793815,7918793666,0,0,148
3957,0,7920795934,7920795808,0,0,125
3958,0,7922796892,7922796776,0,0,116
3959,0,7924799088,7924798950,0,0,138
3960,0,7926801808,7926801706,0,0,102
3961,0,7928803757,7928803615,0,0,142
3962,0,7930806285,7930806160,0,0,125
3963,0,7932809136,7932808986,0,0,149
3964,0,7934812049,7934811941,0,0,107
3965,0,7936814027,7936813875,0,0,152
3966,0,7938815680,7938815557,0,0,122
3967,0,7940818487,7940818348,0,0,139
3968,0,7942820283,7942820323,0,0,-39
3969,0,7944822497,7944822340,0,0,157
3970,0,7946824919,7946824797,0,0,122
3971,0,7948826168,7948826016,0,0,152
3972,0,7950828730,7950828602,0,0,128
3973,0,7952830545,7952830420,0,0,124
3974,0,7954833033,7954832911,0,0,121
3975,0,7956834895,7956834793,0,0,102
3976,0,7958837085,7958836963,0,0,122
3977,0,7960840959,7960840822,0,0,137
3978,0,7962841889,7962841762,0,0,126
3979,0,7964844109,7964843999,0,0,110
3980,0,7966846126,7966846012,0,0,114
3981,0,7968848910,7968848768,0,0,141
3982,0,7970850310,7970850179,0,0,130
3983,0,7972852811,7972852703,0,0,107
3984,0,7974854820,7974854684,0,0,136
3985,0,7976857258,7976857106,0,0,151
3986,0,7978859558,7978859449,0,0,108
3987,0,7980863092,7980862944,0,0,148
3988,0,7982863930,7982863784,0,0,146
3989,0,7984866114,7984865976,0,0,138
3990,0,7986868359,7986868234,0,0,124
3991,0,7988870197,7988870090,0,0,107
3992,0,7990872997,7990872865,0,0,132
3993,0,7992875314,7992875211,0,0,102
3994,0,7994877775,7994877655,0,0,120
3995,0,7996880367,7996880258,0,0,108
3996,0,7998881952,7998881848,0,0,104
3997,0,8000883932,8000883814,0,0,118
3998,0,8002886078,8002885975,0,0,103
3999,0,8004888612,8004888465,0,0,147
4000,0,8006890501,8006890395,0,0,105
4001,0,8008893402,8008893280,0,0,121
4002,0,8010896305,8010896187,0,0,118
4003,0,8012897449,8012897328,0,0,121
4004,0,8014899984,8014899875,0,0,108
4005,0,8016902270,8016902161,0,0,108
4006,0,8018904789,8018904683,0,0,106
4007,0,8020906794,8020906688,0,0,105
4008,0,8022908519,8022908386,0,0,132
4009,0,8024910705,8024910593,0,0,112
4010,0,8026913383,8026913278,0,0,104
4011,0,8028915908,8028915797,0,0,110
4012,0,8030917587,8030917486,0,0,101
4013,0,8032920179,8032920076,0,0,103
4014,0,8034922858,8034922741,0,0,116
4015,0,8036923874,8036923771,0,0,102
4016,0,8038925894,8038925783,0,0,110
4017,0,8040928566,8040928460,0,0,105
4018,0,8042931301,8042931319,0,0,-17
4019,0,8044934258,8044934148,0,0,110
4020,0,8046935563,8046935460,0,0,102
4021,0,8048937354,8048937207,0,0,146
4022,0,8050939368,8050939263,0,0,104
4023,0,8052941589,8052941455,0,0,134
4024,0,8054943863,8054943749,0,0,114
4025,0,8056946977,8056946820,0,0,156
4026,0,8058949721,8058949608,0,0,112
4027,0,8060952021,8060951893,0,0,128
4028,0,8062953086,8062952959,0,0,127
4029,0,8064954890,8064954778,0,0,112
4030,0,8066957504,8066957437,0,0,67
4031,0,8068960011,8068959901,0,0,110
4032,0,8070961631,8070961519,0,0,112
4033,0,8072963854,8072963737,0,0,116
4034,0,8074966555,8074966453,0,0,102
4035,0,8076969289,8076969185,0,0,104
4036,0,8078972439,8078972350,0,0,88
4037,0,8080973890,8080973758,0,0,132
4038,0,8082974975,8082974848,0,0,127
4039,0,8084977937,8084977816,0,0,121
4040,0,8086980393,8086980246,0,0,146
4041,0,8088981588,8088981439,0,0,148
4042,0,8090984060,8090983972,0,0,87
4043,0,8092985642,8092985514,0,0,127
4044,0,8094987483,8094987370,0,0,112
4045,0,8096991234,8096991104,0,0,130
4046,0,8098993714,8098993591,0,0,122
4047,0,8100995515,8100995390,0,0,125
4048,0,8102997261,8102997145,0,0,116
4049,0,8104999251,8104999110,0,0,141
4050,0,8107002496,8107002408,0,0,87
4051,0,8109005469,8109005337,0,0,132
4052,0,8111006884,8111006756,0,0,128
4053,0,8113009151,8113009030,0,0,121
4054,0,8115010685,8115010576,0,0,108
4055,0,8117013009,8117012889,0,0,120
4056,0,8119015073,8119014928,0,0,144
4057,0,8121016995,8121016867,0,0,127
4058,0,8123019818,8123019694,0,0,124
4059,0,8125022012,8125021868,0,0,143
4060,0,8127024343,8127024222,0,0,120
4061,0,8129026860,8129026723,0,0,137
4062,0,8131029387,8131029235,0,0,151
4063,0,8133030964,8133030826,0,0,137
4064,0,8135032952,8135032824,0,0,128
4065,0,8137036541,8137036397,0,0,143
4066,0,8139037440,8139037308,0,0,131
4067,0,8141040053,8141039916,0,0,137
4068,0,8143042993,8143042865,0,0,128
4069,0,8145045294,8145045179,0,0,114
4070,0,8147046438,8147046330,0,0,107
4071,0,8149048235,8149048123,0,0,112
4072,0,8151050364,8151050237,0,0,127
4073,0,8153051652,8153051528,0,0,124
4074,0,8155055245,8155055142,0,0,103
4075,0,8157057074,8157056948,0,0,126
4076,0,8159059316,8159059204,0,0,112
4077,0,8161063325,8161063200,0,0,125
4078,0,8163064312,8163064185,0,0,127
4079,0,8165065997,8165065889,0,0,108
4080,0,8167068319,8167068201,0,0,118
4081,0,8169070586,8169070469,0,0,116
4082,0,8171073192,8171073069,0,0,122
4083,0,8173074977,8173074836,0,0,140
4084,0,8175077680,8175077559,0,0,121
4085,0,8177080543,8177080406,0,0,137
4086,0,8179081770,8179081647,0,0,123
4087,0,8181084163,8181084056,0,0,107
4088,0,8183086397,8183086288,0,0,108
4089,0,8185088451,8185088335,0,0,115
4090,0,8187090936,8187090819,0,0,116
4091,0,8189093047,8189092907,0,0,139
4092,0,8191095378,8191095270,0,0,107
4093,0,8193097831,8193097718,0,0,112
4094,0,8195100095,8195099981,0,0,114
4095,0,8197102037,8197101936,0,0,101
4096,0,8199104649,8199104546,0,0,103
4097,0,8201106527,8201106408,0,0,118
4098,0,8203109224,8203109120,0,0,104
4099,0,8205111768,8205111648,0,0,120
4100,0,8207113784,8207113669,0,0,114
4101,0,8209116092,8209115964,0,0,128
4102,0,8211117479,8211117393,0,0,85
4103,0,8213119872,8213119742,0,0,130
4104,0,8215123754,8215123588,0,0,166
4105,0,8217125438,8217125292,0,0,146
4106,0,8219126894,8219126770,0,0,123
4107,0,8221129671,8221129558,0,0,112
4108,0,8223131469,8223131328,0,0,141
4109,0,8225134788,8225134658,0,0,130
4110,0,8227136393,8227136283,0,0,110
4111,0,8229138121,8229138005,0,0,116
4112,0,8231140847,8231140691,0,0,156
4113,0,8233141725,8233141595,0,0,129
4114,0,8235144889,8235144788,0,0,101
4115,0,8237147384,8237147268,0,0,116
4116,0,8239149102,8239148986,0,0,116
4117,0,8241151497,8241151352,0,0,144
4118,0,8243152896,8243152792,0,0,104
4119,0,8245155018,8245154914,0,0,104
4120,0,8247158089,8247157945,0,0,144
4121,0,8249159692,8249159587,0,0,104
4122,0,8251162467,8251162351,0,0,116
4123,0,8253165065,8253164941,0,0,123
4124,0,8255167462,8255167379,0,0,83
4125,0,8257168739,8257168631,0,0,107
4126,0,8259171206,8259171100,0,0,105
4127,0,8261174406,8261174283,0,0,122
4128,0,8263175309,8263175204,0,0,104
4129,0,8265177477,8265177368,0,0,108
4130,0,8267180052,8267179971,0,0,80
4131,0,8269182275,8269182158,0,0,116
4132,0,8271184674,8271184539,0,0,135
4133,0,8273186328,8273186215,0,0,112
4134,0,8275188253,8275188148,0,0,104
4135,0,8277190646,8277190533,0,0,112
4136,0,8279192876,8279192728,0,0,148
4137,0,8281195458,8281195347,0,0,110
4138,0,8283197720,8283197638,0,0,82
4139,0,8285199250,8285199145,0,0,105
4140,0,8287202076,8287201991,0,0,85
4141,0,8289205404,8289205316,0,0,88
4142,0,8291206276,8291206193,0,0,82
4143,0,8293210039,8293209937,0,0,102
4144,0,8295210688,8295210571,0,0,116
4145,0,8297212952,8297212847,0,0,105
4146,0,8299215031,8299214970,0,0,60
4147,0,8301217275,8301217156,0,0,119
4148,0,8303219238,8303219131,0,0,107
4149,0,8305222014,8305221903,0,0,110
4150,0,8307224078,8307223961,0,0,116
4151,0,8309226433,8309226325,0,0,107
4152,0,8311229105,8311229002,0,0,103
4153,0,8313230955,8313230849,0,0,105
4154,0,8315233496,8315233428,0,0,68
4155,0,8317235450,8317235349,0,0,101
4156,0,8319237925,8319237847,0,0,78
4157,0,8321240728,8321240580,0,0,148
4158,0,8323243096,8323242980,0,0,116
4159,0,8325244310,8325244186,0,0,124
4160,0,8327246250,8327246123,0,0,127
4161,0,8329248831,8329248684,0,0,146
4162,0,8331251226,8331251094,0,0,131
4163,0,8333253988,8333253858,0,0,129
4164,0,8335255959,8335255826,0,0,132
4165,0,8337257642,8337257518,0,0,123
4166,0,8339259565,8339259444,0,0,121
4167,0,8341262363,8341262222,0,0,140
4168,0,8343264300,8343264173,0,0,126
4169,0,8345266145,8345266018,0,0,126
4170,0,8347268780,8347268680,0,0,99
4171,0,8349270860,8349270731,0,0,129
4172,0,8351273362,8351273245,0,0,116
4173,0,8353276680,8353276558,0,0,121
4174,0,8355278900,8355278813,0,0,86
4175,0,8357280329,8357280184,0,0,144
4176,0,8359282239,8359282112,0,0,127
4177,0,8361286169,8361286038,0,0,130
4178,0,8363287600,8363287512,0,0,88
4179,0,8365288833,8365288680,0,0,152
4180,0,8367291318,8367291193,0,0,124
4181,0,8369293171,8369293018,0,0,152
4182,0,8371296339,8371296182,0,0,157
4183,0,8373298179,8373298051,0,0,128
4184,0,8375299626,8375299488,0,0,138
4185,0,8377301825,8377301703,0,0,122
4186,0,8379304362,8379304238,0,0,124
4187,0,8381306936,8381306817,0,0,118
4188,0,8383309148,8383309029,0,0,118
4189,0,8385311075,8385310928,0,0,147
4190,0,8387313694,8387313576,0,0,118
4191,0,8389315806,8389315662,0,0,144
4192,0,8391317836,8391317690,0,0,146
4193,0,8393319435,8393319292,0,0,143
4194,0,8395321770,8395321640,0,0,130
4195,0,8397325665,8397325506,0,0,158
4196,0,8399326655,8399326528,0,0,127
4197,0,8401328716,8401328598,0,0,118
4198,0,8403330846,8403330739,0,0,106
4199,0,8405332770,8405332626,0,0,143
4200,0,8407335750,8407335609,0,0,141
4201,0,8409339299,8409339182,0,0,116
4202,0,8411341294,8411341192,0,0,102
4203,0,8413342176,8413342047,0,0,128
4204,0,8415344898,8415344782,0,0,116
4205,0,8417348417,8417348290,0,0,126
4206,0,8419350222,8419350111,0,0,110
4207,0,8421351147,8421351026,0,0,120
4208,0,8423353244,8423353096,0,0,147
4209,0,8425355214,8425355069,0,0,144
4210,0,8427357454,8427357370,0,0,84
4211,0,8429360040,8429359912,0,0,127
4212,0,8431362485,8431362364,0,0,120
4213,0,8433364625,8433364490,0,0,134
4214,0,8435366278,8435366175,0,0,103
4215,0,8437368654,8437368534,0,0,120
4216,0,8439371141,8439371057,0,0,83
4217,0,8441373799,8441373693,0,0,105
4218,0,8443377121,8443376993,0,0,128
4219,0,8445379081,8445378972,0,0,109
4220,0,8447380782,8447380656,0,0,126
4221,0,8449383287,8449383173,0,0,114
4222,0,8451385468,8451385328,0,0,140
4223,0,8453387710,8453387628,0,0,82
4224,0,8455388503,8455388379,0,0,124
4225,0,8457391017,8457390882,0,0,134
4226,0,8459393339,8459393208,0,0,130
4227,0,8461396865,8461396747,0,0,118
4228,0,8463397784,8463397651,0,0,132
4229,0,8465399847,8465399714,0,0,132
4230,0,8467402503,8467402419,0,0,83
4231,0,8469403898,8469403792,0,0,106
4232,0,8471406799,8471406698,0,0,100
4233,0,8473408760,8473408631,0,0,128
4234,0,8475411359,8475411243,0,0,116
4235,0,8477413588,8477413461,0,0,127
4236,0,8479415979,8479415850,0,0,128
4237,0,8481419006,8481418863,0,0,142
4238,0,8483420656,8483420551,0,0,104
4239,0,8485422265,8485422143,0,0,121
4240,0,8487425293,8487425180,0,0,112
4241,0,8489426618,8489426489,0,0,128
4242,0,8491428832,8491428754,0,0,78
4243,0,8493431372,8493431247,0,0,125
4244,0,8495433797,8495433690,0,0,106
4245,0,8497435270,8497435143,0,0,126
4246,0,8499438056,8499437952,0,0,104
4247,0,8501440005,8501439901,0,0,103
4248,0,8503442894,8503442737,0,0,157
4249,0,8505445728,8505445584,0,0,144
4250,0,8507446480,8507446353,0,0,126
4251,0,8509448882,8509448758,0,0,123
4252,0,8511451867,8511451721,0,0,146
4253,0,8513454164,8513454053,0,0,110
4254,0,8515455710,8515455607,0,0,102
4255,0,8517457531,8517457390,0,0,141
4256,0,8519459835,8519459703,0,0,132
4257,0,8521462105,8521461977,0,0,128
4258,0,8523464691,8523464588,0,0,102
4259,0,8525467022,8525466937,0,0,84
4260,0,8527470303,8527470191,0,0,112
4261,0,8529471107,8529470958,0,0,148
4262,0,8531473575,8531473455,0,0,120
4263,0,8533475959,8533475818,0,0,140
4264,0,8535477923,8535477753,0,0,170
4265,0,8537479690,8537479560,0,0,130
4266,0,8539482623,8539482498,0,0,124
4267,0,8541484811,8541484672,0,0,138
4268,0,8543486768,8543486662,0,0,106
4269,0,8545489462,8545489350,0,0,112
4270,0,8547491339,8547491267,0,0,71
4271,0,8549493730,8549493629,0,0,101
4272,0,8551495343,8551495235,0,0,107
4273,0,8553497734,8553497631,0,0,103
4274,0,8555499838,8555499775,0,0,63
4275,0,8557501716,8557501602,0,0,114
4276,0,8559503862,8559503762,0,0,99
4277,0,8561507996,8561507892,0,0,103
4278,0,8563509973,8563509884,0,0,88
4279,0,8565513272,8565513189,0,0,83
4280,0,8567513459,8567513355,0,0,104
4281,0,8569515402,8569515294,0,0,108
4282,0,8571517961,8571517845,0,0,116
4283,0,8573519977,8573519853,0,0,123
4284,0,8575522703,8575522599,0,0,103
4285,0,8577524247,8577524126,0,0,121
4286,0,8579526648,8579526541,0,0,106
4287,0,8581529193,8581529091,0,0,102
4288,0,8583531297,8583531189,0,0,107
4289,0,8585533345,8585533233,0,0,112
4290,0,8587535930,8587535809,0,0,121
4291,0,8589537764,8589537656,0,0,107
4292,0,8591540565,8591540442,0,0,122
4293,0,8593542428,8593542285,0,0,142
4294,0,8595544809,8595544680,0,0,128
4295,0,8597547083,8597546955,0,0,128
4296,0,8599549132,8599548978,0,0,154
4297,0,8601551035,8601550883,0,0,152
4298,0,8603553806,8603553678,0,0,128
4299,0,8605556588,8605556448,0,0,139
4300,0,8607558347,8607558233,0,0,114
4301,0,8609561222,8609561073,0,0,148
4302,0,8611563020,8611562865,0,0,154
4303,0,8613565582,8613565441,0,0,140
4304,0,8615568492,8615568368,0,0,123
4305,0,8617569961,8617569820,0,0,141
4306,0,8619571341,8619571256,0,0,84
4307,0,8621573762,8621573640,0,0,122
4308,0,8623575923,8623575800,0,0,123
4309,0,8625578475,8625578341,0,0,134
4310,0,8627581240,8627581129,0,0,110
4311,0,8629583600,8629583456,0,0,143
4312,0,8631585462,8631585314,0,0,148
4313,0,8633587368,8633587217,0,0,150
4314,0,8635589498,8635589387,0,0,110
4315,0,8637592049,8637591942,0,0,107
4316,0,8639594841,8639594741,0,0,99
4317,0,8641596080,8641595929,0,0,151
4318,0,8643598794,8643598653,0,0,140
4319,0,8645599988,8645599840,0,0,148
4320,0,8647602201,8647602097,0,0,103
4321,0,8649604316,8649604182,0,0,133
4322,0,8651607022,8651606934,0,0,87
4323,0,8653608793,8653608649,0,0,143
4324,0,8655611626,8655611516,0,0,110
4325,0,8657613595,8657613447,0,0,148
4326,0,8659615741,8659615636,0,0,105
4327,0,8661619040,8661618923,0,0,116
4328,0,8663620441,8663620300,0,0,141
4329,0,8665622141,8665622022,0,0,118
4330,0,8667624913,8667624802,0,0,111
4331,0,8669626880,8669626760,0,0,119
4332,0,8671629350,8671629251,0,0,98
4333,0,8673632111,8673631983,0,0,128
4334,0,8675634791,8675634661,0,0,130
4335,0,8677636348,8677636226,0,0,121
4336,0,8679638700,8679638608,0,0,92
4337,0,8681640110,8681639982,0,0,127
4338,0,8683642976,8683642892,0,0,84
4339,0,8685645984,8685645850,0,0,134
4340,0,8687647526,8687647412,0,0,114
4341,0,8689650587,8689650464,0,0,123
4342,0,8691651752,8691651665,0,0,87
4343,0,8693653945,8693653802,0,0,143
4344,0,8695655731,8695655604,0,0,126
4345,0,8697657984,8697657871,0,0,112
4346,0,8699660698,8699660570,0,0,127
4347,0,8701663465,8701663332,0,0,132
4348,0,8703664969,8703664844,0,0,124
4349,0,8705667001,8705666882,0,0,119
4350,0,8707669667,8707669549,0,0,117
4351,0,8709671624,8709671519,0,0,104
4352,0,8711673892,8711673780,0,0,112
4353,0,8713675334,8713675217,0,0,116
4354,0,8715677058,8715676974,0,0,84
4355,0,8717680683,8717680575,0,0,107
4356,0,8719682849,8719682741,0,0,108
4357,0,8721685492,8721685377,0,0,114
4358,0,8723686852,8723686746,0,0,106
4359,0,8725689116,8725689012,0,0,104
4360,0,8727691536,8727691384,0,0,151
4361,0,8729693720,8729693603,0,0,116
4362,0,8731695821,8731695737,0,0,84
4363,0,8733698278,8733698160,0,0,118
4364,0,8735700302,8735700195,0,0,106
4365,0,8737703224,8737703092,0,0,132
4366,0,8739705744,8739705637,0,0,107
4367,0,8741707067,8741706948,0,0,118
4368,0,8743708974,8743708822,0,0,151
4369,0,8745711620,8745711487,0,0,133
4370,0,8747713804,8747713722,0,0,81
4371,0,8749715743,8749715640,0,0,102
4372,0,8751718258,8751718139,0,0,119
4373,0,8753720187,8753720022,0,0,164
4374,0,8755722329,8755722182,0,0,146
4375,0,8757724886,8757724768,0,0,118
4376,0,8759728207,8759728092,0,0,115
4377,0,8761730633,8761730511,0,0,122
4378,0,8763731629,8763731499,0,0,130
4379,0,8765733635,8765733510,0,0,125
4380,0,8767736226,8767736082,0,0,144
4381,0,8769738696,8769738549,0,0,146
4382,0,8771741604,8771741501,0,0,103
4383,0,8773743232,8773743106,0,0,125
4384,0,8775745325,8775745171,0,0,153
4385,0,8777746613,8777746488,0,0,124
4386,0,8779749512,8779749375,0,0,137
4387,0,8781751215,8781751067,0,0,148
4388,0,8783754168,8783754058,0,0,110
4389,0,8785757429,8785757324,0,0,104
4390,0,8787758215,8787758146,0,0,69
4391,0,8789760436,8789760348,0,0,88
4392,0,8791762672,8791762572,0,0,100
4393,0,8793764865,8793764761,0,0,103
4394,0,8795767300,8795767223,0,0,76
4395,0,8797769591,8797769503,0,0,87
4396,0,8799772643,8799772530,0,0,112
4397,0,8801774414,8801774282,0,0,132
4398,0,8803776750,8803776602,0,0,148
4399,0,8805778092,8805777971,0,0,120
4400,0,8807780325,8807780185,0,0,140
4401,0,8809782498,8809782375,0,0,122
4402,0,8811784957,8811784852,0,0,104
4403,0,8813786731,8813786599,0,0,132
4404,0,8815789176,8815789070,0,0,105
4405,0,8817791056,8817790939,0,0,116
4406,0,8819793745,8819793657,0,0,87
4407,0,8821795525,8821795421,0,0,104
4408,0,8823797952,8823797849,0,0,103
4409,0,8825799930,8825799804,0,0,126
4410,0,8827802688,8827802586,0,0,102
4411,0,8829804973,8829804864,0,0,108
4412,0,8831807560,8831807449,0,0,110
4413,0,8833809405,8833809292,0,0,112
4414,0,8835811465,8835811366,0,0,98
4415,0,8837814520,8837814413,0,0,106
4416,0,8839815947,8839815829,0,0,117
4417,0,8841818457,8841818336,0,0,121
4418,0,8843820606,8843820524,0,0,82
4419,0,8845822381,8845822256,0,0,124
4420,0,8847825211,8847825097,0,0,114
4421,0,8849826872,8849826751,0,0,121
4422,0,8851829397,8851829270,0,0,127
4423,0,8853831386,8853831240,0,0,146
4424,0,8855833930,8855833779,0,0,150
4425,0,8857835847,8857835722,0,0,124
4426,0,8859838395,8859838286,0,0,108
4427,0,8861841901,8861841767,0,0,133
4428,0,8863842783,8863842671,0,0,111
4429,0,8865845914,8865845763,0,0,150
4430,0,8867848424,8867848284,0,0,139
4431,0,8869849609,8869849523,0,0,85
4432,0,8871852111,8871851984,0,0,126
4433,0,8873854359,8873854214,0,0,144
4434,0,8875857494,8875857356,0,0,138
4435,0,8877859953,8877859815,0,0,138
4436,0,8879862057,8879861953,0,0,103
4437,0,8881863724,8881863593,0,0,131
4438,0,8883865127,8883865004,0,0,122
4439,0,8885867353,8885867242,0,0,110
4440,0,8887869443,8887869330,0,0,112
4441,0,8889871968,8889871807,0,0,161
4442,0,8891874255,8891874130,0,0,124
4443,0,8893877200,8893877058,0,0,141
4444,0,8895878723,8895878606,0,0,116
4445,0,8897880658,8897880529,0,0,129
4446,0,8899882939,8899882802,0,0,137
4447,0,8901885119,8901884992,0,0,126
4448,0,8903887301,8903887193,0,0,107
4449,0,8905890141,8905889995,0,0,146
4450,0,8907893261,8907893158,0,0,103
4451,0,8909894933,8909894784,0,0,148
4452,0,8911896495,8911896384,0,0,110
4453,0,8913898759,8913898634,0,0,125
4454,0,8915901524,8915901435,0,0,89
4455,0,8917902305,8917902194,0,0,110
4456,0,8919905444,8919905319,0,0,124
4457,0,8921907959,8921907851,0,0,107
4458,0,8923910123,8923910000,0,0,123
4459,0,8925912523,8925912417,0,0,106
4460,0,8927913973,8927913847,0,0,126
4461,0,8929917173,8929917034,0,0,138
4462,0,8931919813,8931919714,0,0,98
4463,0,8933921042,8933920935,0,0,106
4464,0,8935922474,8935922328,0,0,145
4465,0,8937925203,8937925056,0,0,146
4466,0,8939927054,8939926971,0,0,83
4467,0,8941929027,8941928878,0,0,148
4468,0,8943931448,8943931338,0,0,110
4469,0,8945933712,8945933604,0,0,108
4470,0,8947935766,8947935611,0,0,154
4471,0,8949938279,8949938132,0,0,146
4472,0,8951940293,8951940184,0,0,108
4473,0,8953942888,8953942766,0,0,122
4474,0,8955945482,8955945361,0,0,120
4475,0,8957948701,8957948585,0,0,116
4476,0,8959949808,8959949683,0,0,125
4477,0,8961952961,8961952821,0,0,139
4478,0,8963954035,8963953931,0,0,104
4479,0,8965956328,8965956202,0,0,126
4480,0,8967958258,8967958129,0,0,129
4481,0,8969960747,8969960622,0,0,125
4482,0,8971963153,8971963040,0,0,112
4483,0,8973964912,8973964777,0,0,134
4484,0,8975967584,8975967443,0,0,140
4485,0,8977969443,8977969292,0,0,151
4486,0,8979971340,8979971215,0,0,125
4487,0,8981973858,8981973755,0,0,103
4488,0,8983976430,8983976311,0,0,119
4489,0,8985978444,8985978319,0,0,124
4490,0,8987980671,8987980557,0,0,114
4491,0,8989982563,8989982420,0,0,142
4492,0,8991985389,8991985273,0,0,116
4493,0,8993989299,8993989181,0,0,118
4494,0,8995990073,8995989932,0,0,141
4495,0,8997992253,8997992140,0,0,112
4496,0,8999994910,8999994752,0,0,157
4497,0,9001996256,9001996127,0,0,128
4498,0,9003997940,9003997835,0,0,104
4499,0,9006000614,9006000511,0,0,103
4500,0,9008002948,9008002844,0,0,104
4501,0,9010004940,9010004817,0,0,122
4502,0,9012007557,9012007477,0,0,80
4503,0,9014009797,9014009669,0,0,128
4504,0,9016011414,9016011303,0,0,110
4505,0,9018013867,9018013724,0,0,143
4506,0,9020016643,9020016537,0,0,106
4507,0,9022019774,9022019689,0,0,84
4508,0,9024020513,9024020404,0,0,108
4509,0,9026022433,9026022292,0,0,141
4510,0,9028025209,9028025096,0,0,112
4511,0,9030027800,9030027694,0,0,106
4512,0,9032030667,9032030550,0,0,116
4513,0,9034031751,9034031629,0,0,122
4514,0,9036034413,9036034310,0,0,102
4515,0,9038037640,9038036881,0,0,759
4516,0,9040038590,9040038506,0,0,83
4517,0,9042041000,9042040871,0,0,128
4518,0,9044042583,9044042478,0,0,104
4519,0,9046045084,9046044975,0,0,108
4520,0,9048047284,9048047158,0,0,125
4521,0,9050049817,9050049669,0,0,148
4522,0,9052052188,9052052075,0,0,112
4523,0,9054055155,9054055047,0,0,107
4524,0,9056056314,9056056211,0,0,102
4525,0,9058058739,9058058624,0,0,114
4526,0,9060060772,9060060649,0,0,122
4527,0,9062065896,9062065791,0,0,105
4528,0,9064067139,9064067020,0,0,118
4529,0,9066067015,9066066911,0,0,103
4530,0,9068069460,9068069352,0,0,107
4531,0,9070071690,9070071556,0,0,134
4532,0,9072075163,9072075044,0,0,118
4533,0,9074076203,9074076074,0,0,128
4534,0,9076078333,9076078202,0,0,130
4535,0,9078080674,9078080567,0,0,107
4536,0,9080082948,9080082847,0,0,101
4537,0,9082085028,9082084891,0,0,137
4538,0,9084088213,9084088104,0,0,109
4539,0,9086090532,9086090422,0,0,110
4540,0,9088092026,9088091909,0,0,116
4541,0,9090094312,9090094195,0,0,116
4542,0,9092095864,9092095786,0,0,77
4543,0,9094098836,9094098728,0,0,107
4544,0,9096100527,9096100423,0,0,103
4545,0,9098103359,9098103231,0,0,128
4546,0,9100105158,9100105069,0,0,88
4547,0,9102107021,9102106887,0,0,134
4548,0,9104110251,9104110120,0,0,131
4549,0,9106113285,9106113159,0,0,125
4550,0,9108114119,9108114017,0,0,102
4551,0,9110117435,9110117309,0,0,126
4552,0,9112119381,9112119258,0,0,123
4553,0,9114121755,9114121606,0,0,148
4554,0,9116123637,9116123516,0,0,121
4555,0,9118126260,9118126123,0,0,136
4556,0,9120127475,9120127356,0,0,119
4557,0,9122130692,9122130543,0,0,148
4558,0,9124132810,9124132728,0,0,82
4559,0,9126134357,9126134209,0,0,147
4560,0,9128136498,9128136366,0,0,131
4561,0,9130138935,9130138804,0,0,130
4562,0,9132141332,9132141227,0,0,104
4563,0,9134143775,9134143664,0,0,111
4564,0,9136145831,9136145710,0,0,120
4565,0,9138147448,9138147309,0,0,139
4566,0,9140150090,9140149981,0,0,109
4567,0,9142151299,9142151173,0,0,125
4568,0,9144153056,9144152909,0,0,146
4569,0,9146156604,9146156478,0,0,126
4570,0,9148159246,9148159119,0,0,127
4571,0,9150163268,9150163128,0,0,140
4572,0,9152163594,9152163464,0,0,130
4573,0,9154166746,9154166599,0,0,146
4574,0,9156167651,9156167541,0,0,110
4575,0,9158169897,9158169757,0,0,140
4576,0,9160171941,9160171819,0,0,121
4577,0,9162175213,9162175038,0,0,174
4578,0,9164176319,9164176175,0,0,144
4579,0,9166178379,9166178212,0,0,167
4580,0,9168181462,9168181321,0,0,141
4581,0,9170183932,9170183786,0,0,146
4582,0,9172186196,9172186108,0,0,87
4583,0,9174188671,9174188520,0,0,150
4584,0,9176189606,9176189453,0,0,152
4585,0,9178191818,9178191662,0,0,156
4586,0,9180194235,9180194098,0,0,137
4587,0,9182196711,9182196562,0,0,148
4588,0,9184199175,9184199039,0,0,136
4589,0,9186202053,9186201905,0,0,147
4590,0,9188204324,9188204195,0,0,128
4591,0,9190205532,9190205383,0,0,148
4592,0,9192207063,9192206946,0,0,116
4593,0,9194209333,9194209186,0,0,146
4594,0,9196211644,9196211546,0,0,98
4595,0,9198213826,9198213685,0,0,141
4596,0,9200216708,9200216590,0,0,118
4597,0,9202218541,9202218393,0,0,148
4598,0,9204221282,9204221179,0,0,103
4599,0,9206223175,9206223046,0,0,129
4600,0,9208225035,9208224909,0,0,125
4601,0,9210227603,9210227462,0,0,141
4602,0,9212230326,9212230202,0,0,123
4603,0,9214232761,9214232613,0,0,148
4604,0,9216234353,9216234251,0,0,102
4605,0,9218236184,9218236058,0,0,126
4606,0,9220238732,9220238597,0,0,134
4607,0,9222241466,9222241353,0,0,112
4608,0,9224242777,9224242677,0,0,99
4609,0,9226244927,9226244802,0,0,124
4610,0,9228248582,9228248472,0,0,109
4611,0,9230250463,9230250330,0,0,132
4612,0,9232252344,9232252240,0,0,104
4613,0,9234254195,9234254067,0,0,128
4614,0,9236256388,9236256256,0,0,131
4615,0,9238258834,9238258725,0,0,108
4616,0,9240260994,9240260865,0,0,129
4617,0,9242262927,9242262803,0,0,123
4618,0,9244265659,9244265555,0,0,104
4619,0,9246267085,9246266976,0,0,109
4620,0,9248269690,9248269577,0,0,112
4621,0,9250272563,9250272452,0,0,110
4622,0,9252275186,9252275074,0,0,112
4623,0,9254277148,9254277035,0,0,112
4624,0,9256279786,9256279665,0,0,120
4625,0,9258281560,9258281435,0,0,124
4626,0,9260284249,9260284179,0,0,69
4627,0,9262286448,9262286341,0,0,107
4628,0,9264287946,9264287841,0,0,104
4629,0,9266290620,9266290487,0,0,132
4630,0,9268291844,9268291736,0,0,108
4631,0,9270294588,9270294481,0,0,106
4632,0,9272296200,9272296096,0,0,104
4633,0,9274298113,9274298005,0,0,107
4634,0,9276300364,9276300245,0,0,118
4635,0,9278303855,9278303732,0,0,123
4636,0,9280305934,9280305795,0,0,139
4637,0,9282308297,9282308188,0,0,108
4638,0,9284310010,9284309909,0,0,101
4639,0,9286312763,9286312657,0,0,105
4640,0,9288315112,9288314989,0,0,123
4641,0,9290316096,9290315973,0,0,122
4642,0,9292319581,9292319453,0,0,127
4643,0,9294322766,9294322635,0,0,130
4644,0,9296324615,9296324492,0,0,122
4645,0,9298326530,9298326414,0,0,115
4646,0,9300327615,9300327504,0,0,110
4647,0,9302329879,9302329795,0,0,84
4648,0,9304333351,9304333265,0,0,85
4649,0,9306334108,9306333982,0,0,125
4650,0,9308336546,9308336459,0,0,86
4651,0,9310338804,9310338687,0,0,116
4652,0,9312340915,9312340833,0,0,82
4653,0,9314343608,9314343503,0,0,105
4654,0,9316345593,9316345480,0,0,112
4655,0,9318347380,9318347267,0,0,112
4656,0,9320349198,9320349062,0,0,136
4657,0,9322351705,9322351593,0,0,112
4658,0,9324355373,9324355256,0,0,116
4659,0,9326356229,9326356096,0,0,132
4660,0,9328359237,9328359135,0,0,101
4661,0,9330362142,9330362031,0,0,110
4662,0,9332363154,9332363074,0,0,80
4663,0,9334365244,9334365143,0,0,101
4664,0,9336367984,9336367859,0,0,124
4665,0,9338370587,9338370478,0,0,109
4666,0,9340374042,9340373928,0,0,113
4667,0,9342375296,9342375194,0,0,102
4668,0,9344377761,9344377651,0,0,110
4669,0,9346378898,9346378764,0,0,134
4670,0,9348380871,9348380752,0,0,118
4671,0,9350383485,9350383368,0,0,116
4672,0,9352385727,9352385593,0,0,133
4673,0,9354387996,9354387871,0,0,125
4674,0,9356389802,9356389694,0,0,108
4675,0,9358392283,9358392180,0,0,103
4676,0,9360394757,9360394640,0,0,116
4677,0,9362397426,9362397305,0,0,121
4678,0,9364398559,9364398434,0,0,124
4679,0,9366400517,9366400384,0,0,133
4680,0,9368403186,9368403069,0,0,116
4681,0,9370405417,9370405295,0,0,122
4682,0,9372408096,9372407981,0,0,115
4683,0,9374411107,9374410976,0,0,130
4684,0,9376412316,9376412208,0,0,107
4685,0,9378415182,9378415049,0,0,132
4686,0,9380417476,9380417346,0,0,130
4687,0,9382420293,9382420170,0,0,123
4688,0,9384422148,9384421983,0,0,164
4689,0,9386422890,9386422766,0,0,123
4690,0,9388425109,9388425006,0,0,102
4691,0,9390427714,9390427600,0,0,114
4692,0,9392430011,9392429866,0,0,144
4693,0,9394432584,9394432426,0,0,158
4694,0,9396434217,9396434096,0,0,120
4695,0,9398436456,9398436306,0,0,150
4696,0,9400438867,9400438675,0,0,192
4697,0,9402441048,9402440907,0,0,141
4698,0,9404443348,9404443175,0,0,173
4699,0,9406445514,9406445370,0,0,143
4700,0,9408448262,9408448141,0,0,121
4701,0,9410451116,9410450984,0,0,132
4702,0,9412452261,9412452183,0,0,78
4703,0,9414454792,9414454669,0,0,122
4704,0,9416457127,9416457001,0,0,125
4705,0,9418460122,9418459988,0,0,134
4706,0,9420461344,9420461229,0,0,115
4707,0,9422464450,9422464307,0,0,142
4708,0,9424465961,9424465825,0,0,136
4709,0,9426467945,9426467802,0,0,142
4710,0,9428470043,9428469917,0,0,125
4711,0,9430471966,9430471824,0,0,142
4712,0,9432474678,9432474545,0,0,132
4713,0,9434476121,9434475997,0,0,124
4714,0,9436479335,9436479191,0,0,144
4715,0,9438482284,9438482159,0,0,124
4716,0,9440483968,9440483829,0,0,139
4717,0,9442486590,9442486435,0,0,155
4718,0,9444488521,9444488397,0,0,124
4719,0,9446491654,9446491510,0,0,144
4720,0,9448492938,9448492789,0,0,148
4721,0,9450494222,9450494078,0,0,144
4722,0,9452496388,9452496287,0,0,101
4723,0,9454499181,9454499038,0,0,142
4724,0,9456501660,9456501533,0,0,126
4725,0,9458503539,9458503382,0,0,157
4726,0,9460506451,9460506348,0,0,103
4727,0,9462509380,9462509250,0,0,130
4728,0,9464510087,9464510009,0,0,77
4729,0,9466512325,9466512197,0,0,128
4730,0,9468514952,9468514840,0,0,112
4731,0,9470517691,9470517542,0,0,148
4732,0,9472519344,9472519239,0,0,105
4733,0,9474522179,9474522038,0,0,141
4734,0,9476523912,9476523779,0,0,132
4735,0,9478527211,9478527077,0,0,134
4736,0,9480529529,9480529388,0,0,141
4737,0,9482531301,9482531176,0,0,125
4738,0,9484532433,9484532301,0,0,132
4739,0,9486534505,9486534380,0,0,125
4740,0,9488537133,9488537165,0,0,-31
4741,0,9490539096,9490538979,0,0,117
4742,0,9492542184,9492542092,0,0,91
4743,0,9494544267,9494544164,0,0,103
4744,0,9496545624,9496545504,0,0,119
4745,0,9498548854,9498548737,0,0,116
4746,0,9500550398,9500550289,0,0,108
4747,0,9502553052,9502552921,0,0,131
4748,0,9504554852,9504554738,0,0,114
4749,0,9506557049,9506556932,0,0,116
4750,0,9508558909,9508558839,0,0,69
4751,0,9510561695,9510561587,0,0,107
4752,0,9512564314,9512564186,0,0,127
4753,0,9514566132,9514566028,0,0,103
4754,0,9516569516,9516569413,0,0,103
4755,0,9518570851,9518570739,0,0,112
4756,0,9520572875,9520572764,0,0,110
4757,0,9522575621,9522575484,0,0,137
4758,0,9524577400,9524577297,0,0,102
4759,0,9526580355,9526580246,0,0,108
4760,0,9528581418,9528581298,0,0,120
4761,0,9530583404,9530583271,0,0,132
4762,0,9532585840,9532585732,0,0,107
4763,0,9534587939,9534587815,0,0,123
4764,0,9536590615,9536590512,0,0,103
4765,0,9538593570,9538593453,0,0,116
4766,0,9540594501,9540594401,0,0,100
4767,0,9542597006,9542596867,0,0,139
4768,0,9544598875,9544598775,0,0,100
4769,0,9546601288,9546601166,0,0,122
4770,0,9548603386,9548603284,0,0,102
4771,0,9550605403,9550605287,0,0,116
4772,0,9552608559,9552608436,0,0,122
4773,0,9554610859,9554610745,0,0,114
4774,0,9556612069,9556611986,0,0,83
4775,0,9558614708,9558614562,0,0,146
4776,0,9560616773,9560616671,0,0,102
4777,0,9562619975,9562619853,0,0,121
4778,0,9564621575,9564621465,0,0,110
4779,0,9566623279,9566623163,0,0,116
4780,0,9568626094,9568625983,0,0,110
4781,0,9570628247,9570628140,0,0,107
4782,0,9572630124,9572630020,0,0,103
4783,0,9574632590,9574632449,0,0,140
4784,0,9576635486,9576635377,0,0,108
4785,0,9578637011,9578636898,0,0,112
4786,0,9580639295,9580639192,0,0,103
4787,0,9582640723,9582640620,0,0,103
4788,0,9584643797,9584643672,0,0,124
4789,0,9586645834,9586645724,0,0,110
4790,0,9588648053,9588647928,0,0,124
4791,0,9590649980,9590649876,0,0,104
4792,0,9592652246,9592652160,0,0,85
4793,0,9594655072,9594654928,0,0,143
4794,0,9596657146,9596657044,0,0,101
4795,0,9598659756,9598659649,0,0,107
4796,0,9600662410,9600662301,0,0,108
4797,0,9602663370,9602663243,0,0,126
4798,0,9604666198,9604666115,0,0,83
4799,0,9606667728,9606667611,0,0,116
4800,0,9608670486,9608670383,0,0,103
4801,0,9610672501,9610672385,0,0,116
4802,0,9612674795,9612674692,0,0,103
4803,0,9614676617,9614676510,0,0,107
4804,0,9616679355,9616679230,0,0,124
4805,0,9618681746,9618681615,0,0,130
4806,0,9620683217,9620683086,0,0,131
4807,0,9622685562,9622685431,0,0,131
4808,0,9624687758,9624687675,0,0,83
4809,0,9626689957,9626689839,0,0,118
4810,0,9628692509,9628692388,0,0,120
4811,0,9630694492,9630694375,0,0,117
4812,0,9632697499,9632697363,0,0,136
4813,0,9634700938,9634700757,0,0,180
4814,0,9636702386,9636702233,0,0,152
4815,0,9638703632,9638703485,0,0,146
4816,0,9640706309,9640706161,0,0,147
4817,0,9642708570,9642708414,0,0,156
4818,0,9644709920,9644709817,0,0,103
4819,0,9646712417,9646712254,0,0,162
4820,0,9648715263,9648715134,0,0,129
4821,0,9650717597,9650717472,0,0,125
4822,0,9652718722,9652718617,0,0,104
4823,0,9654721603,9654721484,0,0,119
4824,0,9656724735,9656724602,0,0,133
4825,0,9658725946,9658725800,0,0,145
4826,0,9660727754,9660727626,0,0,127
4827,0,9662731968,9662731844,0,0,123
4828,0,9664733647,9664733534,0,0,112
4829,0,9666734607,9666734490,0,0,116
4830,0,9668736646,9668736568,0,0,77
4831,0,9670739382,9670739269,0,0,113
4832,0,9672741231,9672741116,0,0,114
4833,0,9674743660,9674743541,0,0,118
4834,0,9676745766,9676745660,0,0,106
4835,0,9678748389,9678748269,0,0,119
4836,0,9680750954,9680750820,0,0,133
4837,0,9682753894,9682753746,0,0,148
4838,0,9684755016,9684754899,0,0,116
4839,0,9686757240,9686757107,0,0,133
4840,0,9688758652,9688758532,0,0,120
4841,0,9690761085,9690760943,0,0,142
4842,0,9692763568,9692763423,0,0,144
4843,0,9694766200,9694766044,0,0,155
4844,0,9696766741,9696766615,0,0,125
4845,0,9698770650,9698770536,0,0,114
4846,0,9700772247,9700772164,0,0,83
4847,0,9702774543,9702774440,0,0,103
4848,0,9704777137,9704777013,0,0,123
4849,0,9706779493,9706779379,0,0,114
4850,0,9708781185,9708781083,0,0,102
4851,0,9710783328,9710783202,0,0,125
4852,0,9712784893,9712784752,0,0,140
4853,0,9714787928,9714787768,0,0,160
4854,0,9716790341,9716790202,0,0,139
4855,0,9718792210,9718792073,0,0,137
4856,0,9720795134,9720795010,0,0,124
4857,0,9722797365,9722797236,0,0,128
4858,0,9724800550,9724800434,0,0,115
4859,0,9726801157,9726801010,0,0,146
4860,0,9728803839,9728803736,0,0,103
4861,0,9730805770,9730805613,0,0,157
4862,0,9732809148,9732809019,0,0,129
4863,0,9734810331,9734810194,0,0,137
4864,0,9736813018,9736812889,0,0,129
4865,0,9738815054,9738814910,0,0,144
4866,0,9740817373,9740817232,0,0,141
4867,0,9742819570,9742819440,0,0,130
4868,0,9744821905,9744821805,0,0,100
4869,0,9746824860,9746824757,0,0,103
4870,0,9748825989,9748825884,0,0,105
4871,0,9750827715,9750827631,0,0,83
4872,0,9752830461,9752830352,0,0,109
4873,0,9754832649,9754832525,0,0,123
4874,0,9756834683,9756834573,0,0,110
4875,0,9758837007,9758836889,0,0,118
4876,0,9760839386,9760839287,0,0,98
4877,0,9762843896,9762843786,0,0,110
4878,0,9764844166,9764844051,0,0,114
4879,0,9766846294,9766846193,0,0,101
4880,0,9768848676,9768848552,0,0,124
4881,0,9770850702,9770850589,0,0,112
4882,0,9772852597,9772852494,0,0,103
4883,0,9774854871,9774854763,0,0,107
4884,0,9776857386,9776857274,0,0,112
4885,0,9778859292,9778859180,0,0,112
4886,0,9780861961,9780861822,0,0,139
4887,0,9782864143,9782863999,0,0,144
4888,0,9784866152,9784866017,0,0,134
4889,0,9786868129,9786868026,0,0,102
4890,0,9788870766,9788870633,0,0,132
4891,0,9790872905,9790872790,0,0,115
4892,0,9792875074,9792874975,0,0,98
4893,0,9794876676,9794876548,0,0,128
4894,0,9796879404,9796879274,0,0,130
4895,0,9798881229,9798881121,0,0,107
4896,0,9800883628,9800883521,0,0,106
4897,0,9802885732,9802885613,0,0,118
4898,0,9804888791,9804888668,0,0,122
4899,0,9806891269,9806891168,0,0,101
4900,0,9808892789,9808892659,0,0,130
4901,0,9810896005,9810895885,0,0,120
4902,0,9812897346,9812897238,0,0,108
4903,0,9814899143,9814899016,0,0,126
4904,0,9816901528,9816901424,0,0,103
4905,0,9818903777,9818903645,0,0,131
4906,0,9820906348,9820906249,0,0,98
4907,0,9822909071,9822908939,0,0,132
4908,0,9824910928,9824910784,0,0,144
4909,0,9826912769,9826912653,0,0,116
4910,0,9828915236,9828915112,0,0,124
4911,0,9830917754,9830917627,0,0,126
4912,0,9832920624,9832920495,0,0,128
4913,0,9834921315,9834921193,0,0,122
4914,0,9836923260,9836923128,0,0,131
4915,0,9838926310,9838926179,0,0,130
4916,0,9840928770,9840928666,0,0,104
4917,0,9842931889,9842931771,0,0,118
4918,0,9844932994,9844932916,0,0,77
4919,0,9846935217,9846935108,0,0,108
4920,0,9848938996,9848938911,0,0,85
4921,0,9850939133,9850939006,0,0,126
4922,0,9852942271,9852942186,0,0,85
4923,0,9854944530,9854944426,0,0,103
4924,0,9856946169,9856946046,0,0,123
4925,0,9858948044,9858947926,0,0,117
4926,0,9860950360,9860950238,0,0,122
4927,0,9862954629,9862954495,0,0,134
4928,0,9864955959,9864955849,0,0,110
4929,0,9866957509,9866957396,0,0,112
4930,0,9868960048,9868959959,0,0,89
4931,0,9870961446,9870961312,0,0,134
4932,0,9872964119,9872963975,0,0,143
4933,0,9874966065,9874965934,0,0,130
4934,0,9876968226,9876968096,0,0,130
4935,0,9878970659,9878970505,0,0,154
4936,0,9880972829,9880972701,0,0,128
4937,0,9882974863,9882974712,0,0,150
4938,0,9884977878,9884977743,0,0,135
4939,0,9886980471,9886980343,0,0,128
4940,0,9888981651,9888981537,0,0,114
4941,0,9890985957,9890985839,0,0,118
4942,0,9892987383,9892987260,0,0,122
4943,0,9894988608,9894988487,0,0,121
4944,0,9896991058,9896990926,0,0,132
4945,0,9898994762,9898994595,0,0,166
4946,0,9900996862,9900996757,0,0,104
4947,0,9902998608,9902998451,0,0,157
4948,0,9904999789,9904999707,0,0,82
4949,0,9907001901,9907001758,0,0,142
4950,0,9909004332,9909004242,0,0,89
4951,0,9911007449,9911007319,0,0,130
4952,0,9913008456,9913008347,0,0,108
4953,0,9915010166,9915010035,0,0,130
4954,0,9917013481,9917013359,0,0,122
4955,0,9919015978,9919015860,0,0,118
4956,0,9921017344,9921017195,0,0,148
4957,0,9923019271,9923019144,0,0,126
4958,0,9925021893,9925021744,0,0,148
4959,0,9927024107,9927023988,0,0,118
4960,0,9929026861,9929026734,0,0,126
4961,0,9931027955,9931027819,0,0,136
4962,0,9933030603,9933030631,0,0,-27
4963,0,9935033150,9935033022,0,0,127
4964,0,9937035202,9937035085,0,0,116
4965,0,9939037187,9939037062,0,0,124
4966,0,9941039719,9941039588,0,0,130
4967,0,9943041283,9943041164,0,0,118
4968,0,9945044070,9945043952,0,0,118
4969,0,9947046122,9947046000,0,0,122
4970,0,9949048122,9949048009,0,0,112
4971,0,9951050525,9951050384,0,0,141
4972,0,9953052993,9953052861,0,0,132
4973,0,9955055431,9955055306,0,0,124
4974,0,9957057137,9957056988,0,0,148
4975,0,9959059705,9959059592,0,0,112
4976,0,9961061568,9961061449,0,0,119
4977,0,9963065849,9963065722,0,0,126
4978,0,9965067451,9965067361,0,0,89
4979,0,9967069207,9967069065,0,0,142
4980,0,9969070757,9969070613,0,0,144
4981,0,9971072953,9971072817,0,0,136
4982,0,9973075426,9973075309,0,0,117
4983,0,9975077095,9975076948,0,0,146
4984,0,9977079841,9977079724,0,0,116
4985,0,9979082017,9979081888,0,0,128
4986,0,9981084406,9981084279,0,0,127
4987,0,9983087588,9983087455,0,0,132
4988,0,9985088379,9985088262,0,0,116
4989,0,9987090552,9987090410,0,0,142
4990,0,9989092595,9989092453,0,0,141
4991,0,9991095286,9991095172,0,0,114
4992,0,9993097033,9993096880,0,0,152
4993,0,9995099260,9995099282,0,0,-21
4994,0,9997101705,9997101565,0,0,140
4995,0,9999103846,9999103729,0,0,116
4996,0,10001106348,10001106233,0,0,115
4997,0,10003108638,10003108498,0,0,139
4998,0,10005111504,10005111361,0,0,142
4999,0,10007113092,10007112977,0,0,114
5000,0,10009114837,10009114711,0,0,125
5001,0,10011117530,10011117406,0,0,123
5002,0,10013119506,10013119379,0,0,127
5003,0,10015122011,10015121845,0,0,166
5004,0,10017123981,10017123853,0,0,127
5005,0,10019126674,10019126537,0,0,136
5006,0,10021128991,10021128869,0,0,121
5007,0,10023130833,10023130701,0,0,132
5008,0,10025132868,10025132740,0,0,128
5009,0,10027134928,10027134814,0,0,114
5010,0,10029137183,10029137062,0,0,120
5011,0,10031139316,10031139191,0,0,125
5012,0,10033142044,10033141914,0,0,130
5013,0,10035144010,10035143874,0,0,136
5014,0,10037145973,10037145857,0,0,116
5015,0,10039148561,10039148430,0,0,131
5016,0,10041150468,10041150346,0,0,122
5017,0,10043152702,10043152577,0,0,124
5018,0,10045156310,10045156193,0,0,116
5019,0,10047157776,10047157640,0,0,135
5020,0,10049160011,10049159903,0,0,107
5021,0,10051163273,10051163146,0,0,126
5022,0,10053164797,10053164690,0,0,106
5023,0,10055166256,10055166146,0,0,110
5024,0,10057168603,10057168484,0,0,119
5025,0,10059170191,10059170074,0,0,116
5026,0,10061172874,10061172770,0,0,103
5027,0,10063176135,10063176018,0,0,116
5028,0,10065177262,10065177159,0,0,103
5029,0,10067179575,10067179453,0,0,122
5030,0,10069182060,10069181974,0,0,86
5031,0,10071184109,10071184002,0,0,107
5032,0,10073186435,10073186313,0,0,121
5033,0,10075188467,10075188361,0,0,105
5034,0,10077191044,10077190941,0,0,102
5035,0,10079194139,10079194033,0,0,106
5036,0,10081195701,10081195584,0,0,116
5037,0,10083199041,10083198912,0,0,128
5038,0,10085200872,10085200787,0,0,85
5039,0,10087202069,10087201934,0,0,134
5040,0,10089203819,10089203719,0,0,100
5041,0,10091206337,10091206215,0,0,121
5042,0,10093208067,10093207962,0,0,104
5043,0,10095210820,10095210708,0,0,111
5044,0,10097212905,10097212779,0,0,125
5045,0,10099215375,10099215245,0,0,130
5046,0,10101217793,10101217687,0,0,105
5047,0,10103219465,10103219339,0,0,126
5048,0,10105221692,10105221574,0,0,117
5049,0,10107223820,10107223667,0,0,153
5050,0,10109226370,10109226230,0,0,140
5051,0,10111228402,10111228267,0,0,134
5052,0,10113231199,10113231082,0,0,116
5053,0,10115233906,10115233800,0,0,106
5054,0,10117234995,10117234889,0,0,105
5055,0,10119237255,10119237150,0,0,104
5056,0,10121239609,10121239540,0,0,69
5057,0,10123243002,10123242891,0,0,111
5058,0,10125243835,10125243733,0,0,101
5059,0,10127246098,10127245995,0,0,103
5060,0,10129248689,10129248563,0,0,125
5061,0,10131250785,10131250649,0,0,135
5062,0,10133253832,10133253730,0,0,102
5063,0,10135256052,10135255935,0,0,116
5064,0,10137257092,10137256966,0,0,126
5065,0,10139259437,10139259315,0,0,121
5066,0,10141262197,10141262070,0,0,127
5067,0,10143264419,10143264285,0,0,134
5068,0,10145266370,10145266266,0,0,104
5069,0,10147269766,10147269619,0,0,147
5070,0,10149271718,10149271589,0,0,128
5071,0,10151273812,10151273673,0,0,139
5072,0,10153276592,10153276467,0,0,124
5073,0,10155277220,10155277082,0,0,138
5074,0,10157279280,10157279200,0,0,80
5075,0,10159281667,10159281523,0,0,144
5076,0,10161284532,10161284388,0,0,143
5077,0,10163289411,10163289266,0,0,144
5078,0,10165289534,10165289430,0,0,103
5079,0,10167290835,10167290723,0,0,112
5080,0,10169292896,10169292768,0,0,128
5081,0,10171294699,10171294561,0,0,138
5082,0,10173297586,10173297447,0,0,138
5083,0,10175299700,10175299579,0,0,121
5084,0,10177302225,10177302102,0,0,123
5085,0,10179304395,10179304262,0,0,132
5086,0,10181305971,10181305864,0,0,107
5087,0,10183308867,10183308741,0,0,125
5088,0,10185311541,10185311436,0,0,105
5089,0,10187314433,10187314295,0,0,138
5090,0,10189316090,10189315985,0,0,105
5091,0,10191317368,10191317241,0,0,127
5092,0,10193319994,10193319874,0,0,119
5093,0,10195322339,10195322213,0,0,125
5094,0,10197324178,10197324049,0,0,129
5095,0,10199326946,10199326813,0,0,132
5096,0,10201330476,10201330342,0,0,134
5097,0,10203331166,10203331026,0,0,139
5098,0,10205333613,10205333487,0,0,125
5099,0,10207336406,10207336260,0,0,146
5100,0,10209338043,10209337916,0,0,127
5101,0,10211339724,10211339601,0,0,123
5102,0,10213341878,10213341804,0,0,74
5103,0,10215344395,10215344290,0,0,104
5104,0,10217346157,10217346040,0,0,116
5105,0,10219348934,10219348823,0,0,110
5106,0,10221351192,10221351055,0,0,137
5107,0,10223352894,10223352780,0,0,114
5108,0,10225355640,10225355514,0,0,126
5109,0,10227357269,10227357148,0,0,121
5110,0,10229360030,10229359923,0,0,107
5111,0,10231361705,10231361588,0,0,116
5112,0,10233364323,10233364220,0,0,103
5113,0,10235366215,10235366097,0,0,118
5114,0,10237369181,10237369053,0,0,127
5115,0,10239372137,10239372016,0,0,121
5116,0,10241373478,10241373373,0,0,105
5117,0,10243375389,10243375279,0,0,110
5118,0,10245377802,10245377721,0,0,80
5119,0,10247379810,10247379701,0,0,108
5120,0,10249382339,10249382234,0,0,104
5121,0,10251383596,10251383479,0,0,116
5122,0,10253385274,10253385171,0,0,103
5123,0,10255388777,10255388658,0,0,119
5124,0,10257391182,10257391077,0,0,105
5125,0,10259393432,10259393299,0,0,132
5126,0,10261394952,10261394851,0,0,100
5127,0,10263398748,10263398617,0,0,130
5128,0,10265399397,10265399269,0,0,127
5129,0,10267402610,10267402463,0,0,146
5130,0,10269405511,10269405390,0,0,121
5131,0,10271406631,10271406491,0,0,140
5132,0,10273408640,10273408503,0,0,137
5133,0,10275411779,10275411651,0,0,128
5134,0,10277414242,10277414140,0,0,102
5135,0,10279416355,10279416250,0,0,104
5136,0,10281417607,10281417495,0,0,112
5137,0,10283419456,10283419314,0,0,142
5138,0,10285422385,10285422250,0,0,134
5139,0,10287424182,10287424035,0,0,146
5140,0,10289426835,10289426725,0,0,110
5141,0,10291429112,10291428973,0,0,138
5142,0,10293430884,10293430756,0,0,128
5143,0,10295433047,10295432910,0,0,137
5144,0,10297435060,10297434937,0,0,122
5145,0,10299437547,10299437434,0,0,112
5146,0,10301440328,10301440208,0,0,119
5147,0,10303443537,10303443448,0,0,88
5148,0,10305445619,10305445506,0,0,112
5149,0,10307446467,10307446316,0,0,150
5150,0,10309448837,10309448732,0,0,104
5151,0,10311451328,10311451217,0,0,110
5152,0,10313453185,10313453042,0,0,142
5153,0,10315455464,10315455339,0,0,125
5154,0,10317458859,10317458737,0,0,122
5155,0,10319459669,10319459550,0,0,118
5156,0,10321462274,10321462166,0,0,108
5157,0,10323464352,10323464248,0,0,104
5158,0,10325466677,10325466574,0,0,103
5159,0,10327468710,10327468596,0,0,114
5160,0,10329471811,10329471723,0,0,87
5161,0,10331474241,10331474124,0,0,116
5162,0,10333475970,10333475862,0,0,107
5163,0,10335478179,10335478076,0,0,103
5164,0,10337480123,10337480020,0,0,103
5165,0,10339482150,10339482027,0,0,122
5166,0,10341484178,10341484089,0,0,88
5167,0,10343486374,10343486256,0,0,117
5168,0,10345488441,10345488309,0,0,132
5169,0,10347491092,10347490979,0,0,112
5170,0,10349493052,10349492946,0,0,105
5171,0,10351495306,10351495204,0,0,102
5172,0,10353498075,10353497986,0,0,88
5173,0,10355499779,10355499651,0,0,128
5174,0,10357503166,10357503079,0,0,86
5175,0,10359504056,10359503939,0,0,116
5176,0,10361506939,10361506836,0,0,103
5177,0,10363510039,10363509932,0,0,106
5178,0,10365511673,10365511591,0,0,82
5179,0,10367514094,10367513989,0,0,104
5180,0,10369515491,10369515377,0,0,114
5181,0,10371518030,10371517898,0,0,131
5182,0,10373519431,10373519328,0,0,103
5183,0,10375522316,10375522184,0,0,132
5184,0,10377524402,10377524267,0,0,134
5185,0,10379526927,10379526768,0,0,158
5186,0,10381528698,10381528571,0,0,126
5187,0,10383531168,10383531040,0,0,127
5188,0,10385533614,10385533500,0,0,114
5189,0,10387535391,10387535228,0,0,162
5190,0,10389537847,10389537759,0,0,87
5191,0,10391539540,10391539426,0,0,114
5192,0,10393542105,10393542000,0,0,105
5193,0,10395545426,10395545305,0,0,121
5194,0,10397547817,10397547702,0,0,115
5195,0,10399549669,10399549537,0,0,132
5196,0,10401551318,10401551195,0,0,123
5197,0,10403553791,10403553650,0,0,141
5198,0,10405556083,10405555955,0,0,128
5199,0,10407557755,10407557621,0,0,134
5200,0,10409559919,10409559791,0,0,128
5201,0,10411562082,10411561965,0,0,116
5202,0,10413564466,10413564354,0,0,112
5203,0,10415566612,10415566505,0,0,106
5204,0,10417569133,10417569008,0,0,124
5205,0,10419571169,10419571026,0,0,142
5206,0,10421573358,10421573212,0,0,146
5207,0,10423575242,10423575110,0,0,132
5208,0,10425577413,10425577283,0,0,129
5209,0,10427579950,10427579803,0,0,146
5210,0,10429582326,10429582212,0,0,114
5211,0,10431584173,10431584026,0,0,146
5212,0,10433586550,10433586405,0,0,144
5213,0,10435589589,10435589442,0,0,146
5214,0,10437591131,10437590986,0,0,145
5215,0,10439593349,10439593188,0,0,160
5216,0,10441596213,10441596089,0,0,124
5217,0,10443599316,10443599164,0,0,152
5218,0,10445600597,10445600489,0,0,108
5219,0,10447602426,10447602292,0,0,134
5220,0,10449604669,10449604546,0,0,122
5221,0,10451607981,10451607854,0,0,126
5222,0,10453610536,10453610452,0,0,83
5223,0,10455611767,10455611644,0,0,122
5224,0,10457612805,10457612660,0,0,144
5225,0,10459614407,10459614276,0,0,130
5226,0,10461618065,10461617959,0,0,105
5227,0,10463621110,10463620999,0,0,110
5228,0,10465622800,10465622679,0,0,120
5229,0,10467625967,10467625829,0,0,138
5230,0,10469627451,10469627348,0,0,103
5231,0,10471629200,10471629093,0,0,106
5232,0,10473632066,10473631949,0,0,116
5233,0,10475632923,10475632803,0,0,120
5234,0,10477635306,10477635202,0,0,104
5235,0,10479637825,10479637698,0,0,126
5236,0,10481639863,10481639758,0,0,105
5237,0,10483642480,10483642358,0,0,122
5238,0,10485644804,10485644719,0,0,85
5239,0,10487646923,10487646811,0,0,112
5240,0,10489649167,10489649093,0,0,74
5241,0,10491651416,10491651293,0,0,123
5242,0,10493654125,10493654041,0,0,84
5243,0,10495656838,10495656725,0,0,112
5244,0,10497657564,10497657458,0,0,105
5245,0,10499659833,10499659708,0,0,124
5246,0,10501662440,10501662316,0,0,124
5247,0,10503664779,10503664656,0,0,122
5248,0,10505667083,10505666975,0,0,108
5249,0,10507668720,10507668597,0,0,122
5250,0,10509671466,10509671395,0,0,70
5251,0,10511675856,10511675747,0,0,108
5252,0,10513676711,10513676594,0,0,116
5253,0,10515679197,10515679063,0,0,133
5254,0,10517680667,10517680553,0,0,114
5255,0,10519682139,10519682025,0,0,114
5256,0,10521684152,10521684049,0,0,103
5257,0,10523687280,10523687164,0,0,116
5258,0,10525690669,10525690561,0,0,107
5259,0,10527692411,10527692288,0,0,122
5260,0,10529693536,10529693415,0,0,121
5261,0,10531696483,10531696370,0,0,112
5262,0,10533698702,10533698624,0,0,78
5263,0,10535700903,10535700802,0,0,100
5264,0,10537703311,10537703173,0,0,138
5265,0,10539704402,10539704283,0,0,118
5266,0,10541706349,10541706231,0,0,118
5267,0,10543708678,10543708552,0,0,125
5268,0,10545711215,10545711105,0,0,110
5269,0,10547713546,10547713417,0,0,128
5270,0,10549715575,10549715452,0,0,122
5271,0,10551718387,10551718258,0,0,129
5272,0,10553719479,10553719345,0,0,134
5273,0,10555721453,10555721310,0,0,142
5274,0,10557724928,10557724787,0,0,140
5275,0,10559726952,10559726813,0,0,139
5276,0,10561729550,10561729431,0,0,119
5277,0,10563733562,10563733398,0,0,164
5278,0,10565733227,10565733099,0,0,128
5279,0,10567736052,10567735918,0,0,134
5280,0,10569738256,10569738108,0,0,148
5281,0,10571740492,10571740337,0,0,155
5282,0,10573742512,10573742400,0,0,112
5283,0,10575744359,10575744224,0,0,134
5284,0,10577747185,10577747049,0,0,135
5285,0,10579748860,10579748703,0,0,157
5286,0,10581751024,10581750879,0,0,145
5287,0,10583753404,10583753272,0,0,132
5288,0,10585755635,10585755534,0,0,100
5289,0,10587757645,10587757500,0,0,145
5290,0,10589761267,10589761130,0,0,137
5291,0,10591762159,10591762018,0,0,140
5292,0,10593764711,10593764626,0,0,85
5293,0,10595766501,10595766415,0,0,85
5294,0,10597769049,10597768932,0,0,116
5295,0,10599771471,10599771355,0,0,115
5296,0,10601773399,10601773314,0,0,84
5297,0,10603775426,10603775319,0,0,106
5298,0,10605777544,10605777456,0,0,88
5299,0,10607779670,10607779587,0,0,83
5300,0,10609782377,10609782264,0,0,113
5301,0,10611784420,10611784291,0,0,128
5302,0,10613786604,10613786505,0,0,98
5303,0,10615788561,10615788452,0,0,108
5304,0,10617791035,10617790913,0,0,122
5305,0,10619793429,10619793304,0,0,124
5306,0,10621796060,10621795945,0,0,115
5307,0,10623799388,10623799283,0,0,105
5308,0,10625802439,10625802334,0,0,104
5309,0,10627801986,10627801874,0,0,112
5310,0,10629804754,10629804662,0,0,92
5311,0,10631807178,10631807075,0,0,103
5312,0,10633809462,10633809348,0,0,114
5313,0,10635811144,10635811003,0,0,141
5314,0,10637813204,10637813115,0,0,88
5315,0,10639815707,10639815599,0,0,108
5316,0,10641818359,10641818222,0,0,137
5317,0,10643820735,10643820586,0,0,148
5318,0,10645823424,10645823316,0,0,107
5319,0,10647824842,10647824698,0,0,144
5320,0,10649826748,10649826645,0,0,103
5321,0,10651829602,10651829466,0,0,135
5322,0,10653832980,10653832842,0,0,138
5323,0,10655834422,10655834278,0,0,143
5324,0,10657836098,10657835968,0,0,130
5325,0,10659839099,10659838982,0,0,116
5326,0,10661841284,10661841157,0,0,127
5327,0,10663844406,10663844278,0,0,128
5328,0,10665846244,10665846096,0,0,148
5329,0,10667847957,10667847811,0,0,146
5330,0,10669848959,10669848842,0,0,116
5331,0,10671851834,10671851707,0,0,126
5332,0,10673855150,10673855016,0,0,134
5333,0,10675857025,10675856903,0,0,122
5334,0,10677858937,10677858860,0,0,76
5335,0,10679860944,10679860831,0,0,112
5336,0,10681862552,10681862424,0,0,128
5337,0,10683865077,10683864950,0,0,126
5338,0,10685867263,10685867145,0,0,118
5339,0,10687868966,10687868821,0,0,144
5340,0,10689871691,10689871557,0,0,133
5341,0,10691873888,10691873757,0,0,130
5342,0,10693876333,10693876188,0,0,145
5343,0,10695879382,10695879249,0,0,132
5344,0,10697880789,10697880675,0,0,114
5345,0,10699883389,10699883269,0,0,120
5346,0,10701884959,10701884871,0,0,88
5347,0,10703886860,10703886725,0,0,134
5348,0,10705889624,10705889492,0,0,132
5349,0,10707892396,10707892258,0,0,138
5350,0,10709893095,10709892997,0,0,98
5351,0,10711896013,10711895873,0,0,140
5352,0,10713897935,10713897835,0,0,100
5353,0,10715900325,10715900191,0,0,134
5354,0,10717902710,10717902633,0,0,77
5355,0,10719904276,10719904150,0,0,126
5356,0,10721907101,10721907013,0,0,88
5357,0,10723909409,10723909278,0,0,130
5358,0,10725911516,10725911411,0,0,105
5359,0,10727913900,10727913782,0,0,118
5360,0,10729915463,10729915359,0,0,103
5361,0,10731918087,10731917982,0,0,105
5362,0,10733920213,10733920105,0,0,107
5363,0,10735921699,10735921560,0,0,139
5364,0,10737923862,10737923720,0,0,141
5365,0,10739927044,10739926907,0,0,137
5366,0,10741929140,10741929020,0,0,120
5367,0,10743930947,10743930834,0,0,112
5368,0,10745933382,10745933274,0,0,107
5369,0,10747936083,10747935973,0,0,110
5370,0,10749938132,10749938011,0,0,120
5371,0,10751941016,10751940899,0,0,116
5372,0,10753943779,10753943664,0,0,114
5373,0,10755945174,10755945071,0,0,103
5374,0,10757946922,10757946791,0,0,131
5375,0,10759949850,10759949726,0,0,123
5376,0,10761952445,10761952337,0,0,107
5377,0,10763955044,10763954923,0,0,121
5378,0,10765955865,10765955773,0,0,92
5379,0,10767958884,10767958764,0,0,120
5380,0,10769960869,10769960732,0,0,137
5381,0,10771963752,10771963643,0,0,108
5382,0,10773964389,10773964284,0,0,105
5383,0,10775966697,10775966566,0,0,130
5384,0,10777969429,10777969327,0,0,102
5385,0,10779971469,10779971336,0,0,132
5386,0,10781974273,10781974168,0,0,104
5387,0,10783977188,10783977080,0,0,107
5388,0,10785979793,10785979660,0,0,132
5389,0,10787982404,10787982284,0,0,119
5390,0,10789983786,10789983660,0,0,125
5391,0,10791985348,10791985235,0,0,112
5392,0,10793988747,10793988638,0,0,109
5393,0,10795990611,10795990494,0,0,116
5394,0,10797991422,10797991340,0,0,82
5395,0,10799993582,10799993478,0,0,103
5396,0,10801997019,10801996906,0,0,112
5397,0,10803999568,10803999424,0,0,143
5398,0,10806000749,10806000594,0,0,155
5399,0,10808002755,10808002631,0,0,123
5400,0,10810005191,10810005049,0,0,142
5401,0,10812006604,10812006462,0,0,142
5402,0,10814009180,10814009053,0,0,126
5403,0,10816011712,10816011588,0,0,123
5404,0,10818013959,10818013856,0,0,103
5405,0,10820016071,10820015927,0,0,144
5406,0,10822018514,10822018386,0,0,128
5407,0,10824021572,10824021443,0,0,128
5408,0,10826022773,10826022672,0,0,100
5409,0,10828024641,10828024496,0,0,144
5410,0,10830027279,10830027170,0,0,108
5411,0,10832029611,10832029507,0,0,104
5412,0,10834032059,10834031986,0,0,72
5413,0,10836034986,10836034914,0,0,71
5414,0,10838035952,10838035849,0,0,103
5415,0,10840038588,10840038480,0,0,108
5416,0,10842040105,10842040022,0,0,83
5417,0,10844043316,10844043212,0,0,103
5418,0,10846046307,10846046199,0,0,108
5419,0,10848047752,10848047628,0,0,124
5420,0,10850049306,10850049190,0,0,116
5421,0,10852051721,10852051575,0,0,146
5422,0,10854053785,10854053648,0,0,137
5423,0,10856056457,10856056342,0,0,114
5424,0,10858059598,10858059453,0,0,144
5425,0,10860060355,10860060215,0,0,140
5426,0,10862063001,10862062872,0,0,128
5427,0,10864067094,10864066988,0,0,105
5428,0,10866067788,10866067686,0,0,102
5429,0,10868070462,10868070340,0,0,122
5430,0,10870071153,10870071053,0,0,100
5431,0,10872074008,10872073903,0,0,105
5432,0,10874075752,10874075648,0,0,104
5433,0,10876078868,10876078751,0,0,116
5434,0,10878081529,10878081426,0,0,102
5435,0,10880082400,10880082296,0,0,103
5436,0,10882085157,10882085094,0,0,62
5437,0,10884087160,10884087042,0,0,118
5438,0,10886089548,10886089427,0,0,120
5439,0,10888091665,10888091556,0,0,108
5440,0,10890093777,10890093678,0,0,98
5441,0,10892095802,10892095692,0,0,110
5442,0,10894098364,10894098259,0,0,105
5443,0,10896100331,10896100186,0,0,144
5444,0,10898102920,10898102780,0,0,139
5445,0,10900105307,10900105159,0,0,148
5446,0,10902107925,10902107795,0,0,130
5447,0,10904109041,10904108923,0,0,118
5448,0,10906111851,10906111697,0,0,154
5449,0,10908113532,10908113401,0,0,131
5450,0,10910115874,10910115758,0,0,116
5451,0,10912117924,10912117782,0,0,142
5452,0,10914120566,10914120443,0,0,123
5453,0,10916123356,10916123225,0,0,130
5454,0,10918125608,10918125489,0,0,119
5455,0,10920128123,10920127983,0,0,140
5456,0,10922130372,10922130227,0,0,144
5457,0,10924131209,10924131065,0,0,144
5458,0,10926133818,10926133708,0,0,110
5459,0,10928135981,10928135858,0,0,122
5460,0,10930138260,10930138134,0,0,125
5461,0,10932140479,10932140328,0,0,151
5462,0,10934143044,10934142941,0,0,103
5463,0,10936144922,10936144811,0,0,110
5464,0,10938148003,10938147858,0,0,144
5465,0,10940151239,10940151126,0,0,112
5466,0,10942151626,10942151519,0,0,107
5467,0,10944153469,10944153327,0,0,142
5468,0,10946155750,10946155645,0,0,104
5469,0,10948158253,10948158134,0,0,118
5470,0,10950160535,10950160431,0,0,104
5471,0,10952162525,10952162420,0,0,105
5472,0,10954165226,10954165090,0,0,136
5473,0,10956166867,10956166749,0,0,117
5474,0,10958169298,10958169175,0,0,123
5475,0,10960171984,10960171877,0,0,107
5476,0,10962173893,10962173760,0,0,132
5477,0,10964177572,10964177456,0,0,116
5478,0,10966178371,10966178265,0,0,106
5479,0,10968180638,10968180631,0,0,6
5480,0,10970183105,10970183000,0,0,105
5481,0,10972184998,10972184885,0,0,112
5482,0,10974187892,10974187794,0,0,97
5483,0,10976190950,10976190825,0,0,125
5484,0,10978192590,10978192469,0,0,121
5485,0,10980194548,10980194429,0,0,119
5486,0,10982196849,10982196726,0,0,123
5487,0,10984200251,10984200132,0,0,119
5488,0,10986201498,10986201362,0,0,136
5489,0,10988202862,10988202734,0,0,128
5490,0,10990204918,10990204819,0,0,98
5491,0,10992206987,10992206861,0,0,125
5492,0,10994209478,10994209348,0,0,130
5493,0,10996212248,10996212110,0,0,138
5494,0,10998215229,10998215121,0,0,108
5495,0,11000215962,11000215856,0,0,105
5496,0,11002218564,11002218435,0,0,128
5497,0,11004220808,11004220676,0,0,132
5498,0,11006222910,11006222793,0,0,116
5499,0,11008225432,11008225305,0,0,127
5500,0,11010227341,11010227232,0,0,108
5501,0,11012229465,11012229325,0,0,139
5502,0,11014231004,11014230874,0,0,130
5503,0,11016233420,11016233296,0,0,123
5504,0,11018237281,11018237164,0,0,116
5505,0,11020238580,11020238467,0,0,112
5506,0,11022240586,11022240475,0,0,110
5507,0,11024242868,11024242743,0,0,125
5508,0,11026245310,11026245202,0,0,107
5509,0,11028247296,11028247179,0,0,116
5510,0,11030249663,11030249560,0,0,103
5511,0,11032251341,11032251233,0,0,107
5512,0,11034253565,11034253477,0,0,87
5513,0,11036255944,11036255826,0,0,118
5514,0,11038258373,11038258291,0,0,82
5515,0,11040260403,11040260254,0,0,148
5516,0,11042263047,11042262926,0,0,120
5517,0,11044265622,11044265517,0,0,105
5518,0,11046268076,11046267970,0,0,105
5519,0,11048269458,11048269340,0,0,118
5520,0,11050271499,11050271395,0,0,103
5521,0,11052273870,11052273782,0,0,88
5522,0,11054276185,11054276080,0,0,104
5523,0,11056278538,11056278421,0,0,116
5524,0,11058281639,11058281526,0,0,112
5525,0,11060283276,11060283168,0,0,107
5526,0,11062285196,11062285112,0,0,84
5527,0,11064288823,11064288715,0,0,107
5528,0,11066289472,11066289348,0,0,124
5529,0,11068291651,11068291545,0,0,105
5530,0,11070294069,11070293964,0,0,104
5531,0,11072295833,11072295730,0,0,103
5532,0,11074298484,11074298382,0,0,102
5533,0,11076300698,11076300567,0,0,130
5534,0,11078302912,11078302805,0,0,107
5535,0,11080305498,11080305390,0,0,107
5536,0,11082307623,11082307541,0,0,82
5537,0,11084309705,11084309574,0,0,131
5538,0,11086311732,11086311608,0,0,124
5539,0,11088314186,11088314058,0,0,127
5540,0,11090316626,11090316514,0,0,111
5541,0,11092318658,11092318535,0,0,122
5542,0,11094320741,11094320625,0,0,116
5543,0,11096324230,11096324109,0,0,121
5544,0,11098325067,11098324943,0,0,124
5545,0,11100327471,11100327370,0,0,100
5546,0,11102329665,11102329544,0,0,120
5547,0,11104331481,11104331367,0,0,114
5548,0,11106334043,11106333940,0,0,103
5549,0,11108336853,11108336714,0,0,138
5550,0,11110340037,11110339914,0,0,123
5551,0,11112342202,11112342094,0,0,108
5552,0,11114344059,11114343951,0,0,107
5553,0,11116345313,11116345207,0,0,105
5554,0,11118347429,11118347320,0,0,108
5555,0,11120349869,11120349753,0,0,115
5556,0,11122352364,11122352256,0,0,108
5557,0,11124355235,11124355101,0,0,134
5558,0,11126355984,11126355881,0,0,103
5559,0,11128358049,11128357931,0,0,118
5560,0,11130360137,11130359993,0,0,144
5561,0,11132361197,11132361071,0,0,125
5562,0,11134364329,11134364195,0,0,134
5563,0,11136368124,11136368016,0,0,107
5564,0,11138368946,11138368842,0,0,103
5565,0,11140371617,11140371501,0,0,116
5566,0,11142374476,11142374372,0,0,103
5567,0,11144376355,11144376255,0,0,100
5568,0,11146378523,11146378417,0,0,105
5569,0,11148380606,11148380471,0,0,135
5570,0,11150382841,11150382737,0,0,104
5571,0,11152384859,11152384725,0,0,134
5572,0,11154387801,11154387662,0,0,138
5573,0,11156390000,11156389867,0,0,132
5574,0,11158391682,11158391575,0,0,107
5575,0,11160393842,11160393713,0,0,128
5576,0,11162396176,11162396032,0,0,143
5577,0,11164399635,11164399521,0,0,114
5578,0,11166400919,11166400813,0,0,105
5579,0,11168403028,11168402905,0,0,122
5580,0,11170405553,11170405447,0,0,105
5581,0,11172408334,11172408198,0,0,135
5582,0,11174411471,11174411400,0,0,70
5583,0,11176412166,11176412039,0,0,126
5584,0,11178414251,11178414118,0,0,132
5585,0,11180416375,11180416265,0,0,110
5586,0,11182418968,11182418885,0,0,83
5587,0,11184422287,11184422173,0,0,114
5588,0,11186424176,11186424027,0,0,148
5589,0,11188425778,11188425645,0,0,132
5590,0,11190427310,11190427211,0,0,98
5591,0,11192430021,11192429907,0,0,114
5592,0,11194431929,11194431814,0,0,114
5593,0,11196434343,11196434223,0,0,120
5594,0,11198436667,11198436566,0,0,101
5595,0,11200438255,11200438101,0,0,153
5596,0,11202440835,11202440677,0,0,158
5597,0,11204442930,11204442785,0,0,144
5598,0,11206445485,11206445380,0,0,104
5599,0,11208447741,11208447586,0,0,154
5600,0,11210449644,11210449516,0,0,127
5601,0,11212452858,11212452701,0,0,157
5602,0,11214454089,11214453982,0,0,106
5603,0,11216456216,11216456070,0,0,146
5604,0,11218459452,11218459303,0,0,148
5605,0,11220461725,11220461584,0,0,141
5606,0,11222462813,11222462678,0,0,134
5607,0,11224465105,11224464967,0,0,138
5608,0,11226467159,11226467035,0,0,123
5609,0,11228469317,11228469191,0,0,126
5610,0,11230472326,11230472195,0,0,130
5611,0,11232474103,11232473960,0,0,142
5612,0,11234476910,11234476772,0,0,137
5613,0,11236478826,11236478678,0,0,148
5614,0,11238481086,11238480974,0,0,112
5615,0,11240483295,11240483158,0,0,137
5616,0,11242485918,11242485769,0,0,148
5617,0,11244488489,11244488343,0,0,146
5618,0,11246489696,11246489586,0,0,110
5619,0,11248491770,11248491639,0,0,131
5620,0,11250494824,11250494690,0,0,134
5621,0,11252498316,11252498139,0,0,177
5622,0,11254498410,11254498282,0,0,128
5623,0,11256500406,11256500278,0,0,128
5624,0,11258503019,11258502901,0,0,118
5625,0,11260504876,11260504758,0,0,118
5626,0,11262507521,11262507404,0,0,116
5627,0,11264510668,11264510527,0,0,141
5628,0,11266512285,11266512200,0,0,85
5629,0,11268514550,11268514423,0,0,126
5630,0,11270516874,11270516740,0,0,134
5631,0,11272519605,11272519462,0,0,142
5632,0,11274520703,11274520600,0,0,103
5633,0,11276523082,11276522957,0,0,124
5634,0,11278525284,11278525177,0,0,106
5635,0,11280527034,11280526924,0,0,110
5636,0,11282530033,11282529932,0,0,101
5637,0,11284532085,11284531965,0,0,119
5638,0,11286534462,11286534331,0,0,130
5639,0,11288536462,11288536340,0,0,122
5640,0,11290539496,11290539395,0,0,100
5641,0,11292540844,11292540725,0,0,119
5642,0,11294543186,11294543101,0,0,84
5643,0,11296545410,11296545289,0,0,120
5644,0,11298548279,11298548168,0,0,111
5645,0,11300551940,11300551831,0,0,108
5646,0,11302553932,11302553847,0,0,85
5647,0,11304555987,11304555868,0,0,119
5648,0,11306557711,11306557566,0,0,144
5649,0,11308558492,11308558382,0,0,110
5650,0,11310560775,11310560666,0,0,108
5651,0,11312563730,11312563627,0,0,102
5652,0,11314567264,11314567164,0,0,99
5653,0,11316568644,11316568527,0,0,116
5654,0,11318569664,11318569551,0,0,112
5655,0,11320571619,11320571514,0,0,104
5656,0,11322574689,11322574583,0,0,105
5657,0,11324576023,11324575903,0,0,120
5658,0,11326578659,11326578534,0,0,124
5659,0,11328580771,11328580640,0,0,130
5660,0,11330583922,11330583834,0,0,87
5661,0,11332585759,11332585642,0,0,116
5662,0,11334587163,11334587054,0,0,108
5663,0,11336589734,11336589622,0,0,111
5664,0,11338592402,11338592261,0,0,141
5665,0,11340594382,11340594270,0,0,112
5666,0,11342596565,11342596478,0,0,86
5667,0,11344598468,11344598352,0,0,116
5668,0,11346601326,11346601216,0,0,110
5669,0,11348603605,11348603485,0,0,120
5670,0,11350605279,11350605149,0,0,130
5671,0,11352607276,11352607193,0,0,83
5672,0,11354610022,11354609910,0,0,112
5673,0,11356611793,11356611681,0,0,112
5674,0,11358614852,11358614746,0,0,105
5675,0,11360617932,11360617825,0,0,107
5676,0,11362619024,11362618934,0,0,90
5677,0,11364622769,11364622651,0,0,118
5678,0,11366624433,11366624317,0,0,115
5679,0,11368626311,11368626186,0,0,124
5680,0,11370627634,11370627532,0,0,102
5681,0,11372629840,11372629721,0,0,119
5682,0,11374632259,11374632159,0,0,100
5683,0,11376634383,11376634274,0,0,108
5684,0,11378636758,11378636643,0,0,114
5685,0,11380639263,11380639160,0,0,103
5686,0,11382641760,11382641629,0,0,130
5687,0,11384643258,11384643153,0,0,105
5688,0,11386645951,11386645831,0,0,119
5689,0,11388647451,11388647325,0,0,126
5690,0,11390650023,11390649896,0,0,127
5691,0,11392651746,11392651622,0,0,123
5692,0,11394654299,11394654168,0,0,130
5693,0,11396656308,11396656182,0,0,126
5694,0,11398658840,11398658741,0,0,98
5695,0,11400661150,11400661018,0,0,131
5696,0,11402663338,11402663215,0,0,122
5697,0,11404665777,11404665642,0,0,134
5698,0,11406667889,11406667802,0,0,86
5699,0,11408670732,11408670619,0,0,112
5700,0,11410672249,11410672122,0,0,126
5701,0,11412675021,11412674896,0,0,124
5702,0,11414677391,11414677303,0,0,87
5703,0,11416678657,11416678538,0,0,119
5704,0,11418681564,11418681435,0,0,128
5705,0,11420684255,11420684101,0,0,154
5706,0,11422685865,11422685739,0,0,126
5707,0,11424688057,11424687931,0,0,125
5708,0,11426689653,11426689569,0,0,83
5709,0,11428693419,11428693292,0,0,126
5710,0,11430695276,11430695171,0,0,104
5711,0,11432696912,11432696789,0,0,123
5712,0,11434698856,11434698708,0,0,147
5713,0,11436701381,11436701240,0,0,140
5714,0,11438703350,11438703261,0,0,88
5715,0,11440705664,11440705510,0,0,154
5716,0,11442708140,11442708005,0,0,134
5717,0,11444709978,11444709817,0,0,160
5718,0,11446713096,11446712969,0,0,126
5719,0,11448714082,11448713931,0,0,150
5720,0,11450716256,11450716110,0,0,146
5721,0,11452718271,11452718111,0,0,160
5722,0,11454720303,11454720167,0,0,136
5723,0,11456723202,11456723211,0,0,-9
5724,0,11458725670,11458725559,0,0,110
5725,0,11460727725,11460727587,0,0,137
5726,0,11462730276,11462730147,0,0,128
5727,0,11464733886,11464733756,0,0,130
5728,0,11466735284,11466735177,0,0,107
5729,0,11468736330,11468736197,0,0,132
5730,0,11470738845,11470738728,0,0,116
5731,0,11472740823,11472740712,0,0,111
5732,0,11474743885,11474743719,0,0,166
5733,0,11476746327,11476746198,0,0,128
5734,0,11478748193,11478748042,0,0,151
5735,0,11480749966,11480749840,0,0,125
5736,0,11482751977,11482751873,0,0,104
5737,0,11484756181,11484756036,0,0,144
5738,0,11486758547,11486758443,0,0,103
5739,0,11488759997,11488759850,0,0,146
5740,0,11490761348,11490761215,0,0,132
5741,0,11492763763,11492763777,0,0,-14
5742,0,11494765823,11494765688,0,0,134
5743,0,11496768149,11496768007,0,0,141
5744,0,11498769694,11498769542,0,0,151
5745,0,11500772180,11500772026,0,0,154
5746,0,11502774170,11502774062,0,0,107
5747,0,11504776235,11504776113,0,0,122
5748,0,11506779487,11506779346,0,0,141
5749,0,11508782649,11508782514,0,0,134
5750,0,11510784108,11510783975,0,0,132
5751,0,11512785786,11512785678,0,0,108
5752,0,11514787722,11514787620,0,0,102
5753,0,11516790588,11516790458,0,0,130
5754,0,11518793743,11518793639,0,0,104
5755,0,11520795308,11520795167,0,0,141
5756,0,11522796845,11522796727,0,0,118
5757,0,11524799750,11524799620,0,0,130
5758,0,11526801224,11526801143,0,0,80
5759,0,11528803107,11528802960,0,0,146
5760,0,11530805579,11530805455,0,0,124
5761,0,11532807791,11532807653,0,0,137
5762,0,11534809982,11534809859,0,0,122
5763,0,11536812200,11536812076,0,0,124
5764,0,11538815662,11538815555,0,0,107
5765,0,11540818293,11540818173,0,0,120
5766,0,11542820039,11542819934,0,0,104
5767,0,11544821056,11544820944,0,0,111
5768,0,11546823352,11546823247,0,0,104
5769,0,11548825263,11548825152,0,0,111
5770,0,11550828141,11550828038,0,0,103
5771,0,11552829729,11552829624,0,0,104
5772,0,11554832682,11554832601,0,0,80
5773,0,11556835705,11556835582,0,0,123
5774,0,11558837503,11558837416,0,0,87
5775,0,11560839587,11560839483,0,0,103
5776,0,11562841928,11562841781,0,0,147
5777,0,11564844595,11564844491,0,0,104
5778,0,11566845053,11566844978,0,0,75
5779,0,11568847812,11568847675,0,0,137
5780,0,11570851156,11570851043,0,0,112
5781,0,11572853364,11572853246,0,0,118
5782,0,11574854408,11574854290,0,0,118
5783,0,11576856710,11576856611,0,0,98
5784,0,11578858905,11578858795,0,0,110
5785,0,11580861494,11580861374,0,0,120
5786,0,11582863865,11582863765,0,0,99
5787,0,11584866955,11584866844,0,0,110
5788,0,11586868151,11586868030,0,0,121
5789,0,11588870788,11588870652,0,0,136
5790,0,11590873992,11590873887,0,0,104
5791,0,11592876215,11592876102,0,0,112
5792,0,11594877765,11594877613,0,0,151
5793,0,11596879023,11596878919,0,0,104
5794,0,11598881155,11598881018,0,0,137
5795,0,11600883552,11600883429,0,0,123
5796,0,11602886840,11602886721,0,0,118
5797,0,11604887874,11604887761,0,0,112
5798,0,11606890465,11606890351,0,0,114
5799,0,11608893181,11608893107,0,0,74
5800,0,11610895937,11610895827,0,0,110
5801,0,11612897026,11612896889,0,0,137
5802,0,11614899388,11614899300,0,0,88
5803,0,11616900806,11616900696,0,0,110
5804,0,11618903379,11618903269,0,0,110
5805,0,11620906392,11620906253,0,0,138
5806,0,11622909082,11622908936,0,0,146
5807,0,11624910690,11624910582,0,0,108
5808,0,11626912788,11626912679,0,0,108
5809,0,11628913386,11628913264,0,0,122
5810,0,11630916881,11630916792,0,0,89
5811,0,11632919063,11632918945,0,0,118
5812,0,11634922008,11634921897,0,0,111
5813,0,11636924128,11636924011,0,0,116
5814,0,11638926131,11638926007,0,0,123
5815,0,11640930035,11640929929,0,0,106
5816,0,11642929741,11642929634,0,0,107
5817,0,11644931961,11644931834,0,0,126
5818,0,11646935088,11646934986,0,0,102
5819,0,11648937694,11648937570,0,0,123
5820,0,11650939247,11650939169,0,0,78
5821,0,11652940822,11652940710,0,0,112
5822,0,11654943781,11654943698,0,0,83
5823,0,11656946294,11656946166,0,0,128
5824,0,11658949040,11658948888,0,0,152
5825,0,11660950367,11660950260,0,0,106
5826,0,11662952480,11662952404,0,0,76
5827,0,11664956241,11664956123,0,0,117
5828,0,11666957086,11666956966,0,0,120
5829,0,11668959479,11668959338,0,0,141
5830,0,11670961676,11670961572,0,0,104
5831,0,11672963295,11672963208,0,0,86
5832,0,11674965924,11674965779,0,0,144
5833,0,11676967746,11676967617,0,0,128
5834,0,11678970460,11678970374,0,0,85
5835,0,11680973393,11680973245,0,0,148
5836,0,11682974800,11682974676,0,0,123
5837,0,11684978062,11684977914,0,0,148
5838,0,11686980106,11686979965,0,0,141
5839,0,11688981925,11688981782,0,0,143
5840,0,11690984838,11690984685,0,0,152
5841,0,11692985537,11692985382,0,0,155
5842,0,11694988295,11694988191,0,0,104
5843,0,11696990126,11696989995,0,0,130
5844,0,11698993033,11698992902,0,0,130
5845,0,11700995859,11700995728,0,0,130
5846,0,11702996630,11702996503,0,0,127
5847,0,11704998995,11704998880,0,0,114
5848,0,11707001037,11707000918,0,0,119
5849,0,11709003508,11709003381,0,0,127
5850,0,11711006412,11711006301,0,0,110
5851,0,11713008890,11713008757,0,0,133
5852,0,11715010696,11715010593,0,0,103
5853,0,11717012944,11717012804,0,0,140
5854,0,11719015804,11719015696,0,0,107
5855,0,11721016959,11721016842,0,0,117
5856,0,11723019465,11723019344,0,0,120
5857,0,11725021119,11725020978,0,0,140
5858,0,11727023670,11727023568,0,0,102
5859,0,11729026624,11729026480,0,0,144
5860,0,11731029262,11731029120,0,0,142
5861,0,11733030451,11733030328,0,0,122
5862,0,11735032342,11735032215,0,0,126
5863,0,11737034788,11737034666,0,0,122
5864,0,11739036845,11739036699,0,0,146
5865,0,11741039657,11741039514,0,0,142
5866,0,11743042844,11743042762,0,0,82
5867,0,11745044613,11745044480,0,0,132
5868,0,11747046505,11747046399,0,0,105
5869,0,11749049433,11749049304,0,0,128
5870,0,11751051039,11751050917,0,0,121
5871,0,11753053528,11753053417,0,0,110
5872,0,11755054591,11755054458,0,0,132
5873,0,11757058335,11757058201,0,0,134
5874,0,11759059474,11759059386,0,0,88
5875,0,11761061442,11761061305,0,0,137
5876,0,11763064586,11763064440,0,0,146
5877,0,11765068616,11765068458,0,0,157
5878,0,11767067791,11767067672,0,0,118
5879,0,11769070005,11769069879,0,0,125
5880,0,11771072328,11771072220,0,0,107
5881,0,11773074177,11773074028,0,0,148
5882,0,11775075938,11775075806,0,0,131
5883,0,11777078942,11777078817,0,0,124
5884,0,11779081269,11779081134,0,0,135
5885,0,11781083357,11781083194,0,0,162
5886,0,11783086323,11783086203,0,0,120
5887,0,11785087829,11785087705,0,0,123
5888,0,11787090505,11787090419,0,0,85
5889,0,11789092847,11789092711,0,0,136
5890,0,11791094696,11791094589,0,0,107
5891,0,11793097167,11793097062,0,0,104
5892,0,11795099826,11795099721,0,0,105
5893,0,11797102220,11797102102,0,0,118
5894,0,11799103669,11799103551,0,0,118
5895,0,11801105472,11801105368,0,0,104
5896,0,11803107967,11803107883,0,0,83
5897,0,11805110372,11805110244,0,0,128
5898,0,11807112952,11807112849,0,0,102
5899,0,11809114301,11809114213,0,0,88
5900,0,11811117210,11811117127,0,0,83
5901,0,11813120074,11813119943,0,0,130
5902,0,11815122663,11815122579,0,0,84
5903,0,11817123610,11817123493,0,0,116
5904,0,11819126108,11819126006,0,0,101
5905,0,11821127891,11821127762,0,0,128
5906,0,11823130656,11823130551,0,0,104
5907,0,11825133327,11825133213,0,0,114
5908,0,11827136013,11827135889,0,0,123
5909,0,11829137203,11829137067,0,0,136
5910,0,11831138782,11831138677,0,0,104
5911,0,11833141375,11833141272,0,0,103
5912,0,11835144280,11835144169,0,0,110
5913,0,11837145603,11837145478,0,0,124
5914,0,11839148274,11839148168,0,0,105
5915,0,11841150167,11841150049,0,0,118
5916,0,11843153182,11843153060,0,0,122
5917,0,11845155738,11845155625,0,0,112
5918,0,11847157035,11847156929,0,0,105
5919,0,11849160218,11849160089,0,0,129
5920,0,11851162823,11851162734,0,0,89
5921,0,11853163286,11853163180,0,0,105
5922,0,11855166092,11855165972,0,0,120
5923,0,11857168141,11857168017,0,0,123
5924,0,11859171369,11859171262,0,0,107
5925,0,11861173754,11861173644,0,0,110
5926,0,11863174917,11863174831,0,0,85
5927,0,11865178574,11865178465,0,0,108
5928,0,11867179319,11867179202,0,0,117
5929,0,11869182125,11869181995,0,0,130
5930,0,11871185698,11871185614,0,0,83
5931,0,11873187162,11873187045,0,0,116
5932,0,11875189274,11875189185,0,0,88
5933,0,11877190779,11877190651,0,0,128
5934,0,11879192765,11879192678,0,0,86
5935,0,11881195063,11881194945,0,0,118
5936,0,11883196976,11883196870,0,0,105
5937,0,11885199351,11885199218,0,0,132
5938,0,11887201309,11887201226,0,0,82
5939,0,11889203854,11889203721,0,0,132
5940,0,11891206600,11891206485,0,0,114
5941,0,11893208822,11893208719,0,0,103
5942,0,11895210310,11895210226,0,0,83
5943,0,11897212410,11897212311,0,0,98
5944,0,11899215472,11899215386,0,0,85
5945,0,11901218281,11901218157,0,0,123
5946,0,11903219829,11903219716,0,0,112
5947,0,11905222296,11905222163,0,0,132
5948,0,11907223462,11907223388,0,0,74
5949,0,11909225705,11909225586,0,0,118
5950,0,11911229318,11911229233,0,0,84
5951,0,11913232314,11913232231,0,0,83
5952,0,11915232913,11915232802,0,0,110
5953,0,11917235023,11917234901,0,0,122
5954,0,11919237231,11919237129,0,0,102
5955,0,11921238800,11921238664,0,0,135
5956,0,11923241270,11923241133,0,0,137
5957,0,11925243946,11925243791,0,0,154
5958,0,11927245805,11927245678,0,0,126
5959,0,11929247714,11929247573,0,0,141
5960,0,11931250671,11931250512,0,0,159
5961,0,11933252755,11933252614,0,0,141
5962,0,11935254862,11935254758,0,0,104
5963,0,11937256892,11937256751,0,0,141
5964,0,11939259624,11939259521,0,0,102
5965,0,11941262802,11941262670,0,0,131
5966,0,11943264659,11943264528,0,0,131
5967,0,11945266566,11945266435,0,0,130
5968,0,11947269552,11947269417,0,0,134
5969,0,11949270229,11949270096,0,0,132
5970,0,11951272871,11951272786,0,0,84
5971,0,11953275904,11953275784,0,0,120
5972,0,11955277564,11955277460,0,0,104
5973,0,11957279275,11957279146,0,0,128
5974,0,11959281555,11959281418,0,0,137
5975,0,11961283746,11961283647,0,0,98
5976,0,11963287011,11963286909,0,0,102
5977,0,11965291156,11965291020,0,0,136
5978,0,11967292069,11967291959,0,0,109
5979,0,11969294113,11969293968,0,0,144
5980,0,11971295460,11971295354,0,0,106
5981,0,11973298951,11973298808,0,0,142
5982,0,11975300290,11975300182,0,0,108
5983,0,11977302161,11977302041,0,0,120
5984,0,11979304825,11979304661,0,0,164
5985,0,11981306421,11981306296,0,0,124
5986,0,11983308533,11983308402,0,0,130
5987,0,11985311224,11985311102,0,0,122
5988,0,11987314238,11987314108,0,0,129
5989,0,11989316435,11989316323,0,0,112
5990,0,11991317519,11991317435,0,0,83
5991,0,11993318244,11993318122,0,0,122
5992,0,11995321701,11995321595,0,0,106
5993,0,11997324033,11997323899,0,0,133
5994,0,11999326285,11999326169,0,0,115
5995,0,12001328103,12001327957,0,0,146
5996,0,12003331085,12003330946,0,0,139
5997,0,12005333349,12005333200,0,0,148
5998,0,12007335995,12007335914,0,0,80
5999,0,12009337674,12009337530,0,0,144
6000,0,12011340523,12011340406,0,0,116
6001,0,12013341338,12013341211,0,0,126
6002,0,12015343716,12015343608,0,0,107
6003,0,12017346138,12017346020,0,0,118
6004,0,12019348477,12019348346,0,0,131
6005,0,12021350909,12021350765,0,0,143
6006,0,12023352484,12023352363,0,0,121
6007,0,12025354730,12025354597,0,0,132
6008,0,12027357195,12027357098,0,0,96
6009,0,12029359986,12029359842,0,0,143
6010,0,12031362976,12031362851,0,0,125
6011,0,12033364328,12033364191,0,0,137
6012,0,12035366288,12035366202,0,0,85
6013,0,12037368470,12037368323,0,0,146
6014,0,12039370582,12039370474,0,0,107
6015,0,12041372923,12041372804,0,0,119
6016,0,12043375011,12043374866,0,0,144
6017,0,12045377550,12045377401,0,0,148
6018,0,12047379752,12047379621,0,0,130
6019,0,12049381476,12049381354,0,0,121
6020,0,12051384237,12051384106,0,0,130
6021,0,12053386100,12053385951,0,0,148
6022,0,12055388113,12055387995,0,0,118
6023,0,12057390565,12057390429,0,0,135
6024,0,12059392570,12059392444,0,0,125
6025,0,12061395058,12061394908,0,0,150
6026,0,12063396984,12063396876,0,0,107
6027,0,12065400489,12065400366,0,0,123
6028,0,12067402395,12067402251,0,0,143
6029,0,12069406942,12069406801,0,0,141
6030,0,12071407153,12071407013,0,0,140
6031,0,12073408988,12073408849,0,0,138
6032,0,12075411383,12075411258,0,0,124
6033,0,12077412755,12077412610,0,0,145
6034,0,12079415376,12079415257,0,0,119
6035,0,12081417305,12081417188,0,0,116
6036,0,12083419599,12083419478,0,0,121
6037,0,12085421871,12085421745,0,0,126
6038,0,12087423955,12087423821,0,0,134
6039,0,12089425885,12089425780,0,0,104
6040,0,12091428368,12091428260,0,0,108
6041,0,12093431150,12093431033,0,0,116
6042,0,12095434067,12095433954,0,0,112
6043,0,12097435151,12097435044,0,0,106
6044,0,12099437539,12099437423,0,0,116
6045,0,12101439395,12101439278,0,0,116
6046,0,12103442020,12103441919,0,0,101
6047,0,12105444262,12105444137,0,0,125
6048,0,12107447221,12107447093,0,0,128
6049,0,12109448231,12109448107,0,0,124
6050,0,12111450517,12111450399,0,0,118
6051,0,12113453033,12113452924,0,0,108
6052,0,12115455408,12115455293,0,0,115
6053,0,12117457551,12117457443,0,0,107
6054,0,12119459362,12119459278,0,0,83
6055,0,12121462026,12121461901,0,0,124
6056,0,12123464108,12123464000,0,0,108
6057,0,12125466127,12125466008,0,0,118
6058,0,12127468141,12127468062,0,0,78
6059,0,12129470534,12129470429,0,0,104
6060,0,12131473053,12131472948,0,0,105
6061,0,12133475213,12133475105,0,0,107
6062,0,12135477730,12135477611,0,0,118
6063,0,12137480408,12137480271,0,0,137
6064,0,12139482924,12139482797,0,0,127
6065,0,12141484024,12141483923,0,0,101
6066,0,12143486416,12143486316,0,0,100
6067,0,12145488269,12145488141,0,0,128
6068,0,12147491831,12147491710,0,0,121
6069,0,12149492903,12149492778,0,0,124
6070,0,12151494831,12151494713,0,0,118
6071,0,12153496739,12153496604,0,0,134
6072,0,12155498933,12155498802,0,0,130
6073,0,12157502044,12157501930,0,0,114
6074,0,12159504150,12159504029,0,0,120
6075,0,12161505970,12161505867,0,0,103
6076,0,12163508452,12163508349,0,0,103
6077,0,12165512350,12165512229,0,0,121
6078,0,12167512730,12167512631,0,0,98
6079,0,12169515289,12169515186,0,0,102
6080,0,12171516997,12171516949,0,0,48
6081,0,12173519238,12173519114,0,0,123
6082,0,12175521707,12175521634,0,0,72
6083,0,12177523901,12177523777,0,0,124
6084,0,12179526510,12179526388,0,0,122
6085,0,12181528504,12181528379,0,0,124
6086,0,12183530632,12183530519,0,0,112
6087,0,12185532483,12185532378,0,0,104
6088,0,12187534876,12187534787,0,0,88
6089,0,12189537086,12189536982,0,0,104
6090,0,12191539692,12191539588,0,0,103
6091,0,12193541941,12193541807,0,0,134
6092,0,12195543985,12195543856,0,0,128
6093,0,12197547253,12197547130,0,0,123
6094,0,12199548959,12199548855,0,0,104
6095,0,12201549835,12201549725,0,0,110
6096,0,12203552961,12203552826,0,0,135
6097,0,12205555074,12205554937,0,0,137
6098,0,12207557420,12207557306,0,0,114
6099,0,12209560013,12209559887,0,0,125
6100,0,12211562501,12211562387,0,0,114
6101,0,12213565417,12213565303,0,0,114
6102,0,12215567020,12215566905,0,0,114
6103,0,12217569600,12217569451,0,0,148
6104,0,12219571516,12219571364,0,0,152
6105,0,12221573755,12221573608,0,0,146
6106,0,12223575368,12223575229,0,0,139
6107,0,12225578615,12225578488,0,0,127
6108,0,12227580155,12227580024,0,0,130
6109,0,12229583141,12229582987,0,0,154
6110,0,12231584864,12231584741,0,0,123
6111,0,12233587297,12233587150,0,0,146
6112,0,12235588593,12235588485,0,0,107
6113,0,12237590653,12237590549,0,0,104
6114,0,12239593315,12239593209,0,0,105
6115,0,12241595489,12241595353,0,0,136
6116,0,12243597499,12243597378,0,0,121
6117,0,12245599461,12245599332,0,0,129
6118,0,12247602015,12247601931,0,0,84
6119,0,12249604370,12249604257,0,0,112
6120,0,12251607276,12251607128,0,0,147
6121,0,12253610117,12253609997,0,0,120
6122,0,12255611874,12255611751,0,0,122
6123,0,12257613069,12257612956,0,0,112
6124,0,12259615424,12259615315,0,0,108
6125,0,12261618103,12261617986,0,0,116
6126,0,12263621455,12263621332,0,0,123
6127,0,12265624595,12265624464,0,0,130
6128,0,12267625098,12267624966,0,0,132
6129,0,12269626316,12269626193,0,0,123
6130,0,12271628483,12271628379,0,0,103
6131,0,12273631209,12273631088,0,0,121
6132,0,12275633606,12275633471,0,0,134
6133,0,12277636646,12277636529,0,0,116
6134,0,12279637982,12279637914,0,0,67
6135,0,12281639723,12281639593,0,0,130
6136,0,12283641994,12283641888,0,0,105
6137,0,12285644442,12285644312,0,0,130
6138,0,12287646626,12287646502,0,0,124
6139,0,12289648478,12289648370,0,0,107
6140,0,12291650997,12291650872,0,0,124
6141,0,12293653242,12293653107,0,0,134
6142,0,12295655226,12295655122,0,0,103
6143,0,12297658031,12297657892,0,0,138
6144,0,12299660925,12299660817,0,0,107
6145,0,12301661788,12301661670,0,0,118
6146,0,12303665478,12303665375,0,0,103
6147,0,12305666330,12305666199,0,0,130
6148,0,12307669397,12307669250,0,0,146
6149,0,12309671812,12309671660,0,0,151
6150,0,12311673240,12311673098,0,0,142
6151,0,12313675507,12313675361,0,0,146
6152,0,12315677366,12315677244,0,0,122
6153,0,12317679376,12317679229,0,0,147
6154,0,12319682020,12319681891,0,0,128
6155,0,12321684089,12321683962,0,0,126
6156,0,12323686761,12323686658,0,0,102
6157,0,12325689330,12325689208,0,0,122
6158,0,12327692397,12327692260,0,0,137
6159,0,12329695075,12329694961,0,0,114
6160,0,12331696862,12331696739,0,0,122
6161,0,12333698689,12333698564,0,0,124
6162,0,12335700094,12335699993,0,0,101
6163,0,12337703063,12337702948,0,0,114
6164,0,12339705923,12339705791,0,0,132
6165,0,12341707627,12341707487,0,0,139
6166,0,12343708211,12343708102,0,0,108
6167,0,12345710918,12345710793,0,0,124
6168,0,12347713184,12347713052,0,0,132
6169,0,12349715310,12349715186,0,0,124
6170,0,12351718341,12351718213,0,0,128
6171,0,12353720514,12353720407,0,0,106
6172,0,12355721915,12355721814,0,0,101
6173,0,12357724491,12357724370,0,0,121
6174,0,12359727229,12359727100,0,0,128
6175,0,12361729858,12361729746,0,0,112
6176,0,12363731219,12363731088,0,0,130
6177,0,12365734423,12365734316,0,0,107
6178,0,12367735749,12367735644,0,0,105
6179,0,12369737627,12369737514,0,0,112
6180,0,12371740744,12371740642,0,0,102
6181,0,12373743165,12373743040,0,0,124
6182,0,12375743964,12375743826,0,0,138
6183,0,12377746365,12377746255,0,0,110
6184,0,12379749786,12379749701,0,0,84
6185,0,12381751215,12381751103,0,0,112
6186,0,12383753112,12383753029,0,0,83
6187,0,12385755917,12385755794,0,0,123
6188,0,12387758827,12387758752,0,0,75
6189,0,12389760901,12389760780,0,0,121
6190,0,12391763468,12391763366,0,0,102
6191,0,12393764384,12393764263,0,0,120
6192,0,12395766528,12395766449,0,0,78
6193,0,12397769116,12397768990,0,0,125
6194,0,12399771285,12399771201,0,0,84
6195,0,12401773339,12401773252,0,0,86
6196,0,12403775784,12403775667,0,0,116
6197,0,12405777026,12405776912,0,0,114
6198,0,12407778615,12407778510,0,0,104
6199,0,12409781704,12409781631,0,0,72
6200,0,12411784516,12411784438,0,0,78
6201,0,12413786574,12413786487,0,0,86
6202,0,12415788773,12415788668,0,0,104
6203,0,12417790808,12417790649,0,0,159
6204,0,12419793700,12419793580,0,0,119
6205,0,12421797438,12421797295,0,0,142
6206,0,12423798357,12423798223,0,0,134
6207,0,12425800548,12425800417,0,0,130
6208,0,12427802184,12427802051,0,0,132
6209,0,12429804575,12429804435,0,0,139
6210,0,12431806626,12431806515,0,0,111
6211,0,12433808986,12433808876,0,0,110
6212,0,12435811388,12435811259,0,0,128
6213,0,12437813045,12437812934,0,0,111
6214,0,12439815204,12439815083,0,0,120
6215,0,12441817575,12441817466,0,0,109
6216,0,12443819600,12443819496,0,0,103
6217,0,12445822065,12445821934,0,0,130
6218,0,12447824137,12447824028,0,0,108
6219,0,12449826260,12449826130,0,0,130
6220,0,12451828950,12451828848,0,0,102
6221,0,12453831946,12453831820,0,0,125
6222,0,12455834112,12455833987,0,0,124
6223,0,12457835824,12457835719,0,0,104
6224,0,12459838806,12459838678,0,0,128
6225,0,12461839562,12461839420,0,0,142
6226,0,12463841759,12463841676,0,0,83
6227,0,12465845800,12465845656,0,0,144
6228,0,12467846407,12467846274,0,0,132
6229,0,12469848758,12469848631,0,0,127
6230,0,12471850561,12471850460,0,0,100
6231,0,12473852925,12473852803,0,0,122
6232,0,12475855285,12475855137,0,0,148
6233,0,12477857600,12477857472,0,0,128
6234,0,12479860080,12479859957,0,0,123
6235,0,12481862161,12481862031,0,0,130
6236,0,12483864528,12483864384,0,0,144
6237,0,12485866692,12485866543,0,0,148
6238,0,12487868932,12487868802,0,0,130
6239,0,12489870829,12489870716,0,0,112
6240,0,12491873417,12491873312,0,0,104
6241,0,12493875258,12493875109,0,0,148
6242,0,12495877699,12495877604,0,0,94
6243,0,12497881342,12497881219,0,0,123
6244,0,12499883125,12499883004,0,0,120
6245,0,12501885103,12501884979,0,0,123
6246,0,12503886635,12503886530,0,0,105
6247,0,12505888426,12505888288,0,0,138
6248,0,12507890970,12507890825,0,0,144
6249,0,12509893092,12509892978,0,0,113
6250,0,12511895894,12511895804,0,0,89
6251,0,12513897980,12513897851,0,0,128
6252,0,12515900365,12515900258,0,0,107
6253,0,12517902833,12517902693,0,0,140
6254,0,12519906276,12519906187,0,0,88
6255,0,12521908299,12521908176,0,0,123
6256,0,12523909737,12523909626,0,0,110
6257,0,12525910530,12525910391,0,0,138
6258,0,12527912292,12527912178,0,0,114
6259,0,12529914973,12529914848,0,0,124
6260,0,12531916869,12531916749,0,0,120
6261,0,12533920122,12533919995,0,0,127
6262,0,12535923084,12535922970,0,0,114
6263,0,12537924440,12537924339,0,0,100
6264,0,12539926761,12539926653,0,0,107
6265,0,12541928701,12541928585,0,0,116
6266,0,12543930728,12543930614,0,0,114
6267,0,12545933588,12545933455,0,0,132
6268,0,12547935792,12547935651,0,0,141
6269,0,12549938498,12549938357,0,0,141
6270,0,12551941116,12551940992,0,0,124
6271,0,12553942307,12553942175,0,0,132
6272,0,12555944530,12555944425,0,0,104
6273,0,12557946619,12557946475,0,0,143
6274,0,12559949464,12559949377,0,0,86
6275,0,12561952828,12561952725,0,0,102
6276,0,12563954626,12563954501,0,0,125
6277,0,12565956719,12565956590,0,0,129
6278,0,12567958114,12567957987,0,0,127
6279,0,12569959792,12569959685,0,0,106
6280,0,12571962364,12571962256,0,0,107
6281,0,12573964301,12573964174,0,0,126
6282,0,12575967964,12575967887,0,0,76
6283,0,12577968849,12577968728,0,0,121
6284,0,12579971345,12579971263,0,0,81
6285,0,12581974685,12581974560,0,0,124
6286,0,12583977139,12583977051,0,0,87
6287,0,12585979136,12585979015,0,0,121
6288,0,12587980056,12587979924,0,0,131
6289,0,12589982492,12589982369,0,0,123
6290,0,12591985063,12591984959,0,0,104
6291,0,12593987789,12593987640,0,0,148
6292,0,12595989414,12595989285,0,0,128
6293,0,12597991604,12597991477,0,0,127
6294,0,12599994096,12599993986,0,0,110
6295,0,12601995625,12601995496,0,0,128
6296,0,12603998337,12603998204,0,0,132
6297,0,12606000562,12606000436,0,0,125
6298,0,12608003566,12608003421,0,0,144
6299,0,12610004634,12610004489,0,0,144
6300,0,12612007002,12612006854,0,0,148
6301,0,12614008968,12614008815,0,0,152
6302,0,12616012635,12616012498,0,0,136
6303,0,12618014028,12618013878,0,0,150
6304,0,12620017105,12620016977,0,0,128
6305,0,12622017854,12622017712,0,0,142
6306,0,12624020441,12624020296,0,0,144
6307,0,12626022350,12626022211,0,0,139
6308,0,12628024973,12628024836,0,0,137
6309,0,12630026931,12630026784,0,0,147
6310,0,12632028634,12632028503,0,0,131
6311,0,12634031234,12634031107,0,0,126
6312,0,12636033960,12636033807,0,0,152
6313,0,12638035874,12638035745,0,0,128
6314,0,12640038051,12640037919,0,0,132
6315,0,12642040603,12642040490,0,0,112
6316,0,12644042153,12644042050,0,0,103
6317,0,12646045175,12646045063,0,0,112
6318,0,12648047797,12648047694,0,0,103
6319,0,12650049006,12650048921,0,0,85
6320,0,12652051051,12652050944,0,0,107
6321,0,12654053171,12654053057,0,0,114
6322,0,12656055889,12656055813,0,0,76
6323,0,12658057780,12658057670,0,0,110
6324,0,12660059944,12660059844,0,0,100
6325,0,12662062116,12662062012,0,0,104
6326,0,12664064285,12664064174,0,0,110
6327,0,12666068946,12666068860,0,0,85
6328,0,12668069586,12668069469,0,0,116
6329,0,12670071246,12670071128,0,0,118
6330,0,12672073717,12672073597,0,0,120
6331,0,12674076168,12674076047,0,0,121
6332,0,12676077738,12676077617,0,0,120
6333,0,12678079782,12678079667,0,0,114
6334,0,12680083514,12680083406,0,0,107
6335,0,12682085836,12682085727,0,0,109
6336,0,12684086870,12684086767,0,0,103
6337,0,12686089100,12686088991,0,0,108
6338,0,12688091521,12688091447,0,0,74
6339,0,12690093157,12690093047,0,0,110
6340,0,12692095933,12692095807,0,0,125
6341,0,12694098809,12694098663,0,0,146
6342,0,12696099966,12696099844,0,0,122
6343,0,12698102449,12698102321,0,0,128
6344,0,12700104308,12700104174,0,0,134
6345,0,12702106923,12702106765,0,0,158
6346,0,12704109325,12704109215,0,0,109
6347,0,12706111141,12706111015,0,0,125
6348,0,12708113510,12708113392,0,0,118
6349,0,12710116894,12710116766,0,0,128
6350,0,12712119074,12712118981,0,0,93
6351,0,12714120235,12714120124,0,0,110
6352,0,12716122162,12716121999,0,0,163
6353,0,12718124665,12718124543,0,0,122
6354,0,12720127357,12720127249,0,0,108
6355,0,12722129973,12722129859,0,0,114
6356,0,12724131533,12724131431,0,0,102
6357,0,12726133261,12726133114,0,0,146
6358,0,12728135433,12728135333,0,0,100
6359,0,12730138061,12730137948,0,0,112
6360,0,12732141062,12732140941,0,0,121
6361,0,12734142681,12734142533,0,0,148
6362,0,12736144559,12736144456,0,0,103
6363,0,12738146274,12738146149,0,0,124
6364,0,12740147894,12740147759,0,0,134
6365,0,12742151462,12742151342,0,0,120
6366,0,12744153771,12744153683,0,0,88
6367,0,12746155690,12746155573,0,0,116
6368,0,12748158332,12748158227,0,0,104
6369,0,12750160295,12750160175,0,0,120
6370,0,12752162608,12752162491,0,0,116
6371,0,12754164322,12754164206,0,0,116
6372,0,12756167460,12756167321,0,0,139
6373,0,12758169215,12758169074,0,0,141
6374,0,12760171330,12760171222,0,0,108
6375,0,12762173733,12762173611,0,0,122
6376,0,12764176286,12764176168,0,0,118
6377,0,12766178881,12766178765,0,0,116
6378,0,12768180626,12768180510,0,0,116
6379,0,12770183199,12770183094,0,0,105
6380,0,12772185005,12772184912,0,0,92
6381,0,12774187656,12774187534,0,0,122
6382,0,12776190410,12776190305,0,0,104
6383,0,12778191507,12778191376,0,0,130
6384,0,12780193681,12780193570,0,0,111
6385,0,12782195393,12782195285,0,0,108
6386,0,12784197795,12784197707,0,0,87
6387,0,12786199942,12786199801,0,0,141
6388,0,12788202773,12788202631,0,0,141
6389,0,12790204483,12790204325,0,0,157
6390,0,12792206873,12792206770,0,0,102
6391,0,12794208867,12794208743,0,0,123
6392,0,12796212049,12796211936,0,0,112
6393,0,12798214415,12798214280,0,0,134
6394,0,12800215602,12800215489,0,0,112
6395,0,12802217758,12802217613,0,0,144
6396,0,12804220181,12804220074,0,0,106
6397,0,12806222461,12806222344,0,0,116
6398,0,12808225087,12808225007,0,0,79
6399,0,12810227752,12810227642,0,0,110
6400,0,12812228808,12812228684,0,0,124
6401,0,12814231603,12814231472,0,0,130
6402,0,12816233438,12816233325,0,0,112
6403,0,12818235114,12818235006,0,0,107
6404,0,12820237657,12820237537,0,0,120
6405,0,12822241072,12822240925,0,0,147
6406,0,12824243008,12824242904,0,0,104
6407,0,12826244467,12826244340,0,0,126
6408,0,12828247411,12828247287,0,0,123
6409,0,12830249238,12830249125,0,0,112
6410,0,12832251297,12832251185,0,0,112
6411,0,12834253592,12834253458,0,0,134
6412,0,12836256238,12836256117,0,0,120
6413,0,12838259078,12838258959,0,0,119
6414,0,12840261698,12840261575,0,0,122
6415,0,12842262968,12842262836,0,0,132
6416,0,12844264625,12844264488,0,0,137
6417,0,12846267337,12846267190,0,0,146
6418,0,12848270011,12848269886,0,0,124
6419,0,12850271208,12850271107,0,0,101
6420,0,12852274296,12852274179,0,0,116
6421,0,12854276928,12854276804,0,0,123
6422,0,12856278305,12856278183,0,0,122
6423,0,12858280335,12858280210,0,0,125
6424,0,12860282582,12860282433,0,0,148
6425,0,12862284876,12862284741,0,0,134
6426,0,12864287638,12864287505,0,0,132
6427,0,12866291897,12866291750,0,0,146
6428,0,12868291310,12868291189,0,0,120
6429,0,12870293941,12870293803,0,0,138
6430,0,12872296146,12872296017,0,0,128
6431,0,12874297979,12874297831,0,0,147
6432,0,12876300049,12876299915,0,0,134
6433,0,12878302718,12878302589,0,0,128
6434,0,12880305050,12880304961,0,0,88
6435,0,12882307294,12882307208,0,0,85
6436,0,12884309944,12884309870,0,0,74
6437,0,12886313160,12886313053,0,0,106
6438,0,12888314569,12888314492,0,0,76
6439,0,12890315561,12890315483,0,0,78
6440,0,12892318731,12892318651,0,0,80
6441,0,12894321552,12894321444,0,0,107
6442,0,12896322525,12896322393,0,0,132
6443,0,12898324705,12898324594,0,0,110
6444,0,12900327588,12900327485,0,0,103
6445,0,12902330161,12902330029,0,0,132
6446,0,12904332262,12904332114,0,0,148
6447,0,12906335175,12906335040,0,0,134
6448,0,12908336866,12908336719,0,0,147
6449,0,12910338245,12910338108,0,0,137
6450,0,12912340289,12912340182,0,0,106
6451,0,12914342380,12914342276,0,0,104
6452,0,12916344958,12916344841,0,0,116
6453,0,12918346808,12918346695,0,0,113
6454,0,12920349601,12920349514,0,0,86
6455,0,12922350966,12922350862,0,0,103
6456,0,12924354359,12924354280,0,0,78
6457,0,12926358106,12926358004,0,0,102
6458,0,12928358546,12928358435,0,0,110
6459,0,12930360162,12930360040,0,0,122
6460,0,12932363281,12932363167,0,0,114
6461,0,12934366632,12934366511,0,0,121
6462,0,12936368097,12936367993,0,0,104
6463,0,12938369562,12938369460,0,0,102
6464,0,12940371269,12940371155,0,0,114
6465,0,12942374260,12942374137,0,0,122
6466,0,12944377345,12944377224,0,0,120
6467,0,12946378694,12946378564,0,0,130
6468,0,12948381586,12948381442,0,0,143
6469,0,12950384022,12950383857,0,0,164
6470,0,12952384944,12952384807,0,0,137
6471,0,12954386787,12954386660,0,0,127
6472,0,12956389087,12956388950,0,0,136
6473,0,12958391048,12958390910,0,0,138
6474,0,12960394015,12960393880,0,0,134
6475,0,12962396042,12962395910,0,0,132
6476,0,12964398903,12964398899,0,0,4
6477,0,12966404539,12966404380,0,0,159
6478,0,12968404195,12968404062,0,0,132
6479,0,12970406133,12970406000,0,0,132
6480,0,12972407290,12972407143,0,0,146
6481,0,12974410120,12974409976,0,0,143
6482,0,12976412909,12976412804,0,0,105
6483,0,12978414135,12978414007,0,0,128
6484,0,12980416388,12980416256,0,0,132
6485,0,12982418564,12982418421,0,0,142
6486,0,12984420764,12984420651,0,0,112
6487,0,12986422608,12986422491,0,0,117
6488,0,12988425642,12988425523,0,0,119
6489,0,12990427830,12990427711,0,0,119
6490,0,12992429860,12992429751,0,0,108
6491,0,12994432696,12994432573,0,0,123
6492,0,12996433989,12996433871,0,0,117
6493,0,12998435872,12998435734,0,0,137
6494,0,13000438602,13000438467,0,0,134
6495,0,13002440928,13002440806,0,0,122
6496,0,13004444269,13004444128,0,0,141
6497,0,13006446564,13006446431,0,0,132
6498,0,13008448577,13008448471,0,0,105
6499,0,13010451072,13010450951,0,0,121
6500,0,13012453206,13012453075,0,0,130
6501,0,13014454452,13014454312,0,0,139
6502,0,13016456323,13016456253,0,0,70
6503,0,13018458278,13018458170,0,0,107
6504,0,13020460465,13020460361,0,0,103
6505,0,13022462884,13022462776,0,0,107
6506,0,13024466040,13024465924,0,0,115
6507,0,13026468364,13026468223,0,0,141
6508,0,13028470108,13028470024,0,0,84
6509,0,13030473235,13030473091,0,0,144
6510,0,13032475480,13032475346,0,0,134
6511,0,13034477462,13034477326,0,0,135
6512,0,13036478047,13036477903,0,0,143
6513,0,13038480541,13038480414,0,0,126
6514,0,13040482877,13040482759,0,0,118
6515,0,13042484670,13042484537,0,0,132
6516,0,13044488905,13044488763,0,0,142
6517,0,13046490170,13046490039,0,0,131
6518,0,13048491550,13048491438,0,0,112
6519,0,13050493525,13050493413,0,0,112
6520,0,13052496269,13052496164,0,0,104
6521,0,13054498441,13054498303,0,0,138
6522,0,13056501223,13056501098,0,0,124
6523,0,13058503678,13058503538,0,0,139
6524,0,13060504851,13060504731,0,0,120
6525,0,13062507557,13062507442,0,0,115
6526,0,13064509578,13064509469,0,0,108
6527,0,13066513227,13066513113,0,0,114
6528,0,13068514237,13068514109,0,0,128
6529,0,13070516346,13070516202,0,0,143
6530,0,13072518357,13072518249,0,0,108
6531,0,13074520591,13074520474,0,0,116
6532,0,13076523400,13076523301,0,0,98
6533,0,13078526404,13078526282,0,0,122
6534,0,13080527143,13080527026,0,0,116
6535,0,13082530497,13082530375,0,0,122
6536,0,13084531816,13084531706,0,0,110
6537,0,13086533860,13086533725,0,0,134
6538,0,13088536548,13088536461,0,0,86
6539,0,13090539316,13090539186,0,0,130
6540,0,13092540833,13092540728,0,0,105
6541,0,13094543377,13094543270,0,0,107
6542,0,13096545848,13096545765,0,0,83
6543,0,13098547473,13098547352,0,0,121
6544,0,13100549677,13100549556,0,0,121
6545,0,13102551722,13102551617,0,0,104
6546,0,13104553919,13104553813,0,0,105
6547,0,13106556672,13106556564,0,0,108
6548,0,13108561203,13108561116,0,0,87
6549,0,13110562755,13110562629,0,0,125
6550,0,13112563064,13112562979,0,0,84
6551,0,13114565033,13114564917,0,0,115
6552,0,13116567448,13116567319,0,0,128
6553,0,13118569575,13118569462,0,0,112
6554,0,13120571834,13120571732,0,0,102
6555,0,13122575496,13122575371,0,0,125
6556,0,13124576211,13124576094,0,0,116
6557,0,13126578293,13126578188,0,0,105
6558,0,13128580938,13128580820,0,0,118
6559,0,13130583457,13130583345,0,0,112
6560,0,13132585968,13132585864,0,0,104
6561,0,13134587188,13134587055,0,0,132
6562,0,13136589261,13136589156,0,0,105
6563,0,13138591412,13138591296,0,0,115
6564,0,13140594008,13140593901,0,0,107
6565,0,13142596588,13142596451,0,0,137
6566,0,13144598322,13144598202,0,0,120
6567,0,13146600296,13146600184,0,0,112
6568,0,13148603005,13148602898,0,0,107
6569,0,13150604811,13150604682,0,0,128
6570,0,13152607306,13152607200,0,0,105
6571,0,13154609648,13154609523,0,0,124
6572,0,13156611826,13156611743,0,0,83
6573,0,13158614588,13158614460,0,0,128
6574,0,13160617534,13160617391,0,0,143
6575,0,13162618262,13162618155,0,0,106
6576,0,13164620346,13164620219,0,0,126
6577,0,13166624310,13166624184,0,0,126
6578,0,13168625011,13168624903,0,0,108
6579,0,13170626910,13170626786,0,0,123
6580,0,13172629786,13172629658,0,0,128
6581,0,13174631672,13174631545,0,0,127
6582,0,13176634037,13176633950,0,0,87
6583,0,13178636323,13178636217,0,0,105
6584,0,13180638465,13180638360,0,0,105
6585,0,13182640850,13182640734,0,0,115
6586,0,13184643178,13184643074,0,0,104
6587,0,13186645230,13186645131,0,0,98
6588,0,13188647103,13188646994,0,0,108
6589,0,13190650235,13190650123,0,0,112
6590,0,13192653815,13192653712,0,0,102
6591,0,13194654801,13194654694,0,0,106
6592,0,13196655945,13196655841,0,0,103
6593,0,13198659353,13198659249,0,0,103
6594,0,13200661106,13200660988,0,0,118
6595,0,13202662660,13202662519,0,0,141
6596,0,13204665462,13204665316,0,0,146
6597,0,13206667693,13206667552,0,0,140
6598,0,13208669287,13208669182,0,0,104
6599,0,13210671755,13210671626,0,0,129
6600,0,13212673532,13212673432,0,0,100
6601,0,13214674880,13214674764,0,0,116
6602,0,13216678970,13216678864,0,0,105
6603,0,13218680689,13218680559,0,0,129
6604,0,13220683970,13220683886,0,0,84
6605,0,13222687191,13222687042,0,0,148
6606,0,13224688472,13224688337,0,0,134
6607,0,13226690053,13226689935,0,0,118
6608,0,13228693020,13228692882,0,0,138
6609,0,13230693952,13230693835,0,0,116
6610,0,13232696226,13232696103,0,0,123
6611,0,13234698521,13234698392,0,0,128
6612,0,13236701523,13236701407,0,0,116
6613,0,13238703816,13238703694,0,0,122
6614,0,13240705746,13240705669,0,0,76
6615,0,13242708680,13242708572,0,0,108
6616,0,13244710102,13244709955,0,0,147
6617,0,13246711914,13246711804,0,0,110
6618,0,13248714502,13248714359,0,0,143
6619,0,13250717203,13250717059,0,0,143
6620,0,13252719909,13252719755,0,0,154
6621,0,13254721240,13254721098,0,0,142
6622,0,13256722952,13256722797,0,0,155
6623,0,13258725629,13258725464,0,0,164
6624,0,13260727715,13260727598,0,0,116
6625,0,13262729605,13262729467,0,0,138
6626,0,13264732215,13264732072,0,0,143
6627,0,13266735260,13266735116,0,0,143
6628,0,13268736629,13268736499,0,0,130
6629,0,13270738298,13270738147,0,0,150
6630,0,13272740132,13272739986,0,0,146
6631,0,13274741808,13274741658,0,0,149
6632,0,13276746157,13276746072,0,0,84
6633,0,13278747292,13278747156,0,0,135
6634,0,13280749892,13280749766,0,0,126
6635,0,13282752091,13282751944,0,0,146
6636,0,13284754844,13284754700,0,0,144
6637,0,13286757806,13286757680,0,0,125
6638,0,13288758643,13288758541,0,0,102
6639,0,13290761445,13290761311,0,0,134
6640,0,13292764233,13292764089,0,0,143
6641,0,13294765289,13294765150,0,0,139
6642,0,13296767347,13296767222,0,0,124
6643,0,13298769426,13298769296,0,0,130
6644,0,13300772406,13300772285,0,0,121
6645,0,13302775395,13302775251,0,0,143
6646,0,13304776173,13304776051,0,0,121
6647,0,13306778675,13306778570,0,0,104
6648,0,13308780931,13308780808,0,0,122
6649,0,13310784109,13310783992,0,0,116
6650,0,13312786510,13312786401,0,0,108
6651,0,13314787598,13314787469,0,0,128
6652,0,13316790757,13316790635,0,0,122
6653,0,13318791681,13318791534,0,0,146
6654,0,13320793820,13320793734,0,0,85
6655,0,13322796047,13322795901,0,0,146
6656,0,13324798755,13324798629,0,0,126
6657,0,13326801312,13326801188,0,0,124
6658,0,13328804986,13328804861,0,0,124
6659,0,13330805951,13330805835,0,0,115
6660,0,13332807801,13332807686,0,0,114
6661,0,13334809573,13334809442,0,0,130
6662,0,13336811481,13336811392,0,0,89
6663,0,13338813729,13338813616,0,0,112
6664,0,13340816725,13340816623,0,0,102
6665,0,13342818478,13342818355,0,0,123
6666,0,13344821411,13344821305,0,0,105
6667,0,13346823651,13346823516,0,0,134
6668,0,13348825909,13348825808,0,0,101
6669,0,13350829408,13350829269,0,0,138
6670,0,13352830649,13352830546,0,0,103
6671,0,13354832976,13354832855,0,0,121
6672,0,13356834168,13356834053,0,0,114
6673,0,13358836418,13358836290,0,0,128
6674,0,13360838986,13360838880,0,0,105
6675,0,13362840610,13362840497,0,0,112
6676,0,13364843487,13364843388,0,0,98
6677,0,13366846444,13366846339,0,0,105
6678,0,13368847692,13368847607,0,0,85
6679,0,13370849495,13370849368,0,0,126
6680,0,13372852880,13372852755,0,0,125
6681,0,13374855539,13374855435,0,0,104
6682,0,13376856961,13376856872,0,0,88
6683,0,13378859576,13378859441,0,0,134
6684,0,13380860719,13380860614,0,0,104
6685,0,13382862780,13382862649,0,0,130
6686,0,13384865422,13384865305,0,0,116
6687,0,13386867513,13386867391,0,0,121
6688,0,13388869591,13388869480,0,0,110
6689,0,13390872402,13390872273,0,0,128
6690,0,13392874214,13392874132,0,0,82
6691,0,13394877340,13394877208,0,0,131
6692,0,13396879315,13396879202,0,0,112
6693,0,13398882310,13398882206,0,0,104
6694,0,13400882916,13400882855,0,0,60
6695,0,13402885159,13402885044,0,0,114
6696,0,13404887650,13404887541,0,0,108
6697,0,13406889725,13406889613,0,0,112
6698,0,13408892975,13408892869,0,0,106
6699,0,13410895053,13410894937,0,0,116
6700,0,13412896375,13412896292,0,0,82
6701,0,13414898935,13414898803,0,0,132
6702,0,13416901059,13416900979,0,0,80
6703,0,13418902870,13418902743,0,0,126
6704,0,13420905104,13420904978,0,0,125
6705,0,13422907683,13422907568,0,0,115
6706,0,13424909611,13424909508,0,0,103
6707,0,13426911713,13426911600,0,0,112
6708,0,13428914456,13428914342,0,0,114
6709,0,13430916436,13430916325,0,0,110
6710,0,13432920465,13432920332,0,0,132
6711,0,13434922213,13434922105,0,0,107
6712,0,13436923602,13436923526,0,0,76
6713,0,13438925244,13438925132,0,0,112
6714,0,13440927842,13440927754,0,0,87
6715,0,13442930046,13442929926,0,0,119
6716,0,13444932624,13444932503,0,0,121
6717,0,13446935548,13446935404,0,0,144
6718,0,13448936368,13448936253,0,0,114
6719,0,13450938833,13450938708,0,0,124
6720,0,13452940963,13452940854,0,0,108
6721,0,13454943411,13454943301,0,0,110
6722,0,13456945167,13456945046,0,0,121
6723,0,13458947140,13458946999,0,0,141
6724,0,13460949286,13460949147,0,0,139
6725,0,13462952168,13462952022,0,0,146
6726,0,13464954535,13464954413,0,0,122
6727,0,13466958190,13466958047,0,0,142
6728,0,13468958755,13468958638,0,0,116
6729,0,13470961717,13470961599,0,0,118
6730,0,13472963521,13472963406,0,0,114
6731,0,13474965247,13474965104,0,0,142
6732,0,13476967816,13476967689,0,0,126
6733,0,13478971035,13478970912,0,0,123
6734,0,13480972652,13480972544,0,0,107
6735,0,13482975089,13482974977,0,0,112
6736,0,13484977652,13484977535,0,0,116
6737,0,13486979230,13486979097,0,0,132
6738,0,13488981303,13488981164,0,0,139
6739,0,13490983301,13490983156,0,0,145
6740,0,13492985766,13492985638,0,0,128
6741,0,13494988456,13494988312,0,0,144
6742,0,13496991038,13496990932,0,0,105
6743,0,13498992395,13498992250,0,0,144
6744,0,13500994573,13500994444,0,0,128
6745,0,13502996325,13502996167,0,0,158
6746,0,13504999037,13504998923,0,0,114
6747,0,13507000860,13507000732,0,0,128
6748,0,13509003450,13509003339,0,0,111
6749,0,13511006838,13511006705,0,0,132
6750,0,13513007756,13513007649,0,0,106
6751,0,13515010548,13515010420,0,0,128
6752,0,13517012507,13517012404,0,0,103
6753,0,13519015153,13519015034,0,0,119
6754,0,13521017650,13521017515,0,0,134
6755,0,13523018897,13523018755,0,0,142
6756,0,13525021083,13525020960,0,0,123
6757,0,13527023393,13527023253,0,0,140
6758,0,13529025595,13529025480,0,0,114
6759,0,13531027776,13531027647,0,0,128
6760,0,13533029923,13533029791,0,0,132
6761,0,13535031688,13535031574,0,0,114
6762,0,13537034862,13537034731,0,0,130
6763,0,13539037939,13539037788,0,0,150
6764,0,13541039101,13541038997,0,0,103
6765,0,13543041597,13543041418,0,0,178
6766,0,13545043153,13545043032,0,0,121
6767,0,13547045585,13547045421,0,0,164
6768,0,13549048625,13549048478,0,0,147
6769,0,13551049894,13551049750,0,0,143
6770,0,13553052220,13553052110,0,0,110
6771,0,13555054761,13555054633,0,0,128
6772,0,13557056726,13557056600,0,0,125
6773,0,13559059085,13559058963,0,0,122
6774,0,13561060743,13561060639,0,0,104
6775,0,13563062779,13563062647,0,0,132
6776,0,13565064126,13565064012,0,0,114
6777,0,13567068680,13567068542,0,0,137
6778,0,13569070406,13569070285,0,0,121
6779,0,13571072188,13571072041,0,0,147
6780,0,13573074514,13573074525,0,0,-10
6781,0,13575076463,13575076315,0,0,148
6782,0,13577078756,13577078638,0,0,118
6783,0,13579081217,13579081093,0,0,124
6784,0,13581082851,13581082719,0,0,132
6785,0,13583084831,13583084714,0,0,116
6786,0,13585087910,13585087811,0,0,98
6787,0,13587089510,13587089389,0,0,121
6788,0,13589092499,13589092396,0,0,103
6789,0,13591094137,13591094021,0,0,115
6790,0,13593096572,13593096458,0,0,114
6791,0,13595098387,13595098269,0,0,118
6792,0,13597100874,13597100806,0,0,68
6793,0,13599103676,13599103556,0,0,119
6794,0,13601106528,13601106420,0,0,108
6795,0,13603108749,13603108613,0,0,135
6796,0,13605110479,13605110395,0,0,84
6797,0,13607113450,13607113316,0,0,134
6798,0,13609115058,13609114970,0,0,87
6799,0,13611117350,13611117218,0,0,132
6800,0,13613119693,13613119579,0,0,113
6801,0,13615121389,13615121275,0,0,114
6802,0,13617123343,13617123238,0,0,104
6803,0,13619125868,13619125743,0,0,124
6804,0,13621128206,13621128078,0,0,127
6805,0,13623129938,13623129815,0,0,123
6806,0,13625132467,13625132340,0,0,126
6807,0,13627135871,13627135770,0,0,101
6808,0,13629136591,13629136475,0,0,115
6809,0,13631138985,13631138848,0,0,137
6810,0,13633141644,13633141521,0,0,123
6811,0,13635144950,13635144824,0,0,126
6812,0,13637146703,13637146595,0,0,108
6813,0,13639147657,13639147544,0,0,112
6814,0,13641149956,13641149835,0,0,121
6815,0,13643152719,13643152583,0,0,135
6816,0,13645154595,13645154468,0,0,126
6817,0,13647156786,13647156656,0,0,130
6818,0,13649159017,13649158912,0,0,104
6819,0,13651161271,13651161169,0,0,101
6820,0,13653163704,13653163579,0,0,124
6821,0,13655165937,13655165808,0,0,128
6822,0,13657168608,13657168504,0,0,103
6823,0,13659170513,13659170413,0,0,100
6824,0,13661172519,13661172395,0,0,124
6825,0,13663174406,13663174301,0,0,104
6826,0,13665177200,13665177097,0,0,103
6827,0,13667181610,13667181525,0,0,85
6828,0,13669181245,13669181127,0,0,118
6829,0,13671183560,13671183434,0,0,125
6830,0,13673185794,13673185707,0,0,86
6831,0,13675188040,13675187936,0,0,104
6832,0,13677190460,13677190332,0,0,127
6833,0,13679192217,13679192109,0,0,108
6834,0,13681194661,13681194540,0,0,121
6835,0,13683196469,13683196357,0,0,112
6836,0,13685199336,13685199225,0,0,110
6837,0,13687201404,13687201271,0,0,132
6838,0,13689203218,13689203136,0,0,82
6839,0,13691205348,13691205240,0,0,107
6840,0,13693207986,13693207869,0,0,116
6841,0,13695209927,13695209819,0,0,107
6842,0,13697212059,13697211955,0,0,104
6843,0,13699214777,13699214658,0,0,118
6844,0,13701216875,13701216750,0,0,124
6845,0,13703218713,13703218605,0,0,107
6846,0,13705220962,13705220859,0,0,103
6847,0,13707224095,13707223986,0,0,108
6848,0,13709226769,13709226652,0,0,116
6849,0,13711227458,13711227341,0,0,116
6850,0,13713229909,13713229806,0,0,102
6851,0,13715232121,13715231991,0,0,130
6852,0,13717235667,13717235539,0,0,128
6853,0,13719237619,13719237478,0,0,141
6854,0,13721239496,13721239391,0,0,105
6855,0,13723241721,13723241599,0,0,121
6856,0,13725243459,13725243314,0,0,144
6857,0,13727246275,13727246139,0,0,136
6858,0,13729249878,13729249732,0,0,146
6859,0,13731250989,13731250832,0,0,157
6860,0,13733252384,13733252279,0,0,104
6861,0,13735255727,13735255566,0,0,161
6862,0,13737258434,13737258293,0,0,141
6863,0,13739260480,13739260341,0,0,139
6864,0,13741262062,13741261931,0,0,130
6865,0,13743265676,13743265528,0,0,148
6866,0,13745266149,13745266026,0,0,123
6867,0,13747268193,13747268074,0,0,119
6868,0,13749270457,13749270326,0,0,130
6869,0,13751272639,13751272508,0,0,130
6870,0,13753274365,13753274253,0,0,112
6871,0,13755277884,13755277753,0,0,130
6872,0,13757280667,13757280541,0,0,125
6873,0,13759282431,13759282318,0,0,112
6874,0,13761283627,13761283513,0,0,114
6875,0,13763286010,13763285869,0,0,141
6876,0,13765288477,13765288368,0,0,108
6877,0,13767293429,13767293306,0,0,122
6878,0,13769293453,13769293343,0,0,110
6879,0,13771295170,13771295061,0,0,108
6880,0,13773298020,13773297892,0,0,128
6881,0,13775299211,13775299083,0,0,128
6882,0,13777301243,13777301126,0,0,116
6883,0,13779303860,13779303736,0,0,124
6884,0,13781306320,13781306193,0,0,127
6885,0,13783310341,13783310205,0,0,136
6886,0,13785310815,13785310689,0,0,125
6887,0,13787313514,13787313365,0,0,148
6888,0,13789314865,13789314761,0,0,103
6889,0,13791316513,13791316370,0,0,142
6890,0,13793319494,13793319375,0,0,118
6891,0,13795321915,13795321792,0,0,123
6892,0,13797324460,13797324377,0,0,83
6893,0,13799326630,13799326512,0,0,118
6894,0,13801329188,13801329110,0,0,77
6895,0,13803330213,13803330101,0,0,112
6896,0,13805332809,13805332662,0,0,146
6897,0,13807334754,13807334631,0,0,122
6898,0,13809336786,13809336655,0,0,131
6899,0,13811339508,13811339354,0,0,154
6900,0,13813341813,13813341692,0,0,120
6901,0,13815343822,13815343671,0,0,150
6902,0,13817346395,13817346273,0,0,122
6903,0,13819349354,13819349205,0,0,148
6904,0,13821351076,13821350960,0,0,116
6905,0,13823353120,13823352995,0,0,124
6906,0,13825354805,13825354674,0,0,131
6907,0,13827356942,13827356802,0,0,140
6908,0,13829359429,13829359305,0,0,123
6909,0,13831361739,13831361590,0,0,148
6910,0,13833363583,13833363478,0,0,104
6911,0,13835366521,13835366397,0,0,124
6912,0,13837368993,13837368834,0,0,159
6913,0,13839369968,13839369834,0,0,134
6914,0,13841372430,13841372332,0,0,97
6915,0,13843374004,13843373897,0,0,106
6916,0,13845376125,13845376152,0,0,-26
6917,0,13847379289,13847379156,0,0,132
6918,0,13849381341,13849381240,0,0,101
6919,0,13851383155,13851383047,0,0,108
6920,0,13853385412,13853385327,0,0,85
6921,0,13855387844,13855387740,0,0,104
6922,0,13857390330,13857390225,0,0,104
6923,0,13859392382,13859392269,0,0,112
6924,0,13861396266,13861396165,0,0,101
6925,0,13863399032,13863398925,0,0,107
6926,0,13865400333,13865400206,0,0,127
6927,0,13867403062,13867402958,0,0,104
6928,0,13869403597,13869403456,0,0,141
6929,0,13871406114,13871406011,0,0,103
6930,0,13873408810,13873408707,0,0,102
6931,0,13875411331,13875411208,0,0,122
6932,0,13877413304,13877413186,0,0,118
6933,0,13879416150,13879416038,0,0,112
6934,0,13881417382,13881417271,0,0,110
6935,0,13883419053,13883418938,0,0,115
6936,0,13885421549,13885421444,0,0,104
6937,0,13887423420,13887423312,0,0,108
6938,0,13889426098,13889425984,0,0,114
6939,0,13891428447,13891428304,0,0,142
6940,0,13893430741,13893430638,0,0,103
6941,0,13895432382,13895432269,0,0,112
6942,0,13897435121,13897435017,0,0,104
6943,0,13899438592,13899438480,0,0,111
6944,0,13901440089,13901439987,0,0,102
6945,0,13903441355,13903441238,0,0,116
6946,0,13905444787,13905444706,0,0,80
6947,0,13907447570,13907447462,0,0,107
6948,0,13909449293,13909449173,0,0,119
6949,0,13911450045,13911449934,0,0,111
6950,0,13913451950,13913451841,0,0,109
6951,0,13915453658,13915453545,0,0,112
6952,0,13917457671,13917457586,0,0,85
6953,0,13919460824,13919460697,0,0,126
6954,0,13921462910,13921462795,0,0,114
6955,0,13923465154,13923465045,0,0,108
6956,0,13925466292,13925466188,0,0,103
6957,0,13927468712,13927468570,0,0,141
6958,0,13929471568,13929471456,0,0,112
6959,0,13931473102,13931472981,0,0,121
6960,0,13933475937,13933475826,0,0,110
6961,0,13935476905,13935476788,0,0,116
6962,0,13937479453,13937479370,0,0,83
6963,0,13939482149,13939482052,0,0,96
6964,0,13941485041,13941484931,0,0,110
6965,0,13943486651,13943486543,0,0,107
6966,0,13945488250,13945488137,0,0,112
6967,0,13947490051,13947489940,0,0,110
6968,0,13949492469,13949492365,0,0,104
6969,0,13951494697,13951494593,0,0,103
6970,0,13953497750,13953497646,0,0,104
6971,0,13955500022,13955499907,0,0,114
6972,0,13957501975,13957501871,0,0,103
6973,0,13959503627,13959503490,0,0,137
6974,0,13961505791,13961505686,0,0,105
6975,0,13963507499,13963507368,0,0,131
6976,0,13965510402,13965510297,0,0,104
6977,0,13967513930,13967513817,0,0,112
6978,0,13969515362,13969515219,0,0,143
6979,0,13971517696,13971517543,0,0,152
6980,0,13973519688,13973519539,0,0,148
6981,0,13975521240,13975521093,0,0,147
6982,0,13977523892,13977523757,0,0,134
6983,0,13979525604,13979525472,0,0,131
6984,0,13981529017,13981528884,0,0,132
6985,0,13983531658,13983531521,0,0,136
6986,0,13985533180,13985533053,0,0,127
6987,0,13987534583,13987534447,0,0,136
6988,0,13989537588,13989537512,0,0,76
6989,0,13991541474,13991541321,0,0,152
6990,0,13993542168,13993542045,0,0,123
6991,0,13995544118,13995544000,0,0,117
6992,0,13997546078,13997545935,0,0,142
6993,0,13999548626,13999548482,0,0,144
6994,0,14001550672,14001550566,0,0,106
6995,0,14003552449,14003552319,0,0,130
6996,0,14005555286,14005555175,0,0,111
6997,0,14007557584,14007557443,0,0,140
6998,0,14009559164,14009559044,0,0,120
6999,0,14011561197,14011561059,0,0,138
7000,0,14013563430,14013563289,0,0,141
7001,0,14015565981,14015565858,0,0,122
7002,0,14017568474,14017568358,0,0,116
7003,0,14019570682,14019570538,0,0,143
7004,0,14021572831,14021572728,0,0,103
7005,0,14023574838,14023574695,0,0,142
7006,0,14025577227,14025577070,0,0,157
7007,0,14027579048,14027578917,0,0,130
7008,0,14029582098,14029581992,0,0,106
7009,0,14031583492,14031583367,0,0,124
7010,0,14033586116,14033585997,0,0,119
7011,0,14035588430,14035588297,0,0,132
7012,0,14037590950,14037590805,0,0,145
7013,0,14039592399,14039592254,0,0,144
7014,0,14041595225,14041595099,0,0,125
7015,0,14043596543,14043596426,0,0,116
7016,0,14045598532,14045598412,0,0,119
7017,0,14047601153,14047600999,0,0,154
7018,0,14049604400,14049604272,0,0,127
7019,0,14051606776,14051606657,0,0,119
7020,0,14053608256,14053608119,0,0,137
7021,0,14055611408,14055611266,0,0,142
7022,0,14057613368,14057613248,0,0,120
7023,0,14059615819,14059615674,0,0,144
7024,0,14061618440,14061618306,0,0,134
7025,0,14063619634,14063619489,0,0,145
7026,0,14065621392,14065621283,0,0,108
7027,0,14067624811,14067624670,0,0,140
7028,0,14069626683,14069626545,0,0,138
7029,0,14071629357,14071629212,0,0,145
7030,0,14073630608,14073630477,0,0,131
7031,0,14075633244,14075633095,0,0,148
7032,0,14077634982,14077634880,0,0,102
7033,0,14079637090,14079636934,0,0,155
7034,0,14081639226,14081639113,0,0,112
7035,0,14083641621,14083641466,0,0,155
7036,0,14085644651,14085644513,0,0,138
7037,0,14087647123,14087646976,0,0,146
7038,0,14089648263,14089648109,0,0,154
7039,0,14091650768,14091650648,0,0,120
7040,0,14093654018,14093653886,0,0,132
7041,0,14095655574,14095655445,0,0,128
7042,0,14097658214,14097658095,0,0,119
7043,0,14099659386,14099659256,0,0,130
7044,0,14101661820,14101661687,0,0,132
7045,0,14103664325,14103664186,0,0,139
7046,0,14105666334,14105666200,0,0,134
7047,0,14107668346,14107668201,0,0,144
7048,0,14109670355,14109670235,0,0,120
7049,0,14111672886,14111672732,0,0,154
7050,0,14113675716,14113675596,0,0,120
7051,0,14115678200,14115678076,0,0,124
7052,0,14117680185,14117680056,0,0,128
7053,0,14119683378,14119683195,0,0,182
7054,0,14121684888,14121684770,0,0,118
7055,0,14123686314,14123686167,0,0,147
7056,0,14125688885,14125688739,0,0,146
7057,0,14127690880,14127690757,0,0,123
7058,0,14129692836,14129692728,0,0,108
7059,0,14131695171,14131695038,0,0,132
7060,0,14133698374,14133698271,0,0,102
7061,0,14135699496,14135699388,0,0,107
7062,0,14137702051,14137701933,0,0,118
7063,0,14139704435,14139704296,0,0,138
7064,0,14141707015,14141706912,0,0,103
7065,0,14143708082,14143708000,0,0,82
7066,0,14145710682,14145710573,0,0,108
7067,0,14147713157,14147713044,0,0,112
7068,0,14149715353,14149715229,0,0,124
7069,0,14151717638,14151717513,0,0,124
7070,0,14153719649,14153719550,0,0,98
7071,0,14155722413,14155722298,0,0,115
7072,0,14157724975,14157724898,0,0,76
7073,0,14159727036,14159726914,0,0,122
7074,0,14161729361,14161729272,0,0,88
7075,0,14163731699,14163731585,0,0,114
7076,0,14165734468,14165734365,0,0,103
7077,0,14167738341,14167738219,0,0,122
7078,0,14169738773,14169738669,0,0,104
7079,0,14171740741,14171740642,0,0,98
7080,0,14173741841,14173741723,0,0,117
7081,0,14175743836,14175743726,0,0,110
7082,0,14177746591,14177746486,0,0,104
7083,0,14179748379,14179748265,0,0,114
7084,0,14181750388,14181750298,0,0,90
7085,0,14183753197,14183753093,0,0,103
7086,0,14185754807,14185754723,0,0,84
7087,0,14187757531,14187757418,0,0,112
7088,0,14189758923,14189758824,0,0,98
7089,0,14191760404,14191760296,0,0,108
7090,0,14193764168,14193764021,0,0,146
7091,0,14195766227,14195766085,0,0,142
7092,0,14197768798,14197768660,0,0,138
7093,0,14199770410,14199770296,0,0,113
7094,0,14201772820,14201772671,0,0,148
7095,0,14203774661,14203774522,0,0,139
7096,0,14205777233,14205777123,0,0,110
7097,0,14207779141,14207779008,0,0,132
7098,0,14209782339,14209782216,0,0,122
7099,0,14211784964,14211784856,0,0,108
7100,0,14213786570,14213786471,0,0,99
7101,0,14215788217,14215788086,0,0,130
7102,0,14217790970,14217790892,0,0,78
7103,0,14219792766,14219792655,0,0,110
7104,0,14221795191,14221795080,0,0,110
7105,0,14223797758,14223797645,0,0,112
7106,0,14225800002,14225799871,0,0,130
7107,0,14227801981,14227801905,0,0,76
7108,0,14229804512,14229804392,0,0,120
7109,0,14231807225,14231807101,0,0,124
7110,0,14233808584,14233808449,0,0,134
7111,0,14235810375,14235810262,0,0,112
7112,0,14237812655,14237812528,0,0,127
7113,0,14239814684,14239814560,0,0,123
7114,0,14241818021,14241817896,0,0,124
7115,0,14243820456,14243820334,0,0,121
7116,0,14245821844,14245821756,0,0,88
7117,0,14247824663,14247824516,0,0,146
7118,0,14249827140,14249827027,0,0,112
7119,0,14251828969,14251828844,0,0,124
7120,0,14253831051,14253830921,0,0,130
7121,0,14255832657,14255832520,0,0,137
7122,0,14257835582,14257835441,0,0,140
7123,0,14259837292,14259837139,0,0,152
7124,0,14261839757,14261839617,0,0,140
7125,0,14263842053,14263841898,0,0,155
7126,0,14265844350,14265844238,0,0,112
7127,0,14267847399,14267847262,0,0,136
7128,0,14269848222,14269848064,0,0,158
7129,0,14271850659,14271850517,0,0,141
7130,0,14273853412,14273853311,0,0,101
7131,0,14275855917,14275855776,0,0,141
7132,0,14277857697,14277857568,0,0,128
7133,0,14279859663,14279859540,0,0,123
7134,0,14281862049,14281861945,0,0,104
7135,0,14283863931,14283863790,0,0,141
7136,0,14285866463,14285866329,0,0,134
7137,0,14287869334,14287869200,0,0,134
7138,0,14289870811,14289870703,0,0,107
7139,0,14291872640,14291872516,0,0,124
7140,0,14293875546,14293875422,0,0,123
7141,0,14295877719,14295877597,0,0,121
7142,0,14297879611,14297879507,0,0,103
7143,0,14299881571,14299881443,0,0,128
7144,0,14301883784,14301883689,0,0,94
7145,0,14303885958,14303885820,0,0,138
7146,0,14305889147,14305889039,0,0,107
7147,0,14307891827,14307891710,0,0,117
7148,0,14309893187,14309893085,0,0,102
7149,0,14311896181,14311896042,0,0,138
7150,0,14313898348,14313898246,0,0,101
7151,0,14315899611,14315899496,0,0,114
7152,0,14317902174,14317902033,0,0,141
7153,0,14319903867,14319903739,0,0,127
7154,0,14321906249,14321906126,0,0,122
7155,0,14323908752,14323908615,0,0,136
7156,0,14325910981,14325910849,0,0,131
7157,0,14327914058,14327913925,0,0,132
7158,0,14329915467,14329915364,0,0,103
7159,0,14331917129,14331917004,0,0,124
7160,0,14333920267,14333920136,0,0,131
7161,0,14335923020,14335922902,0,0,118
7162,0,14337923997,14337923892,0,0,104
7163,0,14339926062,14339925923,0,0,139
7164,0,14341928746,14341928626,0,0,120
7165,0,14343930741,14343930637,0,0,104
7166,0,14345934033,14345933932,0,0,101
7167,0,14347936342,14347936213,0,0,128
7168,0,14349937615,14349937483,0,0,132
7169,0,14351940428,14351940316,0,0,111
7170,0,14353943197,14353943067,0,0,130
7171,0,14355943808,14355943675,0,0,132
7172,0,14357946730,14357946604,0,0,126
7173,0,14359948696,14359948565,0,0,130
7174,0,14361950651,14361950524,0,0,126
7175,0,14363953161,14363953017,0,0,143
7176,0,14365956294,14365956141,0,0,153
7177,0,14367959267,14367959130,0,0,137
7178,0,14369959835,14369959724,0,0,110
7179,0,14371961668,14371961545,0,0,123
7180,0,14373964640,14373964516,0,0,124
7181,0,14375966933,14375966786,0,0,146
7182,0,14377969279,14377969155,0,0,123
7183,0,14379972738,14379972609,0,0,128
7184,0,14381974750,14381974603,0,0,146
7185,0,14383976332,14383976205,0,0,126
7186,0,14385977494,14385977368,0,0,125
7187,0,14387979758,14387979638,0,0,119
7188,0,14389982330,14389982189,0,0,140
7189,0,14391984340,14391984203,0,0,137
7190,0,14393986738,14393986636,0,0,101
7191,0,14395988310,14395988188,0,0,122
7192,0,14397991289,14397991148,0,0,141
7193,0,14399993575,14399993459,0,0,115
7194,0,14401995471,14401995370,0,0,101
7195,0,14403997442,14403997332,0,0,110
7196,0,14406001069,14406000946,0,0,122
7197,0,14408002842,14408002725,0,0,116
7198,0,14410005291,14410005210,0,0,80
7199,0,14412006337,14412006234,0,0,102
7200,0,14414008924,14414008804,0,0,120
7201,0,14416010910,14416010779,0,0,131
7202,0,14418013074,14418012987,0,0,87
7203,0,14420015170,14420015061,0,0,108
7204,0,14422017809,14422017723,0,0,86
7205,0,14424020958,14424020846,0,0,112
7206,0,14426023562,14426023458,0,0,104
7207,0,14428025386,14428025272,0,0,114
7208,0,14430025951,14430025844,0,0,107
7209,0,14432027276,14432027170,0,0,105
7210,0,14434030649,14434030544,0,0,104
7211,0,14436033089,14436033005,0,0,84
7212,0,14438035908,14438035803,0,0,105
7213,0,14440038247,14440038126,0,0,120
7214,0,14442039869,14442039755,0,0,114
7215,0,14444043315,14444043193,0,0,122
7216,0,14446044110,14446044028,0,0,82
7217,0,14448047473,14448047364,0,0,108
7218,0,14450049421,14450049332,0,0,89
7219,0,14452050637,14452050534,0,0,103
7220,0,14454053513,14454053413,0,0,100
7221,0,14456055964,14456055861,0,0,102
7222,0,14458059251,14458059148,0,0,103
7223,0,14460060673,14460060569,0,0,103
7224,0,14462061639,14462061567,0,0,71
7225,0,14464063980,14464063871,0,0,108
7226,0,14466066646,14466066499,0,0,146
7227,0,14468070367,14468070220,0,0,146
7228,0,14470071014,14470070877,0,0,137
7229,0,14472073317,14472073173,0,0,144
7230,0,14474075071,14474074950,0,0,121
7231,0,14476077660,14476077520,0,0,140
7232,0,14478079873,14478079755,0,0,117
7233,0,14480081991,14480081844,0,0,146
7234,0,14482084516,14482084411,0,0,104
7235,0,14484087144,14484087057,0,0,87
7236,0,14486088853,14486088741,0,0,112
7237,0,14488091671,14488091549,0,0,122
7238,0,14490094436,14490094314,0,0,122
7239,0,14492095067,14492094934,0,0,132
7240,0,14494097421,14494097313,0,0,107
7241,0,14496100040,14496099934,0,0,105
7242,0,14498102678,14498102566,0,0,112
7243,0,14500105465,14500105340,0,0,124
7244,0,14502106702,14502106587,0,0,114
7245,0,14504109737,14504109596,0,0,140
7246,0,14506111927,14506111819,0,0,107
7247,0,14508113081,14508112973,0,0,108
7248,0,14510115370,14510115256,0,0,113
7249,0,14512118247,14512118122,0,0,124
7250,0,14514120936,14514120832,0,0,103
7251,0,14516121880,14516121739,0,0,141
7252,0,14518124775,14518124628,0,0,147
7253,0,14520126938,14520126775,0,0,162
7254,0,14522129658,14522129536,0,0,122
7255,0,14524130732,14524130586,0,0,146
7256,0,14526133149,14526133016,0,0,132
7257,0,14528135554,14528135431,0,0,122
7258,0,14530137935,14530137811,0,0,124
7259,0,14532140374,14532140225,0,0,148
7260,0,14534142382,14534142269,0,0,112
7261,0,14536144253,14536144122,0,0,130
7262,0,14538146640,14538146496,0,0,143
7263,0,14540148976,14540148861,0,0,114
7264,0,14542151332,14542151206,0,0,126
7265,0,14544153093,14544152947,0,0,146
7266,0,14546155871,14546155759,0,0,112
7267,0,14548158003,14548157874,0,0,129
7268,0,14550160567,14550160454,0,0,112
7269,0,14552163635,14552163514,0,0,121
7270,0,14554164965,14554164860,0,0,104
7271,0,14556167294,14556167177,0,0,116
7272,0,14558169224,14558169119,0,0,105
7273,0,14560171505,14560171375,0,0,130
7274,0,14562174469,14562174351,0,0,118
7275,0,14564175591,14564175454,0,0,136
7276,0,14566178001,14566177871,0,0,130
7277,0,14568181961,14568181821,0,0,140
7278,0,14570181914,14570181822,0,0,92
7279,0,14572184547,14572184439,0,0,107
7280,0,14574186731,14574186605,0,0,125
7281,0,14576189552,14576189399,0,0,152
7282,0,14578190855,14578190734,0,0,120
7283,0,14580193021,14580192896,0,0,124
7284,0,14582195683,14582195560,0,0,122
7285,0,14584197476,14584197368,0,0,107
7286,0,14586199950,14586199836,0,0,114
7287,0,14588202183,14588202052,0,0,130
7288,0,14590204975,14590204868,0,0,106
7289,0,14592206792,14592206683,0,0,108
7290,0,14594209405,14594209296,0,0,108
7291,0,14596212406,14596212286,0,0,120
7292,0,14598213948,14598213812,0,0,136
7293,0,14600217932,14600217786,0,0,146
7294,0,14602217620,14602217515,0,0,104
7295,0,14604220358,14604220225,0,0,132
7296,0,14606222554,14606222450,0,0,103
7297,0,14608224798,14608224669,0,0,128
7298,0,14610226746,14610226623,0,0,122
7299,0,14612228669,14612228536,0,0,132
7300,0,14614231376,14614231270,0,0,105
7301,0,14616233067,14616232916,0,0,150
7302,0,14618235898,14618235791,0,0,107
7303,0,14620237547,14620237429,0,0,118
7304,0,14622240768,14622240669,0,0,98
7305,0,14624242060,14624241937,0,0,123
7306,0,14626245292,14626245185,0,0,106
7307,0,14628247964,14628247855,0,0,108
7308,0,14630249054,14630248951,0,0,103
7309,0,14632251952,14632251826,0,0,126
7310,0,14634254552,14634254447,0,0,104
7311,0,14636255899,14636255768,0,0,130
7312,0,14638258835,14638258695,0,0,140
7313,0,14640259735,14640259619,0,0,116
7314,0,14642261992,14642261889,0,0,102
7315,0,14644264501,14644264360,0,0,141
7316,0,14646267990,14646267843,0,0,146
7317,0,14648270001,14648269867,0,0,134
7318,0,14650272163,14650272056,0,0,106
7319,0,14652273920,14652273789,0,0,130
7320,0,14654275608,14654275476,0,0,132
7321,0,14656277662,14656277539,0,0,122
7322,0,14658280638,14658280524,0,0,114
7323,0,14660283476,14660283347,0,0,129
7324,0,14662284587,14662284503,0,0,84
7325,0,14664287225,14664287098,0,0,126
7326,0,14666289145,14666289017,0,0,127
7327,0,14668292978,14668292871,0,0,106
7328,0,14670294487,14670294371,0,0,116
7329,0,14672295244,14672295118,0,0,126
7330,0,14674297624,14674297520,0,0,103
7331,0,14676299728,14676299626,0,0,101
7332,0,14678302793,14678302658,0,0,134
7333,0,14680306068,14680305952,0,0,116
7334,0,14682308611,14682308487,0,0,124
7335,0,14684309965,14684309852,0,0,112
7336,0,14686311029,14686310905,0,0,123
7337,0,14688313164,14688313036,0,0,127
7338,0,14690315328,14690315229,0,0,98
7339,0,14692318209,14692318097,0,0,112
7340,0,14694320265,14694320181,0,0,83
7341,0,14696322887,14696322782,0,0,104
7342,0,14698325937,14698325851,0,0,85
7343,0,14700326823,14700326698,0,0,124
7344,0,14702329074,14702328973,0,0,101
7345,0,14704330997,14704330896,0,0,101
7346,0,14706333409,14706333306,0,0,103
7347,0,14708335541,14708335419,0,0,122
7348,0,14710338269,14710338152,0,0,117
7349,0,14712340379,14712340249,0,0,130
7350,0,14714343092,14714343015,0,0,76
7351,0,14716346267,14716346162,0,0,104
7352,0,14718348626,14718348522,0,0,103
7353,0,14720349053,14720348929,0,0,124
7354,0,14722351517,14722351412,0,0,105
7355,0,14724353894,14724353769,0,0,124
7356,0,14726355852,14726355750,0,0,102
7357,0,14728357650,14728357507,0,0,143
7358,0,14730360090,14730359972,0,0,118
7359,0,14732362283,14732362156,0,0,126
7360,0,14734364447,14734364340,0,0,106
7361,0,14736366815,14736366687,0,0,128
7362,0,14738369519,14738369395,0,0,123
7363,0,14740371817,14740371697,0,0,120
7364,0,14742373797,14742373684,0,0,112
7365,0,14744376204,14744376053,0,0,151
7366,0,14746378476,14746378360,0,0,115
7367,0,14748380048,14748379918,0,0,130
7368,0,14750382433,14750382312,0,0,120
7369,0,14752384661,14752384543,0,0,117
7370,0,14754388035,14754387921,0,0,114
7371,0,14756391377,14756391215,0,0,162
7372,0,14758391450,14758391330,0,0,120
7373,0,14760394180,14760394051,0,0,128
7374,0,14762397189,14762397085,0,0,104
7375,0,14764398353,14764398225,0,0,128
7376,0,14766400289,14766400142,0,0,147
7377,0,14768403676,14768403550,0,0,125
7378,0,14770404880,14770404755,0,0,125
7379,0,14772407298,14772407186,0,0,112
7380,0,14774409399,14774409266,0,0,132
7381,0,14776411454,14776411303,0,0,150
7382,0,14778413466,14778413363,0,0,103
7383,0,14780415883,14780415756,0,0,126
7384,0,14782417725,14782417593,0,0,132
7385,0,14784419859,14784419723,0,0,136
7386,0,14786422694,14786422573,0,0,120
7387,0,14788424541,14788424416,0,0,124
7388,0,14790427004,14790426873,0,0,130
7389,0,14792428929,14792428792,0,0,137
7390,0,14794432146,14794432008,0,0,137
7391,0,14796433323,14796433206,0,0,117
7392,0,14798435830,14798435671,0,0,159
7393,0,14800437667,14800437543,0,0,123
7394,0,14802440238,14802440148,0,0,89
7395,0,14804442720,14804442603,0,0,116
7396,0,14806445588,14806445477,0,0,111
7397,0,14808447748,14808447644,0,0,103
7398,0,14810449373,14810449284,0,0,88
7399,0,14812451490,14812451375,0,0,114
7400,0,14814453487,14814453377,0,0,110
7401,0,14816455463,14816455348,0,0,114
7402,0,14818458257,14818458168,0,0,88
7403,0,14820460761,14820460622,0,0,139
7404,0,14822464420,14822464313,0,0,106
7405,0,14824465635,14824465509,0,0,125
7406,0,14826466997,14826466865,0,0,132
7407,0,14828469089,14828468968,0,0,121
7408,0,14830471717,14830471610,0,0,107
7409,0,14832474337,14832474211,0,0,125
7410,0,14834478746,14834478660,0,0,86
7411,0,14836478972,14836478844,0,0,127
7412,0,14838480977,14838480867,0,0,110
7413,0,14840483655,14840483541,0,0,114
7414,0,14842484997,14842484912,0,0,85
7415,0,14844487011,14844486883,0,0,128
7416,0,14846489320,14846489200,0,0,120
7417,0,14848491573,14848491447,0,0,125
7418,0,14850493871,14850493752,0,0,119
7419,0,14852495391,14852495243,0,0,147
7420,0,14854498590,14854498465,0,0,125
7421,0,14856501123,14856500997,0,0,126
7422,0,14858503020,14858502918,0,0,102
7423,0,14860505881,14860505755,0,0,126
7424,0,14862507395,14862507282,0,0,112
7425,0,14864508724,14864508579,0,0,145
7426,0,14866511763,14866511680,0,0,82
7427,0,14868514708,14868514602,0,0,105
7428,0,14870516110,14870515986,0,0,123
7429,0,14872519017,14872518913,0,0,104
7430,0,14874520539,14874520405,0,0,134
7431,0,14876522366,14876522235,0,0,130
7432,0,14878524249,14878524127,0,0,122
7433,0,14880526303,14880526168,0,0,134
7434,0,14882529928,14882529811,0,0,117
7435,0,14884532913,14884532811,0,0,102
7436,0,14886533642,14886533505,0,0,137
7437,0,14888536524,14888536393,0,0,130
7438,0,14890538815,14890538710,0,0,104
7439,0,14892540668,14892540569,0,0,98
7440,0,14894543185,14894543067,0,0,117
7441,0,14896545834,14896545696,0,0,138
7442,0,14898547132,14898547041,0,0,90
7443,0,14900549112,14900548984,0,0,127
7444,0,14902552204,14902552080,0,0,124
7445,0,14904555049,14904554924,0,0,124
7446,0,14906555811,14906555663,0,0,148
7447,0,14908557998,14908557851,0,0,146
7448,0,14910560216,14910560087,0,0,128
7449,0,14912563315,14912563164,0,0,150
7450,0,14914565420,14914565301,0,0,119
7451,0,14916568270,14916568139,0,0,131
7452,0,14918569354,14918569242,0,0,112
7453,0,14920571556,14920571417,0,0,138
7454,0,14922573297,14922573156,0,0,141
7455,0,14924575916,14924575777,0,0,138
7456,0,14926578815,14926578668,0,0,146
7457,0,14928581671,14928581583,0,0,87
7458,0,14930582761,14930582690,0,0,71
7459,0,14932584453,14932584341,0,0,112
7460,0,14934587606,14934587501,0,0,104
7461,0,14936590379,14936590275,0,0,103
7462,0,14938591496,14938591371,0,0,124
7463,0,14940593636,14940593532,0,0,104
7464,0,14942595546,14942595464,0,0,82
7465,0,14944598086,14944597933,0,0,152
7466,0,14946600752,14946600624,0,0,127
7467,0,14948602824,14948602698,0,0,125
7468,0,14950604804,14950604721,0,0,83
7469,0,14952608507,14952608355,0,0,151
7470,0,14954609978,14954609871,0,0,106
7471,0,14956612363,14956612214,0,0,148
7472,0,14958613721,14958613533,0,0,188
7473,0,14960616046,14960615933,0,0,112
7474,0,14962618195,14962618090,0,0,104
7475,0,14964620226,14964620128,0,0,98
7476,0,14966622872,14966622767,0,0,105
7477,0,14968626525,14968626393,0,0,132
7478,0,14970627100,14970626995,0,0,104
7479,0,14972629396,14972629283,0,0,112
7480,0,14974631630,14974631528,0,0,102
7481,0,14976633968,14976633838,0,0,130
7482,0,14978636883,14978636777,0,0,106
7483,0,14980639211,14980639107,0,0,103
7484,0,14982640413,14982640289,0,0,123
7485,0,14984643532,14984643421,0,0,111
7486,0,14986646205,14986646133,0,0,71
7487,0,14988647605,14988647492,0,0,112
7488,0,14990651441,14990651357,0,0,84
7489,0,14992651556,14992651409,0,0,146
7490,0,14994653627,14994653511,0,0,116
7491,0,14996655787,14996655653,0,0,134
7492,0,14998658721,14998658579,0,0,141
7493,0,15000661386,15000661238,0,0,148
7494,0,15002662649,15002662540,0,0,108
7495,0,15004664534,15004664389,0,0,144
7496,0,15006667402,15006667240,0,0,162
7497,0,15008669835,15008669698,0,0,136
7498,0,15010672896,15010672788,0,0,107
7499,0,15012673645,15012673501,0,0,144
7500,0,15014676335,15014676197,0,0,138
7501,0,15016679381,15016679213,0,0,167
7502,0,15018681496,15018681379,0,0,117
7503,0,15020682809,15020682701,0,0,107
7504,0,15022684826,15022684701,0,0,125
7505,0,15024687561,15024687435,0,0,125
7506,0,15026689639,15026689532,0,0,107
7507,0,15028692597,15028692450,0,0,147
7508,0,15030694696,15030694568,0,0,127
7509,0,15032697282,15032697162,0,0,119
7510,0,15034698531,15034698427,0,0,103
7511,0,15036700730,15036700593,0,0,137
7512,0,15038702518,15038702387,0,0,130
7513,0,15040705330,15040705212,0,0,118
7514,0,15042707540,15042707424,0,0,115
7515,0,15044709155,15044709038,0,0,116
7516,0,15046711712,15046711569,0,0,143
7517,0,15048713808,15048713676,0,0,132
7518,0,15050715806,15050715680,0,0,125
7519,0,15052717826,15052717688,0,0,138
7520,0,15054720888,15054720767,0,0,121
7521,0,15056722522,15056722405,0,0,116
7522,0,15058724957,15058724844,0,0,112
7523,0,15060727788,15060727660,0,0,128
7524,0,15062731025,15062730912,0,0,112
7525,0,15064732795,15064732665,0,0,130
7526,0,15066733789,15066733665,0,0,123
7527,0,15068738065,15068737948,0,0,117
7528,0,15070738373,15070738262,0,0,110
7529,0,15072740404,15072740289,0,0,114
7530,0,15074742676,15074742548,0,0,128
7531,0,15076745964,15076745838,0,0,125
7532,0,15078748628,15078748505,0,0,122
7533,0,15080750204,15080750045,0,0,159
7534,0,15082752552,15082752414,0,0,138
7535,0,15084753878,15084753761,0,0,116
7536,0,15086755982,15086755864,0,0,117
7537,0,15088757995,15088757856,0,0,138
7538,0,15090760324,15090760211,0,0,112
7539,0,15092762552,15092762425,0,0,126
7540,0,15094765314,15094765190,0,0,124
7541,0,15096767829,15096767680,0,0,148
7542,0,15098770775,15098770663,0,0,111
7543,0,15100771748,15100771638,0,0,110
7544,0,15102774056,15102773928,0,0,128
7545,0,15104775716,15104775580,0,0,136
7546,0,15106778533,15106778424,0,0,108
7547,0,15108781267,15108781122,0,0,144
7548,0,15110784247,15110784109,0,0,138
7549,0,15112785734,15112785609,0,0,124
7550,0,15114788150,15114788018,0,0,132
7551,0,15116790842,15116790700,0,0,142
7552,0,15118792241,15118792103,0,0,138
7553,0,15120794438,15120794314,0,0,124
7554,0,15122796447,15122796321,0,0,126
7555,0,15124798523,15124798414,0,0,108
7556,0,15126801036,15126800912,0,0,124
7557,0,15128803166,15128803046,0,0,120
7558,0,15130804505,15130804388,0,0,116
7559,0,15132806649,15132806531,0,0,118
7560,0,15134810665,15134810561,0,0,103
7561,0,15136812310,15136812205,0,0,104
7562,0,15138815249,15138815126,0,0,122
7563,0,15140816068,15140815939,0,0,128
7564,0,15142818232,15142818143,0,0,88
7565,0,15144821517,15144821393,0,0,123
7566,0,15146824569,15146824416,0,0,152
7567,0,15148825639,15148825510,0,0,128
7568,0,15150827969,15150827861,0,0,107
7569,0,15152829405,15152829268,0,0,137
7570,0,15154831675,15154831575,0,0,99
7571,0,15156833900,15156833780,0,0,119
7572,0,15158836684,15158836570,0,0,114
7573,0,15160838988,15160838882,0,0,106
7574,0,15162841068,15162840964,0,0,104
7575,0,15164842465,15164842345,0,0,120
7576,0,15166844769,15166844617,0,0,152
7577,0,15168848522,15168848405,0,0,116
7578,0,15170849943,15170849826,0,0,116
7579,0,15172853076,15172852954,0,0,122
7580,0,15174854092,15174853992,0,0,100
7581,0,15176855923,15176855793,0,0,130
7582,0,15178859056,15178858924,0,0,132
7583,0,15180861252,15180861146,0,0,105
7584,0,15182862857,15182862746,0,0,110
7585,0,15184866463,15184866339,0,0,123
7586,0,15186868386,15186868283,0,0,103
7587,0,15188869580,15188869471,0,0,108
7588,0,15190872874,15190872759,0,0,114
7589,0,15192875069,15192874921,0,0,148
7590,0,15194876162,15194876051,0,0,110
7591,0,15196877945,15196877819,0,0,125
7592,0,15198880902,15198880786,0,0,115
7593,0,15200882811,15200882706,0,0,105
7594,0,15202885429,15202885323,0,0,105
7595,0,15204887183,15204887080,0,0,102
7596,0,15206889501,15206889397,0,0,104
7597,0,15208891382,15208891265,0,0,116
7598,0,15210894334,15210894259,0,0,75
7599,0,15212896836,15212896752,0,0,84
7600,0,15214899631,15214899502,0,0,128
7601,0,15216900669,15216900548,0,0,121
7602,0,15218903136,15218903051,0,0,84
7603,0,15220904970,15220904846,0,0,124
7604,0,15222907634,15222907521,0,0,112
7605,0,15224910242,15224910117,0,0,124
7606,0,15226911356,15226911278,0,0,78
7607,0,15228913650,15228913541,0,0,109
7608,0,15230916637,15230916551,0,0,85
7609,0,15232918460,15232918350,0,0,110
7610,0,15234920804,15234920703,0,0,101
7611,0,15236923019,15236922916,0,0,103
7612,0,15238924938,15238924853,0,0,84
7613,0,15240927457,15240927387,0,0,69
7614,0,15242929621,15242929507,0,0,114
7615,0,15244932753,15244932640,0,0,112
7616,0,15246934905,15246934802,0,0,103
7617,0,15248936197,15248936055,0,0,141
7618,0,15250939073,15250938968,0,0,105
7619,0,15252941678,15252941567,0,0,111
7620,0,15254943451,15254943320,0,0,130
7621,0,15256946002,15256945845,0,0,156
7622,0,15258947963,15258947858,0,0,104
7623,0,15260950250,15260950128,0,0,121
7624,0,15262952109,15262951968,0,0,140
7625,0,15264954094,15264953973,0,0,120
7626,0,15266956447,15266956374,0,0,72
7627,0,15268959492,15268959365,0,0,127
7628,0,15270960817,15270960737,0,0,80
7629,0,15272963505,15272963362,0,0,142
7630,0,15274966205,15274966098,0,0,107
7631,0,15276967463,15276967355,0,0,108
7632,0,15278969521,15278969387,0,0,134
7633,0,15280971980,15280971849,0,0,131
7634,0,15282974244,15282974158,0,0,86
7635,0,15284976343,15284976222,0,0,121
7636,0,15286979285,15286979152,0,0,132
7637,0,15288981704,15288981583,0,0,121
7638,0,15290983258,15290983179,0,0,78
7639,0,15292984830,15292984721,0,0,108
7640,0,15294987404,15294987260,0,0,143
7641,0,15296989489,15296989341,0,0,147
7642,0,15298992271,15298992126,0,0,144
7643,0,15300995487,15300995320,0,0,166
7644,0,15302996310,15302996164,0,0,146
7645,0,15304998608,15304998464,0,0,144
7646,0,15307000844,15307000686,0,0,158
7647,0,15309003539,15309003394,0,0,144
7648,0,15311006173,15311006013,0,0,159
7649,0,15313007327,15313007197,0,0,130
7650,0,15315010492,15315010350,0,0,142
7651,0,15317013014,15317012877,0,0,137
7652,0,15319014669,15319014539,0,0,130
7653,0,15321018016,15321017878,0,0,137
7654,0,15323020008,15323019862,0,0,146
7655,0,15325020794,15325020664,0,0,130
7656,0,15327023033,15327022908,0,0,124
7657,0,15329025630,15329025484,0,0,146
7658,0,15331028047,15331027916,0,0,131
7659,0,15333031588,15333031434,0,0,153
7660,0,15335033198,15335033051,0,0,146
7661,0,15337034539,15337034393,0,0,146
7662,0,15339036280,15339036145,0,0,134
7663,0,15341039546,15341039423,0,0,122
7664,0,15343040568,15343040445,0,0,122
7665,0,15345043292,15345043153,0,0,138
7666,0,15347045259,15347045157,0,0,102
7667,0,15349047485,15349047361,0,0,123
7668,0,15351050600,15351050474,0,0,126
7669,0,15353053137,15353053013,0,0,123
7670,0,15355054337,15355054224,0,0,112
7671,0,15357056856,15357056713,0,0,143
7672,0,15359059070,15359058968,0,0,102
7673,0,15361060720,15361060595,0,0,124
7674,0,15363064086,15363063982,0,0,103
7675,0,15365066914,15365066758,0,0,156
7676,0,15367069829,15367069696,0,0,132
7677,0,15369072421,15369072296,0,0,124
7678,0,15371072467,15371072359,0,0,108
7679,0,15373074155,15373074041,0,0,114
7680,0,15375076272,15375076119,0,0,152
7681,0,15377078899,15377078781,0,0,118
7682,0,15379082077,15379082000,0,0,76
7683,0,15381083487,15381083375,0,0,111
7684,0,15383085901,15383085786,0,0,115
7685,0,15385089137,15385089012,0,0,124
7686,0,15387090484,15387090379,0,0,104
7687,0,15389092170,15389092062,0,0,107
7688,0,15391094579,15391094455,0,0,124
7689,0,15393096400,15393096278,0,0,122
7690,0,15395099040,15395098935,0,0,104
7691,0,15397100811,15397100706,0,0,104
7692,0,15399103534,15399103429,0,0,105
7693,0,15401106208,15401106075,0,0,132
7694,0,15403108733,15403108649,0,0,84
7695,0,15405109697,15405109575,0,0,122
7696,0,15407111786,15407111674,0,0,112
7697,0,15409114417,15409114296,0,0,120
7698,0,15411116414,15411116325,0,0,88
7699,0,15413118610,15413118492,0,0,118
7700,0,15415122038,15415121924,0,0,114
7701,0,15417124238,15417124122,0,0,116
7702,0,15419126370,15419126242,0,0,128
7703,0,15421128078,15421127964,0,0,114
7704,0,15423130568,15423130469,0,0,98
7705,0,15425131895,15425131789,0,0,105
7706,0,15427134256,15427134151,0,0,104
7707,0,15429136759,15429136651,0,0,108
7708,0,15431138738,15431138680,0,0,58
7709,0,15433140564,15433140433,0,0,130
7710,0,15435142778,15435142661,0,0,116
7711,0,15437145484,15437145373,0,0,111
7712,0,15439147720,15439147612,0,0,107
7713,0,15441149959,15441149841,0,0,117
7714,0,15443152451,15443152375,0,0,76
7715,0,15445154487,15445154378,0,0,108
7716,0,15447157042,15447156938,0,0,103
7717,0,15449159622,15449159512,0,0,110
7718,0,15451160826,15451160701,0,0,124
7719,0,15453163038,15453162936,0,0,102
7720,0,15455165714,15455165602,0,0,112
7721,0,15457170107,15457169987,0,0,120
7722,0,15459171553,15459171444,0,0,108
7723,0,15461173268,15461173164,0,0,103
7724,0,15463174645,15463174557,0,0,87
7725,0,15465176770,15465176656,0,0,114
7726,0,15467178874,15467178771,0,0,103
7727,0,15469182612,15469182469,0,0,142
7728,0,15471184214,15471184082,0,0,132
7729,0,15473185426,15473185312,0,0,114
7730,0,15475187724,15475187637,0,0,87
7731,0,15477189488,15477189386,0,0,102
7732,0,15479192426,15479192314,0,0,112
7733,0,15481194248,15481194135,0,0,112
7734,0,15483196387,15483196283,0,0,103
7735,0,15485198341,15485198229,0,0,111
7736,0,15487201085,15487200957,0,0,128
7737,0,15489203716,15489203578,0,0,138
7738,0,15491208012,15491207894,0,0,118
7739,0,15493209795,15493209690,0,0,104
7740,0,15495210070,15495209984,0,0,86
7741,0,15497212865,15497212712,0,0,152
7742,0,15499214470,15499214354,0,0,116
7743,0,15501216431,15501216319,0,0,112
7744,0,15503219521,15503219402,0,0,118
7745,0,15505222435,15505222311,0,0,124
7746,0,15507223132,15507223014,0,0,118
7747,0,15509225136,15509225013,0,0,122
7748,0,15511227790,15511227658,0,0,132
7749,0,15513229660,15513229522,0,0,138
7750,0,15515231787,15515231706,0,0,80
7751,0,15517234123,15517233999,0,0,124
7752,0,15519236979,15519236862,0,0,116
7753,0,15521239114,15521238981,0,0,132
7754,0,15523241680,15523241577,0,0,103
7755,0,15525243829,15525243688,0,0,140
7756,0,15527245555,15527245457,0,0,98
7757,0,15529248528,15529248393,0,0,134
7758,0,15531250640,15531250516,0,0,123
7759,0,15533252429,15533252300,0,0,128
7760,0,15535255682,15535255556,0,0,125
7761,0,15537256090,15537255952,0,0,138
7762,0,15539259229,15539259095,0,0,133
7763,0,15541262170,15541262024,0,0,146
7764,0,15543263644,15543263513,0,0,130
7765,0,15545265121,15545264973,0,0,147
7766,0,15547267334,15547267186,0,0,148
7767,0,15549270006,15549269861,0,0,144
7768,0,15551272547,15551272557,0,0,-10
7769,0,15553274334,15553274204,0,0,130
7770,0,15555277132,15555277015,0,0,116
7771,0,15557280145,15557280045,0,0,99
7772,0,15559281598,15559281467,0,0,130
7773,0,15561284700,15561284573,0,0,126
7774,0,15563286026,15563285890,0,0,136
7775,0,15565289116,15565288975,0,0,140
7776,0,15567290208,15567290087,0,0,121
7777,0,15569293944,15569293809,0,0,134
7778,0,15571294743,15571294619,0,0,123
7779,0,15573297198,15573297047,0,0,151
7780,0,15575300116,15575299972,0,0,144
7781,0,15577301347,15577301217,0,0,130
7782,0,15579303489,15579303383,0,0,106
7783,0,15581305248,15581305125,0,0,122
7784,0,15583307738,15583307649,0,0,89
7785,0,15585310188,15585310045,0,0,143
7786,0,15587312718,15587312583,0,0,134
7787,0,15589315570,15589315437,0,0,132
7788,0,15591316811,15591316665,0,0,146
7789,0,15593318874,15593318725,0,0,148
7790,0,15595321303,15595321169,0,0,134
7791,0,15597323847,15597323707,0,0,139
7792,0,15599326338,15599326283,0,0,55
7793,0,15601327900,15601327777,0,0,122
7794,0,15603329947,15603329837,0,0,110
7795,0,15605332667,15605332559,0,0,107
7796,0,15607334638,15607334504,0,0,134
7797,0,15609337625,15609337509,0,0,116
7798,0,15611339846,15611339712,0,0,134
7799,0,15613342033,15613341904,0,0,129
7800,0,15615343658,15615343579,0,0,78
7801,0,15617345756,15617345625,0,0,130
7802,0,15619348379,15619348242,0,0,137
7803,0,15621351222,15621351077,0,0,144
7804,0,15623352424,15623352320,0,0,103
7805,0,15625354999,15625354857,0,0,142
7806,0,15627357964,15627357836,0,0,128
7807,0,15629359563,15629359448,0,0,114
7808,0,15631362319,15631362190,0,0,129
7809,0,15633363120,15633363009,0,0,110
7810,0,15635365794,15635365681,0,0,112
7811,0,15637368388,15637368292,0,0,95
7812,0,15639371547,15639371444,0,0,103
7813,0,15641373303,15641373192,0,0,111
7814,0,15643374773,15643374687,0,0,85
7815,0,15645376287,15645376180,0,0,106
7816,0,15647379318,15647379213,0,0,105
7817,0,15649381191,15649381070,0,0,121
7818,0,15651383648,15651383546,0,0,102
7819,0,15653387804,15653387700,0,0,104
7820,0,15655388140,15655388038,0,0,102
7821,0,15657390541,15657390411,0,0,130
7822,0,15659392149,15659392065,0,0,84
7823,0,15661394797,15661394680,0,0,116
7824,0,15663396742,15663396620,0,0,122
7825,0,15665399018,15665398900,0,0,118
7826,0,15667401326,15667401214,0,0,112
7827,0,15669404707,15669404559,0,0,148
7828,0,15671405741,15671405641,0,0,100
7829,0,15673408521,15673408405,0,0,116
7830,0,15675411200,15675411078,0,0,121
7831,0,15677413361,15677413253,0,0,107
7832,0,15679415644,15679415525,0,0,118
7833,0,15681416806,15681416667,0,0,138
7834,0,15683419545,15683419408,0,0,137
7835,0,15685422734,15685422633,0,0,100
7836,0,15687424846,15687424729,0,0,116
7837,0,15689425843,15689425735,0,0,107
7838,0,15691429101,15691428979,0,0,122
7839,0,15693430527,15693430444,0,0,82
7840,0,15695432917,15695432813,0,0,103
7841,0,15697434803,15697434652,0,0,150
7842,0,15699437202,15699437121,0,0,80
7843,0,15701439696,15701439576,0,0,120
7844,0,15703441622,15703441515,0,0,106
7845,0,15705443682,15705443539,0,0,143
7846,0,15707445560,15707445446,0,0,114
7847,0,15709447396,15709447249,0,0,147
7848,0,15711450336,15711450217,0,0,118
7849,0,15713452267,15713452157,0,0,110
7850,0,15715454313,15715454211,0,0,102
7851,0,15717456575,15717456462,0,0,112
7852,0,15719459397,15719459289,0,0,108
7853,0,15721461504,15721461393,0,0,111
7854,0,15723464185,15723464077,0,0,107
7855,0,15725466799,15725466688,0,0,110
7856,0,15727468022,15727467883,0,0,138
7857,0,15729470930,15729470791,0,0,138
7858,0,15731473154,15731473050,0,0,103
7859,0,15733475979,15733475862,0,0,116
7860,0,15735477179,15735477057,0,0,122
7861,0,15737479400,15737479271,0,0,128
7862,0,15739481148,15739481035,0,0,112
7863,0,15741483285,15741483175,0,0,109
7864,0,15743485856,15743485751,0,0,104
7865,0,15745488477,15745488344,0,0,132
7866,0,15747491414,15747491310,0,0,103
7867,0,15749492613,15749492502,0,0,110
7868,0,15751494727,15751494644,0,0,83
7869,0,15753496650,15753496529,0,0,121
7870,0,15755499584,15755499464,0,0,119
7871,0,15757502480,15757502370,0,0,110
7872,0,15759503621,15759503487,0,0,134
7873,0,15761505544,15761505430,0,0,114
7874,0,15763508148,15763508031,0,0,116
7875,0,15765509649,15765509543,0,0,106
7876,0,15767511659,15767511519,0,0,140
7877,0,15769518130,15769518012,0,0,117
7878,0,15771517896,15771517789,0,0,106
7879,0,15773519169,15773519026,0,0,143
7880,0,15775521568,15775521462,0,0,105
7881,0,15777523240,15777523095,0,0,145
7882,0,15779526423,15779526299,0,0,123
7883,0,15781528920,15781528767,0,0,152
7884,0,15783530749,15783530607,0,0,141
7885,0,15785534525,15785534378,0,0,147
7886,0,15787535485,15787535338,0,0,147
7887,0,15789537057,15789536930,0,0,126
7888,0,15791539505,15791539360,0,0,145
7889,0,15793541114,15793540988,0,0,125
7890,0,15795543440,15795543326,0,0,114
7891,0,15797545698,15797545562,0,0,136
7892,0,15799548393,15799548266,0,0,126
7893,0,15801550354,15801550225,0,0,128
7894,0,15803552597,15803552494,0,0,103
7895,0,15805554662,15805554541,0,0,120
7896,0,15807558548,15807558413,0,0,134
7897,0,15809560099,15809559969,0,0,130
7898,0,15811561340,15811561212,0,0,128
7899,0,15813563594,15813563482,0,0,112
7900,0,15815565934,15815565801,0,0,132
7901,0,15817567887,15817567759,0,0,127
7902,0,15819570231,15819570111,0,0,120
7903,0,15821572785,15821572678,0,0,106
7904,0,15823574421,15823574330,0,0,90
7905,0,15825576635,15825576490,0,0,144
7906,0,15827579157,15827579064,0,0,92
7907,0,15829581182,15829581071,0,0,110
7908,0,15831584614,15831584507,0,0,106
7909,0,15833587246,15833587121,0,0,124
7910,0,15835588276,15835588172,0,0,104
7911,0,15837590685,15837590538,0,0,146
7912,0,15839592287,15839592150,0,0,136
7913,0,15841594792,15841594660,0,0,132
7914,0,15843597689,15843597603,0,0,85
7915,0,15845600123,15845600013,0,0,110
7916,0,15847602623,15847602494,0,0,128
7917,0,15849604654,15849604530,0,0,124
7918,0,15851606696,15851606559,0,0,136
7919,0,15853608356,15853608244,0,0,112
7920,0,15855610206,15855610078,0,0,127
7921,0,15857612236,15857612097,0,0,139
7922,0,15859614941,15859614832,0,0,109
7923,0,15861617155,15861616998,0,0,156
7924,0,15863619521,15863619377,0,0,144
7925,0,15865621844,15865621701,0,0,142
7926,0,15867624255,15867624122,0,0,132
7927,0,15869628440,15869628316,0,0,123
7928,0,15871628582,15871628465,0,0,116
7929,0,15873630577,15873630446,0,0,130
7930,0,15875632809,15875632682,0,0,127
7931,0,15877634582,15877634443,0,0,138
7932,0,15879637217,15879637092,0,0,125
7933,0,15881639417,15881639293,0,0,123
7934,0,15883641214,15883641085,0,0,128
7935,0,15885645566,15885645415,0,0,150
7936,0,15887646878,15887646764,0,0,114
7937,0,15889648545,15889648440,0,0,104
7938,0,15891650570,15891650480,0,0,89
7939,0,15893652907,15893652795,0,0,112
7940,0,15895654931,15895654828,0,0,103
7941,0,15897657428,15897657313,0,0,114
7942,0,15899659172,15899659082,0,0,89
7943,0,15901661403,15901661302,0,0,101
7944,0,15903663600,15903663496,0,0,104
7945,0,15905665798,15905665683,0,0,115
7946,0,15907668149,15907668065,0,0,84
7947,0,15909670044,15909669934,0,0,110
7948,0,15911672949,15911672865,0,0,83
7949,0,15913675653,15913675536,0,0,116
7950,0,15915678364,15915678276,0,0,87
7951,0,15917679620,15917679517,0,0,102
7952,0,15919681321,15919681184,0,0,137
7953,0,15921683043,15921682922,0,0,121
7954,0,15923684827,15923684725,0,0,102
7955,0,15925689183,15925689044,0,0,138
7956,0,15927690631,15927690512,0,0,119
7957,0,15929692666,15929692555,0,0,110
7958,0,15931694912,15931694806,0,0,105
7959,0,15933696763,15933696638,0,0,124
7960,0,15935699653,15935699544,0,0,109
7961,0,15937701061,15937700952,0,0,108
7962,0,15939703891,15939703777,0,0,114
7963,0,15941705684,15941705575,0,0,108
7964,0,15943708454,15943708352,0,0,102
7965,0,15945710813,15945710669,0,0,143
7966,0,15947712881,15947712744,0,0,137
7967,0,15949716006,15949715901,0,0,104
7968,0,15951718425,15951718321,0,0,104
7969,0,15953719174,15953719065,0,0,108
7970,0,15955721715,15955721631,0,0,84
7971,0,15957723859,15957723750,0,0,108
7972,0,15959726678,15959726575,0,0,102
7973,0,15961729773,15961729654,0,0,118
7974,0,15963732137,15963732053,0,0,84
7975,0,15965733669,15965733565,0,0,103
7976,0,15967734940,15967734795,0,0,144
7977,0,15969738421,15969738308,0,0,112
7978,0,15971739659,15971739555,0,0,103
7979,0,15973741990,15973741871,0,0,118
7980,0,15975742619,15975742504,0,0,114
7981,0,15977746001,15977745856,0,0,144
7982,0,15979749372,15979749246,0,0,125
7983,0,15981752680,15981752563,0,0,116
7984,0,15983753545,15983753418,0,0,126
7985,0,15985754566,15985754452,0,0,114
7986,0,15987756835,15987756752,0,0,83
7987,0,15989759951,15989759852,0,0,98
7988,0,15991763042,15991762937,0,0,104
7989,0,15993765465,15993765344,0,0,120
7990,0,15995766730,15995766605,0,0,124
7991,0,15997768498,15997768415,0,0,83
7992,0,15999770341,15999770237,0,0,104
7993,0,16001773298,16001773175,0,0,122
7994,0,16003775315,16003775200,0,0,115
7995,0,16005778059,16005777939,0,0,120
7996,0,16007779454,16007779351,0,0,103
7997,0,16009781484,16009781358,0,0,125
7998,0,16011783702,16011783594,0,0,107
7999,0,16013786051,16013785937,0,0,114
8000,0,16015788269,16015788181,0,0,88
8001,0,16017790710,16017790570,0,0,140
8002,0,16019792750,16019792620,0,0,130
8003,0,16021794602,16021794471,0,0,131
8004,0,16023797429,16023797325,0,0,103
8005,0,16025799566,16025799426,0,0,139
8006,0,16027801874,16027801703,0,0,170
8007,0,16029803726,16029803561,0,0,164
8008,0,16031806503,16031806358,0,0,144
8009,0,16033807930,16033807812,0,0,118
8010,0,16035810707,16035810566,0,0,141
8011,0,16037812545,16037812421,0,0,123
8012,0,16039815193,16039815080,0,0,112
8013,0,16041818940,16041818796,0,0,143
8014,0,16043820338,16043820211,0,0,127
8015,0,16045821986,16045821860,0,0,125
8016,0,16047823997,16047823869,0,0,128
8017,0,16049826698,16049826570,0,0,127
8018,0,16051829409,16051829332,0,0,76
8019,0,16053830379,16053830258,0,0,121
8020,0,16055833085,16055832981,0,0,103
8021,0,16057834606,16057834478,0,0,128
8022,0,16059837026,16059836948,0,0,78
8023,0,16061839286,16061839149,0,0,137
8024,0,16063841411,16063841269,0,0,142
8025,0,16065843714,16065843597,0,0,116
8026,0,16067846338,16067846233,0,0,104
8027,0,16069849905,16069849795,0,0,110
8028,0,16071851337,16071851220,0,0,116
8029,0,16073853851,16073853713,0,0,138
8030,0,16075855522,16075855401,0,0,121
8031,0,16077858411,16077858296,0,0,114
8032,0,16079860676,16079860572,0,0,104
8033,0,16081861127,16081860990,0,0,137
8034,0,16083863847,16083863722,0,0,125
8035,0,16085866182,16085866059,0,0,122
8036,0,16087868393,16087868284,0,0,109
8037,0,16089870694,16089870537,0,0,156
8038,0,16091872930,16091872856,0,0,74
8039,0,16093874683,16093874540,0,0,142
8040,0,16095877038,16095876950,0,0,87
8041,0,16097879678,16097879557,0,0,121
8042,0,16099881878,16099881775,0,0,103
8043,0,16101883997,16101883874,0,0,123
8044,0,16103886350,16103886247,0,0,103
8045,0,16105889022,16105888889,0,0,132
8046,0,16107891806,16107891694,0,0,112
8047,0,16109893377,16109893251,0,0,125
8048,0,16111895991,16111895842,0,0,148
8049,0,16113897265,16113897139,0,0,125
8050,0,16115899143,16115899065,0,0,78
8051,0,16117901150,16117901010,0,0,140
8052,0,16119904671,16119904540,0,0,131
8053,0,16121906936,16121906813,0,0,122
8054,0,16123908237,16123908137,0,0,99
8055,0,16125910623,16125910507,0,0,115
8056,0,16127913681,16127913556,0,0,125
8057,0,16129916762,16129916633,0,0,128
8058,0,16131918694,16131918577,0,0,116
8059,0,16133920478,16133920341,0,0,137
8060,0,16135921978,16135921859,0,0,119
8061,0,16137924312,16137924164,0,0,148
8062,0,16139926633,16139926482,0,0,150
8063,0,16141929640,16141929501,0,0,138
8064,0,16143930477,16143930373,0,0,104
8065,0,16145932775,16145932649,0,0,125
8066,0,16147934968,16147934862,0,0,105
8067,0,16149937537,16149937422,0,0,115
8068,0,16151940018,16151939901,0,0,116
8069,0,16153942395,16153942236,0,0,158
8070,0,16155943865,16155943758,0,0,107
8071,0,16157947303,16157947176,0,0,126
8072,0,16159948253,16159948120,0,0,133
8073,0,16161950642,16161950515,0,0,126
8074,0,16163953433,16163953310,0,0,123
8075,0,16165955495,16165955350,0,0,144
8076,0,16167956333,16167956205,0,0,128
8077,0,16169961927,16169961780,0,0,146
8078,0,16171963210,16171963089,0,0,120
8079,0,16173964115,16173963992,0,0,123
8080,0,16175966335,16175966185,0,0,150
8081,0,16177967713,16177967586,0,0,126
8082,0,16179969220,16179969112,0,0,107
8083,0,16181972378,16181972245,0,0,132
8084,0,16183975547,16183975433,0,0,114
8085,0,16185978267,16185978145,0,0,122
8086,0,16187979524,16187979440,0,0,84
8087,0,16189981616,16189981510,0,0,106
8088,0,16191983756,16191983639,0,0,116
8089,0,16193986392,16193986263,0,0,128
8090,0,16195988835,16195988724,0,0,110
8091,0,16197991641,16197991532,0,0,108
8092,0,16199993140,16199993059,0,0,80
8093,0,16201995575,16201995451,0,0,124
8094,0,16203997274,16203997139,0,0,134
8095,0,16205999781,16205999649,0,0,132
8096,0,16208002005,16208001899,0,0,105
8097,0,16210004157,16210004037,0,0,120
8098,0,16212006393,16212006283,0,0,110
8099,0,16214008714,16214008615,0,0,98
8100,0,16216011258,16216011136,0,0,121
8101,0,16218013690,16218013580,0,0,110
8102,0,16220015742,16220015638,0,0,104
8103,0,16222018021,16222017914,0,0,107
8104,0,16224019759,16224019652,0,0,106
8105,0,16226021871,16226021750,0,0,120
8106,0,16228024135,16228024056,0,0,78
8107,0,16230025952,16230025847,0,0,104
8108,0,16232028259,16232028156,0,0,103
8109,0,16234031602,16234031500,0,0,102
8110,0,16236035041,16236034935,0,0,105
8111,0,16238034932,16238034829,0,0,102
8112,0,16240036932,16240036814,0,0,118
8113,0,16242039054,16242038902,0,0,152
8114,0,16244041479,16244041368,0,0,110
8115,0,16246043635,16246043499,0,0,135
8116,0,16248046797,16248046807,0,0,-10
8117,0,16250048441,16250048294,0,0,146
8118,0,16252050759,16252050625,0,0,134
8119,0,16254052823,16254052677,0,0,146
8120,0,16256055170,16256055042,0,0,128
8121,0,16258057063,16258056946,0,0,116
8122,0,16260059883,16260059773,0,0,110
8123,0,16262061624,16262061519,0,0,104
8124,0,16264064529,16264064452,0,0,76
8125,0,16266067588,16266067477,0,0,110
8126,0,16268068381,16268068275,0,0,105
8127,0,16270071857,16270071752,0,0,104
8128,0,16272072815,16272072743,0,0,72
8129,0,16274076011,16274075884,0,0,127
8130,0,16276077844,16276077737,0,0,106
8131,0,16278080319,16278080202,0,0,116
8132,0,16280082487,16280082364,0,0,122
8133,0,16282085064,16282084933,0,0,130
8134,0,16284085915,16284085811,0,0,103
8135,0,16286088614,16286088473,0,0,141
8136,0,16288090800,16288090697,0,0,102
8137,0,16290093441,16290093303,0,0,138
8138,0,16292096964,16292096851,0,0,112
8139,0,16294099068,16294098945,0,0,123
8140,0,16296101050,16296100963,0,0,87
8141,0,16298102514,16298102392,0,0,122
8142,0,16300104649,16300104528,0,0,120
8143,0,16302106750,16302106633,0,0,117
8144,0,16304108530,16304108386,0,0,143
8145,0,16306110251,16306110103,0,0,148
8146,0,16308113198,16308113089,0,0,108
8147,0,16310114901,16310114772,0,0,128
8148,0,16312117977,16312117849,0,0,128
8149,0,16314121914,16314121768,0,0,146
8150,0,16316121559,16316121415,0,0,144
8151,0,16318123420,16318123290,0,0,130
8152,0,16320125259,16320125106,0,0,152
8153,0,16322128631,16322128514,0,0,116
8154,0,16324130746,16324130598,0,0,147
8155,0,16326132331,16326132179,0,0,152
8156,0,16328134192,16328134066,0,0,125
8157,0,16330137468,16330137319,0,0,148
8158,0,16332139865,16332139740,0,0,124
8159,0,16334142017,16334141889,0,0,127
8160,0,16336144415,16336144273,0,0,142
8161,0,16338145977,16338145823,0,0,154
8162,0,16340148671,16340148588,0,0,83
8163,0,16342150725,16342150580,0,0,144
8164,0,16344153991,16344153892,0,0,98
8165,0,16346156781,16346156638,0,0,142
8166,0,16348158064,16348157978,0,0,85
8167,0,16350159931,16350159811,0,0,120
8168,0,16352162749,16352162617,0,0,132
8169,0,16354164358,16354164247,0,0,111
8170,0,16356166236,16356166159,0,0,77
8171,0,16358168567,16358168463,0,0,103
8172,0,16360171042,16360170932,0,0,110
8173,0,16362172946,16362172806,0,0,139
8174,0,16364175489,16364175408,0,0,80
8175,0,16366178004,16366177892,0,0,112
8176,0,16368180465,16368180350,0,0,114
8177,0,16370183995,16370183871,0,0,124
8178,0,16372185204,16372185098,0,0,106
8179,0,16374186309,16374186176,0,0,132
8180,0,16376188920,16376188806,0,0,114
8181,0,16378190557,16378190440,0,0,116
8182,0,16380192784,16380192670,0,0,114
8183,0,16382195089,16382194983,0,0,105
8184,0,16384197372,16384197257,0,0,114
8185,0,16386199295,16386199204,0,0,91
8186,0,16388202125,16388202021,0,0,103
8187,0,16390205186,16390205076,0,0,110
8188,0,16392208287,16392208203,0,0,84
8189,0,16394208732,16394208625,0,0,106
8190,0,16396210867,16396210759,0,0,108
8191,0,16398213260,16398213152,0,0,108
8192,0,16400215442,16400215354,0,0,87
8193,0,16402217197,16402217071,0,0,125
8194,0,16404219347,16404219242,0,0,104
8195,0,16406221810,16406221705,0,0,104
8196,0,16408224496,16408224365,0,0,130
8197,0,16410226215,16410226063,0,0,151
8198,0,16412228374,16412228227,0,0,146
8199,0,16414230259,16414230119,0,0,139
8200,0,16416232561,16416232449,0,0,112
8201,0,16418235777,16418235637,0,0,140
8202,0,16420238750,16420238644,0,0,106
8203,0,16422239035,16422238887,0,0,148
8204,0,16424241188,16424241101,0,0,87
8205,0,16426244768,16426244620,0,0,148
8206,0,16428247263,16428247137,0,0,125
8207,0,16430249869,16430249755,0,0,114
8208,0,16432250935,16432250785,0,0,150
8209,0,16434252610,16434252485,0,0,124
8210,0,16436255001,16436254896,0,0,104
8211,0,16438257237,16438257112,0,0,124
8212,0,16440260085,16440259968,0,0,116
8213,0,16442261844,16442261721,0,0,122
8214,0,16444263958,16444263855,0,0,103
8215,0,16446265756,16446265642,0,0,114
8216,0,16448267705,16448267565,0,0,140
8217,0,16450270644,16450270530,0,0,114
8218,0,16452273220,16452273112,0,0,107
8219,0,16454275234,16454275111,0,0,123
8220,0,16456277476,16456277392,0,0,83
8221,0,16458279742,16458279591,0,0,151
8222,0,16460282103,16460281998,0,0,104
8223,0,16462284132,16462284008,0,0,123
8224,0,16464286103,16464285991,0,0,112
8225,0,16466288338,16466288206,0,0,131
8226,0,16468290634,16468290550,0,0,84
8227,0,16470295182,16470295078,0,0,104
8228,0,16472295855,16472295751,0,0,103
8229,0,16474298577,16474298467,0,0,110
8230,0,16476300939,16476300835,0,0,103
8231,0,16478303069,16478302962,0,0,107
8232,0,16480304296,16480304209,0,0,87
8233,0,16482306648,16482306541,0,0,107
8234,0,16484308928,16484308844,0,0,83
8235,0,16486311020,16486310899,0,0,120
8236,0,16488313416,16488313335,0,0,80
8237,0,16490316030,16490315925,0,0,104
8238,0,16492318914,16492318830,0,0,84
8239,0,16494319898,16494319792,0,0,106
8240,0,16496321823,16496321685,0,0,138
8241,0,16498324178,16498324074,0,0,104
8242,0,16500327071,16500326956,0,0,114
8243,0,16502329673,16502329584,0,0,88
8244,0,16504331176,16504331074,0,0,102
8245,0,16506333067,16506332950,0,0,116
8246,0,16508336453,16508336349,0,0,103
8247,0,16510337968,16510337862,0,0,105
8248,0,16512340071,16512339944,0,0,127
8249,0,16514342075,16514341946,0,0,128
8250,0,16516345122,16516344986,0,0,135
8251,0,16518347458,16518347346,0,0,112
8252,0,16520348988,16520348841,0,0,147
8253,0,16522351334,16522351187,0,0,147
8254,0,16524354011,16524353907,0,0,103
8255,0,16526356676,16526356546,0,0,130
8256,0,16528357445,16528357292,0,0,152
8257,0,16530360137,16530360004,0,0,132
8258,0,16532362341,16532362253,0,0,87
8259,0,16534364096,16534363985,0,0,111
8260,0,16536367009,16536366882,0,0,127
8261,0,16538369127,16538368990,0,0,137
8262,0,16540371060,16540370931,0,0,128
8263,0,16542372914,16542372790,0,0,124
8264,0,16544375311,16544375181,0,0,130
8265,0,16546378406,16546378289,0,0,116
8266,0,16548379902,16548379818,0,0,83
8267,0,16550381725,16550381598,0,0,126
8268,0,16552384688,16552384565,0,0,123
8269,0,16554387735,16554387606,0,0,128
8270,0,16556389422,16556389313,0,0,109
8271,0,16558391195,16558391077,0,0,118
8272,0,16560393172,16560393065,0,0,107
8273,0,16562395199,16562395072,0,0,126
8274,0,16564397808,16564397669,0,0,138
8275,0,16566399641,16566399492,0,0,148
8276,0,16568402505,16568402389,0,0,116
8277,0,16570405575,16570405420,0,0,154
8278,0,16572406352,16572406248,0,0,103
8279,0,16574408496,16574408359,0,0,136
8280,0,16576410957,16576410814,0,0,143
8281,0,16578412895,16578412752,0,0,143
8282,0,16580416026,16580415879,0,0,146
8283,0,16582417383,16582417229,0,0,154
8284,0,16584420321,16584420198,0,0,123
8285,0,16586423298,16586423174,0,0,123
8286,0,16588424649,16588424531,0,0,118
8287,0,16590427064,16590426951,0,0,112
8288,0,16592429943,16592429793,0,0,150
8289,0,16594431405,16594431294,0,0,111
8290,0,16596433008,16596432940,0,0,68
8291,0,16598436337,16598436216,0,0,120
8292,0,16600439328,16600439195,0,0,132
8293,0,16602440946,16602440837,0,0,108
8294,0,16604442291,16604442203,0,0,87
8295,0,16606444561,16606444433,0,0,128
8296,0,16608447127,16608447030,0,0,96
8297,0,16610448729,16610448624,0,0,104
8298,0,16612451204,16612451121,0,0,82
8299,0,16614453117,16614453000,0,0,117
8300,0,16616455831,16616455724,0,0,107
8301,0,16618458161,16618458050,0,0,111
8302,0,16620460177,16620460076,0,0,100
8303,0,16622462301,16622462182,0,0,118
8304,0,16624465436,16624465295,0,0,141
8305,0,16626466411,16626466294,0,0,116
8306,0,16628469122,16628469009,0,0,112
8307,0,16630471175,16630471049,0,0,126
8308,0,16632473119,16632473008,0,0,110
8309,0,16634475530,16634475417,0,0,112
8310,0,16636477665,16636477558,0,0,107
8311,0,16638480289,16638480149,0,0,140
8312,0,16640483049,16640482945,0,0,104
8313,0,16642485278,16642485155,0,0,122
8314,0,16644487404,16644487300,0,0,103
8315,0,16646489757,16646489640,0,0,116
8316,0,16648491260,16648491151,0,0,108
8317,0,16650493384,16650493262,0,0,121
8318,0,16652496274,16652496141,0,0,132
8319,0,16654499839,16654499733,0,0,105
8320,0,16656501303,16656501188,0,0,114
8321,0,16658502667,16658502548,0,0,119
8322,0,16660504366,16660504242,0,0,124
8323,0,16662506622,16662506498,0,0,123
8324,0,16664510624,16664510506,0,0,118
8325,0,16666511920,16666511802,0,0,118
8326,0,16668513352,16668513249,0,0,103
8327,0,16670517015,16670516904,0,0,110
8328,0,16672517660,16672517557,0,0,102
8329,0,16674520881,16674520773,0,0,108
8330,0,16676523912,16676523811,0,0,101
8331,0,16678525422,16678525297,0,0,124
8332,0,16680526869,16680526765,0,0,104
8333,0,16682530246,16682530127,0,0,119
8334,0,16684532213,16684532086,0,0,126
8335,0,16686534010,16686533893,0,0,116
8336,0,16688536728,16688536643,0,0,84
8337,0,16690538243,16690538119,0,0,123
8338,0,16692540343,16692540240,0,0,103
8339,0,16694542184,16694542038,0,0,146
8340,0,16696545213,16696545083,0,0,130
8341,0,16698547532,16698547389,0,0,142
8342,0,16700548941,16700548832,0,0,108
8343,0,16702551687,16702551557,0,0,130
8344,0,16704553532,16704553385,0,0,146
8345,0,16706555847,16706555704,0,0,142
8346,0,16708558356,16708558241,0,0,114
8347,0,16710561503,16710561352,0,0,150
8348,0,16712562377,16712562296,0,0,80
8349,0,16714564534,16714564426,0,0,108
8350,0,16716566899,16716566765,0,0,134
8351,0,16718569758,16718569601,0,0,157
8352,0,16720572317,16720572198,0,0,119
8353,0,16722573305,16722573162,0,0,143
8354,0,16724575891,16724575788,0,0,103
8355,0,16726577950,16726577822,0,0,128
8356,0,16728580591,16728580441,0,0,149
8357,0,16730582326,16730582190,0,0,136
8358,0,16732584260,16732584117,0,0,142
8359,0,16734586604,16734586471,0,0,132
8360,0,16736589216,16736589092,0,0,124
8361,0,16738591474,16738591361,0,0,112
8362,0,16740593670,16740593597,0,0,72
8363,0,16742596178,16742596097,0,0,80
8364,0,16744598269,16744598165,0,0,103
8365,0,16746600498,16746600369,0,0,128
8366,0,16748602690,16748602575,0,0,115
8367,0,16750605004,16750604902,0,0,102
8368,0,16752606905,16752606786,0,0,118
8369,0,16754608919,16754608810,0,0,108
8370,0,16756611453,16756611350,0,0,103
8371,0,16758613556,16758613450,0,0,105
8372,0,16760616412,16760616330,0,0,82
8373,0,16762618807,16762618723,0,0,84
8374,0,16764619757,16764619653,0,0,103
8375,0,16766622354,16766622248,0,0,105
8376,0,16768624145,16768624026,0,0,118
8377,0,16770628015,16770627908,0,0,106
8378,0,16772629426,16772629310,0,0,116
8379,0,16774631209,16774631105,0,0,104
8380,0,16776633532,16776633427,0,0,104
8381,0,16778635672,16778635555,0,0,116
8382,0,16780640230,16780640113,0,0,116
8383,0,16782641507,16782641404,0,0,102
8384,0,16784642366,16784642284,0,0,82
8385,0,16786644295,16786644161,0,0,134
8386,0,16788646740,16788646636,0,0,103
8387,0,16790648603,16790648469,0,0,134
8388,0,16792651861,16792651711,0,0,150
8389,0,16794654141,16794653985,0,0,156
8390,0,16796655587,16796655483,0,0,104
8391,0,16798658053,16798657912,0,0,141
8392,0,16800660236,16800660126,0,0,110
8393,0,16802662262,16802662121,0,0,141
8394,0,16804664694,16804664586,0,0,107
8395,0,16806666688,16806666539,0,0,148
8396,0,16808668882,16808668768,0,0,114
8397,0,16810672188,16810672044,0,0,144
8398,0,16812674786,16812674632,0,0,153
8399,0,16814675830,16814675705,0,0,124
8400,0,16816678033,16816677896,0,0,137
8401,0,16818681006,16818680885,0,0,121
8402,0,16820682723,16820682593,0,0,130
8403,0,16822684638,16822684500,0,0,138
8404,0,16824687082,16824686949,0,0,132
8405,0,16826688806,16826688671,0,0,134
8406,0,16828691017,16828690911,0,0,105
8407,0,16830693258,16830693130,0,0,128
8408,0,16832696105,16832695980,0,0,124
8409,0,16834697641,16834697508,0,0,132
8410,0,16836700467,16836700357,0,0,110
8411,0,16838702641,16838702528,0,0,112
8412,0,16840704821,16840704716,0,0,104
8413,0,16842706854,16842706712,0,0,142
8414,0,16844710052,16844709938,0,0,114
8415,0,16846712967,16846712856,0,0,111
8416,0,16848714697,16848714573,0,0,124
8417,0,16850715503,16850715395,0,0,108
8418,0,16852718550,16852718502,0,0,48
8419,0,16854721575,16854721446,0,0,128
8420,0,16856723653,16856723520,0,0,132
8421,0,16858726581,16858726455,0,0,125
8422,0,16860727083,16860726975,0,0,107
8423,0,16862729001,16862728852,0,0,148
8424,0,16864731592,16864731487,0,0,104
8425,0,16866733558,16866733429,0,0,128
8426,0,16868736006,16868735894,0,0,112
8427,0,16870739331,16870739198,0,0,132
8428,0,16872740114,16872740025,0,0,88
8429,0,16874742696,16874742580,0,0,115
8430,0,16876745489,16876745381,0,0,107
8431,0,16878747726,16878747609,0,0,116
8432,0,16880749300,16880749171,0,0,128
8433,0,16882751518,16882751385,0,0,132
8434,0,16884753348,16884753208,0,0,140
8435,0,16886755511,16886755362,0,0,148
8436,0,16888757982,16888757838,0,0,143
8437,0,16890759925,16890759764,0,0,160
8438,0,16892762426,16892762316,0,0,110
8439,0,16894764979,16894764859,0,0,120
8440,0,16896767975,16896767858,0,0,116
8441,0,16898769267,16898769149,0,0,118
8442,0,16900771826,16900771684,0,0,142
8443,0,16902774477,16902774344,0,0,132
8444,0,16904776528,16904776413,0,0,114
8445,0,16906778040,16906777917,0,0,122
8446,0,16908779829,16908779694,0,0,134
8447,0,16910782558,16910782444,0,0,114
8448,0,16912784217,16912784096,0,0,120
8449,0,16914785626,16914785502,0,0,124
8450,0,16916789640,16916789508,0,0,132
8451,0,16918792833,16918792720,0,0,112
8452,0,16920794229,16920794127,0,0,102
8453,0,16922796711,16922796573,0,0,137
8454,0,16924797732,16924797628,0,0,104
8455,0,16926799901,16926799776,0,0,124
8456,0,16928802526,16928802402,0,0,124
8457,0,16930804121,16930804015,0,0,105
8458,0,16932806232,16932806156,0,0,76
8459,0,16934808988,16934808874,0,0,114
8460,0,16936812620,16936812533,0,0,86
8461,0,16938814699,16938814578,0,0,121
8462,0,16940817050,16940816932,0,0,117
8463,0,16942818121,16942817991,0,0,129
8464,0,16944819927,16944819794,0,0,132
8465,0,16946822803,16946822679,0,0,123
8466,0,16948824967,16948824844,0,0,122
8467,0,16950826752,16950826603,0,0,148
8468,0,16952829934,16952829785,0,0,148
8469,0,16954832732,16954832587,0,0,144
8470,0,16956833620,16956833495,0,0,124
8471,0,16958835732,16958835588,0,0,143
8472,0,16960838274,16960838154,0,0,120
8473,0,16962840587,16962840440,0,0,146
8474,0,16964842781,16964842654,0,0,126
8475,0,16966845256,16966845125,0,0,131
8476,0,16968846854,16968846725,0,0,128
8477,0,16970851860,16970851703,0,0,156
8478,0,16972854020,16972853869,0,0,150
8479,0,16974854902,16974854779,0,0,123
8480,0,16976857955,16976857865,0,0,89
8481,0,16978857901,16978857797,0,0,103
8482,0,16980860394,16980860306,0,0,87
8483,0,16982862982,16982862880,0,0,101
8484,0,16984865178,16984865074,0,0,103
8485,0,16986866627,16986866503,0,0,124
8486,0,16988869185,16988869092,0,0,93
8487,0,16990871240,16990871142,0,0,98
8488,0,16992873705,16992873573,0,0,132
8489,0,16994876267,16994876132,0,0,134
8490,0,16996878551,16996878426,0,0,124
8491,0,16998880015,16998879874,0,0,141
8492,0,17000883198,17000883076,0,0,122
8493,0,17002886595,17002886449,0,0,146
8494,0,17004888464,17004888337,0,0,126
8495,0,17006889586,17006889467,0,0,119
8496,0,17008891364,17008891247,0,0,117
8497,0,17010893981,17010893866,0,0,114
8498,0,17012895831,17012895746,0,0,85
8499,0,17014899496,17014899375,0,0,121
8500,0,17016901480,17016901375,0,0,104
8501,0,17018903664,17018903551,0,0,112
8502,0,17020904662,17020904550,0,0,112
8503,0,17022907168,17022907090,0,0,77
8504,0,17024910302,17024910189,0,0,112
8505,0,17026913105,17026912978,0,0,126
8506,0,17028914971,17028914867,0,0,103
8507,0,17030915871,17030915763,0,0,107
8508,0,17032918728,17032918653,0,0,74
8509,0,17034921024,17034920902,0,0,122
8510,0,17036922442,17036922314,0,0,128
8511,0,17038924660,17038924555,0,0,105
8512,0,17040926896,17040926777,0,0,119
8513,0,17042929310,17042929182,0,0,127
8514,0,17044931624,17044931523,0,0,101
8515,0,17046933795,17046933651,0,0,144
8516,0,17048936375,17048936252,0,0,123
8517,0,17050937863,17050937731,0,0,132
8518,0,17052940618,17052940530,0,0,87
8519,0,17054942335,17054942211,0,0,124
8520,0,17056945152,17056945019,0,0,132
8521,0,17058946876,17058946717,0,0,158
8522,0,17060949425,17060949321,0,0,104
8523,0,17062951276,17062951123,0,0,153
8524,0,17064953848,17064953715,0,0,132
8525,0,17066956964,17066956836,0,0,127
8526,0,17068959406,17068959293,0,0,112
8527,0,17070962429,17070962284,0,0,144
8528,0,17072963453,17072963335,0,0,117
8529,0,17074965049,17074964929,0,0,120
8530,0,17076966930,17076966809,0,0,121
8531,0,17078969044,17078968937,0,0,107
8532,0,17080971766,17080971643,0,0,122
8533,0,17082973653,17082973506,0,0,147
8534,0,17084976283,17084976158,0,0,124
8535,0,17086978637,17086978521,0,0,116
8536,0,17088980781,17088980651,0,0,130
8537,0,17090982560,17090982415,0,0,145
8538,0,17092985950,17092985843,0,0,107
8539,0,17094986922,17094986803,0,0,119
8540,0,17096989345,17096989269,0,0,75
8541,0,17098991591,17098991447,0,0,144
8542,0,17100994550,17100994417,0,0,132
8543,0,17102997916,17102997800,0,0,116
8544,0,17104999321,17104999203,0,0,118
8545,0,17107000244,17107000139,0,0,105
8546,0,17109003020,17109002903,0,0,116
8547,0,17111005707,17111005595,0,0,112
8548,0,17113009111,17113009003,0,0,107
8549,0,17115010465,17115010348,0,0,116
8550,0,17117011601,17117011519,0,0,82
8551,0,17119013581,17119013458,0,0,123
8552,0,17121016006,17121015811,0,0,195
8553,0,17123018346,17123018242,0,0,103
8554,0,17125020937,17125020821,0,0,116
8555,0,17127022909,17127022780,0,0,128
8556,0,17129025229,17129025116,0,0,112
8557,0,17131028460,17131028348,0,0,111
8558,0,17133030644,17133030541,0,0,103
8559,0,17135033089,17135032972,0,0,116
8560,0,17137034562,17137034443,0,0,119
8561,0,17139036499,17139036393,0,0,106
8562,0,17141038840,17141038731,0,0,108
8563,0,17143042089,17143041969,0,0,120
8564,0,17145044202,17145044085,0,0,116
8565,0,17147046401,17147046271,0,0,130
8566,0,17149047206,17149047102,0,0,104
8567,0,17151049043,17151048915,0,0,128
8568,0,17153051324,17153051177,0,0,146
8569,0,17155053414,17155053292,0,0,122
8570,0,17157056874,17157056740,0,0,134
8571,0,17159059751,17159059624,0,0,127
8572,0,17161060570,17161060471,0,0,98
8573,0,17163062716,17163062595,0,0,120
8574,0,17165064761,17165064615,0,0,146
8575,0,17167067198,17167067084,0,0,114
8576,0,17169070233,17169070103,0,0,130
8577,0,17171073100,17171072997,0,0,102
8578,0,17173074262,17173074158,0,0,104
8579,0,17175075807,17175075690,0,0,116
8580,0,17177078557,17177078432,0,0,124
8581,0,17179081050,17179080930,0,0,120
8582,0,17181082704,17181082623,0,0,80
8583,0,17183084808,17183084687,0,0,120
8584,0,17185087159,17185087026,0,0,133
8585,0,17187089182,17187089071,0,0,110
8586,0,17189092149,17189092058,0,0,90
8587,0,17191094782,17191094666,0,0,116
8588,0,17193096290,17193096175,0,0,114
8589,0,17195099524,17195099366,0,0,158
8590,0,17197101939,17197101818,0,0,121
8591,0,17199102899,17199102792,0,0,107
8592,0,17201104958,17201104831,0,0,126
8593,0,17203106846,17203106737,0,0,108
8594,0,17205109878,17205109792,0,0,86
8595,0,17207112438,17207112317,0,0,121
8596,0,17209115447,17209115364,0,0,82
8597,0,17211117372,17211117225,0,0,146
8598,0,17213118478,17213118393,0,0,85
8599,0,17215120335,17215120251,0,0,84
8600,0,17217122743,17217122620,0,0,123
8601,0,17219125260,17219125152,0,0,107
8602,0,17221127807,17221127688,0,0,119
8603,0,17223130835,17223130723,0,0,112
8604,0,17225131940,17225131835,0,0,104
8605,0,17227133813,17227133685,0,0,128
8606,0,17229136364,17229136274,0,0,90
8607,0,17231138657,17231138548,0,0,108
8608,0,17233140658,17233140554,0,0,103
8609,0,17235142514,17235142406,0,0,107
8610,0,17237145243,17237145139,0,0,104
8611,0,17239147676,17239147562,0,0,114
8612,0,17241150105,17241149982,0,0,122
8613,0,17243152404,17243152285,0,0,118
8614,0,17245153839,17245153734,0,0,104
8615,0,17247155957,17247155844,0,0,112
8616,0,17249159325,17249159211,0,0,114
8617,0,17251160535,17251160425,0,0,110
8618,0,17253163430,17253163344,0,0,85
8619,0,17255165982,17255165853,0,0,128
8620,0,17257167487,17257167406,0,0,80
8621,0,17259169924,17259169806,0,0,118
8622,0,17261172064,17261171959,0,0,104
8623,0,17263174156,17263174049,0,0,107
8624,0,17265176166,17265176037,0,0,129
8625,0,17267178757,17267178612,0,0,144
8626,0,17269180782,17269180678,0,0,103
8627,0,17271185512,17271185399,0,0,112
8628,0,17273186341,17273186233,0,0,107
8629,0,17275187259,17275187122,0,0,137
8630,0,17277189605,17277189503,0,0,102
8631,0,17279191868,17279191755,0,0,112
8632,0,17281193662,17281193557,0,0,105
8633,0,17283196062,17283195957,0,0,105
8634,0,17285198865,17285198761,0,0,104
8635,0,17287202894,17287202793,0,0,100
8636,0,17289203131,17289203018,0,0,112
8637,0,17291205251,17291205130,0,0,120
8638,0,17293207774,17293207662,0,0,112
8639,0,17295209874,17295209761,0,0,112
8640,0,17297212000,17297211865,0,0,134
8641,0,17299214082,17299213939,0,0,143
8642,0,17301216376,17301216276,0,0,100
8643,0,17303218024,17303217916,0,0,107
8644,0,17305220979,17305220862,0,0,116
8645,0,17307223044,17307222916,0,0,128
8646,0,17309225305,17309225197,0,0,107
8647,0,17311227622,17311227485,0,0,137
8648,0,17313229733,17313229607,0,0,125
8649,0,17315231865,17315231741,0,0,124
8650,0,17317234469,17317234362,0,0,107
8651,0,17319236259,17319236119,0,0,139
8652,0,17321238602,17321238516,0,0,86
8653,0,17323242253,17323242109,0,0,143
8654,0,17325244927,17325244849,0,0,77
8655,0,17327245311,17327245191,0,0,120
8656,0,17329248061,17329247924,0,0,137
8657,0,17331250753,17331250635,0,0,117
8658,0,17333252080,17333251975,0,0,104
8659,0,17335254107,17335253995,0,0,112
8660,0,17337256456,17337256339,0,0,116
8661,0,17339259257,17339259128,0,0,128
8662,0,17341261571,17341261454,0,0,116
8663,0,17343262864,17343262747,0,0,116
8664,0,17345265947,17345265802,0,0,144
8665,0,17347268274,17347268137,0,0,137
8666,0,17349269696,17349269547,0,0,148
8667,0,17351271771,17351271602,0,0,168
8668,0,17353274385,17353274252,0,0,132
8669,0,17355275957,17355275801,0,0,155
8670,0,17357278701,17357278556,0,0,145
8671,0,17359280734,17359280580,0,0,153
8672,0,17361282926,17361282757,0,0,168
8673,0,17363285141,17363284984,0,0,157
8674,0,17365288586,17365288462,0,0,124
8675,0,17367289619,17367289462,0,0,157
8676,0,17369292957,17369292818,0,0,138
8677,0,17371296496,17371296339,0,0,157
8678,0,17373297129,17373296990,0,0,139
8679,0,17375300262,17375300117,0,0,144
8680,0,17377301922,17377301767,0,0,155
8681,0,17379303040,17379302902,0,0,138
8682,0,17381306017,17381305914,0,0,103
8683,0,17383308526,17383308374,0,0,152
8684,0,17385310068,17385309937,0,0,130
8685,0,17387312433,17387312301,0,0,132
8686,0,17389314662,17389314546,0,0,115
8687,0,17391316330,17391316197,0,0,132
8688,0,17393318505,17393318357,0,0,148
8689,0,17395320568,17395320440,0,0,128
8690,0,17397322942,17397322840,0,0,102
8691,0,17399325375,17399325254,0,0,120
8692,0,17401327950,17401327801,0,0,149
8693,0,17403329631,17403329496,0,0,134
8694,0,17405332712,17405332609,0,0,102
8695,0,17407333772,17407333645,0,0,126
8696,0,17409336678,17409336552,0,0,126
8697,0,17411338553,17411338415,0,0,138
8698,0,17413341109,17413341000,0,0,108
8699,0,17415343085,17415342934,0,0,150
8700,0,17417345796,17417345684,0,0,112
8701,0,17419349176,17419349040,0,0,135
8702,0,17421350937,17421350826,0,0,110
8703,0,17423352230,17423352085,0,0,144
8704,0,17425354067,17425353968,0,0,98
8705,0,17427356554,17427356429,0,0,124
8706,0,17429358692,17429358588,0,0,103
8707,0,17431360860,17431360752,0,0,108
8708,0,17433363712,17433363612,0,0,100
8709,0,17435366434,17435366302,0,0,132
8710,0,17437368040,17437367906,0,0,134
8711,0,17439370887,17439370778,0,0,108
8712,0,17441372224,17441372103,0,0,121
8713,0,17443375058,17443374936,0,0,122
8714,0,17445376619,17445376532,0,0,87
8715,0,17447378355,17447378244,0,0,110
8716,0,17449381579,17449381498,0,0,80
8717,0,17451385294,17451385177,0,0,116
8718,0,17453386549,17453386445,0,0,103
8719,0,17455388129,17455387995,0,0,133
8720,0,17457390653,17457390539,0,0,114
8721,0,17459392198,17459392061,0,0,137
8722,0,17461394566,17461394462,0,0,104
8723,0,17463396422,17463396285,0,0,137
8724,0,17465399134,17465398993,0,0,140
8725,0,17467400505,17467400387,0,0,117
8726,0,17469402759,17469402651,0,0,108
8727,0,17471406758,17471406652,0,0,105
8728,0,17473407800,17473407693,0,0,106
8729,0,17475410307,17475410172,0,0,134
8730,0,17477413496,17477413374,0,0,122
8731,0,17479415354,17479415242,0,0,111
8732,0,17481416119,17481416013,0,0,105
8733,0,17483418728,17483418600,0,0,128
8734,0,17485420743,17485420641,0,0,102
8735,0,17487423002,17487422885,0,0,116
8736,0,17489425449,17489425350,0,0,98
8737,0,17491427475,17491427366,0,0,108
8738,0,17493429572,17493429483,0,0,88
8739,0,17495431870,17495431756,0,0,114
8740,0,17497434388,17497434281,0,0,107
8741,0,17499436688,17499436579,0,0,109
8742,0,17501438867,17501438800,0,0,66
8743,0,17503441566,17503441462,0,0,104
8744,0,17505444001,17505443885,0,0,116
8745,0,17507445461,17507445332,0,0,128
8746,0,17509447613,17509447534,0,0,78
8747,0,17511450232,17511450122,0,0,110
8748,0,17513452741,17513452659,0,0,82
8749,0,17515455437,17515455323,0,0,114
8750,0,17517456417,17517456293,0,0,123
8751,0,17519459354,17519459241,0,0,112
8752,0,17521461448,17521461312,0,0,136
8753,0,17523461643,17523461532,0,0,110
8754,0,17525466079,17525465973,0,0,106
8755,0,17527469083,17527468955,0,0,128
8756,0,17529470194,17529470076,0,0,118
8757,0,17531471946,17531471822,0,0,123
8758,0,17533473916,17533473811,0,0,104
8759,0,17535476706,17535476597,0,0,108
8760,0,17537478748,17537478621,0,0,126
8761,0,17539480418,17539480314,0,0,104
8762,0,17541483870,17541483786,0,0,83
8763,0,17543486125,17543486006,0,0,118
8764,0,17545487956,17545487853,0,0,102
8765,0,17547489986,17547489862,0,0,123
8766,0,17549492310,17549492197,0,0,112
8767,0,17551494038,17551493930,0,0,107
8768,0,17553497048,17553496929,0,0,119
8769,0,17555498991,17555498872,0,0,119
8770,0,17557501251,17557501144,0,0,106
8771,0,17559504288,17559504168,0,0,119
8772,0,17561505651,17561505527,0,0,123
8773,0,17563508038,17563507894,0,0,143
8774,0,17565509728,17565509647,0,0,81
8775,0,17567511810,17567511703,0,0,106
8776,0,17569514020,17569513910,0,0,110
8777,0,17571518302,17571518175,0,0,127
8778,0,17573520042,17573519952,0,0,90
8779,0,17575521200,17575521065,0,0,135
8780,0,17577523600,17577523467,0,0,132
8781,0,17579526316,17579526193,0,0,123
8782,0,17581529272,17581529174,0,0,98
8783,0,17583531109,17583530958,0,0,150
8784,0,17585531921,17585531777,0,0,143
8785,0,17587534616,17587534462,0,0,153
8786,0,17589536497,17589536366,0,0,130
8787,0,17591538707,17591538549,0,0,158
8788,0,17593541301,17593541124,0,0,177
8789,0,17595543296,17595543134,0,0,162
8790,0,17597545600,17597545472,0,0,127
8791,0,17599548797,17599548667,0,0,130
8792,0,17601550009,17601549911,0,0,98
8793,0,17603551784,17603551663,0,0,120
8794,0,17605554907,17605554770,0,0,137
8795,0,17607556653,17607556519,0,0,134
8796,0,17609559089,17609558982,0,0,106
8797,0,17611561179,17611561032,0,0,146
8798,0,17613563170,17613563084,0,0,85
8799,0,17615565432,17615565310,0,0,122
8800,0,17617567412,17617567264,0,0,148
8801,0,17619570096,17619569981,0,0,114
8802,0,17621572661,17621572532,0,0,128
8803,0,17623576000,17623575849,0,0,150
8804,0,17625577964,17625577822,0,0,142
8805,0,17627578707,17627578584,0,0,123
8806,0,17629581107,17629580958,0,0,148
8807,0,17631582873,17631582716,0,0,156
8808,0,17633585768,17633585617,0,0,150
8809,0,17635587749,17635587592,0,0,157
8810,0,17637590420,17637590316,0,0,103
8811,0,17639591870,17639591715,0,0,155
8812,0,17641594734,17641594626,0,0,108
8813,0,17643596969,17643596822,0,0,147
8814,0,17645599006,17645598894,0,0,112
8815,0,17647601419,17647601285,0,0,134
8816,0,17649603043,17649602927,0,0,116
8817,0,17651605568,17651605429,0,0,139
8818,0,17653607879,17653607757,0,0,122
8819,0,17655609991,17655609862,0,0,128
8820,0,17657612584,17657612468,0,0,116
8821,0,17659613921,17659613787,0,0,134
8822,0,17661616798,17661616667,0,0,130
8823,0,17663618653,17663618541,0,0,112
8824,0,17665621662,17665621503,0,0,158
8825,0,17667624807,17667624660,0,0,146
8826,0,17669626767,17669626618,0,0,148
8827,0,17671629467,17671629386,0,0,80
8828,0,17673631591,17673631464,0,0,126
8829,0,17675633174,17675633031,0,0,142
8830,0,17677635166,17677635024,0,0,141
8831,0,17679636632,17679636483,0,0,148
8832,0,17681638777,17681638679,0,0,98
8833,0,17683641321,17683641215,0,0,105
8834,0,17685643802,17685643680,0,0,121
8835,0,17687646271,17687646144,0,0,127
8836,0,17689648683,17689648575,0,0,107
8837,0,17691650921,17691650813,0,0,107
8838,0,17693652469,17693652366,0,0,103
8839,0,17695654002,17695653916,0,0,85
8840,0,17697656600,17697656469,0,0,130
8841,0,17699658907,17699658803,0,0,104
8842,0,17701661232,17701661128,0,0,104
8843,0,17703663373,17703663256,0,0,116
8844,0,17705666144,17705666058,0,0,85
8845,0,17707669870,17707669757,0,0,112
8846,0,17709670900,17709670800,0,0,100
8847,0,17711672588,17711672474,0,0,114
8848,0,17713674213,17713674069,0,0,143
8849,0,17715677930,17715677815,0,0,114
8850,0,17717679180,17717679067,0,0,112
8851,0,17719681082,17719680959,0,0,122
8852,0,17721683938,17721683822,0,0,116
8853,0,17723686883,17723686758,0,0,124
8854,0,17725687862,17725687748,0,0,114
8855,0,17727690013,17727689914,0,0,98
8856,0,17729692631,17729692507,0,0,123
8857,0,17731694462,17731694305,0,0,157
8858,0,17733697300,17733697195,0,0,104
8859,0,17735700112,17735699986,0,0,125
8860,0,17737701064,17737700953,0,0,110
8861,0,17739703571,17739703405,0,0,166
8862,0,17741705669,17741705542,0,0,127
8863,0,17743708068,17743707931,0,0,137
8864,0,17745710159,17745710020,0,0,138
8865,0,17747712577,17747712453,0,0,123
8866,0,17749714893,17749714810,0,0,83
8867,0,17751716751,17751716638,0,0,112
8868,0,17753718900,17753718797,0,0,103
8869,0,17755722524,17755722382,0,0,142
8870,0,17757724241,17757724139,0,0,102
8871,0,17759726883,17759726742,0,0,140
8872,0,17761727905,17761727773,0,0,132
8873,0,17763730431,17763730310,0,0,121
8874,0,17765732753,17765732644,0,0,109
8875,0,17767735398,17767735280,0,0,118
8876,0,17769737075,17769736975,0,0,100
8877,0,17771741080,17771740973,0,0,107
8878,0,17773742364,17773742262,0,0,102
8879,0,17775743966,17775743844,0,0,122
8880,0,17777746873,17777746760,0,0,112
8881,0,17779748445,17779748328,0,0,116
8882,0,17781751066,17781750980,0,0,85
8883,0,17783751964,17783751859,0,0,104
8884,0,17785754792,17785754686,0,0,105
8885,0,17787756778,17787756663,0,0,114
8886,0,17789759074,17789758986,0,0,88
8887,0,17791761563,17791761442,0,0,120
8888,0,17793764918,17793764832,0,0,85
8889,0,17795765516,17795765411,0,0,105
8890,0,17797768475,17797768370,0,0,104
8891,0,17799771556,17799771448,0,0,107
8892,0,17801772427,17801772339,0,0,88
8893,0,17803775552,17803775436,0,0,116
8894,0,17805778014,17805777941,0,0,72
8895,0,17807779195,17807779092,0,0,103
8896,0,17809781310,17809781204,0,0,106
8897,0,17811783130,17811783018,0,0,111
8898,0,17813786158,17813786060,0,0,98
8899,0,17815789341,17815789225,0,0,116
8900,0,17817790667,17817790540,0,0,126
8901,0,17819793341,17819793214,0,0,126
8902,0,17821794738,17821794631,0,0,106
8903,0,17823796751,17823796624,0,0,126
8904,0,17825799201,17825799045,0,0,155
8905,0,17827800795,17827800642,0,0,152
8906,0,17829803882,17829803744,0,0,137
8907,0,17831806594,17831806439,0,0,155
8908,0,17833808380,17833808235,0,0,144
8909,0,17835810822,17835810665,0,0,157
8910,0,17837813166,17837813032,0,0,133
8911,0,17839815159,17839815031,0,0,128
8912,0,17841818053,17841817927,0,0,126
8913,0,17843818907,17843818792,0,0,115
8914,0,17845821665,17845821543,0,0,122
8915,0,17847823370,17847823245,0,0,124
8916,0,17849826076,17849825953,0,0,122
8917,0,17851828071,17851827927,0,0,143
8918,0,17853830452,17853830323,0,0,128
8919,0,17855832671,17855832540,0,0,131
8920,0,17857834509,17857834396,0,0,112
8921,0,17859836488,17859836378,0,0,110
8922,0,17861839506,17861839377,0,0,129
8923,0,17863842221,17863842101,0,0,120
8924,0,17865843763,17865843683,0,0,80
8925,0,17867845752,17867845628,0,0,124
8926,0,17869847966,17869847862,0,0,104
8927,0,17871852696,17871852579,0,0,116
8928,0,17873852768,17873852626,0,0,142
8929,0,17875854980,17875854846,0,0,134
8930,0,17877857432,17877857331,0,0,101
8931,0,17879860440,17879860302,0,0,138
8932,0,17881862133,17881861994,0,0,139
8933,0,17883864351,17883864223,0,0,128
8934,0,17885865767,17885865646,0,0,121
8935,0,17887868037,17887867914,0,0,122
8936,0,17889870098,17889869978,0,0,120
8937,0,17891872204,17891872087,0,0,116
8938,0,17893875482,17893875398,0,0,83
8939,0,17895878435,17895878301,0,0,134
8940,0,17897880567,17897880462,0,0,105
8941,0,17899881741,17899881606,0,0,134
8942,0,17901884429,17901884312,0,0,116
8943,0,17903887179,17903887054,0,0,125
8944,0,17905888055,17905887908,0,0,146
8945,0,17907890722,17907890588,0,0,134
8946,0,17909893732,17909893625,0,0,106
8947,0,17911894938,17911894782,0,0,156
8948,0,17913897612,17913897456,0,0,156
8949,0,17915900336,17915900157,0,0,178
8950,0,17917901460,17917901307,0,0,152
8951,0,17919903806,17919903662,0,0,143
8952,0,17921906010,17921905867,0,0,143
8953,0,17923908154,17923908024,0,0,129
8954,0,17925910616,17925910496,0,0,120
8955,0,17927912680,17927912513,0,0,166
8956,0,17929914787,17929914643,0,0,143
8957,0,17931916548,17931916427,0,0,121
8958,0,17933918231,17933918116,0,0,114
8959,0,17935921764,17935921635,0,0,129
8960,0,17937924443,17937924332,0,0,110
8961,0,17939927366,17939927239,0,0,127
8962,0,17941928831,17941928745,0,0,86
8963,0,17943930170,17943930056,0,0,114
8964,0,17945933330,17945933211,0,0,118
8965,0,17947935874,17947935761,0,0,112
8966,0,17949938334,17949938210,0,0,123
8967,0,17951939505,17951939380,0,0,124
8968,0,17953941388,17953941285,0,0,103
8969,0,17955944110,17955944124,0,0,-13
8970,0,17957946993,17957946892,0,0,101
8971,0,17959947622,17959947490,0,0,131
8972,0,17961949324,17961949218,0,0,105
8973,0,17963953488,17963953369,0,0,119
8974,0,17965955763,17965955660,0,0,102
8975,0,17967957211,17967957104,0,0,106
8976,0,17969959617,17969959514,0,0,103
8977,0,17971962522,17971962415,0,0,106
8978,0,17973964327,17973964235,0,0,91
8979,0,17975966611,17975966503,0,0,108
8980,0,17977968649,17977968532,0,0,116
8981,0,17979971277,17979971136,0,0,141
8982,0,17981972677,17981972584,0,0,92
8983,0,17983974820,17983974697,0,0,122
8984,0,17985977176,17985977034,0,0,141
8985,0,17987980358,17987980229,0,0,128
8986,0,17989981341,17989981225,0,0,116
8987,0,17991983929,17991983784,0,0,144
8988,0,17993986133,17993986029,0,0,104
8989,0,17995988275,17995988161,0,0,114
8990,0,17997990777,17997990659,0,0,117
8991,0,17999992834,17999992728,0,0,106
8992,0,18001995514,18001995397,0,0,116
8993,0,18003997630,18003997491,0,0,139
8994,0,18005999161,18005999059,0,0,102
8995,0,18008001428,18008001328,0,0,100
8996,0,18010004541,18010004436,0,0,105
8997,0,18012006848,18012006728,0,0,120
8998,0,18014008813,18014008707,0,0,105
8999,0,18016011096,18016010991,0,0,104
9000,0,18018012862,18018012735,0,0,126
9001,0,18020014631,18020014500,0,0,130
9002,0,18022017357,18022017236,0,0,120
9003,0,18024019595,18024019464,0,0,130
9004,0,18026021813,18026021708,0,0,105
9005,0,18028025473,18028025347,0,0,125
9006,0,18030027036,18030026934,0,0,102
9007,0,18032028408,18032028319,0,0,88
9008,0,18034030329,18034030222,0,0,106
9009,0,18036032894,18036032786,0,0,108
9010,0,18038034739,18038034660,0,0,78
9011,0,18040037188,18040037081,0,0,106
9012,0,18042039544,18042039435,0,0,109
9013,0,18044041292,18044041173,0,0,119
9014,0,18046043624,18046043520,0,0,104
9015,0,18048045332,18048045251,0,0,80
9016,0,18050047448,18050047343,0,0,104
9017,0,18052050866,18052050758,0,0,107
9018,0,18054053026,18054052922,0,0,104
9019,0,18056055329,18056055222,0,0,107
9020,0,18058058550,18058058456,0,0,94
9021,0,18060061150,18060061040,0,0,110
9022,0,18062062660,18062062582,0,0,78
9023,0,18064064035,18064063927,0,0,108
9024,0,18066066777,18066066638,0,0,138
9025,0,18068068325,18068068168,0,0,156
9026,0,18070070596,18070070455,0,0,141
9027,0,18072074080,18072073917,0,0,162
9028,0,18074075883,18074075739,0,0,143
9029,0,18076078398,18076078221,0,0,177
9030,0,18078079633,18078079510,0,0,123
9031,0,18080081979,18080081845,0,0,134
9032,0,18082084114,18082083969,0,0,144
9033,0,18084085822,18084085697,0,0,124
9034,0,18086088395,18086088293,0,0,102
9035,0,18088090423,18088090274,0,0,148
9036,0,18090092773,18090092669,0,0,103
9037,0,18092096537,18092096416,0,0,121
9038,0,18094099770,18094099688,0,0,82
9039,0,18096100811,18096100691,0,0,119
9040,0,18098101572,18098101438,0,0,134
9041,0,18100103688,18100103561,0,0,126
9042,0,18102106103,18102106028,0,0,75
9043,0,18104108445,18104108327,0,0,118
9044,0,18106112112,18106112024,0,0,87
9045,0,18108113665,18108113520,0,0,144
9046,0,18110115602,18110115479,0,0,123
9047,0,18112117818,18112117711,0,0,107
9048,0,18114119305,18114119159,0,0,146
9049,0,18116121479,18116121365,0,0,114
9050,0,18118124712,18118124607,0,0,104
9051,0,18120127530,18120127385,0,0,144
9052,0,18122128247,18122128144,0,0,102
9053,0,18124130541,18124130404,0,0,137
9054,0,18126132898,18126132771,0,0,126
9055,0,18128135050,18128134935,0,0,114
9056,0,18130137134,18130137005,0,0,128
9057,0,18132139373,18132139245,0,0,127
9058,0,18134141771,18134141660,0,0,111
9059,0,18136143744,18136143613,0,0,130
9060,0,18138146602,18138146465,0,0,137
9061,0,18140148293,18140148158,0,0,134
9062,0,18142150589,18142150487,0,0,102
9063,0,18144153626,18144153498,0,0,128
9064,0,18146155078,18146154948,0,0,130
9065,0,18148157135,18148156999,0,0,136
9066,0,18150159725,18150159613,0,0,112
9067,0,18152161866,18152161718,0,0,148
9068,0,18154163950,18154163833,0,0,116
9069,0,18156166651,18156166522,0,0,128
9070,0,18158169681,18158169560,0,0,121
9071,0,18160170639,18160170523,0,0,116
9072,0,18162172907,18162172777,0,0,130
9073,0,18164174539,18164174400,0,0,139
9074,0,18166177160,18166177044,0,0,116
9075,0,18168179374,18168179233,0,0,140
9076,0,18170181613,18170181483,0,0,129
9077,0,18172185187,18172185034,0,0,152
9078,0,18174185829,18174185693,0,0,136
9079,0,18176187773,18176187644,0,0,128
9080,0,18178189334,18178189218,0,0,116
9081,0,18180193038,18180192892,0,0,146
9082,0,18182194975,18182194851,0,0,124
9083,0,18184198317,18184198184,0,0,132
9084,0,18186199977,18186199823,0,0,154
9085,0,18188202810,18188202651,0,0,158
9086,0,18190204342,18190204211,0,0,130
9087,0,18192206696,18192206568,0,0,128
9088,0,18194209485,18194209350,0,0,134
9089,0,18196210247,18196210125,0,0,121
9090,0,18198212662,18198212582,0,0,80
9091,0,18200214548,18200214422,0,0,125
9092,0,18202217731,18202217595,0,0,135
9093,0,18204220615,18204220485,0,0,130
9094,0,18206221608,18206221491,0,0,116
9095,0,18208224509,18208224380,0,0,128
9096,0,18210227529,18210227384,0,0,144
9097,0,18212228341,18212228194,0,0,146
9098,0,18214231127,18214231013,0,0,114
9099,0,18216233948,18216233811,0,0,137
9100,0,18218235249,18218235141,0,0,107
9101,0,18220238474,18220238317,0,0,156
9102,0,18222241300,18222241195,0,0,104
9103,0,18224241881,18224241754,0,0,127
9104,0,18226243696,18226243591,0,0,104
9105,0,18228246080,18228245960,0,0,120
9106,0,18230248270,18230248164,0,0,105
9107,0,18232250332,18232250205,0,0,126
9108,0,18234253519,18234253393,0,0,126
9109,0,18236255901,18236255783,0,0,117
9110,0,18238257432,18238257310,0,0,121
9111,0,18240259799,18240259668,0,0,130
9112,0,18242261638,18242261530,0,0,108
9113,0,18244264417,18244264283,0,0,134
9114,0,18246266413,18246266302,0,0,111
9115,0,18248269014,18248268886,0,0,128
9116,0,18250271840,18250271712,0,0,127
9117,0,18252272950,18252272827,0,0,122
9118,0,18254274891,18254274742,0,0,148
9119,0,18256278502,18256278386,0,0,115
9120,0,18258280503,18258280373,0,0,129
9121,0,18260283277,18260283163,0,0,114
9122,0,18262285195,18262285094,0,0,101
9123,0,18264286016,18264285913,0,0,103
9124,0,18266288991,18266288860,0,0,130
9125,0,18268291316,18268291188,0,0,127
9126,0,18270292885,18270292770,0,0,114
9127,0,18272296910,18272296791,0,0,118
9128,0,18274298869,18274298750,0,0,118
9129,0,18276300574,18276300467,0,0,107
9130,0,18278302248,18278302170,0,0,77
9131,0,18280305377,18280305265,0,0,112
9132,0,18282306551,18282306445,0,0,105
9133,0,18284308775,18284308671,0,0,103
9134,0,18286310737,18286310631,0,0,105
9135,0,18288313507,18288313424,0,0,83
9136,0,18290316411,18290316281,0,0,130
9137,0,18292317420,18292317276,0,0,143
9138,0,18294319684,18294319601,0,0,83
9139,0,18296321712,18296321589,0,0,123
9140,0,18298324640,18298324518,0,0,122
9141,0,18300327398,18300327242,0,0,156
9142,0,18302328858,18302328615,0,0,243
9143,0,18304330659,18304330530,0,0,128
9144,0,18306332835,18306332759,0,0,75
9145,0,18308334723,18308334620,0,0,103
9146,0,18310337523,18310337420,0,0,102
9147,0,18312339533,18312339429,0,0,103
9148,0,18314342095,18314341984,0,0,110
9149,0,18316343707,18316343586,0,0,120
9150,0,18318345867,18318345781,0,0,86
9151,0,18320348928,18320348833,0,0,95
9152,0,18322352179,18322352035,0,0,143
9153,0,18324352897,18324352780,0,0,116
9154,0,18326355111,18326355023,0,0,87
9155,0,18328357019,18328356914,0,0,105
9156,0,18330359559,18330359435,0,0,123
9157,0,18332361703,18332361556,0,0,147
9158,0,18334363896,18334363811,0,0,84
9159,0,18336366043,18336365935,0,0,107
9160,0,18338369213,18338369083,0,0,130
9161,0,18340370386,18340370248,0,0,137
9162,0,18342373087,18342372951,0,0,136
9163,0,18344374890,18344374788,0,0,102
9164,0,18346377405,18346377277,0,0,128
9165,0,18348380155,18348380023,0,0,131
9166,0,18350382877,18350382767,0,0,110
9167,0,18352384253,18352384146,0,0,107
9168,0,18354386110,18354385963,0,0,146
9169,0,18356388440,18356388322,0,0,118
9170,0,18358390539,18358390415,0,0,123
9171,0,18360393229,18360393081,0,0,147
9172,0,18362395272,18362395131,0,0,141
9173,0,18364398067,18364397904,0,0,162
9174,0,18366400846,18366400737,0,0,108
9175,0,18368401625,18368401515,0,0,110
9176,0,18370403835,18370403716,0,0,119
9177,0,18372407338,18372407220,0,0,118
9178,0,18374408354,18374408249,0,0,104
9179,0,18376410859,18376410729,0,0,130
9180,0,18378414011,18378413902,0,0,108
9181,0,18380415053,18380414921,0,0,132
9182,0,18382417492,18382417339,0,0,152
9183,0,18384419710,18384419586,0,0,124
9184,0,18386421820,18386421671,0,0,148
9185,0,18388424568,18388424426,0,0,142
9186,0,18390426453,18390426330,0,0,122
9187,0,18392428334,18392428203,0,0,131
9188,0,18394430786,18394430660,0,0,125
9189,0,18396432967,18396432835,0,0,132
9190,0,18398435536,18398435392,0,0,143
9191,0,18400437698,18400437570,0,0,128
9192,0,18402439710,18402439579,0,0,130
9193,0,18404441752,18404441649,0,0,103
9194,0,18406444291,18406444150,0,0,141
9195,0,18408446519,18408446382,0,0,137
9196,0,18410449135,18410449032,0,0,103
9197,0,18412451979,18412451874,0,0,104
9198,0,18414453274,18414453157,0,0,116
9199,0,18416456823,18416456720,0,0,103
9200,0,18418458868,18418458746,0,0,121
9201,0,18420459741,18420459607,0,0,134
9202,0,18422462079,18422461976,0,0,103
9203,0,18424464223,18424464086,0,0,137
9204,0,18426466876,18426466766,0,0,110
9205,0,18428469552,18428469423,0,0,128
9206,0,18430470946,18430470823,0,0,122
9207,0,18432473689,18432473570,0,0,118
9208,0,18434476495,18434476377,0,0,118
9209,0,18436477328,18436477195,0,0,132
9210,0,18438479838,18438479725,0,0,112
9211,0,18440482137,18440482008,0,0,128
9212,0,18442484251,18442484124,0,0,126
9213,0,18444486105,18444485968,0,0,137
9214,0,18446489261,18446489156,0,0,105
9215,0,18448490793,18448490692,0,0,101
9216,0,18450493085,18450492950,0,0,134
9217,0,18452494870,18452494755,0,0,115
9218,0,18454497819,18454497716,0,0,103
9219,0,18456500791,18456500637,0,0,154
9220,0,18458502251,18458502124,0,0,127
9221,0,18460504411,18460504312,0,0,98
9222,0,18462506756,18462506651,0,0,104
9223,0,18464508478,18464508370,0,0,108
9224,0,18466511085,18466510966,0,0,119
9225,0,18468512726,18468512582,0,0,144
9226,0,18470515984,18470515867,0,0,116
9227,0,18472520374,18472520237,0,0,137
9228,0,18474519984,18474519880,0,0,103
9229,0,18476522983,18476522844,0,0,138
9230,0,18478524919,18478524793,0,0,125
9231,0,18480526866,18480526731,0,0,134
9232,0,18482528921,18482528792,0,0,129
9233,0,18484531154,18484531050,0,0,103
9234,0,18486533063,18486532986,0,0,76
9235,0,18488535175,18488535018,0,0,156
9236,0,18490537775,18490537651,0,0,123
9237,0,18492539756,18492539629,0,0,126
9238,0,18494542989,18494542911,0,0,78
9239,0,18496544111,18496543987,0,0,123
9240,0,18498546420,18498546303,0,0,116
9241,0,18500548839,18500548696,0,0,142
9242,0,18502551550,18502551447,0,0,103
9243,0,18504553809,18504553701,0,0,107
9244,0,18506555483,18506555355,0,0,128
9245,0,18508557040,18508556905,0,0,134
9246,0,18510559802,18510559697,0,0,104
9247,0,18512561928,18512561820,0,0,108
9248,0,18514564724,18514564587,0,0,137
9249,0,18516566125,18516566018,0,0,107
9250,0,18518568775,18518568690,0,0,84
9251,0,18520571397,18520571280,0,0,116
9252,0,18522573582,18522573460,0,0,121
9253,0,18524575476,18524575343,0,0,132
9254,0,18526577906,18526577800,0,0,106
9255,0,18528579356,18528579229,0,0,126
9256,0,18530582098,18530581986,0,0,112
9257,0,18532585269,18532585167,0,0,102
9258,0,18534586816,18534586729,0,0,87
9259,0,18536589218,18536589095,0,0,123
9260,0,18538591076,18538590963,0,0,112
9261,0,18540593474,18540593352,0,0,122
9262,0,18542595707,18542595596,0,0,110
9263,0,18544597802,18544597696,0,0,106
9264,0,18546599961,18546599849,0,0,111
9265,0,18548602160,18548602056,0,0,103
9266,0,18550604250,18550604148,0,0,102
9267,0,18552606284,18552606191,0,0,92
9268,0,18554609240,18554609128,0,0,112
9269,0,18556611937,18556611809,0,0,127
9270,0,18558613062,18558613005,0,0,57
9271,0,18560616128,18560616025,0,0,102
9272,0,18562619521,18562619364,0,0,157
9273,0,18564621370,18564621248,0,0,122
9274,0,18566623324,18566623190,0,0,134
9275,0,18568624264,18568624110,0,0,154
9276,0,18570626772,18570626701,0,0,71
9277,0,18572631145,18572630996,0,0,148
9278,0,18574631113,18574631027,0,0,85
9279,0,18576633618,18576633484,0,0,134
9280,0,18578635946,18578635838,0,0,107
9281,0,18580637451,18580637328,0,0,123
9282,0,18582639836,18582639719,0,0,116
9283,0,18584641791,18584641672,0,0,119
9284,0,18586644537,18586644404,0,0,132
9285,0,18588646830,18588646707,0,0,122
9286,0,18590648920,18590648797,0,0,123
9287,0,18592651346,18592651235,0,0,110
9288,0,18594653349,18594653226,0,0,123
9289,0,18596655367,18596655245,0,0,121
9290,0,18598657880,18598657795,0,0,85
9291,0,18600659603,18600659482,0,0,121
9292,0,18602662005,18602661901,0,0,103
9293,0,18604665537,18604665411,0,0,125
9294,0,18606667861,18606667750,0,0,110
9295,0,18608669574,18608669451,0,0,123
9296,0,18610673370,18610673226,0,0,143
9297,0,18612673169,18612673026,0,0,142
9298,0,18614675586,18614675467,0,0,118
9299,0,18616677525,18616677387,0,0,137
9300,0,18618679974,18618679860,0,0,114
9301,0,18620681821,18620681654,0,0,166
9302,0,18622684525,18622684400,0,0,124
9303,0,18624686422,18624686297,0,0,124
9304,0,18626688471,18626688332,0,0,139
9305,0,18628690759,18628690633,0,0,125
9306,0,18630693644,18630693512,0,0,132
9307,0,18632695901,18632695786,0,0,114
9308,0,18634697904,18634697778,0,0,125
9309,0,18636699653,18636699512,0,0,140
9310,0,18638702718,18638702593,0,0,124
9311,0,18640705498,18640705361,0,0,137
9312,0,18642706910,18642706768,0,0,141
9313,0,18644708813,18644708681,0,0,131
9314,0,18646711190,18646711075,0,0,114
9315,0,18648713179,18648713034,0,0,144
9316,0,18650715754,18650715624,0,0,130
9317,0,18652717975,18652717831,0,0,143
9318,0,18654720617,18654720479,0,0,138
9319,0,18656722902,18656722778,0,0,123
9320,0,18658724217,18658724109,0,0,108
9321,0,18660725850,18660725727,0,0,123
9322,0,18662728080,18662727970,0,0,110
9323,0,18664731368,18664731242,0,0,125
9324,0,18666733683,18666733572,0,0,111
9325,0,18668735866,18668735733,0,0,132
9326,0,18670738468,18670738333,0,0,134
9327,0,18672742676,18672742559,0,0,116
9328,0,18674742896,18674742775,0,0,121
9329,0,18676744175,18676744042,0,0,132
9330,0,18678746656,18678746576,0,0,80
9331,0,18680748740,18680748617,0,0,122
9332,0,18682751398,18682751273,0,0,125
9333,0,18684753217,18684753094,0,0,122
9334,0,18686755557,18686755455,0,0,102
9335,0,18688759307,18688759193,0,0,114
9336,0,18690761154,18690761027,0,0,126
9337,0,18692762025,18692761896,0,0,128
9338,0,18694764526,18694764414,0,0,112
9339,0,18696766757,18696766646,0,0,111
9340,0,18698768953,18698768849,0,0,104
9341,0,18700771408,18700771269,0,0,138
9342,0,18702773640,18702773503,0,0,137
9343,0,18704776123,18704776003,0,0,119
9344,0,18706779054,18706778951,0,0,103
9345,0,18708779862,18708779753,0,0,108
9346,0,18710782071,18710781984,0,0,87
9347,0,18712784456,18712784316,0,0,139
9348,0,18714786931,18714786815,0,0,116
9349,0,18716789278,18716789141,0,0,136
9350,0,18718791629,18718791504,0,0,124
9351,0,18720794162,18720794058,0,0,103
9352,0,18722795838,18722795712,0,0,126
9353,0,18724797978,18724797835,0,0,142
9354,0,18726800244,18726800170,0,0,74
9355,0,18728804014,18728803894,0,0,120
9356,0,18730805803,18730805701,0,0,102
9357,0,18732807723,18732807605,0,0,118
9358,0,18734809968,18734809872,0,0,95
9359,0,18736811265,18736811159,0,0,106
9360,0,18738813463,18738813329,0,0,134
9361,0,18740815575,18740815442,0,0,132
9362,0,18742817754,18742817633,0,0,121
9363,0,18744819885,18744819761,0,0,123
9364,0,18746822896,18746822753,0,0,143
9365,0,18748825808,18748825678,0,0,130
9366,0,18750826932,18750826811,0,0,121
9367,0,18752828417,18752828270,0,0,146
9368,0,18754830093,18754829947,0,0,146
9369,0,18756833164,18756833029,0,0,135
9370,0,18758835645,18758835527,0,0,118
9371,0,18760838361,18760838197,0,0,164
9372,0,18762840776,18762840658,0,0,118
9373,0,18764843729,18764843586,0,0,142
9374,0,18766845445,18766845321,0,0,124
9375,0,18768846911,18768846764,0,0,146
9376,0,18770849568,18770849447,0,0,121
9377,0,18772853842,18772853691,0,0,150
9378,0,18774853509,18774853393,0,0,115
9379,0,18776855635,18776855505,0,0,130
9380,0,18778857833,18778857716,0,0,117
9381,0,18780860568,18780860439,0,0,128
9382,0,18782862061,18782861945,0,0,116
9383,0,18784864472,18784864331,0,0,141
9384,0,18786866516,18786866400,0,0,116
9385,0,18788869553,18788869452,0,0,101
9386,0,18790872597,18790872589,0,0,8
9387,0,18792873670,18792873549,0,0,121
9388,0,18794875854,18794875779,0,0,75
9389,0,18796878319,18796878207,0,0,112
9390,0,18798880035,18798879955,0,0,80
9391,0,18800882484,18800882380,0,0,103
9392,0,18802884466,18802884348,0,0,117
9393,0,18804887491,18804887380,0,0,110
9394,0,18806889096,18806889042,0,0,53
9395,0,18808891002,18808890896,0,0,106
9396,0,18810893226,18810893116,0,0,110
9397,0,18812895792,18812895685,0,0,106
9398,0,18814897552,18814897468,0,0,83
9399,0,18816899816,18816899698,0,0,118
9400,0,18818902639,18818902519,0,0,120
9401,0,18820904293,18820904182,0,0,110
9402,0,18822907019,18822906903,0,0,116
9403,0,18824908960,18824908838,0,0,121
9404,0,18826911785,18826911682,0,0,103
9405,0,18828914007,18828913901,0,0,106
9406,0,18830916382,18830916275,0,0,107
9407,0,18832919250,18832919133,0,0,116
9408,0,18834920175,18834920021,0,0,154
9409,0,18836922296,18836922131,0,0,164
9410,0,18838924597,18838924456,0,0,141
9411,0,18840926507,18840926359,0,0,148
9412,0,18842929795,18842929662,0,0,132
9413,0,18844933667,18844933528,0,0,139
9414,0,18846933280,18846933164,0,0,115
9415,0,18848935597,18848935471,0,0,125
9416,0,18850938646,18850938503,0,0,142
9417,0,18852941119,18852941017,0,0,102
9418,0,18854942638,18854942527,0,0,111
9419,0,18856944525,18856944377,0,0,147
9420,0,18858947382,18858947265,0,0,117
9421,0,18860950891,18860950742,0,0,148
9422,0,18862952629,18862952541,0,0,88
9423,0,18864953699,18864953589,0,0,110
9424,0,18866955621,18866955504,0,0,116
9425,0,18868957706,18868957566,0,0,139
9426,0,18870960161,18870960077,0,0,84
9427,0,18872963819,18872963682,0,0,137
9428,0,18874964552,18874964426,0,0,125
9429,0,18876966932,18876966792,0,0,140
9430,0,18878968880,18878968759,0,0,121
9431,0,18880971222,18880971114,0,0,107
9432,0,18882974685,18882974542,0,0,143
9433,0,18884975831,18884975697,0,0,134
9434,0,18886978469,18886978344,0,0,125
9435,0,18888980817,18888980692,0,0,125
9436,0,18890982582,18890982501,0,0,80
9437,0,18892984451,18892984325,0,0,125
9438,0,18894987124,18894986999,0,0,125
9439,0,18896989125,18896989008,0,0,116
9440,0,18898990946,18898990797,0,0,148
9441,0,18900993058,18900992914,0,0,143
9442,0,18902995705,18902995586,0,0,118
9443,0,18904997647,18904997523,0,0,123
9444,0,18907000406,18907000284,0,0,122
9445,0,18909002501,18909002364,0,0,137
9446,0,18911005582,18911005455,0,0,126
9447,0,18913007898,18913007773,0,0,124
9448,0,18915009330,18915009201,0,0,128
9449,0,18917011156,18917011032,0,0,123
9450,0,18919014059,18919013986,0,0,72
9451,0,18921016427,18921016311,0,0,116
9452,0,18923018566,18923018463,0,0,102
9453,0,18925021472,18925021355,0,0,116
9454,0,18927022251,18927022133,0,0,118
9455,0,18929024473,18929024367,0,0,105
9456,0,18931026958,18931026810,0,0,148
9457,0,18933029040,18933028894,0,0,146
9458,0,18935031520,18935031434,0,0,85
9459,0,18937033306,18937033190,0,0,116
9460,0,18939036301,18939036168,0,0,132
9461,0,18941038967,18941038842,0,0,124
9462,0,18943040871,18943040753,0,0,118
9463,0,18945043042,18945042925,0,0,116
9464,0,18947044624,18947044503,0,0,121
9465,0,18949046909,18949046792,0,0,116
9466,0,18951049492,18951049377,0,0,114
9467,0,18953051431,18953051290,0,0,140
9468,0,18955053784,18955053655,0,0,129
9469,0,18957056164,18957056020,0,0,144
9470,0,18959058030,18959057913,0,0,116
9471,0,18961061251,18961061137,0,0,114
9472,0,18963062540,18963062391,0,0,148
9473,0,18965064548,18965064417,0,0,130
9474,0,18967067121,18967067012,0,0,108
9475,0,18969069287,18969069155,0,0,131
9476,0,18971071752,18971071631,0,0,121
9477,0,18973075343,18973075200,0,0,143
9478,0,18975076028,18975075923,0,0,104
9479,0,18977077988,18977077899,0,0,88
9480,0,18979080115,18979080011,0,0,104
9481,0,18981082386,18981082269,0,0,116
9482,0,18983084707,18983084604,0,0,103
9483,0,18985087115,18985086994,0,0,121
9484,0,18987089427,18987089321,0,0,105
9485,0,18989091910,18989091778,0,0,132
9486,0,18991093611,18991093470,0,0,140
9487,0,18993096467,18993096323,0,0,143
9488,0,18995099444,18995099289,0,0,154
9489,0,18997100930,18997100802,0,0,128
9490,0,18999103794,18999103682,0,0,112
9491,0,19001105869,19001105727,0,0,142
9492,0,19003107384,19003107257,0,0,127
9493,0,19005109495,19005109359,0,0,135
9494,0,19007111505,19007111380,0,0,124
9495,0,19009113853,19009113729,0,0,124
9496,0,19011116060,19011115941,0,0,119
9497,0,19013118352,19013118204,0,0,148
9498,0,19015120579,19015120472,0,0,106
9499,0,19017122780,19017122634,0,0,146
9500,0,19019124706,19019124584,0,0,122
9501,0,19021127107,19021126976,0,0,130
9502,0,19023129191,19023129040,0,0,150
9503,0,19025131294,19025131176,0,0,118
9504,0,19027133851,19027133763,0,0,88
9505,0,19029135473,19029135365,0,0,107
9506,0,19031137973,19031137881,0,0,92
9507,0,19033140665,19033140560,0,0,104
9508,0,19035142869,19035142764,0,0,104
9509,0,19037144790,19037144686,0,0,103
9510,0,19039148134,19039148030,0,0,104
9511,0,19041149096,19041148962,0,0,133
9512,0,19043151477,19043151320,0,0,157
9513,0,19045153300,19045153177,0,0,122
9514,0,19047156234,19047156125,0,0,108
9515,0,19049158258,19049158113,0,0,144
9516,0,19051160580,19051160439,0,0,141
9517,0,19053162686,19053162541,0,0,144
9518,0,19055165276,19055165137,0,0,138
9519,0,19057167847,19057167734,0,0,112
9520,0,19059170230,19059170117,0,0,112
9521,0,19061170865,19061170744,0,0,120
9522,0,19063172860,19063172750,0,0,110
9523,0,19065175949,19065175833,0,0,116
9524,0,19067178864,19067178753,0,0,110
9525,0,19069181452,19069181329,0,0,123
9526,0,19071182694,19071182590,0,0,103
9527,0,19073186428,19073186328,0,0,100
9528,0,19075186707,19075186598,0,0,108
9529,0,19077190278,19077190141,0,0,136
9530,0,19079191930,19079191842,0,0,88
9531,0,19081193992,19081193871,0,0,120
9532,0,19083196035,19083195949,0,0,86
9533,0,19085197967,19085197834,0,0,132
9534,0,19087199970,19087199850,0,0,120
9535,0,19089202720,19089202577,0,0,142
9536,0,19091205555,19091205415,0,0,139
9537,0,19093209049,19093208919,0,0,130
9538,0,19095210519,19095210394,0,0,124
9539,0,19097211531,19097211406,0,0,125
9540,0,19099214122,19099213978,0,0,143
9541,0,19101216067,19101215924,0,0,143
9542,0,19103218040,19103217937,0,0,103
9543,0,19105220017,19105219878,0,0,139
9544,0,19107222800,19107222676,0,0,124
9545,0,19109224896,19109224784,0,0,112
9546,0,19111227255,19111227170,0,0,84
9547,0,19113229092,19113228939,0,0,152
9548,0,19115231757,19115231651,0,0,105
9549,0,19117235496,19117235342,0,0,154
9550,0,19119236112,19119235991,0,0,120
9551,0,19121238101,19121237975,0,0,126
9552,0,19123240373,19123240247,0,0,125
9553,0,19125243023,19125242876,0,0,146
9554,0,19127244922,19127244838,0,0,84
9555,0,19129247196,19129247076,0,0,119
9556,0,19131249890,19131249778,0,0,112
9557,0,19133252894,19133252750,0,0,143
9558,0,19135253467,19135253329,0,0,138
9559,0,19137256103,19137255965,0,0,138
9560,0,19139258323,19139258159,0,0,164
9561,0,19141260319,19141260193,0,0,126
9562,0,19143262971,19143262888,0,0,83
9563,0,19145264910,19145264774,0,0,135
9564,0,19147267993,19147267909,0,0,84
9565,0,19149270141,19149270013,0,0,128
9566,0,19151271771,19151271649,0,0,122
9567,0,19153274082,19153273982,0,0,100
9568,0,19155277300,19155277175,0,0,124
9569,0,19157278930,19157278813,0,0,116
9570,0,19159282027,19159281947,0,0,80
9571,0,19161283429,19161283298,0,0,130
9572,0,19163285563,19163285442,0,0,121
9573,0,19165287788,19165287676,0,0,112
9574,0,19167289582,19167289467,0,0,114
9575,0,19169291279,19169291165,0,0,114
9576,0,19171293855,19171293755,0,0,100
9577,0,19173297135,19173296977,0,0,158
9578,0,19175298689,19175298617,0,0,71
9579,0,19177301254,19177301105,0,0,148
9580,0,19179302559,19179302468,0,0,91
9581,0,19181305593,19181305460,0,0,132
9582,0,19183308548,19183308415,0,0,132
9583,0,19185309944,19185309822,0,0,122
9584,0,19187312420,19187312273,0,0,146
9585,0,19189313434,19189313311,0,0,123
9586,0,19191316080,19191315959,0,0,121
9587,0,19193318175,19193318056,0,0,119
9588,0,19195321756,19195321635,0,0,120
9589,0,19197322284,19197322155,0,0,128
9590,0,19199324840,19199324709,0,0,130
9591,0,19201327253,19201327122,0,0,130
9592,0,19203329924,19203329778,0,0,146
9593,0,19205332559,19205332417,0,0,142
9594,0,19207335583,19207335448,0,0,134
9595,0,19209336721,19209336599,0,0,122
9596,0,19211338379,19211338251,0,0,128
9597,0,19213340620,19213340489,0,0,130
9598,0,19215343583,19215343462,0,0,121
9599,0,19217346035,19217345907,0,0,128
9600,0,19219347622,19219347504,0,0,117
9601,0,19221349545,19221349428,0,0,116
9602,0,19223351694,19223351586,0,0,107
9603,0,19225353415,19225353283,0,0,132
9604,0,19227356121,19227355991,0,0,130
9605,0,19229358134,19229358002,0,0,132
9606,0,19231360786,19231360664,0,0,122
9607,0,19233363262,19233363159,0,0,103
9608,0,19235365217,19235365132,0,0,84
9609,0,19237367218,19237367085,0,0,132
9610,0,19239369657,19239369556,0,0,101
9611,0,19241371606,19241371480,0,0,126
9612,0,19243374020,19243373909,0,0,110
9613,0,19245376678,19245376548,0,0,129
9614,0,19247379383,19247379280,0,0,102
9615,0,19249381566,19249381438,0,0,127
9616,0,19251384626,19251384505,0,0,120
9617,0,19253385788,19253385685,0,0,103
9618,0,19255387118,19255387007,0,0,110
9619,0,19257388997,19257388889,0,0,108
9620,0,19259392112,19259391999,0,0,112
9621,0,19261393707,19261393571,0,0,135
9622,0,19263396247,19263396170,0,0,77
9623,0,19265398462,19265398335,0,0,127
9624,0,19267400965,19267400834,0,0,130
9625,0,19269402599,19269402487,0,0,112
9626,0,19271405161,19271405058,0,0,103
9627,0,19273409802,19273409690,0,0,111
9628,0,19275409621,19275409537,0,0,83
9629,0,19277412373,19277412256,0,0,116
9630,0,19279414996,19279414876,0,0,119
9631,0,19281416516,19281416406,0,0,110
9632,0,19283419002,19283418863,0,0,138
9633,0,19285421451,19285421334,0,0,116
9634,0,19287422418,19287422340,0,0,78
9635,0,19289424592,19289424468,0,0,123
9636,0,19291427870,19291427766,0,0,104
9637,0,19293430703,19293430592,0,0,110
9638,0,19295431689,19295431584,0,0,105
9639,0,19297433925,19297433812,0,0,112
9640,0,19299436181,19299436076,0,0,104
9641,0,19301438433,19301438325,0,0,108
9642,0,19303441113,19303441025,0,0,87
9643,0,19305443489,19305443374,0,0,115
9644,0,19307445294,19307445188,0,0,105
9645,0,19309447736,19309447611,0,0,124
9646,0,19311450588,19311450508,0,0,80
9647,0,19313452136,19313452017,0,0,118
9648,0,19315453888,19315453762,0,0,125
9649,0,19317455653,19317455532,0,0,121
9650,0,19319457428,19319457310,0,0,118
9651,0,19321460306,19321460177,0,0,128
9652,0,19323462858,19323462757,0,0,101
9653,0,19325464925,19325464791,0,0,134
9654,0,19327467440,19327467340,0,0,100
9655,0,19329469729,19329469629,0,0,100
9656,0,19331471851,19331471730,0,0,120
9657,0,19333474049,19333473903,0,0,146
9658,0,19335476647,19335476544,0,0,102
9659,0,19337479097,19337478995,0,0,102
9660,0,19339481577,19339481494,0,0,82
9661,0,19341482822,19341482683,0,0,138
9662,0,19343484797,19343484711,0,0,85
9663,0,19345487412,19345487282,0,0,130
9664,0,19347489840,19347489689,0,0,150
9665,0,19349491442,19349491311,0,0,130
9666,0,19351493977,19351493890,0,0,87
9667,0,19353496059,19353495904,0,0,155
9668,0,19355499020,19355498889,0,0,130
9669,0,19357501620,19357501502,0,0,118
9670,0,19359502988,19359502867,0,0,120
9671,0,19361505120,19361505006,0,0,113
9672,0,19363507179,19363507065,0,0,114
9673,0,19365509714,19365509592,0,0,121
9674,0,19367511641,19367511543,0,0,97
9675,0,19369514824,19369514691,0,0,132
9676,0,19371517243,19371517155,0,0,88
9677,0,19373520785,19373520655,0,0,130
9678,0,19375521759,19375521644,0,0,114
9679,0,19377523220,19377523094,0,0,125
9680,0,19379525214,19379525056,0,0,158
9681,0,19381527089,19381526948,0,0,141
9682,0,19383529526,19383529413,0,0,112
9683,0,19385532132,19385532023,0,0,108
9684,0,19387534395,19387534274,0,0,121
9685,0,19389537883,19389537739,0,0,144
9686,0,19391539894,19391539758,0,0,135
9687,0,19393540798,19393540685,0,0,112
9688,0,19395542946,19395542799,0,0,146
9689,0,19397545397,19397545268,0,0,128
9690,0,19399547866,19399547728,0,0,138
9691,0,19401550556,19401550411,0,0,145
9692,0,19403552426,19403552292,0,0,134
9693,0,19405555075,19405554942,0,0,132
9694,0,19407556434,19407556315,0,0,119
9695,0,19409559025,19409558885,0,0,140
9696,0,19411561038,19411560888,0,0,150
9697,0,19413563215,19413563075,0,0,139
9698,0,19415565316,19415565202,0,0,114
9699,0,19417567352,19417567205,0,0,146
9700,0,19419570136,19419569988,0,0,147
9701,0,19421571883,19421571713,0,0,169
9702,0,19423574561,19423574410,0,0,150
9703,0,19425576696,19425576564,0,0,132
9704,0,19427579503,19427579400,0,0,102
9705,0,19429580493,19429580380,0,0,112
9706,0,19431583208,19431583120,0,0,88
9707,0,19433584746,19433584612,0,0,134
9708,0,19435587842,19435587721,0,0,121
9709,0,19437589310,19437589161,0,0,148
9710,0,19439592231,19439592128,0,0,103
9711,0,19441594280,19441594151,0,0,128
9712,0,19443596851,19443596702,0,0,148
9713,0,19445598350,19445598204,0,0,146
9714,0,19447600976,19447600872,0,0,103
9715,0,19449602644,19449602528,0,0,116
9716,0,19451605510,19451605384,0,0,125
9717,0,19453608095,19453607978,0,0,116
9718,0,19455611179,19455611035,0,0,144
9719,0,19457612112,19457611991,0,0,121
9720,0,19459614617,19459614496,0,0,121
9721,0,19461615848,19461615715,0,0,132
9722,0,19463618032,19463617919,0,0,112
9723,0,19465621992,19465621875,0,0,116
9724,0,19467624141,19467624035,0,0,105
9725,0,19469625083,19469624939,0,0,144
9726,0,19471627503,19471627374,0,0,128
9727,0,19473630756,19473630651,0,0,104
9728,0,19475632093,19475631977,0,0,116
9729,0,19477633858,19477633734,0,0,123
9730,0,19479636680,19479636577,0,0,103
9731,0,19481638617,19481638493,0,0,124
9732,0,19483641701,19483641591,0,0,110
9733,0,19485644197,19485644058,0,0,139
9734,0,19487645177,19487645049,0,0,128
9735,0,19489647589,19489647478,0,0,111
9736,0,19491649393,19491649280,0,0,113
9737,0,19493652715,19493652611,0,0,103
9738,0,19495655648,19495655566,0,0,82
9739,0,19497657605,19497657499,0,0,105
9740,0,19499658760,19499658651,0,0,108
9741,0,19501661500,19501661375,0,0,124
9742,0,19503663973,19503663866,0,0,107
9743,0,19505665866,19505665876,0,0,-10
9744,0,19507668546,19507668425,0,0,120
9745,0,19509669423,19509669303,0,0,120
9746,0,19511671965,19511671860,0,0,105
9747,0,19513673900,19513673797,0,0,102
9748,0,19515677545,19515677436,0,0,108
9749,0,19517679959,19517679851,0,0,107
9750,0,19519681556,19519681453,0,0,102
9751,0,19521683871,19521683733,0,0,137
9752,0,19523685322,19523685220,0,0,102
9753,0,19525687356,19525687233,0,0,123
9754,0,19527689698,19527689597,0,0,101
9755,0,19529691602,19529691475,0,0,126
9756,0,19531693882,19531693769,0,0,112
9757,0,19533696234,19533696127,0,0,107
9758,0,19535698808,19535698701,0,0,107
9759,0,19537700576,19537700468,0,0,107
9760,0,19539703235,19539703098,0,0,137
9761,0,19541704762,19541704649,0,0,112
9762,0,19543706713,19543706636,0,0,76
9763,0,19545710424,19545710292,0,0,132
9764,0,19547712687,19547712602,0,0,84
9765,0,19549714931,19549714819,0,0,112
9766,0,19551716781,19551716680,0,0,101
9767,0,19553719042,19553718934,0,0,107
9768,0,19555720801,19555720678,0,0,122
9769,0,19557722530,19557722407,0,0,123
9770,0,19559725019,19559724944,0,0,74
9771,0,19561728323,19561728199,0,0,124
9772,0,19563730232,19563730155,0,0,76
9773,0,19565732237,19565732129,0,0,107
9774,0,19567734386,19567734262,0,0,123
9775,0,19569736160,19569736035,0,0,124
9776,0,19571738784,19571738656,0,0,127
9777,0,19573742178,19573742053,0,0,124
9778,0,19575743395,19575743309,0,0,85
9779,0,19577745717,19577745615,0,0,102
9780,0,19579748027,19579747923,0,0,103
9781,0,19581750242,19581750098,0,0,143
9782,0,19583753765,19583753662,0,0,103
9783,0,19585755031,19585754897,0,0,134
9784,0,19587757038,19587756915,0,0,122
9785,0,19589758768,19589758637,0,0,130
9786,0,19591761466,19591761361,0,0,105
9787,0,19593763888,19593763777,0,0,111
9788,0,19595765775,19595765671,0,0,104
9789,0,19597768239,19597768107,0,0,132
9790,0,19599771067,19599770964,0,0,102
9791,0,19601772356,19601772229,0,0,127
9792,0,19603774276,19603774152,0,0,123
9793,0,19605776844,19605776709,0,0,135
9794,0,19607779536,19607779409,0,0,126
9795,0,19609781780,19609781664,0,0,116
9796,0,19611783218,19611783103,0,0,114
9797,0,19613785737,19613785624,0,0,112
9798,0,19615787737,19615787629,0,0,107
9799,0,19617789914,19617789798,0,0,116
9800,0,19619792271,19619792163,0,0,107
9801,0,19621794535,19621794400,0,0,135
9802,0,19623797490,19623797358,0,0,132
9803,0,19625798525,19625798389,0,0,135
9804,0,19627801101,19627801012,0,0,88
9805,0,19629803688,19629803545,0,0,143
9806,0,19631805472,19631805337,0,0,134
9807,0,19633808228,19633808076,0,0,152
9808,0,19635811364,19635811201,0,0,162
9809,0,19637812116,19637811980,0,0,136
9810,0,19639814325,19639814198,0,0,127
9811,0,19641817041,19641816878,0,0,162
9812,0,19643818867,19643818713,0,0,154
9813,0,19645820993,19645820845,0,0,148
9814,0,19647822828,19647822700,0,0,128
9815,0,19649825398,19649825279,0,0,119
9816,0,19651827279,19651827158,0,0,121
9817,0,19653829319,19653829184,0,0,134
9818,0,19655831121,19655830999,0,0,122
9819,0,19657834152,19657834004,0,0,148
9820,0,19659836878,19659836776,0,0,102
9821,0,19661839476,19661839341,0,0,134
9822,0,19663840791,19663840670,0,0,120
9823,0,19665843186,19665843039,0,0,147
9824,0,19667845655,19667845534,0,0,121
9825,0,19669848053,19669847901,0,0,152
9826,0,19671849788,19671849681,0,0,106
9827,0,19673853226,19673853078,0,0,148
9828,0,19675855077,19675854927,0,0,150
9829,0,19677858056,19677857930,0,0,126
9830,0,19679858811,19679858680,0,0,130
9831,0,19681860901,19681860757,0,0,143
9832,0,19683863148,19683863009,0,0,138
9833,0,19685866014,19685865849,0,0,165
9834,0,19687868896,19687868790,0,0,106
9835,0,19689869884,19689869739,0,0,144
9836,0,19691872442,19691872305,0,0,137
9837,0,19693875332,19693875166,0,0,166
9838,0,19695877930,19695877822,0,0,107
9839,0,19697878703,19697878591,0,0,112
9840,0,19699881339,19699881192,0,0,147
9841,0,19701884959,19701884825,0,0,134
9842,0,19703886685,19703886604,0,0,80
9843,0,19705888422,19705888306,0,0,116
9844,0,19707891150,19707891026,0,0,124
9845,0,19709892379,19709892262,0,0,116
9846,0,19711894063,19711893928,0,0,135
9847,0,19713896537,19713896405,0,0,131
9848,0,19715899277,19715899170,0,0,106
9849,0,19717901164,19717901017,0,0,146
9850,0,19719904283,19719904170,0,0,112
9851,0,19721907101,19721906977,0,0,124
9852,0,19723909412,19723909289,0,0,122
9853,0,19725911012,19725910863,0,0,148
9854,0,19727911903,19727911783,0,0,120
9855,0,19729914385,19729914268,0,0,116
9856,0,19731917292,19731917181,0,0,110
9857,0,19733918789,19733918671,0,0,118
9858,0,19735921040,19735920919,0,0,120
9859,0,19737923332,19737923198,0,0,134
9860,0,19739926489,19739926347,0,0,142
9861,0,19741930042,19741929925,0,0,116
9862,0,19743929865,19743929779,0,0,85
9863,0,19745932592,19745932474,0,0,118
9864,0,19747933917,19747933799,0,0,118
9865,0,19749935268,19749935160,0,0,107
9866,0,19751939116,19751939006,0,0,110
9867,0,19753940877,19753940777,0,0,100
9868,0,19755943692,19755943586,0,0,105
9869,0,19757946688,19757946577,0,0,110
9870,0,19759949038,19759948921,0,0,117
9871,0,19761950617,19761950500,0,0,116
9872,0,19763954340,19763954217,0,0,122
9873,0,19765955505,19765955394,0,0,110
9874,0,19767956496,19767956378,0,0,118
9875,0,19769958871,19769958743,0,0,128
9876,0,19771961716,19771961593,0,0,122
9877,0,19773965764,19773965640,0,0,123
9878,0,19775965748,19775965646,0,0,102
9879,0,19777967792,19777967676,0,0,116
9880,0,19779971010,19779970887,0,0,122
9881,0,19781972558,19781972405,0,0,152
9882,0,19783975024,19783974892,0,0,132
9883,0,19785978716,19785978595,0,0,121
9884,0,19787979854,19787979730,0,0,123
9885,0,19789981082,19789980959,0,0,123
9886,0,19791983579,19791983470,0,0,108
9887,0,19793986855,19793986738,0,0,116
9888,0,19795988860,19795988757,0,0,102
9889,0,19797989698,19797989561,0,0,137
9890,0,19799991871,19799991755,0,0,116
9891,0,19801994669,19801994562,0,0,107
9892,0,19803997094,19803996982,0,0,112
9893,0,19805998847,19805998714,0,0,132
9894,0,19808001439,19808001322,0,0,116
9895,0,19810003510,19810003393,0,0,116
9896,0,19812005546,19812005431,0,0,114
9897,0,19814008071,19814007962,0,0,108
9898,0,19816010562,19816010478,0,0,84
9899,0,19818013226,19818013123,0,0,102
9900,0,19820014683,19820014575,0,0,108
9901,0,19822016964,19822016833,0,0,130
9902,0,19824019312,19824019208,0,0,104
9903,0,19826021712,19826021603,0,0,108
9904,0,19828024613,19828024485,0,0,128
9905,0,19830025375,19830025244,0,0,130
9906,0,19832027543,19832027433,0,0,110
9907,0,19834029739,19834029617,0,0,122
9908,0,19836032463,19836032359,0,0,104
9909,0,19838033931,19838033818,0,0,112
9910,0,19840035069,19840034966,0,0,103
9911,0,19842037749,19842037647,0,0,101
9912,0,19844041173,19844041089,0,0,83
9913,0,19846043289,19846043186,0,0,103
9914,0,19848045869,19848045757,0,0,112
9915,0,19850047467,19850047379,0,0,88
9916,0,19852049872,19852049765,0,0,107
9917,0,19854052086,19854051980,0,0,105
9918,0,19856054671,19856054570,0,0,101
9919,0,19858056632,19858056510,0,0,122
9920,0,19860058523,19860058395,0,0,128
9921,0,19862060050,19862059929,0,0,121
9922,0,19864063574,19864063467,0,0,106
9923,0,19866065883,19866065752,0,0,131
9924,0,19868068631,19868068478,0,0,152
9925,0,19870071280,19870071148,0,0,132
9926,0,19872072573,19872072450,0,0,123
9927,0,19874076528,19874076395,0,0,132
9928,0,19876078570,19876078415,0,0,154
9929,0,19878080161,19878079995,0,0,166
9930,0,19880082098,19880081996,0,0,102
9931,0,19882084546,19882084427,0,0,118
9932,0,19884086015,19884085896,0,0,118
9933,0,19886089049,19886088887,0,0,161
9934,0,19888091373,19888091254,0,0,119
9935,0,19890092776,19890092633,0,0,142
9936,0,19892094512,19892094386,0,0,126
9937,0,19894096745,19894096604,0,0,140
9938,0,19896100041,19896099930,0,0,110
9939,0,19898101538,19898101415,0,0,122
9940,0,19900104363,19900104231,0,0,131
9941,0,19902106671,19902106516,0,0,155
9942,0,19904108135,19904108006,0,0,128
9943,0,19906110630,19906110497,0,0,132
9944,0,19908112705,19908112589,0,0,116
9945,0,19910114515,19910114404,0,0,111
9946,0,19912117543,19912117435,0,0,108
9947,0,19914120530,19914120402,0,0,128
9948,0,19916121559,19916121468,0,0,90
9949,0,19918123989,19918123855,0,0,134
9950,0,19920125752,19920125646,0,0,105
9951,0,19922127948,19922127829,0,0,118
9952,0,19924130807,19924130684,0,0,123
9953,0,19926133195,19926133069,0,0,126
9954,0,19928134723,19928134595,0,0,128
9955,0,19930137048,19930136935,0,0,112
9956,0,19932139139,19932139013,0,0,125
9957,0,19934141468,19934141323,0,0,144
9958,0,19936144890,19936144763,0,0,127
9959,0,19938145818,19938145679,0,0,139
9960,0,19940148089,19940148006,0,0,82
9961,0,19942150439,19942150323,0,0,116
9962,0,19944152804,19944152677,0,0,126
9963,0,19946155283,19946155168,0,0,114
9964,0,19948157989,19948157901,0,0,88
9965,0,19950159677,19950159546,0,0,130
9966,0,19952162449,19952162349,0,0,100
9967,0,19954163662,19954163517,0,0,144
9968,0,19956165212,19956165083,0,0,128
9969,0,19958167109,19958166973,0,0,136
9970,0,19960170337,19960170184,0,0,152
9971,0,19962172467,19962172328,0,0,138
9972,0,19964175294,19964175155,0,0,139
9973,0,19966177898,19966177748,0,0,150
9974,0,19968179288,19968179143,0,0,145
9975,0,19970181208,19970181074,0,0,134
9976,0,19972183877,19972183752,0,0,125
9977,0,19974188355,19974188218,0,0,137
9978,0,19976188512,19976188379,0,0,132
9979,0,19978192171,19978192044,0,0,126
9980,0,19980193940,19980193807,0,0,132
9981,0,19982195035,19982194887,0,0,148
9982,0,19984197319,19984197216,0,0,102
9983,0,19986199635,19986199526,0,0,108
9984,0,19988202554,19988202470,0,0,83
9985,0,19990203732,19990203624,0,0,107
9986,0,19992205705,19992205591,0,0,114
9987,0,19994207853,19994207739,0,0,114
9988,0,19996210579,19996210462,0,0,116
9989,0,19998212491,19998212370,0,0,121
9990,0,20000214450,20000214340,0,0,110
9991,0,20002216498,20002216391,0,0,106
9992,0,20004219593,20004219476,0,0,116
9993,0,20006222064,20006221941,0,0,122
9994,0,20008225077,20008224986,0,0,90
9995,0,20010227151,20010227034,0,0,116
9996,0,20012228183,20012228080,0,0,103
9997,0,20014231924,20014231820,0,0,104
9998,0,20016233440,20016233354,0,0,85
9999,0,20018235046,20018234948,0,0,98
10000,0,20020236576,20020236458,0,0,118
10001,0,20022239559,20022239449,0,0,110
10002,0,20024241887,20024241766,0,0,121
10003,0,20026244777,20026244653,0,0,124
10004,0,20028247046,20028246941,0,0,104
10005,0,20030249092,20030248955,0,0,137
10006,0,20032250692,20032250587,0,0,104
10007,0,20034252587,20034252460,0,0,126
10008,0,20036255106,20036254986,0,0,120
10009,0,20038257780,20038257676,0,0,104
10010,0,20040260968,20040260869,0,0,98
10011,0,20042262719,20042262613,0,0,105
10012,0,20044263943,20044263838,0,0,104
10013,0,20046265930,20046265826,0,0,103
10014,0,20048268325,20048268219,0,0,105
10015,0,20050270764,20050270661,0,0,103
10016,0,20052273281,20052273192,0,0,89
10017,0,20054274649,20054274543,0,0,105
10018,0,20056277285,20056277182,0,0,102
10019,0,20058279128,20058279011,0,0,116
10020,0,20060281584,20060281480,0,0,104
10021,0,20062283653,20062283528,0,0,125
10022,0,20064286414,20064286291,0,0,123
10023,0,20066288837,20066288734,0,0,102
10024,0,20068291525,20068291416,0,0,108
10025,0,20070293644,20070293524,0,0,119
10026,0,20072294883,20072294804,0,0,79
10027,0,20074298468,20074298355,0,0,112
10028,0,20076299574,20076299470,0,0,103
10029,0,20078301757,20078301614,0,0,142
10030,0,20080303698,20080303613,0,0,84
10031,0,20082306492,20082306405,0,0,87
10032,0,20084309218,20084309111,0,0,107
10033,0,20086310529,20086310416,0,0,112
10034,0,20088312749,20088312649,0,0,100
10035,0,20090316041,20090315917,0,0,123
10036,0,20092317491,20092317386,0,0,105
10037,0,20094319420,20094319336,0,0,83
10038,0,20096321510,20096321387,0,0,122
10039,0,20098323766,20098323651,0,0,114
10040,0,20100326375,20100326262,0,0,112
10041,0,20102328889,20102328756,0,0,132
10042,0,20104332091,20104331978,0,0,112
10043,0,20106333763,20106333642,0,0,121
10044,0,20108335051,20108334947,0,0,104
10045,0,20110337256,20110337137,0,0,118
10046,0,20112339168,20112339051,0,0,117
10047,0,20114342306,20114342177,0,0,128
10048,0,20116344898,20116344773,0,0,124
10049,0,20118346363,20118346208,0,0,154
10050,0,20120348766,20120348620,0,0,146
10051,0,20122351324,20122351189,0,0,134
10052,0,20124353050,20124352897,0,0,152
10053,0,20126355363,20126355202,0,0,161
10054,0,20128357623,20128357498,0,0,124
10055,0,20130360319,20130360212,0,0,106
10056,0,20132361897,20132361773,0,0,123
10057,0,20134364348,20134364219,0,0,128
10058,0,20136367244,20136367118,0,0,125
10059,0,20138368238,20138368111,0,0,127
10060,0,20140370764,20140370679,0,0,84
10061,0,20142373704,20142373577,0,0,126
10062,0,20144376175,20144376053,0,0,122
10063,0,20146377382,20146377251,0,0,130
10064,0,20148379783,20148379647,0,0,136
10065,0,20150381398,20150381276,0,0,121
10066,0,20152384159,20152384087,0,0,72
10067,0,20154385777,20154385651,0,0,125
10068,0,20156389035,20156388930,0,0,104
10069,0,20158391856,20158391732,0,0,123
10070,0,20160392673,20160392570,0,0,102
10071,0,20162394827,20162394710,0,0,116
10072,0,20164397503,20164397356,0,0,146
10073,0,20166399881,20166399750,0,0,130
10074,0,20168402878,20168402789,0,0,88
10075,0,20170403383,20170403247,0,0,135
10076,0,20172405978,20172405858,0,0,120
10077,0,20174409806,20174409697,0,0,109
10078,0,20176411171,20176411067,0,0,104
10079,0,20178414118,20178414000,0,0,117
10080,0,20180415395,20180415276,0,0,119
10081,0,20182417059,20182416928,0,0,130
10082,0,20184419415,20184419285,0,0,130
10083,0,20186421859,20186421738,0,0,121
10084,0,20188423588,20188423465,0,0,123
10085,0,20190426092,20190425964,0,0,128
10086,0,20192428306,20192428204,0,0,102
10087,0,20194430741,20194430607,0,0,134
10088,0,20196432393,20196432277,0,0,116
10089,0,20198434542,20198434411,0,0,131
10090,0,20200437358,20200437276,0,0,81
10091,0,20202439012,20202438889,0,0,122
10092,0,20204441388,20204441284,0,0,104
10093,0,20206443822,20206443667,0,0,154
10094,0,20208447424,20208447308,0,0,116
10095,0,20210448630,20210448483,0,0,147
10096,0,20212450719,20212450565,0,0,154
10097,0,20214452631,20214452481,0,0,149
10098,0,20216455047,20216454901,0,0,146
10099,0,20218457015,20218456876,0,0,138
10100,0,20220460240,20220460096,0,0,143
10101,0,20222462980,20222462835,0,0,144
10102,0,20224464387,20224464276,0,0,111
10103,0,20226465731,20226465582,0,0,148
10104,0,20228468774,20228468647,0,0,126
10105,0,20230470087,20230469910,0,0,176
10106,0,20232473200,20232473044,0,0,156
10107,0,20234475200,20234475073,0,0,127
10108,0,20236477173,20236477042,0,0,130
10109,0,20238479319,20238479176,0,0,143
10110,0,20240481463,20240481356,0,0,107
10111,0,20242484097,20242483960,0,0,137
10112,0,20244486096,20244485952,0,0,143
10113,0,20246489177,20246489035,0,0,142
10114,0,20248490524,20248490403,0,0,121
10115,0,20250493668,20250493535,0,0,132
10116,0,20252496127,20252495988,0,0,138
10117,0,20254496962,20254496833,0,0,128
10118,0,20256499802,20256499716,0,0,86
10119,0,20258501886,20258501746,0,0,140
10120,0,20260503820,20260503687,0,0,132
10121,0,20262505598,20262505460,0,0,138
10122,0,20264507575,20264507459,0,0,116
10123,0,20266510248,20266510105,0,0,143
10124,0,20268513380,20268513256,0,0,123
10125,0,20270516667,20270516520,0,0,146
10126,0,20272518064,20272517935,0,0,128
10127,0,20274521111,20274521001,0,0,110
10128,0,20276522476,20276522350,0,0,126
10129,0,20278523643,20278523512,0,0,130
10130,0,20280526206,20280526080,0,0,126
10131,0,20282528133,20282528021,0,0,112
10132,0,20284530964,20284530844,0,0,119
10133,0,20286533840,20286533728,0,0,111
10134,0,20288534973,20288534885,0,0,88
10135,0,20290537072,20290536968,0,0,103
10136,0,20292539136,20292539009,0,0,126
10137,0,20294541266,20294541152,0,0,113
10138,0,20296544132,20296544028,0,0,104
10139,0,20298546062,20298545957,0,0,105
10140,0,20300548552,20300548464,0,0,88
10141,0,20302550715,20302550591,0,0,123
10142,0,20304552985,20304552877,0,0,107
10143,0,20306555302,20306555201,0,0,101
10144,0,20308557307,20308557220,0,0,87
10145,0,20310559577,20310559467,0,0,110
10146,0,20312561694,20312561590,0,0,103
10147,0,20314564038,20314563932,0,0,106
10148,0,20316566579,20316566474,0,0,105
10149,0,20318568638,20318568529,0,0,108
10150,0,20320570320,20320570215,0,0,105
10151,0,20322572977,20322572869,0,0,108
10152,0,20324576275,20324576191,0,0,84
10153,0,20326577341,20326577213,0,0,128
10154,0,20328580317,20328580220,0,0,97
10155,0,20330582786,20330582680,0,0,105
10156,0,20332584600,20332584497,0,0,103
10157,0,20334587444,20334587323,0,0,121
10158,0,20336588854,20336588769,0,0,85
10159,0,20338590576,20338590444,0,0,131
10160,0,20340592889,20340592742,0,0,146
10161,0,20342594950,20342594810,0,0,140
10162,0,20344597238,20344597109,0,0,129
10163,0,20346600019,20346599860,0,0,158
10164,0,20348602573,20348602435,0,0,137
10165,0,20350605851,20350605725,0,0,125
10166,0,20352606804,20352606653,0,0,150
10167,0,20354608192,20354608085,0,0,107
10168,0,20356610843,20356610748,0,0,94
10169,0,20358613022,20358612901,0,0,121
10170,0,20360615436,20360615331,0,0,105
10171,0,20362617447,20362617344,0,0,103
10172,0,20364620507,20364620404,0,0,102
10173,0,20366621880,20366621771,0,0,108
10174,0,20368624862,20368624758,0,0,104
10175,0,20370627426,20370627298,0,0,128
10176,0,20372628723,20372628583,0,0,140
10177,0,20374632110,20374631973,0,0,137
10178,0,20376632997,20376632867,0,0,130
10179,0,20378634683,20378634553,0,0,130
10180,0,20380637802,20380637678,0,0,124
10181,0,20382639366,20382639262,0,0,103
10182,0,20384641836,20384641733,0,0,103
10183,0,20386644554,20386644424,0,0,130
10184,0,20388647321,20388647197,0,0,124
10185,0,20390648581,20390648428,0,0,152
10186,0,20392650915,20392650797,0,0,118
10187,0,20394652858,20394652725,0,0,132
10188,0,20396655394,20396655311,0,0,83
10189,0,20398658746,20398658602,0,0,143
10190,0,20400660540,20400660436,0,0,103
10191,0,20402663078,20402662930,0,0,148
10192,0,20404663955,20404663841,0,0,114
10193,0,20406666023,20406665909,0,0,114
10194,0,20408669008,20408668929,0,0,79
10195,0,20410671965,20410671838,0,0,126
10196,0,20412673209,20412673077,0,0,132
10197,0,20414674840,20414674717,0,0,122
10198,0,20416677656,20416677512,0,0,144
10199,0,20418679483,20418679360,0,0,122
10200,0,20420682016,20420681884,0,0,132
10201,0,20422683842,20422683716,0,0,125
10202,0,20424686297,20424686169,0,0,128
10203,0,20426688259,20426688143,0,0,116
10204,0,20428690923,20428690778,0,0,144
10205,0,20430692986,20430692846,0,0,140
10206,0,20432695375,20432695226,0,0,148
10207,0,20434697700,20434697592,0,0,107
10208,0,20436699730,20436699589,0,0,140
10209,0,20438701721,20438701593,0,0,128
10210,0,20440704368,20440704244,0,0,124
10211,0,20442707168,20442707040,0,0,128
10212,0,20444708705,20444708568,0,0,137
10213,0,20446710443,20446710305,0,0,138
10214,0,20448712878,20448712725,0,0,152
10215,0,20450714921,20450714817,0,0,103
10216,0,20452717319,20452717196,0,0,123
10217,0,20454719914,20454719813,0,0,101
10218,0,20456722006,20456721921,0,0,85
10219,0,20458724150,20458724032,0,0,117
10220,0,20460726512,20460726406,0,0,106
10221,0,20462729060,20462728930,0,0,130
10222,0,20464731459,20464731375,0,0,84
10223,0,20466734186,20466734062,0,0,124
10224,0,20468734930,20468734795,0,0,134
10225,0,20470737584,20470737467,0,0,116
10226,0,20472739651,20472739541,0,0,110
10227,0,20474743191,20474743068,0,0,122
10228,0,20476744553,20476744431,0,0,122
10229,0,20478746201,20478746071,0,0,130
10230,0,20480749629,20480749496,0,0,132
10231,0,20482750361,20482750253,0,0,108
10232,0,20484753024,20484752939,0,0,85
10233,0,20486755087,20486754954,0,0,133
10234,0,20488757737,20488757615,0,0,121
10235,0,20490759412,20490759290,0,0,121
10236,0,20492762155,20492762066,0,0,88
10237,0,20494764860,20494764754,0,0,106
10238,0,20496767486,20496767381,0,0,105
10239,0,20498768526,20498768375,0,0,150
10240,0,20500770744,20500770633,0,0,111
10241,0,20502773649,20502773519,0,0,130
10242,0,20504776184,20504776065,0,0,119
10243,0,20506777098,20506776945,0,0,152
10244,0,20508780079,20508779948,0,0,131
10245,0,20510781654,20510781521,0,0,133
10246,0,20512783688,20512783559,0,0,129
10247,0,20514786285,20514786143,0,0,142
10248,0,20516788861,20516788732,0,0,128
10249,0,20518791938,20518791811,0,0,126
10250,0,20520793133,20520792992,0,0,141
10251,0,20522794973,20522794845,0,0,128
10252,0,20524797714,20524797589,0,0,124
10253,0,20526800524,20526800395,0,0,128
10254,0,20528802856,20528802749,0,0,107
10255,0,20530804435,20530804314,0,0,121
10256,0,20532806679,20532806577,0,0,102
10257,0,20534808359,20534808233,0,0,125
10258,0,20536810671,20536810615,0,0,56
10259,0,20538813139,20538813034,0,0,104
10260,0,20540815662,20540815546,0,0,116
10261,0,20542817627,20542817503,0,0,124
10262,0,20544819296,20544819191,0,0,104
10263,0,20546821458,20546821353,0,0,104
10264,0,20548824605,20548824496,0,0,108
10265,0,20550827130,20550827016,0,0,114
10266,0,20552830294,20552830177,0,0,116
10267,0,20554832106,20554831996,0,0,110
10268,0,20556833305,20556833195,0,0,110
10269,0,20558836044,20558835939,0,0,105
10270,0,20560837188,20560837065,0,0,122
10271,0,20562839496,20562839390,0,0,106
10272,0,20564842206,20564842105,0,0,101
10273,0,20566844009,20566843883,0,0,126
10274,0,20568846143,20568846035,0,0,108
10275,0,20570848590,20570848466,0,0,123
10276,0,20572851568,20572851464,0,0,104
10277,0,20574855214,20574855093,0,0,121
10278,0,20576855080,20576854949,0,0,131
10279,0,20578857004,20578856883,0,0,121
10280,0,20580859017,20580858876,0,0,141
10281,0,20582862080,20582861973,0,0,106
10282,0,20584864399,20584864294,0,0,104
10283,0,20586866406,20586866286,0,0,119
10284,0,20588869309,20588869226,0,0,83
10285,0,20590872269,20590872137,0,0,132
10286,0,20592874050,20592873973,0,0,77
10287,0,20594877251,20594877163,0,0,88
10288,0,20596879490,20596879373,0,0,116
10289,0,20598879865,20598879751,0,0,114
10290,0,20600882620,20600882535,0,0,84
10291,0,20602885367,20602885249,0,0,118
10292,0,20604887024,20604886916,0,0,107
10293,0,20606889732,20606889625,0,0,106
10294,0,20608890683,20608890602,0,0,80
10295,0,20610892958,20610892820,0,0,138
10296,0,20612895375,20612895270,0,0,104
10297,0,20614898304,20614898167,0,0,137
10298,0,20616901505,20616901370,0,0,134
10299,0,20618902973,20618902850,0,0,123
10300,0,20620904691,20620904587,0,0,103
10301,0,20622905954,20622905809,0,0,144
10302,0,20624907731,20624907588,0,0,143
10303,0,20626910907,20626910775,0,0,131
10304,0,20628913295,20628913170,0,0,124
10305,0,20630916073,20630915942,0,0,130
10306,0,20632919046,20632918941,0,0,104
10307,0,20634919954,20634919825,0,0,128
10308,0,20636923476,20636923352,0,0,124
10309,0,20638924689,20638924561,0,0,128
10310,0,20640926514,20640926375,0,0,138
10311,0,20642928386,20642928258,0,0,128
10312,0,20644931095,20644931010,0,0,85
10313,0,20646933239,20646933092,0,0,146
10314,0,20648936033,20648935928,0,0,104
10315,0,20650938450,20650938337,0,0,112
10316,0,20652940168,20652940060,0,0,108
10317,0,20654942812,20654942661,0,0,150
10318,0,20656945451,20656945307,0,0,143
10319,0,20658946541,20658946393,0,0,148
10320,0,20660948229,20660948081,0,0,147
10321,0,20662950093,20662949952,0,0,140
10322,0,20664953224,20664953100,0,0,124
10323,0,20666955664,20666955515,0,0,148
10324,0,20668958167,20668958040,0,0,126
10325,0,20670960935,20670960797,0,0,137
10326,0,20672962057,20672961951,0,0,105
10327,0,20674966588,20674966457,0,0,130
10328,0,20676966680,20676966525,0,0,154
10329,0,20678968583,20678968443,0,0,139
10330,0,20680971094,20680970990,0,0,104
10331,0,20682973212,20682973092,0,0,119
10332,0,20684976157,20684976039,0,0,118
10333,0,20686978767,20686978610,0,0,157
10334,0,20688980385,20688980242,0,0,143
10335,0,20690982599,20690982487,0,0,112
10336,0,20692984370,20692984265,0,0,104
10337,0,20694986838,20694986750,0,0,87
10338,0,20696988950,20696988862,0,0,87
10339,0,20698991372,20698991237,0,0,134
10340,0,20700993997,20700993883,0,0,114
10341,0,20702996747,20702996624,0,0,122
10342,0,20704997282,20704997179,0,0,103
10343,0,20706999741,20706999610,0,0,130
10344,0,20709002441,20709002308,0,0,132
10345,0,20711004741,20711004600,0,0,141
10346,0,20713007022,20713006903,0,0,119
10347,0,20715010029,20715009905,0,0,123
10348,0,20717011373,20717011255,0,0,118
10349,0,20719013459,20719013314,0,0,144
10350,0,20721015442,20721015332,0,0,110
10351,0,20723017701,20723017588,0,0,112
10352,0,20725019847,20725019721,0,0,125
10353,0,20727022316,20727022171,0,0,144
10354,0,20729024498,20729024391,0,0,106
10355,0,20731026606,20731026475,0,0,131
10356,0,20733029904,20733029795,0,0,108
10357,0,20735031958,20735031833,0,0,124
10358,0,20737033948,20737033866,0,0,82
10359,0,20739036370,20739036249,0,0,120
10360,0,20741038530,20741038449,0,0,80
10361,0,20743041437,20743041301,0,0,135
10362,0,20745042128,20745042004,0,0,123
10363,0,20747044458,20747044351,0,0,106
10364,0,20749046791,20749046706,0,0,84
10365,0,20751048939,20751048822,0,0,116
10366,0,20753052633,20753052530,0,0,103
10367,0,20755054608,20755054509,0,0,99
10368,0,20757055361,20757055249,0,0,111
10369,0,20759057213,20759057105,0,0,108
10370,0,20761058938,20761058819,0,0,119
10371,0,20763062019,20763061889,0,0,130
10372,0,20765065313,20765065197,0,0,116
10373,0,20767067402,20767067286,0,0,116
10374,0,20769069129,20769069016,0,0,112
10375,0,20771071028,20771070905,0,0,123
10376,0,20773073220,20773073098,0,0,121
10377,0,20775077298,20775077197,0,0,101
10378,0,20777079326,20777079206,0,0,119
10379,0,20779080702,20779080573,0,0,128
10380,0,20781082430,20781082317,0,0,112
10381,0,20783085336,20783085192,0,0,143
10382,0,20785087710,20785087627,0,0,82
10383,0,20787089271,20787089147,0,0,124
10384,0,20789091082,20789090964,0,0,117
10385,0,20791094835,20791094677,0,0,158
10386,0,20793095357,20793095256,0,0,101
10387,0,20795097915,20795097781,0,0,134
10388,0,20797100347,20797100228,0,0,119
10389,0,20799102521,20799102392,0,0,128
10390,0,20801104656,20801104554,0,0,102
10391,0,20803106719,20803106582,0,0,137
10392,0,20805109199,20805109032,0,0,166
10393,0,20807110972,20807110840,0,0,131
10394,0,20809113685,20809113579,0,0,105
10395,0,20811116560,20811116429,0,0,130
10396,0,20813119260,20813119107,0,0,152
10397,0,20815120581,20815120453,0,0,127
10398,0,20817122494,20817122372,0,0,122
10399,0,20819125014,20819124881,0,0,132
10400,0,20821127832,20821127709,0,0,123
10401,0,20823128707,20823128595,0,0,111
10402,0,20825131100,20825130972,0,0,128
10403,0,20827133332,20827133200,0,0,132
10404,0,20829136004,20829135878,0,0,126
10405,0,20831138782,20831138633,0,0,148
10406,0,20833140573,20833140444,0,0,128
10407,0,20835142392,20835142287,0,0,104
10408,0,20837144734,20837144685,0,0,49
10409,0,20839146776,20839146674,0,0,102
10410,0,20841148939,20841148862,0,0,76
10411,0,20843151404,20843151323,0,0,80
10412,0,20845153514,20845153444,0,0,69
10413,0,20847156165,20847156044,0,0,120
10414,0,20849157917,20849157839,0,0,78
10415,0,20851160697,20851160586,0,0,110
10416,0,20853162986,20853162885,0,0,101
10417,0,20855165010,20855164871,0,0,138
10418,0,20857167699,20857167599,0,0,100
10419,0,20859169269,20859169170,0,0,98
10420,0,20861171635,20861171547,0,0,88
10421,0,20863173492,20863173386,0,0,106
10422,0,20865175962,20865175840,0,0,122
10423,0,20867177951,20867177842,0,0,108
10424,0,20869180786,20869180712,0,0,74
10425,0,20871182171,20871182040,0,0,130
10426,0,20873185214,20873185130,0,0,84
10427,0,20875189858,20875189710,0,0,148
10428,0,20877189911,20877189806,0,0,104
10429,0,20879191240,20879191122,0,0,118
10430,0,20881193707,20881193583,0,0,124
10431,0,20883196201,20883196062,0,0,139
10432,0,20885197803,20885197698,0,0,104
10433,0,20887200186,20887200069,0,0,116
10434,0,20889202287,20889202173,0,0,114
10435,0,20891204646,20891204507,0,0,138
10436,0,20893207247,20893207123,0,0,124
10437,0,20895209357,20895209235,0,0,122
10438,0,20897210779,20897210634,0,0,144
10439,0,20899212518,20899212386,0,0,131
10440,0,20901215486,20901215388,0,0,98
10441,0,20903217855,20903217712,0,0,142
10442,0,20905220659,20905220532,0,0,126
10443,0,20907223560,20907223435,0,0,125
10444,0,20909225667,20909225569,0,0,98
10445,0,20911227857,20911227723,0,0,134
10446,0,20913229839,20913229728,0,0,111
10447,0,20915231638,20915231516,0,0,121
10448,0,20917233810,20917233667,0,0,142
10449,0,20919236004,20919235869,0,0,135
10450,0,20921238031,20921237942,0,0,89
10451,0,20923240563,20923240436,0,0,126
10452,0,20925243000,20925242875,0,0,124
10453,0,20927245674,20927245528,0,0,145
10454,0,20929246443,20929246320,0,0,123
10455,0,20931249316,20931249193,0,0,123
10456,0,20933251219,20933251089,0,0,129
10457,0,20935253169,20935253019,0,0,150
10458,0,20937255915,20937255805,0,0,110
10459,0,20939257791,20939257668,0,0,122
10460,0,20941260374,20941260269,0,0,104
10461,0,20943262807,20943262678,0,0,128
10462,0,20945264955,20945264833,0,0,121
10463,0,20947267879,20947267769,0,0,110
10464,0,20949269417,20949269269,0,0,148
10465,0,20951271291,20951271143,0,0,147
10466,0,20953273452,20953273343,0,0,108
10467,0,20955275705,20955275596,0,0,108
10468,0,20957277853,20957277710,0,0,142
10469,0,20959280105,20959279976,0,0,128
10470,0,20961282514,20961282395,0,0,118
10471,0,20963284459,20963284352,0,0,106
10472,0,20965286671,20965286568,0,0,103
10473,0,20967288795,20967288678,0,0,116
10474,0,20969291587,20969291507,0,0,80
10475,0,20971293791,20971293657,0,0,133
10476,0,20973296062,20973295987,0,0,74
10477,0,20975299457,20975299322,0,0,134
10478,0,20977300519,20977300386,0,0,132
10479,0,20979302503,20979302387,0,0,116
10480,0,20981305206,20981305055,0,0,150
10481,0,20983307393,20983307267,0,0,125
10482,0,20985310116,20985310033,0,0,82
10483,0,20987312508,20987312368,0,0,140
10484,0,20989314093,20989313966,0,0,127
10485,0,20991316559,20991316435,0,0,124
10486,0,20993318045,20993317903,0,0,142
10487,0,20995319834,20995319730,0,0,104
10488,0,20997323020,20997322913,0,0,106
10489,0,20999325440,20999325318,0,0,122
10490,0,21001326988,21001326868,0,0,120
10491,0,21003329032,21003328949,0,0,83
10492,0,21005331365,21005331244,0,0,121
10493,0,21007334036,21007333892,0,0,144
10494,0,21009336098,21009335961,0,0,136
10495,0,21011337852,21011337732,0,0,120
10496,0,21013340222,21013340099,0,0,122
10497,0,21015341876,21015341777,0,0,98
10498,0,21017344344,21017344238,0,0,106
10499,0,21019347991,21019347891,0,0,100
10500,0,21021349409,21021349287,0,0,122
10501,0,21023351352,21023351215,0,0,137
10502,0,21025353514,21025353390,0,0,124
10503,0,21027355435,21027355309,0,0,126
10504,0,21029358015,21029357908,0,0,107
10505,0,21031360767,21031360642,0,0,124
10506,0,21033362851,21033362738,0,0,112
10507,0,21035364804,21035364685,0,0,118
10508,0,21037367389,21037367267,0,0,122
10509,0,21039370516,21039370380,0,0,136
10510,0,21041373287,21041373168,0,0,119
10511,0,21043374658,21043374512,0,0,146
10512,0,21045376527,21045376395,0,0,132
10513,0,21047378585,21047378448,0,0,137
10514,0,21049380636,21049380518,0,0,118
10515,0,21051382411,21051382286,0,0,125
10516,0,21053384621,21053384485,0,0,136
10517,0,21055386820,21055386665,0,0,155
10518,0,21057389120,21057388966,0,0,154
10519,0,21059391170,21059391041,0,0,128
10520,0,21061393986,21061393867,0,0,118
10521,0,21063396784,21063396643,0,0,140
10522,0,21065398006,21065397888,0,0,118
10523,0,21067399980,21067399863,0,0,116
10524,0,21069402560,21069402453,0,0,107
10525,0,21071404790,21071404645,0,0,144
10526,0,21073407470,21073407369,0,0,101
10527,0,21075410617,21075410509,0,0,108
10528,0,21077411567,21077411461,0,0,105
10529,0,21079413492,21079413388,0,0,103
10530,0,21081415817,21081415716,0,0,100
10531,0,21083418125,21083418021,0,0,103
10532,0,21085421023,21085420955,0,0,67
10533,0,21087423898,21087423782,0,0,116
10534,0,21089424871,21089424723,0,0,148
10535,0,21091427193,21091427070,0,0,122
10536,0,21093429463,21093429330,0,0,132
10537,0,21095431856,21095431742,0,0,114
10538,0,21097433952,21097433844,0,0,107
10539,0,21099435941,21099435795,0,0,146
10540,0,21101438442,21101438316,0,0,125
10541,0,21103441903,21103441751,0,0,151
10542,0,21105444018,21105443914,0,0,104
10543,0,21107444368,21107444260,0,0,108
10544,0,21109446610,21109446507,0,0,102
10545,0,21111449260,21111449143,0,0,116
10546,0,21113451259,21113451191,0,0,67
10547,0,21115453723,21115453618,0,0,104
10548,0,21117456415,21117456296,0,0,119
10549,0,21119458934,21119458821,0,0,112
10550,0,21121460195,21121460078,0,0,116
10551,0,21123462328,21123462222,0,0,106
10552,0,21125464936,21125464862,0,0,74
10553,0,21127467158,21127467037,0,0,121
10554,0,21129469469,21129469368,0,0,100
10555,0,21131471215,21131471087,0,0,128
10556,0,21133474297,21133474161,0,0,135
10557,0,21135477038,21135476932,0,0,106
10558,0,21137478245,21137478108,0,0,137
10559,0,21139480480,21139480337,0,0,143
10560,0,21141484049,21141483916,0,0,132
10561,0,21143484733,21143484599,0,0,134
10562,0,21145487283,21145487170,0,0,112
10563,0,21147489342,21147489193,0,0,148
10564,0,21149492315,21149492170,0,0,144
10565,0,21151494516,21151494375,0,0,141
10566,0,21153496107,21153495961,0,0,146
10567,0,21155498041,21155497894,0,0,147
10568,0,21157500727,21157500570,0,0,157
10569,0,21159502928,21159502779,0,0,148
10570,0,21161504906,21161504803,0,0,103
10571,0,21163507831,21163507685,0,0,145
10572,0,21165511136,21165511008,0,0,128
10573,0,21167513907,21167513779,0,0,127
10574,0,21169514987,21169514847,0,0,140
10575,0,21171516096,21171515964,0,0,131
10576,0,21173518332,21173518207,0,0,124
10577,0,21175521999,21175521872,0,0,126
10578,0,21177523016,21177522902,0,0,114
10579,0,21179524713,21179524580,0,0,132
10580,0,21181527804,21181527667,0,0,137
10581,0,21183530314,21183530183,0,0,130
10582,0,21185531356,21185531211,0,0,144
10583,0,21187534027,21187533905,0,0,122
10584,0,21189535793,21189535657,0,0,135
10585,0,21191537823,21191537677,0,0,146
10586,0,21193540696,21193540575,0,0,120
10587,0,21195542383,21195542278,0,0,105
10588,0,21197544747,21197544662,0,0,84
10589,0,21199547591,21199547479,0,0,112
10590,0,21201549476,21201549342,0,0,134
10591,0,21203551512,21203551392,0,0,120
10592,0,21205553672,21205553568,0,0,104
10593,0,21207556289,21207556177,0,0,112
10594,0,21209558522,21209558405,0,0,116
10595,0,21211560406,21211560297,0,0,109
10596,0,21213563840,21213563711,0,0,128
10597,0,21215566557,21215566426,0,0,130
10598,0,21217568318,21217568208,0,0,110
10599,0,21219570325,21219570217,0,0,108
10600,0,21221571805,21221571674,0,0,130
10601,0,21223574049,21223573903,0,0,146
10602,0,21225576217,21225576109,0,0,107
10603,0,21227578444,21227578327,0,0,116
10604,0,21229580600,21229580523,0,0,76
10605,0,21231583073,21231582956,0,0,116
10606,0,21233585719,21233585597,0,0,121
10607,0,21235588341,21235588218,0,0,123
10608,0,21237588975,21237588826,0,0,148
10609,0,21239591239,21239591116,0,0,122
10610,0,21241594077,21241593973,0,0,104
10611,0,21243595589,21243595474,0,0,114
10612,0,21245597730,21245597602,0,0,127
10613,0,21247600046,21247599902,0,0,143
10614,0,21249601521,21249601375,0,0,146
10615,0,21251604759,21251604632,0,0,126
10616,0,21253607132,21253607001,0,0,130
10617,0,21255609195,21255609053,0,0,142
10618,0,21257612373,21257612247,0,0,125
10619,0,21259615654,21259615534,0,0,119
10620,0,21261616077,21261615974,0,0,103
10621,0,21263618696,21263618572,0,0,124
10622,0,21265621318,21265621205,0,0,112
10623,0,21267624611,21267624493,0,0,118
10624,0,21269625785,21269625638,0,0,147
10625,0,21271627041,21271626927,0,0,114
10626,0,21273629717,21273629603,0,0,114
10627,0,21275632903,21275632791,0,0,112
10628,0,21277634348,21277634238,0,0,110
10629,0,21279636631,21279636524,0,0,106
10630,0,21281637893,21281637789,0,0,103
10631,0,21283640433,21283640314,0,0,118
10632,0,21285643315,21285643211,0,0,104
10633,0,21287644975,21287644837,0,0,138
10634,0,21289647635,21289647558,0,0,77
10635,0,21291649044,21291648920,0,0,124
10636,0,21293651966,21293651867,0,0,98
10637,0,21295655033,21295654902,0,0,130
10638,0,21297658429,21297658318,0,0,111
10639,0,21299658757,21299658654,0,0,102
10640,0,21301660511,21301660386,0,0,124
10641,0,21303662565,21303662428,0,0,137
10642,0,21305665076,21305664957,0,0,118
10643,0,21307667222,21307667096,0,0,125
10644,0,21309669845,21309669761,0,0,84
10645,0,21311671577,21311671467,0,0,110
10646,0,21313673728,21313673608,0,0,119
10647,0,21315675584,21315675460,0,0,123
10648,0,21317677134,21317677011,0,0,123
10649,0,21319681083,21319680958,0,0,124
10650,0,21321684332,21321684221,0,0,111
10651,0,21323686613,21323686509,0,0,104
10652,0,21325688577,21325688504,0,0,72
10653,0,21327689480,21327689333,0,0,146
10654,0,21329691449,21329691335,0,0,114
10655,0,21331693866,21331693741,0,0,124
10656,0,21333696090,21333696002,0,0,88
10657,0,21335699256,21335699149,0,0,107
10658,0,21337700874,21337700762,0,0,111
10659,0,21339702255,21339702139,0,0,115
10660,0,21341704425,21341704313,0,0,112
10661,0,21343707228,21343707111,0,0,116
10662,0,21345709701,21345709592,0,0,109
10663,0,21347711837,21347711733,0,0,103
10664,0,21349714129,21349714024,0,0,104
10665,0,21351716087,21351715959,0,0,127
10666,0,21353718386,21353718298,0,0,87
10667,0,21355720406,21355720286,0,0,120
10668,0,21357723030,21357722912,0,0,118
10669,0,21359725539,21359725422,0,0,116
10670,0,21361727514,21361727386,0,0,128
10671,0,21363729775,21363729690,0,0,84
10672,0,21365731651,21365731513,0,0,138
10673,0,21367734036,21367733902,0,0,134
10674,0,21369736044,21369735940,0,0,104
10675,0,21371738756,21371738638,0,0,118
10676,0,21373740984,21373740880,0,0,104
10677,0,21375745075,21375744952,0,0,122
10678,0,21377744896,21377744788,0,0,107
10679,0,21379747166,21379747057,0,0,108
10680,0,21381749600,21381749518,0,0,82
10681,0,21383752206,21383752097,0,0,108
10682,0,21385754341,21385754258,0,0,83
10683,0,21387756489,21387756371,0,0,118
10684,0,21389758258,21389758148,0,0,110
10685,0,21391761456,21391761311,0,0,144
10686,0,21393763985,21393763853,0,0,131
10687,0,21395765548,21395765431,0,0,116
10688,0,21397768098,21397767972,0,0,126
10689,0,21399769759,21399769624,0,0,134
10690,0,21401771721,21401771613,0,0,107
10691,0,21403774217,21403774085,0,0,132
10692,0,21405776467,21405776351,0,0,116
10693,0,21407778915,21407778770,0,0,144
10694,0,21409781046,21409780937,0,0,109
10695,0,21411782550,21411782440,0,0,110
10696,0,21413784792,21413784653,0,0,138
10697,0,21415787242,21415787105,0,0,136
10698,0,21417790058,21417789980,0,0,77
10699,0,21419792537,21419792410,0,0,126
10700,0,21421794474,21421794364,0,0,110
10701,0,21423797065,21423796944,0,0,121
10702,0,21425799894,21425799769,0,0,125
10703,0,21427801209,21427801089,0,0,120
10704,0,21429802821,21429802668,0,0,152
10705,0,21431805248,21431805103,0,0,144
10706,0,21433807374,21433807257,0,0,116
10707,0,21435809613,21435809488,0,0,124
10708,0,21437812660,21437812543,0,0,116
10709,0,21439815074,21439814929,0,0,145
10710,0,21441816198,21441816049,0,0,148
10711,0,21443818435,21443818292,0,0,142
10712,0,21445821137,21445820969,0,0,167
10713,0,21447822979,21447822857,0,0,122
10714,0,21449825364,21449825224,0,0,140
10715,0,21451828159,21451828032,0,0,126
10716,0,21453831765,21453831631,0,0,134
10717,0,21455832310,21455832156,0,0,153
10718,0,21457834474,21457834343,0,0,130
10719,0,21459836433,21459836291,0,0,142
10720,0,21461838212,21461838071,0,0,141
10721,0,21463840835,21463840675,0,0,160
10722,0,21465842784,21465842644,0,0,139
10723,0,21467845869,21467845746,0,0,123
10724,0,21469849272,21469849114,0,0,158
10725,0,21471851031,21471850887,0,0,143
10726,0,21473851778,21473851625,0,0,152
10727,0,21475855909,21475855786,0,0,122
10728,0,21477857150,21477857018,0,0,131
10729,0,21479857965,21479857832,0,0,132
10730,0,21481860360,21481860285,0,0,74
10731,0,21483863943,21483863798,0,0,144
10732,0,21485865250,21485865147,0,0,103
10733,0,21487867874,21487867735,0,0,138
10734,0,21489870128,21489869981,0,0,147
10735,0,21491873205,21491873068,0,0,137
10736,0,21493873982,21493873851,0,0,130
10737,0,21495876389,21495876242,0,0,146
10738,0,21497878377,21497878260,0,0,116
10739,0,21499881516,21499881377,0,0,138
10740,0,21501884017,21501883896,0,0,120
10741,0,21503885062,21503884914,0,0,148
10742,0,21505887482,21505887373,0,0,108
10743,0,21507889660,21507889529,0,0,130
10744,0,21509892705,21509892584,0,0,120
10745,0,21511895006,21511894879,0,0,126
10746,0,21513896736,21513896610,0,0,125
10747,0,21515898963,21515898835,0,0,127
10748,0,21517900767,21517900665,0,0,102
10749,0,21519903200,21519903038,0,0,162
10750,0,21521905344,21521905224,0,0,120
10751,0,21523907550,21523907451,0,0,98
10752,0,21525909823,21525909706,0,0,116
10753,0,21527912633,21527912528,0,0,104
10754,0,21529915276,21529915164,0,0,112
10755,0,21531917575,21531917438,0,0,136
10756,0,21533919036,21533918924,0,0,112
10757,0,21535920593,21535920446,0,0,146
10758,0,21537923098,21537922984,0,0,113
10759,0,21539925975,21539925874,0,0,101
10760,0,21541928764,21541928653,0,0,110
10761,0,21543929891,21543929764,0,0,126
10762,0,21545932833,21545932716,0,0,116
10763,0,21547935288,21547935164,0,0,123
10764,0,21549936600,21549936483,0,0,116
10765,0,21551939561,21551939424,0,0,137
10766,0,21553941686,21553941577,0,0,108
10767,0,21555943380,21555943280,0,0,100
10768,0,21557945597,21557945494,0,0,102
10769,0,21559947986,21559947863,0,0,122
10770,0,21561950177,21561950097,0,0,80
10771,0,21563952672,21563952562,0,0,110
10772,0,21565954786,21565954663,0,0,123
10773,0,21567957256,21567957139,0,0,116
10774,0,21569958593,21569958481,0,0,111
10775,0,21571961228,21571961112,0,0,115
10776,0,21573963842,21573963739,0,0,102
10777,0,21575967967,21575967850,0,0,116
10778,0,21577968501,21577968419,0,0,82
10779,0,21579969692,21579969584,0,0,107
10780,0,21581972245,21581972141,0,0,104
10781,0,21583974120,21583973997,0,0,122
10782,0,21585976146,21585976035,0,0,110
10783,0,21587979127,21587979016,0,0,110
10784,0,21589981035,21589980928,0,0,107
10785,0,21591983436,21591983332,0,0,104
10786,0,21593985299,21593985199,0,0,100
10787,0,21595987440,21595987333,0,0,106
10788,0,21597989826,21597989718,0,0,108
10789,0,21599992191,21599992074,0,0,117
10790,0,21601994068,21601993955,0,0,112
10791,0,21603996397,21603996296,0,0,101
10792,0,21605999094,21605998987,0,0,107
10793,0,21608002089,21608001973,0,0,116
10794,0,21610003186,21610003105,0,0,80
10795,0,21612005964,21612005843,0,0,120
10796,0,21614007951,21614007849,0,0,102
10797,0,21616010803,21616010695,0,0,107
10798,0,21618013820,21618013712,0,0,108
10799,0,21620015710,21620015621,0,0,88
10800,0,21622016360,21622016217,0,0,142
10801,0,21624018727,21624018605,0,0,121
10802,0,21626020733,21626020648,0,0,85
10803,0,21628023320,21628023197,0,0,122
10804,0,21630026283,21630026166,0,0,116
10805,0,21632028208,21632028081,0,0,127
10806,0,21634029788,21634029658,0,0,129
10807,0,21636032115,21636031992,0,0,123
10808,0,21638035415,21638035316,0,0,98
10809,0,21640037597,21640037466,0,0,130
10810,0,21642039427,21642039309,0,0,118
10811,0,21644041635,21644041523,0,0,112
10812,0,21646044056,21646043938,0,0,118
10813,0,21648046571,21648046448,0,0,123
10814,0,21650047961,21650047824,0,0,136
10815,0,21652050095,21652049968,0,0,126
10816,0,21654052213,21654052130,0,0,83
10817,0,21656054174,21656054048,0,0,125
10818,0,21658056386,21658056274,0,0,112
10819,0,21660058585,21660058449,0,0,136
10820,0,21662061567,21662061455,0,0,112
10821,0,21664064080,21664063960,0,0,120
10822,0,21666065484,21666065355,0,0,128
10823,0,21668067910,21668067786,0,0,123
10824,0,21670069803,21670069686,0,0,116
10825,0,21672071930,21672071809,0,0,121
10826,0,21674074858,21674074737,0,0,121
10827,0,21676078739,21676078594,0,0,144
10828,0,21678078800,21678078695,0,0,105
10829,0,21680082289,21680082153,0,0,136
10830,0,21682084821,21682084686,0,0,134
10831,0,21684086801,21684086664,0,0,137
10832,0,21686088764,21686088633,0,0,131
10833,0,21688089701,21688089561,0,0,139
10834,0,21690092004,21690091881,0,0,122
10835,0,21692094266,21692094107,0,0,159
10836,0,21694096856,21694096725,0,0,130
10837,0,21696098420,21696098274,0,0,146
10838,0,21698101156,21698101055,0,0,101
10839,0,21700103382,21700103253,0,0,128
10840,0,21702105526,21702105397,0,0,128
10841,0,21704107447,21704107306,0,0,141
10842,0,21706110591,21706110464,0,0,126
10843,0,21708113010,21708112877,0,0,132
10844,0,21710114633,21710114547,0,0,86
10845,0,21712117159,21712117030,0,0,128
10846,0,21714120617,21714120490,0,0,127
10847,0,21716122000,21716121886,0,0,114
10848,0,21718122959,21718122810,0,0,148
10849,0,21720125297,21720125152,0,0,144
10850,0,21722127777,21722127645,0,0,131
10851,0,21724129573,21724129431,0,0,141
10852,0,21726133419,21726133270,0,0,148
10853,0,21728134210,21728134061,0,0,148
10854,0,21730136944,21730136797,0,0,146
10855,0,21732139206,21732139063,0,0,142
10856,0,21734140822,21734140678,0,0,144
10857,0,21736143633,21736143490,0,0,142
10858,0,21738146831,21738146752,0,0,79
10859,0,21740147509,21740147385,0,0,123
10860,0,21742150020,21742149922,0,0,98
10861,0,21744152173,21744152018,0,0,154
10862,0,21746154551,21746154420,0,0,130
10863,0,21748157386,21748157262,0,0,123
10864,0,21750159705,21750159563,0,0,142
10865,0,21752161152,21752161037,0,0,114
10866,0,21754163346,21754163241,0,0,104
10867,0,21756165775,21756165632,0,0,142
10868,0,21758168310,21758168187,0,0,122
10869,0,21760171046,21760170915,0,0,130
10870,0,21762172624,21762172521,0,0,102
10871,0,21764174417,21764174278,0,0,139
10872,0,21766177420,21766177311,0,0,109
10873,0,21768179206,21768179058,0,0,148
10874,0,21770181188,21770181066,0,0,121
10875,0,21772183773,21772183638,0,0,134
10876,0,21774185873,21774185755,0,0,118
10877,0,21776189217,21776189084,0,0,132
10878,0,21778189801,21778189673,0,0,128
10879,0,21780192577,21780192460,0,0,116
10880,0,21782194533,21782194402,0,0,130
10881,0,21784196587,21784196466,0,0,121
10882,0,21786199138,21786199035,0,0,102
10883,0,21788201111,21788200982,0,0,129
10884,0,21790203611,21790203484,0,0,127
10885,0,21792205791,21792205678,0,0,112
10886,0,21794207902,21794207792,0,0,110
10887,0,21796209909,21796209792,0,0,116
10888,0,21798211856,21798211767,0,0,88
10889,0,21800214527,21800214406,0,0,121
10890,0,21802217254,21802217155,0,0,99
10891,0,21804219569,21804219435,0,0,134
10892,0,21806221356,21806221287,0,0,68
10893,0,21808223757,21808223637,0,0,119
10894,0,21810225395,21810225290,0,0,104
10895,0,21812228047,21812227936,0,0,111
10896,0,21814229925,21814229806,0,0,119
10897,0,21816232445,21816232319,0,0,126
10898,0,21818234479,21818234399,0,0,80
10899,0,21820236552,21820236447,0,0,105
10900,0,21822245166,21822245028,0,0,138
10901,0,21824242242,21824242104,0,0,138
10902,0,21826243674,21826243561,0,0,112
10903,0,21828245503,21828245393,0,0,110
10904,0,21830247871,21830247749,0,0,122
10905,0,21832250903,21832250775,0,0,128
10906,0,21834253865,21834253747,0,0,118
10907,0,21836255638,21836255488,0,0,150
10908,0,21838256887,21838256781,0,0,106
10909,0,21840258674,21840258566,0,0,108
10910,0,21842262239,21842262122,0,0,116
10911,0,21844263524,21844263403,0,0,121
10912,0,21846265505,21846265417,0,0,87
10913,0,21848267800,21848267676,0,0,123
10914,0,21850270087,21850269990,0,0,96
10915,0,21852271847,21852271708,0,0,138
10916,0,21854275024,21854274921,0,0,103
10917,0,21856277503,21856277370,0,0,132
10918,0,21858278901,21858278786,0,0,114
10919,0,21860280928,21860280824,0,0,104
10920,0,21862283066,21862282946,0,0,120
10921,0,21864285613,21864285509,0,0,104
10922,0,21866288188,21866288078,0,0,110
10923,0,21868289982,21868289867,0,0,114
10924,0,21870293282,21870293201,0,0,80
10925,0,21872296208,21872296092,0,0,116
10926,0,21874297955,21874297850,0,0,104
10927,0,21876300488,21876300384,0,0,104
10928,0,21878300831,21878300713,0,0,117
10929,0,21880303350,21880303213,0,0,137
10930,0,21882306910,21882306834,0,0,76
10931,0,21884308116,21884308002,0,0,114
10932,0,21886310636,21886310532,0,0,103
10933,0,21888312529,21888312408,0,0,120
10934,0,21890314693,21890314591,0,0,102
10935,0,21892316616,21892316507,0,0,108
10936,0,21894319362,21894319285,0,0,76
10937,0,21896321150,21896321043,0,0,107
10938,0,21898323741,21898323642,0,0,98
10939,0,21900325759,21900325649,0,0,110
10940,0,21902328488,21902328403,0,0,85
10941,0,21904331124,21904330997,0,0,127
10942,0,21906332858,21906332728,0,0,130
10943,0,21908334787,21908334669,0,0,118
10944,0,21910336614,21910336496,0,0,118
10945,0,21912339188,21912339057,0,0,130
10946,0,21914341056,21914340948,0,0,107
10947,0,21916343817,21916343680,0,0,137
10948,0,21918346089,21918345960,0,0,128
10949,0,21920349274,21920349139,0,0,135
10950,0,21922350410,21922350240,0,0,169
10951,0,21924351908,21924351754,0,0,154
10952,0,21926354970,21926354847,0,0,122
10953,0,21928356829,21928356701,0,0,128
10954,0,21930359325,21930359189,0,0,135
10955,0,21932361175,21932361028,0,0,146
10956,0,21934364051,21934363907,0,0,144
10957,0,21936367612,21936367447,0,0,164
10958,0,21938368923,21938368795,0,0,128
10959,0,21940370164,21940370045,0,0,118
10960,0,21942372689,21942372566,0,0,122
10961,0,21944374899,21944374775,0,0,124
10962,0,21946376724,21946376623,0,0,101
10963,0,21948378632,21948378486,0,0,146
10964,0,21950381612,21950381494,0,0,118
10965,0,21952383803,21952383687,0,0,115
10966,0,21954386406,21954386283,0,0,123
10967,0,21956388947,21956388821,0,0,125
10968,0,21958391233,21958391117,0,0,116
10969,0,21960392332,21960392202,0,0,129
10970,0,21962395071,21962394968,0,0,103
10971,0,21964396788,21964396684,0,0,104
10972,0,21966399386,21966399285,0,0,100
10973,0,21968401930,21968401802,0,0,127
10974,0,21970404440,21970404328,0,0,112
10975,0,21972405533,21972405420,0,0,112
10976,0,21974408144,21974408008,0,0,136
10977,0,21976411824,21976411691,0,0,132
10978,0,21978412890,21978412782,0,0,108
10979,0,21980415335,21980415191,0,0,144
10980,0,21982417223,21982417075,0,0,148
10981,0,21984418919,21984418798,0,0,120
10982,0,21986421496,21986421370,0,0,125
10983,0,21988423564,21988423441,0,0,122
10984,0,21990425611,21990425533,0,0,78
10985,0,21992427787,21992427658,0,0,128
10986,0,21994430682,21994430561,0,0,121
10987,0,21996433425,21996433317,0,0,107
10988,0,21998435262,21998435174,0,0,88
10989,0,22000438579,22000438442,0,0,137
10990,0,22002440616,22002440492,0,0,124
10991,0,22004442593,22004442449,0,0,144
10992,0,22006443571,22006443459,0,0,112
10993,0,22008445645,22008445523,0,0,121
10994,0,22010447974,22010447869,0,0,105
10995,0,22012450234,22012450096,0,0,138
10996,0,22014452669,22014452530,0,0,138
10997,0,22016455343,22016455188,0,0,155
10998,0,22018457876,22018457737,0,0,139
10999,0,22020458707,22020458567,0,0,140
11000,0,22022461387,22022461241,0,0,146
11001,0,22024463105,22024462981,0,0,124
11002,0,22026465885,22026465759,0,0,125
11003,0,22028468074,22028467921,0,0,152
11004,0,22030470507,22030470385,0,0,122
11005,0,22032473219,22032473065,0,0,154
11006,0,22034475648,22034475543,0,0,105
11007,0,22036476995,22036476883,0,0,112
11008,0,22038480227,22038480141,0,0,85
11009,0,22040481403,22040481280,0,0,122
11010,0,22042483728,22042483644,0,0,83
11011,0,22044485559,22044485452,0,0,106
11012,0,22046488334,22046488214,0,0,120
11013,0,22048489973,22048489856,0,0,116
11014,0,22050492695,22050492582,0,0,112
11015,0,22052494602,22052494481,0,0,121
11016,0,22054497280,22054497171,0,0,108
11017,0,22056498981,22056498874,0,0,107
11018,0,22058501411,22058501329,0,0,82
11019,0,22060503831,22060503715,0,0,115
11020,0,22062506423,22062506335,0,0,87
11021,0,22064509844,22064509728,0,0,116
11022,0,22066511263,22066511155,0,0,108
11023,0,22068513247,22068513128,0,0,118
11024,0,22070515896,22070515795,0,0,101
11025,0,22072517062,22072516939,0,0,123
11026,0,22074518715,22074518593,0,0,122
11027,0,22076522761,22076522656,0,0,105
11028,0,22078524055,22078523942,0,0,112
11029,0,22080525769,22080525663,0,0,105
11030,0,22082528022,22082527902,0,0,119
11031,0,22084529829,22084529714,0,0,114
11032,0,22086532689,22086532582,0,0,106
11033,0,22088534779,22088534653,0,0,125
11034,0,22090537476,22090537374,0,0,102
11035,0,22092540688,22092540561,0,0,126
11036,0,22094541355,22094541234,0,0,120
11037,0,22096543726,22096543600,0,0,125
11038,0,22098545934,22098545829,0,0,104
11039,0,22100547835,22100547732,0,0,102
11040,0,22102549941,22102549816,0,0,124
11041,0,22104552359,22104552226,0,0,132
11042,0,22106555065,22106554981,0,0,84
11043,0,22108556635,22108556509,0,0,126
11044,0,22110559614,22110559496,0,0,118
11045,0,22112561653,22112561541,0,0,112
11046,0,22114564639,22114564526,0,0,112
11047,0,22116565779,22116565692,0,0,87
11048,0,22118567636,22118567532,0,0,104
11049,0,22120569155,22120569025,0,0,129
11050,0,22122572705,22122572590,0,0,114
11051,0,22124574693,22124574557,0,0,135
11052,0,22126577611,22126577478,0,0,132
11053,0,22128580208,22128580081,0,0,127
11054,0,22130581653,22130581561,0,0,92
11055,0,22132584486,22132584384,0,0,102
11056,0,22134586811,22134586692,0,0,118
11057,0,22136588732,22136588611,0,0,121
11058,0,22138592244,22138592120,0,0,124
11059,0,22140594816,22140594709,0,0,107
11060,0,22142596332,22142596225,0,0,106
11061,0,22144597974,22144597862,0,0,112
11062,0,22146599049,22146599005,0,0,43
11063,0,22148601559,22148601444,0,0,114
11064,0,22150603265,22150603148,0,0,117
11065,0,22152606632,22152606518,0,0,114
11066,0,22154609510,22154609406,0,0,104
11067,0,22156610747,22156610606,0,0,140
11068,0,22158613010,22158612902,0,0,107
11069,0,22160614667,22160614557,0,0,110
11070,0,22162617163,22162617014,0,0,148
11071,0,22164619580,22164619424,0,0,155
11072,0,22166621902,22166621748,0,0,154
11073,0,22168624006,22168623871,0,0,134
11074,0,22170626521,22170626377,0,0,144
11075,0,22172628986,22172628838,0,0,148
11076,0,22174630782,22174630631,0,0,150
11077,0,22176633906,22176633732,0,0,174
11078,0,22178635133,22178635008,0,0,124
11079,0,22180637038,22180636920,0,0,118
11080,0,22182639403,22182639301,0,0,102
11081,0,22184642134,22184641995,0,0,139
11082,0,22186644759,22186644656,0,0,103
11083,0,22188645946,22188645823,0,0,122
11084,0,22190648539,22190648414,0,0,124
11085,0,22192653864,22192653734,0,0,129
11086,0,22194653939,22194653830,0,0,108
11087,0,22196655591,22196655484,0,0,107
11088,0,22198658473,22198658334,0,0,139
11089,0,22200660238,22200660097,0,0,141
11090,0,22202663259,22202663179,0,0,80
11091,0,22204664970,22204664857,0,0,112
11092,0,22206666441,22206666332,0,0,108
11093,0,22208668159,22208668035,0,0,124
11094,0,22210670540,22210670422,0,0,117
11095,0,22212672646,22212672506,0,0,139
11096,0,22214674499,22214674370,0,0,128
11097,0,22216677175,22216677042,0,0,132
11098,0,22218679316,22218679195,0,0,121
11099,0,22220681566,22220681420,0,0,145
11100,0,22222683631,22222683514,0,0,116
11101,0,22224686332,22224686186,0,0,146
11102,0,22226688095,22226687971,0,0,123
11103,0,22228690811,22228690677,0,0,134
11104,0,22230692826,22230692722,0,0,104
11105,0,22232696067,22232695960,0,0,106
11106,0,22234696980,22234696868,0,0,112
11107,0,22236699276,22236699156,0,0,120
11108,0,22238701984,22238701862,0,0,122
11109,0,22240703916,22240703799,0,0,116
11110,0,22242706680,22242706545,0,0,134
11111,0,22244709004,22244708880,0,0,124
11112,0,22246710819,22246710695,0,0,123
11113,0,22248712759,22248712611,0,0,147
11114,0,22250715192,22250715051,0,0,141
11115,0,22252716617,22252716494,0,0,122
11116,0,22254719035,22254718887,0,0,148
11117,0,22256723353,22256723213,0,0,140
11118,0,22258725154,22258725029,0,0,124
11119,0,22260726013,22260725889,0,0,124
11120,0,22262728231,22262728105,0,0,126
11121,0,22264730871,22264730737,0,0,134
11122,0,22266733248,22266733166,0,0,82
11123,0,22268735267,22268735151,0,0,116
11124,0,22270737113,22270736999,0,0,114
11125,0,22272741294,22272741172,0,0,121
11126,0,22274741585,22274741458,0,0,126
11127,0,22276745196,22276745055,0,0,141
11128,0,22278746429,22278746298,0,0,130
11129,0,22280748858,22280748709,0,0,148
11130,0,22282751781,22282751642,0,0,139
11131,0,22284752708,22284752559,0,0,148
11132,0,22286755364,22286755257,0,0,106
11133,0,22288757339,22288757232,0,0,106
11134,0,22290759352,22290759208,0,0,144
11135,0,22292761717,22292761573,0,0,144
11136,0,22294763982,22294763859,0,0,122
11137,0,22296766359,22296766223,0,0,135
11138,0,22298768307,22298768185,0,0,122
11139,0,22300770222,22300770100,0,0,122
11140,0,22302773146,22302772999,0,0,146
11141,0,22304775430,22304775284,0,0,146
11142,0,22306777624,22306777475,0,0,148
11143,0,22308778972,22308778824,0,0,147
11144,0,22310781950,22310781831,0,0,119
11145,0,22312783773,22312783634,0,0,139
11146,0,22314786643,22314786509,0,0,134
11147,0,22316789335,22316789203,0,0,132
11148,0,22318790590,22318790463,0,0,126
11149,0,22320794245,22320794101,0,0,144
11150,0,22322796028,22322795919,0,0,108
11151,0,22324797195,22324797087,0,0,107
11152,0,22326799328,22326799210,0,0,118
11153,0,22328801400,22328801283,0,0,117
11154,0,22330804778,22330804662,0,0,116
11155,0,22332807177,22332807069,0,0,108
11156,0,22334808887,22334808782,0,0,105
11157,0,22336811671,22336811569,0,0,102
11158,0,22338813278,22338813166,0,0,112
11159,0,22340815021,22340814880,0,0,141
11160,0,22342817303,22342817194,0,0,108
11161,0,22344819359,22344819242,0,0,116
11162,0,22346822187,22346822069,0,0,117
11163,0,22348826468,22348826343,0,0,124
11164,0,22350826498,22350826393,0,0,105
11165,0,22352828629,22352828504,0,0,124
11166,0,22354830480,22354830379,0,0,101
11167,0,22356832848,22356832743,0,0,104
11168,0,22358835220,22358835121,0,0,98
11169,0,22360837184,22360837078,0,0,105
11170,0,22362839453,22362839364,0,0,89
11171,0,22364841824,22364841715,0,0,108
11172,0,22366844519,22366844415,0,0,104
11173,0,22368847712,22368847588,0,0,123
11174,0,22370849841,22370849758,0,0,83
11175,0,22372850618,22372850512,0,0,106
11176,0,22374853191,22374853087,0,0,104
11177,0,22376856224,22376856094,0,0,130
11178,0,22378857285,22378857210,0,0,74
11179,0,22380860295,22380860169,0,0,125
11180,0,22382863497,22382863395,0,0,102
11181,0,22384866253,22384866134,0,0,119
11182,0,22386866701,22386866554,0,0,147
11183,0,22388868424,22388868298,0,0,125
11184,0,22390870469,22390870321,0,0,148
11185,0,22392872665,22392872525,0,0,140
11186,0,22394875122,22394875014,0,0,107
11187,0,22396877467,22396877319,0,0,148
11188,0,22398880396,22398880289,0,0,106
11189,0,22400883079,22400882948,0,0,131
11190,0,22402884319,22402884232,0,0,86
11191,0,22404886477,22404886371,0,0,105
11192,0,22406888417,22406888317,0,0,100
11193,0,22408890757,22408890648,0,0,108
11194,0,22410892814,22410892723,0,0,91
11195,0,22412895765,22412895685,0,0,80
11196,0,22414898388,22414898276,0,0,112
11197,0,22416899507,22416899380,0,0,126
11198,0,22418902293,22418902155,0,0,138
11199,0,22420904619,22420904480,0,0,138
11200,0,22422907175,22422907070,0,0,104
11201,0,22424907937,22424907809,0,0,127
11202,0,22426911515,22426911408,0,0,106
11203,0,22428913900,22428913769,0,0,130
11204,0,22430915839,22430915726,0,0,112
11205,0,22432918753,22432918613,0,0,140
11206,0,22434920002,22434919860,0,0,142
11207,0,22436922317,22436922194,0,0,123
11208,0,22438924868,22438924743,0,0,124
11209,0,22440926746,22440926633,0,0,112
11210,0,22442928635,22442928550,0,0,85
11211,0,22444930894,22444930777,0,0,117
11212,0,22446932975,22446932869,0,0,105
11213,0,22448935654,22448935515,0,0,139
11214,0,22450937543,22450937429,0,0,114
11215,0,22452940653,22452940502,0,0,150
11216,0,22454942648,22454942516,0,0,132
11217,0,22456943927,22456943798,0,0,128
11218,0,22458946538,22458946420,0,0,117
11219,0,22460948595,22460948471,0,0,123
11220,0,22462951117,22462950999,0,0,118
11221,0,22464953035,22464952906,0,0,128
11222,0,22466956092,22466955953,0,0,138
11223,0,22468957688,22468957543,0,0,144
11224,0,22470959402,22470959274,0,0,128
11225,0,22472961510,22472961357,0,0,152
11226,0,22474964674,22474964549,0,0,124
11227,0,22476968563,22476968440,0,0,123
11228,0,22478968610,22478968510,0,0,100
11229,0,22480970723,22480970585,0,0,138
11230,0,22482972844,22482972705,0,0,139
11231,0,22484975533,22484975425,0,0,107
11232,0,22486977884,22486977775,0,0,108
11233,0,22488979595,22488979480,0,0,114
11234,0,22490982211,22490982102,0,0,108
11235,0,22492984309,22492984170,0,0,139
11236,0,22494987169,22494987048,0,0,121
11237,0,22496989451,22496989323,0,0,128
11238,0,22498990855,22498990734,0,0,121
11239,0,22500992665,22500992561,0,0,103
11240,0,22502995752,22502995666,0,0,85
11241,0,22504998544,22504998420,0,0,124
11242,0,22506999621,22506999514,0,0,106
11243,0,22509002086,22509001969,0,0,116
11244,0,22511004137,22511004029,0,0,107
11245,0,22513006506,22513006377,0,0,128
11246,0,22515009141,22515009027,0,0,113
11247,0,22517012307,22517012181,0,0,126
11248,0,22519014692,22519014546,0,0,146
11249,0,22521016084,22521015967,0,0,116
11250,0,22523017653,22523017545,0,0,107
11251,0,22525019916,22525019803,0,0,112
11252,0,22527022425,22527022314,0,0,110
11253,0,22529023860,22529023725,0,0,134
11254,0,22531026404,22531026299,0,0,104
11255,0,22533029204,22533029057,0,0,146
11256,0,22535031856,22535031733,0,0,122
11257,0,22537032869,22537032760,0,0,109
11258,0,22539035597,22539035487,0,0,110
11259,0,22541037501,22541037362,0,0,138
11260,0,22543039765,22543039682,0,0,83
11261,0,22545042979,22545042844,0,0,134
11262,0,22547044097,22547043968,0,0,128
11263,0,22549046823,22549046701,0,0,121
11264,0,22551049568,22551049452,0,0,115
11265,0,22553050651,22553050527,0,0,124
11266,0,22555052952,22555052847,0,0,105
11267,0,22557055630,22557055525,0,0,104
11268,0,22559058040,22559057900,0,0,140
11269,0,22561060867,22561060728,0,0,138
11270,0,22563062519,22563062380,0,0,138
11271,0,22565064938,22565064811,0,0,126
11272,0,22567066067,22567065956,0,0,110
11273,0,22569068703,22569068561,0,0,141
11274,0,22571071275,22571071127,0,0,148
11275,0,22573073188,22573073054,0,0,134
11276,0,22575075381,22575075304,0,0,76
11277,0,22577079600,22577079455,0,0,144
11278,0,22579080794,22579080671,0,0,123
11279,0,22581082516,22581082413,0,0,103
11280,0,22583086242,22583086098,0,0,143
11281,0,22585086570,22585086424,0,0,146
11282,0,22587088945,22587088860,0,0,84
11283,0,22589090910,22589090802,0,0,108
11284,0,22591093490,22591093373,0,0,116
11285,0,22593095579,22593095461,0,0,118
11286,0,22595097950,22595097842,0,0,108
11287,0,22597099450,22597099315,0,0,134
11288,0,22599101840,22599101716,0,0,123
11289,0,22601103849,22601103730,0,0,119
11290,0,22603106832,22603106708,0,0,123
11291,0,22605108644,22605108521,0,0,122
11292,0,22607111150,22607111042,0,0,107
11293,0,22609112993,22609112858,0,0,135
11294,0,22611115222,22611115114,0,0,107
11295,0,22613117791,22613117687,0,0,103
11296,0,22615119544,22615119427,0,0,116
11297,0,22617122357,22617122249,0,0,107
11298,0,22619124626,22619124542,0,0,84
11299,0,22621127554,22621127453,0,0,101
11300,0,22623129150,22623129021,0,0,128
11301,0,22625131942,22625131837,0,0,105
11302,0,22627134202,22627134096,0,0,105
11303,0,22629134975,22629134851,0,0,123
11304,0,22631137192,22631137053,0,0,139
11305,0,22633139710,22633139586,0,0,124
11306,0,22635142759,22635142656,0,0,103
11307,0,22637144935,22637144829,0,0,105
11308,0,22639146678,22639146594,0,0,83
11309,0,22641148770,22641148647,0,0,122
11310,0,22643150984,22643150883,0,0,101
11311,0,22645153353,22645153247,0,0,106
11312,0,22647155332,22647155215,0,0,116
11313,0,22649157799,22649157675,0,0,123
11314,0,22651159616,22651159518,0,0,98
11315,0,22653162055,22653161968,0,0,86
11316,0,22655164474,22655164386,0,0,88
11317,0,22657166257,22657166146,0,0,110
11318,0,22659168609,22659168491,0,0,118
11319,0,22661171606,22661171471,0,0,134
11320,0,22663173307,22663173182,0,0,124
11321,0,22665175099,22665174941,0,0,158
11322,0,22667177810,22667177662,0,0,147
11323,0,22669179803,22669179665,0,0,138
11324,0,22671182425,22671182322,0,0,103
11325,0,22673184329,22673184195,0,0,134
11326,0,22675186327,22675186206,0,0,120
11327,0,22677190006,22677189878,0,0,128
11328,0,22679191283,22679191144,0,0,138
11329,0,22681193463,22681193328,0,0,134
11330,0,22683195229,22683195147,0,0,82
11331,0,22685198020,22685197897,0,0,123
11332,0,22687200022,22687199880,0,0,141
11333,0,22689202422,22689202276,0,0,146
11334,0,22691204400,22691204274,0,0,125
11335,0,22693205952,22693205835,0,0,116
11336,0,22695207716,22695207582,0,0,134
11337,0,22697210885,22697210751,0,0,134
11338,0,22699214768,22699214631,0,0,137
11339,0,22701216605,22701216458,0,0,147
11340,0,22703218244,22703218123,0,0,121
11341,0,22705221846,22705221725,0,0,121
11342,0,22707223024,22707222894,0,0,130
11343,0,22709224275,22709224153,0,0,121
11344,0,22711226981,22711226855,0,0,125
11345,0,22713228756,22713228620,0,0,135
11346,0,22715231104,22715230997,0,0,107
11347,0,22717233421,22717233284,0,0,137
11348,0,22719235991,22719235860,0,0,130
11349,0,22721238767,22721238620,0,0,147
11350,0,22723239865,22723239736,0,0,128
11351,0,22725241869,22725241738,0,0,130
11352,0,22727244092,22727243954,0,0,138
11353,0,22729246732,22729246608,0,0,124
11354,0,22731249132,22731249004,0,0,128
11355,0,22733251517,22733251393,0,0,123
11356,0,22735254573,22735254450,0,0,122
11357,0,22737255424,22737255276,0,0,148
11358,0,22739258694,22739258548,0,0,146
11359,0,22741259995,22741259885,0,0,110
11360,0,22743262446,22743262339,0,0,106
11361,0,22745265475,22745265350,0,0,124
11362,0,22747267958,22747267871,0,0,86
11363,0,22749269076,22749268946,0,0,130
11364,0,22751271755,22751271628,0,0,127
11365,0,22753274555,22753274406,0,0,148
11366,0,22755275416,22755275298,0,0,117
11367,0,22757277528,22757277407,0,0,121
11368,0,22759280182,22759280071,0,0,110
11369,0,22761282642,22761282497,0,0,145
11370,0,22763284688,22763284584,0,0,103
11371,0,22765286546,22765286415,0,0,130
11372,0,22767289765,22767289638,0,0,127
11373,0,22769292625,22769292478,0,0,146
11374,0,22771294103,22771293991,0,0,112
11375,0,22773295635,22773295522,0,0,112
11376,0,22775298211,22775298067,0,0,143
11377,0,22777303072,22777302952,0,0,120
11378,0,22779303658,22779303585,0,0,72
11379,0,22781305425,22781305303,0,0,122
11380,0,22783307161,22783307057,0,0,104
11381,0,22785310032,22785309901,0,0,130
11382,0,22787312041,22787311934,0,0,106
11383,0,22789314543,22789314430,0,0,112
11384,0,22791315621,22791315483,0,0,138
11385,0,22793317742,22793317624,0,0,118
11386,0,22795319857,22795319733,0,0,123
11387,0,22797322424,22797322301,0,0,123
11388,0,22799324508,22799324369,0,0,139
11389,0,22801326537,22801326413,0,0,124
11390,0,22803329164,22803329040,0,0,123
11391,0,22805331542,22805331453,0,0,88
11392,0,22807333862,22807333750,0,0,112
11393,0,22809335751,22809335626,0,0,124
11394,0,22811337720,22811337617,0,0,103
11395,0,22813339622,22813339505,0,0,116
11396,0,22815342324,22815342205,0,0,119
11397,0,22817345411,22817345301,0,0,110
11398,0,22819346547,22819346402,0,0,144
11399,0,22821348747,22821348687,0,0,60
11400,0,22823351078,22823350956,0,0,122
11401,0,22825353480,22825353371,0,0,109
11402,0,22827355544,22827355420,0,0,124
11403,0,22829358179,22829358076,0,0,103
11404,0,22831360087,22831359983,0,0,104
11405,0,22833362822,22833362665,0,0,157
11406,0,22835365164,22835365059,0,0,104
11407,0,22837367190,22837367058,0,0,131
11408,0,22839369901,22839369779,0,0,122
11409,0,22841371330,22841371218,0,0,112
11410,0,22843373117,22843373029,0,0,88
11411,0,22845375721,22845375594,0,0,126
11412,0,22847377961,22847377858,0,0,103
11413,0,22849379834,22849379716,0,0,118
11414,0,22851382408,22851382275,0,0,132
11415,0,22853384546,22853384421,0,0,124
11416,0,22855387779,22855387602,0,0,177
11417,0,22857389086,22857388972,0,0,114
11418,0,22859391257,22859391134,0,0,123
11419,0,22861393692,22861393583,0,0,108
11420,0,22863396351,22863396229,0,0,122
11421,0,22865398462,22865398308,0,0,154
11422,0,22867400847,22867400719,0,0,128
11423,0,22869403541,22869403429,0,0,112
11424,0,22871405289,22871405143,0,0,146
11425,0,22873407739,22873407611,0,0,128
11426,0,22875408940,22875408837,0,0,103
11427,0,22877412154,22877412010,0,0,143
11428,0,22879413825,22879413705,0,0,119
11429,0,22881415683,22881415570,0,0,112
11430,0,22883417991,22883417919,0,0,72
11431,0,22885420177,22885420073,0,0,103
11432,0,22887422205,22887422086,0,0,119
11433,0,22889424350,22889424262,0,0,88
11434,0,22891427023,22891426956,0,0,67
11435,0,22893428677,22893428593,0,0,84
11436,0,22895432083,22895431959,0,0,123
11437,0,22897433087,22897432948,0,0,138
11438,0,22899435932,22899435834,0,0,97
11439,0,22901438248,22901438128,0,0,120
11440,0,22903440516,22903440392,0,0,123
11441,0,22905442538,22905442417,0,0,121
11442,0,22907444503,22907444431,0,0,71
11443,0,22909446827,22909446703,0,0,123
11444,0,22911449747,22911449646,0,0,101
11445,0,22913452378,22913452265,0,0,112
11446,0,22915453204,22915453133,0,0,70
11447,0,22917455721,22917455616,0,0,104
11448,0,22919458179,22919458075,0,0,104
11449,0,22921459575,22921459468,0,0,107
11450,0,22923462457,22923462353,0,0,103
11451,0,22925464104,22925463985,0,0,119
11452,0,22927467040,22927466942,0,0,98
11453,0,22929469399,22929469255,0,0,143
11454,0,22931471511,22931471407,0,0,103
11455,0,22933474916,22933474770,0,0,146
11456,0,22935475642,22935475498,0,0,143
11457,0,22937477874,22937477728,0,0,146
11458,0,22939480371,22939480267,0,0,103
11459,0,22941482204,22941482048,0,0,156
11460,0,22943484865,22943484730,0,0,134
11461,0,22945486683,22945486548,0,0,134
11462,0,22947489193,22947489076,0,0,116
11463,0,22949490981,22949490872,0,0,108
11464,0,22951493300,22951493192,0,0,107
11465,0,22953495642,22953495505,0,0,137
11466,0,22955498170,22955498061,0,0,108
11467,0,22957499919,22957499793,0,0,125
11468,0,22959502694,22959502584,0,0,109
11469,0,22961506000,22961505851,0,0,148
11470,0,22963507979,22963507861,0,0,118
11471,0,22965509612,22965509477,0,0,134
11472,0,22967512514,22967512398,0,0,115
11473,0,22969513940,22969513811,0,0,128
11474,0,22971516772,22971516663,0,0,108
11475,0,22973520152,22973520004,0,0,148
11476,0,22975520550,22975520440,0,0,110
11477,0,22977523770,22977523627,0,0,142
11478,0,22979524770,22979524669,0,0,100
11479,0,22981526626,22981526486,0,0,140
11480,0,22983529139,22983528989,0,0,149
11481,0,22985531244,22985531099,0,0,145
11482,0,22987533715,22987533608,0,0,106
11483,0,22989536386,22989536270,0,0,116
11484,0,22991539500,22991539374,0,0,125
11485,0,22993541291,22993541148,0,0,142
11486,0,22995542228,22995542118,0,0,110
11487,0,22997544784,22997544676,0,0,107
11488,0,22999547078,22999546952,0,0,125
11489,0,23001549250,23001549107,0,0,142
11490,0,23003551647,23003551532,0,0,114
11491,0,23005553703,23005553586,0,0,116
11492,0,23007556166,23007556027,0,0,138
11493,0,23009558404,23009558281,0,0,123
11494,0,23011561694,23011561555,0,0,139
11495,0,23013563222,23013563095,0,0,127
11496,0,23015564533,23015564426,0,0,106
11497,0,23017566978,23017566871,0,0,106
11498,0,23019569887,23019569800,0,0,87
11499,0,23021572616,23021572502,0,0,114
11500,0,23023573733,23023573618,0,0,114
11501,0,23025575546,23025575433,0,0,112
11502,0,23027578026,23027577898,0,0,128
11503,0,23029580060,23029579936,0,0,123
11504,0,23031582811,23031582678,0,0,132
11505,0,23033585167,23033585028,0,0,139
11506,0,23035588042,23035587937,0,0,104
11507,0,23037588824,23037588678,0,0,146
11508,0,23039591791,23039591660,0,0,130
11509,0,23041593860,23041593703,0,0,157
11510,0,23043595784,23043595704,0,0,80
11511,0,23045598496,23045598380,0,0,115
11512,0,23047600412,23047600301,0,0,111
11513,0,23049603681,23049603552,0,0,128
11514,0,23051605161,23051605046,0,0,115
11515,0,23053608174,23053608061,0,0,112
11516,0,23055609148,23055609011,0,0,137
11517,0,23057611192,23057611060,0,0,131
11518,0,23059613626,23059613510,0,0,116
11519,0,23061615741,23061615622,0,0,119
11520,0,23063618487,23063618339,0,0,147
11521,0,23065620474,23065620331,0,0,142
11522,0,23067622038,23067621950,0,0,87
11523,0,23069624982,23069624880,0,0,102
11524,0,23071627138,23071627035,0,0,102
11525,0,23073629537,23073629431,0,0,106
11526,0,23075631597,23075631464,0,0,133
11527,0,23077634951,23077634848,0,0,103
11528,0,23079635573,23079635441,0,0,132
11529,0,23081637451,23081637344,0,0,106
11530,0,23083639305,23083639227,0,0,78
11531,0,23085642160,23085642033,0,0,126
11532,0,23087644858,23087644774,0,0,83
11533,0,23089648764,23089648639,0,0,124
11534,0,23091650125,23091650018,0,0,107
11535,0,23093651013,23093650896,0,0,116
11536,0,23095653839,23095653696,0,0,142
11537,0,23097656890,23097656739,0,0,150
11538,0,23099658583,23099658456,0,0,127
11539,0,23101660329,23101660184,0,0,144
11540,0,23103663081,23103662959,0,0,122
11541,0,23105665985,23105665877,0,0,107
11542,0,23107667053,23107666947,0,0,106
11543,0,23109669272,23109669146,0,0,126
11544,0,23111671838,23111671689,0,0,148
11545,0,23113673584,23113673469,0,0,114
11546,0,23115676033,23115675904,0,0,128
11547,0,23117678215,23117678104,0,0,110
11548,0,23119679862,23119679759,0,0,103
11549,0,23121682063,23121681947,0,0,116
11550,0,23123685042,23123684970,0,0,72
11551,0,23125687126,23125687049,0,0,76
11552,0,23127689943,23127689811,0,0,131
11553,0,23129691582,23129691478,0,0,104
11554,0,23131693492,23131693417,0,0,74
11555,0,23133695758,23133695667,0,0,91
11556,0,23135698400,23135698291,0,0,108
11557,0,23137700388,23137700233,0,0,155
11558,0,23139703200,23139703089,0,0,110
11559,0,23141705650,23141705527,0,0,123
11560,0,23143707081,23143706946,0,0,135
11561,0,23145709501,23145709360,0,0,140
11562,0,23147711615,23147711516,0,0,98
11563,0,23149713367,23149713238,0,0,128
11564,0,23151716348,23151716221,0,0,126
11565,0,23153719179,23153719067,0,0,111
11566,0,23155722163,23155722058,0,0,104
11567,0,23157723709,23157723606,0,0,102
11568,0,23159724800,23159724669,0,0,130
11569,0,23161728163,23161728053,0,0,109
11570,0,23163730153,23163730068,0,0,85
11571,0,23165730878,23165730757,0,0,121
11572,0,23167734264,23167734146,0,0,118
11573,0,23169736865,23169736751,0,0,114
11574,0,23171738817,23171738743,0,0,74
11575,0,23173741321,23173741220,0,0,101
11576,0,23175742884,23175742770,0,0,114
11577,0,23177745649,23177745512,0,0,137
11578,0,23179747569,23179747459,0,0,110
11579,0,23181750749,23181750644,0,0,105
11580,0,23183751656,23183751568,0,0,88
11581,0,23185753813,23185753677,0,0,135
11582,0,23187755882,23187755778,0,0,103
11583,0,23189758389,23189758260,0,0,128
11584,0,23191760563,23191760442,0,0,121
11585,0,23193762440,23193762330,0,0,110
11586,0,23195764936,23195764833,0,0,103
11587,0,23197767172,23197767025,0,0,146
11588,0,23199769794,23199769647,0,0,147
11589,0,23201772286,23201772136,0,0,150
11590,0,23203774139,23203774035,0,0,104
11591,0,23205776745,23205776596,0,0,148
11592,0,23207778517,23207778353,0,0,164
11593,0,23209780375,23209780302,0,0,72
11594,0,23211782845,23211782697,0,0,148
11595,0,23213784819,23213784678,0,0,140
11596,0,23215787173,23215787042,0,0,130
11597,0,23217790180,23217790032,0,0,148
11598,0,23219792668,23219792583,0,0,85
11599,0,23221794215,23221794094,0,0,121
11600,0,23223796424,23223796309,0,0,115
11601,0,23225798582,23225798461,0,0,120
11602,0,23227800337,23227800232,0,0,105
11603,0,23229802631,23229802508,0,0,123
11604,0,23231805307,23231805179,0,0,128
11605,0,23233807302,23233807164,0,0,138
11606,0,23235809260,23235809157,0,0,103
11607,0,23237811112,23237810979,0,0,132
11608,0,23239814063,23239813921,0,0,142
11609,0,23241816780,23241816624,0,0,155
11610,0,23243819391,23243819268,0,0,122
11611,0,23245821287,23245821141,0,0,146
11612,0,23247822769,23247822637,0,0,132
11613,0,23249825060,23249824941,0,0,118
11614,0,23251826959,23251826874,0,0,84
11615,0,23253829607,23253829500,0,0,107
11616,0,23255831390,23255831304,0,0,85
11617,0,23257833393,23257833289,0,0,104
11618,0,23259836205,23259836121,0,0,84
11619,0,23261837835,23261837725,0,0,110
11620,0,23263840830,23263840726,0,0,103
11621,0,23265842631,23265842490,0,0,141
11622,0,23267845434,23267845329,0,0,105
11623,0,23269846919,23269846788,0,0,131
11624,0,23271849538,23271849433,0,0,104
11625,0,23273851615,23273851481,0,0,134
11626,0,23275853933,23275853827,0,0,105
11627,0,23277857383,23277857244,0,0,138
11628,0,23279857785,23279857664,0,0,121
11629,0,23281860405,23281860296,0,0,108
11630,0,23283864268,23283864164,0,0,104
11631,0,23285866534,23285866412,0,0,122
11632,0,23287867898,23287867759,0,0,138
11633,0,23289869600,23289869460,0,0,140
11634,0,23291871220,23291871099,0,0,121
11635,0,23293874373,23293874245,0,0,127
11636,0,23295876148,23295876036,0,0,112
11637,0,23297878365,23297878234,0,0,130
11638,0,23299880008,23299879923,0,0,85
11639,0,23301881355,23301881235,0,0,119
11640,0,23303884829,23303884826,0,0,2
11641,0,23305886752,23305886611,0,0,140
11642,0,23307889773,23307889650,0,0,123
11643,0,23309891742,23309891597,0,0,144
11644,0,23311893413,23311893296,0,0,116
11645,0,23313896125,23313895986,0,0,139
11646,0,23315898280,23315898176,0,0,104
11647,0,23317901093,23317900966,0,0,126
11648,0,23319903836,23319903722,0,0,114
11649,0,23321905810,23321905685,0,0,124
11650,0,23323907194,23323907088,0,0,105
11651,0,23325909468,23325909351,0,0,116
11652,0,23327911865,23327911762,0,0,102
11653,0,23329914596,23329914478,0,0,118
11654,0,23331917084,23331916983,0,0,101
11655,0,23333918004,23333917898,0,0,105
11656,0,23335920491,23335920382,0,0,108
11657,0,23337922839,23337922723,0,0,116
11658,0,23339925435,23339925348,0,0,86
11659,0,23341928123,23341927996,0,0,126
11660,0,23343929440,23343929335,0,0,104
11661,0,23345932254,23345932139,0,0,115
11662,0,23347934733,23347934645,0,0,87
11663,0,23349936038,23349935921,0,0,116
11664,0,23351938385,23351938274,0,0,110
11665,0,23353941069,23353940956,0,0,112
11666,0,23355943433,23355943327,0,0,106
11667,0,23357944986,23357944873,0,0,112
11668,0,23359947597,23359947494,0,0,102
11669,0,23361951081,23361950977,0,0,104
11670,0,23363952607,23363952503,0,0,104
11671,0,23365953983,23365953874,0,0,108
11672,0,23367956157,23367956038,0,0,118
11673,0,23369958692,23369958609,0,0,83
11674,0,23371961094,23371960990,0,0,104
11675,0,23373964197,23373964093,0,0,104
11676,0,23375966054,23375965966,0,0,87
11677,0,23377969670,23377969539,0,0,130
11678,0,23379969223,23379969135,0,0,87
11679,0,23381971930,23381971812,0,0,118
11680,0,23383974315,23383974211,0,0,104
11681,0,23385976700,23385976588,0,0,112
11682,0,23387979534,23387979422,0,0,112
11683,0,23389980860,23389980723,0,0,137
11684,0,23391983035,23391982921,0,0,114
11685,0,23393985844,23393985717,0,0,127
11686,0,23395988548,23395988494,0,0,53
11687,0,23397989339,23397989257,0,0,82
11688,0,23399992322,23399992208,0,0,114
11689,0,23401993900,23401993791,0,0,108
11690,0,23403996825,23403996720,0,0,105
11691,0,23405999852,23405999749,0,0,103
11692,0,23408000793,23408000691,0,0,102
11693,0,23410003327,23410003186,0,0,141
11694,0,23412005092,23412004988,0,0,103
11695,0,23414007239,23414007103,0,0,136
11696,0,23416009865,23416009752,0,0,112
11697,0,23418011649,23418011532,0,0,117
11698,0,23420014245,23420014130,0,0,114
11699,0,23422016030,23422015903,0,0,126
11700,0,23424018447,23424018316,0,0,130
11701,0,23426021148,23426021024,0,0,124
11702,0,23428023557,23428023480,0,0,76
11703,0,23430024832,23430024705,0,0,126
11704,0,23432027018,23432026930,0,0,88
11705,0,23434029294,23434029178,0,0,115
11706,0,23436032123,23436032011,0,0,112
11707,0,23438034317,23438034204,0,0,112
11708,0,23440037312,23440037207,0,0,105
11709,0,23442038123,23442037971,0,0,152
11710,0,23444041132,23444041008,0,0,124
11711,0,23446043265,23446043125,0,0,139
11712,0,23448045117,23448045011,0,0,106
11713,0,23450046635,23450046496,0,0,138
11714,0,23452048633,23452048554,0,0,78
11715,0,23454051411,23454051296,0,0,114
11716,0,23456054417,23456054287,0,0,130
11717,0,23458056780,23458056658,0,0,122
11718,0,23460059512,23460059428,0,0,83
11719,0,23462060414,23462060297,0,0,116
11720,0,23464062853,23464062775,0,0,77
11721,0,23466065111,23466065001,0,0,110
11722,0,23468067777,23468067698,0,0,78
11723,0,23470070274,23470070170,0,0,103
11724,0,23472071842,23472071718,0,0,123
11725,0,23474074871,23474074738,0,0,132
11726,0,23476077974,23476077864,0,0,110
11727,0,23478081065,23478080952,0,0,113
11728,0,23480081166,23480081036,0,0,130
11729,0,23482082676,23482082562,0,0,114
11730,0,23484085155,23484085031,0,0,124
11731,0,23486087289,23486087144,0,0,144
11732,0,23488090035,23488089919,0,0,116
11733,0,23490091806,23490091663,0,0,142
11734,0,23492094018,23492093893,0,0,125
11735,0,23494096208,23494096056,0,0,152
11736,0,23496098597,23496098429,0,0,168
11737,0,23498100837,23498100685,0,0,151
11738,0,23500104217,23500104073,0,0,143
11739,0,23502106355,23502106193,0,0,162
11740,0,23504107325,23504107177,0,0,148
11741,0,23506109349,23506109200,0,0,148
11742,0,23508111752,23508111643,0,0,108
11743,0,23510114348,23510114215,0,0,132
11744,0,23512116176,23512116059,0,0,116
11745,0,23514119379,23514119221,0,0,158
11746,0,23516121890,23516121762,0,0,128
11747,0,23518123994,23518123860,0,0,134
11748,0,23520125325,23520125182,0,0,143
11749,0,23522127740,23522127586,0,0,154
11750,0,23524130099,23524129982,0,0,117
11751,0,23526131912,23526131785,0,0,127
11752,0,23528134564,23528134429,0,0,134
11753,0,23530136819,23530136671,0,0,147
11754,0,23532139542,23532139439,0,0,103
11755,0,23534142062,23534141923,0,0,139
11756,0,23536143051,23536142913,0,0,138
11757,0,23538146801,23538146652,0,0,148
11758,0,23540149994,23540149887,0,0,106
11759,0,23542149816,23542149702,0,0,114
11760,0,23544152265,23544152131,0,0,134
11761,0,23546154247,23546154100,0,0,146
11762,0,23548156402,23548156320,0,0,82
11763,0,23550158573,23550158430,0,0,142
11764,0,23552161455,23552161325,0,0,130
11765,0,23554163876,23554163754,0,0,121
11766,0,23556166595,23556166514,0,0,80
11767,0,23558167343,23558167211,0,0,132
11768,0,23560169629,23560169516,0,0,112
11769,0,23562172101,23562171986,0,0,114
11770,0,23564174258,23564174147,0,0,111
11771,0,23566176096,23566175975,0,0,120
11772,0,23568178581,23568178448,0,0,132
11773,0,23570181305,23570181201,0,0,103
11774,0,23572182991,23572182886,0,0,104
11775,0,23574185179,23574185056,0,0,122
11776,0,23576188158,23576188027,0,0,130
11777,0,23578191869,23578191750,0,0,119
11778,0,23580191871,23580191767,0,0,104
11779,0,23582193763,23582193640,0,0,122
11780,0,23584196811,23584196699,0,0,112
11781,0,23586198795,23586198691,0,0,103
11782,0,23588201415,23588201316,0,0,98
11783,0,23590203768,23590203657,0,0,110
11784,0,23592205069,23592204984,0,0,85
11785,0,23594208357,23594208246,0,0,110
11786,0,23596210251,23596210149,0,0,102
11787,0,23598213734,23598213627,0,0,106
11788,0,23600215284,23600215182,0,0,102
11789,0,23602217204,23602217095,0,0,108
11790,0,23604219170,23604219098,0,0,71
11791,0,23606221027,23606220927,0,0,100
11792,0,23608223292,23608223183,0,0,108
11793,0,23610225150,23610225037,0,0,113
11794,0,23612228091,23612227973,0,0,118
11795,0,23614230529,23614230408,0,0,121
11796,0,23616232487,23616232381,0,0,106
11797,0,23618233949,23618233831,0,0,117
11798,0,23620236304,23620236187,0,0,116
11799,0,23622238392,23622238281,0,0,110
11800,0,23624241095,23624240983,0,0,112
11801,0,23626243213,23626243111,0,0,102
11802,0,23628245831,23628245726,0,0,104
11803,0,23630248449,23630248340,0,0,108
11804,0,23632249771,23632249661,0,0,110
11805,0,23634252925,23634252817,0,0,107
11806,0,23636254447,23636254373,0,0,74
11807,0,23638256905,23638256797,0,0,107
11808,0,23640259568,23640259492,0,0,76
11809,0,23642260946,23642260820,0,0,125
11810,0,23644263267,23644263189,0,0,78
11811,0,23646265464,23646265388,0,0,75
11812,0,23648267608,23648267487,0,0,121
11813,0,23650269531,23650269410,0,0,121
11814,0,23652272036,23652271905,0,0,130
11815,0,23654274473,23654274397,0,0,75
11816,0,23656276382,23656276258,0,0,123
11817,0,23658279307,23658279200,0,0,106
11818,0,23660281812,23660281695,0,0,116
11819,0,23662283089,23662282975,0,0,114
11820,0,23664285941,23664285838,0,0,102
11821,0,23666288591,23666288474,0,0,117
11822,0,23668289573,23668289492,0,0,80
11823,0,23670292492,23670292379,0,0,112
11824,0,23672294952,23672294839,0,0,113
11825,0,23674296393,23674296249,0,0,143
11826,0,23676298577,23676298501,0,0,75
11827,0,23678301997,23678301878,0,0,119
11828,0,23680303197,23680303098,0,0,98
11829,0,23682305530,23682305399,0,0,131
11830,0,23684307575,23684307461,0,0,114
11831,0,23686309659,23686309532,0,0,126
11832,0,23688311696,23688311582,0,0,114
11833,0,23690313806,23690313692,0,0,114
11834,0,23692316852,23692316743,0,0,108
11835,0,23694318893,23694318755,0,0,138
11836,0,23696320979,23696320862,0,0,116
11837,0,23698323376,23698323233,0,0,142
11838,0,23700325365,23700325256,0,0,108
11839,0,23702327662,23702327525,0,0,137
11840,0,23704329611,23704329500,0,0,110
11841,0,23706332109,23706331979,0,0,129
11842,0,23708333950,23708333896,0,0,53
11843,0,23710336482,23710336361,0,0,120
11844,0,23712340145,23712340022,0,0,122
11845,0,23714341932,23714341793,0,0,139
11846,0,23716344441,23716344323,0,0,117
11847,0,23718345359,23718345222,0,0,136
11848,0,23720348164,23720348055,0,0,108
11849,0,23722350761,23722350630,0,0,130
11850,0,23724352240,23724352134,0,0,105
11851,0,23726354092,23726353981,0,0,110
11852,0,23728357012,23728356901,0,0,110
11853,0,23730359310,23730359132,0,0,177
11854,0,23732361076,23732360968,0,0,107
11855,0,23734363922,23734363786,0,0,136
11856,0,23736366051,23736365910,0,0,141
11857,0,23738368195,23738368041,0,0,154
11858,0,23740370787,23740370664,0,0,123
11859,0,23742371857,23742371707,0,0,150
11860,0,23744375011,23744374867,0,0,144
11861,0,23746377458,23746377325,0,0,132
11862,0,23748378915,23748378832,0,0,83
11863,0,23750382247,23750382121,0,0,126
11864,0,23752383418,23752383291,0,0,127
11865,0,23754385067,23754384943,0,0,123
11866,0,23756388067,23756387950,0,0,116
11867,0,23758390072,23758389930,0,0,142
11868,0,23760391991,23760391871,0,0,120
11869,0,23762394075,23762393952,0,0,123
11870,0,23764397031,23764396928,0,0,103
11871,0,23766399375,23766399223,0,0,151
11872,0,23768402602,23768402453,0,0,148
11873,0,23770403241,23770403088,0,0,152
11874,0,23772405421,23772405299,0,0,121
11875,0,23774407541,23774407404,0,0,136
11876,0,23776410969,23776410843,0,0,125
11877,0,23778414591,23778414420,0,0,170
11878,0,23780414976,23780414876,0,0,100
11879,0,23782417369,23782417231,0,0,138
11880,0,23784419198,23784419049,0,0,148
11881,0,23786421051,23786420894,0,0,157
11882,0,23788423494,23788423360,0,0,134
11883,0,23790426416,23790426269,0,0,146
11884,0,23792427768,23792427623,0,0,144
11885,0,23794430269,23794430159,0,0,110
11886,0,23796432090,23796431943,0,0,147
11887,0,23798435133,23798435018,0,0,114
11888,0,23800437268,23800437168,0,0,99
11889,0,23802438494,23802438375,0,0,119
11890,0,23804440847,23804440730,0,0,116
11891,0,23806443121,23806442992,0,0,128
11892,0,23808445583,23808445470,0,0,112
11893,0,23810447824,23810447643,0,0,180
11894,0,23812450165,23812450084,0,0,80
11895,0,23814452411,23814452282,0,0,128
11896,0,23816455152,23816454988,0,0,164
11897,0,23818458159,23818458015,0,0,144
11898,0,23820460323,23820460189,0,0,134
11899,0,23822461914,23822461769,0,0,144
11900,0,23824463577,23824463458,0,0,119
11901,0,23826465755,23826465644,0,0,110
11902,0,23828468788,23828468666,0,0,122
11903,0,23830470554,23830470471,0,0,82
11904,0,23832473456,23832473338,0,0,118
11905,0,23834474431,23834474318,0,0,112
11906,0,23836476727,23836476624,0,0,103
11907,0,23838478598,23838478487,0,0,111
11908,0,23840481269,23840481185,0,0,84
11909,0,23842484276,23842484138,0,0,138
11910,0,23844487062,23844486976,0,0,86
11911,0,23846489168,23846489053,0,0,114
11912,0,23848490046,23848489959,0,0,86
11913,0,23850492021,23850491911,0,0,110
11914,0,23852494556,23852494488,0,0,67
11915,0,23854496417,23854496289,0,0,128
11916,0,23856498597,23856498475,0,0,122
11917,0,23858501733,23858501596,0,0,137
11918,0,23860504507,23860504431,0,0,76
11919,0,23862506325,23862506185,0,0,140
11920,0,23864509341,23864509206,0,0,134
11921,0,23866510516,23866510393,0,0,123
11922,0,23868512197,23868512111,0,0,86
11923,0,23870514234,23870514119,0,0,115
11924,0,23872517213,23872517084,0,0,128
11925,0,23874519523,23874519400,0,0,123
11926,0,23876520945,23876520840,0,0,105
11927,0,23878524820,23878524746,0,0,74
11928,0,23880525407,23880525288,0,0,119
11929,0,23882527874,23882527735,0,0,138
11930,0,23884530076,23884529975,0,0,101
11931,0,23886532956,23886532838,0,0,117
11932,0,23888534585,23888534444,0,0,141
11933,0,23890537027,23890536898,0,0,128
11934,0,23892538784,23892538664,0,0,120
11935,0,23894541674,23894541552,0,0,122
11936,0,23896544397,23896544284,0,0,112
11937,0,23898545813,23898545705,0,0,107
11938,0,23900548177,23900548060,0,0,116
11939,0,23902550671,23902550541,0,0,130
11940,0,23904553544,23904553427,0,0,116
11941,0,23906555993,23906555856,0,0,137
11942,0,23908557289,23908557200,0,0,88
11943,0,23910559207,23910559103,0,0,103
11944,0,23912561055,23912560968,0,0,87
11945,0,23914563626,23914563499,0,0,127
11946,0,23916566267,23916566153,0,0,114
11947,0,23918568721,23918568620,0,0,101
11948,0,23920570606,23920570497,0,0,108
11949,0,23922573656,23922573520,0,0,136
11950,0,23924574802,23924574696,0,0,105
11951,0,23926576991,23926576869,0,0,122
11952,0,23928578685,23928578561,0,0,124
11953,0,23930581134,23930581006,0,0,128
11954,0,23932583359,23932583257,0,0,101
11955,0,23934585103,23934584999,0,0,104
11956,0,23936587020,23936586906,0,0,114
11957,0,23938589889,23938589784,0,0,105
11958,0,23940592461,23940592334,0,0,127
11959,0,23942595090,23942594988,0,0,102
11960,0,23944597909,23944597820,0,0,89
11961,0,23946599289,23946599182,0,0,107
11962,0,23948600916,23948600831,0,0,84
11963,0,23950603582,23950603477,0,0,104
11964,0,23952605541,23952605448,0,0,92
11965,0,23954607673,23954607536,0,0,137
11966,0,23956610150,23956610029,0,0,120
11967,0,23958612101,23958611955,0,0,146
11968,0,23960615265,23960615143,0,0,121
11969,0,23962618223,23962618107,0,0,116
11970,0,23964618878,23964618756,0,0,121
11971,0,23966621430,23966621303,0,0,127
11972,0,23968624478,23968624350,0,0,128
11973,0,23970626591,23970626420,0,0,170
11974,0,23972627989,23972627855,0,0,134
11975,0,23974629880,23974629718,0,0,162
11976,0,23976632491,23976632342,0,0,148
11977,0,23978635786,23978635647,0,0,139
11978,0,23980636981,23980636878,0,0,102
11979,0,23982638908,23982638759,0,0,148
11980,0,23984642652,23984642530,0,0,122
11981,0,23986644071,23986643957,0,0,114
11982,0,23988646453,23988646363,0,0,90
11983,0,23990648427,23990648285,0,0,142
11984,0,23992651341,23992651200,0,0,141
11985,0,23994652382,23994652227,0,0,154
11986,0,23996654788,23996654666,0,0,122
11987,0,23998656447,23998656319,0,0,128
11988,0,24000659606,24000659480,0,0,126
11989,0,24002662138,24002661993,0,0,145
11990,0,24004663487,24004663377,0,0,110
11991,0,24006665854,24006665729,0,0,125
11992,0,24008668065,24008667931,0,0,134
11993,0,24010669868,24010669747,0,0,121
11994,0,24012672540,24012672430,0,0,110
11995,0,24014674823,24014674700,0,0,123
11996,0,24016677093,24016676975,0,0,118
11997,0,24018679189,24018679040,0,0,148
11998,0,24020681817,24020681698,0,0,119
11999,0,24022684588,24022684440,0,0,148
12000,0,24024686680,24024686562,0,0,118
12001,0,24026689047,24026688908,0,0,138
12002,0,24028690089,24028689997,0,0,92
12003,0,24030692762,24030692614,0,0,148
12004,0,24032695487,24032695343,0,0,143
12005,0,24034698384,24034698267,0,0,116
12006,0,24036699966,24036699879,0,0,86
12007,0,24038701373,24038701266,0,0,107
12008,0,24040703104,24040703000,0,0,104
12009,0,24042705575,24042705442,0,0,132
12010,0,24044708058,24044707958,0,0,99
12011,0,24046710322,24046710195,0,0,126
12012,0,24048712713,24048712568,0,0,145
12013,0,24050714658,24050714505,0,0,152
12014,0,24052717424,24052717268,0,0,156
12015,0,24054720377,24054720231,0,0,146
12016,0,24056721520,24056721371,0,0,148
12017,0,24058723607,24058723452,0,0,155
12018,0,24060726385,24060726302,0,0,83
12019,0,24062728786,24062728634,0,0,152
12020,0,24064730914,24064730757,0,0,156
12021,0,24066734635,24066734487,0,0,148
12022,0,24068735814,24068735728,0,0,86
12023,0,24070736921,24070736800,0,0,120
12024,0,24072739143,24072739054,0,0,88
12025,0,24074740916,24074740768,0,0,147
12026,0,24076744171,24076744058,0,0,113
12027,0,24078748169,24078748022,0,0,146
12028,0,24080747680,24080747540,0,0,140
12029,0,24082750281,24082750153,0,0,128
12030,0,24084752785,24084752668,0,0,116
12031,0,24086754728,24086754615,0,0,112
12032,0,24088757907,24088757803,0,0,104
12033,0,24090759472,24090759361,0,0,111
12034,0,24092760929,24092760825,0,0,103
12035,0,24094765004,24094764897,0,0,107
12036,0,24096766456,24096766345,0,0,110
12037,0,24098769579,24098769467,0,0,111
12038,0,24100770835,24100770723,0,0,112
12039,0,24102772436,24102772305,0,0,131
12040,0,24104774125,24104773995,0,0,130
12041,0,24106776664,24106776541,0,0,123
12042,0,24108780525,24108780421,0,0,104
12043,0,24110781483,24110781355,0,0,128
12044,0,24112783663,24112783521,0,0,142
12045,0,24114786370,24114786265,0,0,105
12046,0,24116789107,24116788979,0,0,128
12047,0,24118790186,24118790067,0,0,119
12048,0,24120792381,24120792253,0,0,128
12049,0,24122794946,24122794831,0,0,115
12050,0,24124797346,24124797233,0,0,112
12051,0,24126799157,24126799018,0,0,138
12052,0,24128801565,24128801444,0,0,120
12053,0,24130803575,24130803444,0,0,131
12054,0,24132805876,24132805782,0,0,94
12055,0,24134808029,24134807907,0,0,121
12056,0,24136810215,24136810091,0,0,123
12057,0,24138813583,24138813455,0,0,128
12058,0,24140815230,24140815121,0,0,108
12059,0,24142818466,24142818345,0,0,121
12060,0,24144818924,24144818815,0,0,108
12061,0,24146821712,24146821573,0,0,138
12062,0,24148824095,24148824028,0,0,67
12063,0,24150825789,24150825690,0,0,98
12064,0,24152828423,24152828298,0,0,124
12065,0,24154830119,24154830014,0,0,104
12066,0,24156832683,24156832584,0,0,98
12067,0,24158834948,24158834835,0,0,113
12068,0,24160837211,24160837088,0,0,123
12069,0,24162839897,24162839773,0,0,124
12070,0,24164842859,24164842741,0,0,117
12071,0,24166843741,24166843627,0,0,114
12072,0,24168845341,24168845262,0,0,78
12073,0,24170846845,24170846698,0,0,146
12074,0,24172850314,24172850229,0,0,85
12075,0,24174852469,24174852342,0,0,127
12076,0,24176855214,24176855088,0,0,125
12077,0,24178860029,24178859886,0,0,143
12078,0,24180860546,24180860458,0,0,87
12079,0,24182861475,24182861374,0,0,101
12080,0,24184863365,24184863251,0,0,113
12081,0,24186865685,24186865576,0,0,108
12082,0,24188868208,24188868097,0,0,110
12083,0,24190870386,24190870261,0,0,124
12084,0,24192873302,24192873180,0,0,121
12085,0,24194875809,24194875700,0,0,109
12086,0,24196876921,24196876808,0,0,112
12087,0,24198879352,24198879248,0,0,104
12088,0,24200881529,24200881404,0,0,124
12089,0,24202884049,24202883924,0,0,124
12090,0,24204886168,24204886056,0,0,112
12091,0,24206888323,24206888184,0,0,139
12092,0,24208890496,24208890393,0,0,102
12093,0,24210892887,24210892708,0,0,178
12094,0,24212894876,24212894760,0,0,115
12095,0,24214897215,24214897076,0,0,138
12096,0,24216900528,24216900380,0,0,148
12097,0,24218901406,24218901249,0,0,157
12098,0,24220903577,24220903448,0,0,128
12099,0,24222906242,24222906094,0,0,148
12100,0,24224908516,24224908378,0,0,138
12101,0,24226910364,24226910217,0,0,146
12102,0,24228912347,24228912229,0,0,118
12103,0,24230914922,24230914798,0,0,123
12104,0,24232917020,24232916879,0,0,141
12105,0,24234919864,24234919746,0,0,118
12106,0,24236922901,24236922797,0,0,104
12107,0,24238923665,24238923544,0,0,120
12108,0,24240925867,24240925736,0,0,131
12109,0,24242928807,24242928667,0,0,140
12110,0,24244931231,24244931153,0,0,77
12111,0,24246933029,24246932894,0,0,134
12112,0,24248935026,24248934904,0,0,122
12113,0,24250936644,24250936524,0,0,120
12114,0,24252939487,24252939382,0,0,104
12115,0,24254941888,24254941767,0,0,121
12116,0,24256945344,24256945218,0,0,125
12117,0,24258947116,24258946974,0,0,142
12118,0,24260948414,24260948274,0,0,140
12119,0,24262950526,24262950397,0,0,128
12120,0,24264952561,24264952415,0,0,146
12121,0,24266955417,24266955285,0,0,132
12122,0,24268958361,24268958235,0,0,125
12123,0,24270959441,24270959312,0,0,128
12124,0,24272961759,24272961653,0,0,106
12125,0,24274963759,24274963628,0,0,131
12126,0,24276965477,24276965359,0,0,118
12127,0,24278968810,24278968673,0,0,137
12128,0,24280970072,24280969959,0,0,112
12129,0,24282972770,24282972624,0,0,146
12130,0,24284974956,24284974828,0,0,128
12131,0,24286977556,24286977449,0,0,106
12132,0,24288980047,24288979920,0,0,126
12133,0,24290982835,24290982694,0,0,141
12134,0,24292983534,24292983393,0,0,140
12135,0,24294986003,24294985862,0,0,140
12136,0,24296989239,24296989132,0,0,106
12137,0,24298990656,24298990539,0,0,116
12138,0,24300993604,24300993470,0,0,133
12139,0,24302995472,24302995332,0,0,140
12140,0,24304997176,24304997031,0,0,144
12141,0,24307000087,24306999964,0,0,122
12142,0,24309002394,24309002265,0,0,128
12143,0,24311003518,24311003373,0,0,144
12144,0,24313005969,24313005826,0,0,142
12145,0,24315007860,24315007715,0,0,144
12146,0,24317010575,24317010467,0,0,107
12147,0,24319012593,24319012451,0,0,142
12148,0,24321015373,24321015231,0,0,142
12149,0,24323017411,24323017254,0,0,157
12150,0,24325019216,24325019109,0,0,107
12151,0,24327021686,24327021538,0,0,148
12152,0,24329024676,24329024573,0,0,103
12153,0,24331027512,24331027361,0,0,150
12154,0,24333028635,24333028492,0,0,143
12155,0,24335031447,24335031312,0,0,134
12156,0,24337032961,24337032815,0,0,145
12157,0,24339034920,24339034773,0,0,146
12158,0,24341037630,24341037503,0,0,126
12159,0,24343039408,24343039294,0,0,114
12160,0,24345041642,24345041539,0,0,103
12161,0,24347043239,24347043092,0,0,146
12162,0,24349045136,24349045020,0,0,116
12163,0,24351047733,24351047601,0,0,132
12164,0,24353050088,24353049966,0,0,122
12165,0,24355054317,24355054170,0,0,146
12166,0,24357055444,24357055321,0,0,122
12167,0,24359055761,24359055631,0,0,130
12168,0,24361059428,24361059284,0,0,143
12169,0,24363061847,24363061809,0,0,38
12170,0,24365064674,24365064569,0,0,104
12171,0,24367067022,24367066896,0,0,126
12172,0,24369068642,24369068518,0,0,124
12173,0,24371071445,24371071314,0,0,131
12174,0,24373074831,24373074729,0,0,101
12175,0,24375075522,24375075415,0,0,106
12176,0,24377078238,24377078124,0,0,114
12177,0,24379080785,24379080656,0,0,128
12178,0,24381082561,24381082447,0,0,114
12179,0,24383084981,24383084864,0,0,116
12180,0,24385086996,24385086874,0,0,122
12181,0,24387089460,24387089343,0,0,116
12182,0,24389091549,24389091444,0,0,104
12183,0,24391093821,24391093722,0,0,98
12184,0,24393095110,24393094966,0,0,144
12185,0,24395097479,24395097338,0,0,141
12186,0,24397099753,24397099647,0,0,106
12187,0,24399101653,24399101524,0,0,128
12188,0,24401104093,24401103973,0,0,119
12189,0,24403106220,24403106098,0,0,121
12190,0,24405108260,24405108188,0,0,71
12191,0,24407110764,24407110658,0,0,105
12192,0,24409112963,24409112874,0,0,88
12193,0,24411115157,24411115047,0,0,110
12194,0,24413117438,24413117334,0,0,103
12195,0,24415119280,24415119177,0,0,102
12196,0,24417122258,24417122148,0,0,110
12197,0,24419125253,24419125129,0,0,124
12198,0,24421126415,24421126296,0,0,119
12199,0,24423128253,24423128147,0,0,105
12200,0,24425130808,24425130705,0,0,103
12201,0,24427133058,24427132954,0,0,104
12202,0,24429135650,24429135575,0,0,74
12203,0,24431138205,24431138095,0,0,110
12204,0,24433139775,24433139662,0,0,112
12205,0,24435141692,24435141556,0,0,136
12206,0,24437144283,24437144146,0,0,137
12207,0,24439146497,24439146381,0,0,116
12208,0,24441148989,24441148849,0,0,140
12209,0,24443150635,24443150502,0,0,133
12210,0,24445153099,24445152964,0,0,135
12211,0,24447155373,24447155256,0,0,116
12212,0,24449158026,24449157901,0,0,125
12213,0,24451162252,24451162137,0,0,114
12214,0,24453163458,24453163350,0,0,108
12215,0,24455164637,24455164521,0,0,116
12216,0,24457166305,24457166221,0,0,84
12217,0,24459168260,24459168176,0,0,84
12218,0,24461171382,24461171298,0,0,83
12219,0,24463173679,24463173558,0,0,121
12220,0,24465175740,24465175632,0,0,107
12221,0,24467176953,24467176813,0,0,140
12222,0,24469180550,24469180469,0,0,80
12223,0,24471183007,24471182876,0,0,130
12224,0,24473184195,24473184083,0,0,112
12225,0,24475186202,24475186065,0,0,137
12226,0,24477188688,24477188611,0,0,76
12227,0,24479191734,24479191593,0,0,141
12228,0,24481193402,24481193273,0,0,128
12229,0,24483196296,24483196141,0,0,154
12230,0,24485197851,24485197713,0,0,138
12231,0,24487199614,24487199490,0,0,123
12232,0,24489202973,24489202868,0,0,104
12233,0,24491204429,24491204314,0,0,114
12234,0,24493206862,24493206745,0,0,116
12235,0,24495209310,24495209181,0,0,129
12236,0,24497210986,24497210868,0,0,118
12237,0,24499213742,24499213604,0,0,138
12238,0,24501216768,24501216621,0,0,147
12239,0,24503218592,24503218458,0,0,134
12240,0,24505219514,24505219373,0,0,141
12241,0,24507221919,24507221782,0,0,137
12242,0,24509224320,24509224233,0,0,86
12243,0,24511226847,24511226728,0,0,118
12244,0,24513230105,24513229948,0,0,156
12245,0,24515231916,24515231763,0,0,152
12246,0,24517232934,24517232829,0,0,104
12247,0,24519235064,24519234919,0,0,145
12248,0,24521237635,24521237458,0,0,176
12249,0,24523239514,24523239387,0,0,127
12250,0,24525242507,24525242377,0,0,130
12251,0,24527245552,24527245445,0,0,106
12252,0,24529246389,24529246255,0,0,134
12253,0,24531249942,24531249786,0,0,156
12254,0,24533251052,24533250926,0,0,125
12255,0,24535253236,24535253092,0,0,143
12256,0,24537255074,24537254951,0,0,122
12257,0,24539257053,24539256907,0,0,146
12258,0,24541259578,24541259453,0,0,124
12259,0,24543261772,24543261644,0,0,128
12260,0,24545264466,24545264325,0,0,141
12261,0,24547266251,24547266121,0,0,130
12262,0,24549268819,24549268698,0,0,121
12263,0,24551270389,24551270245,0,0,143
12264,0,24553272831,24553272752,0,0,79
12265,0,24555275208,24555275079,0,0,128
12266,0,24557278159,24557278056,0,0,102
12267,0,24559280674,24559280548,0,0,125
12268,0,24561281714,24561281594,0,0,120
12269,0,24563284366,24563284242,0,0,123
12270,0,24565286773,24565286650,0,0,123
12271,0,24567288104,24567287977,0,0,126
12272,0,24569290946,24569290824,0,0,122
12273,0,24571293397,24571293253,0,0,144
12274,0,24573295577,24573295467,0,0,110
12275,0,24575297173,24575297059,0,0,114
12276,0,24577300211,24577300087,0,0,123
12277,0,24579304094,24579303961,0,0,133
12278,0,24581304127,24581304040,0,0,86
12279,0,24583306594,24583306478,0,0,116
12280,0,24585308567,24585308489,0,0,78
12281,0,24587310564,24587310447,0,0,117
12282,0,24589313092,24589312991,0,0,101
12283,0,24591315399,24591315282,0,0,116
12284,0,24593317687,24593317581,0,0,105
12285,0,24595319917,24595319775,0,0,141
12286,0,24597321981,24597321878,0,0,102
12287,0,24599324346,24599324228,0,0,117
12288,0,24601326114,24601325995,0,0,118
12289,0,24603328937,24603328796,0,0,140
12290,0,24605330691,24605330577,0,0,114
12291,0,24607333698,24607333566,0,0,132
12292,0,24609335696,24609335549,0,0,146
12293,0,24611337651,24611337503,0,0,147
12294,0,24613339335,24613339191,0,0,143
12295,0,24615341854,24615341710,0,0,144
12296,0,24617343917,24617343773,0,0,143
12297,0,24619345946,24619345797,0,0,148
12298,0,24621348854,24621348730,0,0,124
12299,0,24623350731,24623350586,0,0,144
12300,0,24625353181,24625353051,0,0,129
12301,0,24627356195,24627356069,0,0,126
12302,0,24629358251,24629358146,0,0,104
12303,0,24631360078,24631359951,0,0,126
12304,0,24633362242,24633362095,0,0,147
12305,0,24635364768,24635364665,0,0,103
12306,0,24637367442,24637367360,0,0,82
12307,0,24639368431,24639368285,0,0,146
12308,0,24641371251,24641371132,0,0,118
12309,0,24643373453,24643373322,0,0,130
12310,0,24645376139,24645376022,0,0,116
12311,0,24647377791,24647377665,0,0,126
12312,0,24649379786,24649379646,0,0,140
12313,0,24651381463,24651381350,0,0,112
12314,0,24653384741,24653384616,0,0,124
12315,0,24655387617,24655387485,0,0,132
12316,0,24657388477,24657388358,0,0,119
12317,0,24659390705,24659390582,0,0,122
12318,0,24661393190,24661393103,0,0,86
12319,0,24663396137,24663396053,0,0,83
12320,0,24665398995,24665398909,0,0,85
12321,0,24667399122,24667399022,0,0,100
12322,0,24669400770,24669400663,0,0,107
12323,0,24671404262,24671404134,0,0,127
12324,0,24673406841,24673406735,0,0,105
12325,0,24675408587,24675408465,0,0,122
12326,0,24677410955,24677410829,0,0,125
12327,0,24679414406,24679414300,0,0,106
12328,0,24681415442,24681415328,0,0,114
12329,0,24683417889,24683417765,0,0,123
12330,0,24685421290,24685421182,0,0,107
12331,0,24687422759,24687422647,0,0,112
12332,0,24689424239,24689424146,0,0,92
12333,0,24691427065,24691426977,0,0,88
12334,0,24693430102,24693430004,0,0,98
12335,0,24695431443,24695431355,0,0,87
12336,0,24697434035,24697433966,0,0,68
12337,0,24699434903,24699434800,0,0,102
12338,0,24701437474,24701437397,0,0,76
12339,0,24703439662,24703439555,0,0,107
12340,0,24705442485,24705442368,0,0,116
12341,0,24707444733,24707444582,0,0,151
12342,0,24709445476,24709445331,0,0,144
12343,0,24711448715,24711448579,0,0,135
12344,0,24713451401,24713451298,0,0,102
12345,0,24715453346,24715453206,0,0,139
12346,0,24717455709,24717455598,0,0,110
12347,0,24719457534,24719457408,0,0,125
12348,0,24721460008,24721459869,0,0,139
12349,0,24723462112,24723461978,0,0,134
12350,0,24725465555,24725465453,0,0,102
12351,0,24727466840,24727466728,0,0,112
12352,0,24729469042,24729468925,0,0,117
12353,0,24731471042,24731470905,0,0,137
12354,0,24733472951,24733472865,0,0,86
12355,0,24735475220,24735475084,0,0,135
12356,0,24737478367,24737478254,0,0,112
12357,0,24739481058,24739480926,0,0,132
12358,0,24741481789,24741481663,0,0,125
12359,0,24743484495,24743484387,0,0,107
12360,0,24745486363,24745486244,0,0,119
12361,0,24747488705,24747488568,0,0,137
12362,0,24749491158,24749491074,0,0,84
12363,0,24751493116,24751492977,0,0,139
12364,0,24753495435,24753495316,0,0,119
12365,0,24755498991,24755498860,0,0,130
12366,0,24757501231,24757501121,0,0,110
12367,0,24759502630,24759502517,0,0,112
12368,0,24761505246,24761505097,0,0,148
12369,0,24763507344,24763507231,0,0,112
12370,0,24765508821,24765508717,0,0,103
12371,0,24767510928,24767510806,0,0,121
12372,0,24769513443,24769513302,0,0,141
12373,0,24771515428,24771515283,0,0,144
12374,0,24773517391,24773517289,0,0,102
12375,0,24775519822,24775519671,0,0,150
12376,0,24777521940,24777521813,0,0,126
12377,0,24779525083,24779524955,0,0,128
12378,0,24781527087,24781526966,0,0,120
12379,0,24783529648,24783529502,0,0,146
12380,0,24785531094,24785530991,0,0,102
12381,0,24787533322,24787533200,0,0,122
12382,0,24789535458,24789535350,0,0,107
12383,0,24791537431,24791537312,0,0,119
12384,0,24793539806,24793539728,0,0,77
12385,0,24795541796,24795541649,0,0,147
12386,0,24797544368,24797544244,0,0,123
12387,0,24799546712,24799546602,0,0,110
12388,0,24801549032,24801548912,0,0,120
12389,0,24803552095,24803551957,0,0,138
12390,0,24805553449,24805553332,0,0,116
12391,0,24807555011,24807554845,0,0,165
12392,0,24809557913,24809557800,0,0,112
12393,0,24811560089,24811559975,0,0,114
12394,0,24813562903,24813562766,0,0,137
12395,0,24815565928,24815565797,0,0,130
12396,0,24817567915,24817567857,0,0,58
12397,0,24819569204,24819569076,0,0,128
12398,0,24821571198,24821571135,0,0,62
12399,0,24823573968,24823573860,0,0,108
12400,0,24825576004,24825575901,0,0,102
12401,0,24827576152,24827576022,0,0,130
12402,0,24829579741,24829579651,0,0,89
12403,0,24831581813,24831581696,0,0,117
12404,0,24833584584,24833584461,0,0,122
12405,0,24835586453,24835586330,0,0,123
12406,0,24837588658,24837588570,0,0,88
12407,0,24839590927,24839590798,0,0,128
12408,0,24841594659,24841594527,0,0,132
12409,0,24843595348,24843595222,0,0,125
12410,0,24845597640,24845597555,0,0,84
12411,0,24847599802,24847599675,0,0,127
12412,0,24849602419,24849602301,0,0,118
12413,0,24851604525,24851604370,0,0,155
12414,0,24853606499,24853606398,0,0,101
12415,0,24855609453,24855609349,0,0,103
12416,0,24857611997,24857611874,0,0,122
12417,0,24859613159,24859613024,0,0,134
12418,0,24861615498,24861615379,0,0,118
12419,0,24863618473,24863618332,0,0,141
12420,0,24865621517,24865621409,0,0,107
12421,0,24867623300,24867623166,0,0,134
12422,0,24869624206,24869624104,0,0,101
12423,0,24871627006,24871626882,0,0,123
12424,0,24873628406,24873628279,0,0,127
12425,0,24875630260,24875630134,0,0,125
12426,0,24877633838,24877633755,0,0,83
12427,0,24879638993,24879638879,0,0,114
12428,0,24881637945,24881637828,0,0,116
12429,0,24883640512,24883640348,0,0,164
12430,0,24885642861,24885642738,0,0,123
12431,0,24887644698,24887644573,0,0,124
12432,0,24889646372,24889646215,0,0,156
12433,0,24891649102,24891648973,0,0,128
12434,0,24893651208,24893651101,0,0,107
12435,0,24895654186,24895654054,0,0,132
12436,0,24897657253,24897657127,0,0,126
12437,0,24899658828,24899658715,0,0,112
12438,0,24901659635,24901659483,0,0,152
12439,0,24903662140,24903661996,0,0,143
12440,0,24905664409,24905664260,0,0,148
12441,0,24907666528,24907666372,0,0,156
12442,0,24909668898,24909668773,0,0,125
12443,0,24911670948,24911670784,0,0,164
12444,0,24913673912,24913673771,0,0,140
12445,0,24915676686,24915676557,0,0,128
12446,0,24917677916,24917677804,0,0,112
12447,0,24919681574,24919681433,0,0,141
12448,0,24921683514,24921683359,0,0,155
12449,0,24923684489,24923684391,0,0,98
12450,0,24925686669,24925686566,0,0,102
12451,0,24927689053,24927688949,0,0,104
12452,0,24929691551,24929691434,0,0,116
12453,0,24931693737,24931693608,0,0,128
12454,0,24933695453,24933695351,0,0,102
12455,0,24935697985,24935697872,0,0,112
12456,0,24937700510,24937700407,0,0,103
12457,0,24939702562,24939702459,0,0,103
12458,0,24941705134,24941705060,0,0,74
12459,0,24943707737,24943707616,0,0,120
12460,0,24945709202,24945709090,0,0,111
12461,0,24947711352,24947711211,0,0,140
12462,0,24949713343,24949713258,0,0,85
12463,0,24951715827,24951715706,0,0,121
12464,0,24953718041,24953717914,0,0,126
12465,0,24955719982,24955719867,0,0,114
12466,0,24957723469,24957723396,0,0,72
12467,0,24959724312,24959724200,0,0,112
12468,0,24961727226,24961727122,0,0,104
12469,0,24963729092,24963728985,0,0,107
12470,0,24965731213,24965731079,0,0,134
12471,0,24967733217,24967733098,0,0,118
12472,0,24969736267,24969736159,0,0,107
12473,0,24971739580,24971739463,0,0,116
12474,0,24973741582,24973741471,0,0,110
12475,0,24975743468,24975743342,0,0,125
12476,0,24977744874,24977744725,0,0,148
12477,0,24979748509,24979748370,0,0,138
12478,0,24981749509,24981749357,0,0,151
12479,0,24983751015,24983750894,0,0,120
12480,0,24985753375,24985753245,0,0,130
12481,0,24987755910,24987755779,0,0,130
12482,0,24989758265,24989758159,0,0,105
12483,0,24991759705,24991759568,0,0,136
12484,0,24993762964,24993762832,0,0,132
12485,0,24995765835,24995765707,0,0,128
12486,0,24997768150,24997768027,0,0,122
12487,0,24999768989,24999768852,0,0,137
12488,0,25001771600,25001771486,0,0,114
12489,0,25003773624,25003773469,0,0,154
12490,0,25005776070,25005775953,0,0,116
12491,0,25007777625,25007777485,0,0,140
12492,0,25009780345,25009780217,0,0,128
12493,0,25011783097,25011782997,0,0,100
12494,0,25013785289,25013785163,0,0,126
12495,0,25015786917,25015786791,0,0,126
12496,0,25017789086,25017788955,0,0,131
12497,0,25019790935,25019790812,0,0,123
12498,0,25021793656,25021793574,0,0,82
12499,0,25023795367,25023795240,0,0,126
12500,0,25025798680,25025798548,0,0,132
12501,0,25027800835,25027800705,0,0,130
12502,0,25029802395,25029802266,0,0,128
12503,0,25031804562,25031804454,0,0,107
12504,0,25033806813,25033806708,0,0,104
12505,0,25035810404,25035810260,0,0,143
12506,0,25037811549,25037811432,0,0,116
12507,0,25039813112,25039812991,0,0,121
12508,0,25041815737,25041815615,0,0,121
12509,0,25043818013,25043817904,0,0,108
12510,0,25045820441,25045820337,0,0,103
12511,0,25047822977,25047822854,0,0,122
12512,0,25049825617,25049825516,0,0,101
12513,0,25051826413,25051826289,0,0,124
12514,0,25053828768,25053828695,0,0,72
12515,0,25055831453,25055831335,0,0,118
12516,0,25057834589,25057834477,0,0,112
12517,0,25059837046,25059836936,0,0,110
12518,0,25061838066,25061837962,0,0,103
12519,0,25063840040,25063839934,0,0,105
12520,0,25065842666,25065842551,0,0,114
12521,0,25067845231,25067845122,0,0,108
12522,0,25069848916,25069848807,0,0,108
12523,0,25071849983,25071849850,0,0,132
12524,0,25073852219,25073852112,0,0,107
12525,0,25075856301,25075856175,0,0,126
12526,0,25077857438,25077857319,0,0,119
12527,0,25079860300,25079860196,0,0,103
12528,0,25081860193,25081860040,0,0,152
12529,0,25083862442,25083862318,0,0,124
12530,0,25085864559,25085864453,0,0,105
12531,0,25087867272,25087867164,0,0,108
12532,0,25089869830,25089869699,0,0,130
12533,0,25091872122,25091872002,0,0,120
12534,0,25093873684,25093873579,0,0,104
12535,0,25095875720,25095875583,0,0,137
12536,0,25097878879,25097878759,0,0,120
12537,0,25099881854,25099881728,0,0,126
12538,0,25101884170,25101884068,0,0,102
12539,0,25103885510,25103885407,0,0,103
12540,0,25105887047,25105886964,0,0,83
12541,0,25107889477,25107889360,0,0,116
12542,0,25109891807,25109891701,0,0,106
12543,0,25111894158,25111894040,0,0,117
12544,0,25113896526,25113896378,0,0,148
12545,0,25115898225,25115898102,0,0,123
12546,0,25117900344,25117900224,0,0,119
12547,0,25119902889,25119902770,0,0,119
12548,0,25121905674,25121905541,0,0,132
12549,0,25123908089,25123907958,0,0,130
12550,0,25125909391,25125909276,0,0,115
12551,0,25127911907,25127911779,0,0,128
12552,0,25129914962,25129914878,0,0,83
12553,0,25131916438,25131916325,0,0,112
12554,0,25133919215,25133919134,0,0,80
12555,0,25135920220,25135920103,0,0,116
12556,0,25137922585,25137922462,0,0,122
12557,0,25139925496,25139925349,0,0,146
12558,0,25141928840,25141928731,0,0,108
12559,0,25143930634,25143930485,0,0,148
12560,0,25145931188,25145931044,0,0,144
12561,0,25147933174,25147933042,0,0,132
12562,0,25149935478,25149935372,0,0,106
12563,0,25151939159,25151939017,0,0,142
12564,0,25153940555,25153940406,0,0,148
12565,0,25155942186,25155942044,0,0,141
12566,0,25157944863,25157944734,0,0,128
12567,0,25159946768,25159946640,0,0,128
12568,0,25161949388,25161949239,0,0,148
12569,0,25163951913,25163951783,0,0,130
12570,0,25165953716,25165953598,0,0,117
12571,0,25167955878,25167955755,0,0,122
12572,0,25169958100,25169957995,0,0,104
12573,0,25171960377,25171960260,0,0,116
12574,0,25173962833,25173962773,0,0,60
12575,0,25175965353,25175965250,0,0,103
12576,0,25177967828,25177967743,0,0,84
12577,0,25179970438,25179970333,0,0,104
12578,0,25181971530,25181971444,0,0,85
12579,0,25183974058,25183973957,0,0,101
12580,0,25185976379,25185976225,0,0,154
12581,0,25187979396,25187979260,0,0,135
12582,0,25189981023,25189980894,0,0,128
12583,0,25191984305,25191984177,0,0,128
12584,0,25193984918,25193984815,0,0,103
12585,0,25195987438,25195987292,0,0,146
12586,0,25197989244,25197989137,0,0,107
12587,0,25199991261,25199991128,0,0,132
12588,0,25201994591,25201994516,0,0,74
12589,0,25203996962,25203996833,0,0,128
12590,0,25205998379,25205998276,0,0,102
12591,0,25208000708,25208000604,0,0,104
12592,0,25210002438,25210002330,0,0,107
12593,0,25212005036,25212004919,0,0,116
12594,0,25214007498,25214007420,0,0,78
12595,0,25216009817,25216009709,0,0,108
12596,0,25218012423,25218012324,0,0,98
12597,0,25220014541,25220014438,0,0,102
12598,0,25222015934,25222015849,0,0,84
12599,0,25224018334,25224018230,0,0,104
12600,0,25226020483,25226020378,0,0,104
12601,0,25228022103,25228021995,0,0,107
12602,0,25230024959,25230024873,0,0,86
12603,0,25232028022,25232027889,0,0,132
12604,0,25234029213,25234029109,0,0,104
12605,0,25236031492,25236031369,0,0,122
12606,0,25238033752,25238033647,0,0,104
12607,0,25240036006,25240035889,0,0,116
12608,0,25242038702,25242038600,0,0,102
12609,0,25244041296,25244041175,0,0,121
12610,0,25246043098,25246042991,0,0,107
12611,0,25248045534,25248045388,0,0,145
12612,0,25250047343,25250047195,0,0,148
12613,0,25252049486,25252049339,0,0,146
12614,0,25254051315,25254051166,0,0,148
12615,0,25256053675,25256053555,0,0,119
12616,0,25258056492,25258056386,0,0,105
12617,0,25260058003,25260057880,0,0,122
12618,0,25262061035,25262060916,0,0,119
12619,0,25264063469,25264063341,0,0,128
12620,0,25266065301,25266065200,0,0,101
12621,0,25268067573,25268067452,0,0,120
12622,0,25270071278,25270071164,0,0,114
12623,0,25272073107,25272072991,0,0,116
12624,0,25274075175,25274075042,0,0,132
12625,0,25276076802,25276076682,0,0,119
12626,0,25278079880,25278079780,0,0,100
12627,0,25280082482,25280082347,0,0,134
12628,0,25282083178,25282083033,0,0,144
12629,0,25284086137,25284086000,0,0,137
12630,0,25286086687,25286086565,0,0,122
12631,0,25288088914,25288088803,0,0,111
12632,0,25290091527,25290091415,0,0,112
12633,0,25292093776,25292093673,0,0,103
12634,0,25294096169,25294096062,0,0,107
12635,0,25296097855,25296097744,0,0,110
12636,0,25298100718,25298100612,0,0,105
12637,0,25300102490,25300102370,0,0,120
12638,0,25302105815,25302105730,0,0,85
12639,0,25304108748,25304108644,0,0,104
12640,0,25306110391,25306110286,0,0,104
12641,0,25308111979,25308111894,0,0,85
12642,0,25310112914,25310112807,0,0,107
12643,0,25312116809,25312116692,0,0,116
12644,0,25314119563,25314119438,0,0,124
12645,0,25316120607,25316120487,0,0,119
12646,0,25318122741,25318122616,0,0,124
12647,0,25320124577,25320124459,0,0,118
12648,0,25322127667,25322127552,0,0,114
12649,0,25324129263,25324129130,0,0,132
12650,0,25326131517,25326131433,0,0,84
12651,0,25328133692,25328133579,0,0,112
12652,0,25330136160,25330136066,0,0,94
12653,0,25332138645,25332138534,0,0,111
12654,0,25334140404,25334140287,0,0,117
12655,0,25336143105,25336142997,0,0,107
12656,0,25338145189,25338145061,0,0,128
12657,0,25340147131,25340147020,0,0,110
12658,0,25342149078,25342148977,0,0,101
12659,0,25344151403,25344151285,0,0,118
12660,0,25346154480,25346154349,0,0,131
12661,0,25348156786,25348156658,0,0,128
12662,0,25350158166,25350158079,0,0,87
12663,0,25352160531,25352160406,0,0,125
12664,0,25354163192,25354163056,0,0,136
12665,0,25356164846,25356164707,0,0,138
12666,0,25358167231,25358167103,0,0,127
12667,0,25360169004,25360168879,0,0,124
12668,0,25362171908,25362171824,0,0,83
12669,0,25364174525,25364174410,0,0,115
12670,0,25366177332,25366177199,0,0,132
12671,0,25368178472,25368178348,0,0,123
12672,0,25370180735,25370180618,0,0,116
12673,0,25372182083,25372181957,0,0,125
12674,0,25374183867,25374183742,0,0,124
12675,0,25376187021,25376186892,0,0,128
12676,0,25378189824,25378189701,0,0,123
12677,0,25380193161,25380193038,0,0,122
12678,0,25382193936,25382193829,0,0,107
12679,0,25384196311,25384196202,0,0,108
12680,0,25386199432,25386199328,0,0,104
12681,0,25388200791,25388200679,0,0,112
12682,0,25390202639,25390202565,0,0,74
12683,0,25392205332,25392205229,0,0,102
12684,0,25394207056,25394206947,0,0,109
12685,0,25396211049,25396210942,0,0,107
12686,0,25398213851,25398213728,0,0,122
12687,0,25400214532,25400214427,0,0,104
12688,0,25402217653,25402217545,0,0,108
12689,0,25404218617,25404218490,0,0,126
12690,0,25406220849,25406220725,0,0,124
12691,0,25408222570,25408222467,0,0,102
12692,0,25410225325,25410225208,0,0,116
12693,0,25412227644,25412227536,0,0,108
12694,0,25414229483,25414229381,0,0,102
12695,0,25416231662,25416231539,0,0,123
12696,0,25418233977,25418233839,0,0,138
12697,0,25420236431,25420236303,0,0,128
12698,0,25422239033,25422238950,0,0,83
12699,0,25424241907,25424241791,0,0,116
12700,0,25426243804,25426243699,0,0,104
12701,0,25428245456,25428245325,0,0,130
12702,0,25430247317,25430247191,0,0,126
12703,0,25432249891,25432249790,0,0,101
12704,0,25434251590,25434251501,0,0,89
12705,0,25436253808,25436253687,0,0,121
12706,0,25438256142,25438256025,0,0,116
12707,0,25440258706,25440258597,0,0,109
12708,0,25442261425,25442261323,0,0,102
12709,0,25444263782,25444263693,0,0,89
12710,0,25446265147,25446265038,0,0,108
12711,0,25448267650,25448267542,0,0,107
12712,0,25450269404,25450269319,0,0,85
12713,0,25452271519,25452271413,0,0,105
12714,0,25454274056,25454273971,0,0,85
12715,0,25456276025,25456275898,0,0,126
12716,0,25458278595,25458278474,0,0,121
12717,0,25460281669,25460281551,0,0,118
12718,0,25462284128,25462284015,0,0,112
12719,0,25464286163,25464286050,0,0,112
12720,0,25466287016,25466286912,0,0,104
12721,0,25468288903,25468288781,0,0,122
12722,0,25470290556,25470290471,0,0,85
12723,0,25472293865,25472293732,0,0,132
12724,0,25474296657,25474296543,0,0,114
12725,0,25476299289,25476299155,0,0,134
12726,0,25478300423,25478300309,0,0,114
12727,0,25480304519,25480304410,0,0,108
12728,0,25482306209,25482306104,0,0,105
12729,0,25484307361,25484307258,0,0,103
12730,0,25486309627,25486309523,0,0,104
12731,0,25488311865,25488311754,0,0,111
12732,0,25490314054,25490313946,0,0,108
12733,0,25492316296,25492316175,0,0,121
12734,0,25494318633,25494318532,0,0,100
12735,0,25496320847,25496320747,0,0,100
12736,0,25498322903,25498322778,0,0,124
12737,0,25500325305,25500325173,0,0,132
12738,0,25502327026,25502326925,0,0,101
12739,0,25504329774,25504329644,0,0,130
12740,0,25506331693,25506331579,0,0,114
12741,0,25508334040,25508333919,0,0,121
12742,0,25510335732,25510335602,0,0,130
12743,0,25512337547,25512337408,0,0,138
12744,0,25514340193,25514340070,0,0,122
12745,0,25516341759,25516341636,0,0,122
12746,0,25518345402,25518345295,0,0,107
12747,0,25520347240,25520347112,0,0,128
12748,0,25522349952,25522349875,0,0,77
12749,0,25524352859,25524352741,0,0,118
12750,0,25526354941,25526354824,0,0,116
12751,0,25528356744,25528356623,0,0,121
12752,0,25530359757,25530359590,0,0,167
12753,0,25532360734,25532360624,0,0,110
12754,0,25534362778,25534362667,0,0,110
12755,0,25536365280,25536365152,0,0,127
12756,0,25538367902,25538367754,0,0,148
12757,0,25540370761,25540370629,0,0,132
12758,0,25542372911,25542372768,0,0,142
12759,0,25544374287,25544374141,0,0,145
12760,0,25546377319,25546377183,0,0,136
12761,0,25548379690,25548379548,0,0,142
12762,0,25550380951,25550380798,0,0,152
12763,0,25552382557,25552382415,0,0,142
12764,0,25554385390,25554385269,0,0,120
12765,0,25556387423,25556387270,0,0,152
12766,0,25558389642,25558389509,0,0,132
12767,0,25560391673,25560391548,0,0,124
12768,0,25562394321,25562394178,0,0,142
12769,0,25564396480,25564396323,0,0,157
12770,0,25566398925,25566398842,0,0,83
12771,0,25568400728,25568400600,0,0,128
12772,0,25570403400,25570403256,0,0,143
12773,0,25572404827,25572404683,0,0,144
12774,0,25574407656,25574407537,0,0,118
12775,0,25576409716,25576409593,0,0,123
12776,0,25578412184,25578412038,0,0,146
12777,0,25580416548,25580416413,0,0,134
12778,0,25582416838,25582416717,0,0,121
12779,0,25584419387,25584419242,0,0,144
12780,0,25586421216,25586421089,0,0,126
12781,0,25588423111,25588423006,0,0,104
12782,0,25590426194,25590426094,0,0,100
12783,0,25592428777,25592428649,0,0,128
12784,0,25594430029,25594429902,0,0,126
12785,0,25596431930,25596431813,0,0,116
12786,0,25598434256,25598434130,0,0,126
12787,0,25600435800,25600435645,0,0,154
12788,0,25602438411,25602438299,0,0,112
12789,0,25604441586,25604441474,0,0,111
12790,0,25606443695,25606443570,0,0,124
12791,0,25608446060,25608445935,0,0,124
12792,0,25610447903,25610447818,0,0,84
12793,0,25612449188,25612449057,0,0,130
12794,0,25614452331,25614452218,0,0,112
12795,0,25616454941,25616454790,0,0,150
12796,0,25618456639,25618456533,0,0,105
12797,0,25620459276,25620459170,0,0,105
12798,0,25622461027,25622460921,0,0,105
12799,0,25624463484,25624463379,0,0,104
12800,0,25626465226,25626465126,0,0,100
12801,0,25628467079,25628466953,0,0,125
12802,0,25630469853,25630469731,0,0,122
12803,0,25632471661,25632471534,0,0,127
12804,0,25634475322,25634475209,0,0,112
12805,0,25636476892,25636476775,0,0,116
12806,0,25638478540,25638478417,0,0,122
12807,0,25640480531,25640480391,0,0,140
12808,0,25642482916,25642482811,0,0,104
12809,0,25644485162,25644485056,0,0,105
12810,0,25646487822,25646487736,0,0,86
12811,0,25648489541,25648489422,0,0,118
12812,0,25650492688,25650492587,0,0,101
12813,0,25652496522,25652496401,0,0,121
12814,0,25654497459,25654497373,0,0,85
12815,0,25656498925,25656498806,0,0,119
12816,0,25658502161,25658502076,0,0,85
12817,0,25660502761,25660502654,0,0,107
12818,0,25662505552,25662505471,0,0,80
12819,0,25664507838,25664507725,0,0,112
12820,0,25666510177,25666510075,0,0,101
12821,0,25668513067,25668512950,0,0,117
12822,0,25670514398,25670514289,0,0,109
12823,0,25672516012,25672515903,0,0,109
12824,0,25674518442,25674518341,0,0,100
12825,0,25676521006,25676520898,0,0,107
12826,0,25678523521,25678523412,0,0,108
12827,0,25680526433,25680526326,0,0,107
12828,0,25682527750,25682527676,0,0,74
12829,0,25684529757,25684529632,0,0,125
12830,0,25686532110,25686532005,0,0,104
12831,0,25688534792,25688534685,0,0,106
12832,0,25690537214,25690537104,0,0,110
12833,0,25692538299,25692538196,0,0,103
12834,0,25694541184,25694541078,0,0,105
12835,0,25696542998,25696542892,0,0,106
12836,0,25698546483,25698546377,0,0,105
12837,0,25700548047,25700547916,0,0,131
12838,0,25702549785,25702549681,0,0,103
12839,0,25704552341,25704552214,0,0,126
12840,0,25706554168,25706554051,0,0,116
12841,0,25708556207,25708556083,0,0,124
12842,0,25710559106,25710558997,0,0,109
12843,0,25712561555,25712561436,0,0,118
12844,0,25714563474,25714563357,0,0,116
12845,0,25716566051,25716565929,0,0,122
12846,0,25718569034,25718568957,0,0,77
12847,0,25720569468,25720569359,0,0,108
12848,0,25722571863,25722571740,0,0,123
12849,0,25724574008,25724573916,0,0,92
12850,0,25726576225,25726576143,0,0,82
12851,0,25728579043,25728578919,0,0,124
12852,0,25730581023,25730580901,0,0,122
12853,0,25732583119,25732582977,0,0,141
12854,0,25734586204,25734586093,0,0,110
12855,0,25736589606,25736589477,0,0,128
12856,0,25738589777,25738589670,0,0,107
12857,0,25740591793,25740591658,0,0,134
12858,0,25742594823,25742594713,0,0,110
12859,0,25744597542,25744597416,0,0,125
12860,0,25746598562,25746598426,0,0,135
12861,0,25748601615,25748601487,0,0,128
12862,0,25750604541,25750604435,0,0,105
12863,0,25752605658,25752605545,0,0,112
12864,0,25754607732,25754607623,0,0,108
12865,0,25756609761,25756609624,0,0,136
12866,0,25758612786,25758612658,0,0,128
12867,0,25760615462,25760615329,0,0,132
12868,0,25762616757,25762616630,0,0,127
12869,0,25764618642,25764618516,0,0,125
12870,0,25766621052,25766620926,0,0,125
12871,0,25768622888,25768622757,0,0,131
12872,0,25770625646,25770625521,0,0,124
12873,0,25772627302,25772627161,0,0,141
12874,0,25774629975,25774629883,0,0,92
12875,0,25776633123,25776632966,0,0,156
12876,0,25778634552,25778634424,0,0,128
12877,0,25780639080,25780638936,0,0,144
12878,0,25782640000,25782639846,0,0,154
12879,0,25784641622,25784641474,0,0,148
12880,0,25786644808,25786644661,0,0,146
12881,0,25788646833,25788646691,0,0,142
12882,0,25790647828,25790647705,0,0,123
12883,0,25792650479,25792650353,0,0,125
12884,0,25794653825,25794653709,0,0,116
12885,0,25796655292,25796655170,0,0,121
12886,0,25798656613,25798656507,0,0,105
12887,0,25800658949,25800658830,0,0,119
12888,0,25802661520,25802661394,0,0,125
12889,0,25804662644,25804662516,0,0,128
12890,0,25806664419,25806664305,0,0,114
12891,0,25808667635,25808667486,0,0,148
12892,0,25810670184,25810670085,0,0,99
12893,0,25812672338,25812672184,0,0,154
12894,0,25814675957,25814675800,0,0,157
12895,0,25816677764,25816677619,0,0,145
12896,0,25818678921,25818678784,0,0,137
12897,0,25820681357,25820681227,0,0,130
12898,0,25822683355,25822683231,0,0,124
12899,0,25824686089,25824685964,0,0,125
12900,0,25826689253,25826689120,0,0,133
12901,0,25828691085,25828690954,0,0,131
12902,0,25830691963,25830691820,0,0,142
12903,0,25832694279,25832694155,0,0,123
12904,0,25834696752,25834696626,0,0,126
12905,0,25836698813,25836698677,0,0,135
12906,0,25838701608,25838701503,0,0,105
12907,0,25840704589,25840704433,0,0,156
12908,0,25842705732,25842705615,0,0,116
12909,0,25844708710,25844708586,0,0,124
12910,0,25846711725,25846711639,0,0,86
12911,0,25848713853,25848713732,0,0,121
12912,0,25850715773,25850715635,0,0,137
12913,0,25852717516,25852717393,0,0,123
12914,0,25854719229,25854719123,0,0,105
12915,0,25856721341,25856721239,0,0,102
12916,0,25858723505,25858723391,0,0,114
12917,0,25860725340,25860725206,0,0,134
12918,0,25862727874,25862727757,0,0,116
12919,0,25864730138,25864730015,0,0,122
12920,0,25866732352,25866732228,0,0,123
12921,0,25868734006,25868733858,0,0,148
12922,0,25870737019,25870736889,0,0,130
12923,0,25872738981,25872738858,0,0,123
12924,0,25874741130,25874741030,0,0,100
12925,0,25876743036,25876742919,0,0,116
12926,0,25878745719,25878745615,0,0,104
12927,0,25880749002,25880748885,0,0,116
12928,0,25882750373,25882750268,0,0,104
12929,0,25884752307,25884752193,0,0,114
12930,0,25886755463,25886755334,0,0,128
12931,0,25888757546,25888757408,0,0,137
12932,0,25890759434,25890759328,0,0,106
12933,0,25892762009,25892761897,0,0,112
12934,0,25894763674,25894763569,0,0,104
12935,0,25896766131,25896766004,0,0,126
12936,0,25898769238,25898769120,0,0,118
12937,0,25900770249,25900770125,0,0,123
12938,0,25902772550,25902772467,0,0,83
12939,0,25904774844,25904774732,0,0,112
12940,0,25906776702,25906776593,0,0,108
12941,0,25908780191,25908780082,0,0,108
12942,0,25910783035,25910782908,0,0,127
12943,0,25912784530,25912784413,0,0,117
12944,0,25914785800,25914785672,0,0,127
12945,0,25916788375,25916788249,0,0,125
12946,0,25918791095,25918790973,0,0,122
12947,0,25920792085,25920791938,0,0,146
12948,0,25922795242,25922795125,0,0,116
12949,0,25924797290,25924797284,0,0,6
12950,0,25926799073,25926798942,0,0,130
12951,0,25928801433,25928801307,0,0,126
12952,0,25930804406,25930804233,0,0,173
12953,0,25932805683,25932805544,0,0,138
12954,0,25934807714,25934807600,0,0,114
12955,0,25936810004,25936809887,0,0,116
12956,0,25938812606,25938812501,0,0,105
12957,0,25940814387,25940814247,0,0,139
12958,0,25942816878,25942816776,0,0,102
12959,0,25944819274,25944819163,0,0,110
12960,0,25946821046,25946820936,0,0,110
12961,0,25948823441,25948823298,0,0,143
12962,0,25950826050,25950825968,0,0,82
12963,0,25952828907,25952828784,0,0,122
12964,0,25954830254,25954830139,0,0,114
12965,0,25956832298,25956832169,0,0,128
12966,0,25958834548,25958834438,0,0,110
12967,0,25960836574,25960836441,0,0,132
12968,0,25962839673,25962839597,0,0,75
12969,0,25964842226,25964842094,0,0,132
12970,0,25966844368,25966844289,0,0,78
12971,0,25968846622,25968846498,0,0,123
12972,0,25970848901,25970848796,0,0,104
12973,0,25972851184,25972851076,0,0,107
12974,0,25974853918,25974853833,0,0,85
12975,0,25976855773,25976855661,0,0,111
12976,0,25978857020,25978856937,0,0,83
12977,0,25980860007,25980859897,0,0,110
12978,0,25982861815,25982861731,0,0,83
12979,0,25984864501,25984864395,0,0,105
12980,0,25986866071,25986865966,0,0,105
12981,0,25988869308,25988869198,0,0,110
12982,0,25990870095,25990870017,0,0,78
12983,0,25992872342,25992872253,0,0,88
12984,0,25994875286,25994875184,0,0,102
12985,0,25996878035,25996877918,0,0,116
12986,0,25998879316,25998879231,0,0,85
12987,0,26000881179,26000881078,0,0,101
12988,0,26002884201,26002884095,0,0,105
12989,0,26004887194,26004887067,0,0,126
12990,0,26006888575,26006888425,0,0,150
12991,0,26008891412,26008891329,0,0,83
12992,0,26010892285,26010892164,0,0,121
12993,0,26012893862,26012893741,0,0,120
12994,0,26014896166,26014896029,0,0,137
12995,0,26016899213,26016899085,0,0,128
12996,0,26018901836,26018901682,0,0,154
12997,0,26020904631,26020904486,0,0,144
12998,0,26022905703,26022905550,0,0,152
12999,0,26024908762,26024908608,0,0,154
13000,0,26026911069,26026910900,0,0,168
13001,0,26028912244,26028912086,0,0,158
13002,0,26030914768,26030914657,0,0,111
13003,0,26032917101,26032916961,0,0,139
13004,0,26034919415,26034919312,0,0,103
13005,0,26036922350,26036922226,0,0,124
13006,0,26038924608,26038924478,0,0,130
13007,0,26040926191,26040926069,0,0,121
13008,0,26042929374,26042929236,0,0,137
13009,0,26044930098,26044929944,0,0,154
13010,0,26046932050,26046931943,0,0,106
13011,0,26048934423,26048934308,0,0,114
13012,0,26050937238,26050937105,0,0,132
13013,0,26052938713,26052938591,0,0,122
13014,0,26054941423,26054941348,0,0,74
13015,0,26056943532,26056943420,0,0,112
13016,0,26058946138,26058945982,0,0,156
13017,0,26060947708,26060947587,0,0,121
13018,0,26062950267,26062950167,0,0,100
13019,0,26064952897,26064952779,0,0,118
13020,0,26066956244,26066956125,0,0,119
13021,0,26068957843,26068957725,0,0,118
13022,0,26070959242,26070959126,0,0,116
13023,0,26072961537,26072961411,0,0,126
13024,0,26074963495,26074963350,0,0,144
13025,0,26076965420,26076965285,0,0,134
13026,0,26078968085,26078967973,0,0,112
13027,0,26080971994,26080971855,0,0,139
13028,0,26082974188,26082974067,0,0,120
13029,0,26084975760,26084975643,0,0,116
13030,0,26086978387,26086978274,0,0,112
13031,0,26088980391,26088980268,0,0,122
13032,0,26090981986,26090981874,0,0,112
13033,0,26092984827,26092984716,0,0,110
13034,0,26094986306,26094986196,0,0,110
13035,0,26096989057,26096988921,0,0,136
13036,0,26098990729,26098990600,0,0,128
13037,0,26100993847,26100993706,0,0,140
13038,0,26102994698,26102994569,0,0,128
13039,0,26104996986,26104996842,0,0,143
13040,0,26106998897,26106998751,0,0,146
13041,0,26109001276,26109001143,0,0,132
13042,0,26111003440,26111003355,0,0,85
13043,0,26113005768,26113005628,0,0,140
13044,0,26115008393,26115008253,0,0,139
13045,0,26117009862,26117009695,0,0,167
13046,0,26119012333,26119012188,0,0,144
13047,0,26121014545,26121014419,0,0,125
13048,0,26123016697,26123016587,0,0,110
13049,0,26125019955,26125019826,0,0,128
13050,0,26127021495,26127021378,0,0,116
13051,0,26129023711,26129023557,0,0,153
13052,0,26131026528,26131026442,0,0,85
13053,0,26133029402,26133029285,0,0,116
13054,0,26135030088,26135030000,0,0,87
13055,0,26137032476,26137032367,0,0,108
13056,0,26139034553,26139034446,0,0,107
13057,0,26141037239,26141037134,0,0,104
13058,0,26143039251,26143039168,0,0,83
13059,0,26145041298,26145041194,0,0,103
13060,0,26147043978,26147043867,0,0,110
13061,0,26149045829,26149045724,0,0,104
13062,0,26151048008,26151047904,0,0,104
13063,0,26153050105,26153049988,0,0,116
13064,0,26155053238,26155053135,0,0,103
13065,0,26157055959,26157055829,0,0,130
13066,0,26159057421,26159057317,0,0,103
13067,0,26161059745,26161059631,0,0,113
13068,0,26163061904,26163061802,0,0,102
13069,0,26165065532,26165065426,0,0,105
13070,0,26167066943,26167066826,0,0,116
13071,0,26169068094,26169067981,0,0,112
13072,0,26171070559,26171070447,0,0,111
13073,0,26173072482,26173072375,0,0,107
13074,0,26175075074,26175074970,0,0,103
13075,0,26177077098,26177076988,0,0,109
13076,0,26179079961,26179079814,0,0,146
13077,0,26181083568,26181083458,0,0,110
13078,0,26183084006,26183083905,0,0,100
13079,0,26185085750,26185085644,0,0,106
13080,0,26187088338,26187088215,0,0,122
13081,0,26189090145,26189090018,0,0,126
13082,0,26191092821,26191092714,0,0,107
13083,0,26193094195,26193094087,0,0,108
13084,0,26195096125,26195096014,0,0,111
13085,0,26197099326,26197099202,0,0,124
13086,0,26199101358,26199101231,0,0,127
13087,0,26201104076,26201103970,0,0,105
13088,0,26203107015,26203106883,0,0,131
13089,0,26205107876,26205107769,0,0,106
13090,0,26207110447,26207110331,0,0,116
13091,0,26209112530,26209112415,0,0,114
13092,0,26211115336,26211115207,0,0,128
13093,0,26213117811,26213117688,0,0,122
13094,0,26215119022,26215118909,0,0,112
13095,0,26217122291,26217122177,0,0,113
13096,0,26219124503,26219124381,0,0,122
13097,0,26221127549,26221127412,0,0,137
13098,0,26223129542,26223129441,0,0,101
13099,0,26225131425,26225131300,0,0,125
13100,0,26227133270,26227133163,0,0,107
13101,0,26229136618,26229136503,0,0,114
13102,0,26231137857,26231137778,0,0,78
13103,0,26233139467,26233139354,0,0,112
13104,0,26235141775,26235141658,0,0,116
13105,0,26237143968,26237143841,0,0,127
13106,0,26239146129,26239146025,0,0,103
13107,0,26241148051,26241147944,0,0,106
13108,0,26243151649,26243151535,0,0,114
13109,0,26245152856,26245152728,0,0,128
13110,0,26247154681,26247154595,0,0,86
13111,0,26249156825,26249156705,0,0,120
13112,0,26251159230,26251159121,0,0,108
13113,0,26253161593,26253161484,0,0,108
13114,0,26255164083,26255163973,0,0,110
13115,0,26257165856,26257165712,0,0,144
13116,0,26259168155,26259167996,0,0,159
13117,0,26261170313,26261170176,0,0,137
13118,0,26263172638,26263172493,0,0,144
13119,0,26265175067,26265174920,0,0,146
13120,0,26267176885,26267176757,0,0,128
13121,0,26269179377,26269179217,0,0,159
13122,0,26271181576,26271181460,0,0,115
13123,0,26273184160,26273184006,0,0,154
13124,0,26275186419,26275186310,0,0,108
13125,0,26277188951,26277188827,0,0,123
13126,0,26279191931,26279191774,0,0,157
13127,0,26281195280,26281195138,0,0,142
13128,0,26283195167,26283195092,0,0,75
13129,0,26285197339,26285197220,0,0,119
13130,0,26287199679,26287199573,0,0,106
13131,0,26289201361,26289201245,0,0,116
13132,0,26291204094,26291203986,0,0,107
13133,0,26293206683,26293206572,0,0,111
13134,0,26295209321,26295209183,0,0,137
13135,0,26297210780,26297210658,0,0,122
13136,0,26299212608,26299212460,0,0,147
13137,0,26301214638,26301214520,0,0,118
13138,0,26303217341,26303217220,0,0,120
13139,0,26305219197,26305219069,0,0,128
13140,0,26307221856,26307221747,0,0,108
13141,0,26309223658,26309223548,0,0,110
13142,0,26311225638,26311225509,0,0,129
13143,0,26313228092,26313227980,0,0,112
13144,0,26315230678,26315230541,0,0,136
13145,0,26317232418,26317232306,0,0,112
13146,0,26319235156,26319235012,0,0,143
13147,0,26321237867,26321237748,0,0,118
13148,0,26323239669,26323239564,0,0,105
13149,0,26325241222,26325241090,0,0,131
13150,0,26327244143,26327244041,0,0,102
13151,0,26329245981,26329245850,0,0,130
13152,0,26331248170,26331248067,0,0,103
13153,0,26333250355,26333250227,0,0,127
13154,0,26335252717,26335252631,0,0,85
13155,0,26337255410,26337255285,0,0,125
13156,0,26339257514,26339257397,0,0,116
13157,0,26341259738,26341259621,0,0,116
13158,0,26343262198,26343262064,0,0,134
13159,0,26345264268,26345264151,0,0,116
13160,0,26347266434,26347266294,0,0,139
13161,0,26349268083,26349267937,0,0,145
13162,0,26351270724,26351270620,0,0,104
13163,0,26353273103,26353272964,0,0,139
13164,0,26355275658,26355275532,0,0,126
13165,0,26357278350,26357278203,0,0,147
13166,0,26359280737,26359280592,0,0,144
13167,0,26361282234,26361282122,0,0,112
13168,0,26363284606,26363284465,0,0,141
13169,0,26365285980,26365285835,0,0,144
13170,0,26367288297,26367288180,0,0,116
13171,0,26369290413,26369290264,0,0,148
13172,0,26371292993,26371292860,0,0,132
13173,0,26373294532,26373294404,0,0,128
13174,0,26375296899,26375296791,0,0,107
13175,0,26377299141,26377299008,0,0,132
13176,0,26379301122,26379301004,0,0,117
13177,0,26381304102,26381303955,0,0,147
13178,0,26383306071,26383305964,0,0,106
13179,0,26385308355,26385308204,0,0,151
13180,0,26387310388,26387310252,0,0,136
13181,0,26389312825,26389312689,0,0,135
13182,0,26391314775,26391314640,0,0,134
13183,0,26393317368,26393317248,0,0,120
13184,0,26395318995,26395318916,0,0,78
13185,0,26397322274,26397322146,0,0,128
13186,0,26399325053,26399324930,0,0,122
13187,0,26401325938,26401325802,0,0,135
13188,0,26403328620,26403328492,0,0,128
13189,0,26405330572,26405330420,0,0,151
13190,0,26407333424,26407333291,0,0,132
13191,0,26409335853,26409335720,0,0,132
13192,0,26411337226,26411337105,0,0,120
13193,0,26413339429,26413339287,0,0,141
13194,0,26415342509,26415342393,0,0,115
13195,0,26417344741,26417344599,0,0,142
13196,0,26419346500,26419346382,0,0,118
13197,0,26421349020,26421348894,0,0,125
13198,0,26423351591,26423351465,0,0,125
13199,0,26425352924,26425352823,0,0,101
13200,0,26427355140,26427355011,0,0,128
13201,0,26429357824,26429357698,0,0,125
13202,0,26431360600,26431360526,0,0,74
13203,0,26433361620,26433361479,0,0,141
13204,0,26435364343,26435364215,0,0,128
13205,0,26437367233,26437367148,0,0,85
13206,0,26439368521,26439368397,0,0,124
13207,0,26441370738,26441370627,0,0,110
13208,0,26443373305,26443373163,0,0,142
13209,0,26445374575,26445374443,0,0,131
13210,0,26447377326,26447377216,0,0,110
13211,0,26449379284,26449379147,0,0,137
13212,0,26451382262,26451382170,0,0,92
13213,0,26453385310,26453385195,0,0,114
13214,0,26455386197,26455386110,0,0,87
13215,0,26457388371,26457388254,0,0,116
13216,0,26459391039,26459390939,0,0,100
13217,0,26461393201,26461393084,0,0,116
13218,0,26463395361,26463395255,0,0,105
13219,0,26465396894,26465396768,0,0,125
13220,0,26467399924,26467399819,0,0,105
13221,0,26469401891,26469401788,0,0,102
13222,0,26471403754,26471403669,0,0,84
13223,0,26473405820,26473405697,0,0,122
13224,0,26475409657,26475409532,0,0,124
13225,0,26477410208,26477410085,0,0,122
13226,0,26479413271,26479413166,0,0,104
13227,0,26481417341,26481417219,0,0,122
13228,0,26483417868,26483417767,0,0,101
13229,0,26485420777,26485420638,0,0,139
13230,0,26487421862,26487421714,0,0,148
13231,0,26489424265,26489424122,0,0,143
13232,0,26491426364,26491426198,0,0,165
13233,0,26493428573,26493428417,0,0,156
13234,0,26495430873,26495430735,0,0,137
13235,0,26497432759,26497432634,0,0,124
13236,0,26499435564,26499435465,0,0,98
13237,0,26501437922,26501437785,0,0,137
13238,0,26503439424,26503439335,0,0,88
13239,0,26505441638,26505441552,0,0,85
13240,0,26507444922,26507444851,0,0,70
13241,0,26509446987,26509446888,0,0,98
13242,0,26511448850,26511448748,0,0,101
13243,0,26513450525,26513450398,0,0,126
13244,0,26515454033,26515453915,0,0,118
13245,0,26517454894,26517454779,0,0,115
13246,0,26519457958,26519457853,0,0,104
13247,0,26521460561,26521460431,0,0,130
13248,0,26523461887,26523461800,0,0,86
13249,0,26525463575,26525463436,0,0,139
13250,0,26527466738,26527466635,0,0,103
13251,0,26529468802,26529468674,0,0,128
13252,0,26531470575,26531470436,0,0,138
13253,0,26533474420,26533474316,0,0,104
13254,0,26535474682,26535474579,0,0,103
13255,0,26537477116,26537476998,0,0,118
13256,0,26539479226,26539479122,0,0,104
13257,0,26541481525,26541481397,0,0,128
13258,0,26543484692,26543484608,0,0,83
13259,0,26545486139,26545485994,0,0,144
13260,0,26547488664,26547488541,0,0,123
13261,0,26549491741,26549491588,0,0,152
13262,0,26551494071,26551493927,0,0,143
13263,0,26553496260,26553496111,0,0,148
13264,0,26555497451,26555497306,0,0,144
13265,0,26557500192,26557500049,0,0,143
13266,0,26559502950,26559502829,0,0,121
13267,0,26561504028,26561503885,0,0,142
13268,0,26563506335,26563506188,0,0,146
13269,0,26565508280,26565508159,0,0,121
13270,0,26567510175,26567510055,0,0,120
13271,0,26569511642,26569511502,0,0,139
13272,0,26571515194,26571515067,0,0,127
13273,0,26573517355,26573517220,0,0,134
13274,0,26575519903,26575519783,0,0,120
13275,0,26577521776,26577521651,0,0,124
13276,0,26579524152,26579524042,0,0,110
13277,0,26581527878,26581527741,0,0,137
13278,0,26583528735,26583528617,0,0,118
13279,0,26585530934,26585530813,0,0,120
13280,0,26587533304,26587533190,0,0,114
13281,0,26589534764,26589534642,0,0,122
13282,0,26591537274,26591537175,0,0,98
13283,0,26593540247,26593540103,0,0,143
13284,0,26595542304,26595542173,0,0,130
13285,0,26597543987,26597543853,0,0,133
13286,0,26599546535,26599546396,0,0,139
13287,0,26601548619,26601548494,0,0,124
13288,0,26603550506,26603550372,0,0,134
13289,0,26605552688,26605552566,0,0,122
13290,0,26607555586,26607555508,0,0,78
13291,0,26609557489,26609557355,0,0,133
13292,0,26611559616,26611559496,0,0,120
13293,0,26613562442,26613562336,0,0,106
13294,0,26615565714,26615565573,0,0,140
13295,0,26617567545,26617567426,0,0,118
13296,0,26619568393,26619568282,0,0,110
13297,0,26621571132,26621571008,0,0,124
13298,0,26623572784,26623572680,0,0,104
13299,0,26625574968,26625574842,0,0,125
13300,0,26627577486,26627577373,0,0,112
13301,0,26629579710,26629579577,0,0,132
13302,0,26631583177,26631583066,0,0,110
13303,0,26633584314,26633584191,0,0,123
13304,0,26635586595,26635586475,0,0,120
13305,0,26637588591,26637588450,0,0,141
13306,0,26639590629,26639590546,0,0,82
13307,0,26641593584,26641593475,0,0,108
13308,0,26643596470,26643596351,0,0,119
13309,0,26645598387,26645598257,0,0,130
13310,0,26647600561,26647600458,0,0,102
13311,0,26649602209,26649602087,0,0,122
13312,0,26651604038,26651603919,0,0,119
13313,0,26653606864,26653606741,0,0,122
13314,0,26655608220,26655608121,0,0,98
13315,0,26657610630,26657610506,0,0,123
13316,0,26659613622,26659613513,0,0,108
13317,0,26661616065,26661615922,0,0,142
13318,0,26663617488,26663617370,0,0,117
13319,0,26665619752,26665619609,0,0,143
13320,0,26667621724,26667621577,0,0,147
13321,0,26669623848,26669623719,0,0,128
13322,0,26671626661,26671626523,0,0,138
13323,0,26673628312,26673628188,0,0,123
13324,0,26675630966,26675630865,0,0,100
13325,0,26677634223,26677634111,0,0,112
13326,0,26679637138,26679637024,0,0,114
13327,0,26681640075,26681639957,0,0,117
13328,0,26683640491,26683640350,0,0,141
13329,0,26685642167,26685642044,0,0,122
13330,0,26687644283,26687644176,0,0,106
13331,0,26689646487,26689646343,0,0,143
13332,0,26691649064,26691648946,0,0,118
13333,0,26693650741,26693650612,0,0,128
13334,0,26695653242,26695653130,0,0,111
13335,0,26697655599,26697655494,0,0,105
13336,0,26699657673,26699657564,0,0,108
13337,0,26701660114,26701659981,0,0,133
13338,0,26703662282,26703662146,0,0,135
13339,0,26705664453,26705664340,0,0,112
13340,0,26707666602,26707666498,0,0,103
13341,0,26709670044,26709669939,0,0,104
13342,0,26711670617,26711670500,0,0,116
13343,0,26713673035,26713672910,0,0,124
13344,0,26715675470,26715675366,0,0,104
13345,0,26717677311,26717677182,0,0,128
13346,0,26719679687,26719679583,0,0,104
13347,0,26721682215,26721682103,0,0,112
13348,0,26723684577,26723684469,0,0,108
13349,0,26725686479,26725686350,0,0,128
13350,0,26727688759,26727688681,0,0,77
13351,0,26729691258,26729691154,0,0,104
13352,0,26731693125,26731693011,0,0,114
13353,0,26733695310,26733695203,0,0,106
13354,0,26735697514,26735697440,0,0,74
13355,0,26737699564,26737699460,0,0,103
13356,0,26739702482,26739702413,0,0,69
13357,0,26741705523,26741705418,0,0,105
13358,0,26743706882,26743706803,0,0,78
13359,0,26745709532,26745709427,0,0,105
13360,0,26747713175,26747713089,0,0,86
13361,0,26749713827,26749713723,0,0,103
13362,0,26751716247,26751716144,0,0,102
13363,0,26753717319,26753717214,0,0,104
13364,0,26755720525,26755720404,0,0,120
13365,0,26757721961,26757721829,0,0,132
13366,0,26759724624,26759724479,0,0,144
13367,0,26761726194,26761726071,0,0,123
13368,0,26763728797,26763728690,0,0,107
13369,0,26765730634,26765730499,0,0,134
13370,0,26767733544,26767733444,0,0,99
13371,0,26769735658,26769735540,0,0,118
13372,0,26771737636,26771737533,0,0,103
13373,0,26773740127,26773740015,0,0,111
13374,0,26775741998,26775741885,0,0,112
13375,0,26777744475,26777744345,0,0,130
13376,0,26779746743,26779746619,0,0,124
13377,0,26781751105,26781750973,0,0,132
13378,0,26783752164,26783752026,0,0,137
13379,0,26785752977,26785752854,0,0,122
13380,0,26787756439,26787756305,0,0,134
13381,0,26789757939,26789757792,0,0,147
13382,0,26791760410,26791760307,0,0,102
13383,0,26793762826,26793762702,0,0,124
13384,0,26795764094,26795763947,0,0,147
13385,0,26797766693,26797766552,0,0,140
13386,0,26799769383,26799769280,0,0,102
13387,0,26801771712,26801771589,0,0,122
13388,0,26803773743,26803773615,0,0,128
13389,0,26805777200,26805777077,0,0,122
13390,0,26807778250,26807778098,0,0,152
13391,0,26809780591,26809780446,0,0,144
13392,0,26811783213,26811783065,0,0,147
13393,0,26813785603,26813785473,0,0,130
13394,0,26815787723,26815787622,0,0,100
13395,0,26817788937,26817788770,0,0,166
13396,0,26819791433,26819791301,0,0,131
13397,0,26821793187,26821793038,0,0,148
13398,0,26823795903,26823795819,0,0,83
13399,0,26825798005,26825797852,0,0,152
13400,0,26827801092,26827800950,0,0,142
13401,0,26829802280,26829802130,0,0,150
13402,0,26831804833,26831804701,0,0,131
13403,0,26833807699,26833807576,0,0,123
13404,0,26835809333,26835809234,0,0,98
13405,0,26837811812,26837811705,0,0,106
13406,0,26839813228,26839813107,0,0,121
13407,0,26841815594,26841815481,0,0,112
13408,0,26843817415,26843817325,0,0,90
13409,0,26845819591,26845819474,0,0,116
13410,0,26847822463,26847822339,0,0,124
13411,0,26849824123,26849824005,0,0,118
13412,0,26851827277,26851827148,0,0,128
13413,0,26853829437,26853829301,0,0,136
13414,0,26855831266,26855831182,0,0,84
13415,0,26857833645,26857833500,0,0,145
13416,0,26859835130,26859834993,0,0,137
13417,0,26861837723,26861837579,0,0,143
13418,0,26863840651,26863840548,0,0,102
13419,0,26865843099,26865842965,0,0,134
13420,0,26867844597,26867844492,0,0,105
13421,0,26869847337,26869847206,0,0,130
13422,0,26871849573,26871849487,0,0,86
13423,0,26873851040,26873850929,0,0,110
13424,0,26875852966,26875852856,0,0,110
13425,0,26877855018,26877854901,0,0,116
13426,0,26879857449,26879857340,0,0,108
13427,0,26881860893,26881860768,0,0,124
13428,0,26883862482,26883862341,0,0,141
13429,0,26885864716,26885864585,0,0,130
13430,0,26887866521,26887866392,0,0,128
13431,0,26889868352,26889868215,0,0,137
13432,0,26891870898,26891870794,0,0,104
13433,0,26893873179,26893873022,0,0,156
13434,0,26895875687,26895875555,0,0,131
13435,0,26897877250,26897877128,0,0,122
13436,0,26899879514,26899879396,0,0,118
13437,0,26901883900,26901883779,0,0,121
13438,0,26903885428,26903885318,0,0,110
13439,0,26905886871,26905886732,0,0,139
13440,0,26907888728,26907888584,0,0,144
13441,0,26909890841,26909890714,0,0,127
13442,0,26911893333,26911893213,0,0,120
13443,0,26913895341,26913895228,0,0,112
13444,0,26915897942,26915897810,0,0,132
13445,0,26917900259,26917900110,0,0,148
13446,0,26919902332,26919902226,0,0,106
13447,0,26921904197,26921904083,0,0,114
13448,0,26923906667,26923906552,0,0,114
13449,0,26925908523,26925908407,0,0,116
13450,0,26927911330,26927911207,0,0,122
13451,0,26929913104,26929912960,0,0,143
13452,0,26931916150,26931916049,0,0,101
13453,0,26933919880,26933919742,0,0,138
13454,0,26935921258,26935921134,0,0,124
13455,0,26937922588,26937922459,0,0,128
13456,0,26939924462,26939924306,0,0,156
13457,0,26941927197,26941927082,0,0,114
13458,0,26943929911,26943929792,0,0,119
13459,0,26945931513,26945931382,0,0,131
13460,0,26947933869,26947933737,0,0,132
13461,0,26949937031,26949936884,0,0,146
13462,0,26951938627,26951938519,0,0,108
13463,0,26953940829,26953940684,0,0,144
13464,0,26955942480,26955942358,0,0,122
13465,0,26957944570,26957944460,0,0,110
13466,0,26959946829,26959946710,0,0,118
13467,0,26961949480,26961949336,0,0,144
13468,0,26963953103,26963952975,0,0,128
13469,0,26965955509,26965955362,0,0,146
13470,0,26967956735,26967956591,0,0,144
13471,0,26969958562,26969958438,0,0,124
13472,0,26971961011,26971960885,0,0,125
13473,0,26973962408,26973962280,0,0,128
13474,0,26975965109,26975965029,0,0,80
13475,0,26977967775,26977967662,0,0,112
13476,0,26979969177,26979969071,0,0,105
13477,0,26981973357,26981973252,0,0,104
13478,0,26983973226,26983973150,0,0,76
13479,0,26985975252,26985975143,0,0,108
13480,0,26987977894,26987977784,0,0,110
13481,0,26989979741,26989979636,0,0,104
13482,0,26991982694,26991982575,0,0,119
13483,0,26993985162,26993985039,0,0,123
13484,0,26995987941,26995987865,0,0,76
13485,0,26997989470,26997989352,0,0,118
13486,0,26999992162,26999992076,0,0,85
13487,0,27001993666,27001993539,0,0,126
13488,0,27003995826,27003995707,0,0,119
13489,0,27005998703,27005998578,0,0,124
13490,0,27008001631,27008001539,0,0,92
13491,0,27010003372,27010003251,0,0,120
13492,0,27012004907,27012004791,0,0,116
13493,0,27014006698,27014006598,0,0,100
13494,0,27016008840,27016008758,0,0,82
13495,0,27018011029,27018010914,0,0,114
13496,0,27020013501,27020013369,0,0,132
13497,0,27022016728,27022016629,0,0,98
13498,0,27024018224,27024018096,0,0,127
13499,0,27026020700,27026020555,0,0,144
13500,0,27028023641,27028023522,0,0,119
13501,0,27030024509,27030024363,0,0,146
13502,0,27032026574,27032026469,0,0,104
13503,0,27034029265,27034029147,0,0,118
13504,0,27036031134,27036031006,0,0,128
13505,0,27038034409,27038034257,0,0,152
13506,0,27040037122,27040036984,0,0,137
13507,0,27042037946,27042037802,0,0,144
13508,0,27044040680,27044040555,0,0,125
13509,0,27046043191,27046043034,0,0,157
13510,0,27048045006,27048044901,0,0,104
13511,0,27050046892,27050046760,0,0,131
13512,0,27052049191,27052049040,0,0,150
13513,0,27054050976,27054050850,0,0,125
13514,0,27056053574,27056053461,0,0,112
13515,0,27058056392,27058056249,0,0,142
13516,0,27060059736,27060059617,0,0,118
13517,0,27062063168,27062063020,0,0,148
13518,0,27064063408,27064063319,0,0,88
13519,0,27066065267,27066065126,0,0,141
13520,0,27068068318,27068068186,0,0,132
13521,0,27070069541,27070069412,0,0,128
13522,0,27072072539,27072072411,0,0,128
13523,0,27074073644,27074073531,0,0,112
13524,0,27076076516,27076076402,0,0,114
13525,0,27078079457,27078079319,0,0,138
13526,0,27080080892,27080080778,0,0,114
13527,0,27082083991,27082083873,0,0,118
13528,0,27084084581,27084084464,0,0,116
13529,0,27086086724,27086086603,0,0,121
13530,0,27088089229,27088089125,0,0,104
13531,0,27090091769,27090091646,0,0,123
13532,0,27092094015,27092093910,0,0,104
13533,0,27094096155,27094096023,0,0,132
13534,0,27096097831,27096097715,0,0,116
13535,0,27098100540,27098100411,0,0,128
13536,0,27100103300,27100103197,0,0,103
13537,0,27102104588,27102104452,0,0,135
13538,0,27104106997,27104106914,0,0,83
13539,0,27106109451,27106109334,0,0,116
13540,0,27108111883,27108111778,0,0,104
13541,0,27110114314,27110114204,0,0,110
13542,0,27112116799,27112116687,0,0,112
13543,0,27114119251,27114119134,0,0,116
13544,0,27116120331,27116120210,0,0,121
13545,0,27118122035,27118121902,0,0,132
13546,0,27120124673,27120124528,0,0,144
13547,0,27122126973,27122126828,0,0,145
13548,0,27124130178,27124130076,0,0,102
13549,0,27126132608,27126132501,0,0,107
13550,0,27128134282,27128134163,0,0,119
13551,0,27130137212,27130137062,0,0,149
13552,0,27132138298,27132138158,0,0,140
13553,0,27134140697,27134140569,0,0,128
13554,0,27136144224,27136144102,0,0,122
13555,0,27138146677,27138146552,0,0,124
13556,0,27140147707,27140147581,0,0,126
13557,0,27142150505,27142150373,0,0,132
13558,0,27144151482,27144151375,0,0,107
13559,0,27146153290,27146153164,0,0,125
13560,0,27148155793,27148155687,0,0,105
13561,0,27150157596,27150157469,0,0,126
13562,0,27152160368,27152160266,0,0,102
13563,0,27154162558,27154162448,0,0,110
13564,0,27156164548,27156164443,0,0,104
13565,0,27158166696,27158166571,0,0,124
13566,0,27160169145,27160169024,0,0,120
13567,0,27162171154,27162171028,0,0,125
13568,0,27164173778,27164173671,0,0,106
13569,0,27166176094,27166175988,0,0,105
13570,0,27168178191,27168178060,0,0,130
13571,0,27170179989,27170179867,0,0,122
13572,0,27172182509,27172182382,0,0,127
13573,0,27174184903,27174184782,0,0,121
13574,0,27176188011,27176187925,0,0,85
13575,0,27178189397,27178189281,0,0,116
13576,0,27180191473,27180191355,0,0,118
13577,0,27182194725,27182194601,0,0,124
13578,0,27184196026,27184195898,0,0,128
13579,0,27186198477,27186198343,0,0,134
13580,0,27188200246,27188200122,0,0,123
13581,0,27190203652,27190203499,0,0,152
13582,0,27192205796,27192205653,0,0,142
13583,0,27194207472,27194207344,0,0,128
13584,0,27196210686,27196210559,0,0,126
13585,0,27198210982,27198210865,0,0,116
13586,0,27200214400,27200214274,0,0,126
13587,0,27202216510,27202216383,0,0,126
13588,0,27204217931,27204217813,0,0,118
13589,0,27206220006,27206219864,0,0,142
13590,0,27208222157,27208222032,0,0,124
13591,0,27210225469,27210225343,0,0,125
13592,0,27212227040,27212226898,0,0,142
13593,0,27214229264,27214229129,0,0,134
13594,0,27216232469,27216232379,0,0,89
13595,0,27218233204,27218233098,0,0,105
13596,0,27220235723,27220235634,0,0,88
13597,0,27222237640,27222237537,0,0,102
13598,0,27224240406,27224240299,0,0,106
13599,0,27226242620,27226242534,0,0,85
13600,0,27228244692,27228244610,0,0,82
13601,0,27230247101,27230246995,0,0,106
13602,0,27232249276,27232249167,0,0,108
13603,0,27234250799,27234250640,0,0,158
13604,0,27236252879,27236252732,0,0,146
13605,0,27238255861,27238255699,0,0,161
13606,0,27240258119,27240257975,0,0,143
13607,0,27242260079,27242259939,0,0,140
13608,0,27244262498,27244262349,0,0,148
13609,0,27246265001,27246264869,0,0,132
13610,0,27248267061,27248266954,0,0,107
13611,0,27250269476,27250269351,0,0,124
13612,0,27252271278,27252271196,0,0,82
13613,0,27254273792,27254273667,0,0,125
13614,0,27256276534,27256276449,0,0,84
13615,0,27258277905,27258277791,0,0,114
13616,0,27260280298,27260280187,0,0,110
13617,0,27262282892,27262282757,0,0,134
13618,0,27264284660,27264284557,0,0,103
13619,0,27266286728,27266286617,0,0,110
13620,0,27268288332,27268288225,0,0,106
13621,0,27270291556,27270291453,0,0,103
13622,0,27272293472,27272293392,0,0,80
13623,0,27274295618,27274295514,0,0,103
13624,0,27276298391,27276298276,0,0,114
13625,0,27278300242,27278300136,0,0,105
13626,0,27280302839,27280302725,0,0,113
13627,0,27282306000,27282305858,0,0,142
13628,0,27284307149,27284307034,0,0,114
13629,0,27286309726,27286309594,0,0,132
13630,0,27288311114,27288311004,0,0,110
13631,0,27290313718,27290313572,0,0,146
13632,0,27292316453,27292316348,0,0,105
13633,0,27294319673,27294319543,0,0,130
13634,0,27296321581,27296321453,0,0,127
13635,0,27298322507,27298322359,0,0,148
13636,0,27300325770,27300325625,0,0,145
13637,0,27302328501,27302328361,0,0,140
13638,0,27304329400,27304329265,0,0,134
13639,0,27306331463,27306331348,0,0,114
13640,0,27308333817,27308333685,0,0,132
13641,0,27310336562,27310336438,0,0,124
13642,0,27312340134,27312340022,0,0,112
13643,0,27314342101,27314341978,0,0,123
13644,0,27316344436,27316344318,0,0,118
13645,0,27318346720,27318346572,0,0,148
13646,0,27320348197,27320348071,0,0,125
13647,0,27322349837,27322349713,0,0,123
13648,0,27324352374,27324352253,0,0,120
13649,0,27326354061,27326353928,0,0,133
13650,0,27328356280,27328356162,0,0,118
13651,0,27330358149,27330358011,0,0,138
13652,0,27332360840,27332360695,0,0,144
13653,0,27334363736,27334363593,0,0,142
13654,0,27336365097,27336364973,0,0,124
13655,0,27338366972,27338366831,0,0,140
13656,0,27340369544,27340369387,0,0,157
13657,0,27342371573,27342371449,0,0,124
13658,0,27344373990,27344373876,0,0,114
13659,0,27346375676,27346375543,0,0,132
13660,0,27348378505,27348378398,0,0,106
13661,0,27350381483,27350381374,0,0,109
13662,0,27352384209,27352384101,0,0,107
13663,0,27354385043,27354384938,0,0,105
13664,0,27356387528,27356387417,0,0,110
13665,0,27358389743,27358389622,0,0,121
13666,0,27360392622,27360392498,0,0,124
13667,0,27362394900,27362394765,0,0,134
13668,0,27364396388,27364396249,0,0,139
13669,0,27366398496,27366398376,0,0,119
13670,0,27368400568,27368400486,0,0,82
13671,0,27370402568,27370402455,0,0,112
13672,0,27372406379,27372406243,0,0,136
13673,0,27374407451,27374407305,0,0,146
13674,0,27376409761,27376409653,0,0,107
13675,0,27378411440,27378411304,0,0,136
13676,0,27380413990,27380413873,0,0,116
13677,0,27382417811,27382417687,0,0,124
13678,0,27384419283,27384419171,0,0,112
13679,0,27386420779,27386420651,0,0,128
13680,0,27388422991,27388422869,0,0,122
13681,0,27390425055,27390424908,0,0,146
13682,0,27392427291,27392427177,0,0,114
13683,0,27394429277,27394429130,0,0,147
13684,0,27396431677,27396431565,0,0,112
13685,0,27398433602,27398433453,0,0,148
13686,0,27400435680,27400435566,0,0,114
13687,0,27402438286,27402438155,0,0,130
13688,0,27404440333,27404440229,0,0,103
13689,0,27406442562,27406442431,0,0,131
13690,0,27408445031,27408444926,0,0,104
13691,0,27410448341,27410448234,0,0,106
13692,0,27412449341,27412449252,0,0,88
13693,0,27414451400,27414451271,0,0,128
13694,0,27416454315,27416454174,0,0,141
13695,0,27418456289,27418456161,0,0,127
13696,0,27420458519,27420458400,0,0,118
13697,0,27422460145,27422460024,0,0,121
13698,0,27424463055,27424462933,0,0,121
13699,0,27426464463,27426464355,0,0,108
13700,0,27428466665,27428466536,0,0,128
13701,0,27430469193,27430469061,0,0,131
13702,0,27432473341,27432473259,0,0,81
13703,0,27434475764,27434475647,0,0,116
13704,0,27436476253,27436476110,0,0,143
13705,0,27438478051,27438477916,0,0,134
13706,0,27440480576,27440480474,0,0,102
13707,0,27442482290,27442482158,0,0,132
13708,0,27444484834,27444484730,0,0,104
13709,0,27446487941,27446487829,0,0,112
13710,0,27448490320,27448490215,0,0,104
13711,0,27450493688,27450493574,0,0,114
13712,0,27452495431,27452495319,0,0,111
13713,0,27454495883,27454495762,0,0,121
13714,0,27456497813,27456497706,0,0,107
13715,0,27458500422,27458500337,0,0,85
13716,0,27460502818,27460502705,0,0,112
13717,0,27462504880,27462504769,0,0,111
13718,0,27464507314,27464507229,0,0,85
13719,0,27466508934,27466508831,0,0,103
13720,0,27468511065,27468510950,0,0,114
13721,0,27470512829,27470512713,0,0,116
13722,0,27472516565,27472516452,0,0,112
13723,0,27474518386,27474518269,0,0,116
13724,0,27476520893,27476520784,0,0,108
13725,0,27478522941,27478522804,0,0,137
13726,0,27480524844,27480524737,0,0,106
13727,0,27482528491,27482528386,0,0,104
13728,0,27484529681,27484529552,0,0,129
13729,0,27486531912,27486531786,0,0,125
13730,0,27488535230,27488535141,0,0,88
13731,0,27490535949,27490535838,0,0,110
13732,0,27492539199,27492539094,0,0,104
13733,0,27494541842,27494541765,0,0,77
13734,0,27496543410,27496543283,0,0,126
13735,0,27498545554,27498545442,0,0,112
13736,0,27500547519,27500547415,0,0,104
13737,0,27502549587,27502549485,0,0,102
13738,0,27504552088,27504551982,0,0,105
13739,0,27506554060,27506553941,0,0,118
13740,0,27508557729,27508557635,0,0,94
13741,0,27510560971,27510560840,0,0,131
13742,0,27512561651,27512561569,0,0,82
13743,0,27514563887,27514563767,0,0,120
13744,0,27516565945,27516565826,0,0,119
13745,0,27518567426,27518567294,0,0,132
13746,0,27520569400,27520569294,0,0,105
13747,0,27522571768,27522571644,0,0,123
13748,0,27524574903,27524574786,0,0,116
13749,0,27526577251,27526577128,0,0,123
13750,0,27528579258,27528579162,0,0,96
13751,0,27530580759,27530580633,0,0,125
13752,0,27532583769,27532583653,0,0,116
13753,0,27534585957,27534585847,0,0,110
13754,0,27536588087,27536587959,0,0,128
13755,0,27538590512,27538590377,0,0,134
13756,0,27540592053,27540591930,0,0,123
13757,0,27542593993,27542593862,0,0,130
13758,0,27544596521,27544596415,0,0,105
13759,0,27546598707,27546598582,0,0,125
13760,0,27548601044,27548600936,0,0,107
13761,0,27550603615,27550603468,0,0,146
13762,0,27552606017,27552605901,0,0,116
13763,0,27554607462,27554607337,0,0,125
13764,0,27556610469,27556610367,0,0,102
13765,0,27558613048,27558612927,0,0,121
13766,0,27560613905,27560613791,0,0,114
13767,0,27562615931,27562615804,0,0,127
13768,0,27564618257,27564618148,0,0,108
13769,0,27566622022,27566621904,0,0,118
13770,0,27568623186,27568623065,0,0,121
13771,0,27570625042,27570624897,0,0,144
13772,0,27572627624,27572627521,0,0,102
13773,0,27574630134,27574629986,0,0,148
13774,0,27576632909,27576632764,0,0,144
13775,0,27578634258,27578634125,0,0,132
13776,0,27580636675,27580636552,0,0,122
13777,0,27582639570,27582639427,0,0,142
13778,0,27584640403,27584640256,0,0,146
13779,0,27586643215,27586643092,0,0,123
13780,0,27588645654,27588645492,0,0,162
13781,0,27590647564,27590647395,0,0,168
13782,0,27592650062,27592649925,0,0,137
13783,0,27594651639,27594651516,0,0,123
13784,0,27596654222,27596654051,0,0,170
13785,0,27598656059,27598655900,0,0,159
13786,0,27600658801,27600658669,0,0,132
13787,0,27602660999,27602660850,0,0,148
13788,0,27604663332,27604663191,0,0,141
13789,0,27606666350,27606666206,0,0,144
13790,0,27608667469,27608667330,0,0,139
13791,0,27610670096,27610669966,0,0,130
13792,0,27612673072,27612672950,0,0,121
13793,0,27614674932,27614674802,0,0,130
13794,0,27616677656,27616677548,0,0,108
13795,0,27618678698,27618678564,0,0,134
13796,0,27620681197,27620681065,0,0,132
13797,0,27622683019,27622682878,0,0,141
13798,0,27624685831,27624685712,0,0,118
13799,0,27626688521,27626688379,0,0,141
13800,0,27628689561,27628689414,0,0,146
13801,0,27630691826,27630691678,0,0,147
13802,0,27632694573,27632694458,0,0,114
13803,0,27634697042,27634696914,0,0,128
13804,0,27636698775,27636698666,0,0,108
13805,0,27638701396,27638701247,0,0,148
13806,0,27640703967,27640703848,0,0,119
13807,0,27642704917,27642704773,0,0,144
13808,0,27644707296,27644707176,0,0,120
13809,0,27646709946,27646709802,0,0,143
13810,0,27648711919,27648711833,0,0,85
13811,0,27650714024,27650713912,0,0,112
13812,0,27652716946,27652716827,0,0,118
13813,0,27654719788,27654719627,0,0,160
13814,0,27656721207,27656721123,0,0,83
13815,0,27658722804,27658722677,0,0,126
13816,0,27660725216,27660725100,0,0,116
13817,0,27662727584,27662727460,0,0,123
13818,0,27664729728,27664729616,0,0,111
13819,0,27666732370,27666732252,0,0,118
13820,0,27668734386,27668734284,0,0,102
13821,0,27670735880,27670735757,0,0,122
13822,0,27672738885,27672738757,0,0,128
13823,0,27674740689,27674740561,0,0,128
13824,0,27676743516,27676743397,0,0,118
13825,0,27678745323,27678745205,0,0,117
13826,0,27680747742,27680747617,0,0,125
13827,0,27682751358,27682751228,0,0,130
13828,0,27684753619,27684753504,0,0,114
13829,0,27686755062,27686754951,0,0,111
13830,0,27688756291,27688756152,0,0,138
13831,0,27690758417,27690758285,0,0,132
13832,0,27692761542,27692761412,0,0,130
13833,0,27694764071,27694763927,0,0,144
13834,0,27696766047,27696765937,0,0,110
13835,0,27698768971,27698768857,0,0,114
13836,0,27700770205,27700770119,0,0,85
13837,0,27702774072,27702773952,0,0,120
13838,0,27704775382,27704775277,0,0,104
13839,0,27706777011,27706776887,0,0,124
13840,0,27708779982,27708779872,0,0,109
13841,0,27710781490,27710781375,0,0,114
13842,0,27712784447,27712784346,0,0,100
13843,0,27714785193,27714785081,0,0,111
13844,0,27716788327,27716788219,0,0,107
13845,0,27718790651,27718790532,0,0,119
13846,0,27720791770,27720791664,0,0,106
13847,0,27722795374,27722795289,0,0,85
13848,0,27724796640,27724796514,0,0,126
13849,0,27726798323,27726798206,0,0,116
13850,0,27728801451,27728801348,0,0,103
13851,0,27730803911,27730803788,0,0,122
13852,0,27732805633,27732805550,0,0,83
13853,0,27734807709,27734807599,0,0,110
13854,0,27736810027,27736809914,0,0,112
13855,0,27738812258,27738812169,0,0,89
13856,0,27740814490,27740814376,0,0,114
13857,0,27742816128,27742816018,0,0,110
13858,0,27744818804,27744818704,0,0,99
13859,0,27746821454,27746821346,0,0,108
13860,0,27748823463,27748823346,0,0,117
13861,0,27750825651,27750825509,0,0,142
13862,0,27752827384,27752827301,0,0,83
13863,0,27754829471,27754829369,0,0,102
13864,0,27756831849,27756831748,0,0,101
13865,0,27758834353,27758834242,0,0,111
13866,0,27760836793,27760836711,0,0,81
13867,0,27762839867,27762839751,0,0,115
13868,0,27764841788,27764841706,0,0,82
13869,0,27766844740,27766844629,0,0,111
13870,0,27768846508,27768846420,0,0,88
13871,0,27770847583,27770847460,0,0,123
13872,0,27772849917,27772849804,0,0,112
13873,0,27774852521,27774852400,0,0,121
13874,0,27776855552,27776855431,0,0,120
13875,0,27778856719,27778856590,0,0,128
13876,0,27780859074,27780858968,0,0,105
13877,0,27782862101,27782861985,0,0,115
13878,0,27784863104,27784862999,0,0,104
13879,0,27786865204,27786865063,0,0,141
13880,0,27788867765,27788867658,0,0,106
13881,0,27790870215,27790870092,0,0,123
13882,0,27792872815,27792872689,0,0,126
13883,0,27794875071,27794874948,0,0,123
13884,0,27796876934,27796876831,0,0,103
13885,0,27798879127,27798878996,0,0,130
13886,0,27800882208,27800882102,0,0,106
13887,0,27802883381,27802883251,0,0,130
13888,0,27804885684,27804885578,0,0,105
13889,0,27806887490,27806887350,0,0,140
13890,0,27808889908,27808889784,0,0,123
13891,0,27810892047,27810891928,0,0,119
13892,0,27812894874,27812894750,0,0,123
13893,0,27814897946,27814897808,0,0,137
13894,0,27816898714,27816898611,0,0,102
13895,0,27818901183,27818901056,0,0,126
13896,0,27820903481,27820903342,0,0,139
13897,0,27822905210,27822905081,0,0,128
13898,0,27824908030,27824907883,0,0,146
13899,0,27826909669,27826909528,0,0,141
13900,0,27828912040,27828911876,0,0,164
13901,0,27830915287,27830915114,0,0,173
13902,0,27832917673,27832917543,0,0,129
13903,0,27834919835,27834919673,0,0,162
13904,0,27836922622,27836922465,0,0,157
13905,0,27838924454,27838924302,0,0,152
13906,0,27840925356,27840925243,0,0,112
13907,0,27842927924,27842927811,0,0,112
13908,0,27844929968,27844929842,0,0,125
13909,0,27846932256,27846932137,0,0,119
13910,0,27848934265,27848934144,0,0,121
13911,0,27850936560,27850936453,0,0,107
13912,0,27852938525,27852938395,0,0,130
13913,0,27854940938,27854940817,0,0,121
13914,0,27856943786,27856943655,0,0,131
13915,0,27858947068,27858946943,0,0,124
13916,0,27860949067,27860948950,0,0,116
13917,0,27862949951,27862949806,0,0,144
13918,0,27864952083,27864952002,0,0,80
13919,0,27866954486,27866954382,0,0,104
13920,0,27868957047,27868956903,0,0,143
13921,0,27870958220,27870958085,0,0,135
13922,0,27872960109,27872959972,0,0,137
13923,0,27874963384,27874963228,0,0,156
13924,0,27876965888,27876965762,0,0,125
13925,0,27878969276,27878969136,0,0,140
13926,0,27880971188,27880971049,0,0,139
13927,0,27882973364,27882973215,0,0,148
13928,0,27884974760,27884974621,0,0,139
13929,0,27886976114,27886975967,0,0,147
13930,0,27888978993,27888978888,0,0,104
13931,0,27890981833,27890981720,0,0,112
13932,0,27892984639,27892984557,0,0,82
13933,0,27894985378,27894985249,0,0,128
13934,0,27896988415,27896988296,0,0,119
13935,0,27898991808,27898991687,0,0,121
13936,0,27900993517,27900993411,0,0,105
13937,0,27902994520,27902994379,0,0,141
13938,0,27904996443,27904996302,0,0,141
13939,0,27906998644,27906998512,0,0,132
13940,0,27909001341,27909001215,0,0,125
13941,0,27911003700,27911003569,0,0,130
13942,0,27913005529,27913005386,0,0,143
13943,0,27915007575,27915007462,0,0,112
13944,0,27917011361,27917011233,0,0,128
13945,0,27919012555,27919012409,0,0,145
13946,0,27921014345,27921014236,0,0,108
13947,0,27923017047,27923016942,0,0,104
13948,0,27925019351,27925019231,0,0,120
13949,0,27927022483,27927022350,0,0,132
13950,0,27929023074,27929022961,0,0,112
13951,0,27931025669,27931025562,0,0,107
13952,0,27933028087,27933027970,0,0,117
13953,0,27935029456,27935029348,0,0,107
13954,0,27937032295,27937032185,0,0,110
13955,0,27939034375,27939034254,0,0,121
13956,0,27941037253,27941037131,0,0,122
13957,0,27943039568,27943039444,0,0,124
13958,0,27945041409,27945041324,0,0,85
13959,0,27947043022,27947042939,0,0,83
13960,0,27949045293,27949045185,0,0,107
13961,0,27951047895,27951047786,0,0,109
13962,0,27953050206,27953050079,0,0,126
13963,0,27955051934,27955051827,0,0,106
13964,0,27957055680,27957055559,0,0,120
13965,0,27959057604,27959057500,0,0,104
13966,0,27961059799,27961059672,0,0,126
13967,0,27963061094,27963060979,0,0,114
13968,0,27965063398,27965063284,0,0,114
13969,0,27967066119,27967066015,0,0,103
13970,0,27969068406,27969068294,0,0,112
13971,0,27971070045,27971069906,0,0,139
13972,0,27973072950,27973072819,0,0,130
13973,0,27975075216,27975075067,0,0,148
13974,0,27977076988,27977076870,0,0,118
13975,0,27979078827,27979078723,0,0,104
13976,0,27981081737,27981081597,0,0,139
13977,0,27983085760,27983085650,0,0,110
13978,0,27985085655,27985085552,0,0,103
13979,0,27987087667,27987087550,0,0,116
13980,0,27989090440,27989090336,0,0,103
13981,0,27991092165,27991092028,0,0,137
13982,0,27993094437,27993094332,0,0,104
13983,0,27995097875,27995097760,0,0,114
13984,0,27997099170,27997099088,0,0,82
13985,0,27999101276,27999101148,0,0,128
13986,0,28001103148,28001103044,0,0,103
13987,0,28003105584,28003105453,0,0,130
13988,0,28005108856,28005108743,0,0,112
13989,0,28007111235,28007111112,0,0,122
13990,0,28009112431,28009112327,0,0,104
13991,0,28011114476,28011114361,0,0,114
13992,0,28013116900,28013116771,0,0,128
13993,0,28015119053,28015118946,0,0,107
13994,0,28017121529,28017121420,0,0,109
13995,0,28019123986,28019123874,0,0,112
13996,0,28021126907,28021126851,0,0,56
13997,0,28023128372,28023128249,0,0,123
13998,0,28025130550,28025130448,0,0,102
13999,0,28027132633,28027132497,0,0,135
14000,0,28029135224,28029135109,0,0,114
14001,0,28031137539,28031137430,0,0,109
14002,0,28033138917,28033138793,0,0,124
14003,0,28035142310,28035142324,0,0,-14
14004,0,28037143325,28037143213,0,0,112
14005,0,28039145982,28039145873,0,0,108
14006,0,28041148214,28041148091,0,0,123
14007,0,28043149681,28043149575,0,0,105
14008,0,28045152512,28045152409,0,0,102
14009,0,28047154635,28047154523,0,0,112
14010,0,28049156910,28049156793,0,0,116
14011,0,28051159435,28051159301,0,0,134
14012,0,28053161224,28053161143,0,0,80
14013,0,28055163274,28055163117,0,0,156
14014,0,28057165845,28057165739,0,0,106
14015,0,28059168262,28059168123,0,0,138
14016,0,28061170344,28061170229,0,0,115
14017,0,28063171976,28063171839,0,0,137
14018,0,28065174776,28065174633,0,0,142
14019,0,28067176372,28067176213,0,0,158
14020,0,28069179090,28069178943,0,0,146
14021,0,28071180943,28071180780,0,0,163
14022,0,28073183202,28073183080,0,0,121
14023,0,28075185573,28075185424,0,0,148
14024,0,28077187375,28077187229,0,0,146
14025,0,28079189312,28079189186,0,0,125
14026,0,28081192590,28081192465,0,0,124
14027,0,28083195546,28083195402,0,0,144
14028,0,28085197010,28085196898,0,0,112
14029,0,28087199495,28087199373,0,0,122
14030,0,28089201202,28089201098,0,0,104
14031,0,28091203800,28091203695,0,0,104
14032,0,28093206210,28093206071,0,0,138
14033,0,28095207013,28095206899,0,0,114
14034,0,28097209649,28097209549,0,0,100
14035,0,28099212269,28099212152,0,0,116
14036,0,28101213880,28101213777,0,0,103
14037,0,28103217335,28103217206,0,0,128
14038,0,28105218893,28105218784,0,0,108
14039,0,28107221665,28107221553,0,0,112
14040,0,28109223772,28109223638,0,0,133
14041,0,28111226678,28111226573,0,0,104
14042,0,28113228300,28113228163,0,0,137
14043,0,28115230209,28115230069,0,0,140
14044,0,28117232291,28117232170,0,0,121
14045,0,28119234316,28119234184,0,0,132
14046,0,28121236631,28121236528,0,0,102
14047,0,28123239152,28123239033,0,0,118
14048,0,28125240842,28125240728,0,0,114
14049,0,28127243239,28127243113,0,0,125
14050,0,28129245361,28129245254,0,0,106
14051,0,28131247756,28131247635,0,0,121
14052,0,28133250764,28133250620,0,0,143
14053,0,28135253985,28135253878,0,0,107
14054,0,28137256130,28137256042,0,0,88
14055,0,28139256629,28139256521,0,0,107
14056,0,28141258827,28141258712,0,0,114
14057,0,28143261564,28143261461,0,0,103
14058,0,28145263982,28145263861,0,0,121
14059,0,28147266710,28147266581,0,0,128
14060,0,28149268085,28149267948,0,0,136
14061,0,28151271748,28151271591,0,0,157
14062,0,28153273768,28153273679,0,0,88
14063,0,28155274511,28155274398,0,0,112
14064,0,28157277269,28157277112,0,0,157
14065,0,28159278876,28159278730,0,0,146
14066,0,28161281391,28161281256,0,0,135
14067,0,28163284064,28163283923,0,0,140
14068,0,28165286045,28165285903,0,0,142
14069,0,28167288346,28167288221,0,0,124
14070,0,28169290379,28169290275,0,0,103
14071,0,28171292583,28171292439,0,0,143
14072,0,28173294529,28173294426,0,0,102
14073,0,28175296564,28175296438,0,0,125
14074,0,28177299031,28177298947,0,0,84
14075,0,28179301573,28179301465,0,0,107
14076,0,28181303995,28181303855,0,0,140
14077,0,28183307243,28183307129,0,0,114
14078,0,28185308166,28185308058,0,0,107
14079,0,28187310239,28187310128,0,0,110
14080,0,28189313322,28189313215,0,0,106
14081,0,28191315024,28191314906,0,0,118
14082,0,28193316536,28193316428,0,0,107
14083,0,28195319254,28195319146,0,0,108
14084,0,28197321635,28197321510,0,0,124
14085,0,28199323896,28199323777,0,0,119
14086,0,28201325624,28201325527,0,0,96
14087,0,28203328125,28203328012,0,0,112
14088,0,28205330417,28205330280,0,0,137
14089,0,28207332587,28207332475,0,0,112
14090,0,28209334505,28209334374,0,0,130
14091,0,28211337138,28211337024,0,0,114
14092,0,28213339244,28213339139,0,0,105
14093,0,28215342312,28215342191,0,0,121
14094,0,28217344718,28217344595,0,0,122
14095,0,28219346534,28219346398,0,0,136
14096,0,28221349518,28221349415,0,0,103
14097,0,28223350692,28223350588,0,0,104
14098,0,28225352366,28225352252,0,0,114
14099,0,28227355047,28227354928,0,0,119
14100,0,28229358103,28229357981,0,0,122
14101,0,28231359766,28231359627,0,0,138
14102,0,28233362919,28233362791,0,0,128
14103,0,28235364058,28235363936,0,0,121
14104,0,28237366173,28237366049,0,0,124
14105,0,28239368386,28239368267,0,0,118
14106,0,28241371400,28241371292,0,0,108
14107,0,28243373962,28243373831,0,0,130
14108,0,28245374930,28245374842,0,0,87
14109,0,28247376914,28247376784,0,0,129
14110,0,28249379172,28249379099,0,0,72
14111,0,28251381496,28251381393,0,0,103
14112,0,28253384624,28253384521,0,0,103
14113,0,28255387331,28255387217,0,0,114
14114,0,28257388038,28257387924,0,0,114
14115,0,28259390784,28259390662,0,0,122
14116,0,28261393069,28261392947,0,0,121
14117,0,28263394857,28263394733,0,0,123
14118,0,28265397076,28265396967,0,0,108
14119,0,28267400251,28267400128,0,0,123
14120,0,28269401111,28269400984,0,0,126
14121,0,28271402590,28271402464,0,0,125
14122,0,28273405812,28273405710,0,0,102
14123,0,28275407766,28275407658,0,0,107
14124,0,28277410546,28277410441,0,0,104
14125,0,28279412264,28279412142,0,0,121
14126,0,28281414883,28281414779,0,0,103
14127,0,28283418177,28283418094,0,0,83
14128,0,28285420251,28285420132,0,0,119
14129,0,28287422447,28287422372,0,0,75
14130,0,28289423476,28289423352,0,0,123
14131,0,28291425569,28291425451,0,0,118
14132,0,28293428369,28293428255,0,0,114
14133,0,28295430916,28295430806,0,0,110
14134,0,28297433689,28297433582,0,0,107
14135,0,28299434494,28299434377,0,0,116
14136,0,28301437377,28301437298,0,0,78
14137,0,28303439227,28303439117,0,0,110
14138,0,28305441706,28305441562,0,0,143
14139,0,28307444820,28307444665,0,0,154
14140,0,28309446157,28309446012,0,0,145
14141,0,28311448347,28311448266,0,0,80
14142,0,28313450898,28313450771,0,0,127
14143,0,28315453753,28315453592,0,0,161
14144,0,28317455240,28317455118,0,0,122
14145,0,28319457828,28319457674,0,0,154
14146,0,28321460411,28321460285,0,0,126
14147,0,28323461460,28323461349,0,0,110
14148,0,28325464390,28325464258,0,0,132
14149,0,28327467632,28327467519,0,0,112
14150,0,28329469330,28329469216,0,0,114
14151,0,28331470134,28331470015,0,0,118
14152,0,28333472802,28333472689,0,0,112
14153,0,28335475146,28335475022,0,0,124
14154,0,28337477328,28337477224,0,0,103
14155,0,28339479251,28339479123,0,0,128
14156,0,28341481845,28341481723,0,0,121
14157,0,28343484262,28343484139,0,0,122
14158,0,28345487448,28345487345,0,0,103
14159,0,28347488586,28347488480,0,0,105
14160,0,28349491207,28349491087,0,0,120
14161,0,28351493880,28351493752,0,0,127
14162,0,28353494781,28353494678,0,0,102
14163,0,28355496880,28355496752,0,0,128
14164,0,28357500126,28357500038,0,0,87
14165,0,28359502959,28359502844,0,0,114
14166,0,28361503726,28361503600,0,0,125
14167,0,28363505907,28363505785,0,0,122
14168,0,28365508082,28365507976,0,0,105
14169,0,28367510350,28367510238,0,0,112
14170,0,28369512940,28369512837,0,0,103
14171,0,28371515104,28371514977,0,0,126
14172,0,28373517850,28373517772,0,0,78
14173,0,28375520367,28375520242,0,0,124
14174,0,28377521696,28377521550,0,0,146
14175,0,28379523559,28379523458,0,0,101
14176,0,28381525840,28381525762,0,0,77
14177,0,28383530360,28383530239,0,0,121
14178,0,28385530932,28385530813,0,0,119
14179,0,28387533942,28387533795,0,0,147
14180,0,28389535746,28389535611,0,0,134
14181,0,28391538761,28391538620,0,0,140
14182,0,28393540388,28393540233,0,0,154
14183,0,28395541501,28395541365,0,0,136
14184,0,28397543991,28397543865,0,0,125
14185,0,28399546887,28399546771,0,0,115
14186,0,28401549973,28401549854,0,0,118
14187,0,28403551914,28403551763,0,0,150
14188,0,28405552952,28405552804,0,0,147
14189,0,28407555762,28407555635,0,0,126
14190,0,28409558165,28409558050,0,0,114
14191,0,28411559444,28411559315,0,0,128
14192,0,28413561907,28413561760,0,0,147
14193,0,28415563774,28415563643,0,0,130
14194,0,28417565791,28417565681,0,0,110
14195,0,28419568120,28419567987,0,0,132
14196,0,28421571402,28421571259,0,0,142
14197,0,28423574514,28423574386,0,0,127
14198,0,28425575143,28425575001,0,0,141
14199,0,28427577497,28427577366,0,0,131
14200,0,28429579624,28429579480,0,0,144
14201,0,28431581925,28431581793,0,0,132
14202,0,28433584155,28433584049,0,0,106
14203,0,28435586028,28435585914,0,0,114
14204,0,28437588784,28437588667,0,0,116
14205,0,28439590545,28439590414,0,0,130
14206,0,28441592625,28441592498,0,0,127
14207,0,28443595292,28443595155,0,0,137
14208,0,28445597436,28445597287,0,0,148
14209,0,28447599279,28447599139,0,0,140
14210,0,28449601712,28449601574,0,0,138
14211,0,28451604354,28451604201,0,0,152
14212,0,28453606367,28453606240,0,0,126
14213,0,28455608516,28455608384,0,0,131
14214,0,28457610446,28457610342,0,0,103
14215,0,28459612544,28459612434,0,0,110
14216,0,28461615946,28461615820,0,0,126
14217,0,28463617026,28463616886,0,0,140
14218,0,28465619528,28465619431,0,0,96
14219,0,28467621793,28467621669,0,0,123
14220,0,28469624261,28469624159,0,0,102
14221,0,28471627497,28471627368,0,0,129
14222,0,28473629543,28473629433,0,0,110
14223,0,28475630567,28475630456,0,0,110
14224,0,28477632647,28477632530,0,0,116
14225,0,28479634791,28479634678,0,0,112
14226,0,28481636782,28481636660,0,0,121
14227,0,28483640680,28483640551,0,0,128
14228,0,28485642065,28485641951,0,0,114
14229,0,28487644417,28487644299,0,0,118
14230,0,28489646821,28489646719,0,0,102
14231,0,28491648231,28491648114,0,0,116
14232,0,28493650831,28493650695,0,0,136
14233,0,28495652711,28495652584,0,0,127
14234,0,28497655210,28497655121,0,0,88
14235,0,28499657986,28499657869,0,0,116
14236,0,28501661689,28501661586,0,0,103
14237,0,28503661869,28503661756,0,0,112
14238,0,28505663890,28505663788,0,0,102
14239,0,28507666770,28507666660,0,0,110
14240,0,28509669806,28509669701,0,0,104
14241,0,28511670402,28511670285,0,0,116
14242,0,28513673128,28513673038,0,0,90
14243,0,28515675154,28515675041,0,0,112
14244,0,28517677938,28517677833,0,0,105
14245,0,28519680520,28519680411,0,0,109
14246,0,28521681862,28521681762,0,0,99
14247,0,28523683644,28523683541,0,0,103
14248,0,28525686196,28525686071,0,0,124
14249,0,28527688784,28527688661,0,0,122
14250,0,28529690559,28529690410,0,0,148
14251,0,28531693635,28531693521,0,0,114
14252,0,28533696311,28533696185,0,0,125
14253,0,28535697795,28535697658,0,0,137
14254,0,28537699443,28537699301,0,0,142
14255,0,28539702982,28539702848,0,0,134
14256,0,28541703754,28541703597,0,0,157
14257,0,28543706462,28543706301,0,0,161
14258,0,28545708385,28545708284,0,0,101
14259,0,28547710486,28547710368,0,0,118
14260,0,28549713215,28549713103,0,0,111
14261,0,28551715099,28551714991,0,0,108
14262,0,28553717804,28553717698,0,0,105
14263,0,28555720441,28555720337,0,0,104
14264,0,28557722021,28557721944,0,0,76
14265,0,28559724428,28559724329,0,0,98
14266,0,28561726460,28561726332,0,0,127
14267,0,28563728495,28563728384,0,0,110
14268,0,28565730880,28565730763,0,0,116
14269,0,28567733368,28567733224,0,0,143
14270,0,28569735053,28569734937,0,0,116
14271,0,28571737006,28571736892,0,0,114
14272,0,28573739706,28573739586,0,0,120
14273,0,28575742089,28575741966,0,0,123
14274,0,28577744220,28577744112,0,0,107
14275,0,28579747729,28579747618,0,0,110
14276,0,28581750024,28581749902,0,0,121
14277,0,28583752970,28583752824,0,0,146
14278,0,28585753102,28585752989,0,0,112
14279,0,28587754627,28587754499,0,0,128
14280,0,28589757594,28589757467,0,0,126
14281,0,28591759941,28591759792,0,0,148
14282,0,28593762418,28593762289,0,0,128
14283,0,28595765006,28595764853,0,0,152
14284,0,28597766503,28597766384,0,0,118
14285,0,28599769119,28599768998,0,0,120
14286,0,28601772008,28601771862,0,0,146
14287,0,28603773391,28603773242,0,0,148
14288,0,28605776570,28605776444,0,0,125
14289,0,28607777127,28607776998,0,0,128
14290,0,28609779622,28609779509,0,0,112
14291,0,28611781980,28611781836,0,0,143
14292,0,28613784878,28613784760,0,0,118
14293,0,28615787151,28615787004,0,0,146
14294,0,28617789410,28617789304,0,0,105
14295,0,28619790862,28619790741,0,0,121
14296,0,28621793103,28621792961,0,0,141
14297,0,28623795091,28623794978,0,0,112
14298,0,28625797901,28625797783,0,0,118
14299,0,28627800330,28627800200,0,0,130
14300,0,28629801856,28629801754,0,0,101
14301,0,28631803932,28631803795,0,0,137
14302,0,28633805540,28633805451,0,0,88
14303,0,28635807194,28635807079,0,0,114
14304,0,28637810734,28637810605,0,0,129
14305,0,28639812790,28639812670,0,0,119
14306,0,28641815498,28641815410,0,0,88
14307,0,28643817642,28643817521,0,0,121
14308,0,28645819943,28645819830,0,0,112
14309,0,28647821583,28647821448,0,0,134
14310,0,28649824610,28649824505,0,0,104
14311,0,28651827219,28651827096,0,0,122
14312,0,28653828635,28653828561,0,0,74
14313,0,28655831741,28655831617,0,0,123
14314,0,28657833570,28657833442,0,0,127
14315,0,28659836224,28659836096,0,0,128
14316,0,28661837640,28661837535,0,0,105
14317,0,28663839423,28663839309,0,0,114
14318,0,28665842080,28665841998,0,0,82
14319,0,28667844644,28667844523,0,0,121
14320,0,28669847618,28669847474,0,0,143
14321,0,28671848896,28671848781,0,0,114
14322,0,28673851465,28673851357,0,0,107
14323,0,28675853501,28675853380,0,0,121
14324,0,28677856052,28677855930,0,0,122
14325,0,28679858665,28679858549,0,0,116
14326,0,28681859584,28681859498,0,0,85
14327,0,28683863197,28683863078,0,0,119
14328,0,28685863803,28685863698,0,0,104
14329,0,28687866234,28687866123,0,0,110
14330,0,28689869201,28689869074,0,0,126
14331,0,28691872205,28691872087,0,0,118
14332,0,28693873118,28693872977,0,0,141
14333,0,28695876126,28695875993,0,0,132
14334,0,28697877701,28697877570,0,0,130
14335,0,28699880092,28699879963,0,0,128
14336,0,28701882508,28701882409,0,0,98
14337,0,28703884854,28703884720,0,0,134
14338,0,28705886283,28705886155,0,0,127
14339,0,28707888617,28707888486,0,0,130
14340,0,28709891443,28709891296,0,0,146
14341,0,28711894562,28711894420,0,0,142
14342,0,28713897046,28713896943,0,0,103
14343,0,28715898503,28715898391,0,0,112
14344,0,28717899979,28717899848,0,0,130
14345,0,28719902137,28719901982,0,0,155
14346,0,28721904499,28721904377,0,0,122
14347,0,28723906075,28723905943,0,0,132
14348,0,28725909217,28725909112,0,0,105
14349,0,28727913057,28727912916,0,0,141
14350,0,28729914430,28729914325,0,0,104
14351,0,28731915596,28731915460,0,0,136
14352,0,28733919007,28733918886,0,0,121
14353,0,28735919828,28735919715,0,0,112
14354,0,28737922111,28737921992,0,0,119
14355,0,28739924250,28739924121,0,0,129
14356,0,28741927355,28741927231,0,0,124
14357,0,28743929552,28743929415,0,0,137
14358,0,28745930568,28745930485,0,0,82
14359,0,28747932481,28747932368,0,0,112
14360,0,28749933997,28749933849,0,0,148
14361,0,28751937483,28751937337,0,0,146
14362,0,28753940396,28753940279,0,0,116
14363,0,28755942858,28755942755,0,0,103
14364,0,28757944788,28757944647,0,0,140
14365,0,28759947621,28759947518,0,0,103
14366,0,28761948829,28761948716,0,0,112
14367,0,28763950951,28763950847,0,0,104
14368,0,28765953456,28765953350,0,0,106
14369,0,28767955024,28767954916,0,0,108
14370,0,28769957780,28769957678,0,0,102
14371,0,28771959838,28771959732,0,0,105
14372,0,28773962979,28773962878,0,0,101
14373,0,28775964672,28775964561,0,0,110
14374,0,28777966321,28777966217,0,0,103
14375,0,28779968386,28779968275,0,0,111
14376,0,28781970955,28781970878,0,0,77
14377,0,28783974137,28783974030,0,0,106
14378,0,28785975911,28785975802,0,0,108
14379,0,28787978516,28787978416,0,0,100
14380,0,28789980277,28789980193,0,0,83
14381,0,28791983551,28791983429,0,0,122
14382,0,28793985663,28793985558,0,0,105
14383,0,28795986468,28795986356,0,0,112
14384,0,28797988577,28797988465,0,0,111
14385,0,28799990999,28799990886,0,0,112
14386,0,28801993075,28801992954,0,0,121
14387,0,28803995109,28803994968,0,0,141
14388,0,28805998392,28805998253,0,0,138
14389,0,28808000673,28808000555,0,0,117
14390,0,28810002153,28810002006,0,0,147
14391,0,28812005235,28812005089,0,0,146
14392,0,28814006466,28814006360,0,0,105
14393,0,28816008782,28816008648,0,0,133
14394,0,28818011453,28818011342,0,0,110
14395,0,28820013866,28820013743,0,0,123
14396,0,28822015448,28822015332,0,0,115
14397,0,28824018015,28824017865,0,0,150
14398,0,28826019802,28826019697,0,0,104
14399,0,28828022170,28828022075,0,0,95
14400,0,28830024417,28830024314,0,0,103
14401,0,28832027203,28832027090,0,0,112
14402,0,28834029914,28834029802,0,0,112
14403,0,28836031004,28836030892,0,0,112
14404,0,28838033342,28838033221,0,0,121
14405,0,28840035291,28840035173,0,0,118
14406,0,28842037651,28842037538,0,0,113
14407,0,28844039565,28844039447,0,0,117
14408,0,28846042403,28846042272,0,0,130
14409,0,28848044087,28848043975,0,0,112
14410,0,28850047430,28850047301,0,0,128
14411,0,28852050830,28852050689,0,0,140
14412,0,28854051156,28854051053,0,0,103
14413,0,28856053875,28856053713,0,0,161
14414,0,28858056721,28858056617,0,0,103
14415,0,28860057720,28860057593,0,0,127
14416,0,28862060150,28862059994,0,0,156
14417,0,28864062016,28864061883,0,0,132
14418,0,28866064579,28866064460,0,0,118
14419,0,28868067181,28868067046,0,0,134
14420,0,28870070197,28870070055,0,0,142
14421,0,28872071149,28872071006,0,0,142
14422,0,28874073239,28874073110,0,0,128
14423,0,28876075439,28876075321,0,0,118
14424,0,28878077664,28878077509,0,0,155
14425,0,28880079667,28880079542,0,0,124
14426,0,28882082935,28882082818,0,0,116
14427,0,28884086694,28884086576,0,0,117
14428,0,28886086332,28886086239,0,0,92
14429,0,28888088824,28888088693,0,0,131
14430,0,28890091896,28890091793,0,0,102
14431,0,28892093582,28892093456,0,0,126
14432,0,28894096386,28894096282,0,0,104
14433,0,28896098995,28896098876,0,0,119
14434,0,28898100652,28898100554,0,0,98
14435,0,28900102842,28900102718,0,0,123
14436,0,28902104693,28902104575,0,0,117
14437,0,28904107035,28904106891,0,0,144
14438,0,28906108797,28906108668,0,0,128
14439,0,28908111312,28908111207,0,0,104
14440,0,28910113712,28910113610,0,0,102
14441,0,28912115590,28912115451,0,0,139
14442,0,28914118294,28914118187,0,0,106
14443,0,28916120510,28916120387,0,0,122
14444,0,28918122231,28918122139,0,0,91
14445,0,28920124716,28920124591,0,0,124
14446,0,28922126737,28922126658,0,0,78
14447,0,28924129104,28924128979,0,0,125
14448,0,28926131137,28926130999,0,0,138
14449,0,28928134116,28928134010,0,0,105
14450,0,28930135874,28930135750,0,0,124
14451,0,28932137840,28932137694,0,0,146
14452,0,28934140050,28934139939,0,0,110
14453,0,28936142923,28936142788,0,0,134
14454,0,28938145391,28938145295,0,0,96
14455,0,28940146905,28940146766,0,0,138
14456,0,28942149023,28942148910,0,0,112
14457,0,28944151117,28944151011,0,0,105
14458,0,28946153365,28946153253,0,0,112
14459,0,28948155105,28948154991,0,0,114
14460,0,28950157559,28950157456,0,0,102
14461,0,28952159777,28952159674,0,0,102
14462,0,28954162703,28954162591,0,0,112
14463,0,28956164400,28956164274,0,0,126
14464,0,28958166821,28958166696,0,0,124
14465,0,28960168473,28960168350,0,0,122
14466,0,28962171053,28962170946,0,0,106
14467,0,28964173359,28964173220,0,0,139
14468,0,28966175602,28966175496,0,0,105
14469,0,28968179064,28968178933,0,0,130
14470,0,28970180178,28970180078,0,0,100
14471,0,28972182230,28972182125,0,0,104
14472,0,28974184380,28974184251,0,0,128
14473,0,28976186579,28976186467,0,0,112
14474,0,28978189649,28978189527,0,0,122
14475,0,28980191653,28980191530,0,0,122
14476,0,28982193658,28982193519,0,0,139
14477,0,28984197359,28984197233,0,0,126
14478,0,28986198542,28986198393,0,0,148
14479,0,28988200957,28988200824,0,0,132
14480,0,28990203573,28990203424,0,0,149
14481,0,28992204868,28992204737,0,0,131
14482,0,28994207288,28994207166,0,0,122
14483,0,28996210119,28996209988,0,0,131
14484,0,28998212028,28998211891,0,0,137
14485,0,29000214758,29000214597,0,0,161
14486,0,29002216006,29002215858,0,0,148
14487,0,29004217695,29004217566,0,0,129
14488,0,29006220946,29006220772,0,0,174
14489,0,29008222127,29008221979,0,0,148
14490,0,29010224512,29010224393,0,0,118
14491,0,29012226570,29012226448,0,0,121
14492,0,29014229204,29014229098,0,0,105
14493,0,29016231749,29016231606,0,0,142
14494,0,29018235134,29018234996,0,0,137
14495,0,29020236701,29020236577,0,0,124
14496,0,29022237725,29022237598,0,0,126
14497,0,29024239941,29024239833,0,0,107
14498,0,29026242210,29026242107,0,0,103
14499,0,29028244294,29028244185,0,0,108
14500,0,29030247294,29030247177,0,0,116
14501,0,29032249821,29032249695,0,0,125
14502,0,29034251185,29034251106,0,0,78
14503,0,29036253721,29036253635,0,0,85
14504,0,29038255423,29038255364,0,0,58
14505,0,29040257703,29040257570,0,0,132
14506,0,29042260580,29042260437,0,0,143
14507,0,29044262113,29044261991,0,0,122
14508,0,29046265634,29046265523,0,0,110
14509,0,29048266631,29048266513,0,0,118
14510,0,29050269449,29050269359,0,0,89
14511,0,29052273060,29052272934,0,0,125
14512,0,29054274599,29054274485,0,0,114
14513,0,29056275110,29056275004,0,0,105
14514,0,29058277537,29058277438,0,0,98
14515,0,29060279716,29060279610,0,0,105
14516,0,29062282685,29062282577,0,0,108
14517,0,29064284789,29064284667,0,0,122
14518,0,29066286694,29066286591,0,0,103
14519,0,29068288686,29068288564,0,0,122
14520,0,29070291840,29070291716,0,0,123
14521,0,29072294165,29072294045,0,0,119
14522,0,29074295649,29074295507,0,0,142
14523,0,29076297675,29076297526,0,0,148
14524,0,29078299879,29078299726,0,0,152
14525,0,29080302161,29080302035,0,0,126
14526,0,29082304672,29082304556,0,0,116
14527,0,29084308831,29084308683,0,0,148
14528,0,29086311262,29086311160,0,0,102
14529,0,29088311056,29088310930,0,0,125
14530,0,29090313333,29090313192,0,0,141
14531,0,29092315597,29092315473,0,0,124
14532,0,29094318441,29094318312,0,0,128
14533,0,29096321709,29096321584,0,0,124
14534,0,29098323725,29098323584,0,0,141
14535,0,29100324946,29100324824,0,0,121
14536,0,29102327567,29102327430,0,0,137
14537,0,29104330174,29104330044,0,0,129
14538,0,29106332662,29106332553,0,0,108
14539,0,29108336211,29108336078,0,0,132
14540,0,29110337188,29110337052,0,0,135
14541,0,29112339579,29112339429,0,0,150
14542,0,29114341395,29114341267,0,0,128
14543,0,29116342890,29116342769,0,0,121
14544,0,29118345505,29118345387,0,0,118
14545,0,29120346884,29120346750,0,0,134
14546,0,29122349073,29122348955,0,0,117
14547,0,29124352406,29124352288,0,0,118
14548,0,29126354606,29126354498,0,0,108
14549,0,29128357325,29128357213,0,0,111
14550,0,29130359212,29130359111,0,0,101
14551,0,29132359782,29132359664,0,0,118
14552,0,29134362593,29134362480,0,0,112
14553,0,29136365260,29136365137,0,0,122
14554,0,29138368171,29138368042,0,0,128
14555,0,29140368908,29140368802,0,0,106
14556,0,29142371662,29142371541,0,0,120
14557,0,29144373930,29144373808,0,0,122
14558,0,29146375480,29146375358,0,0,122
14559,0,29148378498,29148378377,0,0,121
14560,0,29150381324,29150381218,0,0,105
14561,0,29152382159,29152382031,0,0,128
14562,0,29154384983,29154384879,0,0,103
14563,0,29156387350,29156387242,0,0,107
14564,0,29158389846,29158389724,0,0,121
14565,0,29160393007,29160392871,0,0,135
14566,0,29162394355,29162394256,0,0,99
14567,0,29164395529,29164395417,0,0,111
14568,0,29166397917,29166397806,0,0,110
14569,0,29168400300,29168400174,0,0,125
14570,0,29170403359,29170403214,0,0,144
14571,0,29172405523,29172405397,0,0,125
14572,0,29174407227,29174407099,0,0,128
14573,0,29176409555,29176409438,0,0,116
14574,0,29178411525,29178411423,0,0,102
14575,0,29180414022,29180413878,0,0,144
14576,0,29182416696,29182416550,0,0,146
14577,0,29184419930,29184419807,0,0,123
14578,0,29186420467,29186420384,0,0,82
14579,0,29188422129,29188422020,0,0,108
14580,0,29190424966,29190424822,0,0,143
14581,0,29192426710,29192426601,0,0,108
14582,0,29194429735,29194429608,0,0,127
14583,0,29196432842,29196432717,0,0,125
14584,0,29198434215,29198434132,0,0,83
14585,0,29200436885,29200436773,0,0,112
14586,0,29202439398,29202439267,0,0,130
14587,0,29204440206,29204440068,0,0,137
14588,0,29206442679,29206442578,0,0,101
14589,0,29208444273,29208444160,0,0,112
14590,0,29210447235,29210447131,0,0,103
14591,0,29212449653,29212449525,0,0,127
14592,0,29214452479,29214452393,0,0,85
14593,0,29216453304,29216453187,0,0,116
14594,0,29218455809,29218455730,0,0,79
14595,0,29220457897,29220457768,0,0,128
14596,0,29222460674,29222460516,0,0,157
14597,0,29224462397,29224462279,0,0,118
14598,0,29226464818,29226464716,0,0,102
14599,0,29228467031,29228466914,0,0,116
14600,0,29230469437,29230469349,0,0,87
14601,0,29232471505,29232471366,0,0,139
14602,0,29234473991,29234473863,0,0,127
14603,0,29236476026,29236475912,0,0,114
14604,0,29238478417,29238478314,0,0,102
14605,0,29240482100,29240481975,0,0,124
14606,0,29242484192,29242484051,0,0,140
14607,0,29244485849,29244485725,0,0,123
14608,0,29246487103,29246486955,0,0,148
14609,0,29248489385,29248489260,0,0,124
14610,0,29250491678,29250491551,0,0,126
14611,0,29252493478,29252493332,0,0,146
14612,0,29254496609,29254496485,0,0,123
14613,0,29256499029,29256498886,0,0,142
14614,0,29258500785,29258500662,0,0,122
14615,0,29260502233,29260502104,0,0,128
14616,0,29262504919,29262504786,0,0,132
14617,0,29264506991,29264506869,0,0,121
14618,0,29266509797,29266509670,0,0,126
14619,0,29268512272,29268512166,0,0,105
14620,0,29270513865,29270513791,0,0,73
14621,0,29272516309,29272516192,0,0,116
14622,0,29274518496,29274518424,0,0,71
14623,0,29276520406,29276520318,0,0,88
14624,0,29278523078,29278522991,0,0,86
14625,0,29280524400,29280524254,0,0,146
14626,0,29282526639,29282526512,0,0,126
14627,0,29284530645,29284530519,0,0,125
14628,0,29286531885,29286531743,0,0,141
14629,0,29288533719,29288533560,0,0,158
14630,0,29290535802,29290535678,0,0,123
14631,0,29292538046,29292537912,0,0,133
14632,0,29294540568,29294540464,0,0,104
14633,0,29296542923,29296542798,0,0,124
14634,0,29298545326,29298545226,0,0,100
14635,0,29300548000,29300547892,0,0,107
14636,0,29302549514,29302549415,0,0,98
14637,0,29304551894,29304551779,0,0,114
14638,0,29306553470,29306553368,0,0,102
14639,0,29308556120,29308556003,0,0,116
14640,0,29310558075,29310557966,0,0,108
14641,0,29312560295,29312560175,0,0,120
14642,0,29314562321,29314562234,0,0,86
14643,0,29316564280,29316564196,0,0,84
14644,0,29318566259,29318566145,0,0,114
14645,0,29320570676,29320570567,0,0,108
14646,0,29322571485,29322571363,0,0,121
14647,0,29324573502,29324573390,0,0,112
14648,0,29326577300,29326577213,0,0,86
14649,0,29328579788,29328579652,0,0,136
14650,0,29330581885,29330581748,0,0,137
14651,0,29332583551,29332583417,0,0,134
14652,0,29334584850,29334584730,0,0,120
14653,0,29336586939,29336586785,0,0,154
14654,0,29338589178,29338589076,0,0,102
14655,0,29340591336,29340591205,0,0,130
14656,0,29342593490,29342593386,0,0,104
14657,0,29344595689,29344595556,0,0,132
14658,0,29346597939,29346597806,0,0,132
14659,0,29348600167,29348600024,0,0,142
14660,0,29350603656,29350603509,0,0,146
14661,0,29352606235,29352606090,0,0,144
14662,0,29354607098,29354606959,0,0,138
14663,0,29356608835,29356608694,0,0,140
14664,0,29358611952,29358611848,0,0,104
14665,0,29360613950,29360613823,0,0,126
14666,0,29362615692,29362615570,0,0,122
14667,0,29364617961,29364617834,0,0,126
14668,0,29366620624,29366620497,0,0,126
14669,0,29368623591,29368623436,0,0,154
14670,0,29370625629,29370625526,0,0,102
14671,0,29372628236,29372628112,0,0,124
14672,0,29374630226,29374630101,0,0,125
14673,0,29376631253,29376631137,0,0,116
14674,0,29378633879,29378633745,0,0,134
14675,0,29380636750,29380636621,0,0,128
14676,0,29382639311,29382639211,0,0,100
14677,0,29384642278,29384642129,0,0,148
14678,0,29386643227,29386643104,0,0,123
14679,0,29388644272,29388644141,0,0,130
14680,0,29390646377,29390646243,0,0,134
14681,0,29392649849,29392649716,0,0,133
14682,0,29394653033,29394652928,0,0,105
14683,0,29396654634,29396654505,0,0,128
14684,0,29398656310,29398656204,0,0,105
14685,0,29400657599,29400657478,0,0,120
14686,0,29402659549,29402659448,0,0,101
14687,0,29404662419,29404662314,0,0,104
14688,0,29406664924,29406664806,0,0,117
14689,0,29408667137,29408667008,0,0,128
14690,0,29410669657,29410669555,0,0,102
14691,0,29412672142,29412672010,0,0,132
14692,0,29414675254,29414675119,0,0,134
14693,0,29416675808,29416675674,0,0,134
14694,0,29418678020,29418677880,0,0,140
14695,0,29420680109,29420679977,0,0,131
14696,0,29422682485,29422682361,0,0,124
14697,0,29424685105,29424684991,0,0,114
14698,0,29426687665,29426687548,0,0,116
14699,0,29428690571,29428690435,0,0,135
14700,0,29430691872,29430691787,0,0,85
14701,0,29432693999,29432693882,0,0,117
14702,0,29434697640,29434697566,0,0,74
14703,0,29436699796,29436699688,0,0,107
14704,0,29438701200,29438701053,0,0,146
14705,0,29440702683,29440702535,0,0,147
14706,0,29442704828,29442704742,0,0,85
14707,0,29444707474,29444707341,0,0,132
14708,0,29446710125,29446709975,0,0,150
14709,0,29448712640,29448712516,0,0,123
14710,0,29450713556,29450713424,0,0,132
14711,0,29452715726,29452715615,0,0,110
14712,0,29454718629,29454718502,0,0,126
14713,0,29456720957,29456720836,0,0,121
14714,0,29458724363,29458724251,0,0,112
14715,0,29460726560,29460726437,0,0,123
14716,0,29462728132,29462728053,0,0,78
14717,0,29464729332,29464729215,0,0,116
14718,0,29466731422,29466731339,0,0,82
14719,0,29468734142,29468734015,0,0,126
14720,0,29470736116,29470735995,0,0,121
14721,0,29472738237,29472738116,0,0,120
14722,0,29474741320,29474741236,0,0,83
14723,0,29476742668,29476742552,0,0,115
14724,0,29478745211,29478745082,0,0,128
14725,0,29480747528,29480747424,0,0,103
14726,0,29482749147,29482749024,0,0,122
14727,0,29484752534,29484752425,0,0,108
14728,0,29486754323,29486754186,0,0,137
14729,0,29488755467,29488755350,0,0,116
14730,0,29490757681,29490757557,0,0,124
14731,0,29492760813,29492760707,0,0,105
14732,0,29494762687,29494762585,0,0,102
14733,0,29496765974,29496765867,0,0,107
14734,0,29498768276,29498768171,0,0,104
14735,0,29500769641,29500769528,0,0,112
14736,0,29502772172,29502772044,0,0,128
14737,0,29504774011,29504773901,0,0,110
14738,0,29506775918,29506775814,0,0,103
14739,0,29508778746,29508778636,0,0,109
14740,0,29510780995,29510780874,0,0,120
14741,0,29512782444,29512782340,0,0,104
14742,0,29514785020,29514784917,0,0,103
14743,0,29516787002,29516786885,0,0,116
14744,0,29518789510,29518789402,0,0,108
14745,0,29520792035,29520791917,0,0,118
14746,0,29522794408,29522794296,0,0,112
14747,0,29524797364,29524797254,0,0,109
14748,0,29526798541,29526798456,0,0,85
14749,0,29528800274,29528800156,0,0,118
14750,0,29530802883,29530802782,0,0,100
14751,0,29532805333,29532805212,0,0,121
14752,0,29534807485,29534807380,0,0,104
14753,0,29536809505,29536809379,0,0,125
14754,0,29538811654,29538811542,0,0,112
14755,0,29540814236,29540814125,0,0,110
14756,0,29542817086,29542817000,0,0,86
14757,0,29544819722,29544819613,0,0,108
14758,0,29546820377,29546820271,0,0,105
14759,0,29548822635,29548822531,0,0,103
14760,0,29550825431,29550825314,0,0,116
14761,0,29552828093,29552827997,0,0,95
14762,0,29554829689,29554829586,0,0,102
14763,0,29556831366,29556831253,0,0,112
14764,0,29558833831,29558833724,0,0,106
14765,0,29560836574,29560836447,0,0,127
14766,0,29562839179,29562839076,0,0,103
14767,0,29564841326,29564841193,0,0,132
14768,0,29566843052,29566842968,0,0,84
14769,0,29568844989,29568844879,0,0,110
14770,0,29570847253,29570847170,0,0,83
14771,0,29572849452,29572849350,0,0,102
14772,0,29574851719,29574851602,0,0,116
14773,0,29576853811,29576853671,0,0,139
14774,0,29578856047,29578855975,0,0,71
14775,0,29580857886,29580857759,0,0,127
14776,0,29582859649,29582859546,0,0,103
14777,0,29584864838,29584864716,0,0,122
14778,0,29586866216,29586866107,0,0,108
14779,0,29588867382,29588867268,0,0,114
14780,0,29590869595,29590869489,0,0,105
14781,0,29592872829,29592872700,0,0,128
14782,0,29594873941,29594873833,0,0,107
14783,0,29596876223,29596876109,0,0,114
14784,0,29598878492,29598878369,0,0,123
14785,0,29600880411,29600880292,0,0,118
14786,0,29602882775,29602882653,0,0,121
14787,0,29604884843,29604884721,0,0,122
14788,0,29606887786,29606887656,0,0,130
14789,0,29608889768,29608889620,0,0,147
14790,0,29610891829,29610891716,0,0,112
14791,0,29612894049,29612893928,0,0,120
14792,0,29614896387,29614896271,0,0,115
14793,0,29616898471,29616898352,0,0,118
14794,0,29618900976,29618900838,0,0,138
14795,0,29620902674,29620902555,0,0,119
14796,0,29622905247,29622905128,0,0,118
14797,0,29624908632,29624908504,0,0,128
14798,0,29626911541,29626911436,0,0,105
14799,0,29628913292,29628913168,0,0,123
14800,0,29630914920,29630914789,0,0,130
14801,0,29632916078,29632915916,0,0,162
14802,0,29634918847,29634918704,0,0,142
14803,0,29636920752,29636920599,0,0,152
14804,0,29638923379,29638923249,0,0,130
14805,0,29640925397,29640925248,0,0,148
14806,0,29642927218,29642927110,0,0,108
14807,0,29644929509,29644929394,0,0,114
14808,0,29646931407,29646931265,0,0,142
14809,0,29648933876,29648933732,0,0,144
14810,0,29650936396,29650936242,0,0,154
14811,0,29652938311,29652938162,0,0,148
14812,0,29654940830,29654940696,0,0,134
14813,0,29656942988,29656942831,0,0,157
14814,0,29658945286,29658945184,0,0,101
14815,0,29660947136,29660946979,0,0,157
14816,0,29662949763,29662949638,0,0,124
14817,0,29664952101,29664951959,0,0,142
14818,0,29666954270,29666954169,0,0,101
14819,0,29668957022,29668956893,0,0,128
14820,0,29670958883,29670958737,0,0,146
14821,0,29672960608,29672960470,0,0,138
14822,0,29674962817,29674962706,0,0,111
14823,0,29676964935,29676964793,0,0,142
14824,0,29678967109,29678966993,0,0,116
14825,0,29680969559,29680969420,0,0,139
14826,0,29682972080,29682971947,0,0,133
14827,0,29684975706,29684975576,0,0,130
14828,0,29686976278,29686976195,0,0,83
14829,0,29688979408,29688979280,0,0,128
14830,0,29690982260,29690982116,0,0,143
14831,0,29692982824,29692982719,0,0,105
14832,0,29694984979,29694984862,0,0,117
14833,0,29696987101,29696986993,0,0,108
14834,0,29698989546,29698989431,0,0,114
14835,0,29700992092,29700991975,0,0,116
14836,0,29702994478,29702994348,0,0,130
14837,0,29704996029,29704995887,0,0,141
14838,0,29706998631,29706998543,0,0,88
14839,0,29709001658,29709001534,0,0,124
14840,0,29711003078,29711002931,0,0,146
14841,0,29713006127,29713006002,0,0,124
14842,0,29715009584,29715009479,0,0,104
14843,0,29717010927,29717010798,0,0,128
14844,0,29719012191,29719012049,0,0,141
14845,0,29721014557,29721014408,0,0,148
14846,0,29723016801,29723016684,0,0,116
14847,0,29725018498,29725018380,0,0,118
14848,0,29727021054,29727020944,0,0,110
14849,0,29729022930,29729022811,0,0,118
14850,0,29731025228,29731025125,0,0,102
14851,0,29733027689,29733027562,0,0,127
14852,0,29735030224,29735030114,0,0,110
14853,0,29737032130,29737032011,0,0,119
14854,0,29739034183,29739034101,0,0,82
14855,0,29741036004,29741035893,0,0,111
14856,0,29743038521,29743038398,0,0,123
14857,0,29745041543,29745041429,0,0,114
14858,0,29747045143,29747045029,0,0,114
14859,0,29749045403,29749045286,0,0,116
14860,0,29751047982,29751047877,0,0,104
14861,0,29753050455,29753050322,0,0,132
14862,0,29755053032,29755052946,0,0,85
14863,0,29757054422,29757054307,0,0,114
14864,0,29759056766,29759056644,0,0,122
14865,0,29761058367,29761058248,0,0,119
14866,0,29763060753,29763060671,0,0,82
14867,0,29765063086,29765062959,0,0,126
14868,0,29767065585,29767065459,0,0,125
14869,0,29769067366,29769067243,0,0,122
14870,0,29771069604,29771069500,0,0,103
14871,0,29773071624,29773071518,0,0,105
14872,0,29775074644,29775074540,0,0,104
14873,0,29777077238,29777077112,0,0,125
14874,0,29779079842,29779079743,0,0,98
14875,0,29781080880,29781080763,0,0,116
14876,0,29783083529,29783083419,0,0,110
14877,0,29785088346,29785088233,0,0,112
14878,0,29787088492,29787088403,0,0,89
14879,0,29789089865,29789089760,0,0,104
14880,0,29791092113,29791092015,0,0,98
14881,0,29793093705,29793093598,0,0,107
14882,0,29795096451,29795096343,0,0,108
14883,0,29797099018,29797098910,0,0,108
14884,0,29799101628,29799101543,0,0,84
14885,0,29801104480,29801104356,0,0,124
14886,0,29803105564,29803105450,0,0,114
14887,0,29805108038,29805107955,0,0,83
14888,0,29807111093,29807110966,0,0,126
14889,0,29809111932,29809111832,0,0,100
14890,0,29811113990,29811113901,0,0,88
14891,0,29813116157,29813116046,0,0,110
14892,0,29815118955,29815118842,0,0,112
14893,0,29817121174,29817121064,0,0,110
14894,0,29819123180,29819123074,0,0,106
14895,0,29821125725,29821125599,0,0,126
14896,0,29823127505,29823127382,0,0,123
14897,0,29825130683,29825130570,0,0,113
14898,0,29827132246,29827132181,0,0,65
14899,0,29829134151,29829134018,0,0,132
14900,0,29831136462,29831136334,0,0,128
14901,0,29833138471,29833138343,0,0,127
14902,0,29835140560,29835140456,0,0,104
14903,0,29837143081,29837142974,0,0,107
14904,0,29839145454,29839145320,0,0,134
14905,0,29841147221,29841147108,0,0,112
14906,0,29843149983,29843149871,0,0,112
14907,0,29845151870,29845151741,0,0,128
14908,0,29847154460,29847154361,0,0,98
14909,0,29849156604,29849156497,0,0,106
14910,0,29851158478,29851158392,0,0,86
14911,0,29853161132,29853161015,0,0,116
14912,0,29855163118,29855163015,0,0,103
14913,0,29857165182,29857165053,0,0,128
14914,0,29859167343,29859167262,0,0,80
14915,0,29861169785,29861169662,0,0,123
14916,0,29863172835,29863172709,0,0,126
14917,0,29865176562,29865176432,0,0,130
14918,0,29867176886,29867176766,0,0,120
14919,0,29869178355,29869178231,0,0,123
14920,0,29871181803,29871181700,0,0,103
14921,0,29873183967,29873183822,0,0,145
14922,0,29875185885,29875185741,0,0,143
14923,0,29877188292,29877188138,0,0,153
14924,0,29879190404,29879190287,0,0,116
14925,0,29881193957,29881193791,0,0,166
14926,0,29883195214,29883195083,0,0,131
14927,0,29885198068,29885197939,0,0,128
14928,0,29887198613,29887198446,0,0,167
14929,0,29889201160,29889201017,0,0,142
14930,0,29891203384,29891203302,0,0,82
14931,0,29893205743,29893205612,0,0,130
14932,0,29895208210,29895208081,0,0,128
14933,0,29897211292,29897211151,0,0,140
14934,0,29899212209,29899212108,0,0,101
14935,0,29901214343,29901214222,0,0,121
14936,0,29903217678,29903217548,0,0,130
14937,0,29905218417,29905218289,0,0,128
14938,0,29907221036,29907220889,0,0,147
14939,0,29909223117,29909222973,0,0,144
14940,0,29911225209,29911225075,0,0,134
14941,0,29913227510,29913227383,0,0,126
14942,0,29915230914,29915230779,0,0,134
14943,0,29917233162,29917233033,0,0,128
14944,0,29919234327,29919234216,0,0,110
14945,0,29921236137,29921235987,0,0,150
14946,0,29923239337,29923239191,0,0,146
14947,0,29925242681,29925242559,0,0,122
14948,0,29927245016,29927244876,0,0,140
14949,0,29929246924,29929246744,0,0,179
14950,0,29931247937,29931247816,0,0,121
14951,0,29933249667,29933249539,0,0,128
14952,0,29935251986,29935251839,0,0,147
14953,0,29937254606,29937254463,0,0,142
14954,0,29939256898,29939256789,0,0,108
14955,0,29941260669,29941260560,0,0,109
14956,0,29943261383,29943261278,0,0,105
14957,0,29945263853,29945263716,0,0,137
14958,0,29947266208,29947266094,0,0,114
14959,0,29949267800,29949267668,0,0,132
14960,0,29951269617,29951269501,0,0,116
14961,0,29953272374,29953272237,0,0,137
14962,0,29955274642,29955274558,0,0,83
14963,0,29957276820,29957276706,0,0,113
14964,0,29959279630,29959279525,0,0,104
14965,0,29961282043,29961281896,0,0,146
14966,0,29963282698,29963282581,0,0,116
14967,0,29965284717,29965284583,0,0,134
14968,0,29967288250,29967288133,0,0,116
14969,0,29969290564,29969290438,0,0,126
14970,0,29971294159,29971294081,0,0,78
14971,0,29973295310,29973295197,0,0,112
14972,0,29975296710,29975296623,0,0,86
14973,0,29977298595,29977298491,0,0,103
14974,0,29979301946,29979301835,0,0,110
14975,0,29981306042,29981305933,0,0,108
14976,0,29983306714,29983306602,0,0,112
14977,0,29985309196,29985309080,0,0,116
14978,0,29987310049,29987309968,0,0,80
14979,0,29989312150,29989312030,0,0,120
14980,0,29991314908,29991314784,0,0,124
14981,0,29993316939,29993316822,0,0,116
14982,0,29995318903,29995318801,0,0,102
14983,0,29997321222,29997321110,0,0,112
14984,0,29999323177,29999323051,0,0,125
14985,0,30001325716,30001325610,0,0,106
14986,0,30003328324,30003328215,0,0,109
14987,0,30005330858,30005330759,0,0,98
14988,0,30007332518,30007332404,0,0,114
14989,0,30009336052,30009335912,0,0,140
14990,0,30011339316,30011339213,0,0,103
14991,0,30013340191,30013340077,0,0,114
14992,0,30015341437,30015341314,0,0,123
14993,0,30017343380,30017343256,0,0,123
14994,0,30019346688,30019346565,0,0,123
14995,0,30021348136,30021347981,0,0,155
14996,0,30023350294,30023350181,0,0,112
14997,0,30025352082,30025351950,0,0,131
14998,0,30027354451,30027354368,0,0,82
14999,0,30029356430,30029356312,0,0,118
15000,0,30031358893,30031358730,0,0,162
15001,0,30033360916,30033360796,0,0,120
15002,0,30035363701,30035363595,0,0,105
15003,0,30037366193,30037366077,0,0,115
15004,0,30039369394,30039369310,0,0,84
15005,0,30041371534,30041371425,0,0,108
15006,0,30043373238,30043373130,0,0,108
15007,0,30045375147,30045375034,0,0,112
15008,0,30047377785,30047377660,0,0,125
15009,0,30049378925,30049378813,0,0,112
15010,0,30051381534,30051381430,0,0,104
15011,0,30053383819,30053383714,0,0,104
15012,0,30055385821,30055385708,0,0,112
15013,0,30057387999,30057387874,0,0,124
15014,0,30059391017,30059390932,0,0,85
15015,0,30061392056,30061391948,0,0,107
15016,0,30063394517,30063394414,0,0,103
15017,0,30065396366,30065396258,0,0,107
15018,0,30067399244,30067399146,0,0,98
15019,0,30069401332,30069401222,0,0,110
15020,0,30071403689,30071403584,0,0,104
15021,0,30073406777,30073406647,0,0,129
15022,0,30075408934,30075408827,0,0,107
15023,0,30077410264,30077410147,0,0,116
15024,0,30079412425,30079412298,0,0,126
15025,0,30081414294,30081414186,0,0,108
15026,0,30083417082,30083416977,0,0,104
15027,0,30085420278,30085420151,0,0,126
15028,0,30087421595,30087421494,0,0,100
15029,0,30089423169,30089423060,0,0,108
15030,0,30091425574,30091425467,0,0,106
15031,0,30093428655,30093428544,0,0,110
15032,0,30095431160,30095431069,0,0,90
15033,0,30097433140,30097433013,0,0,127
15034,0,30099435105,30099434982,0,0,122
15035,0,30101438211,30101438089,0,0,121
15036,0,30103439288,30103439210,0,0,78
15037,0,30105441485,30105441359,0,0,125
15038,0,30107443960,30107443878,0,0,82
15039,0,30109446761,30109446639,0,0,122
15040,0,30111448536,30111448460,0,0,76
15041,0,30113451250,30113451096,0,0,154
15042,0,30115452904,30115452776,0,0,128
15043,0,30117456179,30117456024,0,0,155
15044,0,30119458717,30119458573,0,0,143
15045,0,30121460113,30121459955,0,0,158
15046,0,30123461296,30123461145,0,0,150
15047,0,30125463592,30125463429,0,0,162
15048,0,30127465690,30127465525,0,0,165
15049,0,30129467916,30129467797,0,0,119
15050,0,30131470728,30131470602,0,0,125
15051,0,30133473595,30133473482,0,0,112
15052,0,30135475116,30135474996,0,0,120
15053,0,30137478882,30137478757,0,0,124
15054,0,30139480263,30139480163,0,0,100
15055,0,30141481709,30141481580,0,0,128
15056,0,30143483696,30143483572,0,0,124
15057,0,30145485748,30145485607,0,0,141
15058,0,30147488125,30147488044,0,0,80
15059,0,30149490841,30149490718,0,0,123
15060,0,30151493687,30151493568,0,0,119
15061,0,30153495298,30153495179,0,0,119
15062,0,30155498051,30155497938,0,0,112
15063,0,30157499136,30157499017,0,0,119
15064,0,30159501305,30159501179,0,0,125
15065,0,30161503262,30161503114,0,0,147
15066,0,30163506697,30163506551,0,0,146
15067,0,30165509185,30165509072,0,0,112
15068,0,30167510321,30167510184,0,0,136
15069,0,30169512748,30169512599,0,0,148
15070,0,30171515408,30171515305,0,0,103
15071,0,30173517584,30173517433,0,0,150
15072,0,30175520339,30175520239,0,0,100
15073,0,30177521097,30177520968,0,0,128
15074,0,30179524104,30179524011,0,0,92
15075,0,30181526810,30181526697,0,0,112
15076,0,30183528536,30183528404,0,0,132
15077,0,30185532159,30185532029,0,0,130
15078,0,30187532204,30187532125,0,0,78
15079,0,30189534483,30189534342,0,0,140
15080,0,30191537403,30191537290,0,0,112
15081,0,30193540592,30193540444,0,0,148
15082,0,30195542684,30195542541,0,0,142
15083,0,30197543480,30197543347,0,0,132
15084,0,30199546450,30199546306,0,0,143
15085,0,30201549092,30201548943,0,0,148
15086,0,30203550624,30203550485,0,0,138
15087,0,30205552512,30205552377,0,0,135
15088,0,30207554695,30207554558,0,0,137
15089,0,30209557427,30209557290,0,0,137
15090,0,30211560168,30211560049,0,0,119
15091,0,30213561523,30213561386,0,0,137
15092,0,30215564988,30215564840,0,0,148
15093,0,30217565957,30217565814,0,0,142
15094,0,30219568322,30219568180,0,0,141
15095,0,30221570660,30221570549,0,0,111
15096,0,30223572649,30223572525,0,0,124
15097,0,30225574352,30225574238,0,0,114
15098,0,30227577273,30227577192,0,0,80
15099,0,30229578664,30229578547,0,0,116
15100,0,30231581484,30231581400,0,0,84
15101,0,30233584296,30233584159,0,0,137
15102,0,30235587153,30235587038,0,0,115
15103,0,30237587939,30237587853,0,0,85
15104,0,30239590036,30239589925,0,0,111
15105,0,30241592310,30241592200,0,0,110
15106,0,30243594926,30243594821,0,0,105
15107,0,30245597550,30245597444,0,0,105
15108,0,30247600275,30247600157,0,0,118
15109,0,30249601298,30249601166,0,0,131
15110,0,30251603287,30251603160,0,0,126
15111,0,30253605928,30253605810,0,0,118
15112,0,30255608295,30255608191,0,0,104
15113,0,30257610485,30257610368,0,0,116
15114,0,30259612585,30259612464,0,0,121
15115,0,30261614428,30261614321,0,0,106
15116,0,30263617415,30263617282,0,0,132
15117,0,30265620213,30265620084,0,0,128
15118,0,30267622146,30267622035,0,0,110
15119,0,30269623794,30269623672,0,0,121
15120,0,30271625912,30271625784,0,0,128
15121,0,30273627898,30273627771,0,0,126
15122,0,30275630606,30275630523,0,0,83
15123,0,30277632298,30277632189,0,0,108
15124,0,30279634845,30279634721,0,0,124
15125,0,30281637093,30281636955,0,0,138
15126,0,30283638869,30283638757,0,0,111
15127,0,30285642429,30285642301,0,0,128
15128,0,30287643397,30287643261,0,0,136
15129,0,30289646089,30289645961,0,0,128
15130,0,30291648510,30291648401,0,0,108
15131,0,30293651384,30293651262,0,0,122
15132,0,30295652633,30295652559,0,0,74
15133,0,30297654691,30297654586,0,0,104
15134,0,30299657044,30299656959,0,0,84
15135,0,30301659737,30301659626,0,0,110
15136,0,30303662200,30303662082,0,0,118
15137,0,30305663586,30305663491,0,0,94
15138,0,30307665938,30307665824,0,0,114
15139,0,30309667824,30309667715,0,0,108
15140,0,30311670657,30311670553,0,0,103
15141,0,30313673085,30313672962,0,0,122
15142,0,30315675128,30315675042,0,0,86
15143,0,30317677370,30317677254,0,0,115
15144,0,30319679512,30319679388,0,0,124
15145,0,30321681619,30321681532,0,0,87
15146,0,30323684087,30323683983,0,0,104
15147,0,30325685623,30325685521,0,0,102
15148,0,30327688399,30327688291,0,0,107
15149,0,30329690422,30329690300,0,0,122
15150,0,30331693845,30331693760,0,0,85
15151,0,30333694813,30333694704,0,0,108
15152,0,30335697020,30335696898,0,0,121
15153,0,30337699038,30337698934,0,0,103
15154,0,30339702056,30339701967,0,0,88
15155,0,30341704542,30341704434,0,0,107
15156,0,30343706279,30343706175,0,0,104
15157,0,30345707737,30345707608,0,0,128
15158,0,30347710412,30347710299,0,0,112
15159,0,30349712059,30349711948,0,0,111
15160,0,30351714658,30351714554,0,0,104
15161,0,30353717128,30353716992,0,0,135
15162,0,30355719536,30355719394,0,0,141
15163,0,30357721044,30357720893,0,0,151
15164,0,30359723441,30359723338,0,0,103
15165,0,30361725936,30361725769,0,0,166
15166,0,30363728523,30363728401,0,0,122
15167,0,30365730914,30365730786,0,0,128
15168,0,30367732567,30367732415,0,0,151
15169,0,30369736631,30369736505,0,0,125
15170,0,30371738044,30371737928,0,0,116
15171,0,30373739621,30373739500,0,0,121
15172,0,30375741759,30375741633,0,0,125
15173,0,30377743835,30377743687,0,0,148
15174,0,30379746186,30379746065,0,0,121
15175,0,30381747635,30381747507,0,0,127
15176,0,30383749088,30383748957,0,0,130
15177,0,30385754080,30385753963,0,0,116
15178,0,30387755402,30387755280,0,0,121
15179,0,30389757823,30389757719,0,0,103
15180,0,30391759174,30391759070,0,0,103
15181,0,30393762487,30393762364,0,0,122
15182,0,30395764892,30395764753,0,0,138
15183,0,30397766118,30397765990,0,0,128
15184,0,30399768481,30399768340,0,0,141
15185,0,30401770678,30401770561,0,0,116
15186,0,30403772584,30403772482,0,0,102
15187,0,30405774784,30405774646,0,0,138
15188,0,30407777440,30407777321,0,0,118
15189,0,30409780316,30409780191,0,0,125
15190,0,30411781580,30411781444,0,0,135
15191,0,30413783473,30413783342,0,0,130
15192,0,30415786155,30415786070,0,0,84
15193,0,30417788716,30417788583,0,0,132
15194,0,30419792038,30419791910,0,0,128
15195,0,30421794066,30421793939,0,0,127
15196,0,30423795106,30423795005,0,0,101
15197,0,30425797121,30425796982,0,0,139
15198,0,30427800048,30427799953,0,0,94
15199,0,30429801745,30429801626,0,0,119
15200,0,30431803980,30431803906,0,0,74
15201,0,30433806082,30433805966,0,0,116
15202,0,30435808366,30435808244,0,0,122
15203,0,30437810724,30437810607,0,0,116
15204,0,30439813224,30439813108,0,0,116
15205,0,30441816530,30441816392,0,0,138
15206,0,30443818367,30443818247,0,0,119
15207,0,30445819408,30445819289,0,0,119
15208,0,30447822115,30447821986,0,0,128
15209,0,30449822459,30449822328,0,0,130
15210,0,30451826564,30451826453,0,0,110
15211,0,30453828439,30453828296,0,0,142
15212,0,30455830655,30455830557,0,0,98
15213,0,30457832965,30457832802,0,0,162
15214,0,30459835132,30459834982,0,0,150
15215,0,30461837426,30461837286,0,0,140
15216,0,30463839757,30463839610,0,0,146
15217,0,30465841855,30465841683,0,0,171
15218,0,30467844177,30467844016,0,0,160
15219,0,30469846539,30469846395,0,0,143
15220,0,30471848714,30471848571,0,0,142
15221,0,30473850457,30473850314,0,0,143
15222,0,30475853692,30475853547,0,0,144
15223,0,30477856211,30477856087,0,0,123
15224,0,30479856929,30479856800,0,0,129
15225,0,30481859267,30481859124,0,0,143
15226,0,30483861986,30483861852,0,0,134
15227,0,30485865399,30485865253,0,0,146
15228,0,30487867320,30487867208,0,0,112
15229,0,30489868495,30489868348,0,0,146
15230,0,30491871056,30491870940,0,0,116
15231,0,30493873842,30493873725,0,0,116
15232,0,30495874642,30495874535,0,0,106
15233,0,30497877026,30497876885,0,0,141
15234,0,30499879606,30499879481,0,0,125
15235,0,30501881507,30501881362,0,0,144
15236,0,30503884181,30503884043,0,0,137
15237,0,30505885895,30505885750,0,0,144
15238,0,30507888415,30507888286,0,0,128
15239,0,30509890440,30509890318,0,0,121
15240,0,30511892985,30511892844,0,0,140
15241,0,30513895429,30513895310,0,0,119
15242,0,30515897703,30515897586,0,0,116
15243,0,30517900158,30517900019,0,0,139
15244,0,30519901981,30519901896,0,0,84
15245,0,30521904925,30521904807,0,0,118
15246,0,30523907739,30523907661,0,0,77
15247,0,30525909746,30525909624,0,0,121
15248,0,30527910346,30527910207,0,0,138
15249,0,30529912709,30529912577,0,0,131
15250,0,30531914900,30531914794,0,0,105
15251,0,30533917699,30533917612,0,0,87
15252,0,30535919668,30535919561,0,0,106
15253,0,30537922358,30537922227,0,0,130
15254,0,30539924265,30539924164,0,0,100
15255,0,30541926056,30541925941,0,0,114
15256,0,30543928107,30543927961,0,0,146
15257,0,30545930492,30545930379,0,0,112
15258,0,30547932827,30547932720,0,0,107
15259,0,30549935274,30549935155,0,0,118
15260,0,30551937542,30551937456,0,0,85
15261,0,30553939718,30553939608,0,0,110
15262,0,30555941619,30555941539,0,0,79
15263,0,30557944285,30557944173,0,0,112
15264,0,30559945853,30559945766,0,0,86
15265,0,30561948188,30561948083,0,0,104
15266,0,30563950707,30563950602,0,0,104
15267,0,30565954013,30565953902,0,0,110
15268,0,30567955412,30567955310,0,0,102
15269,0,30569957066,30569956961,0,0,104
15270,0,30571959874,30571959770,0,0,103
15271,0,30573962442,30573962319,0,0,123
15272,0,30575964706,30575964628,0,0,78
15273,0,30577965971,30577965847,0,0,124
15274,0,30579968481,30579968352,0,0,129
15275,0,30581970694,30581970543,0,0,151
15276,0,30583972910,30583972784,0,0,125
15277,0,30585976559,30585976395,0,0,164
15278,0,30587977706,30587977592,0,0,114
15279,0,30589980155,30589980021,0,0,134
15280,0,30591982600,30591982451,0,0,148
15281,0,30593983532,30593983458,0,0,74
15282,0,30595986389,30595986316,0,0,72
15283,0,30597988815,30597988703,0,0,112
15284,0,30599990933,30599990825,0,0,107
15285,0,30601992656,30601992549,0,0,106
15286,0,30603994796,30603994739,0,0,56
15287,0,30605997616,30605997510,0,0,106
15288,0,30607999521,30607999448,0,0,72
15289,0,30610001302,30610001171,0,0,130
15290,0,30612004307,30612004202,0,0,104
15291,0,30614005806,30614005700,0,0,106
15292,0,30616008653,30616008569,0,0,83
15293,0,30618010592,30618010447,0,0,144
15294,0,30620012760,30620012658,0,0,102
15295,0,30622015611,30622015478,0,0,132
15296,0,30624018051,30624017913,0,0,138
15297,0,30626019426,30626019280,0,0,146
15298,0,30628021925,30628021845,0,0,79
15299,0,30630023841,30630023723,0,0,118
15300,0,30632026431,30632026308,0,0,122
15301,0,30634028566,30634028456,0,0,110
15302,0,30636031061,30636030955,0,0,105
15303,0,30638032792,30638032669,0,0,122
15304,0,30640034982,30640034878,0,0,104
15305,0,30642038306,30642038161,0,0,144
15306,0,30644039818,30644039705,0,0,112
15307,0,30646041493,30646041384,0,0,108
15308,0,30648044030,30648043911,0,0,119
15309,0,30650047296,30650047119,0,0,177
15310,0,30652049748,30652049618,0,0,130
15311,0,30654051449,30654051312,0,0,136
15312,0,30656054364,30656054201,0,0,162
15313,0,30658055658,30658055518,0,0,140
15314,0,30660058849,30660058768,0,0,80
15315,0,30662060968,30662060847,0,0,121
15316,0,30664062134,30664061992,0,0,142
15317,0,30666064126,30666063995,0,0,130
15318,0,30668066057,30668065931,0,0,125
15319,0,30670068434,30670068299,0,0,134
15320,0,30672070375,30672070255,0,0,119
15321,0,30674072692,30674072565,0,0,127
15322,0,30676075649,30676075538,0,0,110
15323,0,30678078308,30678078168,0,0,140
15324,0,30680079864,30680079715,0,0,148
15325,0,30682082911,30682082791,0,0,120
15326,0,30684084120,30684083986,0,0,134
15327,0,30686088205,30686088102,0,0,103
15328,0,30688089366,30688089218,0,0,147
15329,0,30690090612,30690090479,0,0,132
15330,0,30692093302,30692093211,0,0,90
15331,0,30694095346,30694095219,0,0,126
15332,0,30696097188,30696097062,0,0,126
15333,0,30698099597,30698099462,0,0,134
15334,0,30700102634,30700102494,0,0,140
15335,0,30702105196,30702105075,0,0,121
15336,0,30704106283,30704106205,0,0,78
15337,0,30706108507,30706108379,0,0,128
15338,0,30708111332,30708111210,0,0,122
15339,0,30710113990,30710113871,0,0,118
15340,0,30712115440,30712115308,0,0,131
15341,0,30714117909,30714117786,0,0,122
15342,0,30716119527,30716119408,0,0,118
15343,0,30718122337,30718122217,0,0,120
15344,0,30720125683,30720125568,0,0,114
15345,0,30722127568,30722127459,0,0,109
15346,0,30724128877,30724128768,0,0,108
15347,0,30726130010,30726129909,0,0,101
15348,0,30728132226,30728132128,0,0,98
15349,0,30730134996,30730134887,0,0,108
15350,0,30732137566,30732137447,0,0,118
15351,0,30734139424,30734139318,0,0,106
15352,0,30736142010,30736141889,0,0,121
15353,0,30738144551,30738144411,0,0,140
15354,0,30740146474,30740146334,0,0,140
15355,0,30742148594,30742148464,0,0,130
15356,0,30744150445,30744150307,0,0,138
15357,0,30746153117,30746152968,0,0,148
15358,0,30748155242,30748155124,0,0,118
15359,0,30750157353,30750157236,0,0,116
15360,0,30752159617,30752159480,0,0,137
15361,0,30754162024,30754161879,0,0,144
15362,0,30756164158,30756164049,0,0,108
15363,0,30758166588,30758166458,0,0,130
15364,0,30760169788,30760169642,0,0,146
15365,0,30762170503,30762170369,0,0,134
15366,0,30764172483,30764172360,0,0,122
15367,0,30766173639,30766173494,0,0,144
15368,0,30768176414,30768176299,0,0,114
15369,0,30770179482,30770179348,0,0,134
15370,0,30772182435,30772182314,0,0,120
15371,0,30774184420,30774184334,0,0,86
15372,0,30776186970,30776186867,0,0,103
15373,0,30778190532,30778190405,0,0,127
15374,0,30780192004,30780191925,0,0,78
15375,0,30782193543,30782193427,0,0,115
15376,0,30784196892,30784196774,0,0,118
15377,0,30786199933,30786199825,0,0,107
15378,0,30788199727,30788199642,0,0,84
15379,0,30790201953,30790201826,0,0,126
15380,0,30792204515,30792204397,0,0,117
15381,0,30794206157,30794206037,0,0,120
15382,0,30796208179,30796208068,0,0,110
15383,0,30798210912,30798210806,0,0,105
15384,0,30800213522,30800213395,0,0,126
15385,0,30802214939,30802214831,0,0,108
15386,0,30804217815,30804217714,0,0,101
15387,0,30806220188,30806220078,0,0,110
15388,0,30808222441,30808222364,0,0,77
15389,0,30810225103,30810224996,0,0,107
15390,0,30812226953,30812226842,0,0,110
15391,0,30814229284,30814229174,0,0,110
15392,0,30816232130,30816231996,0,0,134
15393,0,30818233064,30818232960,0,0,103
15394,0,30820235449,30820235345,0,0,103
15395,0,30822237425,30822237314,0,0,111
15396,0,30824240022,30824239910,0,0,112
15397,0,30826242021,30826241897,0,0,123
15398,0,30828244480,30828244368,0,0,112
15399,0,30830246368,30830246235,0,0,132
15400,0,30832248687,30832248582,0,0,105
15401,0,30834250899,30834250794,0,0,105
15402,0,30836253704,30836253626,0,0,78
15403,0,30838256589,30838256505,0,0,84
15404,0,30840257268,30840257191,0,0,76
15405,0,30842261242,30842261141,0,0,101
15406,0,30844264526,30844264435,0,0,91
15407,0,30846265415,30846265313,0,0,102
15408,0,30848266452,30848266349,0,0,103
15409,0,30850268716,30850268568,0,0,148
15410,0,30852271145,30852271038,0,0,106
15411,0,30854272611,30854272484,0,0,127
15412,0,30856274837,30856274689,0,0,147
15413,0,30858277326,30858277189,0,0,137
15414,0,30860279299,30860279177,0,0,122
15415,0,30862281844,30862281721,0,0,123
15416,0,30864285649,30864285498,0,0,150
15417,0,30866286344,30866286217,0,0,126
15418,0,30868289432,30868289312,0,0,119
15419,0,30870291629,30870291492,0,0,137
15420,0,30872293143,30872293064,0,0,78
15421,0,30874296268,30874296137,0,0,130
15422,0,30876300115,30876300014,0,0,101
15423,0,30878301473,30878301339,0,0,134
15424,0,30880302951,30880302844,0,0,107
15425,0,30882304774,30882304655,0,0,119
15426,0,30884308450,30884308346,0,0,103
15427,0,30886311566,30886311433,0,0,132
15428,0,30888312517,30888312378,0,0,139
15429,0,30890314226,30890314096,0,0,130
15430,0,30892315569,30892315431,0,0,138
15431,0,30894317202,30894317075,0,0,126
15432,0,30896319874,30896319770,0,0,103
15433,0,30898321923,30898321782,0,0,140
15434,0,30900325200,30900325088,0,0,112
15435,0,30902327941,30902327792,0,0,148
15436,0,30904329282,30904329145,0,0,137
15437,0,30906331916,30906331779,0,0,137
15438,0,30908334431,30908334301,0,0,130
15439,0,30910335870,30910335717,0,0,152
15440,0,30912337442,30912337307,0,0,134
15441,0,30914341302,30914341156,0,0,146
15442,0,30916342372,30916342268,0,0,103
15443,0,30918344268,30918344122,0,0,146
15444,0,30920347112,30920346983,0,0,128
15445,0,30922349958,30922349809,0,0,148
15446,0,30924351131,30924350978,0,0,152
15447,0,30926353086,30926352952,0,0,134
15448,0,30928355391,30928355243,0,0,147
15449,0,30930357344,30930357237,0,0,107
15450,0,30932360547,30932360439,0,0,107
15451,0,30934362985,30934362866,0,0,119
15452,0,30936364488,30936364366,0,0,122
15453,0,30938366984,30938366865,0,0,119
15454,0,30940368832,30940368728,0,0,104
15455,0,30942371350,30942371213,0,0,137
15456,0,30944373270,30944373162,0,0,107
15457,0,30946375712,30946375587,0,0,124
15458,0,30948378451,30948378340,0,0,111
15459,0,30950380886,30950380774,0,0,112
15460,0,30952382213,30952382073,0,0,140
15461,0,30954385355,30954385223,0,0,131
15462,0,30956386301,30956386180,0,0,120
15463,0,30958388105,30958387971,0,0,134
15464,0,30960389834,30960389710,0,0,123
15465,0,30962393503,30962393383,0,0,120
15466,0,30964395974,30964395893,0,0,80
15467,0,30966398733,30966398626,0,0,107
15468,0,30968400017,30968399909,0,0,108
15469,0,30970401820,30970401676,0,0,144
15470,0,30972404501,30972404387,0,0,113
15471,0,30974407270,30974407161,0,0,109
15472,0,30976409465,30976409340,0,0,124
15473,0,30978410534,30978410390,0,0,144
15474,0,30980412946,30980412857,0,0,89
15475,0,30982415493,30982415377,0,0,115
15476,0,30984417915,30984417795,0,0,119
15477,0,30986421268,30986421137,0,0,130
15478,0,30988422015,30988421912,0,0,103
15479,0,30990424380,30990424262,0,0,117
15480,0,30992428280,30992428179,0,0,101
15481,0,30994429588,30994429468,0,0,120
15482,0,30996431842,30996431734,0,0,107
15483,0,30998434328,30998434205,0,0,122
15484,0,31000435678,31000435569,0,0,109
15485,0,31002438067,31002437918,0,0,148
15486,0,31004440188,31004440055,0,0,132
15487,0,31006442562,31006442448,0,0,114
15488,0,31008444815,31008444683,0,0,132
15489,0,31010446843,31010446722,0,0,121
15490,0,31012449361,31012449241,0,0,120
15491,0,31014452224,31014452110,0,0,114
15492,0,31016453385,31016453264,0,0,121
15493,0,31018456001,31018455862,0,0,139
15494,0,31020458297,31020458218,0,0,78
15495,0,31022460774,31022460662,0,0,111
15496,0,31024463082,31024462949,0,0,132
15497,0,31026465532,31026465404,0,0,127
15498,0,31028467037,31028466930,0,0,106
15499,0,31030469878,31030469707,0,0,170
15500,0,31032472308,31032472192,0,0,116
15501,0,31034473797,31034473653,0,0,143
15502,0,31036475805,31036475687,0,0,118
15503,0,31038478040,31038477925,0,0,114
15504,0,31040480541,31040480521,0,0,20
15505,0,31042483979,31042483853,0,0,126
15506,0,31044485530,31044485385,0,0,144
15507,0,31046486724,31046486579,0,0,144
15508,0,31048489346,31048489227,0,0,118
15509,0,31050491104,31050490961,0,0,143
15510,0,31052494209,31052494093,0,0,116
15511,0,31054496829,31054496708,0,0,121
15512,0,31056497766,31056497602,0,0,164
15513,0,31058500348,31058500217,0,0,130
15514,0,31060502450,31060502310,0,0,140
15515,0,31062505067,31062504933,0,0,134
15516,0,31064507962,31064507853,0,0,108
15517,0,31066508846,31066508709,0,0,137
15518,0,31068511080,31068510984,0,0,96
15519,0,31070514468,31070514325,0,0,142
15520,0,31072515539,31072515430,0,0,108
15521,0,31074518100,31074517987,0,0,112
15522,0,31076520674,31076520627,0,0,46
15523,0,31078523393,31078523287,0,0,106
15524,0,31080525053,31080524933,0,0,120
15525,0,31082528185,31082528078,0,0,106
15526,0,31084529588,31084529485,0,0,102
15527,0,31086533661,31086533555,0,0,106
15528,0,31088533579,31088533445,0,0,134
15529,0,31090535521,31090535400,0,0,120
15530,0,31092538329,31092538246,0,0,83
15531,0,31094541271,31094541163,0,0,107
15532,0,31096542284,31096542153,0,0,130
15533,0,31098544709,31098544596,0,0,112
15534,0,31100546786,31100546707,0,0,78
15535,0,31102548788,31102548680,0,0,107
15536,0,31104551569,31104551423,0,0,146
15537,0,31106553517,31106553408,0,0,108
15538,0,31108555626,31108555543,0,0,83
15539,0,31110558852,31110558724,0,0,128
15540,0,31112560407,31112560318,0,0,89
15541,0,31114562392,31114562283,0,0,108
15542,0,31116564934,31116564831,0,0,103
15543,0,31118566874,31118566759,0,0,114
15544,0,31120568854,31120568733,0,0,121
15545,0,31122571020,31122570871,0,0,148
15546,0,31124574020,31124573898,0,0,122
15547,0,31126576748,31126576584,0,0,164
15548,0,31128578033,31128577891,0,0,142
15549,0,31130579786,31130579643,0,0,143
15550,0,31132582602,31132582460,0,0,142
15551,0,31134584674,31134584523,0,0,150
15552,0,31136586957,31136586840,0,0,116
15553,0,31138588815,31138588685,0,0,130
15554,0,31140591539,31140591451,0,0,88
15555,0,31142593414,31142593268,0,0,146
15556,0,31144596164,31144596031,0,0,132
15557,0,31146599595,31146599470,0,0,125
15558,0,31148601900,31148601773,0,0,127
15559,0,31150602069,31150601951,0,0,117
15560,0,31152604148,31152604022,0,0,125
15561,0,31154606325,31154606193,0,0,131
15562,0,31156609237,31156609146,0,0,90
15563,0,31158610442,31158610306,0,0,135
15564,0,31160612762,31160612649,0,0,112
15565,0,31162617035,31162616896,0,0,138
15566,0,31164618656,31164618529,0,0,126
15567,0,31166620428,31166620312,0,0,116
15568,0,31168622624,31168622500,0,0,123
15569,0,31170624311,31170624173,0,0,137
15570,0,31172626523,31172626420,0,0,103
15571,0,31174628925,31174628787,0,0,138
15572,0,31176631615,31176631487,0,0,128
15573,0,31178633559,31178633441,0,0,117
15574,0,31180635688,31180635582,0,0,105
15575,0,31182637812,31182637682,0,0,130
15576,0,31184639669,31184639527,0,0,142
15577,0,31186643487,31186643362,0,0,125
15578,0,31188644903,31188644782,0,0,120
15579,0,31190646519,31190646398,0,0,120
15580,0,31192649127,31192649024,0,0,103
15581,0,31194651519,31194651386,0,0,132
15582,0,31196654097,31196653994,0,0,103
15583,0,31198656022,31198655917,0,0,104
15584,0,31200657909,31200657802,0,0,106
15585,0,31202660261,31202660131,0,0,130
15586,0,31204662469,31204662393,0,0,76
15587,0,31206664726,31206664609,0,0,116
15588,0,31208667483,31208667355,0,0,127
15589,0,31210669937,31210669815,0,0,122
15590,0,31212671375,31212671270,0,0,104
15591,0,31214673685,31214673552,0,0,132
15592,0,31216675474,31216675345,0,0,128
15593,0,31218677487,31218677359,0,0,128
15594,0,31220680671,31220680586,0,0,84
15595,0,31222682109,31222681992,0,0,116
15596,0,31224684908,31224684770,0,0,137
15597,0,31226688461,31226688316,0,0,144
15598,0,31228689852,31228689766,0,0,85
15599,0,31230691462,31230691344,0,0,118
15600,0,31232693263,31232693133,0,0,130
15601,0,31234695347,31234695222,0,0,124
15602,0,31236697598,31236697489,0,0,108
15603,0,31238700067,31238699916,0,0,150
15604,0,31240702725,31240702592,0,0,133
15605,0,31242704582,31242704444,0,0,137
15606,0,31244707152,31244707026,0,0,126
15607,0,31246708786,31246708662,0,0,123
15608,0,31248711049,31248710937,0,0,112
15609,0,31250713000,31250712884,0,0,116
15610,0,31252714786,31252714678,0,0,107
15611,0,31254718376,31254718235,0,0,140
15612,0,31256720613,31256720497,0,0,115
15613,0,31258722829,31258722700,0,0,128
15614,0,31260724764,31260724623,0,0,140
15615,0,31262726948,31262726833,0,0,114
15616,0,31264730200,31264730089,0,0,110
15617,0,31266732528,31266732399,0,0,128
15618,0,31268734616,31268734534,0,0,82
15619,0,31270736198,31270736074,0,0,124
15620,0,31272738357,31272738229,0,0,127
15621,0,31274740029,31274739912,0,0,116
15622,0,31276742760,31276742656,0,0,103
15623,0,31278744539,31278744416,0,0,123
15624,0,31280746757,31280746635,0,0,122
15625,0,31282748996,31282748875,0,0,121
15626,0,31284751411,31284751294,0,0,116
15627,0,31286755188,31286755075,0,0,112
15628,0,31288756080,31288755949,0,0,130
15629,0,31290759112,31290758961,0,0,150
15630,0,31292760785,31292760667,0,0,117
15631,0,31294761853,31294761739,0,0,113
15632,0,31296764546,31296764398,0,0,147
15633,0,31298767293,31298767144,0,0,148
15634,0,31300768895,31300768791,0,0,104
15635,0,31302770864,31302770730,0,0,134
15636,0,31304773809,31304773662,0,0,146
15637,0,31306775674,31306775535,0,0,138
15638,0,31308777786,31308777659,0,0,126
15639,0,31310780373,31310780244,0,0,128
15640,0,31312782411,31312782298,0,0,112
15641,0,31314785085,31314784986,0,0,98
15642,0,31316787179,31316787078,0,0,101
15643,0,31318789503,31318789398,0,0,105
15644,0,31320791874,31320791759,0,0,114
15645,0,31322794705,31322794588,0,0,116
15646,0,31324795516,31324795443,0,0,72
15647,0,31326797910,31326797808,0,0,102
15648,0,31328800951,31328800819,0,0,132
15649,0,31330803391,31330803253,0,0,137
15650,0,31332804322,31332804173,0,0,148
15651,0,31334806791,31334806644,0,0,146
15652,0,31336810013,31336809882,0,0,131
15653,0,31338812752,31338812602,0,0,150
15654,0,31340813966,31340813847,0,0,118
15655,0,31342816465,31342816339,0,0,125
15656,0,31344817939,31344817830,0,0,108
15657,0,31346820332,31346820191,0,0,141
15658,0,31348822757,31348822651,0,0,105
15659,0,31350824884,31350824779,0,0,104
15660,0,31352828045,31352827909,0,0,136
15661,0,31354830123,31354830011,0,0,112
15662,0,31356831305,31356831225,0,0,80
15663,0,31358833923,31358833797,0,0,126
15664,0,31360836035,31360835916,0,0,119
15665,0,31362838183,31362838074,0,0,108
15666,0,31364839972,31364839887,0,0,84
15667,0,31366842547,31366842437,0,0,110
15668,0,31368845538,31368845420,0,0,118
15669,0,31370848330,31370848190,0,0,140
15670,0,31372849932,31372849853,0,0,78
15671,0,31374852213,31374852101,0,0,112
15672,0,31376853170,31376853042,0,0,128
15673,0,31378854761,31378854644,0,0,116
15674,0,31380858713,31380858582,0,0,130
15675,0,31382861685,31382861543,0,0,141
15676,0,31384862808,31384862671,0,0,136
15677,0,31386866451,31386866306,0,0,145
15678,0,31388867258,31388867132,0,0,125
15679,0,31390869076,31390868939,0,0,137
15680,0,31392871380,31392871240,0,0,140
15681,0,31394874067,31394873939,0,0,128
15682,0,31396875890,31396875746,0,0,144
15683,0,31398877938,31398877804,0,0,134
15684,0,31400881003,31400880865,0,0,138
15685,0,31402883316,31402883161,0,0,155
15686,0,31404885486,31404885339,0,0,146
15687,0,31406887983,31406887844,0,0,138
15688,0,31408889248,31408889141,0,0,106
15689,0,31410891608,31410891488,0,0,120
15690,0,31412893660,31412893550,0,0,110
15691,0,31414896188,31414896055,0,0,132
15692,0,31416898903,31416898795,0,0,108
15693,0,31418902649,31418902539,0,0,109
15694,0,31420904881,31420904759,0,0,122
15695,0,31422904725,31422904596,0,0,128
15696,0,31424906968,31424906844,0,0,123
15697,0,31426910179,31426910051,0,0,128
15698,0,31428913328,31428913214,0,0,114
15699,0,31430914604,31430914473,0,0,130
15700,0,31432917090,31432916951,0,0,139
15701,0,31434919112,31434918977,0,0,134
15702,0,31436921107,31436921005,0,0,102
15703,0,31438923715,31438923577,0,0,138
15704,0,31440924943,31440924822,0,0,121
15705,0,31442926843,31442926722,0,0,121
15706,0,31444930018,31444929934,0,0,84
15707,0,31446933158,31446933047,0,0,110
15708,0,31448934995,31448934894,0,0,100
15709,0,31450936067,31450935952,0,0,114
15710,0,31452938889,31452938770,0,0,119
15711,0,31454941390,31454941286,0,0,103
15712,0,31456942886,31456942774,0,0,112
15713,0,31458944968,31458944853,0,0,115
15714,0,31460948397,31460948271,0,0,125
15715,0,31462949453,31462949320,0,0,132
15716,0,31464952296,31464952168,0,0,128
15717,0,31466953718,31466953572,0,0,146
15718,0,31468956434,31468956350,0,0,84
15719,0,31470958083,31470957966,0,0,116
15720,0,31472960911,31472960792,0,0,119
15721,0,31474962707,31474962568,0,0,139
15722,0,31476965682,31476965593,0,0,88
15723,0,31478968611,31478968492,0,0,118
15724,0,31480971236,31480971114,0,0,122
15725,0,31482973512,31482973368,0,0,143
15726,0,31484974569,31484974469,0,0,100
15727,0,31486977211,31486977064,0,0,147
15728,0,31488978184,31488978056,0,0,128
15729,0,31490980786,31490980649,0,0,137
15730,0,31492982948,31492982838,0,0,109
15731,0,31494984795,31494984665,0,0,130
15732,0,31496987585,31496987476,0,0,109
15733,0,31498990396,31498990249,0,0,147
15734,0,31500991261,31500991150,0,0,110
15735,0,31502993206,31502993096,0,0,110
15736,0,31504995169,31504995042,0,0,126
15737,0,31506998351,31506998238,0,0,112
15738,0,31509000700,31509000577,0,0,122
15739,0,31511002966,31511002834,0,0,131
15740,0,31513005692,31513005588,0,0,103
15741,0,31515008618,31515008483,0,0,135
15742,0,31517009167,31517009083,0,0,84
15743,0,31519012244,31519012111,0,0,132
15744,0,31521014140,31521014021,0,0,119
15745,0,31523016024,31523015902,0,0,122
15746,0,31525018124,31525018018,0,0,105
15747,0,31527020744,31527020635,0,0,108
15748,0,31529023539,31529023420,0,0,119
15749,0,31531025604,31531025475,0,0,128
15750,0,31533027071,31533026988,0,0,83
15751,0,31535029586,31535029482,0,0,104
15752,0,31537032521,31537032388,0,0,132
15753,0,31539033479,31539033350,0,0,129
15754,0,31541036568,31541036496,0,0,72
15755,0,31543038205,31543038084,0,0,121
15756,0,31545040539,31545040451,0,0,88
15757,0,31547043382,31547043249,0,0,132
15758,0,31549046129,31549046041,0,0,87
15759,0,31551047132,31551047011,0,0,121
15760,0,31553049263,31553049114,0,0,148
15761,0,31555051863,31555051760,0,0,103
15762,0,31557054029,31557053940,0,0,88
15763,0,31559056116,31559056012,0,0,104
15764,0,31561058745,31561058624,0,0,121
15765,0,31563059975,31563059850,0,0,125
15766,0,31565061561,31565061456,0,0,104
15767,0,31567064861,31567064744,0,0,116
15768,0,31569067080,31569066971,0,0,108
15769,0,31571069763,31571069654,0,0,108
15770,0,31573071995,31573071889,0,0,106
15771,0,31575074194,31575074073,0,0,121
15772,0,31577077106,31577076989,0,0,116
15773,0,31579078281,31579078154,0,0,127
15774,0,31581080512,31581080388,0,0,123
15775,0,31583082968,31583082843,0,0,124
15776,0,31585084875,31585084766,0,0,108
15777,0,31587088536,31587088395,0,0,140
15778,0,31589090211,31589090108,0,0,102
15779,0,31591092513,31591092408,0,0,104
15780,0,31593094207,31593094091,0,0,116
15781,0,31595095914,31595095783,0,0,131
15782,0,31597099212,31597099127,0,0,85
15783,0,31599101416,31599101314,0,0,102
15784,0,31601102808,31601102660,0,0,147
15785,0,31603104838,31603104724,0,0,114
15786,0,31605107517,31605107386,0,0,131
15787,0,31607109145,31607109008,0,0,137
15788,0,31609111692,31609111568,0,0,123
15789,0,31611114496,31611114384,0,0,112
15790,0,31613116093,31613115977,0,0,115
15791,0,31615118033,31615117905,0,0,128
15792,0,31617120623,31617120494,0,0,128
15793,0,31619122921,31619122813,0,0,107
15794,0,31621125206,31621125083,0,0,122
15795,0,31623127649,31623127543,0,0,105
15796,0,31625131148,31625131035,0,0,112
15797,0,31627132766,31627132623,0,0,143
15798,0,31629134148,31629134059,0,0,88
15799,0,31631136349,31631136231,0,0,118
15800,0,31633138832,31633138708,0,0,123
15801,0,31635140761,31635140631,0,0,130
15802,0,31637143297,31637143179,0,0,117
15803,0,31639145422,31639145290,0,0,132
15804,0,31641147434,31641147316,0,0,118
15805,0,31643149494,31643149366,0,0,128
15806,0,31645151848,31645151710,0,0,138
15807,0,31647154223,31647154100,0,0,123
15808,0,31649156407,31649156277,0,0,130
15809,0,31651159035,31651158896,0,0,139
15810,0,31653162321,31653162195,0,0,125
15811,0,31655165073,31655164942,0,0,130
15812,0,31657165674,31657165531,0,0,142
15813,0,31659168128,31659167986,0,0,142
15814,0,31661169576,31661169490,0,0,85
15815,0,31663171856,31663171730,0,0,125
15816,0,31665173743,31665173625,0,0,118
15817,0,31667175928,31667175755,0,0,173
15818,0,31669178833,31669178752,0,0,80
15819,0,31671181019,31671180864,0,0,155
15820,0,31673183642,31673183501,0,0,141
15821,0,31675186723,31675186593,0,0,130
15822,0,31677188375,31677188258,0,0,117
15823,0,31679190029,31679189941,0,0,87
15824,0,31681193434,31681193321,0,0,112
15825,0,31683194865,31683194692,0,0,173
15826,0,31685196212,31685196105,0,0,107
15827,0,31687199446,31687199274,0,0,172
15828,0,31689201085,31689200954,0,0,130
15829,0,31691203065,31691202903,0,0,162
15830,0,31693206161,31693206034,0,0,126
15831,0,31695207181,31695207034,0,0,146
15832,0,31697209497,31697209363,0,0,134
15833,0,31699211228,31699211076,0,0,152
15834,0,31701213109,31701212977,0,0,132
15835,0,31703216076,31703215917,0,0,158
15836,0,31705218774,31705218631,0,0,142
15837,0,31707220741,31707220595,0,0,146
15838,0,31709223162,31709223020,0,0,142
15839,0,31711225238,31711225103,0,0,134
15840,0,31713227956,31713227819,0,0,137
15841,0,31715230426,31715230300,0,0,126
15842,0,31717232008,31717231902,0,0,106
15843,0,31719233992,31719233851,0,0,141
15844,0,31721236752,31721236634,0,0,118
15845,0,31723238485,31723238339,0,0,146
15846,0,31725241295,31725241175,0,0,120
15847,0,31727244700,31727244561,0,0,139
15848,0,31729246026,31729245880,0,0,146
15849,0,31731247342,31731247201,0,0,141
15850,0,31733251043,31733250940,0,0,103
15851,0,31735252703,31735252545,0,0,158
15852,0,31737255386,31737255238,0,0,148
15853,0,31739257220,31739257063,0,0,156
15854,0,31741258396,31741258292,0,0,104
15855,0,31743260984,31743260845,0,0,138
15856,0,31745262829,31745262698,0,0,130
15857,0,31747265211,31747265070,0,0,141
15858,0,31749267300,31749267200,0,0,100
15859,0,31751269590,31751269459,0,0,130
15860,0,31753272382,31753272263,0,0,119
15861,0,31755274916,31755274804,0,0,111
15862,0,31757278150,31757278062,0,0,87
15863,0,31759279695,31759279578,0,0,116
15864,0,31761280680,31761280539,0,0,141
15865,0,31763282796,31763282678,0,0,118
15866,0,31765285619,31765285507,0,0,112
15867,0,31767287982,31767287869,0,0,112
15868,0,31769289529,31769289426,0,0,103
15869,0,31771292767,31771292654,0,0,112
15870,0,31773294364,31773294263,0,0,100
15871,0,31775296341,31775296216,0,0,124
15872,0,31777298647,31777298531,0,0,115
15873,0,31779300636,31779300507,0,0,129
15874,0,31781303898,31781303814,0,0,83
15875,0,31783306316,31783306202,0,0,114
15876,0,31785307865,31785307752,0,0,112
15877,0,31787311840,31787311701,0,0,139
15878,0,31789313576,31789313453,0,0,122
15879,0,31791315262,31791315154,0,0,108
15880,0,31793316170,31793316051,0,0,118
15881,0,31795318530,31795318418,0,0,112
15882,0,31797321193,31797321087,0,0,105
15883,0,31799323083,31799322977,0,0,106
15884,0,31801325382,31801325282,0,0,100
15885,0,31803328204,31803328080,0,0,123
15886,0,31805331003,31805330896,0,0,107
15887,0,31807331993,31807331870,0,0,122
15888,0,31809335622,31809335537,0,0,85
15889,0,31811335910,31811335793,0,0,116
15890,0,31813338480,31813338377,0,0,103
15891,0,31815341311,31815341180,0,0,130
15892,0,31817343069,31817342957,0,0,112
15893,0,31819345942,31819345799,0,0,143
15894,0,31821348854,31821348740,0,0,114
15895,0,31823349539,31823349422,0,0,117
15896,0,31825352053,31825351930,0,0,123
15897,0,31827354287,31827354159,0,0,127
15898,0,31829356590,31829356467,0,0,123
15899,0,31831358258,31831358152,0,0,105
15900,0,31833361031,31833360955,0,0,76
15901,0,31835363122,31835362995,0,0,127
15902,0,31837365186,31837365058,0,0,127
15903,0,31839368134,31839368015,0,0,118
15904,0,31841369379,31841369251,0,0,128
15905,0,31843371784,31843371655,0,0,128
15906,0,31845374130,31845374026,0,0,103
15907,0,31847376121,31847376015,0,0,106
15908,0,31849379510,31849379406,0,0,103
15909,0,31851383105,31851382970,0,0,134
15910,0,31853383689,31853383605,0,0,83
15911,0,31855387005,31855386878,0,0,126
15912,0,31857388519,31857388415,0,0,103
15913,0,31859389395,31859389280,0,0,114
15914,0,31861392261,31861392181,0,0,80
15915,0,31863394248,31863394141,0,0,107
15916,0,31865396713,31865396609,0,0,103
15917,0,31867398791,31867398681,0,0,110
15918,0,31869401011,31869400911,0,0,100
15919,0,31871403067,31871402955,0,0,112
15920,0,31873405315,31873405185,0,0,130
15921,0,31875408505,31875408373,0,0,132
15922,0,31877410442,31877410337,0,0,105
15923,0,31879412346,31879412219,0,0,126
15924,0,31881414580,31881414475,0,0,105
15925,0,31883416539,31883416396,0,0,142
15926,0,31885419136,31885419032,0,0,103
15927,0,31887423179,31887423067,0,0,112
15928,0,31889425049,31889424925,0,0,123
15929,0,31891425504,31891425393,0,0,110
15930,0,31893428046,31893427945,0,0,101
15931,0,31895430924,31895430801,0,0,123
15932,0,31897432323,31897432238,0,0,85
15933,0,31899434866,31899434740,0,0,125
15934,0,31901437516,31901437413,0,0,103
15935,0,31903438757,31903438644,0,0,112
15936,0,31905441017,31905440869,0,0,148
15937,0,31907443823,31907443685,0,0,138
15938,0,31909446955,31909446832,0,0,123
15939,0,31911448615,31911448485,0,0,130
15940,0,31913450757,31913450649,0,0,107
15941,0,31915453296,31915453164,0,0,132
15942,0,31917454319,31917454214,0,0,104
15943,0,31919456479,31919456340,0,0,139
15944,0,31921458608,31921458466,0,0,142
15945,0,31923460534,31923460379,0,0,155
15946,0,31925463276,31925463167,0,0,108
15947,0,31927466557,31927466422,0,0,134
15948,0,31929467933,31929467780,0,0,152
15949,0,31931470528,31931470379,0,0,148
15950,0,31933473393,31933473226,0,0,167
15951,0,31935474437,31935474260,0,0,176
15952,0,31937476940,31937476800,0,0,140
15953,0,31939478859,31939478746,0,0,112
15954,0,31941480782,31941480696,0,0,85
15955,0,31943483322,31943483185,0,0,137
15956,0,31945485586,31945485466,0,0,120
15957,0,31947487804,31947487671,0,0,132
15958,0,31949489812,31949489707,0,0,105
15959,0,31951491956,31951491819,0,0,137
15960,0,31953494100,31953493969,0,0,130
15961,0,31955495828,31955495696,0,0,132
15962,0,31957497657,31957497543,0,0,114
15963,0,31959500634,31959500481,0,0,152
15964,0,31961503454,31961503308,0,0,146
15965,0,31963505447,31963505315,0,0,132
15966,0,31965508444,31965508338,0,0,106
15967,0,31967509901,31967509788,0,0,112
15968,0,31969512157,31969512016,0,0,140
15969,0,31971514406,31971514266,0,0,140
15970,0,31973516539,31973516414,0,0,124
15971,0,31975518604,31975518465,0,0,138
15972,0,31977521475,31977521349,0,0,125
15973,0,31979523693,31979523544,0,0,148
15974,0,31981525136,31981525020,0,0,115
15975,0,31983527503,31983527346,0,0,157
15976,0,31985529638,31985529525,0,0,112
15977,0,31987533483,31987533356,0,0,126
15978,0,31989534568,31989534462,0,0,105
15979,0,31991536668,31991536534,0,0,133
15980,0,31993539493,31993539362,0,0,130
15981,0,31995542735,31995542602,0,0,132
15982,0,31997544610,31997544487,0,0,122
15983,0,31999545552,31999545433,0,0,119
15984,0,32001547685,32001547541,0,0,144
15985,0,32003550002,32003549856,0,0,146
15986,0,32005553746,32005553619,0,0,127
15987,0,32007555348,32007555209,0,0,139
15988,0,32009557091,32009556975,0,0,115
15989,0,32011560220,32011560091,0,0,128
15990,0,32013561707,32013561599,0,0,107
15991,0,32015564327,32015564202,0,0,124
15992,0,32017565399,32017565277,0,0,121
15993,0,32019568161,32019568051,0,0,110
15994,0,32021571256,32021571152,0,0,104
15995,0,32023572331,32023572232,0,0,98
15996,0,32025574997,32025574918,0,0,78
15997,0,32027577933,32027577819,0,0,114
15998,0,32029579574,32029579461,0,0,112
15999,0,32031582865,32031582741,0,0,124
16000,0,32033584656,32033584557,0,0,98
16001,0,32035585803,32035585688,0,0,114
16002,0,32037587866,32037587777,0,0,88
16003,0,32039589717,32039589600,0,0,116
16004,0,32041592724,32041592638,0,0,86
16005,0,32043596036,32043595916,0,0,120
16006,0,32045597730,32045597620,0,0,110
16007,0,32047599076,32047598967,0,0,108
16008,0,32049600689,32049600581,0,0,108
16009,0,32051603002,32051602892,0,0,110
16010,0,32053605700,32053605591,0,0,108
16011,0,32055607623,32055607517,0,0,105
16012,0,32057610161,32057610038,0,0,122
16013,0,32059613431,32059613302,0,0,128
16014,0,32061615559,32061615424,0,0,135
16015,0,32063617102,32063616997,0,0,104
16016,0,32065620093,32065619980,0,0,112
16017,0,32067622366,32067622215,0,0,150
16018,0,32069623363,32069623279,0,0,83
16019,0,32071625467,32071625343,0,0,123
16020,0,32073628077,32073627968,0,0,108
16021,0,32075629984,32075629827,0,0,156
16022,0,32077631953,32077631851,0,0,102
16023,0,32079634483,32079634394,0,0,88
16024,0,32081636561,32081636455,0,0,105
16025,0,32083639641,32083639534,0,0,107
16026,0,32085641518,32085641395,0,0,123
16027,0,32087644986,32087644880,0,0,106
16028,0,32089645961,32089645878,0,0,82
16029,0,32091647665,32091647555,0,0,110
16030,0,32093649896,32093649807,0,0,88
16031,0,32095652080,32095651977,0,0,102
16032,0,32097654447,32097654339,0,0,107
16033,0,32099656238,32099656125,0,0,112
16034,0,32101658752,32101658647,0,0,105
16035,0,32103660832,32103660748,0,0,84
16036,0,32105664027,32105663923,0,0,104
16037,0,32107666657,32107666528,0,0,128
16038,0,32109668415,32109668295,0,0,120
16039,0,32111671168,32111671056,0,0,112
16040,0,32113672212,32113672137,0,0,74
16041,0,32115674368,32115674249,0,0,118
16042,0,32117677139,32117677053,0,0,85
16043,0,32119679550,32119679442,0,0,107
16044,0,32121682152,32121682040,0,0,112
16045,0,32123684564,32123684442,0,0,121
16046,0,32125686579,32125686494,0,0,84
16047,0,32127689103,32127688971,0,0,131
16048,0,32129689955,32129689811,0,0,144
16049,0,32131691770,32131691666,0,0,104
16050,0,32133694384,32133694279,0,0,104
16051,0,32135696444,32135696340,0,0,103
16052,0,32137699373,32137699268,0,0,104
16053,0,32139701281,32139701152,0,0,128
16054,0,32141703417,32141703317,0,0,100
16055,0,32143705521,32143705411,0,0,110
16056,0,32145707701,32145707575,0,0,126
16057,0,32147709934,32147709799,0,0,134
16058,0,32149712710,32149712575,0,0,134
16059,0,32151714128,32151714003,0,0,124
16060,0,32153716710,32153716606,0,0,104
16061,0,32155718858,32155718744,0,0,114
16062,0,32157720961,32157720882,0,0,78
16063,0,32159723933,32159723791,0,0,141
16064,0,32161726625,32161726470,0,0,155
16065,0,32163727546,32163727400,0,0,146
16066,0,32165730071,32165729966,0,0,105
16067,0,32167732501,32167732356,0,0,144
16068,0,32169734803,32169734660,0,0,142
16069,0,32171737150,32171737020,0,0,129
16070,0,32173739775,32173739638,0,0,137
16071,0,32175742208,32175742062,0,0,146
16072,0,32177742942,32177742819,0,0,123
16073,0,32179744912,32179744774,0,0,138
16074,0,32181748220,32181748132,0,0,87
16075,0,32183750257,32183750121,0,0,136
16076,0,32185752467,32185752344,0,0,122
16077,0,32187756702,32187756588,0,0,114
16078,0,32189757779,32189757640,0,0,139
16079,0,32191759224,32191759111,0,0,112
16080,0,32193760972,32193760858,0,0,114
16081,0,32195763201,32195763084,0,0,116
16082,0,32197765703,32197765615,0,0,88
16083,0,32199768966,32199768857,0,0,108
16084,0,32201770533,32201770408,0,0,124
16085,0,32203772713,32203772557,0,0,156
16086,0,32205774460,32205774351,0,0,108
16087,0,32207776700,32207776561,0,0,139
16088,0,32209779645,32209779525,0,0,120
16089,0,32211782426,32211782303,0,0,123
16090,0,32213783821,32213783692,0,0,128
16091,0,32215785846,32215785732,0,0,113
16092,0,32217788159,32217788056,0,0,102
16093,0,32219790437,32219790305,0,0,132
16094,0,32221792292,32221792149,0,0,142
16095,0,32223794685,32223794542,0,0,142
16096,0,32225796885,32225796774,0,0,111
16097,0,32227799735,32227799595,0,0,140
16098,0,32229802604,32229802471,0,0,132
16099,0,32231803258,32231803138,0,0,120
16100,0,32233806276,32233806170,0,0,105
16101,0,32235808842,32235808702,0,0,140
16102,0,32237810187,32237810079,0,0,107
16103,0,32239812994,32239812865,0,0,128
16104,0,32241814765,32241814622,0,0,142
16105,0,32243817491,32243817344,0,0,146
16106,0,32245820755,32245820626,0,0,128
16107,0,32247822837,32247822691,0,0,146
16108,0,32249824525,32249824368,0,0,157
16109,0,32251826021,32251825864,0,0,157
16110,0,32253828152,32253827977,0,0,174
16111,0,32255830441,32255830324,0,0,116
16112,0,32257832570,32257832436,0,0,133
16113,0,32259834968,32259834819,0,0,148
16114,0,32261836959,32261836838,0,0,120
16115,0,32263838664,32263838516,0,0,147
16116,0,32265841744,32265841606,0,0,137
16117,0,32267843406,32267843292,0,0,114
16118,0,32269845944,32269845822,0,0,122
16119,0,32271848610,32271848463,0,0,146
16120,0,32273851075,32273850968,0,0,106
16121,0,32275852137,32275852053,0,0,83
16122,0,32277855334,32277855228,0,0,106
16123,0,32279857906,32279857799,0,0,107
16124,0,32281859285,32281859213,0,0,72
16125,0,32283860856,32283860729,0,0,126
16126,0,32285862267,32285862186,0,0,80
16127,0,32287867092,32287866972,0,0,120
16128,0,32289867943,32289867839,0,0,104
16129,0,32291870491,32291870382,0,0,108
16130,0,32293872914,32293872842,0,0,71
16131,0,32295874600,32295874456,0,0,143
16132,0,32297877238,32297877117,0,0,121
16133,0,32299879755,32299879648,0,0,107
16134,0,32301882782,32301882694,0,0,88
16135,0,32303883777,32303883669,0,0,107
16136,0,32305885483,32305885380,0,0,102
16137,0,32307887833,32307887702,0,0,130
16138,0,32309889951,32309889838,0,0,112
16139,0,32311892146,32311892034,0,0,111
16140,0,32313894851,32313894740,0,0,111
16141,0,32315897280,32315897155,0,0,124
16142,0,32317900163,32317900062,0,0,101
16143,0,32319901190,32319901082,0,0,107
16144,0,32321903824,32321903701,0,0,122
16145,0,32323905887,32323905765,0,0,122
16146,0,32325908126,32325908044,0,0,82
16147,0,32327910346,32327910238,0,0,108
16148,0,32329913468,32329913341,0,0,127
16149,0,32331916101,32331915982,0,0,118
16150,0,32333917966,32333917888,0,0,78
16151,0,32335920331,32335920246,0,0,85
16152,0,32337921935,32337921824,0,0,110
16153,0,32339924570,32339924456,0,0,114
16154,0,32341925968,32341925879,0,0,88
16155,0,32343927914,32343927811,0,0,102
16156,0,32345930145,32345930029,0,0,115
16157,0,32347932685,32347932552,0,0,132
16158,0,32349934251,32349934110,0,0,141
16159,0,32351935857,32351935752,0,0,105
16160,0,32353939494,32353939367,0,0,126
16161,0,32355942123,32355941991,0,0,132
16162,0,32357943647,32357943561,0,0,86
16163,0,32359945777,32359945655,0,0,122
16164,0,32361948511,32361948393,0,0,118
16165,0,32363951112,32363951008,0,0,104
16166,0,32365954198,32365954090,0,0,107
16167,0,32367955459,32367955344,0,0,114
16168,0,32369956698,32369956589,0,0,108
16169,0,32371959424,32371959307,0,0,116
16170,0,32373961700,32373961613,0,0,87
16171,0,32375963488,32375963402,0,0,85
16172,0,32377965993,32377965889,0,0,103
16173,0,32379968633,32379968520,0,0,113
16174,0,32381970988,32381970864,0,0,124
16175,0,32383972957,32383972819,0,0,138
16176,0,32385975124,32385975011,0,0,112
16177,0,32387978733,32387978613,0,0,120
16178,0,32389978877,32389978773,0,0,103
16179,0,32391980897,32391980765,0,0,132
16180,0,32393983319,32393983208,0,0,110
16181,0,32395986737,32395986614,0,0,122
16182,0,32397988441,32397988337,0,0,104
16183,0,32399990416,32399990316,0,0,100
16184,0,32401992739,32401992580,0,0,158
16185,0,32403995008,32403994854,0,0,154
16186,0,32405997781,32405997639,0,0,141
16187,0,32408000280,32408000136,0,0,143
16188,0,32410001268,32410001121,0,0,146
16189,0,32412003203,32412003049,0,0,154
16190,0,32414004940,32414004791,0,0,148
16191,0,32416008830,32416008681,0,0,148
16192,0,32418011173,32418011040,0,0,132
16193,0,32420012600,32420012487,0,0,112
16194,0,32422014975,32422014856,0,0,119
16195,0,32424017867,32424017745,0,0,122
16196,0,32426021123,32426020995,0,0,128
16197,0,32428022853,32428022729,0,0,124
16198,0,32430023685,32430023608,0,0,77
16199,0,32432025755,32432025672,0,0,82
16200,0,32434028993,32434028884,0,0,108
16201,0,32436030591,32436030470,0,0,120
16202,0,32438032929,32438032806,0,0,122
16203,0,32440034252,32440034128,0,0,124
16204,0,32442036242,32442036111,0,0,130
16205,0,32444039911,32444039791,0,0,120
16206,0,32446042318,32446042201,0,0,116
16207,0,32448044256,32448044119,0,0,137
16208,0,32450047139,32450047016,0,0,123
16209,0,32452048194,32452048051,0,0,143
16210,0,32454050768,32454050688,0,0,79
16211,0,32456052662,32456052548,0,0,114
16212,0,32458054993,32458054864,0,0,128
16213,0,32460056810,32460056691,0,0,119
16214,0,32462059550,32462059459,0,0,90
16215,0,32464061579,32464061435,0,0,144
16216,0,32466063902,32466063779,0,0,122
16217,0,32468065865,32468065730,0,0,134
16218,0,32470068993,32470068874,0,0,119
16219,0,32472071710,32472071575,0,0,135
16220,0,32474074286,32474074207,0,0,78
16221,0,32476075816,32476075679,0,0,137
16222,0,32478077388,32478077261,0,0,126
16223,0,32480079443,32480079323,0,0,120
16224,0,32482081816,32482081699,0,0,116
16225,0,32484084263,32484084124,0,0,139
16226,0,32486086172,32486086027,0,0,144
16227,0,32488090044,32488089913,0,0,131
16228,0,32490090829,32490090707,0,0,122
16229,0,32492092507,32492092373,0,0,134
16230,0,32494095033,32494094921,0,0,112
16231,0,32496096680,32496096538,0,0,142
16232,0,32498099150,32498099006,0,0,144
16233,0,32500101283,32500101137,0,0,146
16234,0,32502104402,32502104298,0,0,103
16235,0,32504107358,32504107229,0,0,128
16236,0,32506108532,32506108411,0,0,121
16237,0,32508110323,32508110168,0,0,155
16238,0,32510113048,32510112903,0,0,144
16239,0,32512116588,32512116466,0,0,121
16240,0,32514118403,32514118250,0,0,152
16241,0,32516119487,32516119346,0,0,141
16242,0,32518121775,32518121655,0,0,120
16243,0,32520124068,32520123921,0,0,146
16244,0,32522126283,32522126134,0,0,148
16245,0,32524128555,32524128402,0,0,152
16246,0,32526130305,32526130159,0,0,146
16247,0,32528132849,32528132717,0,0,132
16248,0,32530135069,32530134904,0,0,164
16249,0,32532137474,32532137361,0,0,112
16250,0,32534139773,32534139645,0,0,128
16251,0,32536141817,32536141687,0,0,130
16252,0,32538144383,32538144278,0,0,104
16253,0,32540147215,32540147085,0,0,130
16254,0,32542148169,32542148031,0,0,138
16255,0,32544150873,32544150752,0,0,121
16256,0,32546153260,32546153135,0,0,124
16257,0,32548155123,32548155013,0,0,110
16258,0,32550157229,32550157108,0,0,121
16259,0,32552160157,32552160035,0,0,122
16260,0,32554162074,32554161972,0,0,102
16261,0,32556164795,32556164648,0,0,146
16262,0,32558168464,32558168363,0,0,101
16263,0,32560169066,32560168936,0,0,130
16264,0,32562170319,32562170206,0,0,112
16265,0,32564173051,32564172941,0,0,110
16266,0,32566175490,32566175406,0,0,84
16267,0,32568178228,32568178107,0,0,120
16268,0,32570179537,32570179431,0,0,106
16269,0,32572182249,32572182119,0,0,130
16270,0,32574184443,32574184334,0,0,108
16271,0,32576185843,32576185722,0,0,121
16272,0,32578188790,32578188673,0,0,116
16273,0,32580190186,32580190060,0,0,126
16274,0,32582192760,32582192620,0,0,140
16275,0,32584194581,32584194468,0,0,112
16276,0,32586197493,32586197375,0,0,118
16277,0,32588200711,32588200586,0,0,124
16278,0,32590203758,32590203625,0,0,132
16279,0,32592204650,32592204568,0,0,82
16280,0,32594206095,32594205969,0,0,125
16281,0,32596208071,32596207960,0,0,110
16282,0,32598210480,32598210377,0,0,102
16283,0,32600212674,32600212597,0,0,76
16284,0,32602215265,32602215193,0,0,72
16285,0,32604217233,32604217122,0,0,110
16286,0,32606220062,32606219949,0,0,113
16287,0,32608222596,32608222487,0,0,108
16288,0,32610224505,32610224391,0,0,114
16289,0,32612227887,32612227784,0,0,103
16290,0,32614229259,32614229180,0,0,78
16291,0,32616230265,32616230126,0,0,139
16292,0,32618233181,32618233081,0,0,99
16293,0,32620235267,32620235157,0,0,110
16294,0,32622237502,32622237381,0,0,121
16295,0,32624239286,32624239173,0,0,112
16296,0,32626241624,32626241482,0,0,142
16297,0,32628244603,32628244483,0,0,119
16298,0,32630246715,32630246611,0,0,103
16299,0,32632249391,32632249285,0,0,106
16300,0,32634250903,32634250766,0,0,136
16301,0,32636253189,32636253049,0,0,140
16302,0,32638255291,32638255179,0,0,112
16303,0,32640257512,32640257375,0,0,137
16304,0,32642259490,32642259371,0,0,119
16305,0,32644262078,32644261972,0,0,106
16306,0,32646263941,32646263862,0,0,78
16307,0,32648266286,32648266181,0,0,105
16308,0,32650268550,32650268445,0,0,105
16309,0,32652270795,32652270674,0,0,121
16310,0,32654272571,32654272453,0,0,117
16311,0,32656274655,32656274528,0,0,126
16312,0,32658277186,32658277035,0,0,150
16313,0,32660279112,32660278979,0,0,132
16314,0,32662282397,32662282271,0,0,126
16315,0,32664284930,32664284822,0,0,108
16316,0,32666286251,32666286143,0,0,108
16317,0,32668289678,32668289559,0,0,118
16318,0,32670290775,32670290671,0,0,103
16319,0,32672293062,32672292936,0,0,126
16320,0,32674295206,32674295084,0,0,122
16321,0,32676297415,32676297283,0,0,132
16322,0,32678299813,32678299689,0,0,124
16323,0,32680301665,32680301522,0,0,142
16324,0,32682304947,32682304820,0,0,127
16325,0,32684307522,32684307375,0,0,146
16326,0,32686308082,32686307996,0,0,85
16327,0,32688312167,32688312047,0,0,120
16328,0,32690313191,32690313014,0,0,177
16329,0,32692315156,32692315006,0,0,150
16330,0,32694317467,32694317362,0,0,104
16331,0,32696319820,32696319703,0,0,116
16332,0,32698321608,32698321469,0,0,138
16333,0,32700324842,32700324692,0,0,150
16334,0,32702327409,32702327249,0,0,160
16335,0,32704328865,32704328748,0,0,116
16336,0,32706331900,32706331770,0,0,130
16337,0,32708332764,32708332625,0,0,138
16338,0,32710335548,32710335441,0,0,107
16339,0,32712338547,32712338424,0,0,123
16340,0,32714340579,32714340443,0,0,135
16341,0,32716343546,32716343400,0,0,146
16342,0,32718345211,32718345076,0,0,134
16343,0,32720346476,32720346349,0,0,126
16344,0,32722348364,32722348240,0,0,123
16345,0,32724350832,32724350688,0,0,143
16346,0,32726353576,32726353462,0,0,114
16347,0,32728357049,32728356919,0,0,129
16348,0,32730359242,32730359114,0,0,128
16349,0,32732361015,32732360889,0,0,125
16350,0,32734362260,32734362182,0,0,78
16351,0,32736364447,32736364320,0,0,126
16352,0,32738366233,32738366087,0,0,146
16353,0,32740368204,32740368097,0,0,107
16354,0,32742370880,32742370738,0,0,142
16355,0,32744372687,32744372565,0,0,122
16356,0,32746375445,32746375337,0,0,108
16357,0,32748377838,32748377720,0,0,118
16358,0,32750379532,32750379448,0,0,84
16359,0,32752381678,32752381554,0,0,124
16360,0,32754384112,32754383973,0,0,139
16361,0,32756386476,32756386348,0,0,128
16362,0,32758388939,32758388802,0,0,137
16363,0,32760390639,32760390515,0,0,123
16364,0,32762393224,32762393090,0,0,134
16365,0,32764396007,32764395867,0,0,140
16366,0,32766398470,32766398360,0,0,110
16367,0,32768399922,32768399797,0,0,124
16368,0,32770401899,32770401768,0,0,131
16369,0,32772403903,32772403798,0,0,104
16370,0,32774405746,32774405623,0,0,122
16371,0,32776408416,32776408297,0,0,119
16372,0,32778411383,32778411256,0,0,127
16373,0,32780414730,32780414613,0,0,116
16374,0,32782416625,32782416525,0,0,100
16375,0,32784418229,32784418123,0,0,106
16376,0,32786419582,32786419454,0,0,128
16377,0,32788423678,32788423537,0,0,141
16378,0,32790425698,32790425582,0,0,116
16379,0,32792427622,32792427497,0,0,124
16380,0,32794429031,32794428948,0,0,83
16381,0,32796431973,32796431845,0,0,127
16382,0,32798433239,32798433122,0,0,116
16383,0,32800436195,32800436067,0,0,128
16384,0,32802438310,32802438167,0,0,143
16385,0,32804439490,32804439357,0,0,132
16386,0,32806441819,32806441714,0,0,105
16387,0,32808443950,32808443806,0,0,144
16388,0,32810447126,32810446989,0,0,137
16389,0,32812450611,32812450478,0,0,132
16390,0,32814451354,32814451197,0,0,157
16391,0,32816452584,32816452458,0,0,126
16392,0,32818455330,32818455218,0,0,112
16393,0,32820457541,32820457426,0,0,114
16394,0,32822460145,32822460026,0,0,119
16395,0,32824462826,32824462714,0,0,112
16396,0,32826464559,32826464432,0,0,126
16397,0,32828467296,32828467160,0,0,136
16398,0,32830469154,32830469047,0,0,107
16399,0,32832470960,32832470828,0,0,132
16400,0,32834473058,32834472941,0,0,116
16401,0,32836475390,32836475285,0,0,105
16402,0,32838477882,32838477771,0,0,110
16403,0,32840480180,32840480076,0,0,104
16404,0,32842482643,32842482527,0,0,116
16405,0,32844484621,32844484509,0,0,112
16406,0,32846485250,32846485113,0,0,137
16407,0,32848488334,32848488222,0,0,112
16408,0,32850491613,32850491508,0,0,105
16409,0,32852494734,32852494611,0,0,122
16410,0,32854497134,32854497022,0,0,112
16411,0,32856499321,32856499219,0,0,102
16412,0,32858500941,32858500852,0,0,89
16413,0,32860501909,32860501802,0,0,106
16414,0,32862505124,32862505038,0,0,85
16415,0,32864506522,32864506401,0,0,121
16416,0,32866508602,32866508473,0,0,128
16417,0,32868510901,32868510813,0,0,87
16418,0,32870512775,32870512667,0,0,107
16419,0,32872515028,32872514911,0,0,116
16420,0,32874518055,32874517948,0,0,107
16421,0,32876520658,32876520548,0,0,110
16422,0,32878521656,32878521575,0,0,80
16423,0,32880524026,32880523922,0,0,104
16424,0,32882526961,32882526855,0,0,106
16425,0,32884529549,32884529426,0,0,123
16426,0,32886531253,32886531199,0,0,53
16427,0,32888534748,32888534638,0,0,110
16428,0,32890535970,32890535858,0,0,112
16429,0,32892538916,32892538768,0,0,147
16430,0,32894540170,32894540089,0,0,80
16431,0,32896542192,32896542115,0,0,76
16432,0,32898544600,32898544448,0,0,152
16433,0,32900548166,32900548025,0,0,140
16434,0,32902549582,32902549474,0,0,107
16435,0,32904551004,32904550848,0,0,155
16436,0,32906553395,32906553250,0,0,144
16437,0,32908556341,32908556167,0,0,174
16438,0,32910559583,32910559453,0,0,129
16439,0,32912560497,32912560359,0,0,138
16440,0,32914562047,32914561914,0,0,132
16441,0,32916563982,32916563852,0,0,130
16442,0,32918567055,32918566916,0,0,138
16443,0,32920569717,32920569575,0,0,142
16444,0,32922571161,32922571064,0,0,96
16445,0,32924573070,32924572925,0,0,144
16446,0,32926575901,32926575769,0,0,131
16447,0,32928577448,32928577330,0,0,118
16448,0,32930579969,32930579847,0,0,122
16449,0,32932582231,32932582105,0,0,126
16450,0,32934584415,32934584337,0,0,78
16451,0,32936586558,32936586421,0,0,137
16452,0,32938589356,32938589238,0,0,118
16453,0,32940592590,32940592461,0,0,128
16454,0,32942594049,32942593944,0,0,105
16455,0,32944595280,32944595164,0,0,116
16456,0,32946597444,32946597303,0,0,141
16457,0,32948600177,32948600053,0,0,123
16458,0,32950602179,32950602061,0,0,118
16459,0,32952604345,32952604217,0,0,128
16460,0,32954606803,32954606686,0,0,116
16461,0,32956609235,32956609102,0,0,132
16462,0,32958611104,32958610998,0,0,105
16463,0,32960613330,32960613192,0,0,138
16464,0,32962615858,32962615707,0,0,150
16465,0,32964618017,32964617893,0,0,124
16466,0,32966619945,32966619806,0,0,138
16467,0,32968622359,32968622233,0,0,125
16468,0,32970624844,32970624716,0,0,128
16469,0,32972628456,32972628319,0,0,137
16470,0,32974629902,32974629759,0,0,142
16471,0,32976631564,32976631429,0,0,134
16472,0,32978633942,32978633818,0,0,123
16473,0,32980635296,32980635177,0,0,119
16474,0,32982637707,32982637593,0,0,114
16475,0,32984640162,32984640017,0,0,144
16476,0,32986642015,32986641943,0,0,71
16477,0,32988645415,32988645278,0,0,136
16478,0,32990646142,32990646065,0,0,76
16479,0,32992648583,32992648462,0,0,120
16480,0,32994650717,32994650600,0,0,117
16481,0,32996652856,32996652741,0,0,115
16482,0,32998654619,32998654516,0,0,102
16483,0,33000658074,33000657948,0,0,125
16484,0,33002660292,33002660164,0,0,128
16485,0,33004662860,33004662717,0,0,142
16486,0,33006665487,33006665380,0,0,107
16487,0,33008666101,33008665977,0,0,123
16488,0,33010668710,33010668591,0,0,118
16489,0,33012671220,33012671102,0,0,118
16490,0,33014673507,33014673426,0,0,80
16491,0,33016675292,33016675184,0,0,108
16492,0,33018678635,33018678523,0,0,112
16493,0,33020679961,33020679834,0,0,127
16494,0,33022682107,33022682004,0,0,102
16495,0,33024684399,33024684282,0,0,117
16496,0,33026686515,33026686377,0,0,138
16497,0,33028688773,33028688631,0,0,142
16498,0,33030691240,33030691129,0,0,111
16499,0,33032693734,33032693617,0,0,116
16500,0,33034696073,33034695930,0,0,142
16501,0,33036699309,33036699173,0,0,135
16502,0,33038701265,33038701175,0,0,89
16503,0,33040702070,33040701957,0,0,112
16504,0,33042704761,33042704658,0,0,103
16505,0,33044707097,33044707111,0,0,-13
16506,0,33046709052,33046708936,0,0,116
16507,0,33048711098,33048710992,0,0,105
16508,0,33050713480,33050713374,0,0,106
16509,0,33052716307,33052716175,0,0,132
16510,0,33054718946,33054718840,0,0,105
16511,0,33056721257,33056721141,0,0,116
16512,0,33058722925,33058722823,0,0,102
16513,0,33060725441,33060725312,0,0,128
16514,0,33062727205,33062727101,0,0,104
16515,0,33064729202,33064729091,0,0,111
16516,0,33066731676,33066731557,0,0,118
16517,0,33068734361,33068734229,0,0,132
16518,0,33070735748,33070735635,0,0,112
16519,0,33072737591,33072737458,0,0,132
16520,0,33074739973,33074739824,0,0,148
16521,0,33076742386,33076742237,0,0,148
16522,0,33078744682,33078744608,0,0,74
16523,0,33080746770,33080746649,0,0,120
16524,0,33082749825,33082749688,0,0,137
16525,0,33084752820,33084752649,0,0,170
16526,0,33086755142,33086755024,0,0,118
16527,0,33088758966,33088758844,0,0,122
16528,0,33090759089,33090758961,0,0,128
16529,0,33092760502,33092760384,0,0,118
16530,0,33094762940,33094762813,0,0,127
16531,0,33096765746,33096765586,0,0,160
16532,0,33098767235,33098767101,0,0,134
16533,0,33100769806,33100769661,0,0,145
16534,0,33102771170,33102771022,0,0,148
16535,0,33104773332,33104773194,0,0,137
16536,0,33106775448,33106775331,0,0,116
16537,0,33108778234,33108778097,0,0,137
16538,0,33110780233,33110780085,0,0,148
16539,0,33112782586,33112782445,0,0,141
16540,0,33114784435,33114784291,0,0,143
16541,0,33116786804,33116786647,0,0,157
16542,0,33118789038,33118788928,0,0,110
16543,0,33120791606,33120791503,0,0,103
16544,0,33122794364,33122794274,0,0,89
16545,0,33124795480,33124795364,0,0,116
16546,0,33126797935,33126797870,0,0,65
16547,0,33128799537,33128799432,0,0,105
16548,0,33130801698,33130801595,0,0,103
16549,0,33132804808,33132804692,0,0,116
16550,0,33134808321,33134808219,0,0,101
16551,0,33136809849,33136809737,0,0,112
16552,0,33138811146,33138811062,0,0,83
16553,0,33140813585,33140813472,0,0,112
16554,0,33142815961,33142815879,0,0,82
16555,0,33144817955,33144817851,0,0,104
16556,0,33146820145,33146820065,0,0,80
16557,0,33148822668,33148822564,0,0,103
16558,0,33150824852,33150824734,0,0,117
16559,0,33152827168,33152827065,0,0,103
16560,0,33154830364,33154830236,0,0,128
16561,0,33156831138,33156831033,0,0,105
16562,0,33158833606,33158833502,0,0,104
16563,0,33160835597,33160835485,0,0,112
16564,0,33162837933,33162837890,0,0,42
16565,0,33164840422,33164840305,0,0,116
16566,0,33166842004,33166841881,0,0,122
16567,0,33168844348,33168844224,0,0,123
16568,0,33170846638,33170846498,0,0,139
16569,0,33172850334,33172850195,0,0,138
16570,0,33174851255,33174851123,0,0,131
16571,0,33176852898,33176852777,0,0,121
16572,0,33178854749,33178854644,0,0,104
16573,0,33180857776,33180857626,0,0,150
16574,0,33182859565,33182859420,0,0,144
16575,0,33184861201,33184861072,0,0,128
16576,0,33186865013,33186864896,0,0,116
16577,0,33188867806,33188867672,0,0,134
16578,0,33190869118,33190869015,0,0,103
16579,0,33192871166,33192871038,0,0,127
16580,0,33194873831,33194873703,0,0,128
16581,0,33196875780,33196875622,0,0,157
16582,0,33198877995,33198877870,0,0,124
16583,0,33200880464,33200880325,0,0,138
16584,0,33202882501,33202882385,0,0,116
16585,0,33204884240,33204884101,0,0,139
16586,0,33206887359,33206887252,0,0,107
16587,0,33208889742,33208889602,0,0,140
16588,0,33210891564,33210891442,0,0,121
16589,0,33212895294,33212895170,0,0,124
16590,0,33214897151,33214897029,0,0,122
16591,0,33216899094,33216898958,0,0,136
16592,0,33218902101,33218901979,0,0,122
16593,0,33220903220,33220903085,0,0,134
16594,0,33222904633,33222904527,0,0,106
16595,0,33224906743,33224906619,0,0,124
16596,0,33226909588,33226909465,0,0,122
16597,0,33228912402,33228912274,0,0,128
16598,0,33230913481,33230913337,0,0,143
16599,0,33232915951,33232915833,0,0,118
16600,0,33234918053,33234917925,0,0,128
16601,0,33236919960,33236919853,0,0,107
16602,0,33238923365,33238923244,0,0,120
16603,0,33240925581,33240925455,0,0,125
16604,0,33242927066,33242926979,0,0,86
16605,0,33244929413,33244929280,0,0,132
16606,0,33246931270,33246931182,0,0,88
16607,0,33248933526,33248933406,0,0,120
16608,0,33250937219,33250937141,0,0,78
16609,0,33252937852,33252937722,0,0,130
16610,0,33254939941,33254939859,0,0,82
16611,0,33256942204,33256942067,0,0,137
16612,0,33258944980,33258944874,0,0,106
16613,0,33260947049,33260946943,0,0,105
16614,0,33262948564,33262948459,0,0,104
16615,0,33264950092,33264949961,0,0,131
16616,0,33266954056,33266953943,0,0,112
16617,0,33268955642,33268955535,0,0,106
16618,0,33270958958,33270958824,0,0,134
16619,0,33272961397,33272961253,0,0,144
16620,0,33274962424,33274962345,0,0,79
16621,0,33276965137,33276965016,0,0,120
16622,0,33278967495,33278967357,0,0,138
16623,0,33280970717,33280970587,0,0,130
16624,0,33282972181,33282972069,0,0,112
16625,0,33284973410,33284973275,0,0,134
16626,0,33286976405,33286976288,0,0,116
16627,0,33288980341,33288980230,0,0,110
16628,0,33290981921,33290981796,0,0,124
16629,0,33292983617,33292983494,0,0,123
16630,0,33294984292,33294984177,0,0,114
16631,0,33296986564,33296986451,0,0,113
16632,0,33298989421,33298989318,0,0,103
16633,0,33300991193,33300991066,0,0,127
16634,0,33302994202,33302994098,0,0,104
16635,0,33304996997,33304996883,0,0,114
16636,0,33306997938,33306997824,0,0,114
16637,0,33309000186,33309000076,0,0,110
16638,0,33311002280,33311002156,0,0,123
16639,0,33313004665,33313004539,0,0,125
16640,0,33315007269,33315007136,0,0,132
16641,0,33317009158,33317009043,0,0,114
16642,0,33319010768,33319010685,0,0,83
16643,0,33321012121,33321012008,0,0,112
16644,0,33323016190,33323016060,0,0,130
16645,0,33325017918,33325017800,0,0,118
16646,0,33327020028,33327019901,0,0,127
16647,0,33329022986,33329022846,0,0,140
16648,0,33331024868,33331024755,0,0,112
16649,0,33333027268,33333027142,0,0,125
16650,0,33335029151,33335029023,0,0,128
16651,0,33337031902,33337031789,0,0,112
16652,0,33339035079,33339034957,0,0,122
16653,0,33341038467,33341038319,0,0,148
16654,0,33343039873,33343039755,0,0,117
16655,0,33345040700,33345040555,0,0,144
16656,0,33347042364,33347042258,0,0,106
16657,0,33349045013,33349044869,0,0,143
16658,0,33351046844,33351046709,0,0,135
16659,0,33353049002,33353048890,0,0,111
16660,0,33355051654,33355051520,0,0,134
16661,0,33357053525,33357053369,0,0,156
16662,0,33359055551,33359055413,0,0,138
16663,0,33361058011,33361057928,0,0,83
16664,0,33363059862,33363059745,0,0,116
16665,0,33365062204,33365062099,0,0,104
16666,0,33367064494,33367064377,0,0,117
16667,0,33369068240,33369068153,0,0,87
16668,0,33371069597,33371069493,0,0,103
16669,0,33373072056,33373071950,0,0,106
16670,0,33375075045,33375074966,0,0,78
16671,0,33377076005,33377075867,0,0,137
16672,0,33379077809,33379077679,0,0,130
16673,0,33381079669,33381079542,0,0,126
16674,0,33383081494,33383081406,0,0,87
16675,0,33385084440,33385084317,0,0,123
16676,0,33387087216,33387087067,0,0,148
16677,0,33389090772,33389090632,0,0,139
16678,0,33391091422,33391091316,0,0,105
16679,0,33393094011,33393093901,0,0,110
16680,0,33395095752,33395095649,0,0,102
16681,0,33397098626,33397098500,0,0,126
16682,0,33399101866,33399101761,0,0,104
16683,0,33401103990,33401103892,0,0,98
16684,0,33403105176,33403105090,0,0,85
16685,0,33405107449,33405107343,0,0,105
16686,0,33407110011,33407109878,0,0,132
16687,0,33409111280,33409111163,0,0,116
16688,0,33411113634,33411113517,0,0,116
16689,0,33413115577,33413115469,0,0,108
16690,0,33415118381,33415118297,0,0,83
16691,0,33417120134,33417120015,0,0,118
16692,0,33419123683,33419123574,0,0,109
16693,0,33421126063,33421125943,0,0,120
16694,0,33423127174,33423127060,0,0,114
16695,0,33425129392,33425129274,0,0,118
16696,0,33427131863,33427131746,0,0,117
16697,0,33429133594,33429133425,0,0,168
16698,0,33431136269,33431136137,0,0,132
16699,0,33433138335,33433138191,0,0,144
16700,0,33435141111,33435140982,0,0,128
16701,0,33437144343,33437144198,0,0,144
16702,0,33439146200,33439146060,0,0,140
16703,0,33441146879,33441146732,0,0,147
16704,0,33443149404,33443149257,0,0,147
16705,0,33445152180,33445152070,0,0,110
16706,0,33447153541,33447153403,0,0,138
16707,0,33449155635,33449155501,0,0,134
16708,0,33451158487,33451158363,0,0,124
16709,0,33453160234,33453160120,0,0,114
16710,0,33455162504,33455162396,0,0,107
16711,0,33457164922,33457164793,0,0,128
16712,0,33459168251,33459168103,0,0,148
16713,0,33461170685,33461170564,0,0,121
16714,0,33463171851,33463171745,0,0,105
16715,0,33465173475,33465173345,0,0,130
16716,0,33467176130,33467176028,0,0,102
16717,0,33469178911,33469178790,0,0,121
16718,0,33471180959,33471180812,0,0,146
16719,0,33473182370,33473182249,0,0,120
16720,0,33475184743,33475184618,0,0,124
16721,0,33477186943,33477186802,0,0,141
16722,0,33479189233,33479189132,0,0,101
16723,0,33481191191,33481191074,0,0,116
16724,0,33483193993,33483193870,0,0,122
16725,0,33485196982,33485196863,0,0,118
16726,0,33487198499,33487198399,0,0,100
16727,0,33489202020,33489201901,0,0,119
16728,0,33491202746,33491202622,0,0,123
16729,0,33493205078,33493204970,0,0,108
16730,0,33495207330,33495207222,0,0,107
16731,0,33497209095,33497208974,0,0,121
16732,0,33499211752,33499211650,0,0,102
16733,0,33501213895,33501213759,0,0,135
16734,0,33503215979,33503215870,0,0,108
16735,0,33505218611,33505218479,0,0,132
16736,0,33507220834,33507220717,0,0,116
16737,0,33509223507,33509223366,0,0,141
16738,0,33511226394,33511226274,0,0,120
16739,0,33513227069,33513226943,0,0,126
16740,0,33515230084,33515229974,0,0,110
16741,0,33517232788,33517232657,0,0,130
16742,0,33519234157,33519234045,0,0,112
16743,0,33521235918,33521235811,0,0,107
16744,0,33523239296,33523239176,0,0,120
16745,0,33525240589,33525240449,0,0,140
16746,0,33527243092,33527242970,0,0,122
16747,0,33529244620,33529244512,0,0,107
16748,0,33531247384,33531247247,0,0,137
16749,0,33533250393,33533250273,0,0,119
16750,0,33535252736,33535252599,0,0,137
16751,0,33537253683,33537253549,0,0,134
16752,0,33539255795,33539255642,0,0,152
16753,0,33541257945,33541257817,0,0,128
16754,0,33543260530,33543260422,0,0,107
16755,0,33545262757,33545262639,0,0,118
16756,0,33547265233,33547265105,0,0,127
16757,0,33549266967,33549266828,0,0,139
16758,0,33551269424,33551269319,0,0,104
16759,0,33553271155,33553271034,0,0,120
16760,0,33555273852,33555273748,0,0,104
16761,0,33557275889,33557275770,0,0,119
16762,0,33559278459,33559278350,0,0,108
16763,0,33561280040,33561279984,0,0,56
16764,0,33563282771,33563282667,0,0,104
16765,0,33565285063,33565284943,0,0,120
16766,0,33567288058,33567287958,0,0,100
16767,0,33569290700,33569290582,0,0,118
16768,0,33571291566,33571291423,0,0,142
16769,0,33573294137,33573294016,0,0,121
16770,0,33575296559,33575296448,0,0,111
16771,0,33577299159,33577299033,0,0,126
16772,0,33579301262,33579301163,0,0,98
16773,0,33581304637,33581304529,0,0,107
16774,0,33583306159,33583306053,0,0,105
16775,0,33585306888,33585306784,0,0,104
16776,0,33587309388,33587309244,0,0,143
16777,0,33589313112,33589312998,0,0,114
16778,0,33591314356,33591314247,0,0,108
16779,0,33593316919,33593316796,0,0,122
16780,0,33595318621,33595318517,0,0,103
16781,0,33597321815,33597321686,0,0,128
16782,0,33599323842,33599323737,0,0,105
16783,0,33601326237,33601326127,0,0,110
16784,0,33603326969,33603326860,0,0,108
16785,0,33605329377,33605329262,0,0,114
16786,0,33607332001,33607331925,0,0,75
16787,0,33609334354,33609334245,0,0,108
16788,0,33611336801,33611336696,0,0,104
16789,0,33613339238,33613339133,0,0,104
16790,0,33615340562,33615340458,0,0,103
16791,0,33617342777,33617342662,0,0,114
16792,0,33619345150,33619345049,0,0,101
16793,0,33621347504,33621347388,0,0,116
16794,0,33623350155,33623350007,0,0,147
16795,0,33625353428,33625353343,0,0,84
16796,0,33627355355,33627355253,0,0,102
16797,0,33629356369,33629356244,0,0,124
16798,0,33631359043,33631358963,0,0,80
16799,0,33633361891,33633361782,0,0,109
16800,0,33635362915,33635362804,0,0,111
16801,0,33637365057,33637364946,0,0,110
16802,0,33639367512,33639367424,0,0,88
16803,0,33641370706,33641370569,0,0,137
16804,0,33643371997,33643371894,0,0,102
16805,0,33645374548,33645374440,0,0,107
16806,0,33647376858,33647376748,0,0,110
16807,0,33649378128,33649378019,0,0,108
16808,0,33651380468,33651380343,0,0,124
16809,0,33653382622,33653382498,0,0,123
16810,0,33655385356,33655385240,0,0,116
16811,0,33657387245,33657387141,0,0,104
16812,0,33659389532,33659389427,0,0,104
16813,0,33661391836,33661391712,0,0,124
16814,0,33663394310,33663394191,0,0,119
16815,0,33665397015,33665396912,0,0,103
16816,0,33667399617,33667399498,0,0,119
16817,0,33669400440,33669400324,0,0,116
16818,0,33671402502,33671402423,0,0,78
16819,0,33673404694,33673404586,0,0,107
16820,0,33675407600,33675407492,0,0,108
16821,0,33677409022,33677408916,0,0,105
16822,0,33679411674,33679411569,0,0,104
16823,0,33681413815,33681413707,0,0,108
16824,0,33683416122,33683415997,0,0,124
16825,0,33685418363,33685418237,0,0,125
16826,0,33687420580,33687420474,0,0,105
16827,0,33689423995,33689423848,0,0,147
16828,0,33691425263,33691425143,0,0,119
16829,0,33693427346,33693427219,0,0,126
16830,0,33695430210,33695430080,0,0,129
16831,0,33697433183,33697433056,0,0,126
16832,0,33699433998,33699433870,0,0,128
16833,0,33701436277,33701436157,0,0,120
16834,0,33703438579,33703438465,0,0,114
16835,0,33705440235,33705440116,0,0,119
16836,0,33707443337,33707443210,0,0,126
16837,0,33709445777,33709445669,0,0,108
16838,0,33711448479,33711448379,0,0,100
16839,0,33713449321,33713449215,0,0,105
16840,0,33715451606,33715451470,0,0,135
16841,0,33717455365,33717455238,0,0,126
16842,0,33719456405,33719456288,0,0,116
16843,0,33721458170,33721458047,0,0,123
16844,0,33723461050,33723460946,0,0,104
16845,0,33725463491,33725463364,0,0,127
16846,0,33727465956,33727465833,0,0,122
16847,0,33729467608,33729467453,0,0,155
16848,0,33731469216,33731469068,0,0,148
16849,0,33733471851,33733471693,0,0,158
16850,0,33735474070,33735473950,0,0,120
16851,0,33737476568,33737476413,0,0,155
16852,0,33739479149,33739479002,0,0,146
16853,0,33741481720,33741481572,0,0,148
16854,0,33743482967,33743482838,0,0,128
16855,0,33745484826,33745484676,0,0,150
16856,0,33747487588,33747487442,0,0,146
16857,0,33749489499,33749489367,0,0,132
16858,0,33751492277,33751492123,0,0,154
16859,0,33753494339,33753494215,0,0,123
16860,0,33755496665,33755496551,0,0,114
16861,0,33757500092,33757499939,0,0,152
16862,0,33759501740,33759501584,0,0,156
16863,0,33761503216,33761503093,0,0,123
16864,0,33763506066,33763505923,0,0,142
16865,0,33765508469,33765508339,0,0,130
16866,0,33767509812,33767509710,0,0,102
16867,0,33769511966,33769511820,0,0,146
16868,0,33771514668,33771514548,0,0,120
16869,0,33773517474,33773517325,0,0,148
16870,0,33775519351,33775519229,0,0,122
16871,0,33777521738,33777521613,0,0,124
16872,0,33779522716,33779522640,0,0,76
16873,0,33781525366,33781525240,0,0,125
16874,0,33783527912,33783527808,0,0,103
16875,0,33785530426,33785530280,0,0,146
16876,0,33787532215,33787532083,0,0,132
16877,0,33789535382,33789535244,0,0,138
16878,0,33791536330,33791536206,0,0,124
16879,0,33793538769,33793538644,0,0,124
16880,0,33795541298,33795541161,0,0,137
16881,0,33797541729,33797541614,0,0,114
16882,0,33799545364,33799545263,0,0,101
16883,0,33801547784,33801547652,0,0,132
16884,0,33803550314,33803550206,0,0,108
16885,0,33805552667,33805552538,0,0,129
16886,0,33807554297,33807554174,0,0,123
16887,0,33809556240,33809556097,0,0,142
16888,0,33811559008,33811558895,0,0,112
16889,0,33813561754,33813561631,0,0,123
16890,0,33815564211,33815564091,0,0,120
16891,0,33817565596,33817565471,0,0,124
16892,0,33819567995,33819567907,0,0,87
16893,0,33821570737,33821570591,0,0,146
16894,0,33823572871,33823572792,0,0,78
16895,0,33825575189,33825575071,0,0,118
16896,0,33827576746,33827576627,0,0,118
16897,0,33829578552,33829578426,0,0,126
16898,0,33831580817,33831580697,0,0,119
16899,0,33833583116,33833582999,0,0,116
16900,0,33835586546,33835586447,0,0,98
16901,0,33837587822,33837587702,0,0,120
16902,0,33839589714,33839589629,0,0,84
16903,0,33841591959,33841591856,0,0,103
16904,0,33843594786,33843594682,0,0,103
16905,0,33845597651,33845597538,0,0,112
16906,0,33847599296,33847599220,0,0,75
16907,0,33849601644,33849601529,0,0,114
16908,0,33851603593,33851603496,0,0,96
16909,0,33853607465,33853607344,0,0,121
16910,0,33855608698,33855608579,0,0,119
16911,0,33857610031,33857609923,0,0,107
16912,0,33859611991,33859611851,0,0,139
16913,0,33861613977,33861613853,0,0,124
16914,0,33863616882,33863616784,0,0,98
16915,0,33865619375,33865619269,0,0,106
16916,0,33867620811,33867620698,0,0,112
16917,0,33869623033,33869622904,0,0,128
16918,0,33871625257,33871625170,0,0,87
16919,0,33873628764,33873628650,0,0,114
16920,0,33875629871,33875629764,0,0,107
16921,0,33877631849,33877631761,0,0,88
16922,0,33879635083,33879634979,0,0,103
16923,0,33881637482,33881637369,0,0,112
16924,0,33883638713,33883638608,0,0,104
16925,0,33885641357,33885641240,0,0,116
16926,0,33887643483,33887643374,0,0,108
16927,0,33889648314,33889648197,0,0,116
16928,0,33891649516,33891649433,0,0,83
16929,0,33893649687,33893649566,0,0,121
16930,0,33895652414,33895652291,0,0,123
16931,0,33897655998,33897655869,0,0,128
16932,0,33899658162,33899658060,0,0,102
16933,0,33901660188,33901660067,0,0,120
16934,0,33903661979,33903661876,0,0,103
16935,0,33905663027,33905662914,0,0,112
16936,0,33907665710,33907665596,0,0,114
16937,0,33909667629,33909667505,0,0,124
16938,0,33911670103,33911669990,0,0,112
16939,0,33913672797,33913672688,0,0,108
16940,0,33915674326,33915674222,0,0,104
16941,0,33917677188,33917677076,0,0,112
16942,0,33919679802,33919679698,0,0,104
16943,0,33921681854,33921681737,0,0,116
16944,0,33923684335,33923684202,0,0,132
16945,0,33925685295,33925685178,0,0,116
16946,0,33927687842,33927687739,0,0,102
16947,0,33929689357,33929689229,0,0,127
16948,0,33931693003,33931692885,0,0,118
16949,0,33933695175,33933695032,0,0,143
16950,0,33935696317,33935696207,0,0,110
16951,0,33937699126,33937699015,0,0,110
16952,0,33939701103,33939700999,0,0,104
16953,0,33941703741,33941703608,0,0,132
16954,0,33943707435,33943707307,0,0,127
16955,0,33945709291,33945709186,0,0,104
16956,0,33947710950,33947710827,0,0,122
16957,0,33949712348,33949712214,0,0,134
16958,0,33951715862,33951715779,0,0,83
16959,0,33953718078,33953717939,0,0,139
16960,0,33955719628,33955719529,0,0,98
16961,0,33957720945,33957720810,0,0,134
16962,0,33959723139,33959723054,0,0,84
16963,0,33961725118,33961724977,0,0,140
16964,0,33963727791,33963727653,0,0,137
16965,0,33965729881,33965729759,0,0,122
16966,0,33967732096,33967731991,0,0,104
16967,0,33969734469,33969734306,0,0,162
16968,0,33971737209,33971737052,0,0,157
16969,0,33973739882,33973739726,0,0,155
16970,0,33975741850,33975741739,0,0,110
16971,0,33977744514,33977744372,0,0,141
16972,0,33979745250,33979745150,0,0,99
16973,0,33981748725,33981748564,0,0,160
16974,0,33983750851,33983750703,0,0,148
16975,0,33985752575,33985752451,0,0,124
16976,0,33987755485,33987755337,0,0,147
16977,0,33989757749,33989757624,0,0,125
16978,0,33991759564,33991759480,0,0,83
16979,0,33993760908,33993760796,0,0,112
16980,0,33995763249,33995763130,0,0,119
16981,0,33997765594,33997765445,0,0,148
16982,0,33999767902,33999767828,0,0,74
16983,0,34001769779,34001769662,0,0,116
16984,0,34003772060,34003771927,0,0,132
16985,0,34005775223,34005775085,0,0,138
16986,0,34007777931,34007777786,0,0,144
16987,0,34009778768,34009778641,0,0,127
16988,0,34011781442,34011781304,0,0,138
16989,0,34013783486,34013783325,0,0,161
16990,0,34015785911,34015785800,0,0,110
16991,0,34017788564,34017788446,0,0,118
16992,0,34019791268,34019791150,0,0,118
16993,0,34021791721,34021791572,0,0,148
16994,0,34023794222,34023794117,0,0,104
16995,0,34025796687,34025796544,0,0,143
16996,0,34027798720,34027798573,0,0,146
16997,0,34029802371,34029802233,0,0,138
16998,0,34031803440,34031803297,0,0,142
16999,0,34033805312,34033805191,0,0,121
17000,0,34035808225,34035808116,0,0,108
17001,0,34037810401,34037810275,0,0,125
17002,0,34039812768,34039812665,0,0,102
17003,0,34041815420,34041815289,0,0,130
17004,0,34043816801,34043816701,0,0,100
17005,0,34045818847,34045818730,0,0,116
17006,0,34047822164,34047822032,0,0,132
17007,0,34049825202,34049825089,0,0,112
17008,0,34051826541,34051826400,0,0,140
17009,0,34053827350,34053827230,0,0,120
17010,0,34055830051,34055829933,0,0,118
17011,0,34057832336,34057832192,0,0,143
17012,0,34059834608,34059834485,0,0,123
17013,0,34061836694,34061836548,0,0,146
17014,0,34063839015,34063838880,0,0,134
17015,0,34065841022,34065840904,0,0,118
17016,0,34067844867,34067844734,0,0,132
17017,0,34069846778,34069846641,0,0,137
17018,0,34071847830,34071847721,0,0,108
17019,0,34073850132,34073850025,0,0,107
17020,0,34075852449,34075852330,0,0,118
17021,0,34077854682,34077854575,0,0,107
17022,0,34079857387,34079857309,0,0,78
17023,0,34081860430,34081860313,0,0,116
17024,0,34083862074,34083861963,0,0,110
17025,0,34085863033,34085862915,0,0,118
17026,0,34087865665,34087865565,0,0,100
17027,0,34089868676,34089868558,0,0,118
17028,0,34091870423,34091870325,0,0,98
17029,0,34093873039,34093872934,0,0,104
17030,0,34095874354,34095874267,0,0,86
17031,0,34097876570,34097876456,0,0,114
17032,0,34099879579,34099879462,0,0,116
17033,0,34101881845,34101881721,0,0,124
17034,0,34103883516,34103883407,0,0,108
17035,0,34105885366,34105885224,0,0,142
17036,0,34107887996,34107887874,0,0,122
17037,0,34109891836,34109891693,0,0,143
17038,0,34111893709,34111893606,0,0,102
17039,0,34113895303,34113895191,0,0,112
17040,0,34115896652,34115896539,0,0,113
17041,0,34117898724,34117898567,0,0,157
17042,0,34119901008,34119900882,0,0,126
17043,0,34121902999,34121902861,0,0,138
17044,0,34123906285,34123906169,0,0,116
17045,0,34125908841,34125908727,0,0,114
17046,0,34127910585,34127910497,0,0,87
17047,0,34129913221,34129913107,0,0,114
17048,0,34131914829,34131914709,0,0,120
17049,0,34133917451,34133917320,0,0,131
17050,0,34135919968,34135919891,0,0,77
17051,0,34137920733,34137920615,0,0,118
17052,0,34139923405,34139923280,0,0,124
17053,0,34141925796,34141925664,0,0,132
17054,0,34143927960,34143927843,0,0,116
17055,0,34145929981,34145929867,0,0,114
17056,0,34147933620,34147933540,0,0,80
17057,0,34149934604,34149934487,0,0,116
17058,0,34151936613,34151936539,0,0,74
17059,0,34153938817,34153938703,0,0,114
17060,0,34155941817,34155941716,0,0,101
17061,0,34157944587,34157944462,0,0,124
17062,0,34159945410,34159945297,0,0,112
17063,0,34161948149,34161948064,0,0,85
17064,0,34163950007,34163949887,0,0,119
17065,0,34165952422,34165952310,0,0,112
17066,0,34167954716,34167954613,0,0,103
17067,0,34169956770,34169956633,0,0,137
17068,0,34171959197,34171959069,0,0,128
17069,0,34173961404,34173961262,0,0,141
17070,0,34175963889,34175963770,0,0,119
17071,0,34177965743,34177965643,0,0,100
17072,0,34179967826,34179967714,0,0,111
17073,0,34181970083,34181969966,0,0,117
17074,0,34183972320,34183972215,0,0,104
17075,0,34185975557,34185975451,0,0,106
17076,0,34187977462,34187977358,0,0,104
17077,0,34189981937,34189981816,0,0,121
17078,0,34191982622,34191982537,0,0,84
17079,0,34193983620,34193983499,0,0,120
17080,0,34195986065,34195985920,0,0,144
17081,0,34197987595,34197987460,0,0,134
17082,0,34199990720,34199990619,0,0,101
17083,0,34201992430,34201992307,0,0,122
17084,0,34203994598,34203994480,0,0,118
17085,0,34205996781,34205996649,0,0,131
17086,0,34208000042,34207999928,0,0,114
17087,0,34210002539,34210002408,0,0,130
17088,0,34212003393,34212003270,0,0,123
17089,0,34214005788,34214005632,0,0,155
17090,0,34216007988,34216007879,0,0,108
17091,0,34218010198,34218010061,0,0,137
17092,0,34220012486,34220012500,0,0,-13
17093,0,34222014727,34222014569,0,0,157
17094,0,34224017815,34224017681,0,0,134
17095,0,34226019244,34226019132,0,0,111
17096,0,34228021134,34228020998,0,0,135
17097,0,34230023326,34230023195,0,0,131
17098,0,34232025777,34232025675,0,0,102
17099,0,34234027450,34234027337,0,0,112
17100,0,34236030402,34236030298,0,0,104
17101,0,34238033805,34238033682,0,0,123
17102,0,34240035422,34240035304,0,0,118
17103,0,34242036822,34242036700,0,0,122
17104,0,34244039058,34244038954,0,0,104
17105,0,34246041401,34246041265,0,0,136
17106,0,34248043760,34248043679,0,0,80
17107,0,34250046328,34250046213,0,0,114
17108,0,34252049398,34252049266,0,0,132
17109,0,34254050360,34254050234,0,0,125
17110,0,34256052267,34256052180,0,0,87
17111,0,34258054692,34258054572,0,0,120
17112,0,34260056970,34260056824,0,0,146
17113,0,34262058731,34262058597,0,0,134
17114,0,34264061666,34264061548,0,0,118
17115,0,34266063121,34266062997,0,0,123
17116,0,34268065571,34268065454,0,0,116
17117,0,34270067989,34270067847,0,0,141
17118,0,34272070175,34272070054,0,0,121
17119,0,34274072284,34274072171,0,0,112
17120,0,34276074604,34276074487,0,0,116
17121,0,34278076559,34278076420,0,0,138
17122,0,34280079134,34280079006,0,0,128
17123,0,34282081173,34282081049,0,0,123
17124,0,34284083948,34284083820,0,0,128
17125,0,34286085723,34286085606,0,0,116
17126,0,34288088242,34288088136,0,0,105
17127,0,34290091532,34290091404,0,0,128
17128,0,34292092397,34292092221,0,0,176
17129,0,34294094867,34294094719,0,0,148
17130,0,34296097284,34296097146,0,0,137
17131,0,34298100323,34298100177,0,0,146
17132,0,34300101816,34300101674,0,0,142
17133,0,34302105560,34302105431,0,0,128
17134,0,34304106752,34304106612,0,0,140
17135,0,34306108069,34306107955,0,0,114
17136,0,34308110644,34308110496,0,0,148
17137,0,34310112855,34310112709,0,0,146
17138,0,34312114561,34312114457,0,0,104
17139,0,34314116912,34314116761,0,0,150
17140,0,34316119894,34316119759,0,0,134
17141,0,34318122235,34318122105,0,0,130
17142,0,34320123447,34320123320,0,0,126
17143,0,34322125575,34322125468,0,0,106
17144,0,34324127931,34324127826,0,0,104
17145,0,34326130378,34326130289,0,0,88
17146,0,34328132763,34328132658,0,0,104
17147,0,34330134597,34330134497,0,0,100
17148,0,34332137217,34332137116,0,0,101
17149,0,34334139237,34334139108,0,0,128
17150,0,34336141626,34336141541,0,0,85
17151,0,34338143579,34338143462,0,0,116
17152,0,34340146062,34340145957,0,0,104
17153,0,34342149996,34342149866,0,0,130
17154,0,34344150851,34344150766,0,0,85
17155,0,34346153201,34346153067,0,0,133
17156,0,34348155234,34348155130,0,0,104
17157,0,34350156914,34350156779,0,0,134
17158,0,34352159042,34352158932,0,0,110
17159,0,34354161393,34354161268,0,0,125
17160,0,34356163776,34356163637,0,0,139
17161,0,34358166088,34358165971,0,0,116
17162,0,34360168256,34360168174,0,0,82
17163,0,34362170271,34362170155,0,0,116
17164,0,34364172755,34364172672,0,0,83
17165,0,34366175908,34366175798,0,0,110
17166,0,34368178400,34368178296,0,0,103
17167,0,34370179849,34370179728,0,0,121
17168,0,34372182669,34372182552,0,0,116
17169,0,34374183721,34374183604,0,0,116
17170,0,34376186132,34376186029,0,0,103
17171,0,34378188270,34378188166,0,0,104
17172,0,34380190691,34380190581,0,0,110
17173,0,34382193244,34382193128,0,0,116
17174,0,34384194832,34384194716,0,0,116
17175,0,34386196732,34386196623,0,0,108
17176,0,34388199309,34388199194,0,0,114
17177,0,34390203253,34390203144,0,0,108
17178,0,34392204494,34392204391,0,0,103
17179,0,34394205759,34394205634,0,0,124
17180,0,34396208283,34396208179,0,0,103
17181,0,34398210769,34398210671,0,0,98
17182,0,34400212751,34400212634,0,0,116
17183,0,34402214601,34402214478,0,0,123
17184,0,34404216936,34404216820,0,0,116
17185,0,34406219136,34406219022,0,0,114
17186,0,34408221870,34408221741,0,0,128
17187,0,34410223548,34410223440,0,0,108
17188,0,34412227011,34412226903,0,0,108
17189,0,34414228874,34414228755,0,0,119
17190,0,34416230545,34416230438,0,0,107
17191,0,34418232528,34418232411,0,0,116
17192,0,34420236042,34420235938,0,0,104
17193,0,34422236728,34422236623,0,0,104
17194,0,34424239112,34424239005,0,0,107
17195,0,34426241440,34426241314,0,0,126
17196,0,34428244407,34428244295,0,0,112
17197,0,34430247099,34430247019,0,0,80
17198,0,34432249560,34432249451,0,0,108
17199,0,34434251929,34434251826,0,0,102
17200,0,34436253918,34436253794,0,0,123
17201,0,34438255121,34438255008,0,0,112
17202,0,34440257222,34440257119,0,0,103
17203,0,34442259550,34442259427,0,0,122
17204,0,34444262115,34444262031,0,0,83
17205,0,34446264758,34446264635,0,0,122
17206,0,34448265829,34448265720,0,0,108
17207,0,34450268268,34450268130,0,0,137
17208,0,34452270281,34452270141,0,0,140
17209,0,34454272648,34454272496,0,0,152
17210,0,34456275424,34456275269,0,0,154
17211,0,34458279150,34458279007,0,0,142
17212,0,34460279561,34460279427,0,0,134
17213,0,34462281301,34462281149,0,0,151
17214,0,34464283838,34464283680,0,0,157
17215,0,34466286692,34466286581,0,0,111
17216,0,34468289564,34468289433,0,0,131
17217,0,34470290923,34470290783,0,0,140
17218,0,34472293766,34472293639,0,0,127
17219,0,34474295223,34474295087,0,0,136
17220,0,34476297654,34476297536,0,0,118
17221,0,34478300791,34478300643,0,0,147
17222,0,34480302807,34480302707,0,0,100
17223,0,34482303388,34482303261,0,0,127
17224,0,34484305934,34484305804,0,0,130
17225,0,34486307866,34486307732,0,0,134
17226,0,34488310510,34488310421,0,0,89
17227,0,34490313306,34490313195,0,0,110
17228,0,34492314739,34492314635,0,0,103
17229,0,34494318202,34494318085,0,0,116
17230,0,34496320203,34496320087,0,0,115
17231,0,34498322618,34498322505,0,0,113
17232,0,34500323641,34500323514,0,0,127
17233,0,34502325682,34502325557,0,0,124
17234,0,34504328350,34504328223,0,0,127
17235,0,34506329896,34506329771,0,0,124
17236,0,34508331905,34508331779,0,0,126
17237,0,34510334692,34510334557,0,0,134
17238,0,34512337116,34512337000,0,0,116
17239,0,34514339057,34514338933,0,0,123
17240,0,34516341570,34516341434,0,0,136
17241,0,34518343368,34518343261,0,0,106
17242,0,34520346521,34520346402,0,0,118
17243,0,34522347589,34522347485,0,0,104
17244,0,34524349298,34524349193,0,0,105
17245,0,34526352255,34526352128,0,0,127
17246,0,34528354846,34528354709,0,0,137
17247,0,34530357188,34530357068,0,0,120
17248,0,34532359170,34532359041,0,0,128
17249,0,34534361599,34534361456,0,0,142
17250,0,34536364590,34536364512,0,0,78
17251,0,34538366885,34538366761,0,0,123
17252,0,34540369505,34540369382,0,0,123
17253,0,34542370124,34542370000,0,0,123
17254,0,34544372609,34544372489,0,0,120
17255,0,34546374824,34546374697,0,0,126
17256,0,34548377305,34548377188,0,0,116
17257,0,34550379730,34550379605,0,0,124
17258,0,34552381703,34552381564,0,0,139
17259,0,34554384088,34554383943,0,0,144
17260,0,34556386200,34556386083,0,0,116
17261,0,34558388703,34558388577,0,0,125
17262,0,34560390333,34560390224,0,0,108
17263,0,34562393515,34562393384,0,0,131
17264,0,34564395953,34564395799,0,0,154
17265,0,34566397307,34566397152,0,0,154
17266,0,34568399131,34568398995,0,0,135
17267,0,34570401087,34570400941,0,0,146
17268,0,34572403385,34572403233,0,0,152
17269,0,34574406944,34574406800,0,0,144
17270,0,34576408514,34576408411,0,0,103
17271,0,34578410226,34578410106,0,0,120
17272,0,34580413164,34580413040,0,0,123
17273,0,34582415397,34582415271,0,0,126
17274,0,34584417150,34584417027,0,0,123
17275,0,34586419168,34586419033,0,0,134
17276,0,34588422008,34588421892,0,0,116
17277,0,34590424999,34590424869,0,0,129
17278,0,34592426067,34592425948,0,0,119
17279,0,34594428602,34594428482,0,0,120
17280,0,34596430557,34596430413,0,0,144
17281,0,34598432705,34598432569,0,0,135
17282,0,34600435053,34600434920,0,0,132
17283,0,34602437257,34602437124,0,0,132
17284,0,34604439629,34604439498,0,0,130
17285,0,34606441984,34606441815,0,0,168
17286,0,34608443615,34608443487,0,0,128
17287,0,34610446340,34610446253,0,0,86
17288,0,34612448451,34612448307,0,0,144
17289,0,34614452062,34614451948,0,0,114
17290,0,34616454062,34616454030,0,0,32
17291,0,34618455096,34618454990,0,0,106
17292,0,34620457726,34620457620,0,0,106
17293,0,34622461467,34622461327,0,0,140
17294,0,34624463013,34624462885,0,0,128
17295,0,34626463860,34626463728,0,0,132
17296,0,34628465656,34628465533,0,0,122
17297,0,34630468431,34630468307,0,0,123
17298,0,34632470389,34632470252,0,0,137
17299,0,34634472637,34634472512,0,0,124
17300,0,34636475496,34636475389,0,0,107
17301,0,34638478292,34638478172,0,0,119
17302,0,34640479223,34640479107,0,0,115
17303,0,34642481621,34642481516,0,0,105
17304,0,34644484106,34644483989,0,0,116
17305,0,34646485906,34646485783,0,0,123
17306,0,34648488722,34648488618,0,0,103
17307,0,34650490916,34650490808,0,0,108
17308,0,34652492900,34652492795,0,0,104
17309,0,34654496298,34654496186,0,0,112
17310,0,34656497062,34656496941,0,0,120
17311,0,34658499791,34658499680,0,0,110
17312,0,34660501751,34660501648,0,0,103
17313,0,34662503813,34662503702,0,0,110
17314,0,34664506080,34664505976,0,0,104
17315,0,34666508393,34666508293,0,0,100
17316,0,34668510608,34668510525,0,0,83
17317,0,34670512988,34670512882,0,0,105
17318,0,34672515337,34672515214,0,0,123
17319,0,34674517399,34674517272,0,0,126
17320,0,34676520095,34676519972,0,0,123
17321,0,34678522818,34678522698,0,0,120
17322,0,34680524065,34680523943,0,0,122
17323,0,34682526101,34682525957,0,0,143
17324,0,34684528112,34684527966,0,0,146
17325,0,34686531314,34686531175,0,0,138
17326,0,34688534044,34688533875,0,0,168
17327,0,34690536545,34690536456,0,0,88
17328,0,34692538250,34692538149,0,0,101
17329,0,34694539671,34694539570,0,0,101
17330,0,34696541275,34696541191,0,0,84
17331,0,34698543568,34698543455,0,0,112
17332,0,34700546458,34700546348,0,0,110
17333,0,34702548159,34702548048,0,0,110
17334,0,34704550567,34704550486,0,0,80
17335,0,34706552962,34706552838,0,0,124
17336,0,34708555455,34708555323,0,0,132
17337,0,34710557266,34710557129,0,0,137
17338,0,34712559575,34712559465,0,0,110
17339,0,34714561696,34714561556,0,0,140
17340,0,34716564231,34716564121,0,0,110
17341,0,34718566091,34718565952,0,0,139
17342,0,34720568395,34720568270,0,0,125
17343,0,34722570640,34722570514,0,0,125
17344,0,34724572861,34724572753,0,0,107
17345,0,34726574674,34726574553,0,0,121
17346,0,34728577420,34728577332,0,0,87
17347,0,34730580417,34730580298,0,0,118
17348,0,34732582067,34732581927,0,0,140
17349,0,34734584183,34734584065,0,0,118
17350,0,34736586406,34736586305,0,0,101
17351,0,34738588372,34738588232,0,0,139
17352,0,34740590698,34740590565,0,0,132
17353,0,34742592683,34742592540,0,0,143
17354,0,34744595794,34744595690,0,0,103
17355,0,34746598414,34746598293,0,0,121
17356,0,34748599843,34748599705,0,0,138
17357,0,34750602862,34750602717,0,0,145
17358,0,34752605027,34752604880,0,0,147
17359,0,34754606546,34754606397,0,0,148
17360,0,34756608569,34756608451,0,0,118
17361,0,34758610467,34758610354,0,0,112
17362,0,34760612782,34760612662,0,0,119
17363,0,34762614728,34762614592,0,0,136
17364,0,34764617454,34764617340,0,0,114
17365,0,34766619665,34766619512,0,0,152
17366,0,34768621985,34768621871,0,0,114
17367,0,34770624811,34770624674,0,0,137
17368,0,34772626113,34772625969,0,0,143
17369,0,34774628903,34774628779,0,0,123
17370,0,34776630679,34776630557,0,0,122
17371,0,34778632448,34778632339,0,0,108
17372,0,34780635228,34780635141,0,0,86
17373,0,34782637748,34782637602,0,0,145
17374,0,34784639688,34784639584,0,0,103
17375,0,34786641666,34786641543,0,0,122
17376,0,34788644137,34788644060,0,0,76
17377,0,34790647329,34790647215,0,0,114
17378,0,34792648458,34792648355,0,0,103
17379,0,34794650555,34794650450,0,0,104
17380,0,34796652923,34796652817,0,0,105
17381,0,34798655497,34798655388,0,0,108
17382,0,34800657384,34800657266,0,0,118
17383,0,34802659243,34802659110,0,0,132
17384,0,34804661646,34804661525,0,0,120
17385,0,34806663752,34806663633,0,0,118
17386,0,34808667385,34808667276,0,0,108
17387,0,34810668017,34810667897,0,0,120
17388,0,34812671161,34812671030,0,0,131
17389,0,34814673383,34814673254,0,0,128
17390,0,34816675184,34816675061,0,0,122
17391,0,34818677545,34818677446,0,0,98
17392,0,34820679602,34820679489,0,0,112
17393,0,34822682338,34822682214,0,0,123
17394,0,34824684077,34824683993,0,0,84
17395,0,34826686069,34826685952,0,0,116
17396,0,34828689323,34828689216,0,0,107
17397,0,34830691763,34830691640,0,0,122
17398,0,34832693353,34832693242,0,0,110
17399,0,34834695043,34834694905,0,0,138
17400,0,34836697231,34836697110,0,0,121
17401,0,34838699389,34838699273,0,0,116
17402,0,34840701824,34840701692,0,0,132
17403,0,34842703970,34842703830,0,0,139
17404,0,34844706522,34844706397,0,0,125
17405,0,34846708584,34846708435,0,0,148
17406,0,34848712276,34848712173,0,0,103
17407,0,34850713296,34850713173,0,0,123
17408,0,34852715056,34852714977,0,0,78
17409,0,34854717268,34854717142,0,0,125
17410,0,34856719859,34856719742,0,0,116
17411,0,34858722506,34858722386,0,0,119
17412,0,34860725341,34860725214,0,0,126
17413,0,34862726331,34862726345,0,0,-13
17414,0,34864729058,34864728926,0,0,132
17415,0,34866730835,34866730707,0,0,128
17416,0,34868734023,34868733880,0,0,142
17417,0,34870735741,34870735633,0,0,108
17418,0,34872737633,34872737546,0,0,86
17419,0,34874739638,34874739514,0,0,123
17420,0,34876742168,34876742079,0,0,88
17421,0,34878745373,34878745232,0,0,141
17422,0,34880748290,34880748169,0,0,121
17423,0,34882749528,34882749412,0,0,116
17424,0,34884750765,34884750651,0,0,113
17425,0,34886754161,34886754047,0,0,114
17426,0,34888755391,34888755282,0,0,108
17427,0,34890759393,34890759267,0,0,125
17428,0,34892760920,34892760804,0,0,115
17429,0,34894761730,34894761620,0,0,110
17430,0,34896764319,34896764206,0,0,112
17431,0,34898766325,34898766213,0,0,112
17432,0,34900769305,34900769161,0,0,144
17433,0,34902771680,34902771572,0,0,107
17434,0,34904773623,34904773517,0,0,105
17435,0,34906776118,34906775984,0,0,133
17436,0,34908777683,34908777566,0,0,116
17437,0,34910780075,34910779955,0,0,119
17438,0,34912781822,34912781719,0,0,103
17439,0,34914784121,34914783998,0,0,123
17440,0,34916786426,34916786337,0,0,89
17441,0,34918788754,34918788632,0,0,121
17442,0,34920791244,34920791137,0,0,107
17443,0,34922793028,34922792901,0,0,127
17444,0,34924795685,34924795579,0,0,105
17445,0,34926798431,34926798296,0,0,134
17446,0,34928799947,34928799838,0,0,108
17447,0,34930801718,34930801633,0,0,85
17448,0,34932804315,34932804206,0,0,108
17449,0,34934806289,34934806185,0,0,103
17450,0,34936808916,34936808862,0,0,53
17451,0,34938810715,34938810614,0,0,101
17452,0,34940813620,34940813529,0,0,91
17453,0,34942815552,34942815449,0,0,103
17454,0,34944817510,34944817400,0,0,110
17455,0,34946819973,34946819831,0,0,142
17456,0,34948821581,34948821438,0,0,142
17457,0,34950824260,34950824098,0,0,161
17458,0,34952826152,34952826043,0,0,108
17459,0,34954828285,34954828147,0,0,138
17460,0,34956830874,34956830727,0,0,146
17461,0,34958833069,34958832931,0,0,138
17462,0,34960835871,34960835767,0,0,104
17463,0,34962838269,34962838152,0,0,116
17464,0,34964840019,34964839905,0,0,114
17465,0,34966842097,34966841974,0,0,123
17466,0,34968844703,34968844578,0,0,124
17467,0,34970847673,34970847550,0,0,122
17468,0,34972849012,34972848902,0,0,110
17469,0,34974851215,34974851090,0,0,124
17470,0,34976852947,34976852849,0,0,98
17471,0,34978855397,34978855283,0,0,114
17472,0,34980857678,34980857552,0,0,126
17473,0,34982859831,34982859706,0,0,124
17474,0,34984862545,34984862442,0,0,103
17475,0,34986865010,34986864898,0,0,111
17476,0,34988866662,34988866535,0,0,126
17477,0,34990869943,34990869828,0,0,115
17478,0,34992870739,34992870624,0,0,115
17479,0,34994872748,34994872631,0,0,116
17480,0,34996875470,34996875332,0,0,138
17481,0,34998877576,34998877436,0,0,139
17482,0,35000879964,35000879838,0,0,125
17483,0,35002882412,35002882275,0,0,137
17484,0,35004885617,35004885491,0,0,125
17485,0,35006887227,35006887089,0,0,137
17486,0,35008889677,35008889536,0,0,141
17487,0,35010891196,35010891059,0,0,137
17488,0,35012893612,35012893447,0,0,165
17489,0,35014895697,35014895560,0,0,137
17490,0,35016897688,35016897572,0,0,116
17491,0,35018900523,35018900386,0,0,137
17492,0,35020902952,35020902805,0,0,146
17493,0,35022904435,35022904293,0,0,142
17494,0,35024906886,35024906768,0,0,118
17495,0,35026908729,35026908623,0,0,105
17496,0,35028910636,35028910499,0,0,137
17497,0,35030912914,35030912772,0,0,142
17498,0,35032916058,35032915938,0,0,120
17499,0,35034918232,35034918103,0,0,128
17500,0,35036919980,35036919897,0,0,83
17501,0,35038922049,35038921925,0,0,123
17502,0,35040924451,35040924314,0,0,137
17503,0,35042927271,35042927137,0,0,134
17504,0,35044928825,35044928711,0,0,114
17505,0,35046930578,35046930441,0,0,137
17506,0,35048933308,35048933220,0,0,88
17507,0,35050935402,35050935275,0,0,127
17508,0,35052937844,35052937724,0,0,120
17509,0,35054939625,35054939478,0,0,146
17510,0,35056941769,35056941647,0,0,122
17511,0,35058944471,35058944364,0,0,107
17512,0,35060946252,35060946150,0,0,102
17513,0,35062948396,35062948274,0,0,122
17514,0,35064951293,35064951222,0,0,71
17515,0,35066952939,35066952814,0,0,124
17516,0,35068955737,35068955630,0,0,106
17517,0,35070958284,35070958168,0,0,116
17518,0,35072961114,35072960990,0,0,124
17519,0,35074961948,35074961821,0,0,126
17520,0,35076964152,35076964005,0,0,146
17521,0,35078966551,35078966434,0,0,116
17522,0,35080969107,35080969024,0,0,83
17523,0,35082972512,35082972378,0,0,134
17524,0,35084973777,35084973649,0,0,128
17525,0,35086976684,35086976551,0,0,132
17526,0,35088977876,35088977752,0,0,124
17527,0,35090981467,35090981347,0,0,120
17528,0,35092982379,35092982259,0,0,119
17529,0,35094984226,35094984143,0,0,83
17530,0,35096987610,35096987502,0,0,107
17531,0,35098989973,35098989852,0,0,121
17532,0,35100991220,35100991117,0,0,103
17533,0,35102993886,35102993747,0,0,139
17534,0,35104997122,35104997005,0,0,116
17535,0,35106997726,35106997608,0,0,118
17536,0,35109000075,35108999971,0,0,103
17537,0,35111002385,35111002262,0,0,122
17538,0,35113004865,35113004759,0,0,105
17539,0,35115007606,35115007482,0,0,124
17540,0,35117009359,35117009240,0,0,118
17541,0,35119011364,35119011215,0,0,148
17542,0,35121013968,35121013825,0,0,142
17543,0,35123015323,35123015193,0,0,130
17544,0,35125017579,35125017422,0,0,157
17545,0,35127020201,35127020056,0,0,144
17546,0,35129023232,35129023110,0,0,122
17547,0,35131025465,35131025352,0,0,112
17548,0,35133027010,35133026876,0,0,134
17549,0,35135030114,35135029973,0,0,141
17550,0,35137031894,35137031766,0,0,128
17551,0,35139033948,35139033830,0,0,117
17552,0,35141035708,35141035556,0,0,152
17553,0,35143038175,35143038037,0,0,138
17554,0,35145040061,35145039960,0,0,101
17555,0,35147042162,35147041997,0,0,164
17556,0,35149045352,35149045217,0,0,135
17557,0,35151047694,35151047548,0,0,146
17558,0,35153048735,35153048610,0,0,125
17559,0,35155050486,35155050341,0,0,145
17560,0,35157052249,35157052123,0,0,125
17561,0,35159056700,35159056553,0,0,146
17562,0,35161058507,35161058361,0,0,146
17563,0,35163061516,35163061387,0,0,128
17564,0,35165062999,35165062885,0,0,114
17565,0,35167065769,35167065631,0,0,138
17566,0,35169066546,35169066420,0,0,126
17567,0,35171068821,35171068716,0,0,104
17568,0,35173070872,35173070756,0,0,116
17569,0,35175073482,35175073377,0,0,104
17570,0,35177075590,35177075533,0,0,56
17571,0,35179077873,35179077746,0,0,127
17572,0,35181080291,35181080184,0,0,107
17573,0,35183081997,35183081907,0,0,89
17574,0,35185084908,35185084801,0,0,107
17575,0,35187086713,35187086606,0,0,106
17576,0,35189088768,35189088656,0,0,112
17577,0,35191092231,35191092125,0,0,106
17578,0,35193093524,35193093417,0,0,106
17579,0,35195095794,35195095650,0,0,143
17580,0,35197097832,35197097750,0,0,82
17581,0,35199101546,35199101413,0,0,132
17582,0,35201102824,35201102714,0,0,110
17583,0,35203104870,35203104766,0,0,104
17584,0,35205106577,35205106458,0,0,118
17585,0,35207108798,35207108692,0,0,105
17586,0,35209111707,35209111622,0,0,85
17587,0,35211114610,35211114493,0,0,116
17588,0,35213115871,35213115742,0,0,128
17589,0,35215117473,35215117336,0,0,137
17590,0,35217120249,35217120105,0,0,143
17591,0,35219122630,35219122507,0,0,122
17592,0,35221124348,35221124235,0,0,112
17593,0,35223126667,35223126540,0,0,126
17594,0,35225129633,35225129491,0,0,142
17595,0,35227132187,35227132045,0,0,141
17596,0,35229133847,35229133737,0,0,110
17597,0,35231135903,35231135726,0,0,177
17598,0,35233138094,35233137961,0,0,132
17599,0,35235140614,35235140490,0,0,123
17600,0,35237143419,35237143316,0,0,103
17601,0,35239144436,35239144306,0,0,130
17602,0,35241146950,35241146845,0,0,105
17603,0,35243148931,35243148786,0,0,144
17604,0,35245151685,35245151550,0,0,134
17605,0,35247153262,35247153128,0,0,134
17606,0,35249155701,35249155553,0,0,147
17607,0,35251157844,35251157703,0,0,141
17608,0,35253160390,35253160265,0,0,124
17609,0,35255162230,35255162092,0,0,138
17610,0,35257165145,35257165022,0,0,122
17611,0,35259167409,35259167285,0,0,124
17612,0,35261169419,35261169330,0,0,88
17613,0,35263172143,35263171996,0,0,147
17614,0,35265173968,35265173844,0,0,123
17615,0,35267175048,35267174905,0,0,143
17616,0,35269177587,35269177470,0,0,116
17617,0,35271180213,35271180096,0,0,116
17618,0,35273182156,35273182039,0,0,116
17619,0,35275184155,35275184023,0,0,132
17620,0,35277187141,35277187008,0,0,132
17621,0,35279189144,35279188997,0,0,147
17622,0,35281191458,35281191341,0,0,116
17623,0,35283193700,35283193556,0,0,143
17624,0,35285196485,35285196343,0,0,141
17625,0,35287199303,35287199178,0,0,124
17626,0,35289200877,35289200760,0,0,116
17627,0,35291205285,35291205166,0,0,118
17628,0,35293205951,35293205826,0,0,124
17629,0,35295207647,35295207523,0,0,123
17630,0,35297210107,35297209986,0,0,120
17631,0,35299211860,35299211747,0,0,112
17632,0,35301214744,35301214633,0,0,110
17633,0,35303215905,35303215781,0,0,123
17634,0,35305218209,35305218132,0,0,76
17635,0,35307219787,35307219644,0,0,142
17636,0,35309222784,35309222677,0,0,106
17637,0,35311224799,35311224679,0,0,119
17638,0,35313227937,35313227802,0,0,134
17639,0,35315231537,35315231421,0,0,115
17640,0,35317232745,35317232622,0,0,123
17641,0,35319233550,35319233407,0,0,142
17642,0,35321236304,35321236173,0,0,130
17643,0,35323238825,35323238698,0,0,126
17644,0,35325240339,35325240234,0,0,104
17645,0,35327242593,35327242465,0,0,128
17646,0,35329244856,35329244719,0,0,137
17647,0,35331247325,35331247198,0,0,126
17648,0,35333249882,35333249750,0,0,132
17649,0,35335252145,35335252013,0,0,131
17650,0,35337253894,35337253811,0,0,83
17651,0,35339254272,35339254148,0,0,123
17652,0,35341257887,35341257767,0,0,120
17653,0,35343260933,35343260794,0,0,139
17654,0,35345263392,35345263292,0,0,99
17655,0,35347266248,35347266121,0,0,126
17656,0,35349268631,35349268526,0,0,104
17657,0,35351270109,35351269985,0,0,123
17658,0,35353271175,35353271075,0,0,99
17659,0,35355274780,35355274667,0,0,112
17660,0,35357275929,35357275808,0,0,121
17661,0,35359278203,35359278072,0,0,130
17662,0,35361280485,35361280355,0,0,130
17663,0,35363282802,35363282677,0,0,125
17664,0,35365284618,35365284534,0,0,84
17665,0,35367287316,35367287194,0,0,122
17666,0,35369289521,35369289419,0,0,101
17667,0,35371291424,35371291301,0,0,123
17668,0,35373293577,35373293449,0,0,128
17669,0,35375295358,35375295238,0,0,120
17670,0,35377297817,35377297689,0,0,127
17671,0,35379300107,35379299961,0,0,146
17672,0,35381302579,35381302474,0,0,105
17673,0,35383304536,35383304391,0,0,144
17674,0,35385307565,35385307441,0,0,123
17675,0,35387309984,35387309858,0,0,126
17676,0,35389312096,35389311977,0,0,118
17677,0,35391317102,35391316971,0,0,130
17678,0,35393318736,35393318595,0,0,140
17679,0,35395319350,35395319226,0,0,124
17680,0,35397320634,35397320501,0,0,132
17681,0,35399323116,35399322975,0,0,141
17682,0,35401325636,35401325519,0,0,117
17683,0,35403326576,35403326447,0,0,128
17684,0,35405329864,35405329739,0,0,124
17685,0,35407333247,35407333103,0,0,143
17686,0,35409335462,35409335376,0,0,85
17687,0,35411337371,35411337267,0,0,104
17688,0,35413339844,35413339741,0,0,103
17689,0,35415340860,35415340756,0,0,103
17690,0,35417342723,35417342639,0,0,83
17691,0,35419344800,35419344714,0,0,85
17692,0,35421347117,35421347061,0,0,56
17693,0,35423349308,35423349201,0,0,107
17694,0,35425351303,35425351150,0,0,152
17695,0,35427353688,35427353565,0,0,123
17696,0,35429356227,35429356080,0,0,146
17697,0,35431359003,35431358860,0,0,142
17698,0,35433360975,35433360870,0,0,104
17699,0,35435364660,35435364528,0,0,132
17700,0,35437365988,35437365854,0,0,134
17701,0,35439367222,35439367091,0,0,131
17702,0,35441369206,35441369115,0,0,90
17703,0,35443371440,35443371333,0,0,106
17704,0,35445374146,35445374053,0,0,92
17705,0,35447376211,35447376101,0,0,110
17706,0,35449378196,35449378086,0,0,110
17707,0,35451380337,35451380234,0,0,102
17708,0,35453382797,35453382721,0,0,76
17709,0,35455385919,35455385799,0,0,120
17710,0,35457388622,35457388496,0,0,126
17711,0,35459391005,35459390883,0,0,122
17712,0,35461392348,35461392222,0,0,125
17713,0,35463394140,35463394057,0,0,83
17714,0,35465396470,35465396386,0,0,84
17715,0,35467399251,35467399133,0,0,118
17716,0,35469400880,35469400770,0,0,110
17717,0,35471403576,35471403467,0,0,108
17718,0,35473404860,35473404742,0,0,118
17719,0,35475407288,35475407161,0,0,126
17720,0,35477409606,35477409498,0,0,108
17721,0,35479412068,35479411934,0,0,134
17722,0,35481415346,35481415220,0,0,125
17723,0,35483417214,35483417092,0,0,122
17724,0,35485418400,35485418321,0,0,78
17725,0,35487420189,35487420045,0,0,143
17726,0,35489422829,35489422709,0,0,120
17727,0,35491426629,35491426505,0,0,124
17728,0,35493427970,35493427826,0,0,144
17729,0,35495429277,35495429148,0,0,128
17730,0,35497431491,35497431391,0,0,99
17731,0,35499433910,35499433757,0,0,153
17732,0,35501436512,35501436368,0,0,143
17733,0,35503439108,35503438964,0,0,143
17734,0,35505441496,35505441381,0,0,115
17735,0,35507444043,35507443913,0,0,130
17736,0,35509446532,35509446424,0,0,108
17737,0,35511448234,35511448129,0,0,105
17738,0,35513450047,35513449972,0,0,75
17739,0,35515452240,35515452107,0,0,132
17740,0,35517453907,35517453818,0,0,88
17741,0,35519456903,35519456752,0,0,150
17742,0,35521459414,35521459282,0,0,132
17743,0,35523461123,35523460994,0,0,128
17744,0,35525463630,35525463510,0,0,120
17745,0,35527465981,35527465850,0,0,130
17746,0,35529467057,35529466936,0,0,121
17747,0,35531469225,35531469096,0,0,128
17748,0,35533471928,35533471784,0,0,143
17749,0,35535473905,35535473757,0,0,147
17750,0,35537475966,35537475851,0,0,114
17751,0,35539478423,35539478321,0,0,102
17752,0,35541480940,35541480810,0,0,130
17753,0,35543482131,35543482024,0,0,107
17754,0,35545484927,35545484817,0,0,110
17755,0,35547486624,35547486515,0,0,109
17756,0,35549489384,35549489267,0,0,116
17757,0,35551491564,35551491457,0,0,107
17758,0,35553493625,35553493480,0,0,144
17759,0,35555496116,35555496031,0,0,85
17760,0,35557498565,35557498444,0,0,121
17761,0,35559500175,35559500053,0,0,122
17762,0,35561502671,35561502542,0,0,128
17763,0,35563504783,35563504635,0,0,147
17764,0,35565507777,35565507669,0,0,107
17765,0,35567510367,35567510238,0,0,128
17766,0,35569511680,35569511564,0,0,116
17767,0,35571514053,35571513950,0,0,103
17768,0,35573516126,35573516004,0,0,122
17769,0,35575518069,35575517961,0,0,108
17770,0,35577520649,35577520532,0,0,116
17771,0,35579522568,35579522460,0,0,108
17772,0,35581525194,35581525095,0,0,98
17773,0,35583526846,35583526697,0,0,148
17774,0,35585529858,35585529724,0,0,133
17775,0,35587533576,35587533449,0,0,126
17776,0,35589534823,35589534696,0,0,126
17777,0,35591537493,35591537359,0,0,134
17778,0,35593538417,35593538312,0,0,105
17779,0,35595540121,35595539999,0,0,122
17780,0,35597543062,35597542929,0,0,132
17781,0,35599545073,35599544948,0,0,124
17782,0,35601547083,35601546960,0,0,123
17783,0,35603549630,35603549530,0,0,100
17784,0,35605551796,35605551696,0,0,100
17785,0,35607553214,35607553098,0,0,115
17786,0,35609555351,35609555262,0,0,88
17787,0,35611559516,35611559410,0,0,105
17788,0,35613561750,35613561642,0,0,108
17789,0,35615562574,35615562437,0,0,137
17790,0,35617564995,35617564889,0,0,105
17791,0,35619567764,35619567642,0,0,121
17792,0,35621570404,35621570276,0,0,128
17793,0,35623571537,35623571426,0,0,110
17794,0,35625574062,35625573956,0,0,105
17795,0,35627577731,35627577620,0,0,110
17796,0,35629579657,35629579530,0,0,126
17797,0,35631580885,35631580776,0,0,109
17798,0,35633582903,35633582793,0,0,110
17799,0,35635585373,35635585252,0,0,121
17800,0,35637587641,35637587558,0,0,83
17801,0,35639589361,35639589251,0,0,110
17802,0,35641592053,35641591949,0,0,103
17803,0,35643594062,35643593937,0,0,125
17804,0,35645596664,35645596559,0,0,104
17805,0,35647600429,35647600299,0,0,130
17806,0,35649602492,35649602386,0,0,105
17807,0,35651603943,35651603836,0,0,106
17808,0,35653605301,35653605183,0,0,118
17809,0,35655607325,35655607205,0,0,119
17810,0,35657609819,35657609686,0,0,132
17811,0,35659611893,35659611774,0,0,119
17812,0,35661614011,35661613899,0,0,111
17813,0,35663615780,35663615656,0,0,123
17814,0,35665619041,35665618941,0,0,100
17815,0,35667621463,35667621355,0,0,107
17816,0,35669622552,35669622434,0,0,117
17817,0,35671625049,35671624930,0,0,118
17818,0,35673627225,35673627103,0,0,122
17819,0,35675629664,35675629549,0,0,114
17820,0,35677631756,35677631665,0,0,90
17821,0,35679633868,35679633729,0,0,139
17822,0,35681635999,35681635891,0,0,107
17823,0,35683638755,35683638647,0,0,107
17824,0,35685641404,35685641287,0,0,116
17825,0,35687644033,35687643918,0,0,114
17826,0,35689644904,35689644820,0,0,83
17827,0,35691648700,35691648591,0,0,108
17828,0,35693649836,35693649732,0,0,104
17829,0,35695651966,35695651862,0,0,104
17830,0,35697654188,35697654066,0,0,122
17831,0,35699656341,35699656222,0,0,118
17832,0,35701658356,35701658243,0,0,112
17833,0,35703661375,35703661260,0,0,114
17834,0,35705662993,35705662876,0,0,116
17835,0,35707665034,35707664914,0,0,119
17836,0,35709667763,35709667647,0,0,115
17837,0,35711671538,35711671394,0,0,143
17838,0,35713673112,35713672993,0,0,118
17839,0,35715674608,35715674503,0,0,104
17840,0,35717677396,35717677281,0,0,114
17841,0,35719678382,35719678281,0,0,101
17842,0,35721680777,35721680671,0,0,105
17843,0,35723683169,35723683045,0,0,123
17844,0,35725685406,35725685289,0,0,116
17845,0,35727687597,35727687489,0,0,107
17846,0,35729689890,35729689784,0,0,106
17847,0,35731691364,35731691249,0,0,114
17848,0,35733694032,35733693891,0,0,141
17849,0,35735696138,35735696025,0,0,112
17850,0,35737698591,35737698464,0,0,127
17851,0,35739701036,35739700919,0,0,116
17852,0,35741703069,35741702943,0,0,126
17853,0,35743706124,35743705979,0,0,144
17854,0,35745707555,35745707442,0,0,112
17855,0,35747709689,35747709585,0,0,104
17856,0,35749712777,35749712652,0,0,124
17857,0,35751715176,35751715056,0,0,120
17858,0,35753716581,35753716462,0,0,118
17859,0,35755718330,35755718197,0,0,132
17860,0,35757720883,35757720762,0,0,121
17861,0,35759723320,35759723210,0,0,110
17862,0,35761725624,35761725491,0,0,133
17863,0,35763727784,35763727650,0,0,133
17864,0,35765729690,35765729545,0,0,145
17865,0,35767732145,35767732004,0,0,141
17866,0,35769734460,35769734348,0,0,111
17867,0,35771738018,35771737887,0,0,130
17868,0,35773740128,35773740024,0,0,103
17869,0,35775742871,35775742727,0,0,144
17870,0,35777743820,35777743701,0,0,118
17871,0,35779745341,35779745203,0,0,138
17872,0,35781748258,35781748099,0,0,159
17873,0,35783749391,35783749206,0,0,184
17874,0,35785752291,35785752142,0,0,148
17875,0,35787755401,35787755265,0,0,135
17876,0,35789756795,35789756625,0,0,170
17877,0,35791760633,35791760483,0,0,150
17878,0,35793761045,35793760903,0,0,142
17879,0,35795763673,35795763545,0,0,128
17880,0,35797766271,35797766135,0,0,135
17881,0,35799767357,35799767234,0,0,122
17882,0,35801769808,35801769704,0,0,103
17883,0,35803772066,35803771919,0,0,146
17884,0,35805774335,35805774232,0,0,103
17885,0,35807776238,35807776091,0,0,147
17886,0,35809778203,35809778060,0,0,142
17887,0,35811780973,35811780851,0,0,122
17888,0,35813783006,35813782865,0,0,141
17889,0,35815784995,35815784847,0,0,147
17890,0,35817787756,35817787649,0,0,106
17891,0,35819789649,35819789521,0,0,128
17892,0,35821793116,35821792971,0,0,144
17893,0,35823794726,35823794595,0,0,130
17894,0,35825797237,35825797098,0,0,138
17895,0,35827798450,35827798309,0,0,141
17896,0,35829800646,35829800497,0,0,148
17897,0,35831803290,35831803173,0,0,116
17898,0,35833805892,35833805775,0,0,116
17899,0,35835808615,35835808469,0,0,146
17900,0,35837810575,35837810446,0,0,129
17901,0,35839813707,35839813561,0,0,146
17902,0,35841815103,35841814966,0,0,137
17903,0,35843816386,35843816251,0,0,134
17904,0,35845818207,35845818086,0,0,121
17905,0,35847820649,35847820495,0,0,153
17906,0,35849823067,35849822946,0,0,121
17907,0,35851825052,35851824922,0,0,130
17908,0,35853827700,35853827559,0,0,140
17909,0,35855829195,35855829047,0,0,148
17910,0,35857831867,35857831757,0,0,110
17911,0,35859834788,35859834682,0,0,105
17912,0,35861836256,35861836151,0,0,104
17913,0,35863838594,35863838488,0,0,105
17914,0,35865841067,35865840945,0,0,122
17915,0,35867842794,35867842692,0,0,102
17916,0,35869845622,35869845514,0,0,108
17917,0,35871847501,35871847365,0,0,135
17918,0,35873849564,35873849440,0,0,123
17919,0,35875851979,35875851851,0,0,128
17920,0,35877853872,35877853793,0,0,79
17921,0,35879856537,35879856414,0,0,122
17922,0,35881858885,35881858804,0,0,80
17923,0,35883860698,35883860561,0,0,137
17924,0,35885863626,35885863518,0,0,108
17925,0,35887866453,35887866314,0,0,138
17926,0,35889868114,35889868001,0,0,112
17927,0,35891871836,35891871706,0,0,130
17928,0,35893872469,35893872382,0,0,87
17929,0,35895875601,35895875460,0,0,140
17930,0,35897876606,35897876504,0,0,102
17931,0,35899879914,35899879801,0,0,113
17932,0,35901881304,35901881220,0,0,84
17933,0,35903884991,35903884860,0,0,130
17934,0,35905885977,35905885867,0,0,110
17935,0,35907888274,35907888169,0,0,104
17936,0,35909890775,35909890670,0,0,104
17937,0,35911891869,35911891752,0,0,116
17938,0,35913894053,35913893973,0,0,80
17939,0,35915896266,35915896137,0,0,128
17940,0,35917899069,35917898993,0,0,76
17941,0,35919900437,35919900330,0,0,107
17942,0,35921902932,35921902826,0,0,105
17943,0,35923905554,35923905437,0,0,116
17944,0,35925907555,35925907444,0,0,110
17945,0,35927910229,35927910106,0,0,122
17946,0,35929913212,35929913113,0,0,98
17947,0,35931914874,35931914774,0,0,100
17948,0,35933917501,35933917427,0,0,74
17949,0,35935918635,35935918528,0,0,107
17950,0,35937923549,35937923441,0,0,107
17951,0,35939923946,35939923840,0,0,105
17952,0,35941925265,35941925158,0,0,106
17953,0,35943927415,35943927300,0,0,115
17954,0,35945930052,35945929950,0,0,102
17955,0,35947932206,35947932106,0,0,100
17956,0,35949934721,35949934597,0,0,124
17957,0,35951937728,35951937610,0,0,118
17958,0,35953939135,35953939024,0,0,111
17959,0,35955941123,35955941015,0,0,107
17960,0,35957943293,35957943191,0,0,101
17961,0,35959945146,35959945031,0,0,114
17962,0,35961947483,35961947366,0,0,116
17963,0,35963950032,35963949921,0,0,110
17964,0,35965952957,35965952852,0,0,104
17965,0,35967955071,35967954962,0,0,108
17966,0,35969956260,35969956147,0,0,112
17967,0,35971959103,35971958999,0,0,104
17968,0,35973961190,35973961082,0,0,107
17969,0,35975963779,35975963656,0,0,122
17970,0,35977965334,35977965226,0,0,108
17971,0,35979967527,35979967418,0,0,108
17972,0,35981970530,35981970427,0,0,102
17973,0,35983972975,35983972834,0,0,140
17974,0,35985974051,35985973925,0,0,125
17975,0,35987976907,35987976803,0,0,103
17976,0,35989979880,35989979739,0,0,140
17977,0,35991981659,35991981532,0,0,126
17978,0,35993983768,35993983656,0,0,112
17979,0,35995985616,35995985491,0,0,125
17980,0,35997988177,35997988070,0,0,106
17981,0,35999990827,35999990704,0,0,123
17982,0,36001992393,36001992268,0,0,124
17983,0,36003994157,36003994015,0,0,142
17984,0,36005996933,36005996817,0,0,116
17985,0,36007999094,36007998965,0,0,128
17986,0,36010000850,36010000768,0,0,82
17987,0,36012003520,36012003387,0,0,132
17988,0,36014005678,36014005547,0,0,130
17989,0,36016009270,36016009130,0,0,139
17990,0,36018011483,36018011328,0,0,154
17991,0,36020013217,36020013091,0,0,125
17992,0,36022014215,36022014042,0,0,173
17993,0,36024016936,36024016784,0,0,151
17994,0,36026019080,36026018947,0,0,132
17995,0,36028020806,36028020631,0,0,175
17996,0,36030023773,36030023630,0,0,142
17997,0,36032027624,36032027467,0,0,157
17998,0,36034028849,36034028748,0,0,101
17999,0,36036030006,36036029887,0,0,118
18000,0,36038032156,36038032021,0,0,134
18001,0,36040034438,36040034313,0,0,125
18002,0,36042037094,36042036991,0,0,103
18003,0,36044039961,36044039840,0,0,121
18004,0,36046041979,36046041849,0,0,130
18005,0,36048044389,36048044233,0,0,155
18006,0,36050045963,36050045820,0,0,143
18007,0,36052049142,36052048987,0,0,155
18008,0,36054052597,36054052458,0,0,138
18009,0,36056053000,36056052872,0,0,128
18010,0,36058054644,36058054496,0,0,148
18011,0,36060056895,36060056755,0,0,140
18012,0,36062058970,36062058826,0,0,143
18013,0,36064060778,36064060631,0,0,147
18014,0,36066063559,36066063413,0,0,146
18015,0,36068065517,36068065382,0,0,135
18016,0,36070067675,36070067534,0,0,140
18017,0,36072069721,36072069581,0,0,139
18018,0,36074072306,36074072202,0,0,104
18019,0,36076075058,36076074910,0,0,148
18020,0,36078078164,36078078017,0,0,146
18021,0,36080079719,36080079568,0,0,150
18022,0,36082080858,36082080750,0,0,107
18023,0,36084083020,36084082889,0,0,131
18024,0,36086085460,36086085358,0,0,102
18025,0,36088087656,36088087512,0,0,143
18026,0,36090090029,36090089916,0,0,112
18027,0,36092093227,36092093110,0,0,116
18028,0,36094095844,36094095730,0,0,114
18029,0,36096097786,36096097639,0,0,146
18030,0,36098098697,36098098579,0,0,118
18031,0,36100101346,36100101204,0,0,141
18032,0,36102103256,36102103082,0,0,173
18033,0,36104105750,36104105629,0,0,121
18034,0,36106107633,36106107492,0,0,141
18035,0,36108109953,36108109811,0,0,142
18036,0,36110112316,36110112170,0,0,146
18037,0,36112114482,36112114333,0,0,148
18038,0,36114116880,36114116761,0,0,119
18039,0,36116118805,36116118700,0,0,105
18040,0,36118121580,36118121462,0,0,118
18041,0,36120123628,36120123518,0,0,110
18042,0,36122125820,36122125710,0,0,110
18043,0,36124128139,36124128016,0,0,122
18044,0,36126130194,36126130089,0,0,104
18045,0,36128132408,36128132263,0,0,144
18046,0,36130134370,36130134265,0,0,104
18047,0,36132138177,36132138069,0,0,108
18048,0,36134140046,36134139962,0,0,83
18049,0,36136141269,36136141155,0,0,114
18050,0,36138143240,36138143158,0,0,82
18051,0,36140145190,36140145079,0,0,110
18052,0,36142148283,36142148168,0,0,114
18053,0,36144150535,36144150413,0,0,122
18054,0,36146152339,36146152225,0,0,114
18055,0,36148154297,36148154190,0,0,107
18056,0,36150156517,36150156371,0,0,146
18057,0,36152158774,36152158665,0,0,108
18058,0,36154161463,36154161359,0,0,104
18059,0,36156163118,36156162993,0,0,124
18060,0,36158166283,36158166168,0,0,114
18061,0,36160169669,36160169565,0,0,104
18062,0,36162171143,36162171024,0,0,118
18063,0,36164172621,36164172512,0,0,108
18064,0,36166174501,36166174367,0,0,134
18065,0,36168176435,36168176330,0,0,104
18066,0,36170178819,36170178691,0,0,128
18067,0,36172182182,36172182033,0,0,148
18068,0,36174183525,36174183370,0,0,155
18069,0,36176186024,36176185916,0,0,107
18070,0,36178188013,36178187913,0,0,100
18071,0,36180190074,36180189959,0,0,114
18072,0,36182192288,36182192161,0,0,127
18073,0,36184194496,36184194388,0,0,107
18074,0,36186196768,36186196656,0,0,112
18075,0,36188199564,36188199450,0,0,114
18076,0,36190202168,36190202061,0,0,107
18077,0,36192205208,36192205094,0,0,114
18078,0,36194206943,36194206839,0,0,104
18079,0,36196208329,36196208213,0,0,115
18080,0,36198211644,36198211560,0,0,84
18081,0,36200213407,36200213303,0,0,104
18082,0,36202214410,36202214321,0,0,88
18083,0,36204216433,36204216302,0,0,131
18084,0,36206219280,36206219163,0,0,116
18085,0,36208220879,36208220769,0,0,110
18086,0,36210224638,36210224525,0,0,112
18087,0,36212225719,36212225615,0,0,103
18088,0,36214227911,36214227810,0,0,101
18089,0,36216230107,36216229993,0,0,114
18090,0,36218232956,36218232847,0,0,108
18091,0,36220235383,36220235276,0,0,107
18092,0,36222237011,36222236906,0,0,104
18093,0,36224239498,36224239378,0,0,120
18094,0,36226242121,36226242011,0,0,110
18095,0,36228243224,36228243113,0,0,111
18096,0,36230245728,36230245634,0,0,93
18097,0,36232248212,36232248106,0,0,105
18098,0,36234249901,36234249820,0,0,80
18099,0,36236251817,36236251713,0,0,104
18100,0,36238254842,36238254766,0,0,76
18101,0,36240256662,36240256551,0,0,110
18102,0,36242259267,36242259143,0,0,123
18103,0,36244261329,36244261204,0,0,125
18104,0,36246263188,36246263055,0,0,133
18105,0,36248266574,36248266434,0,0,139
18106,0,36250268278,36250268172,0,0,106
18107,0,36252269930,36252269798,0,0,132
18108,0,36254272400,36254272295,0,0,105
18109,0,36256274947,36256274822,0,0,124
18110,0,36258277236,36258277081,0,0,155
18111,0,36260279150,36260278997,0,0,152
18112,0,36262281613,36262281445,0,0,168
18113,0,36264283336,36264283193,0,0,142
18114,0,36266285811,36266285687,0,0,124
18115,0,36268287885,36268287754,0,0,130
18116,0,36270290552,36270290424,0,0,128
18117,0,36272292398,36272292241,0,0,157
18118,0,36274294542,36274294396,0,0,146
18119,0,36276296806,36276296679,0,0,127
18120,0,36278298970,36278298865,0,0,105
18121,0,36280301110,36280300963,0,0,146
18122,0,36282303360,36282303251,0,0,108
18123,0,36284305337,36284305202,0,0,135
18124,0,36286307979,36286307876,0,0,103
18125,0,36288312166,36288312036,0,0,129
18126,0,36290313244,36290313128,0,0,116
18127,0,36292316458,36292316330,0,0,128
18128,0,36294317346,36294317225,0,0,121
18129,0,36296319897,36296319775,0,0,122
18130,0,36298321270,36298321166,0,0,104
18131,0,36300322948,36300322838,0,0,110
18132,0,36302325268,36302325143,0,0,125
18133,0,36304329047,36304328914,0,0,132
18134,0,36306330290,36306330139,0,0,151
18135,0,36308332680,36308332548,0,0,132
18136,0,36310334674,36310334498,0,0,175
18137,0,36312336866,36312336739,0,0,126
18138,0,36314339104,36314338986,0,0,118
18139,0,36316341040,36316340911,0,0,129
18140,0,36318343916,36318343789,0,0,127
18141,0,36320347152,36320346995,0,0,156
18142,0,36322349350,36322349227,0,0,122
18143,0,36324350323,36324350200,0,0,123
18144,0,36326354138,36326354029,0,0,108
18145,0,36328355555,36328355422,0,0,132
18146,0,36330357101,36330357014,0,0,87
18147,0,36332359146,36332359029,0,0,116
18148,0,36334361481,36334361352,0,0,128
18149,0,36336363916,36336363775,0,0,140
18150,0,36338365813,36338365685,0,0,128
18151,0,36340367987,36340367834,0,0,152
18152,0,36342369831,36342369683,0,0,147
18153,0,36344372229,36344372096,0,0,132
18154,0,36346374870,36346374734,0,0,136
18155,0,36348376569,36348376422,0,0,147
18156,0,36350379650,36350379503,0,0,146
18157,0,36352382119,36352381946,0,0,173
18158,0,36354383578,36354383449,0,0,129
18159,0,36356386192,36356386068,0,0,123
18160,0,36358388667,36358388534,0,0,132
18161,0,36360391749,36360391624,0,0,125
18162,0,36362393905,36362393782,0,0,123
18163,0,36364395842,36364395721,0,0,121
18164,0,36366399097,36366398961,0,0,136
18165,0,36368400752,36368400607,0,0,144
18166,0,36370403104,36370403020,0,0,84
18167,0,36372405049,36372404970,0,0,79
18168,0,36374407316,36374407200,0,0,116
18169,0,36376408916,36376408800,0,0,116
18170,0,36378410653,36378410544,0,0,108
18171,0,36380412975,36380412860,0,0,114
18172,0,36382416020,36382415942,0,0,78
18173,0,36384417193,36384417067,0,0,125
18174,0,36386419788,36386419682,0,0,105
18175,0,36388422191,36388422074,0,0,116
18176,0,36390423751,36390423633,0,0,117
18177,0,36392427042,36392426928,0,0,114
18178,0,36394427979,36394427898,0,0,80
18179,0,36396430231,36396430112,0,0,119
18180,0,36398432947,36398432849,0,0,98
18181,0,36400435733,36400435611,0,0,121
18182,0,36402436626,36402436514,0,0,112
18183,0,36404438847,36404438734,0,0,112
18184,0,36406442334,36406442205,0,0,128
18185,0,36408443660,36408443537,0,0,123
18186,0,36410445799,36410445680,0,0,118
18187,0,36412447997,36412447856,0,0,140
18188,0,36414450465,36414450351,0,0,114
18189,0,36416453076,36416452957,0,0,119
18190,0,36418455705,36418455593,0,0,112
18191,0,36420457058,36420456950,0,0,107
18192,0,36422459212,36422459070,0,0,141
18193,0,36424460860,36424460736,0,0,124
18194,0,36426463492,36426463391,0,0,101
18195,0,36428465748,36428465624,0,0,123
18196,0,36430468325,36430468225,0,0,100
18197,0,36432470928,36432470842,0,0,85
18198,0,36434473533,36434473432,0,0,101
18199,0,36436474330,36436474215,0,0,114
18200,0,36438476858,36438476725,0,0,132
18201,0,36440479760,36440479654,0,0,105
18202,0,36442482909,36442482805,0,0,103
18203,0,36444484772,36444484664,0,0,107
18204,0,36446486268,36446486184,0,0,84
18205,0,36448487969,36448487842,0,0,127
18206,0,36450489759,36450489651,0,0,107
18207,0,36452491315,36452491205,0,0,110
18208,0,36454494278,36454494189,0,0,88
18209,0,36456495503,36456495382,0,0,120
18210,0,36458499132,36458499019,0,0,112
18211,0,36460501175,36460501068,0,0,107
18212,0,36462504330,36462504204,0,0,125
18213,0,36464506696,36464506569,0,0,126
18214,0,36466508123,36466508036,0,0,86
18215,0,36468510016,36468509898,0,0,118
18216,0,36470511889,36470511785,0,0,103
18217,0,36472513666,36472513553,0,0,112
18218,0,36474517008,36474516897,0,0,110
18219,0,36476519194,36476519067,0,0,126
18220,0,36478520904,36478520824,0,0,80
18221,0,36480522834,36480522731,0,0,103
18222,0,36482526836,36482526732,0,0,104
18223,0,36484528051,36484527934,0,0,116
18224,0,36486529930,36486529811,0,0,118
18225,0,36488532345,36488532232,0,0,112
18226,0,36490534579,36490534494,0,0,84
18227,0,36492537929,36492537821,0,0,107
18228,0,36494539414,36494539330,0,0,83
18229,0,36496541235,36496541097,0,0,138
18230,0,36498544685,36498544531,0,0,154
18231,0,36500546402,36500546272,0,0,130
18232,0,36502548719,36502548557,0,0,161
18233,0,36504550244,36504550088,0,0,156
18234,0,36506552853,36506552722,0,0,130
18235,0,36508554946,36508554788,0,0,158
18236,0,36510557448,36510557301,0,0,147
18237,0,36512559631,36512559444,0,0,186
18238,0,36514561197,36514561080,0,0,116
18239,0,36516563887,36516563755,0,0,132
18240,0,36518566110,36518566026,0,0,83
18241,0,36520568111,36520567978,0,0,132
18242,0,36522571141,36522571053,0,0,88
18243,0,36524572489,36524572361,0,0,128
18244,0,36526575482,36526575335,0,0,146
18245,0,36528577941,36528577814,0,0,127
18246,0,36530579914,36530579804,0,0,110
18247,0,36532582417,36532582291,0,0,125
18248,0,36534583989,36534583851,0,0,138
18249,0,36536586093,36536585984,0,0,109
18250,0,36538588458,36538588380,0,0,77
18251,0,36540590696,36540590572,0,0,124
18252,0,36542592956,36542592878,0,0,77
18253,0,36544595616,36544595478,0,0,138
18254,0,36546598105,36546597991,0,0,114
18255,0,36548599346,36548599224,0,0,122
18256,0,36550602267,36550602116,0,0,151
18257,0,36552604953,36552604810,0,0,143
18258,0,36554605937,36554605806,0,0,130
18259,0,36556608402,36556608269,0,0,132
18260,0,36558610712,36558610566,0,0,146
18261,0,36560613925,36560613779,0,0,146
18262,0,36562615504,36562615395,0,0,108
18263,0,36564618168,36564618055,0,0,112
18264,0,36566619372,36566619227,0,0,144
18265,0,36568621578,36568621464,0,0,114
18266,0,36570624294,36570624177,0,0,116
18267,0,36572626910,36572626767,0,0,142
18268,0,36574628783,36574628694,0,0,88
18269,0,36576631332,36576631195,0,0,137
18270,0,36578632679,36578632557,0,0,122
18271,0,36580634997,36580634853,0,0,143
18272,0,36582637313,36582637194,0,0,119
18273,0,36584639730,36584639586,0,0,143
18274,0,36586641433,36586641289,0,0,144
18275,0,36588643716,36588643582,0,0,134
18276,0,36590646603,36590646483,0,0,120
18277,0,36592651698,36592651542,0,0,156
18278,0,36594651667,36594651533,0,0,134
18279,0,36596652473,36596652350,0,0,123
18280,0,36598655915,36598655835,0,0,79
18281,0,36600656883,36600656737,0,0,146
18282,0,36602659759,36602659643,0,0,116
18283,0,36604661676,36604661522,0,0,153
18284,0,36606664009,36606663892,0,0,116
18285,0,36608666676,36608666532,0,0,143
18286,0,36610668981,36610668853,0,0,128
18287,0,36612670330,36612670184,0,0,146
18288,0,36614672649,36614672498,0,0,150
18289,0,36616675211,36616675064,0,0,146
18290,0,36618677436,36618677301,0,0,135
18291,0,36620679791,36620679663,0,0,128
18292,0,36622681773,36622681620,0,0,152
18293,0,36624684535,36624684378,0,0,157
18294,0,36626687323,36626687177,0,0,146
18295,0,36628687813,36628687687,0,0,126
18296,0,36630690220,36630690101,0,0,119
18297,0,36632692524,36632692392,0,0,132
18298,0,36634695616,36634695497,0,0,119
18299,0,36636698251,36636698129,0,0,122
18300,0,36638699564,36638699424,0,0,140
18301,0,36640702424,36640702267,0,0,157
18302,0,36642704258,36642704128,0,0,130
18303,0,36644706155,36644706026,0,0,128
18304,0,36646708548,36646708415,0,0,132
18305,0,36648710965,36648710816,0,0,148
18306,0,36650713725,36650713618,0,0,106
18307,0,36652714604,36652714458,0,0,146
18308,0,36654717721,36654717595,0,0,126
18309,0,36656721235,36656721098,0,0,136
18310,0,36658722748,36658722635,0,0,112
18311,0,36660723683,36660723559,0,0,123
18312,0,36662726143,36662726040,0,0,102
18313,0,36664728030,36664727903,0,0,126
18314,0,36666730716,36666730599,0,0,116
18315,0,36668732649,36668732526,0,0,122
18316,0,36670735182,36670735078,0,0,104
18317,0,36672738072,36672737948,0,0,123
18318,0,36674740567,36674740450,0,0,116
18319,0,36676742380,36676742267,0,0,112
18320,0,36678746143,36678746022,0,0,121
18321,0,36680745908,36680745787,0,0,121
18322,0,36682748431,36682748352,0,0,78
18323,0,36684751256,36684751137,0,0,118
18324,0,36686754949,36686754864,0,0,85
18325,0,36688756247,36688756140,0,0,107
18326,0,36690757679,36690757569,0,0,110
18327,0,36692761083,36692760983,0,0,100
18328,0,36694761208,36694761086,0,0,122
18329,0,36696763842,36696763736,0,0,106
18330,0,36698766709,36698766606,0,0,102
18331,0,36700769101,36700768997,0,0,104
18332,0,36702771099,36702770997,0,0,102
18333,0,36704773923,36704773813,0,0,110
18334,0,36706774900,36706774793,0,0,107
18335,0,36708777118,36708777033,0,0,85
18336,0,36710779434,36710779355,0,0,78
18337,0,36712781782,36712781678,0,0,103
18338,0,36714783997,36714783910,0,0,86
18339,0,36716787078,36716786991,0,0,87
18340,0,36718788794,36718788687,0,0,107
18341,0,36720790172,36720790050,0,0,121
18342,0,36722792788,36722792647,0,0,141
18343,0,36724794672,36724794539,0,0,132
18344,0,36726796937,36726796789,0,0,147
18345,0,36728799220,36728799098,0,0,121
18346,0,36730801927,36730801808,0,0,118
18347,0,36732804804,36732804660,0,0,143
18348,0,36734807528,36734807424,0,0,103
18349,0,36736808287,36736808166,0,0,121
18350,0,36738810607,36738810493,0,0,114
18351,0,36740813132,36740813056,0,0,76
18352,0,36742815495,36742815383,0,0,112
18353,0,36744818012,36744817908,0,0,103
18354,0,36746820427,36746820359,0,0,68
18355,0,36748821873,36748821789,0,0,83
18356,0,36750824885,36750824803,0,0,82
18357,0,36752827413,36752827308,0,0,104
18358,0,36754829620,36754829478,0,0,141
18359,0,36756830354,36756830211,0,0,142
18360,0,36758832743,36758832616,0,0,127
18361,0,36760835065,36760834941,0,0,124
18362,0,36762837404,36762837277,0,0,127
18363,0,36764839478,36764839342,0,0,135
18364,0,36766842037,36766841933,0,0,103
18365,0,36768844123,36768844004,0,0,118
18366,0,36770846247,36770846122,0,0,124
18367,0,36772848738,36772848593,0,0,144
18368,0,36774850711,36774850595,0,0,116
18369,0,36776852713,36776852604,0,0,108
18370,0,36778855302,36778855190,0,0,112
18371,0,36780857163,36780857033,0,0,130
18372,0,36782860006,36782859901,0,0,105
18373,0,36784861535,36784861412,0,0,123
18374,0,36786863910,36786863786,0,0,123
18375,0,36788865988,36788865855,0,0,132
18376,0,36790868030,36790867909,0,0,121
18377,0,36792871907,36792871768,0,0,138
18378,0,36794874139,36794874035,0,0,103
18379,0,36796875154,36796875019,0,0,134
18380,0,36798877822,36798877673,0,0,148
18381,0,36800880804,36800880676,0,0,128
18382,0,36802883038,36802882912,0,0,125
18383,0,36804884328,36804884191,0,0,137
18384,0,36806887121,36806886991,0,0,130
18385,0,36808890116,36808890009,0,0,107
18386,0,36810891574,36810891449,0,0,124
18387,0,36812892995,36812892859,0,0,136
18388,0,36814895505,36814895364,0,0,140
18389,0,36816897665,36816897512,0,0,152
18390,0,36818899417,36818899273,0,0,143
18391,0,36820901631,36820901493,0,0,138
18392,0,36822903627,36822903482,0,0,145
18393,0,36824906211,36824906071,0,0,139
18394,0,36826909251,36826909139,0,0,112
18395,0,36828911811,36828911669,0,0,141
18396,0,36830913278,36830913150,0,0,128
18397,0,36832915180,36832915029,0,0,151
18398,0,36834918237,36834918116,0,0,121
18399,0,36836919566,36836919441,0,0,124
18400,0,36838922011,36838921876,0,0,134
18401,0,36840923555,36840923428,0,0,127
18402,0,36842926467,36842926384,0,0,83
18403,0,36844928669,36844928549,0,0,120
18404,0,36846931080,36846930975,0,0,105
18405,0,36848933206,36848933071,0,0,134
18406,0,36850935559,36850935438,0,0,121
18407,0,36852937275,36852937150,0,0,124
18408,0,36854939526,36854939415,0,0,111
18409,0,36856942018,36856941885,0,0,132
18410,0,36858944552,36858944449,0,0,102
18411,0,36860947456,36860947323,0,0,133
18412,0,36862948523,36862948391,0,0,132
18413,0,36864950823,36864950691,0,0,132
18414,0,36866953174,36866953072,0,0,101
18415,0,36868955346,36868955229,0,0,116
18416,0,36870957651,36870957514,0,0,137
18417,0,36872960575,36872960467,0,0,107
18418,0,36874961728,36874961621,0,0,107
18419,0,36876963546,36876963434,0,0,112
18420,0,36878965386,36878965273,0,0,112
18421,0,36880968735,36880968601,0,0,134
18422,0,36882971022,36882970879,0,0,142
18423,0,36884972572,36884972431,0,0,140
18424,0,36886975246,36886975123,0,0,122
18425,0,36888977570,36888977435,0,0,134
18426,0,36890979964,36890979832,0,0,131
18427,0,36892983979,36892983831,0,0,148
18428,0,36894985327,36894985188,0,0,139
18429,0,36896986589,36896986449,0,0,140
18430,0,36898988411,36898988283,0,0,127
18431,0,36900991421,36900991303,0,0,118
18432,0,36902994410,36902994264,0,0,146
18433,0,36904995958,36904995846,0,0,112
18434,0,36906997883,36906997750,0,0,132
18435,0,36908999602,36908999469,0,0,132
18436,0,36911002326,36911002185,0,0,141
18437,0,36913005202,36913005064,0,0,138
18438,0,36915006346,36915006224,0,0,121
18439,0,36917008121,36917007997,0,0,124
18440,0,36919010596,36919010474,0,0,122
18441,0,36921012887,36921012757,0,0,130
18442,0,36923015717,36923015611,0,0,105
18443,0,36925018806,36925018698,0,0,107
18444,0,36927020017,36927019912,0,0,104
18445,0,36929023080,36929022975,0,0,104
18446,0,36931025143,36931025033,0,0,110
18447,0,36933026999,36933026894,0,0,104
18448,0,36935029519,36935029382,0,0,137
18449,0,36937031442,36937031321,0,0,121
18450,0,36939034225,36939034121,0,0,104
18451,0,36941034907,36941034779,0,0,127
18452,0,36943037883,36943037761,0,0,122
18453,0,36945039872,36945039748,0,0,123
18454,0,36947042088,36947041960,0,0,128
18455,0,36949044834,36949044716,0,0,118
18456,0,36951048416,36951048313,0,0,103
18457,0,36953049316,36953049204,0,0,111
18458,0,36955052246,36955052166,0,0,80
18459,0,36957054323,36957054219,0,0,104
18460,0,36959055673,36959055555,0,0,118
18461,0,36961057206,36961057098,0,0,108
18462,0,36963059455,36963059346,0,0,108
18463,0,36965061514,36965061404,0,0,110
18464,0,36967064461,36967064377,0,0,84
18465,0,36969066628,36969066519,0,0,108
18466,0,36971068712,36971068644,0,0,67
18467,0,36973070849,36973070739,0,0,110
18468,0,36975073493,36975073370,0,0,123
18469,0,36977075291,36977075165,0,0,125
18470,0,36979077277,36979077166,0,0,110
18471,0,36981079271,36981079170,0,0,101
18472,0,36983082241,36983082149,0,0,92
18473,0,36985084523,36985084425,0,0,98
18474,0,36987086806,36987086721,0,0,85
18475,0,36989091534,36989091431,0,0,103
18476,0,36991092240,36991092135,0,0,104
18477,0,36993095556,36993095432,0,0,123
18478,0,36995096292,36995096163,0,0,129
18479,0,36997097893,36997097746,0,0,146
18480,0,36999100129,36999099963,0,0,166
18481,0,37001102044,37001101909,0,0,135
18482,0,37003104586,37003104463,0,0,122
18483,0,37005106525,37005106376,0,0,148
18484,0,37007109117,37007108972,0,0,145
18485,0,37009111094,37009110971,0,0,122
18486,0,37011113035,37011112894,0,0,141
18487,0,37013115534,37013115409,0,0,124
18488,0,37015118565,37015118463,0,0,101
18489,0,37017121616,37017121489,0,0,126
18490,0,37019123805,37019123690,0,0,114
18491,0,37021125212,37021125093,0,0,119
18492,0,37023126438,37023126334,0,0,104
18493,0,37025128943,37025128817,0,0,125
18494,0,37027131136,37027131035,0,0,101
18495,0,37029134201,37029134062,0,0,139
18496,0,37031135438,37031135331,0,0,107
18497,0,37033137442,37033137310,0,0,131
18498,0,37035140745,37035140662,0,0,83
18499,0,37037143094,37037142953,0,0,141
18500,0,37039145208,37039145051,0,0,157
18501,0,37041147904,37041147732,0,0,171
18502,0,37043148600,37043148494,0,0,105
18503,0,37045151166,37045151041,0,0,124
18504,0,37047153043,37047152898,0,0,144
18505,0,37049155875,37049155750,0,0,124
18506,0,37051158786,37051158677,0,0,108
18507,0,37053160042,37053159914,0,0,128
18508,0,37055161855,37055161731,0,0,123
18509,0,37057165153,37057165004,0,0,148
18510,0,37059167487,37059167345,0,0,142
18511,0,37061169546,37061169388,0,0,157
18512,0,37063171981,37063171826,0,0,155
18513,0,37065173448,37065173335,0,0,112
18514,0,37067176229,37067176120,0,0,108
18515,0,37069177339,37069177200,0,0,138
18516,0,37071180105,37071179952,0,0,152
18517,0,37073182423,37073182305,0,0,118
18518,0,37075184318,37075184214,0,0,103
18519,0,37077186444,37077186314,0,0,130
18520,0,37079188860,37079188737,0,0,123
18521,0,37081190738,37081190611,0,0,126
18522,0,37083193325,37083193201,0,0,124
18523,0,37085194912,37085194788,0,0,123
18524,0,37087196970,37087196849,0,0,121
18525,0,37089199655,37089199519,0,0,136
18526,0,37091202877,37091202760,0,0,116
18527,0,37093206534,37093206413,0,0,121
18528,0,37095206746,37095206625,0,0,120
18529,0,37097208717,37097208600,0,0,116
18530,0,37099211398,37099211286,0,0,112
18531,0,37101212982,37101212844,0,0,138
18532,0,37103216065,37103215933,0,0,132
18533,0,37105218864,37105218729,0,0,134
18534,0,37107221407,37107221303,0,0,104
18535,0,37109223011,37109222905,0,0,106
18536,0,37111224838,37111224717,0,0,121
18537,0,37113226737,37113226616,0,0,121
18538,0,37115229465,37115229361,0,0,103
18539,0,37117231842,37117231725,0,0,116
18540,0,37119233279,37119233159,0,0,120
18541,0,37121235403,37121235271,0,0,132
18542,0,37123238749,37123238644,0,0,104
18543,0,37125241539,37125241416,0,0,123
18544,0,37127242843,37127242730,0,0,112
18545,0,37129243991,37129243856,0,0,134
18546,0,37131246703,37131246595,0,0,107
18547,0,37133248642,37133248503,0,0,139
18548,0,37135251760,37135251639,0,0,121
18549,0,37137254335,37137254208,0,0,126
18550,0,37139255461,37139255354,0,0,107
18551,0,37141257575,37141257438,0,0,137
18552,0,37143260096,37143259944,0,0,152
18553,0,37145262967,37145262834,0,0,132
18554,0,37147265029,37147264904,0,0,124
18555,0,37149267837,37149267698,0,0,138
18556,0,37151269027,37151268901,0,0,126
18557,0,37153271029,37153270884,0,0,144
18558,0,37155273656,37155273546,0,0,110
18559,0,37157275954,37157275850,0,0,103
18560,0,37159277603,37159277495,0,0,107
18561,0,37161280274,37161280146,0,0,127
18562,0,37163282078,37163281971,0,0,106
18563,0,37165284759,37165284633,0,0,125
18564,0,37167287096,37167286974,0,0,122
18565,0,37169289355,37169289204,0,0,150
18566,0,37171291244,37171291119,0,0,125
18567,0,37173293057,37173292918,0,0,139
18568,0,37175295465,37175295317,0,0,148
18569,0,37177298065,37177297932,0,0,132
18570,0,37179300405,37179300305,0,0,100
18571,0,37181302930,37181302798,0,0,132
18572,0,37183304710,37183304604,0,0,105
18573,0,37185308424,37185308278,0,0,146
18574,0,37187309746,37187309623,0,0,122
18575,0,37189311272,37189311125,0,0,147
18576,0,37191313105,37191312972,0,0,132
18577,0,37193316856,37193316728,0,0,128
18578,0,37195318378,37195318245,0,0,132
18579,0,37197320793,37197320688,0,0,104
18580,0,37199322730,37199322602,0,0,128
18581,0,37201325662,37201325530,0,0,132
18582,0,37203326705,37203326574,0,0,130
18583,0,37205328556,37205328431,0,0,124
18584,0,37207331116,37207331002,0,0,114
18585,0,37209333209,37209333066,0,0,143
18586,0,37211335816,37211335686,0,0,130
18587,0,37213337914,37213337811,0,0,103
18588,0,37215340514,37215340377,0,0,137
18589,0,37217342116,37217341989,0,0,126
18590,0,37219344557,37219344458,0,0,98
18591,0,37221346470,37221346367,0,0,103
18592,0,37223350197,37223350121,0,0,76
18593,0,37225351555,37225351444,0,0,110
18594,0,37227354232,37227354158,0,0,74
18595,0,37229356755,37229356639,0,0,116
18596,0,37231358255,37231358150,0,0,104
18597,0,37233360395,37233360287,0,0,108
18598,0,37235362155,37235362029,0,0,125
18599,0,37237364310,37237364205,0,0,104
18600,0,37239367119,37239367038,0,0,80
18601,0,37241369162,37241369061,0,0,101
18602,0,37243371743,37243371639,0,0,103
18603,0,37245374804,37245374694,0,0,110
18604,0,37247375995,37247375889,0,0,105
18605,0,37249378137,37249378008,0,0,128
18606,0,37251380369,37251380292,0,0,76
18607,0,37253382788,37253382683,0,0,105
18608,0,37255386022,37255385935,0,0,87
18609,0,37257387247,37257387125,0,0,121
18610,0,37259390450,37259390366,0,0,84
18611,0,37261392512,37261392407,0,0,104
18612,0,37263393919,37263393814,0,0,105
18613,0,37265396548,37265396404,0,0,144
18614,0,37267397542,37267397418,0,0,123
18615,0,37269400042,37269399899,0,0,142
18616,0,37271402492,37271402357,0,0,135
18617,0,37273404753,37273404629,0,0,124
18618,0,37275407296,37275407152,0,0,144
18619,0,37277410480,37277410351,0,0,128
18620,0,37279412727,37279412624,0,0,103
18621,0,37281414399,37281414255,0,0,143
18622,0,37283415361,37283415212,0,0,148
18623,0,37285419011,37285418887,0,0,124
18624,0,37287421143,37287421013,0,0,130
18625,0,37289422393,37289422250,0,0,143
18626,0,37291424986,37291424866,0,0,119
18627,0,37293428200,37293428065,0,0,134
18628,0,37295429053,37295428914,0,0,138
18629,0,37297431883,37297431761,0,0,121
18630,0,37299434262,37299434130,0,0,131
18631,0,37301436595,37301436476,0,0,119
18632,0,37303437480,37303437339,0,0,141
18633,0,37305439949,37305439819,0,0,130
18634,0,37307442728,37307442641,0,0,86
18635,0,37309444560,37309444433,0,0,126
18636,0,37311446899,37311446794,0,0,105
18637,0,37313450239,37313450126,0,0,112
18638,0,37315452193,37315452088,0,0,104
18639,0,37317454056,37317453945,0,0,110
18640,0,37319456936,37319456787,0,0,148
18641,0,37321457662,37321457518,0,0,144
18642,0,37323460342,37323460239,0,0,103
18643,0,37325462400,37325462278,0,0,122
18644,0,37327465157,37327465033,0,0,123
18645,0,37329467694,37329467563,0,0,130
18646,0,37331469115,37331469011,0,0,104
18647,0,37333471376,37333471260,0,0,115
18648,0,37335473176,37335473031,0,0,144
18649,0,37337475669,37337475541,0,0,128
18650,0,37339478829,37339478694,0,0,134
18651,0,37341480262,37341480137,0,0,125
18652,0,37343482534,37343482450,0,0,84
18653,0,37345484526,37345484404,0,0,122
18654,0,37347486610,37347486498,0,0,111
18655,0,37349489247,37349489129,0,0,118
18656,0,37351491116,37351491022,0,0,94
18657,0,37353493728,37353493611,0,0,116
18658,0,37355495322,37355495216,0,0,105
18659,0,37357497314,37357497167,0,0,146
18660,0,37359499478,37359499357,0,0,121
18661,0,37361502482,37361502352,0,0,130
18662,0,37363504536,37363504397,0,0,138
18663,0,37365506844,37365506739,0,0,105
18664,0,37367509069,37367508944,0,0,124
18665,0,37369511058,37369510930,0,0,128
18666,0,37371513797,37371513678,0,0,119
18667,0,37373515511,37373515392,0,0,119
18668,0,37375517930,37375517825,0,0,104
18669,0,37377520916,37377520786,0,0,130
18670,0,37379524586,37379524480,0,0,105
18671,0,37381524242,37381524119,0,0,123
18672,0,37383526871,37383526758,0,0,112
18673,0,37385529091,37385528973,0,0,118
18674,0,37387531176,37387531090,0,0,85
18675,0,37389533848,37389533730,0,0,117
18676,0,37391536006,37391535886,0,0,119
18677,0,37393538883,37393538764,0,0,118
18678,0,37395540071,37395539991,0,0,80
18679,0,37397542464,37397542334,0,0,130
18680,0,37399544883,37399544760,0,0,122
18681,0,37401547097,37401546968,0,0,128
18682,0,37403549259,37403549137,0,0,122
18683,0,37405551379,37405551267,0,0,112
18684,0,37407553943,37407553817,0,0,125
18685,0,37409555992,37409555865,0,0,126
18686,0,37411558126,37411558013,0,0,113
18687,0,37413560330,37413560208,0,0,122
18688,0,37415562703,37415562593,0,0,110
18689,0,37417565491,37417565350,0,0,141
18690,0,37419566602,37419566513,0,0,89
18691,0,37421568815,37421568685,0,0,130
18692,0,37423572395,37423572276,0,0,118
18693,0,37425574707,37425574557,0,0,150
18694,0,37427576012,37427575883,0,0,128
18695,0,37429578249,37429578102,0,0,146
18696,0,37431580413,37431580292,0,0,121
18697,0,37433582502,37433582369,0,0,132
18698,0,37435584892,37435584752,0,0,139
18699,0,37437586671,37437586541,0,0,130
18700,0,37439589656,37439589549,0,0,107
18701,0,37441593044,37441592921,0,0,123
18702,0,37443594360,37443594219,0,0,141
18703,0,37445596114,37445595970,0,0,144
18704,0,37447598074,37447597957,0,0,116
18705,0,37449600401,37449600269,0,0,131
18706,0,37451603137,37451603020,0,0,116
18707,0,37453605993,37453605846,0,0,147
18708,0,37455607723,37455607599,0,0,123
18709,0,37457611144,37457611038,0,0,105
18710,0,37459611804,37459611700,0,0,104
18711,0,37461613577,37461613474,0,0,103
18712,0,37463616096,37463615995,0,0,101
18713,0,37465617869,37465617757,0,0,112
18714,0,37467621193,37467621090,0,0,103
18715,0,37469623961,37469623865,0,0,96
18716,0,37471624879,37471624776,0,0,103
18717,0,37473627063,37473626924,0,0,139
18718,0,37475629583,37475629460,0,0,123
18719,0,37477631833,37477631707,0,0,125
18720,0,37479633808,37479633700,0,0,107
18721,0,37481635895,37481635764,0,0,131
18722,0,37483638220,37483638116,0,0,103
18723,0,37485640559,37485640418,0,0,140
18724,0,37487643056,37487642925,0,0,130
18725,0,37489645730,37489645621,0,0,108
18726,0,37491647015,37491646888,0,0,126
18727,0,37493650226,37493650120,0,0,106
18728,0,37495652247,37495652139,0,0,107
18729,0,37497654069,37497653956,0,0,112
18730,0,37499656130,37499656026,0,0,104
18731,0,37501657761,37501657660,0,0,100
18732,0,37503660637,37503660539,0,0,98
18733,0,37505662927,37505662808,0,0,118
18734,0,37507665947,37507665834,0,0,112
18735,0,37509668422,37509668316,0,0,105
18736,0,37511669321,37511669196,0,0,125
18737,0,37513671553,37513671443,0,0,110
18738,0,37515674259,37515674159,0,0,100
18739,0,37517677206,37517677071,0,0,134
18740,0,37519678963,37519678864,0,0,98
18741,0,37521681532,37521681400,0,0,132
18742,0,37523682642,37523682516,0,0,126
18743,0,37525684791,37525684640,0,0,150
18744,0,37527686806,37527686667,0,0,138
18745,0,37529689149,37529689022,0,0,127
18746,0,37531691641,37531691527,0,0,114
18747,0,37533693609,37533693486,0,0,123
18748,0,37535697132,37535696985,0,0,146
18749,0,37537698715,37537698588,0,0,127
18750,0,37539701712,37539701564,0,0,148
18751,0,37541702478,37541702355,0,0,122
18752,0,37543705127,37543704997,0,0,130
18753,0,37545707205,37545707074,0,0,130
18754,0,37547709274,37547709150,0,0,123
18755,0,37549711424,37549711278,0,0,146
18756,0,37551714201,37551714065,0,0,136
18757,0,37553716973,37553716826,0,0,146
18758,0,37555719193,37555719067,0,0,126
18759,0,37557720430,37557720292,0,0,138
18760,0,37559722768,37559722636,0,0,132
18761,0,37561724860,37561724712,0,0,148
18762,0,37563727449,37563727361,0,0,87
18763,0,37565728795,37565728667,0,0,128
18764,0,37567731590,37567731483,0,0,107
18765,0,37569734588,37569734449,0,0,139
18766,0,37571736721,37571736579,0,0,141
18767,0,37573739914,37573739789,0,0,124
18768,0,37575741465,37575741349,0,0,116
18769,0,37577742826,37577742709,0,0,117
18770,0,37579745402,37579745289,0,0,112
18771,0,37581747501,37581747368,0,0,132
18772,0,37583748696,37583748584,0,0,112
18773,0,37585751521,37585751384,0,0,136
18774,0,37587753588,37587753483,0,0,105
18775,0,37589755514,37589755395,0,0,119
18776,0,37591758244,37591758105,0,0,139
18777,0,37593761777,37593761660,0,0,116
18778,0,37595763521,37595763411,0,0,110
18779,0,37597766358,37597766245,0,0,112
18780,0,37599767072,37599766984,0,0,87
18781,0,37601769552,37601769416,0,0,135
18782,0,37603771270,37603771136,0,0,134
18783,0,37605773930,37605773809,0,0,121
18784,0,37607776054,37607775943,0,0,111
18785,0,37609777754,37609777640,0,0,113
18786,0,37611780623,37611780552,0,0,71
18787,0,37613783958,37613783838,0,0,119
18788,0,37615785245,37615785135,0,0,110
18789,0,37617787128,37617786992,0,0,136
18790,0,37619789311,37619789232,0,0,78
18791,0,37621791639,37621791528,0,0,110
18792,0,37623793858,37623793772,0,0,85
18793,0,37625796669,37625796546,0,0,123
18794,0,37627799989,37627799856,0,0,132
18795,0,37629801631,37629801512,0,0,119
18796,0,37631803031,37631802909,0,0,122
18797,0,37633805069,37633804928,0,0,141
18798,0,37635807199,37635807094,0,0,104
18799,0,37637809458,37637809321,0,0,137
18800,0,37639812016,37639811882,0,0,134
18801,0,37641813833,37641813694,0,0,139
18802,0,37643816306,37643816194,0,0,112
18803,0,37645818641,37645818487,0,0,154
18804,0,37647820820,37647820696,0,0,123
18805,0,37649823104,37649822987,0,0,116
18806,0,37651825584,37651825462,0,0,122
18807,0,37653826862,37653826753,0,0,108
18808,0,37655830099,37655829991,0,0,108
18809,0,37657833247,37657833123,0,0,123
18810,0,37659835636,37659835503,0,0,133
18811,0,37661836951,37661836849,0,0,102
18812,0,37663838227,37663838151,0,0,76
18813,0,37665840598,37665840489,0,0,108
18814,0,37667842712,37667842602,0,0,110
18815,0,37669844900,37669844776,0,0,123
18816,0,37671846935,37671846789,0,0,146
18817,0,37673848901,37673848784,0,0,116
18818,0,37675852089,37675852004,0,0,85
18819,0,37677854571,37677854448,0,0,123
18820,0,37679856788,37679856661,0,0,127
18821,0,37681859480,37681859343,0,0,137
18822,0,37683860608,37683860476,0,0,132
18823,0,37685862443,37685862323,0,0,119
18824,0,37687864797,37687864692,0,0,105
18825,0,37689868301,37689868170,0,0,130
18826,0,37691870209,37691870097,0,0,112
18827,0,37693873863,37693873755,0,0,108
18828,0,37695874419,37695874314,0,0,104
18829,0,37697877759,37697877658,0,0,101
18830,0,37699879385,37699879303,0,0,81
18831,0,37701880768,37701880650,0,0,118
18832,0,37703882571,37703882424,0,0,146
18833,0,37705884725,37705884617,0,0,108
18834,0,37707887160,37707887056,0,0,103
18835,0,37709888833,37709888739,0,0,94
18836,0,37711891418,37711891314,0,0,104
18837,0,37713894617,37713894494,0,0,123
18838,0,37715896314,37715896187,0,0,127
18839,0,37717898278,37717898170,0,0,107
18840,0,37719901415,37719901310,0,0,104
18841,0,37721903675,37721903546,0,0,128
18842,0,37723905570,37723905453,0,0,116
18843,0,37725908503,37725908391,0,0,111
18844,0,37727909609,37727909534,0,0,75
18845,0,37729913112,37729912985,0,0,126
18846,0,37731914788,37731914710,0,0,78
18847,0,37733917494,37733917411,0,0,83
18848,0,37735918209,37735918125,0,0,84
18849,0,37737920355,37737920251,0,0,103
18850,0,37739922653,37739922573,0,0,80
18851,0,37741924733,37741924615,0,0,118
18852,0,37743927435,37743927334,0,0,100
18853,0,37745929166,37745929057,0,0,108
18854,0,37747931386,37747931281,0,0,105
18855,0,37749934031,37749933907,0,0,124
18856,0,37751936017,37751935890,0,0,127
18857,0,37753938741,37753938616,0,0,125
18858,0,37755942043,37755941930,0,0,112
18859,0,37757943874,37757943759,0,0,115
18860,0,37759945333,37759945207,0,0,125
18861,0,37761947698,37761947569,0,0,128
18862,0,37763949475,37763949348,0,0,127
18863,0,37765951863,37765951727,0,0,136
18864,0,37767955223,37767955124,0,0,98
18865,0,37769955835,37769955714,0,0,121
18866,0,37771958157,37771958054,0,0,103
18867,0,37773960263,37773960156,0,0,107
18868,0,37775962916,37775962808,0,0,107
18869,0,37777964874,37777964752,0,0,121
18870,0,37779967772,37779967650,0,0,121
18871,0,37781969272,37781969148,0,0,124
18872,0,37783972273,37783972150,0,0,122
18873,0,37785975099,37785974958,0,0,141
18874,0,37787976490,37787976370,0,0,120
18875,0,37789978540,37789978400,0,0,140
18876,0,37791980905,37791980768,0,0,137
18877,0,37793984188,37793984044,0,0,144
18878,0,37795985281,37795985208,0,0,72
18879,0,37797987051,37797986932,0,0,119
18880,0,37799989460,37799989318,0,0,142
18881,0,37801991532,37801991375,0,0,157
18882,0,37803994496,37803994394,0,0,101
18883,0,37805997030,37805996923,0,0,107
18884,0,37807999758,37807999620,0,0,138
18885,0,37810000630,37810000501,0,0,128
18886,0,37812003075,37812002973,0,0,102
18887,0,37814005379,37814005258,0,0,121
18888,0,37816006557,37816006433,0,0,123
18889,0,37818008433,37818008307,0,0,125
18890,0,37820012718,37820012602,0,0,116
18891,0,37822015350,37822015213,0,0,137
18892,0,37824016745,37824016665,0,0,80
18893,0,37826020653,37826020490,0,0,163
18894,0,37828022035,37828021910,0,0,124
18895,0,37830023586,37830023454,0,0,132
18896,0,37832026538,37832026384,0,0,153
18897,0,37834027790,37834027620,0,0,170
18898,0,37836029820,37836029649,0,0,170
18899,0,37838032214,37838032082,0,0,132
18900,0,37840034386,37840034213,0,0,173
18901,0,37842037227,37842037080,0,0,147
18902,0,37844040210,37844040089,0,0,120
18903,0,37846043100,37846042937,0,0,162
18904,0,37848043056,37848042912,0,0,143
18905,0,37850045319,37850045164,0,0,155
18906,0,37852047817,37852047669,0,0,148
18907,0,37854049169,37854049031,0,0,138
18908,0,37856052136,37856052015,0,0,120
18909,0,37858054469,37858054326,0,0,142
18910,0,37860056719,37860056612,0,0,107
18911,0,37862058939,37862058815,0,0,123
18912,0,37864062757,37864062638,0,0,118
18913,0,37866063899,37866063755,0,0,144
18914,0,37868064791,37868064670,0,0,121
18915,0,37870067768,37870067622,0,0,146
18916,0,37872070321,37872070193,0,0,127
18917,0,37874072635,37874072499,0,0,136
18918,0,37876074015,37876073862,0,0,152
18919,0,37878076319,37878076179,0,0,140
18920,0,37880078355,37880078249,0,0,105
18921,0,37882080679,37882080549,0,0,130
18922,0,37884083385,37884083281,0,0,103
18923,0,37886085971,37886085842,0,0,128
18924,0,37888088001,37888087893,0,0,107
18925,0,37890091011,37890090885,0,0,125
18926,0,37892092240,37892092119,0,0,121
18927,0,37894095946,37894095829,0,0,116
18928,0,37896097636,37896097548,0,0,88
18929,0,37898099071,37898098925,0,0,146
18930,0,37900101921,37900101803,0,0,118
18931,0,37902103351,37902103223,0,0,128
18932,0,37904105766,37904105632,0,0,134
18933,0,37906108438,37906108314,0,0,124
18934,0,37908109689,37908109604,0,0,84
18935,0,37910112102,37910111997,0,0,105
18936,0,37912114136,37912114007,0,0,128
18937,0,37914116099,37914115982,0,0,116
18938,0,37916118927,37916118818,0,0,108
18939,0,37918120703,37918120607,0,0,96
18940,0,37920123552,37920123476,0,0,76
18941,0,37922126388,37922126262,0,0,125
18942,0,37924129188,37924129080,0,0,108
18943,0,37926131916,37926131812,0,0,104
18944,0,37928133151,37928133026,0,0,124
18945,0,37930134026,37930133896,0,0,130
18946,0,37932137098,37932136993,0,0,104
18947,0,37934139867,37934139751,0,0,115
18948,0,37936141346,37936141225,0,0,120
18949,0,37938143865,37938143761,0,0,104
18950,0,37940145348,37940145262,0,0,85
18951,0,37942147886,37942147769,0,0,116
18952,0,37944149911,37944149827,0,0,83
18953,0,37946152635,37946152514,0,0,121
18954,0,37948155566,37948155451,0,0,115
18955,0,37950157415,37950157301,0,0,114
18956,0,37952158762,37952158660,0,0,102
18957,0,37954161811,37954161687,0,0,124
18958,0,37956164303,37956164227,0,0,75
18959,0,37958165244,37958165116,0,0,128
18960,0,37960167667,37960167530,0,0,137
18961,0,37962170975,37962170851,0,0,123
18962,0,37964171765,37964171678,0,0,87
18963,0,37966174591,37966174472,0,0,119
18964,0,37968176471,37968176363,0,0,108
18965,0,37970178478,37970178361,0,0,116
18966,0,37972180454,37972180348,0,0,105
18967,0,37974183415,37974183307,0,0,107
18968,0,37976184678,37976184556,0,0,122
18969,0,37978186724,37978186593,0,0,130
18970,0,37980190433,37980190321,0,0,112
18971,0,37982193195,37982193059,0,0,135
18972,0,37984194723,37984194609,0,0,113
18973,0,37986197788,37986197665,0,0,123
18974,0,37988199305,37988199218,0,0,87
18975,0,37990202523,37990202398,0,0,124
18976,0,37992204108,37992204020,0,0,87
18977,0,37994206605,37994206486,0,0,119
18978,0,37996207470,37996207392,0,0,78
18979,0,37998210120,37998210022,0,0,98
18980,0,38000212328,38000212215,0,0,112
18981,0,38002215433,38002215313,0,0,120
18982,0,38004216373,38004216269,0,0,104
18983,0,38006218617,38006218507,0,0,110
18984,0,38008220718,38008220612,0,0,105
18985,0,38010222833,38010222714,0,0,119
18986,0,38012225708,38012225622,0,0,85
18987,0,38014228366,38014228257,0,0,108
18988,0,38016230198,38016230226,0,0,-27
18989,0,38018232438,38018232314,0,0,124
18990,0,38020234465,38020234387,0,0,77
18991,0,38022236606,38022236500,0,0,105
18992,0,38024238980,38024238869,0,0,111
18993,0,38026241123,38026241000,0,0,122
18994,0,38028243074,38028242953,0,0,120
18995,0,38030246099,38030245980,0,0,119
18996,0,38032249321,38032249212,0,0,108
18997,0,38034250556,38034250410,0,0,146
18998,0,38036252346,38036252238,0,0,107
18999,0,38038254603,38038254470,0,0,132
19000,0,38040257404,38040257296,0,0,107
19001,0,38042258610,38042258478,0,0,131
19002,0,38044261247,38044261148,0,0,98
19003,0,38046262998,38046262889,0,0,108
19004,0,38048265856,38048265733,0,0,123
19005,0,38050268173,38050268042,0,0,130
19006,0,38052270606,38052270503,0,0,103
19007,0,38054272830,38054272692,0,0,137
19008,0,38056275064,38056274961,0,0,102
19009,0,38058276614,38058276469,0,0,145
19010,0,38060279111,38060278988,0,0,122
19011,0,38062281303,38062281175,0,0,128
19012,0,38064284212,38064284083,0,0,128
19013,0,38066286474,38066286336,0,0,138
19014,0,38068287482,38068287357,0,0,124
19015,0,38070290103,38070289950,0,0,153
19016,0,38072292371,38072292223,0,0,148
19017,0,38074294431,38074294287,0,0,144
19018,0,38076296885,38076296776,0,0,108
19019,0,38078299069,38078298930,0,0,138
19020,0,38080302182,38080302053,0,0,128
19021,0,38082304479,38082304312,0,0,167
19022,0,38084306471,38084306386,0,0,85
19023,0,38086307970,38086307841,0,0,128
19024,0,38088310321,38088310200,0,0,120
19025,0,38090312316,38090312177,0,0,139
19026,0,38092314337,38092314215,0,0,122
19027,0,38094317930,38094317804,0,0,126
19028,0,38096319219,38096319089,0,0,129
19029,0,38098321969,38098321815,0,0,154
19030,0,38100323170,38100323064,0,0,105
19031,0,38102325721,38102325591,0,0,130
19032,0,38104327413,38104327269,0,0,144
19033,0,38106329857,38106329712,0,0,144
19034,0,38108332384,38108332243,0,0,140
19035,0,38110334968,38110334844,0,0,123
19036,0,38112338184,38112338067,0,0,116
19037,0,38114339943,38114339793,0,0,150
19038,0,38116341087,38116340984,0,0,102
19039,0,38118344366,38118344227,0,0,139
19040,0,38120346378,38120346257,0,0,121
19041,0,38122349015,38122348856,0,0,159
19042,0,38124349887,38124349752,0,0,134
19043,0,38126352713,38126352558,0,0,155
19044,0,38128355668,38128355545,0,0,123
19045,0,38130356937,38130356790,0,0,147
19046,0,38132358591,38132358442,0,0,148
19047,0,38134360703,38134360572,0,0,131
19048,0,38136363705,38136363588,0,0,117
19049,0,38138365468,38138365352,0,0,116
19050,0,38140367869,38140367766,0,0,103
19051,0,38142369818,38142369680,0,0,138
19052,0,38144372693,38144372568,0,0,124
19053,0,38146376458,38146376312,0,0,146
19054,0,38148377734,38148377625,0,0,109
19055,0,38150378876,38150378754,0,0,121
19056,0,38152381243,38152381096,0,0,147
19057,0,38154383534,38154383402,0,0,132
19058,0,38156385705,38156385580,0,0,124
19059,0,38158388429,38158388303,0,0,125
19060,0,38160390647,38160390521,0,0,126
19061,0,38162393345,38162393229,0,0,116
19062,0,38164394273,38164394146,0,0,126
19063,0,38166396624,38166396509,0,0,114
19064,0,38168399078,38168398980,0,0,98
19065,0,38170401391,38170401280,0,0,110
19066,0,38172404229,38172404147,0,0,82
19067,0,38174406874,38174406766,0,0,107
19068,0,38176408636,38176408549,0,0,87
19069,0,38178411389,38178411259,0,0,130
19070,0,38180413040,38180412968,0,0,71
19071,0,38182415339,38182415228,0,0,110
19072,0,38184416925,38184416804,0,0,121
19073,0,38186418856,38186418755,0,0,100
19074,0,38188421572,38188421469,0,0,103
19075,0,38190424307,38190424209,0,0,98
19076,0,38192425453,38192425346,0,0,107
19077,0,38194428832,38194428728,0,0,104
19078,0,38196430908,38196430803,0,0,105
19079,0,38198432020,38198431912,0,0,108
19080,0,38200434469,38200434363,0,0,106
19081,0,38202436904,38202436786,0,0,118
19082,0,38204438982,38204438869,0,0,112
19083,0,38206441906,38206441799,0,0,107
19084,0,38208443342,38208443225,0,0,116
19085,0,38210446781,38210446662,0,0,119
19086,0,38212448707,38212448602,0,0,105
19087,0,38214450304,38214450195,0,0,108
19088,0,38216452680,38216452564,0,0,116
19089,0,38218454483,38218454359,0,0,124
19090,0,38220456856,38220456755,0,0,101
19091,0,38222459006,38222458889,0,0,116
19092,0,38224461887,38224461748,0,0,138
19093,0,38226464253,38226464131,0,0,122
19094,0,38228465773,38228465696,0,0,76
19095,0,38230467648,38230467541,0,0,107
19096,0,38232470325,38232470241,0,0,84
19097,0,38234473716,38234473575,0,0,141
19098,0,38236476163,38236476042,0,0,120
19099,0,38238478307,38238478193,0,0,114
19100,0,38240480029,38240479925,0,0,104
19101,0,38242481039,38242480913,0,0,125
19102,0,38244483730,38244483611,0,0,119
19103,0,38246485943,38246485845,0,0,98
19104,0,38248488096,38248488011,0,0,85
19105,0,38250490013,38250489898,0,0,114
19106,0,38252492484,38252492406,0,0,78
19107,0,38254494690,38254494586,0,0,103
19108,0,38256496860,38256496751,0,0,109
19109,0,38258499104,38258498975,0,0,129
19110,0,38260501166,38260501062,0,0,103
19111,0,38262503348,38262503235,0,0,112
19112,0,38264505716,38264505608,0,0,108
19113,0,38266508792,38266508674,0,0,118
19114,0,38268511131,38268511026,0,0,105
19115,0,38270512613,38270512510,0,0,103
19116,0,38272514889,38272514786,0,0,103
19117,0,38274517665,38274517549,0,0,116
19118,0,38276519593,38276519518,0,0,75
19119,0,38278522390,38278522276,0,0,114
19120,0,38280523053,38280522948,0,0,104
19121,0,38282525202,38282525098,0,0,103
19122,0,38284528043,38284527937,0,0,106
19123,0,38286530183,38286530067,0,0,116
19124,0,38288532652,38288532532,0,0,120
19125,0,38290534333,38290534196,0,0,137
19126,0,38292537233,38292537132,0,0,100
19127,0,38294540815,38294540677,0,0,138
19128,0,38296542196,38296542038,0,0,157
19129,0,38298543764,38298543651,0,0,112
19130,0,38300546036,38300545917,0,0,119
19131,0,38302547644,38302547531,0,0,113
19132,0,38304550241,38304550132,0,0,108
19133,0,38306552481,38306552323,0,0,157
19134,0,38308554408,38308554284,0,0,124
19135,0,38310557408,38310557267,0,0,141
19136,0,38312559790,38312559660,0,0,130
19137,0,38314560847,38314560692,0,0,155
19138,0,38316563245,38316563127,0,0,118
19139,0,38318565479,38318565337,0,0,142
19140,0,38320568051,38320567909,0,0,141
19141,0,38322570013,38322569874,0,0,139
19142,0,38324572911,38324572792,0,0,119
19143,0,38326576101,38326575978,0,0,123
19144,0,38328578191,38328578087,0,0,103
19145,0,38330579429,38330579298,0,0,130
19146,0,38332582952,38332582852,0,0,99
19147,0,38334585164,38334585047,0,0,117
19148,0,38336585692,38336585610,0,0,82
19149,0,38338588948,38338588807,0,0,141
19150,0,38340591263,38340591142,0,0,121
19151,0,38342592511,38342592403,0,0,107
19152,0,38344595004,38344594872,0,0,132
19153,0,38346596739,38346596629,0,0,110
19154,0,38348598596,38348598494,0,0,102
19155,0,38350601212,38350601087,0,0,124
19156,0,38352604455,38352604341,0,0,114
19157,0,38354605692,38354605546,0,0,146
19158,0,38356607638,38356607531,0,0,106
19159,0,38358609972,38358609840,0,0,132
19160,0,38360612648,38360612501,0,0,146
19161,0,38362614974,38362614851,0,0,122
19162,0,38364617293,38364617183,0,0,110
19163,0,38366619894,38366619750,0,0,144
19164,0,38368621295,38368621147,0,0,148
19165,0,38370623434,38370623301,0,0,132
19166,0,38372625672,38372625548,0,0,124
19167,0,38374628600,38374628474,0,0,125
19168,0,38376631682,38376631575,0,0,106
19169,0,38378632445,38378632311,0,0,134
19170,0,38380634604,38380634462,0,0,141
19171,0,38382636773,38382636636,0,0,137
19172,0,38384639489,38384639382,0,0,106
19173,0,38386641583,38386641446,0,0,137
19174,0,38388643917,38388643793,0,0,123
19175,0,38390646705,38390646587,0,0,118
19176,0,38392648476,38392648328,0,0,148
19177,0,38394651746,38394651606,0,0,139
19178,0,38396652403,38396652292,0,0,110
19179,0,38398654404,38398654248,0,0,156
19180,0,38400656980,38400656840,0,0,139
19181,0,38402659577,38402659429,0,0,148
19182,0,38404661788,38404661663,0,0,124
19183,0,38406663706,38406663593,0,0,112
19184,0,38408665803,38408665656,0,0,147
19185,0,38410667726,38410667595,0,0,131
19186,0,38412670498,38412670369,0,0,128
19187,0,38414672422,38414672268,0,0,154
19188,0,38416674740,38416674599,0,0,141
19189,0,38418676670,38418676552,0,0,118
19190,0,38420679250,38420679166,0,0,84
19191,0,38422681229,38422681125,0,0,104
19192,0,38424683727,38424683644,0,0,82
19193,0,38426685617,38426685509,0,0,108
19194,0,38428687724,38428687623,0,0,101
19195,0,38430691193,38430691092,0,0,101
19196,0,38432692687,38432692586,0,0,101
19197,0,38434694793,38434694662,0,0,131
19198,0,38436697034,38436696911,0,0,123
19199,0,38438698748,38438698644,0,0,104
19200,0,38440701157,38440701067,0,0,89
19201,0,38442703395,38442703277,0,0,118
19202,0,38444706161,38444706091,0,0,70
19203,0,38446708264,38446708143,0,0,121
19204,0,38448711965,38448711865,0,0,100
19205,0,38450715046,38450714926,0,0,119
19206,0,38452715699,38452715592,0,0,107
19207,0,38454716530,38454716417,0,0,112
19208,0,38456718803,38456718694,0,0,108
19209,0,38458721390,38458721267,0,0,122
19210,0,38460724222,38460724118,0,0,103
19211,0,38462726617,38462726509,0,0,107
19212,0,38464728103,38464727990,0,0,112
19213,0,38466730808,38466730684,0,0,124
19214,0,38468733958,38468733874,0,0,84
19215,0,38470734841,38470734735,0,0,105
19216,0,38472736941,38472736799,0,0,142
19217,0,38474739433,38474739316,0,0,116
19218,0,38476741339,38476741262,0,0,77
19219,0,38478743560,38478743446,0,0,114
19220,0,38480746920,38480746803,0,0,116
19221,0,38482749150,38482749040,0,0,110
19222,0,38484750296,38484750212,0,0,84
19223,0,38486752377,38486752256,0,0,121
19224,0,38488755113,38488754987,0,0,125
19225,0,38490757038,38490756925,0,0,112
19226,0,38492759186,38492759077,0,0,108
19227,0,38494762802,38494762682,0,0,120
19228,0,38496763770,38496763696,0,0,74
19229,0,38498765933,38498765834,0,0,98
19230,0,38500768686,38500768584,0,0,102
19231,0,38502771948,38502771834,0,0,114
19232,0,38504773777,38504773673,0,0,103
19233,0,38506775931,38506775802,0,0,128
19234,0,38508777112,38508777031,0,0,80
19235,0,38510780119,38510780005,0,0,113
19236,0,38512782988,38512782855,0,0,132
19237,0,38514784525,38514784404,0,0,120
19238,0,38516785780,38516785669,0,0,110
19239,0,38518788389,38518788285,0,0,104
19240,0,38520790965,38520790860,0,0,104
19241,0,38522793980,38522793857,0,0,123
19242,0,38524795242,38524795158,0,0,84
19243,0,38526797948,38526797841,0,0,107
19244,0,38528799959,38528799851,0,0,107
19245,0,38530803424,38530803306,0,0,118
19246,0,38532804675,38532804587,0,0,87
19247,0,38534806121,38534806004,0,0,116
19248,0,38536808110,38536807977,0,0,132
19249,0,38538810076,38538809955,0,0,121
19250,0,38540812804,38540812694,0,0,110
19251,0,38542815100,38542814975,0,0,124
19252,0,38544818234,38544818097,0,0,137
19253,0,38546820889,38546820714,0,0,175
19254,0,38548821823,38548821652,0,0,170
19255,0,38550824009,38550823852,0,0,157
19256,0,38552826245,38552826129,0,0,116
19257,0,38554828385,38554828231,0,0,154
19258,0,38556831569,38556831428,0,0,141
19259,0,38558834074,38558833913,0,0,161
19260,0,38560834590,38560834464,0,0,125
19261,0,38562837192,38562837061,0,0,130
19262,0,38564839071,38564838950,0,0,121
19263,0,38566842078,38566841937,0,0,141
19264,0,38568845017,38568844913,0,0,103
19265,0,38570846221,38570846105,0,0,116
19266,0,38572847955,38572847821,0,0,134
19267,0,38574850604,38574850481,0,0,122
19268,0,38576852741,38576852634,0,0,107
19269,0,38578854787,38578854658,0,0,128
19270,0,38580856833,38580856718,0,0,115
19271,0,38582859179,38582859044,0,0,135
19272,0,38584862132,38584862052,0,0,79
19273,0,38586863578,38586863461,0,0,116
19274,0,38588866486,38588866379,0,0,107
19275,0,38590869212,38590869114,0,0,98
19276,0,38592870870,38592870766,0,0,104
19277,0,38594875074,38594874945,0,0,128
19278,0,38596875327,38596875198,0,0,128
19279,0,38598876204,38598876087,0,0,117
19280,0,38600879107,38600878980,0,0,127
19281,0,38602881255,38602881124,0,0,130
19282,0,38604883571,38604883465,0,0,106
19283,0,38606886125,38606886004,0,0,121
19284,0,38608888678,38608888551,0,0,127
19285,0,38610891222,38610891105,0,0,116
19286,0,38612892684,38612892557,0,0,127
19287,0,38614894744,38614894633,0,0,111
19288,0,38616897202,38616897055,0,0,147
19289,0,38618899157,38618899017,0,0,140
19290,0,38620901686,38620901565,0,0,121
19291,0,38622904056,38622903920,0,0,135
19292,0,38624907343,38624907242,0,0,101
19293,0,38626907964,38626907805,0,0,158
19294,0,38628911079,38628910977,0,0,102
19295,0,38630914464,38630914359,0,0,105
19296,0,38632916461,38632916342,0,0,119
19297,0,38634918035,38634917917,0,0,117
19298,0,38636919373,38636919228,0,0,144
19299,0,38638921669,38638921501,0,0,167
19300,0,38640924451,38640924334,0,0,116
19301,0,38642926984,38642926837,0,0,146
19302,0,38644928534,38644928415,0,0,119
19303,0,38646930053,38646929941,0,0,112
19304,0,38648933128,38648933018,0,0,110
19305,0,38650934668,38650934541,0,0,126
19306,0,38652937492,38652937360,0,0,132
19307,0,38654939096,38654938952,0,0,143
19308,0,38656941361,38656941254,0,0,106
19309,0,38658943523,38658943368,0,0,154
19310,0,38660946534,38660946409,0,0,124
19311,0,38662949519,38662949389,0,0,129
19312,0,38664950786,38664950643,0,0,142
19313,0,38666952693,38666952546,0,0,146
19314,0,38668955514,38668955391,0,0,122
19315,0,38670958934,38670958795,0,0,139
19316,0,38672960826,38672960718,0,0,108
19317,0,38674961525,38674961397,0,0,128
19318,0,38676963413,38676963306,0,0,106
19319,0,38678965793,38678965663,0,0,130
19320,0,38680968624,38680968521,0,0,102
19321,0,38682970286,38682970149,0,0,137
19322,0,38684972819,38684972694,0,0,124
19323,0,38686974736,38686974622,0,0,114
19324,0,38688977691,38688977583,0,0,107
19325,0,38690980889,38690980742,0,0,147
19326,0,38692982184,38692982057,0,0,127
19327,0,38694986847,38694986741,0,0,105
19328,0,38696987327,38696987204,0,0,123
19329,0,38698988471,38698988339,0,0,132
19330,0,38700990717,38700990608,0,0,108
19331,0,38702994078,38702993967,0,0,110
19332,0,38704995521,38704995378,0,0,143
19333,0,38706998020,38706997907,0,0,112
19334,0,38709000154,38709000047,0,0,106
19335,0,38711002549,38711002467,0,0,82
19336,0,38713004530,38713004430,0,0,100
19337,0,38715007584,38715007467,0,0,116
19338,0,38717008579,38717008468,0,0,111
19339,0,38719010312,38719010185,0,0,126
19340,0,38721012952,38721012835,0,0,116
19341,0,38723015806,38723015672,0,0,133
19342,0,38725019043,38725018933,0,0,110
19343,0,38727020662,38727020537,0,0,124
19344,0,38729022507,38729022394,0,0,112
19345,0,38731025428,38731025296,0,0,131
19346,0,38733025988,38733025863,0,0,124
19347,0,38735028652,38735028535,0,0,116
19348,0,38737031074,38737030956,0,0,118
19349,0,38739033634,38739033534,0,0,100
19350,0,38741036619,38741036512,0,0,106
19351,0,38743038614,38743038505,0,0,108
19352,0,38745039610,38745039493,0,0,116
19353,0,38747042747,38747042641,0,0,105
19354,0,38749045678,38749045574,0,0,104
19355,0,38751047519,38751047413,0,0,106
19356,0,38753048579,38753048478,0,0,101
19357,0,38755051065,38755050954,0,0,110
19358,0,38757053090,38757052986,0,0,104
19359,0,38759055169,38759055056,0,0,112
19360,0,38761057990,38761057907,0,0,82
19361,0,38763059281,38763059178,0,0,103
19362,0,38765061927,38765061814,0,0,112
19363,0,38767064141,38767064031,0,0,110
19364,0,38769066762,38769066644,0,0,118
19365,0,38771069506,38771069359,0,0,146
19366,0,38773070665,38773070596,0,0,68
19367,0,38775072923,38775072811,0,0,111
19368,0,38777075306,38777075177,0,0,128
19369,0,38779077344,38779077205,0,0,139
19370,0,38781080702,38781080585,0,0,116
19371,0,38783081417,38783081280,0,0,137
19372,0,38785084614,38785084498,0,0,116
19373,0,38787087832,38787087691,0,0,141
19374,0,38789089673,38789089568,0,0,104
19375,0,38791090907,38791090803,0,0,104
19376,0,38793092793,38793092674,0,0,119
19377,0,38795096240,38795096134,0,0,105
19378,0,38797097884,38797097795,0,0,88
19379,0,38799100455,38799100316,0,0,138
19380,0,38801101824,38801101714,0,0,110
19381,0,38803104152,38803104024,0,0,128
19382,0,38805106146,38805106031,0,0,114
19383,0,38807108087,38807107970,0,0,116
19384,0,38809110674,38809110555,0,0,119
19385,0,38811112975,38811112853,0,0,122
19386,0,38813115444,38813115300,0,0,143
19387,0,38815117923,38815117816,0,0,107
19388,0,38817121250,38817121133,0,0,116
19389,0,38819123827,38819123694,0,0,132
19390,0,38821124219,38821124094,0,0,124
19391,0,38823125959,38823125847,0,0,112
19392,0,38825128543,38825128420,0,0,122
19393,0,38827130689,38827130542,0,0,146
19394,0,38829133471,38829133386,0,0,85
19395,0,38831136038,38831135928,0,0,110
19396,0,38833138046,38833137921,0,0,124
19397,0,38835140392,38835140233,0,0,158
19398,0,38837141993,38837141859,0,0,133
19399,0,38839144024,38839143879,0,0,144
19400,0,38841147158,38841147031,0,0,127
19401,0,38843149701,38843149552,0,0,148
19402,0,38845150735,38845150617,0,0,117
19403,0,38847153015,38847152887,0,0,128
19404,0,38849155379,38849155265,0,0,114
19405,0,38851158617,38851158489,0,0,128
19406,0,38853161591,38853161480,0,0,110
19407,0,38855163285,38855163162,0,0,123
19408,0,38857166991,38857166838,0,0,152
19409,0,38859167296,38859167144,0,0,152
19410,0,38861168607,38861168480,0,0,126
19411,0,38863171110,38863170964,0,0,146
19412,0,38865173198,38865173043,0,0,155
19413,0,38867174782,38867174663,0,0,118
19414,0,38869177407,38869177289,0,0,118
19415,0,38871179728,38871179583,0,0,145
19416,0,38873182384,38873182221,0,0,163
19417,0,38875185383,38875185270,0,0,112
19418,0,38877186457,38877186310,0,0,146
19419,0,38879188982,38879188848,0,0,134
19420,0,38881190781,38881190648,0,0,132
19421,0,38883192393,38883192259,0,0,134
19422,0,38885194338,38885194209,0,0,128
19423,0,38887197166,38887197044,0,0,122
19424,0,38889199613,38889199504,0,0,109
19425,0,38891201810,38891201693,0,0,116
19426,0,38893204317,38893204230,0,0,87
19427,0,38895208145,38895208036,0,0,108
19428,0,38897211099,38897210976,0,0,123
19429,0,38899211778,38899211633,0,0,144
19430,0,38901212948,38901212829,0,0,119
19431,0,38903215186,38903215078,0,0,107
19432,0,38905217411,38905217297,0,0,114
19433,0,38907219905,38907219774,0,0,130
19434,0,38909222452,38909222349,0,0,103
19435,0,38911225011,38911224877,0,0,134
19436,0,38913226153,38913226065,0,0,87
19437,0,38915229086,38915228966,0,0,120
19438,0,38917231926,38917231842,0,0,83
19439,0,38919233447,38919233334,0,0,112
19440,0,38921236388,38921236260,0,0,127
19441,0,38923237460,38923237347,0,0,112
19442,0,38925239512,38925239411,0,0,101
19443,0,38927241505,38927241368,0,0,137
19444,0,38929244311,38929244206,0,0,105
19445,0,38931245876,38931245732,0,0,144
19446,0,38933248735,38933248614,0,0,121
19447,0,38935250740,38935250617,0,0,122
19448,0,38937254649,38937254522,0,0,126
19449,0,38939256672,38939256546,0,0,125
19450,0,38941258786,38941258659,0,0,126
19451,0,38943259926,38943259782,0,0,143
19452,0,38945262276,38945262168,0,0,107
19453,0,38947263865,38947263741,0,0,123
19454,0,38949266589,38949266485,0,0,104
19455,0,38951268753,38951268636,0,0,116
19456,0,38953270923,38953270803,0,0,120
19457,0,38955273733,38955273599,0,0,134
19458,0,38957276163,38957276042,0,0,121
19459,0,38959277845,38959277698,0,0,147
19460,0,38961279826,38961279677,0,0,148
19461,0,38963281973,38963281845,0,0,127
19462,0,38965284003,38965283903,0,0,99
19463,0,38967286548,38967286414,0,0,134
19464,0,38969288635,38969288534,0,0,101
19465,0,38971290841,38971290728,0,0,112
19466,0,38973293561,38973293454,0,0,106
19467,0,38975297449,38975297316,0,0,132
19468,0,38977297898,38977297788,0,0,110
19469,0,38979300584,38979300462,0,0,122
19470,0,38981303044,38981302935,0,0,108
19471,0,38983304415,38983304284,0,0,131
19472,0,38985307061,38985306932,0,0,128
19473,0,38987309383,38987309270,0,0,112
19474,0,38989310598,38989310475,0,0,123
19475,0,38991313679,38991313575,0,0,104
19476,0,38993316557,38993316423,0,0,134
19477,0,38995319416,38995319279,0,0,137
19478,0,38997320103,38997319994,0,0,108
19479,0,38999321728,38999321622,0,0,105
19480,0,39001324475,39001324366,0,0,108
19481,0,39003326639,39003326532,0,0,107
19482,0,39005329078,39005328959,0,0,118
19483,0,39007331788,39007331667,0,0,121
19484,0,39009333127,39009333022,0,0,104
19485,0,39011335588,39011335483,0,0,104
19486,0,39013338699,39013338566,0,0,133
19487,0,39015339653,39015339546,0,0,107
19488,0,39017342298,39017342211,0,0,87
19489,0,39019344404,39019344294,0,0,110
19490,0,39021346930,39021346825,0,0,104
19491,0,39023349293,39023349208,0,0,84
19492,0,39025351422,39025351334,0,0,87
19493,0,39027354000,39027353899,0,0,101
19494,0,39029355564,39029355489,0,0,75
19495,0,39031357716,39031357613,0,0,103
19496,0,39033360054,39033359944,0,0,110
19497,0,39035362014,39035361897,0,0,116
19498,0,39037364555,39037364469,0,0,86
19499,0,39039366167,39039366053,0,0,114
19500,0,39041369260,39041369120,0,0,140
19501,0,39043372217,39043372085,0,0,132
19502,0,39045373717,39045373570,0,0,146
19503,0,39047376341,39047376206,0,0,135
19504,0,39049377125,39049376981,0,0,144
19505,0,39051379675,39051379521,0,0,154
19506,0,39053383136,39053382993,0,0,142
19507,0,39055385044,39055384922,0,0,122
19508,0,39057387827,39057387714,0,0,112
19509,0,39059389491,39059389349,0,0,141
19510,0,39061392010,39061391896,0,0,114
19511,0,39063393165,39063393052,0,0,112
19512,0,39065395164,39065395015,0,0,148
19513,0,39067396977,39067396847,0,0,130
19514,0,39069398707,39069398585,0,0,122
19515,0,39071401972,39071401837,0,0,134
19516,0,39073404512,39073404377,0,0,135
19517,0,39075406444,39075406298,0,0,146
19518,0,39077408799,39077408665,0,0,134
19519,0,39079411224,39079411087,0,0,137
19520,0,39081413292,39081413181,0,0,110
19521,0,39083415357,39083415234,0,0,123
19522,0,39085417456,39085417373,0,0,83
19523,0,39087419911,39087419767,0,0,143
19524,0,39089422593,39089422453,0,0,140
19525,0,39091426467,39091426341,0,0,125
19526,0,39093426923,39093426805,0,0,118
19527,0,39095429912,39095429794,0,0,118
19528,0,39097431057,39097430944,0,0,112
19529,0,39099433263,39099433112,0,0,150
19530,0,39101435561,39101435431,0,0,130
19531,0,39103437545,39103437426,0,0,118
19532,0,39105440712,39105440568,0,0,144
19533,0,39107444450,39107444307,0,0,142
19534,0,39109446076,39109445966,0,0,110
19535,0,39111447431,39111447301,0,0,130
19536,0,39113448615,39113448461,0,0,154
19537,0,39115451593,39115451467,0,0,125
19538,0,39117454142,39117454012,0,0,130
19539,0,39119456306,39119456160,0,0,146
19540,0,39121458996,39121458874,0,0,122
19541,0,39123460078,39123459955,0,0,122
19542,0,39125462046,39125461907,0,0,139
19543,0,39127464605,39127464496,0,0,108
19544,0,39129467361,39129467237,0,0,123
19545,0,39131470493,39131470366,0,0,127
19546,0,39133471468,39133471332,0,0,136
19547,0,39135474038,39135473925,0,0,112
19548,0,39137475445,39137475332,0,0,112
19549,0,39139477530,39139477411,0,0,119
19550,0,39141479697,39141479595,0,0,102
19551,0,39143482138,39143482017,0,0,121
19552,0,39145484258,39145484155,0,0,102
19553,0,39147486594,39147486469,0,0,124
19554,0,39149488755,39149488674,0,0,80
19555,0,39151490850,39151490721,0,0,128
19556,0,39153493494,39153493383,0,0,111
19557,0,39155495780,39155495673,0,0,107
19558,0,39157497559,39157497454,0,0,104
19559,0,39159499518,39159499399,0,0,119
19560,0,39161502517,39161502404,0,0,112
19561,0,39163504281,39163504147,0,0,134
19562,0,39165507148,39165507074,0,0,74
19563,0,39167509758,39167509645,0,0,112
19564,0,39169511480,39169511363,0,0,117
19565,0,39171515078,39171514941,0,0,137
19566,0,39173516242,39173516097,0,0,144
19567,0,39175517928,39175517808,0,0,119
19568,0,39177519739,39177519616,0,0,122
19569,0,39179522550,39179522433,0,0,116
19570,0,39181524319,39181524193,0,0,125
19571,0,39183526764,39183526630,0,0,134
19572,0,39185528876,39185528766,0,0,110
19573,0,39187530649,39187530527,0,0,122
19574,0,39189533112,39189532970,0,0,142
19575,0,39191535220,39191535096,0,0,123
19576,0,39193537368,39193537260,0,0,108
19577,0,39195540770,39195540653,0,0,116
19578,0,39197542264,39197542155,0,0,108
19579,0,39199544476,39199544372,0,0,104
19580,0,39201546936,39201546815,0,0,121
19581,0,39203549047,39203548912,0,0,134
19582,0,39205551336,39205551217,0,0,119
19583,0,39207553853,39207553738,0,0,114
19584,0,39209556581,39209556462,0,0,118
19585,0,39211557532,39211557416,0,0,116
19586,0,39213560447,39213560346,0,0,101
19587,0,39215563388,39215563257,0,0,131
19588,0,39217564519,39217564400,0,0,118
19589,0,39219566633,39219566484,0,0,148
19590,0,39221569024,39221568880,0,0,143
19591,0,39223571412,39223571295,0,0,116
19592,0,39225573862,39225573686,0,0,176
19593,0,39227576995,39227576850,0,0,144
19594,0,39229578087,39229577964,0,0,123
19595,0,39231580182,39231580058,0,0,124
19596,0,39233582318,39233582191,0,0,126
19597,0,39235584948,39235584803,0,0,145
19598,0,39237586691,39237586562,0,0,128
19599,0,39239589236,39239589113,0,0,123
19600,0,39241592014,39241591879,0,0,134
19601,0,39243594838,39243594706,0,0,132
19602,0,39245596698,39245596570,0,0,128
19603,0,39247598762,39247598636,0,0,125
19604,0,39249600278,39249600136,0,0,142
19605,0,39251602418,39251602292,0,0,125
19606,0,39253604451,39253604329,0,0,122
19607,0,39255606666,39255606528,0,0,137
19608,0,39257609567,39257609447,0,0,120
19609,0,39259613174,39259613041,0,0,132
19610,0,39261614761,39261614651,0,0,110
19611,0,39263616952,39263616829,0,0,122
19612,0,39265618422,39265618311,0,0,110
19613,0,39267621078,39267620969,0,0,108
19614,0,39269622420,39269622348,0,0,72
19615,0,39271625050,39271624946,0,0,104
19616,0,39273627725,39273627619,0,0,106
19617,0,39275629115,39275629029,0,0,86
19618,0,39277631341,39277631235,0,0,106
19619,0,39279633110,39279633007,0,0,103
19620,0,39281635920,39281635819,0,0,101
19621,0,39283637729,39283637624,0,0,104
19622,0,39285641394,39285641305,0,0,88
19623,0,39287642111,39287641995,0,0,116
19624,0,39289644902,39289644819,0,0,83
19625,0,39291646762,39291646653,0,0,108
19626,0,39293649049,39293648970,0,0,78
19627,0,39295652598,39295652491,0,0,107
19628,0,39297653839,39297653738,0,0,101
19629,0,39299657704,39299657582,0,0,122
19630,0,39301660105,39301660017,0,0,88
19631,0,39303661031,39303660926,0,0,104
19632,0,39305662838,39305662713,0,0,124
19633,0,39307665388,39307665274,0,0,114
19634,0,39309666766,39309666662,0,0,104
19635,0,39311668621,39311668515,0,0,105
19636,0,39313671499,39313671361,0,0,138
19637,0,39315673144,39315672997,0,0,146
19638,0,39317675930,39317675844,0,0,86
19639,0,39319677934,39319677795,0,0,138
19640,0,39321680326,39321680213,0,0,113
19641,0,39323682359,39323682221,0,0,138
19642,0,39325685856,39325685714,0,0,142
19643,0,39327687019,39327686882,0,0,137
19644,0,39329690106,39329689988,0,0,118
19645,0,39331692183,39331692041,0,0,141
19646,0,39333693377,39333693232,0,0,144
19647,0,39335695800,39335695651,0,0,148
19648,0,39337697982,39337697855,0,0,127
19649,0,39339700939,39339700793,0,0,145
19650,0,39341704309,39341704217,0,0,91
19651,0,39343705698,39343705577,0,0,121
19652,0,39345707398,39345707280,0,0,118
19653,0,39347710187,39347710074,0,0,112
19654,0,39349711478,39349711355,0,0,122
19655,0,39351713764,39351713630,0,0,134
19656,0,39353715341,39353715227,0,0,114
19657,0,39355717847,39355717688,0,0,158
19658,0,39357721004,39357720900,0,0,104
19659,0,39359723352,39359723231,0,0,121
19660,0,39361724733,39361724610,0,0,123
19661,0,39363728328,39363728185,0,0,143
19662,0,39365731005,39365730916,0,0,88
19663,0,39367731712,39367731590,0,0,122
19664,0,39369734669,39369734528,0,0,141
19665,0,39371736277,39371736159,0,0,118
19666,0,39373738487,39373738383,0,0,103
19667,0,39375739517,39375739373,0,0,144
19668,0,39377741611,39377741492,0,0,119
19669,0,39379744611,39379744463,0,0,147
19670,0,39381747079,39381746934,0,0,144
19671,0,39383748755,39383748649,0,0,105
19672,0,39385751002,39385750855,0,0,147
19673,0,39387753193,39387753065,0,0,128
19674,0,39389756446,39389756303,0,0,143
19675,0,39391758896,39391758776,0,0,120
19676,0,39393760707,39393760601,0,0,106
19677,0,39395765344,39395765235,0,0,108
19678,0,39397765639,39397765558,0,0,80
19679,0,39399766724,39399766611,0,0,112
19680,0,39401769343,39401769251,0,0,92
19681,0,39403772064,39403771943,0,0,121
19682,0,39405773960,39405773850,0,0,110
19683,0,39407777204,39407777096,0,0,108
19684,0,39409778208,39409778094,0,0,114
19685,0,39411780360,39411780226,0,0,133
19686,0,39413782971,39413782844,0,0,127
19687,0,39415785911,39415785798,0,0,112
19688,0,39417787011,39417786905,0,0,105
19689,0,39419788958,39419788826,0,0,132
19690,0,39421792094,39421791989,0,0,104
19691,0,39423794751,39423794662,0,0,89
19692,0,39425796371,39425796258,0,0,112
19693,0,39427799029,39427798920,0,0,108
19694,0,39429800701,39429800586,0,0,114
19695,0,39431802280,39431802143,0,0,137
19696,0,39433804263,39433804118,0,0,145
19697,0,39435807137,39435807022,0,0,114
19698,0,39437809076,39437808957,0,0,119
19699,0,39439811150,39439811041,0,0,108
19700,0,39441814219,39441814076,0,0,142
19701,0,39443817946,39443817807,0,0,139
19702,0,39445818364,39445818244,0,0,120
19703,0,39447820221,39447820103,0,0,118
19704,0,39449822588,39449822508,0,0,80
19705,0,39451825035,39451824928,0,0,107
19706,0,39453827936,39453827819,0,0,116
19707,0,39455830248,39455830123,0,0,124
19708,0,39457831596,39457831469,0,0,127
19709,0,39459833491,39459833378,0,0,112
19710,0,39461835910,39461835785,0,0,124
19711,0,39463838630,39463838493,0,0,137
19712,0,39465841044,39465840942,0,0,102
19713,0,39467841950,39467841838,0,0,112
19714,0,39469844694,39469844579,0,0,114
19715,0,39471846788,39471846797,0,0,-9
19716,0,39473849034,39473848893,0,0,141
19717,0,39475851228,39475851092,0,0,136
19718,0,39477853512,39477853405,0,0,107
19719,0,39479855598,39479855480,0,0,118
19720,0,39481858810,39481858707,0,0,102
19721,0,39483860804,39483860671,0,0,132
19722,0,39485864003,39485863867,0,0,136
19723,0,39487864977,39487864847,0,0,130
19724,0,39489867598,39489867472,0,0,125
19725,0,39491870937,39491870794,0,0,142
19726,0,39493872777,39493872669,0,0,108
19727,0,39495875226,39495875080,0,0,146
19728,0,39497875960,39497875817,0,0,143
19729,0,39499877836,39499877697,0,0,139
19730,0,39501880375,39501880241,0,0,134
19731,0,39503882301,39503882173,0,0,128
19732,0,39505884937,39505884834,0,0,103
19733,0,39507886755,39507886639,0,0,116
19734,0,39509889066,39509888988,0,0,78
19735,0,39511891582,39511891469,0,0,112
19736,0,39513893272,39513893171,0,0,101
19737,0,39515895995,39515895894,0,0,101
19738,0,39517898533,39517898426,0,0,106
19739,0,39519901390,39519901304,0,0,85
19740,0,39521902744,39521902614,0,0,130
19741,0,39523904898,39523904749,0,0,149
19742,0,39525906779,39525906662,0,0,117
19743,0,39527909449,39527909312,0,0,137
19744,0,39529911143,39529911039,0,0,104
19745,0,39531913689,39531913559,0,0,130
19746,0,39533916278,39533916156,0,0,122
19747,0,39535919078,39535918957,0,0,121
19748,0,39537920550,39537920433,0,0,116
19749,0,39539922440,39539922327,0,0,112
19750,0,39541924774,39541924667,0,0,106
19751,0,39543926751,39543926639,0,0,112
19752,0,39545929359,39545929224,0,0,134
19753,0,39547931375,39547931272,0,0,102
19754,0,39549934213,39549934104,0,0,108
19755,0,39551936525,39551936419,0,0,106
19756,0,39553938519,39553938392,0,0,127
19757,0,39555940939,39555940833,0,0,105
19758,0,39557943597,39557943487,0,0,109
19759,0,39559945653,39559945546,0,0,107
19760,0,39561946714,39561946566,0,0,147
19761,0,39563949080,39563948941,0,0,138
19762,0,39565951027,39565950921,0,0,105
19763,0,39567953540,39567953420,0,0,120
19764,0,39569956622,39569956497,0,0,125
19765,0,39571958604,39571958460,0,0,143
19766,0,39573960427,39573960309,0,0,118
19767,0,39575963655,39575963535,0,0,119
19768,0,39577964844,39577964730,0,0,114
19769,0,39579966623,39579966483,0,0,140
19770,0,39581969395,39581969270,0,0,124
19771,0,39583971324,39583971168,0,0,156
19772,0,39585974271,39585974136,0,0,134
19773,0,39587977696,39587977544,0,0,151
19774,0,39589978960,39589978840,0,0,120
19775,0,39591980400,39591980259,0,0,140
19776,0,39593982228,39593982145,0,0,83
19777,0,39595987141,39595987003,0,0,138
19778,0,39597989305,39597989202,0,0,103
19779,0,39599989172,39599989063,0,0,108
19780,0,39601991424,39601991300,0,0,124
19781,0,39603993394,39603993269,0,0,124
19782,0,39605996342,39605996222,0,0,120
19783,0,39607997997,39607997860,0,0,137
19784,0,39610000975,39610000837,0,0,138
19785,0,39612003555,39612003452,0,0,103
19786,0,39614005319,39614005179,0,0,140
19787,0,39616007851,39616007728,0,0,123
19788,0,39618009555,39618009422,0,0,133
19789,0,39620012225,39620012094,0,0,130
19790,0,39622015218,39622015091,0,0,127
19791,0,39624016118,39624015975,0,0,143
19792,0,39626018693,39626018584,0,0,108
19793,0,39628021770,39628021634,0,0,136
19794,0,39630023868,39630023779,0,0,88
19795,0,39632025705,39632025558,0,0,147
19796,0,39634027546,39634027407,0,0,138
19797,0,39636029316,39636029215,0,0,101
19798,0,39638032841,39638032734,0,0,107
19799,0,39640033997,39640033888,0,0,109
19800,0,39642035739,39642035604,0,0,135
19801,0,39644037987,39644037848,0,0,139
19802,0,39646040594,39646040485,0,0,108
19803,0,39648042818,39648042685,0,0,132
19804,0,39650044761,39650044621,0,0,140
19805,0,39652046774,39652046655,0,0,119
19806,0,39654049336,39654049202,0,0,134
19807,0,39656052239,39656052114,0,0,124
19808,0,39658054858,39658054735,0,0,123
19809,0,39660056501,39660056346,0,0,154
19810,0,39662058313,39662058207,0,0,105
19811,0,39664060881,39664060755,0,0,126
19812,0,39666062888,39666062776,0,0,112
19813,0,39668065447,39668065309,0,0,138
19814,0,39670068288,39670068175,0,0,112
19815,0,39672068975,39672068858,0,0,116
19816,0,39674071507,39674071395,0,0,112
19817,0,39676074705,39676074561,0,0,143
19818,0,39678076573,39678076485,0,0,88
19819,0,39680078936,39680078825,0,0,110
19820,0,39682080710,39682080582,0,0,128
19821,0,39684083564,39684083420,0,0,143
19822,0,39686086050,39686085935,0,0,114
19823,0,39688087459,39688087334,0,0,124
19824,0,39690089362,39690089244,0,0,118
19825,0,39692091626,39692091469,0,0,157
19826,0,39694094256,39694094128,0,0,128
19827,0,39696098026,39696097897,0,0,128
19828,0,39698098456,39698098470,0,0,-14
19829,0,39700100118,39700099984,0,0,134
19830,0,39702102577,39702102447,0,0,130
19831,0,39704104545,39704104462,0,0,83
19832,0,39706108037,39706107926,0,0,110
19833,0,39708110187,39708110087,0,0,100
19834,0,39710112014,39710111901,0,0,112
19835,0,39712114233,39712114114,0,0,119
19836,0,39714116049,39714115955,0,0,94
19837,0,39716119224,39716119106,0,0,118
19838,0,39718121663,39718121545,0,0,118
19839,0,39720124213,39720124090,0,0,123
19840,0,39722126297,39722126190,0,0,107
19841,0,39724127784,39724127662,0,0,122
19842,0,39726131391,39726131287,0,0,104
19843,0,39728133602,39728133456,0,0,145
19844,0,39730135510,39730135384,0,0,126
19845,0,39732137244,39732137122,0,0,122
19846,0,39734138067,39734137956,0,0,110
19847,0,39736140176,39736140070,0,0,105
19848,0,39738142355,39738142252,0,0,102
19849,0,39740145519,39740145415,0,0,103
19850,0,39742148043,39742147939,0,0,104
19851,0,39744150498,39744150375,0,0,122
19852,0,39746152160,39746152078,0,0,82
19853,0,39748156024,39748155907,0,0,116
19854,0,39750157754,39750157666,0,0,87
19855,0,39752159495,39752159411,0,0,83
19856,0,39754161213,39754161075,0,0,137
19857,0,39756162746,39756162625,0,0,120
19858,0,39758165351,39758165241,0,0,110
19859,0,39760167383,39760167272,0,0,110
19860,0,39762169627,39762169529,0,0,98
19861,0,39764171536,39764171420,0,0,116
19862,0,39766173835,39766173730,0,0,105
19863,0,39768175946,39768175808,0,0,138
19864,0,39770177779,39770177661,0,0,117
19865,0,39772179899,39772179783,0,0,116
19866,0,39774182829,39774182703,0,0,125
19867,0,39776185293,39776185176,0,0,116
19868,0,39778187426,39778187310,0,0,116
19869,0,39780189154,39780189049,0,0,104
19870,0,39782192126,39782192042,0,0,84
19871,0,39784193688,39784193571,0,0,116
19872,0,39786196596,39786196490,0,0,105
19873,0,39788198651,39788198512,0,0,139
19874,0,39790201135,39790201047,0,0,88
19875,0,39792204373,39792204254,0,0,118
19876,0,39794207920,39794207788,0,0,131
19877,0,39796209496,39796209368,0,0,128
19878,0,39798209824,39798209717,0,0,106
19879,0,39800211514,39800211409,0,0,104
19880,0,39802213774,39802213669,0,0,104
19881,0,39804216085,39804215977,0,0,108
19882,0,39806218739,39806218604,0,0,134
19883,0,39808220130,39808219993,0,0,136
19884,0,39810222685,39810222577,0,0,107
19885,0,39812225341,39812225224,0,0,116
19886,0,39814227282,39814227150,0,0,132
19887,0,39816230414,39816230287,0,0,127
19888,0,39818232766,39818232662,0,0,103
19889,0,39820233696,39820233595,0,0,100
19890,0,39822236903,39822236783,0,0,120
19891,0,39824239796,39824239685,0,0,110
19892,0,39826241229,39826241097,0,0,132
19893,0,39828243820,39828243672,0,0,147
19894,0,39830245534,39830245406,0,0,127
19895,0,39832248771,39832248651,0,0,120
19896,0,39834251319,39834251208,0,0,110
19897,0,39836252734,39836252604,0,0,130
19898,0,39838254844,39838254725,0,0,119
19899,0,39840257175,39840257040,0,0,134
19900,0,39842258134,39842258009,0,0,125
19901,0,39844260530,39844260398,0,0,131
19902,0,39846262996,39846262896,0,0,100
19903,0,39848265306,39848265198,0,0,107
19904,0,39850268065,39850267962,0,0,103
19905,0,39852269709,39852269591,0,0,118
19906,0,39854271293,39854271204,0,0,88
19907,0,39856273812,39856273698,0,0,114
19908,0,39858276482,39858276369,0,0,112
19909,0,39860278746,39860278613,0,0,132
19910,0,39862281059,39862280977,0,0,81
19911,0,39864283028,39864282916,0,0,112
19912,0,39866285206,39866285089,0,0,116
19913,0,39868287473,39868287344,0,0,128
19914,0,39870290313,39870290204,0,0,108
19915,0,39872293685,39872293557,0,0,128
19916,0,39874294115,39874293958,0,0,157
19917,0,39876297407,39876297256,0,0,151
19918,0,39878299666,39878299519,0,0,147
19919,0,39880301114,39880300970,0,0,143
19920,0,39882303293,39882303152,0,0,140
19921,0,39884305321,39884305184,0,0,137
19922,0,39886307215,39886307110,0,0,105
19923,0,39888309544,39888309371,0,0,173
19924,0,39890311880,39890311740,0,0,140
19925,0,39892313926,39892313768,0,0,157
19926,0,39894316237,39894316139,0,0,98
19927,0,39896319932,39896319777,0,0,154
19928,0,39898320533,39898320386,0,0,146
19929,0,39900323256,39900323112,0,0,143
19930,0,39902325423,39902325302,0,0,121
19931,0,39904328042,39904327910,0,0,132
19932,0,39906331198,39906331058,0,0,140
19933,0,39908333613,39908333470,0,0,142
19934,0,39910337187,39910337043,0,0,143
19935,0,39912337946,39912337822,0,0,123
19936,0,39914339828,39914339705,0,0,122
19937,0,39916340663,39916340541,0,0,122
19938,0,39918343184,39918343051,0,0,132
19939,0,39920345103,39920344963,0,0,140
19940,0,39922348080,39922347930,0,0,150
19941,0,39924350337,39924350204,0,0,132
19942,0,39926351407,39926351280,0,0,126
19943,0,39928354332,39928354207,0,0,124
19944,0,39930356112,39930355982,0,0,130
19945,0,39932358224,39932358082,0,0,142
19946,0,39934361332,39934361209,0,0,123
19947,0,39936363829,39936363686,0,0,142
19948,0,39938364839,39938364726,0,0,112
19949,0,39940367488,39940367354,0,0,134
19950,0,39942369637,39942369554,0,0,83
19951,0,39944372071,39944371925,0,0,146
19952,0,39946373938,39946373797,0,0,140
19953,0,39948377559,39948377415,0,0,144
19954,0,39950378597,39950378513,0,0,84
19955,0,39952380454,39952380312,0,0,142
19956,0,39954383230,39954383120,0,0,110
19957,0,39956384845,39956384718,0,0,127
19958,0,39958387651,39958387530,0,0,121
19959,0,39960389862,39960389740,0,0,122
19960,0,39962392356,39962392258,0,0,98
19961,0,39964394125,39964394006,0,0,118
19962,0,39966396885,39966396764,0,0,120
19963,0,39968399151,39968399047,0,0,104
19964,0,39970400717,39970400584,0,0,132
19965,0,39972403361,39972403250,0,0,111
19966,0,39974405355,39974405217,0,0,137
19967,0,39976407631,39976407546,0,0,84
19968,0,39978409253,39978409137,0,0,116
19969,0,39980412334,39980412230,0,0,103
19970,0,39982414956,39982414851,0,0,104
19971,0,39984416722,39984416618,0,0,103
19972,0,39986417905,39986417786,0,0,118
19973,0,39988421752,39988421614,0,0,138
19974,0,39990423016,39990422907,0,0,109
19975,0,39992425674,39992425565,0,0,108
19976,0,39994427348,39994427243,0,0,104
19977,0,39996431346,39996431225,0,0,121
19978,0,39998432730,39998432626,0,0,103
19979,0,40000435000,40000434889,0,0,110
19980,0,40002436706,40002436604,0,0,102
19981,0,40004439330,40004439207,0,0,123
19982,0,40006442063,40006441959,0,0,103
19983,0,40008443230,40008443146,0,0,84
19984,0,40010445373,40010445252,0,0,120
19985,0,40012447455,40012447325,0,0,129
19986,0,40014449620,40014449537,0,0,83
19987,0,40016451833,40016451696,0,0,137
19988,0,40018454691,40018454588,0,0,103
19989,0,40020457200,40020457085,0,0,114
19990,0,40022458628,40022458505,0,0,123
19991,0,40024461080,40024460959,0,0,121
19992,0,40026464195,40026464072,0,0,123
19993,0,40028464712,40028464602,0,0,109
19994,0,40030466804,40030466699,0,0,104
19995,0,40032470476,40032470358,0,0,118
19996,0,40034473261,40034473148,0,0,112
19997,0,40036474658,40036474540,0,0,118
19998,0,40038476653,40038476570,0,0,83
19999,0,40040479219,40040479112,0,0,107
20000,0,40042481738,40042481650,0,0,87
