pkt_id,tx_ts_ns,rx1_ts_ns,rx2_ts_ns,latency_rx1_ns,latency_rx2_ns,diff_latency_ns
1,0,0,34,0,0,-34
2,0,2004176,2004178,0,0,-2
3,0,3996845,3996824,0,0,20
4,0,5998688,5998660,0,0,28
5,0,8000168,8000129,0,0,39
6,0,10002060,10001995,0,0,64
7,0,12004411,12004449,0,0,-37
8,0,14006438,14006468,0,0,-30
9,0,16008923,16008885,0,0,37
10,0,18010940,18010949,0,0,-8
11,0,20013612,20013639,0,0,-26
12,0,22017044,22017069,0,0,-24
13,0,24019145,24019170,0,0,-25
14,0,26021844,26021835,0,0,8
15,0,28024137,28024113,0,0,23
16,0,30025869,30025842,0,0,26
17,0,32028964,32028944,0,0,20
18,0,34030088,34030067,0,0,21
19,0,36031510,36031505,0,0,4
20,0,38034635,38034597,0,0,38
21,0,40035824,40035802,0,0,22
22,0,42038115,42038056,0,0,58
23,0,44039935,44039926,0,0,8
24,0,46042053,46042090,0,0,-37
25,0,48044641,48044669,0,0,-28
26,0,50047106,50047089,0,0,17
27,0,52050195,52050176,0,0,18
28,0,54052284,54052229,0,0,54
29,0,56053811,56053782,0,0,29
30,0,58057381,58057370,0,0,10
31,0,60057598,60057588,0,0,10
32,0,62060164,62060175,0,0,-11
33,0,64063321,64063341,0,0,-19
34,0,66064626,66064647,0,0,-21
35,0,68066826,68066841,0,0,-14
36,0,70069022,70068965,0,0,57
37,0,72070581,72070555,0,0,25
38,0,74072591,74072616,0,0,-25
39,0,76075211,76075176,0,0,35
40,0,78077172,78077210,0,0,-38
41,0,80082633,80082667,0,0,-33
42,0,82083181,82083156,0,0,24
43,0,84084018,84084065,0,0,-46
44,0,86086339,86086411,0,0,-71
45,0,88088480,88088524,0,0,-43
46,0,90090550,90090605,0,0,-54
47,0,92092858,92092892,0,0,-33
48,0,94096482,94096543,0,0,-61
49,0,96098347,96098361,0,0,-14
50,0,98099591,98099617,0,0,-25
51,0,100102236,100102188,0,0,48
52,0,102104907,102104840,0,0,67
53,0,104106009,104106004,0,0,4
54,0,106107608,106107554,0,0,53
55,0,108110689,108110675,0,0,13
56,0,110112950,110112916,0,0,33
57,0,112115246,112115206,0,0,39
58,0,114117510,114117473,0,0,37
59,0,116119353,116119328,0,0,25
60,0,118121137,118121087,0,0,50
61,0,120124277,120124238,0,0,39
62,0,122127220,122127195,0,0,24
63,0,124129844,124129880,0,0,-35
64,0,126131175,126131125,0,0,49
65,0,128133740,128133686,0,0,53
66,0,130134244,130134205,0,0,38
67,0,132137235,132137185,0,0,50
68,0,134140292,134140215,0,0,77
69,0,136141761,136141690,0,0,71
70,0,138142692,138142664,0,0,28
71,0,140145107,140145115,0,0,-8
72,0,142148213,142148166,0,0,47
73,0,144149641,144149602,0,0,38
74,0,146151739,146151701,0,0,37
75,0,148153988,148153948,0,0,39
76,0,150156508,150156465,0,0,42
77,0,152159478,152159438,0,0,40
78,0,154160905,154160867,0,0,37
79,0,156163116,156163073,0,0,43
80,0,158167762,158167732,0,0,30
81,0,160168752,160168694,0,0,58
82,0,162170677,162170642,0,0,35
83,0,164172913,164172867,0,0,45
84,0,166175521,166175498,0,0,22
85,0,168177373,168177330,0,0,43
86,0,170179620,170179582,0,0,37
87,0,172181302,172181273,0,0,29
88,0,174183078,174183041,0,0,37
89,0,176186643,176186622,0,0,20
90,0,178188817,178188786,0,0,31
91,0,180190710,180190682,0,0,28
92,0,182192888,182192921,0,0,-33
93,0,184195152,184195188,0,0,-35
94,0,186197588,186197540,0,0,47
95,0,188199649,188199626,0,0,22
96,0,190202404,190202375,0,0,29
97,0,192204812,192204835,0,0,-22
98,0,194205496,194205530,0,0,-34
99,0,196208337,196208313,0,0,24
100,0,198209859,198209832,0,0,26
101,0,200213487,200213459,0,0,28
102,0,202216067,202215914,0,0,152
103,0,204217451,204217444,0,0,7
104,0,206219587,206219544,0,0,42
105,0,208221559,208221591,0,0,-32
106,0,210224660,210224702,0,0,-41
107,0,212226128,212226090,0,0,37
108,0,214227164,214227127,0,0,37
109,0,216229745,216229705,0,0,39
110,0,218232441,218232395,0,0,46
111,0,220235552,220235509,0,0,43
112,0,222237249,222237217,0,0,31
113,0,224240093,224240042,0,0,50
114,0,226242317,226242280,0,0,37
115,0,228244098,228244054,0,0,44
116,0,230246310,230246271,0,0,38
117,0,232247816,232247762,0,0,53
118,0,234251022,234250950,0,0,71
119,0,236253278,236253301,0,0,-22
120,0,238255728,238255770,0,0,-42
121,0,240257345,240257283,0,0,62
122,0,242258497,242258456,0,0,41
123,0,244260752,244260743,0,0,8
124,0,246263420,246263382,0,0,37
125,0,248266503,248266474,0,0,28
126,0,250269194,250269173,0,0,20
127,0,252270666,252270618,0,0,47
128,0,254271730,254271689,0,0,41
129,0,256275164,256275190,0,0,-25
130,0,258279042,258279016,0,0,26
131,0,260280091,260280065,0,0,25
132,0,262282900,262282811,0,0,88
133,0,264284529,264284495,0,0,33
134,0,266286623,266286588,0,0,35
135,0,268288408,268288400,0,0,7
136,0,270289932,270289882,0,0,50
137,0,272292951,272292929,0,0,22
138,0,274294434,274294392,0,0,42
139,0,276297242,276297283,0,0,-40
140,0,278298451,278298422,0,0,29
141,0,280300654,280300690,0,0,-35
142,0,282303325,282303289,0,0,35
143,0,284307474,284307453,0,0,20
144,0,286309795,286309768,0,0,26
145,0,288311957,288311919,0,0,38
146,0,290313388,290313343,0,0,45
147,0,292315813,292315788,0,0,24
148,0,294317832,294317871,0,0,-39
149,0,296319804,296319840,0,0,-36
150,0,298321838,298321829,0,0,8
151,0,300323652,300323635,0,0,17
152,0,302326266,302326234,0,0,31
153,0,304327836,304327808,0,0,27
154,0,306331051,306331006,0,0,44
155,0,308333067,308333114,0,0,-46
156,0,310335152,310335189,0,0,-36
157,0,312337148,312337124,0,0,23
158,0,314340307,314340308,0,0,0
159,0,316341743,316341716,0,0,26
160,0,318343582,318343575,0,0,6
161,0,320347213,320347205,0,0,8
162,0,322347898,322347880,0,0,17
163,0,324350833,324350817,0,0,15
164,0,326353520,326353506,0,0,13
165,0,328355365,328355348,0,0,17
166,0,330356694,330356644,0,0,50
167,0,332359751,332359746,0,0,4
168,0,334362458,334362450,0,0,7
169,0,336364290,336364307,0,0,-16
170,0,338366682,338366694,0,0,-12
171,0,340367825,340367838,0,0,-13
172,0,342371071,342371026,0,0,45
173,0,344373287,344373256,0,0,31
174,0,346376100,346376013,0,0,87
175,0,348377873,348377885,0,0,-12
176,0,350379426,350379478,0,0,-51
177,0,352382154,352382195,0,0,-41
178,0,354384653,354384644,0,0,8
179,0,356386374,356386411,0,0,-37
180,0,358389874,358389845,0,0,29
181,0,360390112,360390074,0,0,37
182,0,362393329,362393346,0,0,-17
183,0,364395110,364395074,0,0,35
184,0,366397051,366397080,0,0,-29
185,0,368399918,368399858,0,0,59
186,0,370402313,370402342,0,0,-29
187,0,372404029,372403990,0,0,38
188,0,374405957,374405879,0,0,77
189,0,376409364,376409376,0,0,-12
190,0,378411844,378411786,0,0,57
191,0,380413492,380413449,0,0,43
192,0,382415364,382415306,0,0,57
193,0,384417665,384417672,0,0,-6
194,0,386420282,386420286,0,0,-4
195,0,388422166,388422143,0,0,23
196,0,390424563,390424498,0,0,65
197,0,392427314,392427256,0,0,58
198,0,394429401,394429361,0,0,40
199,0,396430818,396430784,0,0,34
200,0,398432382,398432411,0,0,-29
201,0,400435666,400435705,0,0,-39
202,0,402437384,402437413,0,0,-29
203,0,404438756,404438764,0,0,-8
204,0,406441332,406441344,0,0,-12
205,0,408444208,408444231,0,0,-22
206,0,410445583,410445589,0,0,-6
207,0,412449219,412449181,0,0,38
208,0,414451757,414451731,0,0,26
209,0,416453920,416453954,0,0,-33
210,0,418457195,418457168,0,0,26
211,0,420457656,420457608,0,0,47
212,0,422459950,422459976,0,0,-25
213,0,424462198,424462150,0,0,47
214,0,426464653,426464638,0,0,15
215,0,428467373,428467406,0,0,-33
216,0,430469290,430469251,0,0,39
217,0,432471130,432471089,0,0,40
218,0,434473447,434473392,0,0,55
219,0,436475369,436475397,0,0,-27
220,0,438478113,438478121,0,0,-8
221,0,440480337,440480296,0,0,41
222,0,442482818,442482739,0,0,79
223,0,444484376,444484352,0,0,23
224,0,446486743,446486722,0,0,20
225,0,448488744,448488721,0,0,23
226,0,450491193,450491114,0,0,79
227,0,452493622,452493581,0,0,41
228,0,454496033,454496015,0,0,17
229,0,456498051,456498035,0,0,15
230,0,458501563,458501536,0,0,26
231,0,460502716,460502693,0,0,23
232,0,462504394,462504375,0,0,18
233,0,464506743,464506712,0,0,31
234,0,466509546,466509539,0,0,6
235,0,468511035,468511055,0,0,-20
236,0,470513343,470513282,0,0,60
237,0,472515440,472515403,0,0,37
238,0,474517469,474517429,0,0,39
239,0,476520206,476520199,0,0,7
240,0,478522103,478522066,0,0,37
241,0,480523399,480523371,0,0,27
242,0,482526722,482526667,0,0,54
243,0,484529061,484529096,0,0,-34
244,0,486531739,486531768,0,0,-29
245,0,488533256,488533274,0,0,-17
246,0,490535629,490535640,0,0,-11
247,0,492538235,492538210,0,0,24
248,0,494539898,494539923,0,0,-24
249,0,496541348,496541379,0,0,-31
250,0,498544298,498544331,0,0,-33
251,0,500545743,500545717,0,0,25
252,0,502548941,502548973,0,0,-32
253,0,504551282,504551310,0,0,-28
254,0,506553869,506553912,0,0,-42
255,0,508555466,508555429,0,0,36
256,0,510556745,510556760,0,0,-15
257,0,512560632,512560584,0,0,48
258,0,514563751,514563674,0,0,77
259,0,516564520,516564473,0,0,47
260,0,518566878,518566827,0,0,50
261,0,520568654,520568610,0,0,44
262,0,522570681,522570592,0,0,89
263,0,524572925,524572940,0,0,-14
264,0,526575173,526575129,0,0,43
265,0,528577966,528577975,0,0,-9
266,0,530580559,530580591,0,0,-31
267,0,532581975,532581982,0,0,-7
268,0,534583247,534583269,0,0,-21
269,0,536586260,536586300,0,0,-39
270,0,538589077,538589088,0,0,-11
271,0,540591881,540591910,0,0,-28
272,0,542593261,542593296,0,0,-34
273,0,544594977,544595000,0,0,-22
274,0,546598826,546598837,0,0,-10
275,0,548600375,548600388,0,0,-12
276,0,550602671,550602664,0,0,7
277,0,552605017,552604982,0,0,35
278,0,554607161,554607111,0,0,50
279,0,556608824,556608810,0,0,13
280,0,558611586,558611561,0,0,25
281,0,560613150,560613213,0,0,-62
282,0,562614416,562614449,0,0,-33
283,0,564617251,564617310,0,0,-58
284,0,566620283,566620341,0,0,-58
285,0,568622410,568622357,0,0,53
286,0,570625035,570625025,0,0,10
287,0,572626735,572626725,0,0,10
288,0,574628874,574628866,0,0,8
289,0,576630442,576630480,0,0,-38
290,0,578634252,578634233,0,0,19
291,0,580634571,580634550,0,0,20
292,0,582638088,582638053,0,0,35
293,0,584640665,584640640,0,0,24
294,0,586642757,586642712,0,0,44
295,0,588644737,588644723,0,0,13
296,0,590646375,590646351,0,0,23
297,0,592648087,592648080,0,0,7
298,0,594651476,594651448,0,0,27
299,0,596653434,596653405,0,0,29
300,0,598656078,598656049,0,0,29
301,0,600657877,600657927,0,0,-49
302,0,602660051,602659991,0,0,60
303,0,604661633,604661593,0,0,40
304,0,606664931,606664905,0,0,25
305,0,608666719,608666660,0,0,58
306,0,610669249,610669155,0,0,94
307,0,612671430,612671395,0,0,35
308,0,614673675,614673588,0,0,86
309,0,616674686,616674624,0,0,62
310,0,618677352,618677324,0,0,27
311,0,620680226,620680173,0,0,53
312,0,622682695,622682644,0,0,51
313,0,624685016,624684948,0,0,67
314,0,626686730,626686674,0,0,56
315,0,628688649,628688630,0,0,18
316,0,630691586,630691548,0,0,37
317,0,632693561,632693524,0,0,37
318,0,634695840,634695802,0,0,37
319,0,636697893,636697924,0,0,-31
320,0,638699167,638699197,0,0,-29
321,0,640702315,640702324,0,0,-8
322,0,642704820,642704849,0,0,-29
323,0,644707204,644707168,0,0,36
324,0,646708984,646708953,0,0,31
325,0,648710175,648710137,0,0,37
326,0,650712707,650712623,0,0,84
327,0,652715898,652715852,0,0,45
328,0,654717936,654717902,0,0,33
329,0,656719112,656719071,0,0,40
330,0,658723181,658723159,0,0,22
331,0,660724967,660724995,0,0,-27
332,0,662726808,662726784,0,0,24
333,0,664728079,664728058,0,0,20
334,0,666731196,666731155,0,0,40
335,0,668733368,668733341,0,0,26
336,0,670736277,670736240,0,0,37
337,0,672737917,672737959,0,0,-41
338,0,674740187,674740124,0,0,62
339,0,676741543,676741507,0,0,35
340,0,678745103,678745034,0,0,69
341,0,680746838,680746801,0,0,37
342,0,682748651,682748571,0,0,79
343,0,684751130,684751092,0,0,38
344,0,686752694,686752669,0,0,25
345,0,688756444,688756428,0,0,15
346,0,690758814,690758857,0,0,-42
347,0,692760150,692760136,0,0,13
348,0,694762777,694762752,0,0,24
349,0,696764928,696764883,0,0,44
350,0,698767253,698767178,0,0,75
351,0,700769337,700769329,0,0,8
352,0,702770492,702770480,0,0,11
353,0,704773906,704773851,0,0,55
354,0,706777080,706777020,0,0,60
355,0,708778620,708778657,0,0,-37
356,0,710780033,710780064,0,0,-30
357,0,712781725,712781706,0,0,18
358,0,714785143,714785104,0,0,38
359,0,716786710,716786723,0,0,-13
360,0,718788464,718788492,0,0,-28
361,0,720791198,720791240,0,0,-41
362,0,722792708,722792693,0,0,15
363,0,724795721,724795708,0,0,12
364,0,726797082,726797065,0,0,17
365,0,728800105,728800137,0,0,-31
366,0,730801957,730801971,0,0,-14
367,0,732805491,732805498,0,0,-6
368,0,734806997,734806959,0,0,38
369,0,736808900,736808878,0,0,21
370,0,738811611,738811525,0,0,85
371,0,740813468,740813431,0,0,36
372,0,742815335,742815316,0,0,18
373,0,744818894,744818908,0,0,-13
374,0,746820232,746820256,0,0,-23
375,0,748822443,748822469,0,0,-26
376,0,750825730,750825777,0,0,-47
377,0,752827127,752827154,0,0,-26
378,0,754829804,754829817,0,0,-13
379,0,756831556,756831602,0,0,-46
380,0,758835004,758834997,0,0,6
381,0,760836236,760836256,0,0,-19
382,0,762838344,762838353,0,0,-8
383,0,764840717,764840744,0,0,-26
384,0,766842835,766842878,0,0,-42
385,0,768844832,768844845,0,0,-13
386,0,770847267,770847247,0,0,20
387,0,772850635,772850592,0,0,43
388,0,774851836,774851827,0,0,8
389,0,776853647,776853662,0,0,-14
390,0,778855139,778855150,0,0,-10
391,0,780857910,780857936,0,0,-25
392,0,782859566,782859600,0,0,-34
393,0,784862283,784862312,0,0,-28
394,0,786864021,786863970,0,0,51
395,0,788866994,788866943,0,0,50
396,0,790869955,790869968,0,0,-13
397,0,792871832,792871857,0,0,-24
398,0,794873659,794873609,0,0,49
399,0,796875022,796874987,0,0,34
400,0,798878527,798878510,0,0,17
401,0,800880599,800880651,0,0,-51
402,0,802882741,802882787,0,0,-46
403,0,804885731,804885793,0,0,-61
404,0,806887257,806887242,0,0,14
405,0,808888903,808888946,0,0,-42
406,0,810890409,810890366,0,0,42
407,0,812892720,812892683,0,0,37
408,0,814895909,814895858,0,0,50
409,0,816897750,816897691,0,0,59
410,0,818900841,818900794,0,0,47
411,0,820902690,820902631,0,0,58
412,0,822904828,822904815,0,0,12
413,0,824905937,824905883,0,0,53
414,0,826908445,826908415,0,0,30
415,0,828911458,828911435,0,0,23
416,0,830912766,830912750,0,0,15
417,0,832916035,832916026,0,0,8
418,0,834918107,834918087,0,0,20
419,0,836921116,836921159,0,0,-42
420,0,838923382,838923372,0,0,10
421,0,840925197,840925161,0,0,35
422,0,842927088,842927067,0,0,20
423,0,844929355,844929334,0,0,20
424,0,846931710,846931690,0,0,19
425,0,848934270,848934262,0,0,8
426,0,850935912,850935903,0,0,8
427,0,852937072,852937058,0,0,13
428,0,854939348,854939339,0,0,8
429,0,856941613,856941599,0,0,13
430,0,858945708,858945640,0,0,67
431,0,860948327,860948289,0,0,37
432,0,862950388,862950353,0,0,34
433,0,864951421,864951364,0,0,57
434,0,866953155,866953078,0,0,77
435,0,868957656,868957604,0,0,51
436,0,870958241,870958182,0,0,58
437,0,872959757,872959712,0,0,45
438,0,874962921,874962844,0,0,76
439,0,876964867,876964822,0,0,44
440,0,878967471,878967422,0,0,49
441,0,880969622,880969575,0,0,46
442,0,882971849,882971803,0,0,45
443,0,884973468,884973419,0,0,49
444,0,886975426,886975365,0,0,60
445,0,888978269,888978236,0,0,33
446,0,890980319,890980264,0,0,55
447,0,892981885,892981910,0,0,-25
448,0,894983604,894983618,0,0,-14
449,0,896986047,896986065,0,0,-18
450,0,898988413,898988422,0,0,-8
451,0,900992745,900992710,0,0,34
452,0,902994253,902994105,0,0,147
453,0,904996128,904996084,0,0,44
454,0,906998062,906998078,0,0,-16
455,0,908999357,908999320,0,0,37
456,0,911001682,911001597,0,0,84
457,0,913004110,913004076,0,0,33
458,0,915006237,915006179,0,0,57
459,0,917009097,917009106,0,0,-8
460,0,919011006,919010953,0,0,53
461,0,921013867,921013820,0,0,47
462,0,923016718,923016634,0,0,83
463,0,925018713,925018696,0,0,17
464,0,927020365,927020348,0,0,16
465,0,929021770,929021731,0,0,39
466,0,931024976,931024903,0,0,72
467,0,933027538,933027512,0,0,25
468,0,935029543,935029397,0,0,145
469,0,937030793,937030829,0,0,-35
470,0,939033835,939033850,0,0,-15
471,0,941034938,941034901,0,0,37
472,0,943037269,943037232,0,0,37
473,0,945039339,945039289,0,0,50
474,0,947041764,947041711,0,0,53
475,0,949044773,949044738,0,0,35
476,0,951046433,951046378,0,0,55
477,0,953049420,953049380,0,0,40
478,0,955052352,955052326,0,0,25
479,0,957053891,957053851,0,0,39
480,0,959058048,959058081,0,0,-33
481,0,961058422,961058397,0,0,24
482,0,963060782,963060805,0,0,-22
483,0,965063779,965063816,0,0,-36
484,0,967065201,967065235,0,0,-34
485,0,969067134,969067173,0,0,-39
486,0,971068514,971068448,0,0,65
487,0,973071476,973071449,0,0,26
488,0,975072539,975072520,0,0,18
489,0,977075074,977075011,0,0,63
490,0,979077198,979077162,0,0,35
491,0,981079600,981079546,0,0,53
492,0,983083095,983083031,0,0,63
493,0,985085319,985085362,0,0,-42
494,0,987087156,987087171,0,0,-15
495,0,989089649,989089612,0,0,37
496,0,991092517,991092490,0,0,26
497,0,993092892,993092856,0,0,35
498,0,995095758,995095613,0,0,144
499,0,997099373,997099346,0,0,26
500,0,999100770,999100693,0,0,77
501,0,1001103121,1001103102,0,0,19
502,0,1003105107,1003105099,0,0,8
503,0,1005107802,1005107798,0,0,4
504,0,1007110036,1007110089,0,0,-53
505,0,1009112062,1009112069,0,0,-7
506,0,1011113933,1011113948,0,0,-14
507,0,1013116332,1013116347,0,0,-15
508,0,1015118304,1015118253,0,0,50
509,0,1017119672,1017119651,0,0,20
510,0,1019121925,1019121853,0,0,71
511,0,1021125137,1021125107,0,0,30
512,0,1023127011,1023127049,0,0,-37
513,0,1025128312,1025128355,0,0,-42
514,0,1027130832,1027130853,0,0,-21
515,0,1029133811,1029133856,0,0,-44
516,0,1031136029,1031136020,0,0,8
517,0,1033137505,1033137559,0,0,-54
518,0,1035141147,1035141110,0,0,36
519,0,1037142836,1037142813,0,0,23
520,0,1039145430,1039145384,0,0,45
521,0,1041147251,1041147283,0,0,-31
522,0,1043148507,1043148493,0,0,13
523,0,1045150519,1045150513,0,0,5
524,0,1047152994,1047153038,0,0,-44
525,0,1049156715,1049156777,0,0,-61
526,0,1051158546,1051158589,0,0,-42
527,0,1053161723,1053161705,0,0,18
528,0,1055163859,1055163829,0,0,30
529,0,1057163944,1057163914,0,0,30
530,0,1059168488,1059168498,0,0,-9
531,0,1061169082,1061169116,0,0,-34
532,0,1063171692,1063171649,0,0,43
533,0,1065172897,1065172886,0,0,11
534,0,1067174941,1067174903,0,0,38
535,0,1069178052,1069178089,0,0,-36
536,0,1071180419,1071180404,0,0,15
537,0,1073181743,1073181729,0,0,14
538,0,1075184008,1075183981,0,0,26
539,0,1077186539,1077186586,0,0,-47
540,0,1079189224,1079189196,0,0,28
541,0,1081191104,1081191147,0,0,-42
542,0,1083194089,1083194060,0,0,29
543,0,1085195344,1085195320,0,0,24
544,0,1087198425,1087198402,0,0,23
545,0,1089200164,1089200116,0,0,47
546,0,1091203410,1091203352,0,0,57
547,0,1093205460,1093205422,0,0,38
548,0,1095208428,1095208393,0,0,34
549,0,1097209701,1097209660,0,0,41
550,0,1099212234,1099212209,0,0,24
551,0,1101214204,1101214186,0,0,17
552,0,1103216712,1103216663,0,0,49
553,0,1105218364,1105218337,0,0,26
554,0,1107219970,1107219952,0,0,17
555,0,1109222937,1109222911,0,0,25
556,0,1111225347,1111225304,0,0,42
557,0,1113227678,1113227669,0,0,8
558,0,1115230062,1115230039,0,0,23
559,0,1117231867,1117231818,0,0,48
560,0,1119234772,1119234718,0,0,53
561,0,1121236262,1121236230,0,0,31
562,0,1123237456,1123237390,0,0,65
563,0,1125239969,1125239910,0,0,58
564,0,1127244393,1127244329,0,0,63
565,0,1129245865,1129245891,0,0,-26
566,0,1131247656,1131247647,0,0,8
567,0,1133250447,1133250420,0,0,27
568,0,1135252142,1135252117,0,0,24
569,0,1137254059,1137254011,0,0,47
570,0,1139255296,1139255256,0,0,40
571,0,1141257702,1141257714,0,0,-11
572,0,1143261235,1143261226,0,0,9
573,0,1145263556,1145263591,0,0,-34
574,0,1147265278,1147265287,0,0,-8
575,0,1149267310,1149267329,0,0,-18
576,0,1151270167,1151270135,0,0,31
577,0,1153272152,1153272094,0,0,57
578,0,1155274719,1155274665,0,0,53
579,0,1157276528,1157276487,0,0,41
580,0,1159281141,1159281071,0,0,69
581,0,1161280876,1161280836,0,0,40
582,0,1163282058,1163282031,0,0,26
583,0,1165285172,1165285124,0,0,47
584,0,1167286773,1167286692,0,0,80
585,0,1169288681,1169288694,0,0,-13
586,0,1171290862,1171290887,0,0,-25
587,0,1173293121,1173293131,0,0,-10
588,0,1175297088,1175297050,0,0,38
589,0,1177299135,1177299050,0,0,85
590,0,1179300846,1179300774,0,0,71
591,0,1181302771,1181302723,0,0,47
592,0,1183305363,1183305323,0,0,40
593,0,1185307782,1185307734,0,0,47
594,0,1187310249,1187310182,0,0,66
595,0,1189311946,1189311895,0,0,50
596,0,1191314280,1191314266,0,0,13
597,0,1193316411,1193316377,0,0,34
598,0,1195319060,1195319000,0,0,60
599,0,1197320885,1197320845,0,0,39
600,0,1199323022,1199322996,0,0,25
601,0,1201324319,1201324330,0,0,-11
602,0,1203327605,1203327555,0,0,50
603,0,1205329761,1205329714,0,0,47
604,0,1207332852,1207332807,0,0,44
605,0,1209334573,1209334509,0,0,63
606,0,1211336971,1211336980,0,0,-8
607,0,1213338923,1213338937,0,0,-13
608,0,1215341071,1215341099,0,0,-28
609,0,1217343257,1217343200,0,0,57
610,0,1219345404,1219345341,0,0,62
611,0,1221347543,1221347559,0,0,-16
612,0,1223349704,1223349651,0,0,52
613,0,1225350968,1225350938,0,0,29
614,0,1227353444,1227353383,0,0,61
615,0,1229356195,1229356142,0,0,52
616,0,1231357532,1231357493,0,0,38
617,0,1233359984,1233359935,0,0,48
618,0,1235363058,1235363067,0,0,-9
619,0,1237365400,1237365373,0,0,26
620,0,1239367693,1239367649,0,0,43
621,0,1241369877,1241369833,0,0,43
622,0,1243371393,1243371350,0,0,42
623,0,1245374217,1245374212,0,0,4
624,0,1247376582,1247376557,0,0,24
625,0,1249379017,1249379000,0,0,17
626,0,1251380968,1251380934,0,0,33
627,0,1253383032,1253383069,0,0,-37
628,0,1255385511,1255385528,0,0,-17
629,0,1257386445,1257386465,0,0,-19
630,0,1259390733,1259390669,0,0,64
631,0,1261391880,1261391851,0,0,29
632,0,1263393105,1263393139,0,0,-33
633,0,1265395235,1265395260,0,0,-24
634,0,1267397767,1267397707,0,0,60
635,0,1269400699,1269400680,0,0,19
636,0,1271402177,1271402136,0,0,41
637,0,1273405826,1273405808,0,0,17
638,0,1275407798,1275407770,0,0,27
639,0,1277409562,1277409537,0,0,25
640,0,1279411773,1279411750,0,0,22
641,0,1281414121,1281414096,0,0,24
642,0,1283415655,1283415637,0,0,17
643,0,1285418539,1285418516,0,0,23
644,0,1287420788,1287420830,0,0,-41
645,0,1289421864,1289421895,0,0,-31
646,0,1291424512,1291424541,0,0,-29
647,0,1293428074,1293428053,0,0,20
648,0,1295429947,1295429885,0,0,61
649,0,1297432137,1297432126,0,0,11
650,0,1299434338,1299434301,0,0,37
651,0,1301437206,1301437240,0,0,-34
652,0,1303439265,1303439231,0,0,34
653,0,1305441124,1305441167,0,0,-42
654,0,1307443067,1307443121,0,0,-53
655,0,1309446295,1309446330,0,0,-35
656,0,1311448680,1311448710,0,0,-29
657,0,1313449797,1313449829,0,0,-31
658,0,1315450963,1315450907,0,0,55
659,0,1317453404,1317453381,0,0,23
660,0,1319457986,1319457959,0,0,26
661,0,1321458914,1321458899,0,0,15
662,0,1323461379,1323461330,0,0,49
663,0,1325463744,1325463726,0,0,17
664,0,1327465550,1327465503,0,0,47
665,0,1329467076,1329467045,0,0,31
666,0,1331469705,1331469680,0,0,24
667,0,1333471750,1333471788,0,0,-38
668,0,1335474739,1335474758,0,0,-19
669,0,1337476331,1337476360,0,0,-29
670,0,1339478294,1339478281,0,0,12
671,0,1341481311,1341481300,0,0,11
672,0,1343483572,1343483538,0,0,33
673,0,1345485587,1345485625,0,0,-38
674,0,1347487734,1347487752,0,0,-17
675,0,1349489870,1349489898,0,0,-27
676,0,1351493131,1351493174,0,0,-42
677,0,1353493432,1353493398,0,0,33
678,0,1355496722,1355496662,0,0,59
679,0,1357498882,1357498869,0,0,13
680,0,1359502447,1359502412,0,0,34
681,0,1361504319,1361504278,0,0,40
682,0,1363506326,1363506294,0,0,32
683,0,1365507841,1365507827,0,0,13
684,0,1367510266,1367510235,0,0,31
685,0,1369512627,1369512613,0,0,13
686,0,1371514692,1371514723,0,0,-31
687,0,1373517470,1373517507,0,0,-36
688,0,1375518802,1375518811,0,0,-8
689,0,1377520057,1377520083,0,0,-26
690,0,1379522722,1379522716,0,0,6
691,0,1381525641,1381525600,0,0,41
692,0,1383528406,1383528370,0,0,35
693,0,1385529496,1385529467,0,0,29
694,0,1387532323,1387532292,0,0,30
695,0,1389534988,1389534958,0,0,29
696,0,1391536910,1391536857,0,0,53
697,0,1393538778,1393538732,0,0,46
698,0,1395539998,1395539948,0,0,50
699,0,1397542271,1397542233,0,0,38
700,0,1399545281,1399545254,0,0,26
701,0,1401546470,1401546437,0,0,33
702,0,1403549044,1403549030,0,0,13
703,0,1405552175,1405552191,0,0,-16
704,0,1407554108,1407554049,0,0,58
705,0,1409555767,1409555701,0,0,65
706,0,1411559522,1411559446,0,0,76
707,0,1413560791,1413560742,0,0,48
708,0,1415562170,1415562101,0,0,69
709,0,1417565679,1417565622,0,0,57
710,0,1419568323,1419568273,0,0,49
711,0,1421570025,1421569984,0,0,41
712,0,1423571911,1423571865,0,0,46
713,0,1425573413,1425573390,0,0,23
714,0,1427576079,1427576102,0,0,-22
715,0,1429578934,1429578952,0,0,-17
716,0,1431581260,1431581282,0,0,-21
717,0,1433582518,1433582548,0,0,-29
718,0,1435584597,1435584614,0,0,-17
719,0,1437587381,1437587424,0,0,-42
720,0,1439590613,1439590598,0,0,15
721,0,1441592584,1441592545,0,0,39
722,0,1443595112,1443595036,0,0,76
723,0,1445596423,1445596383,0,0,40
724,0,1447597957,1447597913,0,0,43
725,0,1449601218,1449601184,0,0,34
726,0,1451603891,1451603823,0,0,67
727,0,1453605676,1453605689,0,0,-13
728,0,1455608172,1455608181,0,0,-8
729,0,1457610055,1457610076,0,0,-20
730,0,1459612815,1459612753,0,0,61
731,0,1461614694,1461614618,0,0,75
732,0,1463616886,1463616903,0,0,-16
733,0,1465619084,1465619097,0,0,-13
734,0,1467621474,1467621456,0,0,17
735,0,1469623988,1469623939,0,0,49
736,0,1471625484,1471625438,0,0,45
737,0,1473626977,1473626948,0,0,29
738,0,1475629615,1475629556,0,0,58
739,0,1477632143,1477632122,0,0,20
740,0,1479633677,1479633631,0,0,46
741,0,1481637597,1481637628,0,0,-31
742,0,1483638016,1483637973,0,0,43
743,0,1485640977,1485640950,0,0,26
744,0,1487642097,1487642055,0,0,42
745,0,1489644458,1489644413,0,0,45
746,0,1491646680,1491646709,0,0,-28
747,0,1493649151,1493649142,0,0,8
748,0,1495652636,1495652596,0,0,40
749,0,1497654539,1497654503,0,0,35
750,0,1499655637,1499655626,0,0,11
751,0,1501659208,1501659188,0,0,20
752,0,1503662438,1503662412,0,0,26
753,0,1505663741,1505663700,0,0,40
754,0,1507666071,1507666044,0,0,26
755,0,1509667975,1509667955,0,0,20
756,0,1511670761,1511670716,0,0,44
757,0,1513673366,1513673348,0,0,18
758,0,1515674676,1515674710,0,0,-34
759,0,1517676871,1517676834,0,0,37
760,0,1519679096,1519679072,0,0,23
761,0,1521681049,1521681022,0,0,26
762,0,1523682377,1523682407,0,0,-29
763,0,1525684615,1525684584,0,0,31
764,0,1527687725,1527687694,0,0,30
765,0,1529690165,1529690208,0,0,-43
766,0,1531692590,1531692563,0,0,26
767,0,1533694638,1533694544,0,0,94
768,0,1535696903,1535696930,0,0,-26
769,0,1537698972,1537698916,0,0,56
770,0,1539700234,1539700227,0,0,6
771,0,1541702567,1541702603,0,0,-35
772,0,1543704783,1543704826,0,0,-42
773,0,1545707878,1545707910,0,0,-31
774,0,1547709071,1547709064,0,0,6
775,0,1549711337,1549711316,0,0,20
776,0,1551714671,1551714683,0,0,-11
777,0,1553717010,1553717033,0,0,-22
778,0,1555719316,1555719328,0,0,-11
779,0,1557721082,1557721110,0,0,-28
780,0,1559724411,1559724428,0,0,-16
781,0,1561725743,1561725775,0,0,-32
782,0,1563728191,1563728184,0,0,7
783,0,1565730474,1565730449,0,0,24
784,0,1567732656,1567732612,0,0,44
785,0,1569734894,1569734858,0,0,35
786,0,1571737283,1571737236,0,0,47
787,0,1573739076,1573739071,0,0,5
788,0,1575741494,1575741459,0,0,35
789,0,1577743269,1577743236,0,0,33
790,0,1579745251,1579745245,0,0,5
791,0,1581748298,1581748287,0,0,11
792,0,1583750345,1583750325,0,0,19
793,0,1585752768,1585752743,0,0,24
794,0,1587754884,1587754856,0,0,27
795,0,1589756517,1589756478,0,0,38
796,0,1591757847,1591757893,0,0,-45
797,0,1593761278,1593761328,0,0,-49
798,0,1595763997,1595764051,0,0,-53
799,0,1597765901,1597765927,0,0,-26
800,0,1599768139,1599768171,0,0,-32
801,0,1601770530,1601770571,0,0,-41
802,0,1603772925,1603772937,0,0,-12
803,0,1605774667,1605774643,0,0,24
804,0,1607777139,1607777127,0,0,11
805,0,1609780217,1609780194,0,0,23
806,0,1611781408,1611781386,0,0,22
807,0,1613783728,1613783705,0,0,22
808,0,1615786098,1615786070,0,0,27
809,0,1617788190,1617788152,0,0,37
810,0,1619790307,1619790283,0,0,24
811,0,1621792199,1621792173,0,0,26
812,0,1623794021,1623793997,0,0,24
813,0,1625797108,1625797087,0,0,21
814,0,1627799483,1627799446,0,0,37
815,0,1629802067,1629802006,0,0,60
816,0,1631803849,1631803795,0,0,53
817,0,1633805706,1633805669,0,0,37
818,0,1635807188,1635807129,0,0,58
819,0,1637810275,1637810292,0,0,-16
820,0,1639812496,1639812456,0,0,40
821,0,1641814596,1641814564,0,0,32
822,0,1643815874,1643815853,0,0,20
823,0,1645818225,1645818200,0,0,25
824,0,1647821680,1647821611,0,0,69
825,0,1649823921,1649823852,0,0,69
826,0,1651825640,1651825586,0,0,53
827,0,1653827196,1653827210,0,0,-13
828,0,1655830871,1655830881,0,0,-9
829,0,1657832808,1657832824,0,0,-16
830,0,1659835815,1659835842,0,0,-26
831,0,1661836289,1661836321,0,0,-31
832,0,1663839411,1663839430,0,0,-19
833,0,1665841575,1665841527,0,0,47
834,0,1667843979,1667843905,0,0,74
835,0,1669846296,1669846323,0,0,-27
836,0,1671848488,1671848454,0,0,33
837,0,1673851145,1673851108,0,0,36
838,0,1675852152,1675852127,0,0,24
839,0,1677854777,1677854760,0,0,17
840,0,1679857773,1679857702,0,0,70
841,0,1681859619,1681859586,0,0,33
842,0,1683861519,1683861494,0,0,24
843,0,1685863525,1685863482,0,0,43
844,0,1687865223,1687865209,0,0,13
845,0,1689868094,1689868044,0,0,49
846,0,1691869578,1691869512,0,0,65
847,0,1693873508,1693873496,0,0,12
848,0,1695874755,1695874696,0,0,58
849,0,1697876219,1697876165,0,0,53
850,0,1699880226,1699880158,0,0,67
851,0,1701881231,1701881188,0,0,42
852,0,1703882694,1703882605,0,0,89
853,0,1705885778,1705885734,0,0,43
854,0,1707887065,1707887035,0,0,29
855,0,1709889743,1709889717,0,0,25
856,0,1711892780,1711892738,0,0,42
857,0,1713895128,1713895085,0,0,42
858,0,1715897269,1715897226,0,0,42
859,0,1717899356,1717899316,0,0,39
860,0,1719901626,1719901575,0,0,51
861,0,1721904151,1721904110,0,0,41
862,0,1723906134,1723906083,0,0,50
863,0,1725907966,1725907931,0,0,35
864,0,1727909311,1727909298,0,0,13
865,0,1729911975,1729911982,0,0,-6
866,0,1731915636,1731915625,0,0,11
867,0,1733917087,1733917042,0,0,44
868,0,1735918267,1735918217,0,0,49
869,0,1737921814,1737921776,0,0,38
870,0,1739923867,1739923811,0,0,56
871,0,1741926184,1741926150,0,0,33
872,0,1743928409,1743928379,0,0,30
873,0,1745931423,1745931379,0,0,44
874,0,1747932902,1747932858,0,0,44
875,0,1749935090,1749935041,0,0,49
876,0,1751937193,1751937145,0,0,47
877,0,1753937969,1753937928,0,0,41
878,0,1755940410,1755940401,0,0,8
879,0,1757943042,1757943033,0,0,8
880,0,1759947303,1759947278,0,0,24
881,0,1761947896,1761947881,0,0,14
882,0,1763949851,1763949818,0,0,32
883,0,1765952663,1765952647,0,0,16
884,0,1767954020,1767954001,0,0,19
885,0,1769957214,1769957183,0,0,31
886,0,1771960609,1771960652,0,0,-42
887,0,1773962082,1773962050,0,0,31
888,0,1775963836,1775963795,0,0,40
889,0,1777966350,1777966308,0,0,41
890,0,1779968064,1779968043,0,0,20
891,0,1781969620,1781969602,0,0,17
892,0,1783972886,1783972836,0,0,49
893,0,1785974793,1785974763,0,0,30
894,0,1787976520,1787976501,0,0,19
895,0,1789979083,1789979071,0,0,11
896,0,1791980635,1791980609,0,0,25
897,0,1793983486,1793983448,0,0,38
898,0,1795985252,1795985206,0,0,45
899,0,1797987393,1797987366,0,0,26
900,0,1799990689,1799990724,0,0,-34
901,0,1801992681,1801992704,0,0,-22
902,0,1803995301,1803995323,0,0,-22
903,0,1805997368,1805997397,0,0,-28
904,0,1807999700,1807999718,0,0,-17
905,0,1810002226,1810002235,0,0,-8
906,0,1812004361,1812004324,0,0,36
907,0,1814005924,1814005946,0,0,-21
908,0,1816007757,1816007795,0,0,-38
909,0,1818010471,1818010429,0,0,42
910,0,1820011716,1820011701,0,0,14
911,0,1822015836,1822015826,0,0,10
912,0,1824016880,1824016866,0,0,14
913,0,1826018266,1826018251,0,0,15
914,0,1828020566,1828020529,0,0,37
915,0,1830023433,1830023420,0,0,13
916,0,1832025812,1832025764,0,0,47
917,0,1834027233,1834027224,0,0,8
918,0,1836030596,1836030576,0,0,20
919,0,1838033093,1838033079,0,0,13
920,0,1840035483,1840035439,0,0,44
921,0,1842037363,1842037332,0,0,30
922,0,1844039487,1844039456,0,0,30
923,0,1846041863,1846041840,0,0,23
924,0,1848044738,1848044728,0,0,10
925,0,1850046662,1850046619,0,0,43
926,0,1852048412,1852048442,0,0,-29
927,0,1854050361,1854050343,0,0,17
928,0,1856052153,1856052132,0,0,20
929,0,1858054779,1858054772,0,0,6
930,0,1860057779,1860057811,0,0,-31
931,0,1862059454,1862059487,0,0,-33
932,0,1864061709,1864061729,0,0,-20
933,0,1866063836,1866063873,0,0,-36
934,0,1868066652,1868066687,0,0,-35
935,0,1870068724,1870068763,0,0,-38
936,0,1872070554,1872070568,0,0,-14
937,0,1874071867,1874071901,0,0,-34
938,0,1876075178,1876075201,0,0,-22
939,0,1878077231,1878077261,0,0,-29
940,0,1880079446,1880079440,0,0,5
941,0,1882081017,1882081024,0,0,-6
942,0,1884084513,1884084433,0,0,80
943,0,1886087012,1886086948,0,0,64
944,0,1888088012,1888088026,0,0,-14
945,0,1890089620,1890089566,0,0,53
946,0,1892092958,1892092952,0,0,5
947,0,1894094995,1894095015,0,0,-19
948,0,1896096586,1896096577,0,0,8
949,0,1898099406,1898099353,0,0,52
950,0,1900102766,1900102781,0,0,-14
951,0,1902104085,1902104035,0,0,49
952,0,1904104818,1904104777,0,0,41
953,0,1906107206,1906107166,0,0,40
954,0,1908109395,1908109350,0,0,44
955,0,1910111896,1910111858,0,0,37
956,0,1912115200,1912115166,0,0,33
957,0,1914117235,1914117197,0,0,38
958,0,1916118608,1916118585,0,0,23
959,0,1918121469,1918121460,0,0,8
960,0,1920122980,1920122946,0,0,33
961,0,1922125823,1922125788,0,0,35
962,0,1924128656,1924128602,0,0,53
963,0,1926130251,1926130216,0,0,35
964,0,1928131887,1928131851,0,0,35
965,0,1930135377,1930135392,0,0,-14
966,0,1932138510,1932138552,0,0,-42
967,0,1934140280,1934140256,0,0,24
968,0,1936141730,1936141667,0,0,63
969,0,1938143194,1938143145,0,0,49
970,0,1940145995,1940145971,0,0,24
971,0,1942147813,1942147774,0,0,38
972,0,1944151103,1944151072,0,0,30
973,0,1946152875,1946152850,0,0,24
974,0,1948154168,1948154123,0,0,44
975,0,1950158454,1950158420,0,0,33
976,0,1952161060,1952161083,0,0,-22
977,0,1954161845,1954161807,0,0,38
978,0,1956164269,1956164226,0,0,42
979,0,1958166631,1958166593,0,0,37
980,0,1960169967,1960169908,0,0,58
981,0,1962170838,1962170819,0,0,18
982,0,1964174165,1964174154,0,0,11
983,0,1966175130,1966175144,0,0,-13
984,0,1968177249,1968177208,0,0,41
985,0,1970179027,1970178990,0,0,37
986,0,1972181680,1972181662,0,0,17
987,0,1974183528,1974183482,0,0,46
988,0,1976186346,1976186334,0,0,11
989,0,1978188671,1978188683,0,0,-11
990,0,1980191038,1980191043,0,0,-4
991,0,1982192799,1982192806,0,0,-6
992,0,1984194481,1984194448,0,0,33
993,0,1986197390,1986197403,0,0,-13
994,0,1988198627,1988198571,0,0,56
995,0,1990200732,1990200694,0,0,38
996,0,1992203229,1992203172,0,0,57
997,0,1994206339,1994206303,0,0,35
998,0,1996209782,1996209726,0,0,55
999,0,1998211251,1998211213,0,0,38
1000,0,2000212807,2000212734,0,0,72
1001,0,2002214220,2002214161,0,0,58
1002,0,2004217353,2004217307,0,0,46
1003,0,2006219067,2006219006,0,0,60
1004,0,2008222019,2008221969,0,0,49
1005,0,2010224311,2010224252,0,0,58
1006,0,2012226688,2012226683,0,0,5
1007,0,2014229424,2014229457,0,0,-33
1008,0,2016231062,2016231020,0,0,42
1009,0,2018232813,2018232822,0,0,-8
1010,0,2020234462,2020234395,0,0,67
1011,0,2022237309,2022237273,0,0,35
1012,0,2024238354,2024238314,0,0,40
1013,0,2026240971,2026240936,0,0,35
1014,0,2028245212,2028245161,0,0,50
1015,0,2030247300,2030247265,0,0,34
1016,0,2032249811,2032249748,0,0,63
1017,0,2034250777,2034250784,0,0,-6
1018,0,2036252159,2036252149,0,0,10
1019,0,2038255129,2038255088,0,0,40
1020,0,2040256908,2040256843,0,0,65
1021,0,2042259646,2042259680,0,0,-34
1022,0,2044262391,2044262419,0,0,-28
1023,0,2046264291,2046264330,0,0,-39
1024,0,2048266491,2048266506,0,0,-15
1025,0,2050269368,2050269312,0,0,55
1026,0,2052271173,2052271119,0,0,53
1027,0,2054273298,2054273260,0,0,37
1028,0,2056275260,2056275200,0,0,59
1029,0,2058276848,2058276822,0,0,25
1030,0,2060282068,2060282097,0,0,-29
1031,0,2062282512,2062282547,0,0,-34
1032,0,2064284524,2064284475,0,0,49
1033,0,2066286316,2066286261,0,0,55
1034,0,2068287824,2068287791,0,0,32
1035,0,2070290948,2070290932,0,0,15
1036,0,2072292971,2072292946,0,0,25
1037,0,2074294349,2074294332,0,0,17
1038,0,2076296526,2076296494,0,0,31
1039,0,2078299774,2078299757,0,0,17
1040,0,2080302029,2080302008,0,0,20
1041,0,2082304030,2082304013,0,0,17
1042,0,2084305287,2084305262,0,0,25
1043,0,2086307523,2086307554,0,0,-31
1044,0,2088310788,2088310775,0,0,13
1045,0,2090312628,2090312606,0,0,22
1046,0,2092316707,2092316689,0,0,17
1047,0,2094318230,2094318217,0,0,13
1048,0,2096319350,2096319323,0,0,26
1049,0,2098320814,2098320787,0,0,26
1050,0,2100323717,2100323688,0,0,29
1051,0,2102326682,2102326649,0,0,33
1052,0,2104328696,2104328678,0,0,17
1053,0,2106331195,2106331147,0,0,47
1054,0,2108332890,2108332831,0,0,58
1055,0,2110334266,2110334227,0,0,38
1056,0,2112337775,2112337737,0,0,37
1057,0,2114339864,2114339809,0,0,54
1058,0,2116342171,2116342105,0,0,66
1059,0,2118344151,2118344105,0,0,46
1060,0,2120345170,2120345117,0,0,53
1061,0,2122347442,2122347395,0,0,47
1062,0,2124350602,2124350575,0,0,27
1063,0,2126353916,2126353963,0,0,-46
1064,0,2128354083,2128354126,0,0,-43
1065,0,2130356552,2130356541,0,0,11
1066,0,2132360246,2132360236,0,0,9
1067,0,2134362397,2134362380,0,0,17
1068,0,2136363835,2136363820,0,0,15
1069,0,2138365353,2138365398,0,0,-44
1070,0,2140367588,2140367629,0,0,-40
1071,0,2142370904,2142370912,0,0,-7
1072,0,2144373077,2144373103,0,0,-26
1073,0,2146374152,2146374166,0,0,-14
1074,0,2148376366,2148376350,0,0,15
1075,0,2150378608,2150378573,0,0,35
1076,0,2152380795,2152380705,0,0,89
1077,0,2154383189,2154383164,0,0,25
1078,0,2156385128,2156385149,0,0,-21
1079,0,2158388730,2158388756,0,0,-26
1080,0,2160392832,2160392857,0,0,-24
1081,0,2162393211,2162393226,0,0,-15
1082,0,2164395355,2164395332,0,0,23
1083,0,2166396877,2166396847,0,0,29
1084,0,2168399997,2168399941,0,0,56
1085,0,2170402253,2170402282,0,0,-29
1086,0,2172403409,2172403424,0,0,-15
1087,0,2174406300,2174406316,0,0,-15
1088,0,2176407845,2176407868,0,0,-22
1089,0,2178411246,2178411204,0,0,42
1090,0,2180413119,2180413075,0,0,44
1091,0,2182414342,2182414305,0,0,36
1092,0,2184417253,2184417206,0,0,47
1093,0,2186419947,2186419917,0,0,29
1094,0,2188422862,2188422811,0,0,51
1095,0,2190425100,2190425072,0,0,27
1096,0,2192425455,2192425413,0,0,41
1097,0,2194427482,2194427471,0,0,11
1098,0,2196430139,2196430099,0,0,39
1099,0,2198433115,2198433071,0,0,43
1100,0,2200434462,2200434423,0,0,38
1101,0,2202437594,2202437555,0,0,39
1102,0,2204439238,2204439193,0,0,44
1103,0,2206442737,2206442773,0,0,-36
1104,0,2208445833,2208445793,0,0,40
1105,0,2210446880,2210446856,0,0,24
1106,0,2212449198,2212449159,0,0,38
1107,0,2214451597,2214451556,0,0,40
1108,0,2216453613,2216453588,0,0,25
1109,0,2218456107,2218456071,0,0,36
1110,0,2220458195,2220458172,0,0,23
1111,0,2222461273,2222461242,0,0,31
1112,0,2224462052,2224462017,0,0,35
1113,0,2226463716,2226463680,0,0,35
1114,0,2228466932,2228466891,0,0,40
1115,0,2230469176,2230469142,0,0,33
1116,0,2232471613,2232471548,0,0,65
1117,0,2234473379,2234473326,0,0,52
1118,0,2236476247,2236476253,0,0,-6
1119,0,2238477471,2238477514,0,0,-42
1120,0,2240478822,2240478761,0,0,60
1121,0,2242481391,2242481343,0,0,47
1122,0,2244484357,2244484364,0,0,-6
1123,0,2246485443,2246485400,0,0,43
1124,0,2248487627,2248487598,0,0,29
1125,0,2250489892,2250489858,0,0,33
1126,0,2252492912,2252492865,0,0,47
1127,0,2254496589,2254496576,0,0,13
1128,0,2256497505,2256497528,0,0,-22
1129,0,2258499131,2258499096,0,0,35
1130,0,2260503282,2260503323,0,0,-41
1131,0,2262503480,2262503457,0,0,22
1132,0,2264507116,2264507165,0,0,-48
1133,0,2266509065,2266509048,0,0,17
1134,0,2268511348,2268511311,0,0,37
1135,0,2270514176,2270514139,0,0,37
1136,0,2272516024,2272515973,0,0,51
1137,0,2274517868,2274517827,0,0,40
1138,0,2276520737,2276520677,0,0,59
1139,0,2278522550,2278522496,0,0,53
1140,0,2280524906,2280524865,0,0,41
1141,0,2282526514,2282526469,0,0,45
1142,0,2284527990,2284527935,0,0,54
1143,0,2286532376,2286532343,0,0,32
1144,0,2288533137,2288533103,0,0,33
1145,0,2290535070,2290534995,0,0,75
1146,0,2292537676,2292537642,0,0,33
1147,0,2294539079,2294539040,0,0,39
1148,0,2296542231,2296542187,0,0,43
1149,0,2298544346,2298544297,0,0,49
1150,0,2300546007,2300546037,0,0,-29
1151,0,2302548775,2302548811,0,0,-36
1152,0,2304550359,2304550400,0,0,-40
1153,0,2306553670,2306553699,0,0,-29
1154,0,2308556262,2308556218,0,0,44
1155,0,2310557993,2310557966,0,0,26
1156,0,2312560316,2312560269,0,0,47
1157,0,2314562355,2314562329,0,0,25
1158,0,2316564844,2316564808,0,0,35
1159,0,2318567925,2318567901,0,0,23
1160,0,2320568833,2320568840,0,0,-6
1161,0,2322569895,2322569932,0,0,-36
1162,0,2324571997,2324572023,0,0,-26
1163,0,2326574788,2326574822,0,0,-33
1164,0,2328577766,2328577791,0,0,-25
1165,0,2330579555,2330579606,0,0,-51
1166,0,2332582270,2332582257,0,0,13
1167,0,2334585157,2334585208,0,0,-51
1168,0,2336587311,2336587270,0,0,40
1169,0,2338588797,2338588787,0,0,10
1170,0,2340590321,2340590297,0,0,23
1171,0,2342593802,2342593779,0,0,22
1172,0,2344595843,2344595797,0,0,45
1173,0,2346597999,2346597985,0,0,13
1174,0,2348600101,2348600135,0,0,-34
1175,0,2350603964,2350603957,0,0,7
1176,0,2352604936,2352604909,0,0,26
1177,0,2354606934,2354606919,0,0,15
1178,0,2356609556,2356609519,0,0,36
1179,0,2358611687,2358611666,0,0,20
1180,0,2360615589,2360615551,0,0,38
1181,0,2362615814,2362615797,0,0,17
1182,0,2364618848,2364618820,0,0,27
1183,0,2366620142,2366620113,0,0,29
1184,0,2368622355,2368622339,0,0,15
1185,0,2370624862,2370624911,0,0,-49
1186,0,2372627285,2372627357,0,0,-71
1187,0,2374629812,2374629849,0,0,-36
1188,0,2376631039,2376631082,0,0,-42
1189,0,2378632290,2378632316,0,0,-26
1190,0,2380634901,2380634939,0,0,-37
1191,0,2382637703,2382637734,0,0,-31
1192,0,2384640395,2384640387,0,0,7
1193,0,2386642565,2386642500,0,0,65
1194,0,2388644659,2388644611,0,0,47
1195,0,2390646749,2390646695,0,0,53
1196,0,2392648997,2392648948,0,0,49
1197,0,2394651280,2394651244,0,0,35
1198,0,2396654700,2396654652,0,0,47
1199,0,2398655606,2398655568,0,0,37
1200,0,2400657150,2400657142,0,0,7
1201,0,2402660119,2402660069,0,0,49
1202,0,2404661516,2404661478,0,0,38
1203,0,2406664817,2406664782,0,0,35
1204,0,2408666620,2408666571,0,0,49
1205,0,2410668227,2410668211,0,0,15
1206,0,2412671510,2412671530,0,0,-19
1207,0,2414673498,2414673480,0,0,18
1208,0,2416677014,2416676945,0,0,69
1209,0,2418677016,2418676980,0,0,35
1210,0,2420680026,2420680060,0,0,-34
1211,0,2422681638,2422681611,0,0,26
1212,0,2424684380,2424684375,0,0,5
1213,0,2426685617,2426685660,0,0,-42
1214,0,2428688404,2428688355,0,0,49
1215,0,2430691159,2430691121,0,0,37
1216,0,2432692125,2432692086,0,0,38
1217,0,2434695105,2434695036,0,0,69
1218,0,2436698791,2436698742,0,0,49
1219,0,2438700766,2438700712,0,0,53
1220,0,2440702412,2440702397,0,0,14
1221,0,2442704593,2442704557,0,0,35
1222,0,2444706914,2444706876,0,0,37
1223,0,2446708882,2446708845,0,0,36
1224,0,2448711460,2448711405,0,0,55
1225,0,2450712406,2450712355,0,0,51
1226,0,2452714829,2452714853,0,0,-24
1227,0,2454718357,2454718300,0,0,57
1228,0,2456720395,2456720352,0,0,42
1229,0,2458722296,2458722271,0,0,24
1230,0,2460725788,2460725750,0,0,38
1231,0,2462727495,2462727442,0,0,53
1232,0,2464729638,2464729600,0,0,37
1233,0,2466731622,2466731651,0,0,-29
1234,0,2468733705,2468733731,0,0,-25
1235,0,2470734808,2470734782,0,0,26
1236,0,2472738245,2472738220,0,0,25
1237,0,2474740782,2474740775,0,0,7
1238,0,2476742330,2476742364,0,0,-33
1239,0,2478743595,2478743558,0,0,36
1240,0,2480746899,2480746862,0,0,37
1241,0,2482749214,2482749157,0,0,57
1242,0,2484751490,2484751513,0,0,-22
1243,0,2486753244,2486753269,0,0,-24
1244,0,2488755097,2488755087,0,0,10
1245,0,2490758325,2490758351,0,0,-26
1246,0,2492760208,2492760181,0,0,26
1247,0,2494761837,2494761810,0,0,26
1248,0,2496764303,2496764271,0,0,32
1249,0,2498765693,2498765661,0,0,31
1250,0,2500768602,2500768578,0,0,23
1251,0,2502770946,2502770907,0,0,39
1252,0,2504772548,2504772525,0,0,23
1253,0,2506774911,2506774892,0,0,18
1254,0,2508778070,2508778044,0,0,25
1255,0,2510780234,2510780199,0,0,35
1256,0,2512782549,2512782525,0,0,23
1257,0,2514784538,2514784496,0,0,41
1258,0,2516786096,2516786051,0,0,44
1259,0,2518789359,2518789383,0,0,-24
1260,0,2520792108,2520792094,0,0,13
1261,0,2522793690,2522793659,0,0,31
1262,0,2524795868,2524795817,0,0,51
1263,0,2526798660,2526798637,0,0,23
1264,0,2528800364,2528800394,0,0,-29
1265,0,2530802769,2530802799,0,0,-29
1266,0,2532804411,2532804441,0,0,-29
1267,0,2534805927,2534805880,0,0,47
1268,0,2536808960,2536808920,0,0,40
1269,0,2538810723,2538810698,0,0,24
1270,0,2540814027,2540814000,0,0,26
1271,0,2542815760,2542815738,0,0,22
1272,0,2544818413,2544818368,0,0,44
1273,0,2546820519,2546820472,0,0,47
1274,0,2548822844,2548822817,0,0,26
1275,0,2550825051,2550825018,0,0,33
1276,0,2552827157,2552827114,0,0,42
1277,0,2554829699,2554829653,0,0,45
1278,0,2556831698,2556831649,0,0,49
1279,0,2558833743,2558833723,0,0,20
1280,0,2560836909,2560836868,0,0,40
1281,0,2562837129,2562837154,0,0,-24
1282,0,2564839934,2564839943,0,0,-9
1283,0,2566842505,2566842460,0,0,44
1284,0,2568843647,2568843607,0,0,39
1285,0,2570846020,2570845972,0,0,47
1286,0,2572849719,2572849671,0,0,47
1287,0,2574851445,2574851408,0,0,37
1288,0,2576854608,2576854561,0,0,47
1289,0,2578854820,2578854791,0,0,29
1290,0,2580856957,2580856945,0,0,11
1291,0,2582859555,2582859550,0,0,4
1292,0,2584862793,2584862826,0,0,-33
1293,0,2586864831,2586864773,0,0,58
1294,0,2588866112,2588866057,0,0,54
1295,0,2590870088,2590870067,0,0,20
1296,0,2592871573,2592871530,0,0,42
1297,0,2594873411,2594873427,0,0,-16
1298,0,2596874622,2596874642,0,0,-20
1299,0,2598877160,2598877173,0,0,-13
1300,0,2600880460,2600880471,0,0,-11
1301,0,2602882711,2602882674,0,0,37
1302,0,2604885084,2604885044,0,0,39
1303,0,2606887105,2606887072,0,0,33
1304,0,2608890250,2608890241,0,0,8
1305,0,2610891377,2610891355,0,0,21
1306,0,2612892878,2612892868,0,0,10
1307,0,2614896596,2614896587,0,0,8
1308,0,2616898680,2616898638,0,0,41
1309,0,2618900350,2618900333,0,0,17
1310,0,2620902281,2620902273,0,0,8
1311,0,2622905027,2622905018,0,0,8
1312,0,2624907388,2624907377,0,0,10
1313,0,2626909485,2626909456,0,0,28
1314,0,2628912164,2628912120,0,0,44
1315,0,2630913535,2630913521,0,0,13
1316,0,2632915251,2632915252,0,0,0
1317,0,2634918359,2634918345,0,0,13
1318,0,2636920760,2636920723,0,0,37
1319,0,2638922725,2638922712,0,0,13
1320,0,2640926537,2640926506,0,0,30
1321,0,2642927267,2642927255,0,0,12
1322,0,2644929413,2644929374,0,0,38
1323,0,2646931626,2646931690,0,0,-63
1324,0,2648934231,2648934200,0,0,31
1325,0,2650935990,2650935957,0,0,33
1326,0,2652937668,2652937660,0,0,7
1327,0,2654941633,2654941624,0,0,8
1328,0,2656943820,2656943783,0,0,36
1329,0,2658944788,2658944733,0,0,55
1330,0,2660947624,2660947586,0,0,38
1331,0,2662949137,2662949078,0,0,58
1332,0,2664950213,2664950141,0,0,71
1333,0,2666952981,2666952944,0,0,36
1334,0,2668956217,2668956231,0,0,-13
1335,0,2670959075,2670959042,0,0,33
1336,0,2672961370,2672961309,0,0,60
1337,0,2674961568,2674961505,0,0,63
1338,0,2676963734,2676963719,0,0,15
1339,0,2678966254,2678966213,0,0,41
1340,0,2680969166,2680969092,0,0,74
1341,0,2682970775,2682970739,0,0,35
1342,0,2684973798,2684973752,0,0,45
1343,0,2686975624,2686975582,0,0,41
1344,0,2688978584,2688978598,0,0,-14
1345,0,2690980346,2690980301,0,0,44
1346,0,2692981846,2692981788,0,0,57
1347,0,2694984828,2694984782,0,0,46
1348,0,2696986471,2696986486,0,0,-14
1349,0,2698989350,2698989364,0,0,-14
1350,0,2700990672,2700990626,0,0,45
1351,0,2702993410,2702993443,0,0,-33
1352,0,2704995845,2704995868,0,0,-22
1353,0,2706997164,2706997201,0,0,-36
1354,0,2708999926,2708999941,0,0,-15
1355,0,2711002712,2711002728,0,0,-15
1356,0,2713004831,2713004802,0,0,29
1357,0,2715005957,2715005915,0,0,41
1358,0,2717008324,2717008290,0,0,33
1359,0,2719010578,2719010573,0,0,5
1360,0,2721014119,2721014080,0,0,39
1361,0,2723016314,2723016344,0,0,-29
1362,0,2725018600,2725018610,0,0,-10
1363,0,2727020676,2727020718,0,0,-41
1364,0,2729021820,2729021826,0,0,-6
1365,0,2731025557,2731025517,0,0,39
1366,0,2733027377,2733027350,0,0,26
1367,0,2735029628,2735029667,0,0,-38
1368,0,2737032456,2737032422,0,0,34
1369,0,2739032867,2739032875,0,0,-7
1370,0,2741035242,2741035213,0,0,28
1371,0,2743038283,2743038319,0,0,-35
1372,0,2745040581,2745040550,0,0,31
1373,0,2747042551,2747042543,0,0,8
1374,0,2749044046,2749044002,0,0,44
1375,0,2751046952,2751046931,0,0,20
1376,0,2753048876,2753048840,0,0,36
1377,0,2755051623,2755051584,0,0,39
1378,0,2757052846,2757052777,0,0,69
1379,0,2759055033,2759055001,0,0,31
1380,0,2761058886,2761058847,0,0,38
1381,0,2763060815,2763060778,0,0,36
1382,0,2765063114,2765063062,0,0,51
1383,0,2767065368,2767065349,0,0,18
1384,0,2769067373,2769067321,0,0,52
1385,0,2771070426,2771070397,0,0,29
1386,0,2773071242,2773071191,0,0,51
1387,0,2775074004,2775073977,0,0,27
1388,0,2777076116,2777076072,0,0,43
1389,0,2779077837,2779077806,0,0,31
1390,0,2781080865,2781080896,0,0,-31
1391,0,2783083983,2783083968,0,0,14
1392,0,2785086328,2785086359,0,0,-31
1393,0,2787087334,2787087348,0,0,-13
1394,0,2789089564,2789089591,0,0,-27
1395,0,2791091565,2791091521,0,0,43
1396,0,2793093026,2793092968,0,0,58
1397,0,2795095907,2795095867,0,0,39
1398,0,2797097413,2797097377,0,0,36
1399,0,2799100568,2799100560,0,0,7
1400,0,2801103043,2801103029,0,0,13
1401,0,2803106387,2803106337,0,0,50
1402,0,2805107476,2805107458,0,0,17
1403,0,2807110462,2807110437,0,0,25
1404,0,2809113177,2809113133,0,0,43
1405,0,2811114301,2811114276,0,0,24
1406,0,2813116548,2813116492,0,0,56
1407,0,2815118283,2815118312,0,0,-29
1408,0,2817119889,2817119896,0,0,-6
1409,0,2819122995,2819123008,0,0,-12
1410,0,2821125456,2821125449,0,0,6
1411,0,2823127445,2823127458,0,0,-13
1412,0,2825129904,2825129835,0,0,69
1413,0,2827132034,2827131995,0,0,38
1414,0,2829133991,2829133937,0,0,54
1415,0,2831135971,2831135948,0,0,23
1416,0,2833137211,2833137232,0,0,-21
1417,0,2835140943,2835140950,0,0,-6
1418,0,2837143148,2837143110,0,0,37
1419,0,2839145075,2839145049,0,0,26
1420,0,2841147525,2841147540,0,0,-15
1421,0,2843149850,2843149871,0,0,-20
1422,0,2845151608,2845151570,0,0,38
1423,0,2847153775,2847153751,0,0,23
1424,0,2849156330,2849156323,0,0,7
1425,0,2851158637,2851158664,0,0,-26
1426,0,2853160789,2853160759,0,0,29
1427,0,2855163213,2855163190,0,0,23
1428,0,2857165485,2857165474,0,0,10
1429,0,2859167714,2859167687,0,0,27
1430,0,2861171438,2861171414,0,0,24
1431,0,2863171840,2863171831,0,0,8
1432,0,2865173757,2865173789,0,0,-32
1433,0,2867176758,2867176773,0,0,-14
1434,0,2869178970,2869179000,0,0,-29
1435,0,2871181004,2871180958,0,0,45
1436,0,2873183161,2873183097,0,0,64
1437,0,2875185382,2875185350,0,0,31
1438,0,2877188009,2877187984,0,0,24
1439,0,2879189553,2879189536,0,0,17
1440,0,2881192035,2881192004,0,0,30
1441,0,2883193938,2883193926,0,0,11
1442,0,2885195540,2885195494,0,0,45
1443,0,2887198207,2887198177,0,0,30
1444,0,2889200104,2889200067,0,0,37
1445,0,2891203146,2891203139,0,0,6
1446,0,2893205763,2893205725,0,0,37
1447,0,2895207943,2895207934,0,0,8
1448,0,2897209539,2897209525,0,0,13
1449,0,2899212315,2899212298,0,0,17
1450,0,2901214451,2901214426,0,0,24
1451,0,2903216494,2903216476,0,0,18
1452,0,2905218588,2905218575,0,0,13
1453,0,2907221160,2907221146,0,0,13
1454,0,2909223062,2909223096,0,0,-33
1455,0,2911226479,2911226505,0,0,-25
1456,0,2913228868,2913228829,0,0,38
1457,0,2915229927,2915229965,0,0,-38
1458,0,2917232036,2917232026,0,0,9
1459,0,2919234058,2919234087,0,0,-29
1460,0,2921236067,2921236056,0,0,11
1461,0,2923237721,2923237750,0,0,-28
1462,0,2925240737,2925240753,0,0,-16
1463,0,2927242402,2927242392,0,0,10
1464,0,2929245426,2929245368,0,0,57
1465,0,2931247833,2931247790,0,0,42
1466,0,2933249751,2933249714,0,0,37
1467,0,2935251608,2935251617,0,0,-8
1468,0,2937253062,2937253071,0,0,-9
1469,0,2939255443,2939255471,0,0,-28
1470,0,2941258966,2941259000,0,0,-34
1471,0,2943260889,2943260868,0,0,20
1472,0,2945263049,2945263076,0,0,-26
1473,0,2947264010,2947264038,0,0,-27
1474,0,2949266530,2949266543,0,0,-13
1475,0,2951269653,2951269690,0,0,-36
1476,0,2953272415,2953272440,0,0,-25
1477,0,2955274051,2955274018,0,0,32
1478,0,2957275472,2957275431,0,0,41
1479,0,2959277769,2959277756,0,0,13
1480,0,2961282445,2961282378,0,0,67
1481,0,2963282920,2963282878,0,0,42
1482,0,2965284430,2965284375,0,0,55
1483,0,2967288015,2967287980,0,0,35
1484,0,2969290074,2969290051,0,0,23
1485,0,2971292473,2971292445,0,0,27
1486,0,2973294200,2973294163,0,0,37
1487,0,2975297319,2975297305,0,0,13
1488,0,2977299008,2977298986,0,0,21
1489,0,2979300834,2979300765,0,0,69
1490,0,2981302280,2981302215,0,0,65
1491,0,2983305447,2983305473,0,0,-26
1492,0,2985307802,2985307827,0,0,-25
1493,0,2987309467,2987309480,0,0,-13
1494,0,2989310984,2989311024,0,0,-39
1495,0,2991314228,2991314206,0,0,21
1496,0,2993317415,2993317377,0,0,38
1497,0,2995318616,2995318554,0,0,62
1498,0,2997320003,2997319968,0,0,34
1499,0,2999324050,2999324029,0,0,20
1500,0,3001326177,3001326222,0,0,-44
1501,0,3003326441,3003326471,0,0,-29
1502,0,3005328920,3005328949,0,0,-29
1503,0,3007332363,3007332325,0,0,37
1504,0,3009334254,3009334233,0,0,21
1505,0,3011336231,3011336271,0,0,-39
1506,0,3013338773,3013338779,0,0,-6
1507,0,3015341164,3015341198,0,0,-34
1508,0,3017343302,3017343254,0,0,47
1509,0,3019345419,3019345372,0,0,47
1510,0,3021348383,3021348348,0,0,34
1511,0,3023350359,3023350334,0,0,25
1512,0,3025352229,3025352265,0,0,-36
1513,0,3027354229,3027354193,0,0,35
1514,0,3029356510,3029356467,0,0,43
1515,0,3031359025,3031358998,0,0,26
1516,0,3033360648,3033360600,0,0,47
1517,0,3035362085,3035362038,0,0,47
1518,0,3037364791,3037364754,0,0,37
1519,0,3039367379,3039367358,0,0,20
1520,0,3041369394,3041369370,0,0,23
1521,0,3043372048,3043371994,0,0,53
1522,0,3045373327,3045373271,0,0,55
1523,0,3047375414,3047375385,0,0,29
1524,0,3049378478,3049378388,0,0,89
1525,0,3051379750,3051379772,0,0,-21
1526,0,3053382195,3053382220,0,0,-24
1527,0,3055385463,3055385506,0,0,-42
1528,0,3057387589,3057387618,0,0,-29
1529,0,3059390163,3059390123,0,0,39
1530,0,3061393921,3061393883,0,0,37
1531,0,3063394613,3063394592,0,0,20
1532,0,3065396840,3065396806,0,0,33
1533,0,3067398829,3067398813,0,0,15
1534,0,3069401133,3069401150,0,0,-16
1535,0,3071403724,3071403766,0,0,-41
1536,0,3073405647,3073405678,0,0,-31
1537,0,3075406520,3075406558,0,0,-38
1538,0,3077408876,3077408921,0,0,-44
1539,0,3079412159,3079412141,0,0,17
1540,0,3081414308,3081414259,0,0,49
1541,0,3083415229,3083415265,0,0,-35
1542,0,3085418098,3085418078,0,0,19
1543,0,3087420808,3087420831,0,0,-22
1544,0,3089421982,3089421962,0,0,20
1545,0,3091425100,3091425143,0,0,-42
1546,0,3093426249,3093426301,0,0,-51
1547,0,3095428795,3095428782,0,0,13
1548,0,3097432103,3097432168,0,0,-65
1549,0,3099433377,3099433424,0,0,-47
1550,0,3101435753,3101435780,0,0,-26
1551,0,3103439732,3103439698,0,0,33
1552,0,3105442161,3105442195,0,0,-34
1553,0,3107443472,3107443465,0,0,7
1554,0,3109446222,3109446194,0,0,27
1555,0,3111447952,3111447923,0,0,29
1556,0,3113450573,3113450569,0,0,4
1557,0,3115452065,3115452046,0,0,19
1558,0,3117453272,3117453265,0,0,7
1559,0,3119455992,3119455984,0,0,7
1560,0,3121458822,3121458791,0,0,31
1561,0,3123460768,3123460747,0,0,20
1562,0,3125462269,3125462262,0,0,7
1563,0,3127466260,3127466246,0,0,13
1564,0,3129468665,3129468706,0,0,-41
1565,0,3131470034,3131469992,0,0,42
1566,0,3133472224,3133472193,0,0,31
1567,0,3135474613,3135474584,0,0,29
1568,0,3137477386,3137477350,0,0,35
1569,0,3139478936,3139478902,0,0,33
1570,0,3141481626,3141481605,0,0,21
1571,0,3143483630,3143483603,0,0,26
1572,0,3145485941,3145485885,0,0,56
1573,0,3147488574,3147488553,0,0,20
1574,0,3149490046,3149490032,0,0,13
1575,0,3151492465,3151492450,0,0,15
1576,0,3153494446,3153494409,0,0,36
1577,0,3155496586,3155496624,0,0,-38
1578,0,3157498858,3157498816,0,0,41
1579,0,3159500133,3159500118,0,0,15
1580,0,3161504978,3161504961,0,0,17
1581,0,3163505539,3163505518,0,0,21
1582,0,3165507600,3165507541,0,0,58
1583,0,3167509187,3167509216,0,0,-29
1584,0,3169512152,3169512195,0,0,-42
1585,0,3171514539,3171514563,0,0,-24
1586,0,3173517018,3173516938,0,0,80
1587,0,3175519258,3175519276,0,0,-17
1588,0,3177521364,3177521298,0,0,65
1589,0,3179523361,3179523323,0,0,37
1590,0,3181525653,3181525612,0,0,41
1591,0,3183528165,3183528153,0,0,11
1592,0,3185529824,3185529771,0,0,52
1593,0,3187531301,3187531263,0,0,37
1594,0,3189534244,3189534188,0,0,55
1595,0,3191535620,3191535585,0,0,34
1596,0,3193538535,3193538489,0,0,46
1597,0,3195541375,3195541328,0,0,47
1598,0,3197543341,3197543287,0,0,53
1599,0,3199545525,3199545489,0,0,36
1600,0,3201547894,3201547928,0,0,-34
1601,0,3203549757,3203549786,0,0,-29
1602,0,3205551417,3205551430,0,0,-13
1603,0,3207554472,3207554435,0,0,37
1604,0,3209556997,3209556940,0,0,57
1605,0,3211559615,3211559551,0,0,63
1606,0,3213561914,3213561867,0,0,47
1607,0,3215563226,3215563173,0,0,52
1608,0,3217564885,3217564869,0,0,15
1609,0,3219568159,3219568172,0,0,-13
1610,0,3221571231,3221571170,0,0,60
1611,0,3223572136,3223572071,0,0,64
1612,0,3225573465,3225573416,0,0,49
1613,0,3227576929,3227576946,0,0,-17
1614,0,3229579380,3229579325,0,0,55
1615,0,3231581883,3231581844,0,0,38
1616,0,3233583869,3233583803,0,0,65
1617,0,3235586015,3235585956,0,0,58
1618,0,3237588307,3237588236,0,0,71
1619,0,3239589970,3239589925,0,0,44
1620,0,3241591673,3241591600,0,0,72
1621,0,3243595368,3243595310,0,0,58
1622,0,3245597049,3245596999,0,0,49
1623,0,3247599059,3247599007,0,0,51
1624,0,3249600964,3249600997,0,0,-32
1625,0,3251602613,3251602621,0,0,-8
1626,0,3253607202,3253607224,0,0,-22
1627,0,3255607777,3255607741,0,0,35
1628,0,3257608966,3257608936,0,0,29
1629,0,3259611668,3259611622,0,0,45
1630,0,3261616279,3261616222,0,0,57
1631,0,3263616590,3263616569,0,0,20
1632,0,3265618269,3265618222,0,0,46
1633,0,3267620482,3267620435,0,0,47
1634,0,3269623555,3269623486,0,0,68
1635,0,3271625701,3271625670,0,0,31
1636,0,3273628044,3273628055,0,0,-11
1637,0,3275630159,3275630122,0,0,37
1638,0,3277631989,3277631965,0,0,24
1639,0,3279634757,3279634719,0,0,37
1640,0,3281636615,3281636627,0,0,-11
1641,0,3283637705,3283637678,0,0,26
1642,0,3285641441,3285641413,0,0,28
1643,0,3287643876,3287643844,0,0,32
1644,0,3289645769,3289645759,0,0,10
1645,0,3291648134,3291648095,0,0,38
1646,0,3293650350,3293650321,0,0,29
1647,0,3295653636,3295653632,0,0,4
1648,0,3297655660,3297655639,0,0,20
1649,0,3299656563,3299656514,0,0,49
1650,0,3301658300,3301658311,0,0,-11
1651,0,3303661100,3303661125,0,0,-24
1652,0,3305662447,3305662454,0,0,-6
1653,0,3307664665,3307664698,0,0,-32
1654,0,3309668177,3309668199,0,0,-22
1655,0,3311670757,3311670743,0,0,13
1656,0,3313672448,3313672399,0,0,49
1657,0,3315674704,3315674667,0,0,37
1658,0,3317677939,3317677962,0,0,-23
1659,0,3319679492,3319679462,0,0,30
1660,0,3321681487,3321681430,0,0,57
1661,0,3323683422,3323683402,0,0,20
1662,0,3325684692,3325684686,0,0,5
1663,0,3327687160,3327687131,0,0,29
1664,0,3329690474,3329690453,0,0,20
1665,0,3331692669,3331692633,0,0,35
1666,0,3333694510,3333694462,0,0,47
1667,0,3335695992,3335695973,0,0,19
1668,0,3337699564,3337699521,0,0,42
1669,0,3339701546,3339701525,0,0,20
1670,0,3341703503,3341703474,0,0,29
1671,0,3343704380,3343704350,0,0,30
1672,0,3345707016,3345706985,0,0,31
1673,0,3347710179,3347710214,0,0,-34
1674,0,3349712956,3349712914,0,0,42
1675,0,3351714658,3351714647,0,0,11
1676,0,3353716907,3353716869,0,0,38
1677,0,3355718952,3355718941,0,0,11
1678,0,3357720438,3357720429,0,0,8
1679,0,3359723575,3359723564,0,0,11
1680,0,3361727728,3361727694,0,0,33
1681,0,3363728064,3363728042,0,0,22
1682,0,3365730090,3365730108,0,0,-17
1683,0,3367731438,3367731463,0,0,-24
1684,0,3369734774,3369734825,0,0,-51
1685,0,3371737130,3371737156,0,0,-26
1686,0,3373739739,3373739755,0,0,-16
1687,0,3375741459,3375741480,0,0,-21
1688,0,3377743494,3377743534,0,0,-39
1689,0,3379744800,3379744838,0,0,-38
1690,0,3381748365,3381748397,0,0,-32
1691,0,3383750284,3383750317,0,0,-33
1692,0,3385752646,3385752611,0,0,34
1693,0,3387754813,3387754806,0,0,6
1694,0,3389757597,3389757561,0,0,35
1695,0,3391759261,3391759244,0,0,17
1696,0,3393761812,3393761795,0,0,17
1697,0,3395763941,3395763929,0,0,11
1698,0,3397766493,3397766449,0,0,44
1699,0,3399768707,3399768665,0,0,42
1700,0,3401770473,3401770507,0,0,-34
1701,0,3403772364,3403772400,0,0,-35
1702,0,3405774044,3405774073,0,0,-29
1703,0,3407777087,3407777078,0,0,8
1704,0,3409779373,3409779344,0,0,29
1705,0,3411781365,3411781336,0,0,29
1706,0,3413784341,3413784304,0,0,37
1707,0,3415786210,3415786179,0,0,31
1708,0,3417788364,3417788335,0,0,29
1709,0,3419790352,3419790314,0,0,38
1710,0,3421793063,3421793020,0,0,42
1711,0,3423796076,3423796042,0,0,33
1712,0,3425797803,3425797743,0,0,59
1713,0,3427798568,3427798528,0,0,40
1714,0,3429801736,3429801701,0,0,34
1715,0,3431803828,3431803792,0,0,35
1716,0,3433805629,3433805582,0,0,47
1717,0,3435807273,3435807244,0,0,29
1718,0,3437810464,3437810431,0,0,32
1719,0,3439812706,3439812670,0,0,35
1720,0,3441814680,3441814713,0,0,-33
1721,0,3443816151,3443816181,0,0,-29
1722,0,3445820760,3445820800,0,0,-40
1723,0,3447821523,3447821550,0,0,-26
1724,0,3449824028,3449824023,0,0,4
1725,0,3451825817,3451825844,0,0,-26
1726,0,3453827624,3453827557,0,0,66
1727,0,3455830307,3455830321,0,0,-13
1728,0,3457831705,3457831714,0,0,-8
1729,0,3459834684,3459834618,0,0,65
1730,0,3461837413,3461837332,0,0,80
1731,0,3463839357,3463839292,0,0,65
1732,0,3465841922,3465841863,0,0,58
1733,0,3467843677,3467843600,0,0,77
1734,0,3469845106,3469845051,0,0,55
1735,0,3471848370,3471848329,0,0,41
1736,0,3473850135,3473850079,0,0,56
1737,0,3475851683,3475851628,0,0,54
1738,0,3477855143,3477855118,0,0,25
1739,0,3479857234,3479857200,0,0,33
1740,0,3481859624,3481859605,0,0,18
1741,0,3483861659,3483861612,0,0,47
1742,0,3485863934,3485863903,0,0,30
1743,0,3487867021,3487866993,0,0,27
1744,0,3489869580,3489869512,0,0,67
1745,0,3491870484,3491870415,0,0,69
1746,0,3493872819,3493872811,0,0,8
1747,0,3495874541,3495874556,0,0,-14
1748,0,3497876591,3497876525,0,0,65
1749,0,3499879323,3499879351,0,0,-28
1750,0,3501881533,3501881523,0,0,9
1751,0,3503883685,3503883700,0,0,-14
1752,0,3505884958,3505884948,0,0,9
1753,0,3507887222,3507887215,0,0,6
1754,0,3509890822,3509890840,0,0,-17
1755,0,3511893950,3511893937,0,0,13
1756,0,3513895253,3513895270,0,0,-16
1757,0,3515897038,3515897051,0,0,-12
1758,0,3517899507,3517899483,0,0,24
1759,0,3519902073,3519902039,0,0,33
1760,0,3521903496,3521903465,0,0,31
1761,0,3523905215,3523905178,0,0,37
1762,0,3525908449,3525908391,0,0,58
1763,0,3527910592,3527910563,0,0,29
1764,0,3529913328,3529913297,0,0,31
1765,0,3531915008,3531915033,0,0,-24
1766,0,3533917292,3533917224,0,0,67
1767,0,3535919737,3535919679,0,0,57
1768,0,3537921600,3537921548,0,0,51
1769,0,3539923496,3539923452,0,0,43
1770,0,3541925126,3541925084,0,0,42
1771,0,3543928304,3543928327,0,0,-22
1772,0,3545930403,3545930431,0,0,-27
1773,0,3547932782,3547932769,0,0,13
1774,0,3549935356,3549935318,0,0,38
1775,0,3551937929,3551937910,0,0,19
1776,0,3553939997,3553940013,0,0,-16
1777,0,3555941705,3555941741,0,0,-35
1778,0,3557944168,3557944124,0,0,44
1779,0,3559946218,3559946195,0,0,23
1780,0,3561949489,3561949442,0,0,47
1781,0,3563951098,3563951054,0,0,43
1782,0,3565953346,3565953359,0,0,-13
1783,0,3567955276,3567955308,0,0,-32
1784,0,3569957239,3569957277,0,0,-38
1785,0,3571959896,3571959937,0,0,-40
1786,0,3573962291,3573962330,0,0,-39
1787,0,3575964898,3575964939,0,0,-40
1788,0,3577966262,3577966305,0,0,-42
1789,0,3579968660,3579968684,0,0,-24
1790,0,3581970837,3581970910,0,0,-72
1791,0,3583972939,3583972920,0,0,18
1792,0,3585974961,3585974927,0,0,33
1793,0,3587977215,3587977183,0,0,32
1794,0,3589978968,3589978910,0,0,58
1795,0,3591981568,3591981521,0,0,47
1796,0,3593982907,3593982877,0,0,30
1797,0,3595986284,3595986255,0,0,29
1798,0,3597988507,3597988499,0,0,7
1799,0,3599990098,3599990060,0,0,38
1800,0,3601991865,3601991892,0,0,-26
1801,0,3603995321,3603995266,0,0,54
1802,0,3605997272,3605997246,0,0,26
1803,0,3608000155,3608000112,0,0,42
1804,0,3610000569,3610000597,0,0,-28
1805,0,3612003444,3612003408,0,0,35
1806,0,3614006653,3614006631,0,0,22
1807,0,3616009114,3616009073,0,0,40
1808,0,3618010950,3618010978,0,0,-28
1809,0,3620013476,3620013513,0,0,-36
1810,0,3622015576,3622015590,0,0,-13
1811,0,3624017752,3624017732,0,0,20
1812,0,3626019804,3626019764,0,0,40
1813,0,3628021974,3628021957,0,0,17
1814,0,3630024060,3630024049,0,0,11
1815,0,3632027033,3632027004,0,0,29
1816,0,3634029459,3634029424,0,0,35
1817,0,3636030951,3636030907,0,0,43
1818,0,3638032812,3638032833,0,0,-21
1819,0,3640036092,3640036143,0,0,-51
1820,0,3642037485,3642037519,0,0,-34
1821,0,3644039613,3644039640,0,0,-26
1822,0,3646041913,3646041854,0,0,58
1823,0,3648043992,3648043958,0,0,33
1824,0,3650046296,3650046262,0,0,33
1825,0,3652049116,3652049171,0,0,-54
1826,0,3654050889,3654050905,0,0,-15
1827,0,3656053177,3656053218,0,0,-41
1828,0,3658055362,3658055316,0,0,45
1829,0,3660057473,3660057464,0,0,8
1830,0,3662060907,3662060894,0,0,13
1831,0,3664061586,3664061548,0,0,38
1832,0,3666062759,3666062745,0,0,13
1833,0,3668065128,3668065120,0,0,7
1834,0,3670067075,3670067036,0,0,38
1835,0,3672070856,3672070831,0,0,24
1836,0,3674072860,3674072824,0,0,35
1837,0,3676075413,3676075432,0,0,-18
1838,0,3678077391,3678077383,0,0,7
1839,0,3680079683,3680079635,0,0,47
1840,0,3682082347,3682082298,0,0,49
1841,0,3684083637,3684083647,0,0,-9
1842,0,3686085264,3686085275,0,0,-11
1843,0,3688088428,3688088392,0,0,35
1844,0,3690090796,3690090822,0,0,-25
1845,0,3692093029,3692092984,0,0,44
1846,0,3694095430,3694095352,0,0,77
1847,0,3696097988,3696097923,0,0,65
1848,0,3698100103,3698100043,0,0,59
1849,0,3700102044,3700102005,0,0,38
1850,0,3702104253,3702104273,0,0,-19
1851,0,3704107615,3704107557,0,0,57
1852,0,3706108702,3706108636,0,0,65
1853,0,3708109788,3708109728,0,0,59
1854,0,3710113044,3710112986,0,0,58
1855,0,3712115848,3712115815,0,0,32
1856,0,3714117919,3714117952,0,0,-33
1857,0,3716119793,3716119829,0,0,-35
1858,0,3718121170,3718121157,0,0,13
1859,0,3720123815,3720123829,0,0,-14
1860,0,3722125716,3722125658,0,0,57
1861,0,3724128393,3724128425,0,0,-31
1862,0,3726130523,3726130496,0,0,26
1863,0,3728132991,3728132964,0,0,26
1864,0,3730135352,3730135309,0,0,43
1865,0,3732137519,3732137484,0,0,35
1866,0,3734139746,3734139686,0,0,60
1867,0,3736143597,3736143556,0,0,40
1868,0,3738144406,3738144382,0,0,24
1869,0,3740146711,3740146676,0,0,35
1870,0,3742148562,3742148505,0,0,57
1871,0,3744151294,3744151318,0,0,-24
1872,0,3746153062,3746153085,0,0,-22
1873,0,3748155123,3748155143,0,0,-20
1874,0,3750157316,3750157298,0,0,17
1875,0,3752158507,3752158450,0,0,57
1876,0,3754160804,3754160768,0,0,35
1877,0,3756163444,3756163406,0,0,38
1878,0,3758166181,3758166213,0,0,-32
1879,0,3760167526,3760167479,0,0,47
1880,0,3762172223,3762172187,0,0,35
1881,0,3764172838,3764172808,0,0,29
1882,0,3766174582,3766174561,0,0,20
1883,0,3768177217,3768177187,0,0,30
1884,0,3770180066,3770180025,0,0,40
1885,0,3772182019,3772181982,0,0,36
1886,0,3774184292,3774184226,0,0,65
1887,0,3776186429,3776186372,0,0,57
1888,0,3778188748,3778188683,0,0,65
1889,0,3780190995,3780190957,0,0,37
1890,0,3782193409,3782193359,0,0,50
1891,0,3784195253,3784195205,0,0,47
1892,0,3786197505,3786197523,0,0,-17
1893,0,3788199681,3788199643,0,0,38
1894,0,3790201865,3790201811,0,0,53
1895,0,3792203065,3792203030,0,0,35
1896,0,3794206017,3794205931,0,0,86
1897,0,3796207487,3796207436,0,0,51
1898,0,3798210046,3798209990,0,0,56
1899,0,3800213024,3800212981,0,0,43
1900,0,3802216133,3802216166,0,0,-33
1901,0,3804217496,3804217528,0,0,-31
1902,0,3806220056,3806220069,0,0,-13
1903,0,3808222164,3808222206,0,0,-42
1904,0,3810224323,3810224294,0,0,28
1905,0,3812226207,3812226175,0,0,31
1906,0,3814227927,3814227918,0,0,8
1907,0,3816231059,3816231042,0,0,17
1908,0,3818233251,3818233214,0,0,37
1909,0,3820235226,3820235275,0,0,-48
1910,0,3822238036,3822238004,0,0,32
1911,0,3824239924,3824239907,0,0,17
1912,0,3826242393,3826242367,0,0,25
1913,0,3828244737,3828244703,0,0,33
1914,0,3830246669,3830246649,0,0,19
1915,0,3832248773,3832248742,0,0,30
1916,0,3834251992,3834251946,0,0,45
1917,0,3836253098,3836253078,0,0,20
1918,0,3838255509,3838255474,0,0,35
1919,0,3840257490,3840257467,0,0,23
1920,0,3842259340,3842259364,0,0,-24
1921,0,3844261044,3844261018,0,0,25
1922,0,3846264341,3846264303,0,0,38
1923,0,3848266377,3848266354,0,0,23
1924,0,3850268799,3850268833,0,0,-34
1925,0,3852271172,3852271213,0,0,-40
1926,0,3854273107,3854273098,0,0,8
1927,0,3856274469,3856274488,0,0,-18
1928,0,3858277372,3858277363,0,0,8
1929,0,3860278515,3860278475,0,0,40
1930,0,3862282254,3862282233,0,0,21
1931,0,3864284408,3864284373,0,0,35
1932,0,3866287768,3866287731,0,0,37
1933,0,3868288377,3868288364,0,0,13
1934,0,3870289800,3870289769,0,0,31
1935,0,3872292719,3872292703,0,0,15
1936,0,3874295071,3874295036,0,0,35
1937,0,3876296483,3876296456,0,0,26
1938,0,3878298645,3878298608,0,0,37
1939,0,3880301386,3880301357,0,0,29
1940,0,3882304326,3882304272,0,0,53
1941,0,3884306472,3884306465,0,0,7
1942,0,3886309179,3886309146,0,0,33
1943,0,3888310942,3888310979,0,0,-36
1944,0,3890313013,3890313031,0,0,-17
1945,0,3892314411,3892314442,0,0,-31
1946,0,3894316939,3894316923,0,0,15
1947,0,3896319596,3896319579,0,0,17
1948,0,3898323065,3898323026,0,0,38
1949,0,3900325451,3900325417,0,0,34
1950,0,3902326508,3902326478,0,0,30
1951,0,3904329206,3904329177,0,0,29
1952,0,3906330707,3906330688,0,0,19
1953,0,3908332141,3908332100,0,0,40
1954,0,3910335417,3910335388,0,0,29
1955,0,3912337509,3912337487,0,0,22
1956,0,3914339940,3914339920,0,0,20
1957,0,3916342130,3916342116,0,0,13
1958,0,3918344640,3918344615,0,0,24
1959,0,3920346352,3920346301,0,0,51
1960,0,3922347225,3922347183,0,0,42
1961,0,3924350049,3924350017,0,0,31
1962,0,3926353651,3926353635,0,0,15
1963,0,3928355635,3928355606,0,0,29
1964,0,3930358462,3930358439,0,0,22
1965,0,3932359333,3932359309,0,0,24
1966,0,3934362256,3934362227,0,0,29
1967,0,3936365367,3936365318,0,0,49
1968,0,3938367887,3938367829,0,0,58
1969,0,3940369099,3940369045,0,0,53
1970,0,3942371478,3942371417,0,0,60
1971,0,3944372876,3944372900,0,0,-24
1972,0,3946374455,3946374466,0,0,-11
1973,0,3948377003,3948377026,0,0,-22
1974,0,3950380395,3950380427,0,0,-32
1975,0,3952383114,3952383146,0,0,-31
1976,0,3954384204,3954384238,0,0,-33
1977,0,3956385378,3956385334,0,0,43
1978,0,3958387875,3958387841,0,0,33
1979,0,3960391201,3960391227,0,0,-26
1980,0,3962396160,3962396197,0,0,-37
1981,0,3964395862,3964395898,0,0,-36
1982,0,3966398019,3966397950,0,0,68
1983,0,3968399801,3968399775,0,0,25
1984,0,3970402676,3970402643,0,0,32
1985,0,3972404219,3972404173,0,0,45
1986,0,3974405317,3974405268,0,0,49
1987,0,3976407627,3976407593,0,0,34
1988,0,3978410350,3978410298,0,0,51
1989,0,3980413102,3980413075,0,0,26
1990,0,3982414647,3982414603,0,0,44
1991,0,3984417925,3984417888,0,0,37
1992,0,3986419835,3986419785,0,0,49
1993,0,3988421228,3988421202,0,0,25
1994,0,3990424742,3990424705,0,0,37
1995,0,3992426914,3992426869,0,0,45
1996,0,3994430242,3994430205,0,0,36
1997,0,3996431187,3996431197,0,0,-9
1998,0,3998433539,3998433540,0,0,-1
1999,0,4000435364,4000435387,0,0,-22
2000,0,4002436605,4002436642,0,0,-36
2001,0,4004438973,4004438996,0,0,-22
2002,0,4006442260,4006442216,0,0,43
2003,0,4008444534,4008444498,0,0,35
2004,0,4010447088,4010447050,0,0,38
2005,0,4012448872,4012448821,0,0,51
2006,0,4014451277,4014451223,0,0,53
2007,0,4016454376,4016454396,0,0,-20
2008,0,4018455510,4018455529,0,0,-19
2009,0,4020458018,4020457970,0,0,47
2010,0,4022460515,4022460467,0,0,47
2011,0,4024462281,4024462232,0,0,49
2012,0,4026465210,4026465121,0,0,89
2013,0,4028465724,4028465694,0,0,30
2014,0,4030468635,4030468610,0,0,24
2015,0,4032470289,4032470232,0,0,57
2016,0,4034473882,4034473863,0,0,18
2017,0,4036475966,4036475916,0,0,49
2018,0,4038477688,4038477593,0,0,95
2019,0,4040479086,4040479029,0,0,57
2020,0,4042481885,4042481835,0,0,49
2021,0,4044483727,4044483661,0,0,65
2022,0,4046487053,4046486977,0,0,76
2023,0,4048488788,4048488725,0,0,62
2024,0,4050489903,4050489833,0,0,69
2025,0,4052492325,4052492339,0,0,-14
2026,0,4054495972,4054495997,0,0,-24
2027,0,4056498148,4056498169,0,0,-21
2028,0,4058499830,4058499761,0,0,68
2029,0,4060500991,4060500940,0,0,50
2030,0,4062505065,4062505028,0,0,37
2031,0,4064507505,4064507476,0,0,29
2032,0,4066508814,4066508792,0,0,22
2033,0,4068510494,4068510446,0,0,47
2034,0,4070514215,4070514141,0,0,74
2035,0,4072516146,4072516155,0,0,-8
2036,0,4074517901,4074517896,0,0,4
2037,0,4076520825,4076520838,0,0,-13
2038,0,4078522642,4078522657,0,0,-14
2039,0,4080524347,4080524292,0,0,55
2040,0,4082525788,4082525731,0,0,57
2041,0,4084529341,4084529311,0,0,29
2042,0,4086531620,4086531586,0,0,33
2043,0,4088533264,4088533255,0,0,8
2044,0,4090535565,4090535507,0,0,57
2045,0,4092537913,4092537884,0,0,29
2046,0,4094540123,4094540077,0,0,46
2047,0,4096542179,4096542161,0,0,17
2048,0,4098543345,4098543301,0,0,44
2049,0,4100545519,4100545480,0,0,39
2050,0,4102548335,4102548283,0,0,52
2051,0,4104551064,4104551032,0,0,31
2052,0,4106552593,4106552559,0,0,34
2053,0,4108555856,4108555822,0,0,33
2054,0,4110557938,4110557860,0,0,78
2055,0,4112559888,4112559860,0,0,27
2056,0,4114561033,4114561007,0,0,25
2057,0,4116563590,4116563565,0,0,24
2058,0,4118567298,4118567282,0,0,15
2059,0,4120569293,4120569258,0,0,35
2060,0,4122572220,4122572206,0,0,13
2061,0,4124573368,4124573351,0,0,17
2062,0,4126575593,4126575627,0,0,-34
2063,0,4128578152,4128578199,0,0,-47
2064,0,4130581572,4130581564,0,0,8
2065,0,4132582664,4132582635,0,0,29
2066,0,4134584832,4134584819,0,0,13
2067,0,4136586710,4136586687,0,0,23
2068,0,4138587894,4138587870,0,0,24
2069,0,4140590002,4140590015,0,0,-13
2070,0,4142592836,4142592881,0,0,-44
2071,0,4144595632,4144595607,0,0,24
2072,0,4146597920,4146597892,0,0,28
2073,0,4148600151,4148600114,0,0,37
2074,0,4150602193,4150602238,0,0,-44
2075,0,4152603725,4152603777,0,0,-52
2076,0,4154606780,4154606728,0,0,51
2077,0,4156609022,4156608960,0,0,61
2078,0,4158611814,4158611759,0,0,55
2079,0,4160613516,4160613471,0,0,45
2080,0,4162616907,4162616917,0,0,-9
2081,0,4164618363,4164618379,0,0,-16
2082,0,4166619985,4166619976,0,0,8
2083,0,4168621375,4168621389,0,0,-14
2084,0,4170623458,4170623476,0,0,-17
2085,0,4172625895,4172625868,0,0,26
2086,0,4174628046,4174628007,0,0,38
2087,0,4176631059,4176631052,0,0,6
2088,0,4178632525,4178632490,0,0,34
2089,0,4180635661,4180635635,0,0,26
2090,0,4182637118,4182637105,0,0,12
2091,0,4184639599,4184639591,0,0,7
2092,0,4186642752,4186642745,0,0,7
2093,0,4188645617,4188645584,0,0,33
2094,0,4190646984,4190646918,0,0,65
2095,0,4192649497,4192649462,0,0,35
2096,0,4194651462,4194651469,0,0,-6
2097,0,4196653235,4196653204,0,0,31
2098,0,4198654735,4198654676,0,0,59
2099,0,4200657998,4200657960,0,0,38
2100,0,4202660034,4202660029,0,0,4
2101,0,4204661531,4204661539,0,0,-7
2102,0,4206664442,4206664429,0,0,13
2103,0,4208665630,4208665600,0,0,30
2104,0,4210667952,4210667919,0,0,33
2105,0,4212670925,4212670951,0,0,-26
2106,0,4214673564,4214673602,0,0,-37
2107,0,4216675634,4216675651,0,0,-17
2108,0,4218677132,4218677161,0,0,-28
2109,0,4220681289,4220681316,0,0,-26
2110,0,4222683076,4222683086,0,0,-10
2111,0,4224684788,4224684798,0,0,-9
2112,0,4226687157,4226687103,0,0,53
2113,0,4228689369,4228689327,0,0,42
2114,0,4230691545,4230691494,0,0,51
2115,0,4232693934,4232693962,0,0,-27
2116,0,4234695878,4234695856,0,0,22
2117,0,4236697934,4236697879,0,0,54
2118,0,4238699258,4238699177,0,0,80
2119,0,4240702463,4240702408,0,0,55
2120,0,4242704868,4242704883,0,0,-14
2121,0,4244707225,4244707244,0,0,-18
2122,0,4246709485,4246709498,0,0,-13
2123,0,4248711511,4248711471,0,0,39
2124,0,4250713725,4250713671,0,0,53
2125,0,4252715739,4252715712,0,0,26
2126,0,4254717312,4254717262,0,0,50
2127,0,4256720838,4256720786,0,0,51
2128,0,4258722383,4258722343,0,0,39
2129,0,4260723592,4260723620,0,0,-28
2130,0,4262727612,4262727598,0,0,13
2131,0,4264729128,4264729161,0,0,-33
2132,0,4266731306,4266731299,0,0,6
2133,0,4268732226,4268732251,0,0,-24
2134,0,4270734966,4270734986,0,0,-20
2135,0,4272738755,4272738784,0,0,-29
2136,0,4274740133,4274740149,0,0,-15
2137,0,4276741903,4276741924,0,0,-21
2138,0,4278744866,4278744831,0,0,35
2139,0,4280746565,4280746517,0,0,47
2140,0,4282748159,4282748150,0,0,8
2141,0,4284751332,4284751381,0,0,-49
2142,0,4286753244,4286753190,0,0,54
2143,0,4288756492,4288756468,0,0,24
2144,0,4290757968,4290757998,0,0,-29
2145,0,4292759217,4292759200,0,0,17
2146,0,4294761737,4294761689,0,0,47
2147,0,4296764958,4296764916,0,0,41
2148,0,4298767748,4298767710,0,0,38
2149,0,4300769182,4300769141,0,0,40
2150,0,4302770736,4302770618,0,0,117
2151,0,4304773417,4304773382,0,0,34
2152,0,4306774958,4306774942,0,0,15
2153,0,4308778085,4308778095,0,0,-9
2154,0,4310780339,4310780302,0,0,37
2155,0,4312782764,4312782731,0,0,33
2156,0,4314785257,4314785229,0,0,28
2157,0,4316787909,4316787925,0,0,-16
2158,0,4318788648,4318788611,0,0,37
2159,0,4320791845,4320791811,0,0,33
2160,0,4322794177,4322794166,0,0,10
2161,0,4324796195,4324796213,0,0,-17
2162,0,4326797966,4326797919,0,0,47
2163,0,4328799705,4328799660,0,0,45
2164,0,4330802292,4330802268,0,0,24
2165,0,4332803736,4332803688,0,0,47
2166,0,4334806154,4334806135,0,0,18
2167,0,4336809559,4336809494,0,0,65
2168,0,4338811245,4338811204,0,0,41
2169,0,4340813224,4340813195,0,0,29
2170,0,4342815874,4342815821,0,0,53
2171,0,4344816824,4344816783,0,0,40
2172,0,4346819369,4346819300,0,0,69
2173,0,4348823179,4348823216,0,0,-37
2174,0,4350823633,4350823656,0,0,-22
2175,0,4352826002,4352825970,0,0,31
2176,0,4354828968,4354828941,0,0,27
2177,0,4356830306,4356830287,0,0,18
2178,0,4358832741,4358832683,0,0,57
2179,0,4360835480,4360835451,0,0,29
2180,0,4362840387,4362840339,0,0,47
2181,0,4364841262,4364841235,0,0,26
2182,0,4366841780,4366841755,0,0,25
2183,0,4368844601,4368844564,0,0,37
2184,0,4370846237,4370846195,0,0,42
2185,0,4372849262,4372849236,0,0,25
2186,0,4374851671,4374851681,0,0,-10
2187,0,4376853528,4376853552,0,0,-23
2188,0,4378855008,4378855030,0,0,-21
2189,0,4380858074,4380858107,0,0,-32
2190,0,4382859398,4382859378,0,0,20
2191,0,4384863321,4384863288,0,0,33
2192,0,4386864596,4386864572,0,0,24
2193,0,4388866060,4388866020,0,0,40
2194,0,4390868668,4390868652,0,0,15
2195,0,4392871098,4392871089,0,0,8
2196,0,4394872994,4394872969,0,0,24
2197,0,4396876033,4396876027,0,0,5
2198,0,4398878177,4398878213,0,0,-35
2199,0,4400880453,4400880440,0,0,12
2200,0,4402882375,4402882411,0,0,-36
2201,0,4404883647,4404883683,0,0,-35
2202,0,4406886483,4406886535,0,0,-51
2203,0,4408889157,4408889194,0,0,-36
2204,0,4410890414,4410890428,0,0,-13
2205,0,4412894146,4412894184,0,0,-38
2206,0,4414896772,4414896795,0,0,-22
2207,0,4416898516,4416898487,0,0,29
2208,0,4418900421,4418900397,0,0,23
2209,0,4420901518,4420901471,0,0,47
2210,0,4422904063,4422904019,0,0,44
2211,0,4424907070,4424907038,0,0,31
2212,0,4426908523,4426908510,0,0,13
2213,0,4428911666,4428911639,0,0,26
2214,0,4430914064,4430914020,0,0,44
2215,0,4432916179,4432916150,0,0,29
2216,0,4434918118,4434918069,0,0,49
2217,0,4436919104,4436919089,0,0,15
2218,0,4438922320,4438922274,0,0,45
2219,0,4440925166,4440925119,0,0,47
2220,0,4442927260,4442927232,0,0,28
2221,0,4444929647,4444929622,0,0,24
2222,0,4446932025,4446932018,0,0,6
2223,0,4448934364,4448934317,0,0,47
2224,0,4450935647,4450935662,0,0,-14
2225,0,4452937348,4452937304,0,0,43
2226,0,4454940781,4454940697,0,0,83
2227,0,4456943096,4456943059,0,0,37
2228,0,4458944879,4458944834,0,0,44
2229,0,4460946198,4460946223,0,0,-24
2230,0,4462950963,4462950992,0,0,-29
2231,0,4464951749,4464951699,0,0,49
2232,0,4466953929,4466953875,0,0,53
2233,0,4468956169,4468956130,0,0,39
2234,0,4470958214,4470958179,0,0,34
2235,0,4472959449,4472959406,0,0,43
2236,0,4474962751,4474962722,0,0,29
2237,0,4476964830,4476964795,0,0,34
2238,0,4478966361,4478966331,0,0,30
2239,0,4480969278,4480969312,0,0,-34
2240,0,4482971676,4482971699,0,0,-22
2241,0,4484972616,4484972579,0,0,37
2242,0,4486975118,4486975064,0,0,53
2243,0,4488978387,4488978348,0,0,38
2244,0,4490981029,4490980997,0,0,31
2245,0,4492982968,4492982915,0,0,52
2246,0,4494985440,4494985362,0,0,77
2247,0,4496987543,4496987499,0,0,44
2248,0,4498989430,4498989395,0,0,35
2249,0,4500991777,4500991734,0,0,42
2250,0,4502993898,4502993861,0,0,37
2251,0,4504996051,4504996065,0,0,-14
2252,0,4506997293,4506997332,0,0,-39
2253,0,4509000431,4509000402,0,0,29
2254,0,4511002838,4511002810,0,0,27
2255,0,4513006083,4513006064,0,0,19
2256,0,4515008548,4515008494,0,0,53
2257,0,4517009137,4517009081,0,0,55
2258,0,4519010747,4519010730,0,0,16
2259,0,4521013593,4521013558,0,0,35
2260,0,4523015501,4523015465,0,0,36
2261,0,4525018379,4525018348,0,0,31
2262,0,4527020515,4527020463,0,0,51
2263,0,4529021614,4529021575,0,0,39
2264,0,4531023681,4531023647,0,0,33
2265,0,4533026335,4533026293,0,0,42
2266,0,4535029375,4535029348,0,0,26
2267,0,4537031038,4537031014,0,0,23
2268,0,4539034507,4539034421,0,0,85
2269,0,4541036076,4541036034,0,0,42
2270,0,4543038782,4543038757,0,0,24
2271,0,4545040344,4545040321,0,0,23
2272,0,4547041998,4547041961,0,0,36
2273,0,4549045285,4549045271,0,0,13
2274,0,4551047469,4551047410,0,0,59
2275,0,4553049433,4553049403,0,0,30
2276,0,4555052000,4555051961,0,0,38
2277,0,4557053755,4557053708,0,0,46
2278,0,4559055548,4559055523,0,0,24
2279,0,4561058760,4561058721,0,0,38
2280,0,4563062438,4563062391,0,0,47
2281,0,4565062701,4565062676,0,0,24
2282,0,4567064495,4567064451,0,0,44
2283,0,4569067415,4569067373,0,0,42
2284,0,4571070313,4571070276,0,0,37
2285,0,4573071740,4573071701,0,0,39
2286,0,4575074434,4575074378,0,0,56
2287,0,4577077121,4577077083,0,0,38
2288,0,4579079549,4579079502,0,0,47
2289,0,4581081141,4581081104,0,0,37
2290,0,4583083088,4583083071,0,0,17
2291,0,4585085080,4585085051,0,0,28
2292,0,4587087244,4587087202,0,0,42
2293,0,4589088734,4589088752,0,0,-17
2294,0,4591091463,4591091512,0,0,-49
2295,0,4593094129,4593094083,0,0,45
2296,0,4595097110,4595097052,0,0,58
2297,0,4597097608,4597097645,0,0,-37
2298,0,4599100730,4599100767,0,0,-37
2299,0,4601102905,4601102878,0,0,26
2300,0,4603104921,4603104877,0,0,43
2301,0,4605106283,4605106246,0,0,37
2302,0,4607110956,4607110899,0,0,56
2303,0,4609111782,4609111723,0,0,58
2304,0,4611114344,4611114324,0,0,20
2305,0,4613115588,4613115603,0,0,-14
2306,0,4615118858,4615118851,0,0,7
2307,0,4617121319,4617121266,0,0,53
2308,0,4619123437,4619123394,0,0,42
2309,0,4621125230,4621125213,0,0,17
2310,0,4623128088,4623128049,0,0,39
2311,0,4625129737,4625129662,0,0,74
2312,0,4627132049,4627132060,0,0,-11
2313,0,4629133993,4629134010,0,0,-17
2314,0,4631136618,4631136633,0,0,-14
2315,0,4633138469,4633138422,0,0,47
2316,0,4635140958,4635140924,0,0,33
2317,0,4637143222,4637143191,0,0,31
2318,0,4639146313,4639146262,0,0,50
2319,0,4641147430,4641147447,0,0,-16
2320,0,4643150110,4643150130,0,0,-20
2321,0,4645151853,4645151795,0,0,58
2322,0,4647154782,4647154734,0,0,47
2323,0,4649156244,4649156211,0,0,33
2324,0,4651158877,4651158833,0,0,43
2325,0,4653160528,4653160569,0,0,-40
2326,0,4655161976,4655162015,0,0,-39
2327,0,4657165739,4657165731,0,0,8
2328,0,4659167912,4659167874,0,0,37
2329,0,4661169606,4661169585,0,0,21
2330,0,4663173215,4663173180,0,0,34
2331,0,4665174453,4665174426,0,0,26
2332,0,4667176674,4667176640,0,0,33
2333,0,4669178549,4669178537,0,0,12
2334,0,4671181034,4671181043,0,0,-8
2335,0,4673183114,4673183101,0,0,13
2336,0,4675185071,4675185047,0,0,24
2337,0,4677186674,4677186658,0,0,15
2338,0,4679189519,4679189498,0,0,20
2339,0,4681190860,4681190836,0,0,24
2340,0,4683194560,4683194537,0,0,23
2341,0,4685196252,4685196245,0,0,6
2342,0,4687197280,4687197245,0,0,35
2343,0,4689200123,4689200100,0,0,23
2344,0,4691202717,4691202734,0,0,-16
2345,0,4693204426,4693204456,0,0,-29
2346,0,4695207723,4695207771,0,0,-48
2347,0,4697209581,4697209556,0,0,24
2348,0,4699210871,4699210861,0,0,9
2349,0,4701213065,4701213042,0,0,22
2350,0,4703216222,4703216179,0,0,42
2351,0,4705218422,4705218361,0,0,60
2352,0,4707221440,4707221404,0,0,35
2353,0,4709223060,4709223018,0,0,41
2354,0,4711225691,4711225638,0,0,52
2355,0,4713227508,4713227444,0,0,63
2356,0,4715229600,4715229546,0,0,53
2357,0,4717231910,4717231879,0,0,31
2358,0,4719234277,4719234200,0,0,77
2359,0,4721236620,4721236566,0,0,53
2360,0,4723238610,4723238555,0,0,54
2361,0,4725241255,4725241229,0,0,25
2362,0,4727243172,4727243138,0,0,33
2363,0,4729245246,4729245197,0,0,49
2364,0,4731247488,4731247437,0,0,51
2365,0,4733248931,4733248886,0,0,44
2366,0,4735253149,4735253081,0,0,67
2367,0,4737254226,4737254197,0,0,29
2368,0,4739256385,4739256331,0,0,53
2369,0,4741258609,4741258574,0,0,35
2370,0,4743260714,4743260710,0,0,4
2371,0,4745263332,4745263339,0,0,-6
2372,0,4747265847,4747265858,0,0,-11
2373,0,4749267548,4749267524,0,0,23
2374,0,4751269832,4751269798,0,0,33
2375,0,4753271705,4753271728,0,0,-22
2376,0,4755273458,4755273422,0,0,35
2377,0,4757276492,4757276461,0,0,30
2378,0,4759279098,4759279063,0,0,35
2379,0,4761280967,4761280932,0,0,34
2380,0,4763284185,4763284205,0,0,-20
2381,0,4765284183,4765284226,0,0,-42
2382,0,4767287636,4767287602,0,0,33
2383,0,4769289887,4769289849,0,0,37
2384,0,4771292024,4771291954,0,0,70
2385,0,4773293930,4773293882,0,0,47
2386,0,4775295449,4775295429,0,0,20
2387,0,4777298817,4777298786,0,0,31
2388,0,4779300818,4779300767,0,0,51
2389,0,4781302611,4781302586,0,0,24
2390,0,4783305299,4783305341,0,0,-41
2391,0,4785307549,4785307523,0,0,26
2392,0,4787309525,4787309512,0,0,13
2393,0,4789311229,4789311242,0,0,-13
2394,0,4791314719,4791314757,0,0,-38
2395,0,4793316852,4793316889,0,0,-37
2396,0,4795318687,4795318647,0,0,39
2397,0,4797321118,4797321081,0,0,36
2398,0,4799324766,4799324746,0,0,20
2399,0,4801326421,4801326412,0,0,8
2400,0,4803327923,4803327885,0,0,37
2401,0,4805329885,4805329865,0,0,19
2402,0,4807332074,4807332040,0,0,34
2403,0,4809334007,4809333970,0,0,37
2404,0,4811335656,4811335675,0,0,-19
2405,0,4813338470,4813338512,0,0,-41
2406,0,4815340596,4815340579,0,0,17
2407,0,4817343001,4817342977,0,0,23
2408,0,4819344563,4819344489,0,0,74
2409,0,4821347840,4821347825,0,0,15
2410,0,4823350013,4823349977,0,0,35
2411,0,4825352497,4825352465,0,0,32
2412,0,4827354179,4827354114,0,0,64
2413,0,4829355788,4829355804,0,0,-16
2414,0,4831359528,4831359548,0,0,-20
2415,0,4833360771,4833360804,0,0,-32
2416,0,4835363229,4835363265,0,0,-35
2417,0,4837365487,4837365458,0,0,28
2418,0,4839368015,4839367998,0,0,17
2419,0,4841369812,4841369793,0,0,18
2420,0,4843372134,4843372125,0,0,8
2421,0,4845374791,4845374775,0,0,16
2422,0,4847376923,4847376869,0,0,53
2423,0,4849378697,4849378739,0,0,-41
2424,0,4851380752,4851380762,0,0,-9
2425,0,4853382083,4853382119,0,0,-35
2426,0,4855384361,4855384347,0,0,14
2427,0,4857386769,4857386728,0,0,41
2428,0,4859389900,4859389844,0,0,55
2429,0,4861390984,4861390938,0,0,46
2430,0,4863395118,4863395040,0,0,77
2431,0,4865398208,4865398159,0,0,49
2432,0,4867398954,4867398916,0,0,37
2433,0,4869401266,4869401223,0,0,42
2434,0,4871403344,4871403312,0,0,31
2435,0,4873405494,4873405462,0,0,31
2436,0,4875408244,4875408212,0,0,31
2437,0,4877409861,4877409917,0,0,-56
2438,0,4879412101,4879412132,0,0,-31
2439,0,4881414074,4881414098,0,0,-24
2440,0,4883415658,4883415600,0,0,57
2441,0,4885419177,4885419143,0,0,33
2442,0,4887420636,4887420644,0,0,-8
2443,0,4889421961,4889421986,0,0,-25
2444,0,4891424448,4891424475,0,0,-26
2445,0,4893427752,4893427791,0,0,-39
2446,0,4895430285,4895430312,0,0,-27
2447,0,4897433804,4897433853,0,0,-49
2448,0,4899434515,4899434566,0,0,-51
2449,0,4901435495,4901435534,0,0,-39
2450,0,4903437778,4903437821,0,0,-42
2451,0,4905439901,4905439950,0,0,-48
2452,0,4907442314,4907442325,0,0,-10
2453,0,4909445340,4909445368,0,0,-27
2454,0,4911447031,4911446964,0,0,67
2455,0,4913450725,4913450703,0,0,21
2456,0,4915452094,4915452037,0,0,57
2457,0,4917453917,4917453870,0,0,47
2458,0,4919457028,4919456963,0,0,65
2459,0,4921458791,4921458752,0,0,38
2460,0,4923461202,4923461166,0,0,35
2461,0,4925463447,4925463413,0,0,33
2462,0,4927466447,4927466393,0,0,53
2463,0,4929469980,4929469950,0,0,29
2464,0,4931470062,4931470044,0,0,18
2465,0,4933472688,4933472667,0,0,20
2466,0,4935474668,4935474625,0,0,42
2467,0,4937477051,4937477044,0,0,7
2468,0,4939479226,4939479185,0,0,41
2469,0,4941481080,4941481056,0,0,24
2470,0,4943482494,4943482471,0,0,23
2471,0,4945485260,4945485247,0,0,13
2472,0,4947487140,4947487094,0,0,45
2473,0,4949490559,4949490521,0,0,37
2474,0,4951492124,4951492105,0,0,19
2475,0,4953493463,4953493505,0,0,-41
2476,0,4955496478,4955496523,0,0,-44
2477,0,4957497943,4957497961,0,0,-17
2478,0,4959501697,4959501669,0,0,28
2479,0,4961505475,4961505422,0,0,53
2480,0,4963506836,4963506788,0,0,47
2481,0,4965507931,4965507889,0,0,42
2482,0,4967510294,4967510265,0,0,28
2483,0,4969512632,4969512583,0,0,49
2484,0,4971514611,4971514647,0,0,-35
2485,0,4973517213,4973517154,0,0,58
2486,0,4975519035,4975518972,0,0,63
2487,0,4977521438,4977521379,0,0,58
2488,0,4979522937,4979522951,0,0,-13
2489,0,4981524622,4981524656,0,0,-33
2490,0,4983527723,4983527744,0,0,-21
2491,0,4985529127,4985529082,0,0,44
2492,0,4987532406,4987532370,0,0,36
2493,0,4989534746,4989534705,0,0,40
2494,0,4991537096,4991537053,0,0,43
2495,0,4993540535,4993540491,0,0,44
2496,0,4995541485,4995541444,0,0,40
2497,0,4997543209,4997543175,0,0,33
2498,0,4999544611,4999544623,0,0,-12
2499,0,5001548033,5001548060,0,0,-26
2500,0,5003550395,5003550404,0,0,-8
2501,0,5005552104,5005552130,0,0,-26
2502,0,5007553874,5007553877,0,0,-2
2503,0,5009556685,5009556652,0,0,32
2504,0,5011559170,5011559093,0,0,76
2505,0,5013561233,5013561224,0,0,8
2506,0,5015563420,5015563397,0,0,22
2507,0,5017565403,5017565368,0,0,35
2508,0,5019566844,5019566821,0,0,23
2509,0,5021569968,5021569937,0,0,31
2510,0,5023571470,5023571488,0,0,-17
2511,0,5025576370,5025576336,0,0,33
2512,0,5027577176,5027577152,0,0,23
2513,0,5029579150,5029579139,0,0,11
2514,0,5031581606,5031581569,0,0,37
2515,0,5033584038,5033584011,0,0,26
2516,0,5035585831,5035585805,0,0,25
2517,0,5037587797,5037587775,0,0,22
2518,0,5039589237,5039589213,0,0,24
2519,0,5041592483,5041592524,0,0,-40
2520,0,5043595040,5043595000,0,0,40
2521,0,5045597101,5045597069,0,0,31
2522,0,5047599053,5047599013,0,0,40
2523,0,5049601318,5049601269,0,0,49
2524,0,5051603341,5051603288,0,0,53
2525,0,5053604369,5053604328,0,0,41
2526,0,5055607543,5055607476,0,0,66
2527,0,5057611302,5057611272,0,0,29
2528,0,5059612379,5059612345,0,0,33
2529,0,5061614450,5061614435,0,0,14
2530,0,5063617617,5063617586,0,0,30
2531,0,5065619085,5065619066,0,0,19
2532,0,5067621388,5067621347,0,0,41
2533,0,5069623319,5069623282,0,0,37
2534,0,5071625198,5071625139,0,0,59
2535,0,5073627907,5073627885,0,0,22
2536,0,5075630341,5075630261,0,0,79
2537,0,5077632469,5077632431,0,0,38
2538,0,5079634735,5079634700,0,0,35
2539,0,5081636932,5081636896,0,0,36
2540,0,5083639301,5083639250,0,0,50
2541,0,5085641492,5085641454,0,0,37
2542,0,5087643983,5087643916,0,0,67
2543,0,5089646683,5089646708,0,0,-25
2544,0,5091647757,5091647712,0,0,45
2545,0,5093648880,5093648856,0,0,23
2546,0,5095651887,5095651927,0,0,-40
2547,0,5097654675,5097654712,0,0,-37
2548,0,5099657069,5099657056,0,0,13
2549,0,5101659422,5101659447,0,0,-24
2550,0,5103661584,5103661606,0,0,-21
2551,0,5105663684,5105663725,0,0,-40
2552,0,5107665553,5107665579,0,0,-25
2553,0,5109667244,5109667272,0,0,-28
2554,0,5111670212,5111670177,0,0,35
2555,0,5113672231,5113672207,0,0,23
2556,0,5115673730,5115673680,0,0,49
2557,0,5117676818,5117676831,0,0,-13
2558,0,5119678305,5119678343,0,0,-38
2559,0,5121681352,5121681333,0,0,18
2560,0,5123683166,5123683135,0,0,31
2561,0,5125684829,5125684793,0,0,35
2562,0,5127688397,5127688360,0,0,37
2563,0,5129690952,5129690922,0,0,29
2564,0,5131692599,5131692546,0,0,53
2565,0,5133694456,5133694485,0,0,-28
2566,0,5135695889,5135695864,0,0,25
2567,0,5137699031,5137699006,0,0,25
2568,0,5139700532,5139700498,0,0,33
2569,0,5141703525,5141703476,0,0,49
2570,0,5143705348,5143705331,0,0,17
2571,0,5145708171,5145708161,0,0,10
2572,0,5147710204,5147710238,0,0,-33
2573,0,5149712452,5149712483,0,0,-31
2574,0,5151714921,5151714953,0,0,-31
2575,0,5153718537,5153718503,0,0,33
2576,0,5155721370,5155721348,0,0,21
2577,0,5157721402,5157721388,0,0,13
2578,0,5159723701,5159723663,0,0,37
2579,0,5161725811,5161725780,0,0,31
2580,0,5163729666,5163729630,0,0,35
2581,0,5165730557,5165730518,0,0,39
2582,0,5167732295,5167732265,0,0,30
2583,0,5169734042,5169734075,0,0,-32
2584,0,5171736857,5171736888,0,0,-31
2585,0,5173738128,5173738156,0,0,-28
2586,0,5175740303,5175740276,0,0,26
2587,0,5177742311,5177742300,0,0,11
2588,0,5179745155,5179745166,0,0,-11
2589,0,5181748168,5181748207,0,0,-38
2590,0,5183750723,5183750766,0,0,-42
2591,0,5185752334,5185752301,0,0,33
2592,0,5187754711,5187754684,0,0,26
2593,0,5189756764,5189756729,0,0,35
2594,0,5191758182,5191758143,0,0,38
2595,0,5193760402,5193760391,0,0,10
2596,0,5195763628,5195763582,0,0,45
2597,0,5197766024,5197765993,0,0,31
2598,0,5199768260,5199768224,0,0,35
2599,0,5201770427,5201770409,0,0,17
2600,0,5203772984,5203772929,0,0,55
2601,0,5205774773,5205774740,0,0,32
2602,0,5207776801,5207776766,0,0,35
2603,0,5209778011,5209777991,0,0,20
2604,0,5211781076,5211781021,0,0,54
2605,0,5213783822,5213783784,0,0,37
2606,0,5215786346,5215786333,0,0,12
2607,0,5217788967,5217788908,0,0,58
2608,0,5219791325,5219791285,0,0,40
2609,0,5221792615,5221792580,0,0,34
2610,0,5223795026,5223795036,0,0,-10
2611,0,5225796951,5225796969,0,0,-17
2612,0,5227798080,5227798022,0,0,57
2613,0,5229800669,5229800643,0,0,25
2614,0,5231804424,5231804387,0,0,37
2615,0,5233806568,5233806528,0,0,40
2616,0,5235808632,5235808598,0,0,33
2617,0,5237810495,5237810469,0,0,25
2618,0,5239812200,5239812151,0,0,48
2619,0,5241813589,5241813561,0,0,27
2620,0,5243815889,5243815842,0,0,47
2621,0,5245818248,5245818254,0,0,-6
2622,0,5247821945,5247821956,0,0,-11
2623,0,5249824073,5249824047,0,0,25
2624,0,5251825715,5251825723,0,0,-8
2625,0,5253827493,5253827469,0,0,23
2626,0,5255830647,5255830653,0,0,-6
2627,0,5257833056,5257833048,0,0,7
2628,0,5259834818,5259834752,0,0,66
2629,0,5261836049,5261836060,0,0,-11
2630,0,5263840625,5263840537,0,0,87
2631,0,5265841453,5265841395,0,0,58
2632,0,5267842792,5267842718,0,0,74
2633,0,5269846002,5269845952,0,0,50
2634,0,5271847464,5271847404,0,0,60
2635,0,5273850402,5273850343,0,0,58
2636,0,5275852912,5275852865,0,0,46
2637,0,5277855260,5277855211,0,0,49
2638,0,5279857157,5279857098,0,0,59
2639,0,5281859275,5281859222,0,0,53
2640,0,5283861654,5283861602,0,0,51
2641,0,5285864402,5285864352,0,0,49
2642,0,5287866229,5287866149,0,0,79
2643,0,5289868201,5289868191,0,0,10
2644,0,5291870170,5291870188,0,0,-17
2645,0,5293871852,5293871818,0,0,33
2646,0,5295875352,5295875321,0,0,31
2647,0,5297877085,5297877026,0,0,58
2648,0,5299879248,5299879198,0,0,49
2649,0,5301880610,5301880557,0,0,53
2650,0,5303883896,5303883833,0,0,63
2651,0,5305886146,5305886108,0,0,37
2652,0,5307888512,5307888426,0,0,86
2653,0,5309891152,5309891127,0,0,25
2654,0,5311893176,5311893123,0,0,53
2655,0,5313894726,5313894739,0,0,-13
2656,0,5315896741,5315896761,0,0,-19
2657,0,5317898543,5317898567,0,0,-24
2658,0,5319901840,5319901822,0,0,17
2659,0,5321904125,5321904079,0,0,46
2660,0,5323906345,5323906310,0,0,34
2661,0,5325908633,5325908572,0,0,61
2662,0,5327910591,5327910533,0,0,57
2663,0,5329912530,5329912555,0,0,-24
2664,0,5331913716,5331913687,0,0,29
2665,0,5333916216,5333916244,0,0,-28
2666,0,5335919256,5335919220,0,0,36
2667,0,5337920977,5337920943,0,0,33
2668,0,5339923939,5339923903,0,0,35
2669,0,5341926188,5341926168,0,0,20
2670,0,5343928266,5343928231,0,0,34
2671,0,5345931185,5345931159,0,0,26
2672,0,5347933754,5347933730,0,0,24
2673,0,5349934806,5349934833,0,0,-26
2674,0,5351936065,5351936105,0,0,-39
2675,0,5353938651,5353938687,0,0,-36
2676,0,5355941761,5355941697,0,0,64
2677,0,5357943222,5357943182,0,0,39
2678,0,5359945979,5359945962,0,0,17
2679,0,5361947096,5361947063,0,0,32
2680,0,5363951688,5363951651,0,0,37
2681,0,5365952648,5365952675,0,0,-26
2682,0,5367953887,5367953910,0,0,-22
2683,0,5369956253,5369956289,0,0,-35
2684,0,5371959672,5371959665,0,0,7
2685,0,5373961802,5373961839,0,0,-36
2686,0,5375964458,5375964471,0,0,-12
2687,0,5377966490,5377966532,0,0,-41
2688,0,5379969510,5379969477,0,0,33
2689,0,5381970449,5381970429,0,0,19
2690,0,5383971887,5383971827,0,0,59
2691,0,5385975087,5385975050,0,0,37
2692,0,5387976994,5387976959,0,0,35
2693,0,5389978394,5389978431,0,0,-36
2694,0,5391981021,5391981071,0,0,-50
2695,0,5393983984,5393983950,0,0,33
2696,0,5395985743,5395985712,0,0,31
2697,0,5397987346,5397987309,0,0,36
2698,0,5399990751,5399990714,0,0,37
2699,0,5401992718,5401992711,0,0,6
2700,0,5403995125,5403995165,0,0,-39
2701,0,5405997415,5405997433,0,0,-17
2702,0,5407999444,5407999430,0,0,13
2703,0,5410001130,5410001102,0,0,27
2704,0,5412004894,5412004858,0,0,35
2705,0,5414005173,5414005133,0,0,40
2706,0,5416008997,5416008937,0,0,59
2707,0,5418010725,5418010694,0,0,31
2708,0,5420013033,5420013018,0,0,15
2709,0,5422014343,5422014327,0,0,15
2710,0,5424017471,5424017438,0,0,33
2711,0,5426019600,5426019582,0,0,17
2712,0,5428021546,5428021509,0,0,36
2713,0,5430023040,5430023030,0,0,10
2714,0,5432026251,5432026217,0,0,33
2715,0,5434028229,5434028202,0,0,26
2716,0,5436029772,5436029728,0,0,43
2717,0,5438033135,5438033175,0,0,-39
2718,0,5440035280,5440035240,0,0,40
2719,0,5442037389,5442037365,0,0,24
2720,0,5444040420,5444040395,0,0,24
2721,0,5446040604,5446040570,0,0,33
2722,0,5448042982,5448042923,0,0,59
2723,0,5450046026,5450045992,0,0,33
2724,0,5452047577,5452047518,0,0,59
2725,0,5454050658,5454050684,0,0,-25
2726,0,5456053638,5456053616,0,0,21
2727,0,5458056150,5458056121,0,0,28
2728,0,5460057240,5460057231,0,0,8
2729,0,5462058761,5462058776,0,0,-15
2730,0,5464063197,5464063211,0,0,-14
2731,0,5466064586,5466064611,0,0,-25
2732,0,5468066373,5468066339,0,0,33
2733,0,5470068535,5470068500,0,0,35
2734,0,5472070688,5472070657,0,0,31
2735,0,5474073730,5474073698,0,0,31
2736,0,5476076341,5476076294,0,0,46
2737,0,5478077321,5478077298,0,0,23
2738,0,5480078439,5480078415,0,0,24
2739,0,5482080720,5482080699,0,0,20
2740,0,5484082902,5484082945,0,0,-42
2741,0,5486085407,5486085426,0,0,-18
2742,0,5488087916,5488087859,0,0,57
2743,0,5490090687,5490090629,0,0,57
2744,0,5492092830,5492092784,0,0,46
2745,0,5494094034,5494094044,0,0,-10
2746,0,5496096637,5496096660,0,0,-22
2747,0,5498099704,5498099732,0,0,-28
2748,0,5500102012,5500101955,0,0,57
2749,0,5502104146,5502104112,0,0,34
2750,0,5504106400,5504106361,0,0,38
2751,0,5506109287,5506109248,0,0,38
2752,0,5508111067,5508110994,0,0,72
2753,0,5510114024,5510114047,0,0,-22
2754,0,5512115379,5512115354,0,0,25
2755,0,5514117211,5514117229,0,0,-17
2756,0,5516118799,5516118752,0,0,47
2757,0,5518121677,5518121647,0,0,30
2758,0,5520123229,5520123180,0,0,49
2759,0,5522126076,5522126047,0,0,29
2760,0,5524127517,5524127453,0,0,63
2761,0,5526129683,5526129635,0,0,47
2762,0,5528132192,5528132177,0,0,14
2763,0,5530135348,5530135373,0,0,-24
2764,0,5532136613,5532136619,0,0,-6
2765,0,5534139404,5534139433,0,0,-29
2766,0,5536141125,5536141084,0,0,40
2767,0,5538145252,5538145198,0,0,53
2768,0,5540147251,5540147258,0,0,-6
2769,0,5542148206,5542148161,0,0,44
2770,0,5544150083,5544150024,0,0,58
2771,0,5546152562,5546152503,0,0,59
2772,0,5548154563,5548154577,0,0,-13
2773,0,5550157275,5550157288,0,0,-13
2774,0,5552158685,5552158597,0,0,87
2775,0,5554162449,5554162380,0,0,69
2776,0,5556164337,5556164288,0,0,49
2777,0,5558166408,5558166421,0,0,-13
2778,0,5560169060,5560169085,0,0,-24
2779,0,5562170550,5562170501,0,0,49
2780,0,5564173714,5564173684,0,0,29
2781,0,5566175445,5566175421,0,0,24
2782,0,5568177672,5568177695,0,0,-22
2783,0,5570180530,5570180552,0,0,-22
2784,0,5572183528,5572183555,0,0,-27
2785,0,5574185075,5574185053,0,0,21
2786,0,5576186503,5576186532,0,0,-29
2787,0,5578188735,5578188695,0,0,40
2788,0,5580191080,5580191020,0,0,59
2789,0,5582193284,5582193252,0,0,31
2790,0,5584195658,5584195605,0,0,53
2791,0,5586197999,5586197959,0,0,39
2792,0,5588199774,5588199724,0,0,49
2793,0,5590202503,5590202460,0,0,43
2794,0,5592204517,5592204528,0,0,-11
2795,0,5594206346,5594206366,0,0,-20
2796,0,5596209273,5596209287,0,0,-13
2797,0,5598210557,5598210582,0,0,-24
2798,0,5600212447,5600212439,0,0,8
2799,0,5602215197,5602215163,0,0,33
2800,0,5604216988,5604216959,0,0,28
2801,0,5606220711,5606220663,0,0,47
2802,0,5608221978,5608221946,0,0,32
2803,0,5610224742,5610224715,0,0,26
2804,0,5612226912,5612226897,0,0,14
2805,0,5614229443,5614229400,0,0,43
2806,0,5616230662,5616230698,0,0,-35
2807,0,5618231881,5618231918,0,0,-36
2808,0,5620234487,5620234521,0,0,-34
2809,0,5622237629,5622237594,0,0,35
2810,0,5624239747,5624239723,0,0,23
2811,0,5626241734,5626241716,0,0,17
2812,0,5628243369,5628243408,0,0,-39
2813,0,5630246797,5630246826,0,0,-28
2814,0,5632248988,5632248968,0,0,20
2815,0,5634250667,5634250633,0,0,33
2816,0,5636252035,5636252068,0,0,-33
2817,0,5638255044,5638255081,0,0,-37
2818,0,5640257253,5640257245,0,0,7
2819,0,5642260722,5642260694,0,0,28
2820,0,5644262935,5644262908,0,0,26
2821,0,5646263942,5646263952,0,0,-9
2822,0,5648265434,5648265465,0,0,-31
2823,0,5650268643,5650268620,0,0,23
2824,0,5652271060,5652271108,0,0,-48
2825,0,5654273187,5654273126,0,0,60
2826,0,5656274685,5656274680,0,0,5
2827,0,5658277577,5658277584,0,0,-7
2828,0,5660279882,5660279849,0,0,33
2829,0,5662282084,5662282135,0,0,-51
2830,0,5664285903,5664285933,0,0,-30
2831,0,5666287238,5666287221,0,0,17
2832,0,5668289014,5668288986,0,0,27
2833,0,5670292352,5670292314,0,0,37
2834,0,5672293107,5672293132,0,0,-25
2835,0,5674294707,5674294669,0,0,37
2836,0,5676298184,5676298176,0,0,7
2837,0,5678299885,5678299863,0,0,21
2838,0,5680302042,5680302001,0,0,40
2839,0,5682303211,5682303192,0,0,18
2840,0,5684306667,5684306631,0,0,35
2841,0,5686308797,5686308771,0,0,25
2842,0,5688311306,5688311292,0,0,13
2843,0,5690313085,5690313067,0,0,17
2844,0,5692315200,5692315181,0,0,19
2845,0,5694316490,5694316480,0,0,10
2846,0,5696319013,5696318955,0,0,57
2847,0,5698321949,5698321924,0,0,24
2848,0,5700323441,5700323415,0,0,25
2849,0,5702327622,5702327568,0,0,53
2850,0,5704329115,5704329086,0,0,29
2851,0,5706331065,5706331026,0,0,39
2852,0,5708333141,5708333190,0,0,-49
2853,0,5710335334,5710335324,0,0,10
2854,0,5712336910,5712336878,0,0,32
2855,0,5714339880,5714339844,0,0,35
2856,0,5716342367,5716342318,0,0,49
2857,0,5718344376,5718344337,0,0,39
2858,0,5720346550,5720346527,0,0,22
2859,0,5722348929,5722348903,0,0,25
2860,0,5724351274,5724351232,0,0,41
2861,0,5726353532,5726353486,0,0,45
2862,0,5728355838,5728355757,0,0,81
2863,0,5730357928,5730357903,0,0,25
2864,0,5732359828,5732359812,0,0,15
2865,0,5734362049,5734362036,0,0,13
2866,0,5736363660,5736363640,0,0,19
2867,0,5738366544,5738366516,0,0,27
2868,0,5740369290,5740369239,0,0,51
2869,0,5742371049,5742370993,0,0,56
2870,0,5744373765,5744373718,0,0,47
2871,0,5746375471,5746375401,0,0,69
2872,0,5748377326,5748377267,0,0,59
2873,0,5750378732,5750378668,0,0,63
2874,0,5752381217,5752381185,0,0,31
2875,0,5754384384,5754384332,0,0,51
2876,0,5756386596,5756386625,0,0,-29
2877,0,5758389266,5758389287,0,0,-21
2878,0,5760391530,5760391541,0,0,-11
2879,0,5762393275,5762393238,0,0,37
2880,0,5764396732,5764396757,0,0,-24
2881,0,5766398571,5766398537,0,0,33
2882,0,5768400152,5768400105,0,0,46
2883,0,5770401775,5770401807,0,0,-31
2884,0,5772403485,5772403442,0,0,42
2885,0,5774406560,5774406531,0,0,29
2886,0,5776408112,5776408026,0,0,85
2887,0,5778411516,5778411473,0,0,43
2888,0,5780413110,5780413042,0,0,68
2889,0,5782414863,5782414809,0,0,53
2890,0,5784417671,5784417650,0,0,20
2891,0,5786418934,5786418894,0,0,39
2892,0,5788422328,5788422307,0,0,20
2893,0,5790424292,5790424266,0,0,25
2894,0,5792426461,5792426390,0,0,71
2895,0,5794429926,5794429889,0,0,37
2896,0,5796431245,5796431215,0,0,30
2897,0,5798434519,5798434500,0,0,18
2898,0,5800436069,5800436023,0,0,45
2899,0,5802437651,5802437611,0,0,39
2900,0,5804440166,5804440197,0,0,-31
2901,0,5806442323,5806442285,0,0,37
2902,0,5808444683,5808444653,0,0,29
2903,0,5810446806,5810446756,0,0,50
2904,0,5812449471,5812449447,0,0,23
2905,0,5814451494,5814451418,0,0,76
2906,0,5816453329,5816453294,0,0,35
2907,0,5818456168,5818456132,0,0,36
2908,0,5820458013,5820457949,0,0,63
2909,0,5822459993,5822460013,0,0,-19
2910,0,5824462246,5824462175,0,0,70
2911,0,5826462988,5826462948,0,0,40
2912,0,5828465640,5828465598,0,0,41
2913,0,5830468788,5830468817,0,0,-29
2914,0,5832470584,5832470533,0,0,51
2915,0,5834473616,5834473577,0,0,39
2916,0,5836475545,5836475574,0,0,-29
2917,0,5838477721,5838477734,0,0,-13
2918,0,5840478976,5840478985,0,0,-8
2919,0,5842481401,5842481350,0,0,51
2920,0,5844484924,5844484846,0,0,78
2921,0,5846486588,5846486541,0,0,47
2922,0,5848488094,5848488069,0,0,24
2923,0,5850491017,5850490969,0,0,47
2924,0,5852493067,5852493029,0,0,38
2925,0,5854495858,5854495835,0,0,23
2926,0,5856497790,5856497754,0,0,35
2927,0,5858500628,5858500602,0,0,25
2928,0,5860503113,5860503151,0,0,-38
2929,0,5862504364,5862504345,0,0,18
2930,0,5864507640,5864507619,0,0,20
2931,0,5866508642,5866508618,0,0,23
2932,0,5868510256,5868510225,0,0,30
2933,0,5870513441,5870513428,0,0,13
2934,0,5872515737,5872515682,0,0,55
2935,0,5874519233,5874519200,0,0,32
2936,0,5876521049,5876521035,0,0,13
2937,0,5878522148,5878522172,0,0,-24
2938,0,5880523735,5880523770,0,0,-35
2939,0,5882527156,5882527139,0,0,17
2940,0,5884529632,5884529579,0,0,52
2941,0,5886531185,5886531159,0,0,25
2942,0,5888533352,5888533298,0,0,54
2943,0,5890534441,5890534414,0,0,26
2944,0,5892536820,5892536803,0,0,16
2945,0,5894539841,5894539812,0,0,29
2946,0,5896543887,5896543838,0,0,49
2947,0,5898544221,5898544210,0,0,11
2948,0,5900545759,5900545717,0,0,42
2949,0,5902548959,5902548915,0,0,43
2950,0,5904550184,5904550130,0,0,53
2951,0,5906552464,5906552433,0,0,30
2952,0,5908556041,5908555975,0,0,65
2953,0,5910557765,5910557730,0,0,35
2954,0,5912559165,5912559141,0,0,24
2955,0,5914562284,5914562260,0,0,24
2956,0,5916564773,5916564753,0,0,19
2957,0,5918566828,5918566817,0,0,11
2958,0,5920569332,5920569296,0,0,35
2959,0,5922571437,5922571460,0,0,-22
2960,0,5924573390,5924573406,0,0,-15
2961,0,5926575460,5926575494,0,0,-33
2962,0,5928579123,5928579179,0,0,-55
2963,0,5930579955,5930579922,0,0,33
2964,0,5932581417,5932581371,0,0,45
2965,0,5934585048,5934585091,0,0,-42
2966,0,5936587100,5936587138,0,0,-38
2967,0,5938589073,5938589086,0,0,-13
2968,0,5940590968,5940590993,0,0,-24
2969,0,5942592847,5942592889,0,0,-41
2970,0,5944595960,5944596005,0,0,-44
2971,0,5946597660,5946597687,0,0,-26
2972,0,5948599323,5948599377,0,0,-54
2973,0,5950602659,5950602710,0,0,-50
2974,0,5952604777,5952604766,0,0,11
2975,0,5954607130,5954607104,0,0,25
2976,0,5956609159,5956609134,0,0,24
2977,0,5958611501,5958611462,0,0,38
2978,0,5960614453,5960614411,0,0,42
2979,0,5962614694,5962614660,0,0,33
2980,0,5964618271,5964618247,0,0,23
2981,0,5966620415,5966620389,0,0,25
2982,0,5968622751,5968622719,0,0,32
2983,0,5970624935,5970624972,0,0,-36
2984,0,5972626752,5972626797,0,0,-44
2985,0,5974628310,5974628299,0,0,10
2986,0,5976631275,5976631233,0,0,42
2987,0,5978633721,5978633707,0,0,13
2988,0,5980636305,5980636316,0,0,-11
2989,0,5982637668,5982637615,0,0,53
2990,0,5984639255,5984639186,0,0,69
2991,0,5986643997,5986643930,0,0,67
2992,0,5988646035,5988646042,0,0,-6
2993,0,5990646968,5990646982,0,0,-13
2994,0,5992650130,5992650115,0,0,15
2995,0,5994651064,5994651082,0,0,-17
2996,0,5996652804,5996652786,0,0,17
2997,0,5998655482,5998655451,0,0,30
2998,0,6000657698,6000657649,0,0,49
2999,0,6002660260,6002660285,0,0,-24
3000,0,6004662474,6004662483,0,0,-8
3001,0,6006664640,6006664673,0,0,-33
3002,0,6008666760,6008666745,0,0,15
3003,0,6010668476,6010668511,0,0,-34
3004,0,6012671664,6012671633,0,0,31
3005,0,6014673771,6014673747,0,0,24
3006,0,6016675863,6016675824,0,0,39
3007,0,6018678069,6018678035,0,0,33
3008,0,6020680435,6020680401,0,0,34
3009,0,6022682624,6022682601,0,0,23
3010,0,6024685894,6024685855,0,0,39
3011,0,6026686912,6026686878,0,0,33
3012,0,6028689247,6028689211,0,0,35
3013,0,6030691269,6030691307,0,0,-38
3014,0,6032692507,6032692548,0,0,-40
3015,0,6034696013,6034696056,0,0,-42
3016,0,6036697568,6036697580,0,0,-11
3017,0,6038699776,6038699794,0,0,-17
3018,0,6040702393,6040702408,0,0,-14
3019,0,6042704002,6042704040,0,0,-38
3020,0,6044706934,6044707007,0,0,-73
3021,0,6046709094,6046709123,0,0,-29
3022,0,6048710422,6048710435,0,0,-13
3023,0,6050714222,6050714228,0,0,-6
3024,0,6052716035,6052716051,0,0,-15
3025,0,6054718383,6054718417,0,0,-34
3026,0,6056721215,6056721159,0,0,56
3027,0,6058721470,6058721445,0,0,24
3028,0,6060724802,6060724764,0,0,38
3029,0,6062726220,6062726235,0,0,-15
3030,0,6064730611,6064730597,0,0,14
3031,0,6066731146,6066731141,0,0,4
3032,0,6068732114,6068732140,0,0,-26
3033,0,6070734627,6070734637,0,0,-9
3034,0,6072737364,6072737313,0,0,50
3035,0,6074740287,6074740248,0,0,39
3036,0,6076742899,6076742853,0,0,45
3037,0,6078745413,6078745373,0,0,39
3038,0,6080747482,6080747394,0,0,87
3039,0,6082749309,6082749322,0,0,-13
3040,0,6084751262,6084751271,0,0,-8
3041,0,6086752739,6086752668,0,0,70
3042,0,6088757366,6088757323,0,0,43
3043,0,6090758216,6090758179,0,0,37
3044,0,6092760521,6092760475,0,0,45
3045,0,6094763096,6094763052,0,0,43
3046,0,6096765193,6096765107,0,0,85
3047,0,6098766907,6098766855,0,0,52
3048,0,6100768041,6100767964,0,0,77
3049,0,6102770229,6102770173,0,0,55
3050,0,6104772754,6104772700,0,0,53
3051,0,6106776080,6106776028,0,0,51
3052,0,6108778134,6108778166,0,0,-32
3053,0,6110780500,6110780535,0,0,-35
3054,0,6112782883,6112782869,0,0,13
3055,0,6114784554,6114784566,0,0,-12
3056,0,6116787343,6116787363,0,0,-19
3057,0,6118789186,6118789151,0,0,35
3058,0,6120791926,6120791937,0,0,-11
3059,0,6122793359,6122793300,0,0,59
3060,0,6124795054,6124795005,0,0,49
3061,0,6126797972,6126797952,0,0,20
3062,0,6128799594,6128799536,0,0,58
3063,0,6130802582,6130802526,0,0,55
3064,0,6132804906,6132804881,0,0,24
3065,0,6134807319,6134807286,0,0,32
3066,0,6136809796,6136809743,0,0,53
3067,0,6138811412,6138811383,0,0,29
3068,0,6140813225,6140813200,0,0,24
3069,0,6142814853,6142814816,0,0,37
3070,0,6144817419,6144817433,0,0,-14
3071,0,6146820606,6146820555,0,0,51
3072,0,6148822532,6148822504,0,0,27
3073,0,6150824034,6150824006,0,0,28
3074,0,6152828289,6152828247,0,0,41
3075,0,6154829280,6154829259,0,0,21
3076,0,6156831854,6156831831,0,0,23
3077,0,6158833751,6158833737,0,0,13
3078,0,6160836764,6160836717,0,0,47
3079,0,6162838000,6162837953,0,0,47
3080,0,6164841275,6164841215,0,0,59
3081,0,6166842755,6166842714,0,0,41
3082,0,6168845087,6168845052,0,0,35
3083,0,6170847173,6170847141,0,0,31
3084,0,6172849499,6172849471,0,0,28
3085,0,6174852060,6174852042,0,0,17
3086,0,6176854193,6176854163,0,0,29
3087,0,6178856966,6178856941,0,0,24
3088,0,6180859464,6180859450,0,0,13
3089,0,6182860193,6182860213,0,0,-20
3090,0,6184863082,6184863036,0,0,45
3091,0,6186864724,6186864704,0,0,20
3092,0,6188866427,6188866453,0,0,-26
3093,0,6190869120,6190869103,0,0,17
3094,0,6192870644,6192870614,0,0,30
3095,0,6194874670,6194874655,0,0,15
3096,0,6196875600,6196875552,0,0,47
3097,0,6198876951,6198876937,0,0,13
3098,0,6200879824,6200879817,0,0,6
3099,0,6202882766,6202882747,0,0,19
3100,0,6204885042,6204885000,0,0,42
3101,0,6206886905,6206886878,0,0,26
3102,0,6208888343,6208888278,0,0,65
3103,0,6210890483,6210890428,0,0,55
3104,0,6212893576,6212893527,0,0,49
3105,0,6214894966,6214894910,0,0,55
3106,0,6216899371,6216899326,0,0,44
3107,0,6218901038,6218900984,0,0,53
3108,0,6220903197,6220903173,0,0,24
3109,0,6222904998,6222904951,0,0,47
3110,0,6224907107,6224907073,0,0,33
3111,0,6226909433,6226909397,0,0,35
3112,0,6228911817,6228911804,0,0,13
3113,0,6230914285,6230914264,0,0,20
3114,0,6232916278,6232916267,0,0,10
3115,0,6234918125,6234918174,0,0,-49
3116,0,6236919506,6236919569,0,0,-62
3117,0,6238922872,6238922845,0,0,26
3118,0,6240924932,6240924893,0,0,39
3119,0,6242927620,6242927569,0,0,50
3120,0,6244929961,6244929922,0,0,38
3121,0,6246931608,6246931571,0,0,36
3122,0,6248933168,6248933123,0,0,44
3123,0,6250937617,6250937571,0,0,46
3124,0,6252938923,6252938892,0,0,31
3125,0,6254940567,6254940559,0,0,8
3126,0,6256942816,6256942784,0,0,31
3127,0,6258945802,6258945764,0,0,37
3128,0,6260947391,6260947355,0,0,35
3129,0,6262948674,6262948637,0,0,37
3130,0,6264953576,6264953538,0,0,38
3131,0,6266954069,6266954032,0,0,37
3132,0,6268956132,6268956080,0,0,51
3133,0,6270958205,6270958170,0,0,35
3134,0,6272959964,6272959925,0,0,38
3135,0,6274962794,6274962813,0,0,-18
3136,0,6276964913,6276964905,0,0,8
3137,0,6278966224,6278966233,0,0,-8
3138,0,6280968790,6280968743,0,0,47
3139,0,6282971388,6282971344,0,0,44
3140,0,6284973238,6284973197,0,0,40
3141,0,6286975927,6286975869,0,0,57
3142,0,6288977472,6288977457,0,0,15
3143,0,6290980255,6290980243,0,0,11
3144,0,6292981923,6292981940,0,0,-17
3145,0,6294984970,6294985004,0,0,-34
3146,0,6296986440,6296986485,0,0,-44
3147,0,6298990125,6298990138,0,0,-12
3148,0,6300991528,6300991496,0,0,31
3149,0,6302993096,6302993049,0,0,47
3150,0,6304995634,6304995582,0,0,51
3151,0,6306999249,6306999207,0,0,41
3152,0,6309000891,6309000842,0,0,49
3153,0,6311003211,6311003159,0,0,51
3154,0,6313005205,6313005149,0,0,56
3155,0,6315008462,6315008435,0,0,26
3156,0,6317009978,6317009986,0,0,-8
3157,0,6319011631,6319011668,0,0,-37
3158,0,6321013334,6321013346,0,0,-11
3159,0,6323016448,6323016478,0,0,-29
3160,0,6325018385,6325018413,0,0,-27
3161,0,6327020703,6327020662,0,0,40
3162,0,6329023321,6329023289,0,0,32
3163,0,6331025289,6331025259,0,0,29
3164,0,6333027746,6333027705,0,0,41
3165,0,6335029918,6335029903,0,0,14
3166,0,6337032044,6337031991,0,0,53
3167,0,6339034389,6339034422,0,0,-32
3168,0,6341036175,6341036302,0,0,-126
3169,0,6343038523,6343038557,0,0,-33
3170,0,6345040883,6345040899,0,0,-15
3171,0,6347044103,6347044077,0,0,25
3172,0,6349045430,6349045404,0,0,25
3173,0,6351047205,6351047170,0,0,34
3174,0,6353048413,6353048339,0,0,74
3175,0,6355050898,6355050871,0,0,27
3176,0,6357053608,6357053649,0,0,-40
3177,0,6359055245,6359055226,0,0,19
3178,0,6361058344,6361058306,0,0,38
3179,0,6363059680,6363059647,0,0,33
3180,0,6365064319,6365064277,0,0,42
3181,0,6367065240,6367065198,0,0,42
3182,0,6369067398,6369067411,0,0,-12
3183,0,6371070141,6371070103,0,0,37
3184,0,6373071771,6373071729,0,0,42
3185,0,6375073128,6375073092,0,0,35
3186,0,6377076591,6377076552,0,0,38
3187,0,6379079144,6379079101,0,0,43
3188,0,6381079613,6381079565,0,0,47
3189,0,6383082308,6383082288,0,0,20
3190,0,6385085074,6385085051,0,0,23
3191,0,6387086578,6387086529,0,0,49
3192,0,6389090040,6389090003,0,0,36
3193,0,6391091907,6391091864,0,0,43
3194,0,6393094426,6393094379,0,0,47
3195,0,6395095968,6395095934,0,0,34
3196,0,6397097841,6397097791,0,0,50
3197,0,6399100968,6399100979,0,0,-11
3198,0,6401103544,6401103483,0,0,60
3199,0,6403104959,6403104931,0,0,28
3200,0,6405106415,6405106390,0,0,25
3201,0,6407109721,6407109692,0,0,29
3202,0,6409112270,6409112200,0,0,70
3203,0,6411114993,6411114971,0,0,21
3204,0,6413116184,6413116156,0,0,27
3205,0,6415117516,6415117480,0,0,35
3206,0,6417121157,6417121103,0,0,53
3207,0,6419122946,6419122975,0,0,-28
3208,0,6421125337,6421125276,0,0,60
3209,0,6423127546,6423127520,0,0,25
3210,0,6425130333,6425130314,0,0,18
3211,0,6427131606,6427131582,0,0,23
3212,0,6429133478,6429133448,0,0,29
3213,0,6431136777,6431136746,0,0,30
3214,0,6433138961,6433138991,0,0,-29
3215,0,6435141170,6435141224,0,0,-54
3216,0,6437142721,6437142774,0,0,-53
3217,0,6439144440,6439144429,0,0,11
3218,0,6441148127,6441148088,0,0,38
3219,0,6443150732,6443150723,0,0,8
3220,0,6445152246,6445152211,0,0,35
3221,0,6447153858,6447153898,0,0,-39
3222,0,6449154890,6449154903,0,0,-13
3223,0,6451157584,6451157561,0,0,23
3224,0,6453160674,6453160642,0,0,31
3225,0,6455161808,6455161783,0,0,25
3226,0,6457164030,6457163999,0,0,31
3227,0,6459166862,6459166835,0,0,26
3228,0,6461169976,6461169969,0,0,6
3229,0,6463171618,6463171599,0,0,18
3230,0,6465175017,6465175000,0,0,16
3231,0,6467176420,6467176398,0,0,21
3232,0,6469179047,6469179032,0,0,15
3233,0,6471181341,6471181311,0,0,30
3234,0,6473183616,6473183611,0,0,5
3235,0,6475186158,6475186201,0,0,-42
3236,0,6477187397,6477187365,0,0,31
3237,0,6479188970,6479188943,0,0,26
3238,0,6481191698,6481191653,0,0,45
3239,0,6483193402,6483193358,0,0,44
3240,0,6485196422,6485196414,0,0,8
3241,0,6487198706,6487198650,0,0,56
3242,0,6489200871,6489200827,0,0,44
3243,0,6491202802,6491202751,0,0,50
3244,0,6493204632,6493204591,0,0,41
3245,0,6495207806,6495207768,0,0,38
3246,0,6497210798,6497210731,0,0,67
3247,0,6499214080,6499214042,0,0,37
3248,0,6501214966,6501214995,0,0,-29
3249,0,6503215534,6503215559,0,0,-24
3250,0,6505219394,6505219424,0,0,-29
3251,0,6507220676,6507220694,0,0,-17
3252,0,6509223179,6509223200,0,0,-20
3253,0,6511225324,6511225283,0,0,40
3254,0,6513227756,6513227690,0,0,65
3255,0,6515230935,6515230903,0,0,32
3256,0,6517232671,6517232632,0,0,39
3257,0,6519233451,6519233413,0,0,38
3258,0,6521236533,6521236495,0,0,38
3259,0,6523239155,6523239118,0,0,37
3260,0,6525241165,6525241118,0,0,47
3261,0,6527243797,6527243779,0,0,17
3262,0,6529245401,6529245317,0,0,83
3263,0,6531247466,6531247422,0,0,43
3264,0,6533248676,6533248646,0,0,29
3265,0,6535251080,6535251036,0,0,43
3266,0,6537254694,6537254633,0,0,60
3267,0,6539256497,6539256453,0,0,44
3268,0,6541259635,6541259606,0,0,29
3269,0,6543259895,6543259844,0,0,51
3270,0,6545263213,6545263219,0,0,-6
3271,0,6547265838,6547265791,0,0,47
3272,0,6549267645,6549267599,0,0,45
3273,0,6551268802,6551268758,0,0,43
3274,0,6553272553,6553272513,0,0,40
3275,0,6555274406,6555274379,0,0,26
3276,0,6557276979,6557276954,0,0,25
3277,0,6559278943,6559278901,0,0,41
3278,0,6561280960,6561280911,0,0,49
3279,0,6563283124,6563283095,0,0,29
3280,0,6565286539,6565286512,0,0,26
3281,0,6567287994,6567287961,0,0,32
3282,0,6569289907,6569289878,0,0,29
3283,0,6571291930,6571291910,0,0,20
3284,0,6573294211,6573294168,0,0,43
3285,0,6575296383,6575296359,0,0,24
3286,0,6577297907,6577297930,0,0,-22
3287,0,6579300914,6579300924,0,0,-9
3288,0,6581303343,6581303372,0,0,-29
3289,0,6583305958,6583305989,0,0,-31
3290,0,6585307528,6585307507,0,0,21
3291,0,6587308860,6587308800,0,0,59
3292,0,6589312306,6589312256,0,0,49
3293,0,6591314275,6591314248,0,0,26
3294,0,6593316818,6593316840,0,0,-21
3295,0,6595318601,6595318636,0,0,-35
3296,0,6597319581,6597319604,0,0,-22
3297,0,6599322342,6599322357,0,0,-14
3298,0,6601325488,6601325528,0,0,-39
3299,0,6603327538,6603327553,0,0,-15
3300,0,6605330090,6605330082,0,0,8
3301,0,6607332135,6607332103,0,0,31
3302,0,6609334679,6609334687,0,0,-8
3303,0,6611336566,6611336530,0,0,35
3304,0,6613338523,6613338568,0,0,-45
3305,0,6615339820,6615339789,0,0,30
3306,0,6617342579,6617342539,0,0,40
3307,0,6619345202,6619345173,0,0,29
3308,0,6621346817,6621346763,0,0,54
3309,0,6623350346,6623350327,0,0,18
3310,0,6625352202,6625352173,0,0,29
3311,0,6627355130,6627355113,0,0,17
3312,0,6629356405,6629356417,0,0,-12
3313,0,6631358035,6631357999,0,0,35
3314,0,6633361793,6633361734,0,0,58
3315,0,6635363541,6635363520,0,0,20
3316,0,6637366523,6637366490,0,0,32
3317,0,6639367694,6639367664,0,0,30
3318,0,6641370844,6641370855,0,0,-11
3319,0,6643372689,6643372661,0,0,27
3320,0,6645374534,6645374489,0,0,45
3321,0,6647375618,6647375581,0,0,37
3322,0,6649379170,6649379140,0,0,30
3323,0,6651381096,6651381044,0,0,51
3324,0,6653383288,6653383251,0,0,37
3325,0,6655385475,6655385447,0,0,27
3326,0,6657387710,6657387725,0,0,-15
3327,0,6659390033,6659389986,0,0,47
3328,0,6661391959,6661391939,0,0,19
3329,0,6663393655,6663393602,0,0,53
3330,0,6665397860,6665397895,0,0,-34
3331,0,6667398902,6667398925,0,0,-23
3332,0,6669401258,6669401191,0,0,67
3333,0,6671403195,6671403124,0,0,71
3334,0,6673405287,6673405235,0,0,52
3335,0,6675407261,6675407210,0,0,51
3336,0,6677409099,6677409018,0,0,80
3337,0,6679411164,6679411128,0,0,35
3338,0,6681413398,6681413381,0,0,17
3339,0,6683416921,6683416867,0,0,53
3340,0,6685419243,6685419182,0,0,60
3341,0,6687420882,6687420851,0,0,30
3342,0,6689422505,6689422467,0,0,38
3343,0,6691425700,6691425649,0,0,51
3344,0,6693428006,6693427965,0,0,40
3345,0,6695430238,6695430253,0,0,-14
3346,0,6697432408,6697432394,0,0,13
3347,0,6699434265,6699434274,0,0,-8
3348,0,6701436492,6701436526,0,0,-34
3349,0,6703438094,6703438067,0,0,26
3350,0,6705441142,6705441121,0,0,21
3351,0,6707443288,6707443321,0,0,-33
3352,0,6709445862,6709445842,0,0,19
3353,0,6711447633,6711447667,0,0,-34
3354,0,6713448805,6713448843,0,0,-38
3355,0,6715451275,6715451250,0,0,24
3356,0,6717454775,6717454767,0,0,8
3357,0,6719456697,6719456688,0,0,8
3358,0,6721459088,6721459058,0,0,30
3359,0,6723461072,6723461047,0,0,25
3360,0,6725463876,6725463860,0,0,15
3361,0,6727465885,6727465861,0,0,24
3362,0,6729468039,6729468002,0,0,37
3363,0,6731470169,6731470137,0,0,32
3364,0,6733472301,6733472336,0,0,-35
3365,0,6735474487,6735474463,0,0,24
3366,0,6737475875,6737475861,0,0,13
3367,0,6739478033,6739478012,0,0,20
3368,0,6741481298,6741481258,0,0,39
3369,0,6743483153,6743483138,0,0,15
3370,0,6745485361,6745485352,0,0,8
3371,0,6747487469,6747487464,0,0,5
3372,0,6749489652,6749489624,0,0,27
3373,0,6751492268,6751492240,0,0,27
3374,0,6753494201,6753494123,0,0,77
3375,0,6755496188,6755496137,0,0,51
3376,0,6757498783,6757498738,0,0,44
3377,0,6759500653,6759500595,0,0,57
3378,0,6761503640,6761503629,0,0,10
3379,0,6763505647,6763505666,0,0,-19
3380,0,6765508557,6765508582,0,0,-25
3381,0,6767509431,6767509452,0,0,-21
3382,0,6769512336,6769512360,0,0,-24
3383,0,6771514383,6771514307,0,0,75
3384,0,6773515552,6773515512,0,0,39
3385,0,6775517744,6775517696,0,0,47
3386,0,6777519992,6777519952,0,0,39
3387,0,6779522253,6779522219,0,0,33
3388,0,6781524229,6781524179,0,0,50
3389,0,6783526721,6783526696,0,0,25
3390,0,6785529270,6785529206,0,0,64
3391,0,6787532065,6787532032,0,0,32
3392,0,6789533211,6789533151,0,0,60
3393,0,6791535591,6791535557,0,0,33
3394,0,6793537986,6793537960,0,0,26
3395,0,6795541082,6795541050,0,0,31
3396,0,6797543184,6797543154,0,0,29
3397,0,6799544621,6799544573,0,0,47
3398,0,6801546729,6801546742,0,0,-13
3399,0,6803549258,6803549274,0,0,-15
3400,0,6805552282,6805552226,0,0,56
3401,0,6807553671,6807553644,0,0,27
3402,0,6809557285,6809557245,0,0,40
3403,0,6811559620,6811559581,0,0,38
3404,0,6813561121,6813561091,0,0,30
3405,0,6815562553,6815562521,0,0,31
3406,0,6817566137,6817566061,0,0,75
3407,0,6819568449,6819568399,0,0,49
3408,0,6821570022,6821570071,0,0,-49
3409,0,6823571079,6823571114,0,0,-34
3410,0,6825573632,6825573591,0,0,40
3411,0,6827576705,6827576682,0,0,22
3412,0,6829579099,6829579078,0,0,20
3413,0,6831580966,6831580948,0,0,17
3414,0,6833582545,6833582576,0,0,-31
3415,0,6835586443,6835586458,0,0,-15
3416,0,6837588202,6837588215,0,0,-13
3417,0,6839590005,6839589969,0,0,35
3418,0,6841591394,6841591367,0,0,26
3419,0,6843594483,6843594471,0,0,11
3420,0,6845596107,6845596090,0,0,16
3421,0,6847599355,6847599325,0,0,29
3422,0,6849601566,6849601518,0,0,47
3423,0,6851604235,6851604251,0,0,-15
3424,0,6853605534,6853605559,0,0,-24
3425,0,6855606887,6855606906,0,0,-19
3426,0,6857609357,6857609347,0,0,9
3427,0,6859612186,6859612213,0,0,-26
3428,0,6861614501,6861614546,0,0,-44
3429,0,6863615838,6863615783,0,0,54
3430,0,6865619710,6865619660,0,0,49
3431,0,6867621054,6867621008,0,0,46
3432,0,6869622457,6869622426,0,0,31
3433,0,6871624801,6871624773,0,0,28
3434,0,6873628032,6873628007,0,0,24
3435,0,6875630025,6875630056,0,0,-30
3436,0,6877631024,6877631035,0,0,-11
3437,0,6879633551,6879633602,0,0,-51
3438,0,6881636063,6881635997,0,0,66
3439,0,6883639096,6883639066,0,0,30
3440,0,6885641434,6885641467,0,0,-33
3441,0,6887643548,6887643597,0,0,-49
3442,0,6889645951,6889645924,0,0,26
3443,0,6891647957,6891647934,0,0,22
3444,0,6893650652,6893650629,0,0,23
3445,0,6895653880,6895653851,0,0,29
3446,0,6897654706,6897654660,0,0,45
3447,0,6899657258,6899657200,0,0,58
3448,0,6901659148,6901659121,0,0,26
3449,0,6903661808,6903661766,0,0,42
3450,0,6905663319,6905663281,0,0,38
3451,0,6907665431,6907665406,0,0,25
3452,0,6909668167,6909668130,0,0,37
3453,0,6911670411,6911670382,0,0,29
3454,0,6913672312,6913672271,0,0,40
3455,0,6915673604,6915673558,0,0,45
3456,0,6917676932,6917676894,0,0,37
3457,0,6919679258,6919679239,0,0,19
3458,0,6921681928,6921681873,0,0,55
3459,0,6923683487,6923683525,0,0,-37
3460,0,6925685074,6925685029,0,0,45
3461,0,6927688773,6927688720,0,0,53
3462,0,6929689876,6929689812,0,0,63
3463,0,6931692550,6931692501,0,0,49
3464,0,6933694806,6933694720,0,0,85
3465,0,6935696876,6935696914,0,0,-38
3466,0,6937698314,6937698276,0,0,38
3467,0,6939701450,6939701403,0,0,47
3468,0,6941703849,6941703823,0,0,26
3469,0,6943705654,6943705615,0,0,39
3470,0,6945707546,6945707525,0,0,20
3471,0,6947710875,6947710842,0,0,33
3472,0,6949712114,6949712087,0,0,27
3473,0,6951713834,6951713820,0,0,14
3474,0,6953717289,6953717340,0,0,-51
3475,0,6955719212,6955719257,0,0,-44
3476,0,6957721647,6957721666,0,0,-18
3477,0,6959724543,6959724566,0,0,-22
3478,0,6961726022,6961725966,0,0,55
3479,0,6963728123,6963728094,0,0,29
3480,0,6965731644,6965731594,0,0,49
3481,0,6967731631,6967731586,0,0,44
3482,0,6969734778,6969734747,0,0,31
3483,0,6971736804,6971736766,0,0,38
3484,0,6973738418,6973738372,0,0,46
3485,0,6975741629,6975741620,0,0,8
3486,0,6977744234,6977744186,0,0,47
3487,0,6979745985,6979745948,0,0,37
3488,0,6981748083,6981748134,0,0,-51
3489,0,6983750337,6983750320,0,0,17
3490,0,6985752629,6985752638,0,0,-8
3491,0,6987754868,6987754840,0,0,27
3492,0,6989757377,6989757348,0,0,29
3493,0,6991760392,6991760368,0,0,23
3494,0,6993761316,6993761288,0,0,28
3495,0,6995762510,6995762501,0,0,8
3496,0,6997765193,6997765157,0,0,35
3497,0,6999767896,6999767930,0,0,-34
3498,0,7001769690,7001769726,0,0,-35
3499,0,7003772573,7003772604,0,0,-31
3500,0,7005775069,7005775091,0,0,-21
3501,0,7007777437,7007777389,0,0,47
3502,0,7009779885,7009779817,0,0,67
3503,0,7011781943,7011781894,0,0,49
3504,0,7013783383,7013783336,0,0,47
3505,0,7015784935,7015784892,0,0,43
3506,0,7017788080,7017788031,0,0,49
3507,0,7019789641,7019789601,0,0,40
3508,0,7021792703,7021792683,0,0,20
3509,0,7023794852,7023794808,0,0,44
3510,0,7025797146,7025797139,0,0,6
3511,0,7027799258,7027799275,0,0,-17
3512,0,7029801451,7029801479,0,0,-27
3513,0,7031803809,7031803765,0,0,44
3514,0,7033805696,7033805715,0,0,-19
3515,0,7035807390,7035807381,0,0,8
3516,0,7037810763,7037810773,0,0,-9
3517,0,7039812526,7039812471,0,0,54
3518,0,7041814177,7041814140,0,0,37
3519,0,7043817176,7043817152,0,0,23
3520,0,7045820195,7045820174,0,0,20
3521,0,7047821568,7047821509,0,0,58
3522,0,7049824037,7049824058,0,0,-20
3523,0,7051826105,7051826124,0,0,-19
3524,0,7053828414,7053828368,0,0,45
3525,0,7055831366,7055831334,0,0,31
3526,0,7057831574,7057831520,0,0,53
3527,0,7059833651,7059833620,0,0,30
3528,0,7061836829,7061836789,0,0,39
3529,0,7063839288,7063839231,0,0,57
3530,0,7065842164,7065842109,0,0,55
3531,0,7067843734,7067843761,0,0,-26
3532,0,7069845840,7069845813,0,0,26
3533,0,7071847360,7071847346,0,0,13
3534,0,7073850511,7073850458,0,0,53
3535,0,7075853757,7075853794,0,0,-36
3536,0,7077855614,7077855589,0,0,24
3537,0,7079856144,7079856119,0,0,24
3538,0,7081858756,7081858690,0,0,65
3539,0,7083861496,7083861466,0,0,29
3540,0,7085863764,7085863731,0,0,32
3541,0,7087866550,7087866506,0,0,44
3542,0,7089868393,7089868344,0,0,49
3543,0,7091870280,7091870233,0,0,47
3544,0,7093871669,7093871644,0,0,24
3545,0,7095874912,7095874942,0,0,-29
3546,0,7097877373,7097877333,0,0,39
3547,0,7099879289,7099879265,0,0,24
3548,0,7101881519,7101881466,0,0,52
3549,0,7103883232,7103883211,0,0,20
3550,0,7105886246,7105886192,0,0,53
3551,0,7107888086,7107888049,0,0,37
3552,0,7109889422,7109889393,0,0,29
3553,0,7111891724,7111891678,0,0,45
3554,0,7113895136,7113895148,0,0,-11
3555,0,7115897083,7115897109,0,0,-25
3556,0,7117899488,7117899503,0,0,-15
3557,0,7119901507,7119901525,0,0,-17
3558,0,7121903000,7121902936,0,0,63
3559,0,7123906445,7123906382,0,0,62
3560,0,7125908090,7125908015,0,0,75
3561,0,7127909448,7127909413,0,0,35
3562,0,7129911501,7129911461,0,0,40
3563,0,7131913889,7131913856,0,0,33
3564,0,7133917237,7133917199,0,0,38
3565,0,7135919332,7135919311,0,0,20
3566,0,7137920369,7137920331,0,0,38
3567,0,7139923640,7139923616,0,0,23
3568,0,7141925804,7141925843,0,0,-39
3569,0,7143927159,7143927136,0,0,22
3570,0,7145930092,7145930064,0,0,27
3571,0,7147933076,7147933047,0,0,29
3572,0,7149934721,7149934688,0,0,32
3573,0,7151937204,7151937235,0,0,-31
3574,0,7153939502,7153939462,0,0,39
3575,0,7155942741,7155942697,0,0,44
3576,0,7157945598,7157945611,0,0,-12
3577,0,7159946531,7159946495,0,0,35
3578,0,7161948287,7161948253,0,0,33
3579,0,7163950631,7163950604,0,0,27
3580,0,7165954653,7165954623,0,0,29
3581,0,7167955555,7167955542,0,0,13
3582,0,7169957454,7169957411,0,0,43
3583,0,7171959794,7171959741,0,0,52
3584,0,7173961660,7173961626,0,0,33
3585,0,7175964017,7175963982,0,0,35
3586,0,7177966619,7177966575,0,0,44
3587,0,7179969285,7179969260,0,0,24
3588,0,7181971224,7181971185,0,0,39
3589,0,7183973991,7183973960,0,0,31
3590,0,7185974863,7185974886,0,0,-22
3591,0,7187976798,7187976847,0,0,-48
3592,0,7189979285,7189979251,0,0,34
3593,0,7191980655,7191980686,0,0,-31
3594,0,7193983822,7193983885,0,0,-62
3595,0,7195985232,7195985215,0,0,17
3596,0,7197989008,7197988961,0,0,47
3597,0,7199990640,7199990617,0,0,23
3598,0,7201991868,7201991819,0,0,49
3599,0,7203994734,7203994694,0,0,40
3600,0,7205996266,7205996245,0,0,20
3601,0,7207999584,7207999570,0,0,13
3602,0,7210001862,7210001840,0,0,22
3603,0,7212002570,7212002532,0,0,37
3604,0,7214005312,7214005273,0,0,38
3605,0,7216009431,7216009421,0,0,9
3606,0,7218010702,7218010658,0,0,43
3607,0,7220012538,7220012577,0,0,-39
3608,0,7222013692,7222013655,0,0,36
3609,0,7224015963,7224015930,0,0,33
3610,0,7226018355,7226018387,0,0,-32
3611,0,7228020912,7228020950,0,0,-38
3612,0,7230024777,7230024756,0,0,20
3613,0,7232026474,7232026460,0,0,13
3614,0,7234028609,7234028579,0,0,29
3615,0,7236030374,7236030391,0,0,-17
3616,0,7238031660,7238031805,0,0,-144
3617,0,7240034334,7240034361,0,0,-27
3618,0,7242037982,7242037993,0,0,-11
3619,0,7244039197,7244039225,0,0,-28
3620,0,7246040670,7246040673,0,0,-2
3621,0,7248042961,7248042991,0,0,-29
3622,0,7250046209,7250046182,0,0,27
3623,0,7252048373,7252048346,0,0,27
3624,0,7254050838,7254050816,0,0,22
3625,0,7256052634,7256052601,0,0,33
3626,0,7258054267,7258054239,0,0,27
3627,0,7260057150,7260057112,0,0,37
3628,0,7262058885,7262058872,0,0,13
3629,0,7264061981,7264061937,0,0,43
3630,0,7266064424,7266064385,0,0,39
3631,0,7268067328,7268067283,0,0,44
3632,0,7270069292,7270069242,0,0,49
3633,0,7272070730,7272070682,0,0,47
3634,0,7274074607,7274074629,0,0,-21
3635,0,7276075248,7276075277,0,0,-29
3636,0,7278077649,7278077679,0,0,-29
3637,0,7280079806,7280079773,0,0,33
3638,0,7282083462,7282083455,0,0,7
3639,0,7284085051,7284085000,0,0,51
3640,0,7286087238,7286087203,0,0,35
3641,0,7288088513,7288088465,0,0,47
3642,0,7290090847,7290090833,0,0,13
3643,0,7292092973,7292092938,0,0,35
3644,0,7294095415,7294095384,0,0,31
3645,0,7296097368,7296097332,0,0,35
3646,0,7298099055,7298098977,0,0,78
3647,0,7300102045,7300101998,0,0,47
3648,0,7302103586,7302103600,0,0,-14
3649,0,7304105155,7304105180,0,0,-25
3650,0,7306107630,7306107617,0,0,13
3651,0,7308110564,7308110589,0,0,-24
3652,0,7310111641,7310111594,0,0,47
3653,0,7312114265,7312114209,0,0,56
3654,0,7314118030,7314118013,0,0,17
3655,0,7316119647,7316119577,0,0,69
3656,0,7318121642,7318121610,0,0,31
3657,0,7320123003,7320122936,0,0,67
3658,0,7322125402,7322125362,0,0,39
3659,0,7324128366,7324128299,0,0,67
3660,0,7326129980,7326130007,0,0,-26
3661,0,7328131993,7328132015,0,0,-22
3662,0,7330135426,7330135422,0,0,4
3663,0,7332137650,7332137669,0,0,-19
3664,0,7334139732,7334139679,0,0,53
3665,0,7336141602,7336141626,0,0,-24
3666,0,7338143287,7338143280,0,0,6
3667,0,7340146182,7340146145,0,0,37
3668,0,7342147443,7342147464,0,0,-20
3669,0,7344149785,7344149743,0,0,41
3670,0,7346154096,7346154045,0,0,50
3671,0,7348154766,7348154717,0,0,49
3672,0,7350156833,7350156778,0,0,55
3673,0,7352159568,7352159544,0,0,23
3674,0,7354160762,7354160714,0,0,48
3675,0,7356163029,7356162995,0,0,33
3676,0,7358165379,7358165310,0,0,69
3677,0,7360167859,7360167811,0,0,47
3678,0,7362170950,7362170882,0,0,67
3679,0,7364172977,7364172931,0,0,45
3680,0,7366176772,7366176789,0,0,-17
3681,0,7368177502,7368177523,0,0,-20
3682,0,7370179568,7370179578,0,0,-9
3683,0,7372181082,7372181110,0,0,-28
3684,0,7374184271,7374184258,0,0,13
3685,0,7376186539,7376186494,0,0,45
3686,0,7378189424,7378189378,0,0,45
3687,0,7380189702,7380189666,0,0,35
3688,0,7382193264,7382193191,0,0,72
3689,0,7384195038,7384195044,0,0,-6
3690,0,7386196356,7386196391,0,0,-34
3691,0,7388199222,7388199247,0,0,-24
3692,0,7390202087,7390202053,0,0,33
3693,0,7392204465,7392204491,0,0,-25
3694,0,7394206334,7394206357,0,0,-22
3695,0,7396209372,7396209348,0,0,23
3696,0,7398211505,7398211464,0,0,41
3697,0,7400213640,7400213602,0,0,37
3698,0,7402215436,7402215408,0,0,27
3699,0,7404217347,7404217392,0,0,-44
3700,0,7406218937,7406218970,0,0,-33
3701,0,7408222187,7408222164,0,0,23
3702,0,7410225549,7410225528,0,0,21
3703,0,7412226986,7412227002,0,0,-15
3704,0,7414228889,7414228929,0,0,-39
3705,0,7416230788,7416230817,0,0,-29
3706,0,7418232184,7418232217,0,0,-32
3707,0,7420235062,7420235107,0,0,-44
3708,0,7422236544,7422236552,0,0,-7
3709,0,7424239760,7424239803,0,0,-42
3710,0,7426242208,7426242337,0,0,-128
3711,0,7428243936,7428243970,0,0,-34
3712,0,7430245642,7430245683,0,0,-40
3713,0,7432248755,7432248784,0,0,-28
3714,0,7434251566,7434251512,0,0,53
3715,0,7436253577,7436253536,0,0,40
3716,0,7438255187,7438255148,0,0,38
3717,0,7440257191,7440257161,0,0,29
3718,0,7442260976,7442260916,0,0,59
3719,0,7444262040,7444262022,0,0,18
3720,0,7446264391,7446264348,0,0,42
3721,0,7448266400,7448266367,0,0,33
3722,0,7450268127,7450268102,0,0,24
3723,0,7452271120,7452271105,0,0,15
3724,0,7454272995,7454272968,0,0,26
3725,0,7456274333,7456274293,0,0,40
3726,0,7458276359,7458276327,0,0,32
3727,0,7460279629,7460279602,0,0,26
3728,0,7462281716,7462281744,0,0,-28
3729,0,7464283037,7464283029,0,0,8
3730,0,7466287036,7466287006,0,0,29
3731,0,7468288462,7468288451,0,0,10
3732,0,7470289891,7470289849,0,0,41
3733,0,7472292071,7472292049,0,0,22
3734,0,7474296116,7474296080,0,0,35
3735,0,7476297399,7476297372,0,0,26
3736,0,7478300249,7478300232,0,0,17
3737,0,7480302025,7480301991,0,0,34
3738,0,7482304311,7482304294,0,0,17
3739,0,7484307669,7484307640,0,0,29
3740,0,7486309076,7486309029,0,0,47
3741,0,7488310769,7488310754,0,0,15
3742,0,7490312280,7490312242,0,0,37
3743,0,7492315895,7492315874,0,0,20
3744,0,7494317554,7494317528,0,0,25
3745,0,7496319133,7496319104,0,0,29
3746,0,7498322208,7498322182,0,0,26
3747,0,7500324194,7500324229,0,0,-35
3748,0,7502325505,7502325476,0,0,29
3749,0,7504327881,7504327874,0,0,7
3750,0,7506331939,7506331883,0,0,56
3751,0,7508332224,7508332182,0,0,42
3752,0,7510335781,7510335752,0,0,29
3753,0,7512337433,7512337384,0,0,49
3754,0,7514339397,7514339365,0,0,31
3755,0,7516341815,7516341793,0,0,22
3756,0,7518343258,7518343229,0,0,28
3757,0,7520345433,7520345404,0,0,29
3758,0,7522347480,7522347471,0,0,8
3759,0,7524350255,7524350270,0,0,-15
3760,0,7526353807,7526353862,0,0,-54
3761,0,7528355829,7528355862,0,0,-32
3762,0,7530357947,7530357904,0,0,42
3763,0,7532360002,7532359965,0,0,37
3764,0,7534362350,7534362324,0,0,25
3765,0,7536364507,7536364486,0,0,20
3766,0,7538366655,7538366617,0,0,37
3767,0,7540369054,7540369004,0,0,50
3768,0,7542371039,7542371006,0,0,33
3769,0,7544373492,7544373432,0,0,60
3770,0,7546375451,7546375412,0,0,38
3771,0,7548377387,7548377352,0,0,35
3772,0,7550379173,7550379106,0,0,67
3773,0,7552382173,7552382188,0,0,-14
3774,0,7554383321,7554383330,0,0,-9
3775,0,7556385673,7556385608,0,0,65
3776,0,7558388592,7558388545,0,0,47
3777,0,7560390150,7560390087,0,0,63
3778,0,7562393148,7562393105,0,0,42
3779,0,7564394131,7564394085,0,0,45
3780,0,7566398011,7566397973,0,0,37
3781,0,7568399934,7568399901,0,0,33
3782,0,7570401946,7570401882,0,0,63
3783,0,7572403226,7572403197,0,0,28
3784,0,7574405449,7574405422,0,0,27
3785,0,7576408153,7576408184,0,0,-30
3786,0,7578410836,7578410847,0,0,-11
3787,0,7580412071,7580412105,0,0,-33
3788,0,7582414620,7582414625,0,0,-5
3789,0,7584417901,7584417930,0,0,-29
3790,0,7586420166,7586420186,0,0,-19
3791,0,7588423193,7588423202,0,0,-8
3792,0,7590425974,7590425925,0,0,49
3793,0,7592426641,7592426594,0,0,47
3794,0,7594429127,7594429051,0,0,76
3795,0,7596431193,7596431140,0,0,52
3796,0,7598433446,7598433394,0,0,51
3797,0,7600435624,7600435643,0,0,-19
3798,0,7602437839,7602437857,0,0,-17
3799,0,7604440953,7604440900,0,0,53
3800,0,7606441961,7606441896,0,0,65
3801,0,7608443642,7608443653,0,0,-11
3802,0,7610446901,7610446908,0,0,-7
3803,0,7612448755,7612448788,0,0,-33
3804,0,7614450359,7614450368,0,0,-8
3805,0,7616452111,7616452096,0,0,15
3806,0,7618454925,7618454937,0,0,-11
3807,0,7620457559,7620457512,0,0,47
3808,0,7622459165,7622459144,0,0,20
3809,0,7624462125,7624462071,0,0,54
3810,0,7626463547,7626463489,0,0,57
3811,0,7628466607,7628466557,0,0,50
3812,0,7630467617,7630467582,0,0,35
3813,0,7632470056,7632470010,0,0,45
3814,0,7634472426,7634472458,0,0,-31
3815,0,7636475401,7636475356,0,0,44
3816,0,7638476653,7638476591,0,0,62
3817,0,7640479364,7640479330,0,0,34
3818,0,7642482191,7642482183,0,0,7
3819,0,7644483361,7644483335,0,0,25
3820,0,7646485752,7646485734,0,0,17
3821,0,7648488656,7648488631,0,0,24
3822,0,7650490866,7650490886,0,0,-20
3823,0,7652493676,7652493712,0,0,-35
3824,0,7654495435,7654495402,0,0,33
3825,0,7656496732,7656496685,0,0,47
3826,0,7658499155,7658499120,0,0,34
3827,0,7660502609,7660502588,0,0,20
3828,0,7662504770,7662504744,0,0,25
3829,0,7664506466,7664506447,0,0,19
3830,0,7666509373,7666509335,0,0,37
3831,0,7668512217,7668512200,0,0,17
3832,0,7670514015,7670514007,0,0,8
3833,0,7672515593,7672515570,0,0,23
3834,0,7674518195,7674518161,0,0,33
3835,0,7676520121,7676520105,0,0,15
3836,0,7678522523,7678522458,0,0,65
3837,0,7680524386,7680524355,0,0,31
3838,0,7682526175,7682526119,0,0,55
3839,0,7684528865,7684528843,0,0,22
3840,0,7686531382,7686531363,0,0,19
3841,0,7688534051,7688534012,0,0,39
3842,0,7690535750,7690535783,0,0,-32
3843,0,7692538413,7692538456,0,0,-42
3844,0,7694539953,7694539976,0,0,-22
3845,0,7696541702,7696541681,0,0,20
3846,0,7698544605,7698544537,0,0,68
3847,0,7700546438,7700546454,0,0,-15
3848,0,7702547612,7702547649,0,0,-36
3849,0,7704550137,7704550170,0,0,-33
3850,0,7706552469,7706552492,0,0,-22
3851,0,7708556009,7708556000,0,0,8
3852,0,7710557898,7710557885,0,0,13
3853,0,7712560112,7712560073,0,0,38
3854,0,7714561732,7714561699,0,0,33
3855,0,7716565366,7716565332,0,0,33
3856,0,7718566729,7718566700,0,0,29
3857,0,7720567763,7720567732,0,0,31
3858,0,7722570308,7722570321,0,0,-12
3859,0,7724573520,7724573498,0,0,21
3860,0,7726575907,7726575853,0,0,53
3861,0,7728577911,7728577887,0,0,24
3862,0,7730579346,7730579301,0,0,44
3863,0,7732583274,7732583249,0,0,24
3864,0,7734584053,7734584062,0,0,-9
3865,0,7736586937,7736586896,0,0,41
3866,0,7738588682,7738588728,0,0,-46
3867,0,7740590421,7740590474,0,0,-52
3868,0,7742594244,7742594231,0,0,13
3869,0,7744595906,7744595893,0,0,13
3870,0,7746597968,7746597945,0,0,23
3871,0,7748599797,7748599769,0,0,28
3872,0,7750601224,7750601199,0,0,25
3873,0,7752603529,7752603515,0,0,13
3874,0,7754606265,7754606300,0,0,-35
3875,0,7756608766,7756608811,0,0,-44
3876,0,7758610631,7758610678,0,0,-46
3877,0,7760613415,7760613392,0,0,23
3878,0,7762615110,7762615161,0,0,-51
3879,0,7764619102,7764619118,0,0,-15
3880,0,7766621800,7766621757,0,0,42
3881,0,7768622473,7768622463,0,0,9
3882,0,7770625403,7770625359,0,0,43
3883,0,7772627110,7772627060,0,0,49
3884,0,7774629199,7774629156,0,0,43
3885,0,7776630447,7776630393,0,0,54
3886,0,7778633656,7778633627,0,0,29
3887,0,7780636765,7780636718,0,0,47
3888,0,7782639132,7782639094,0,0,37
3889,0,7784640538,7784640484,0,0,53
3890,0,7786642667,7786642634,0,0,33
3891,0,7788644424,7788644417,0,0,7
3892,0,7790645669,7790645654,0,0,14
3893,0,7792648521,7792648441,0,0,80
3894,0,7794651285,7794651211,0,0,74
3895,0,7796654230,7796654154,0,0,76
3896,0,7798655908,7798655842,0,0,65
3897,0,7800658094,7800658033,0,0,60
3898,0,7802660244,7802660184,0,0,59
3899,0,7804662541,7804662482,0,0,58
3900,0,7806664743,7806664716,0,0,27
3901,0,7808667617,7808667593,0,0,24
3902,0,7810669152,7810669186,0,0,-34
3903,0,7812671161,7812671191,0,0,-29
3904,0,7814672492,7814672512,0,0,-20
3905,0,7816674928,7816674944,0,0,-16
3906,0,7818679242,7818679276,0,0,-33
3907,0,7820681157,7820681200,0,0,-42
3908,0,7822681373,7822681379,0,0,-6
3909,0,7824683851,7824683891,0,0,-39
3910,0,7826686975,7826686920,0,0,55
3911,0,7828689420,7828689388,0,0,31
3912,0,7830691657,7830691619,0,0,38
3913,0,7832693598,7832693593,0,0,5
3914,0,7834696244,7834696224,0,0,19
3915,0,7836698351,7836698305,0,0,45
3916,0,7838700694,7838700678,0,0,15
3917,0,7840702721,7840702713,0,0,8
3918,0,7842704721,7842704688,0,0,32
3919,0,7844706824,7844706846,0,0,-21
3920,0,7846708922,7846708957,0,0,-34
3921,0,7848711610,7848711570,0,0,40
3922,0,7850713773,7850713733,0,0,40
3923,0,7852715615,7852715577,0,0,37
3924,0,7854717536,7854717579,0,0,-42
3925,0,7856720384,7856720397,0,0,-13
3926,0,7858722384,7858722365,0,0,19
3927,0,7860723926,7860723897,0,0,29
3928,0,7862728119,7862728150,0,0,-31
3929,0,7864729269,7864729296,0,0,-26
3930,0,7866732832,7866732853,0,0,-20
3931,0,7868733278,7868733304,0,0,-25
3932,0,7870734925,7870734957,0,0,-31
3933,0,7872736982,7872736991,0,0,-8
3934,0,7874739313,7874739346,0,0,-33
3935,0,7876742894,7876742835,0,0,59
3936,0,7878744877,7878744898,0,0,-21
3937,0,7880747073,7880747088,0,0,-15
3938,0,7882749390,7882749377,0,0,13
3939,0,7884751369,7884751336,0,0,33
3940,0,7886753051,7886753027,0,0,24
3941,0,7888755922,7888755862,0,0,59
3942,0,7890758253,7890758170,0,0,83
3943,0,7892760256,7892760204,0,0,52
3944,0,7894762117,7894762110,0,0,6
3945,0,7896763771,7896763802,0,0,-31
3946,0,7898767058,7898767047,0,0,10
3947,0,7900769667,7900769710,0,0,-42
3948,0,7902771860,7902771890,0,0,-29
3949,0,7904774238,7904774270,0,0,-31
3950,0,7906775852,7906775820,0,0,31
3951,0,7908778094,7908778071,0,0,22
3952,0,7910781758,7910781740,0,0,17
3953,0,7912783209,7912783175,0,0,33
3954,0,7914785462,7914785389,0,0,73
3955,0,7916787240,7916787209,0,0,30
3956,0,7918789289,7918789256,0,0,33
3957,0,7920791616,7920791587,0,0,29
3958,0,7922794121,7922794056,0,0,65
3959,0,7924795795,7924795782,0,0,13
3960,0,7926799442,7926799426,0,0,16
3961,0,7928800826,7928800866,0,0,-40
3962,0,7930803040,7930803079,0,0,-39
3963,0,7932804749,7932804741,0,0,7
3964,0,7934807519,7934807507,0,0,11
3965,0,7936809370,7936809336,0,0,33
3966,0,7938811698,7938811640,0,0,57
3967,0,7940813830,7940813801,0,0,29
3968,0,7942815619,7942815595,0,0,23
3969,0,7944817610,7944817596,0,0,13
3970,0,7946821101,7946821044,0,0,57
3971,0,7948822566,7948822555,0,0,11
3972,0,7950824730,7950824719,0,0,11
3973,0,7952826212,7952826146,0,0,65
3974,0,7954828675,7954828640,0,0,35
3975,0,7956831807,7956831769,0,0,38
3976,0,7958834464,7958834399,0,0,65
3977,0,7960834552,7960834516,0,0,36
3978,0,7962837343,7962837319,0,0,23
3979,0,7964840346,7964840337,0,0,9
3980,0,7966843628,7966843597,0,0,31
3981,0,7968844997,7968844982,0,0,15
3982,0,7970847271,7970847286,0,0,-14
3983,0,7972849725,7972849755,0,0,-30
3984,0,7974851852,7974851880,0,0,-27
3985,0,7976853802,7976853825,0,0,-22
3986,0,7978856254,7978856206,0,0,47
3987,0,7980858060,7980858033,0,0,26
3988,0,7982859509,7982859461,0,0,47
3989,0,7984862490,7984862474,0,0,15
3990,0,7986864363,7986864307,0,0,55
3991,0,7988867354,7988867379,0,0,-25
3992,0,7990869244,7990869207,0,0,37
3993,0,7992870786,7992870748,0,0,38
3994,0,7994874123,7994874161,0,0,-38
3995,0,7996876158,7996876197,0,0,-39
3996,0,7998878220,7998878275,0,0,-54
3997,0,8000880496,8000880533,0,0,-36
3998,0,8002882871,8002882840,0,0,31
3999,0,8004884550,8004884532,0,0,18
4000,0,8006886303,8006886287,0,0,16
4001,0,8008889347,8008889317,0,0,29
4002,0,8010890885,8010890840,0,0,44
4003,0,8012893678,8012893652,0,0,25
4004,0,8014895080,8014895112,0,0,-31
4005,0,8016898013,8016898032,0,0,-19
4006,0,8018899376,8018899345,0,0,31
4007,0,8020901629,8020901604,0,0,24
4008,0,8022904892,8022904859,0,0,33
4009,0,8024906080,8024906074,0,0,5
4010,0,8026908516,8026908489,0,0,27
4011,0,8028911913,8028911853,0,0,60
4012,0,8030914344,8030914358,0,0,-13
4013,0,8032916128,8032916142,0,0,-14
4014,0,8034918426,8034918408,0,0,18
4015,0,8036921382,8036921400,0,0,-18
4016,0,8038922748,8038922757,0,0,-8
4017,0,8040924854,8040924868,0,0,-13
4018,0,8042926288,8042926307,0,0,-19
4019,0,8044929748,8044929705,0,0,43
4020,0,8046931298,8046931285,0,0,13
4021,0,8048933235,8048933215,0,0,20
4022,0,8050936200,8050936145,0,0,55
4023,0,8052937383,8052937328,0,0,55
4024,0,8054941741,8054941694,0,0,47
4025,0,8056942943,8056942991,0,0,-47
4026,0,8058945477,8058945510,0,0,-32
4027,0,8060947725,8060947766,0,0,-40
4028,0,8062949967,8062950018,0,0,-51
4029,0,8064951541,8064951569,0,0,-28
4030,0,8066954352,8066954380,0,0,-27
4031,0,8068956493,8068956521,0,0,-27
4032,0,8070958940,8070958977,0,0,-37
4033,0,8072960717,8072960694,0,0,23
4034,0,8074963209,8074963179,0,0,29
4035,0,8076964940,8076964916,0,0,24
4036,0,8078966094,8078966026,0,0,67
4037,0,8080969154,8080969090,0,0,63
4038,0,8082971947,8082971905,0,0,42
4039,0,8084973813,8084973782,0,0,31
4040,0,8086975837,8086975786,0,0,51
4041,0,8088977536,8088977516,0,0,20
4042,0,8090980964,8090980927,0,0,37
4043,0,8092982644,8092982609,0,0,34
4044,0,8094983839,8094983813,0,0,25
4045,0,8096986179,8096986129,0,0,49
4046,0,8098988821,8098988784,0,0,37
4047,0,8100992584,8100992559,0,0,24
4048,0,8102994494,8102994455,0,0,38
4049,0,8104995903,8104995928,0,0,-24
4050,0,8106997684,8106997719,0,0,-34
4051,0,8109000705,8109000728,0,0,-22
4052,0,8111002759,8111002687,0,0,71
4053,0,8113004106,8113004069,0,0,37
4054,0,8115007526,8115007544,0,0,-17
4055,0,8117009997,8117009955,0,0,41
4056,0,8119012577,8119012548,0,0,29
4057,0,8121013197,8121013143,0,0,53
4058,0,8123016433,8123016456,0,0,-22
4059,0,8125018295,8125018287,0,0,8
4060,0,8127019539,8127019550,0,0,-11
4061,0,8129021820,8129021760,0,0,59
4062,0,8131024086,8131024013,0,0,72
4063,0,8133026410,8133026381,0,0,29
4064,0,8135029549,8135029496,0,0,53
4065,0,8137031460,8137031445,0,0,15
4066,0,8139032890,8139032821,0,0,69
4067,0,8141035258,8141035217,0,0,40
4068,0,8143038408,8143038373,0,0,35
4069,0,8145039645,8145039602,0,0,43
4070,0,8147042767,8147042689,0,0,78
4071,0,8149045680,8149045636,0,0,44
4072,0,8151048865,8151048820,0,0,44
4073,0,8153049467,8153049413,0,0,53
4074,0,8155051354,8155051299,0,0,54
4075,0,8157054072,8157054025,0,0,47
4076,0,8159056349,8159056326,0,0,22
4077,0,8161058225,8161058182,0,0,42
4078,0,8163059653,8163059577,0,0,75
4079,0,8165062491,8165062470,0,0,20
4080,0,8167066921,8167066899,0,0,22
4081,0,8169067594,8169067545,0,0,49
4082,0,8171069609,8171069564,0,0,44
4083,0,8173072199,8173072155,0,0,43
4084,0,8175074622,8175074587,0,0,35
4085,0,8177076521,8177076503,0,0,17
4086,0,8179078609,8179078535,0,0,74
4087,0,8181080693,8181080656,0,0,37
4088,0,8183083898,8183083869,0,0,28
4089,0,8185084312,8185084281,0,0,30
4090,0,8187087438,8187087432,0,0,5
4091,0,8189089483,8189089512,0,0,-29
4092,0,8191091394,8191091420,0,0,-26
4093,0,8193094782,8193094743,0,0,38
4094,0,8195096635,8195096644,0,0,-8
4095,0,8197099262,8197099229,0,0,33
4096,0,8199100933,8199100910,0,0,23
4097,0,8201103143,8201103176,0,0,-33
4098,0,8203104719,8203104726,0,0,-6
4099,0,8205107489,8205107442,0,0,47
4100,0,8207109922,8207109887,0,0,35
4101,0,8209112658,8209112614,0,0,44
4102,0,8211114240,8211114183,0,0,57
4103,0,8213116398,8213116389,0,0,8
4104,0,8215119201,8215119137,0,0,64
4105,0,8217119615,8217119583,0,0,31
4106,0,8219121887,8219121858,0,0,29
4107,0,8221124067,8221124046,0,0,20
4108,0,8223126782,8223126820,0,0,-38
4109,0,8225129571,8225129532,0,0,39
4110,0,8227131191,8227131150,0,0,40
4111,0,8229135538,8229135519,0,0,18
4112,0,8231137638,8231137678,0,0,-39
4113,0,8233138512,8233138551,0,0,-38
4114,0,8235139753,8235139786,0,0,-33
4115,0,8237142802,8237142847,0,0,-44
4116,0,8239144660,8239144686,0,0,-25
4117,0,8241147497,8241147528,0,0,-31
4118,0,8243149791,8243149754,0,0,37
4119,0,8245151660,8245151653,0,0,6
4120,0,8247153121,8247153081,0,0,39
4121,0,8249157089,8249157060,0,0,29
4122,0,8251158761,8251158739,0,0,22
4123,0,8253160798,8253160761,0,0,37
4124,0,8255162996,8255162988,0,0,7
4125,0,8257165134,8257165109,0,0,25
4126,0,8259166498,8259166521,0,0,-22
4127,0,8261169565,8261169501,0,0,63
4128,0,8263171483,8263171437,0,0,45
4129,0,8265174119,8265174073,0,0,45
4130,0,8267177168,8267177101,0,0,66
4131,0,8269178681,8269178662,0,0,19
4132,0,8271180883,8271180863,0,0,20
4133,0,8273183343,8273183332,0,0,11
4134,0,8275185479,8275185415,0,0,63
4135,0,8277187964,8277187947,0,0,17
4136,0,8279189617,8279189660,0,0,-42
4137,0,8281192393,8281192435,0,0,-42
4138,0,8283194415,8283194404,0,0,11
4139,0,8285196193,8285196238,0,0,-44
4140,0,8287197505,8287197548,0,0,-42
4141,0,8289199658,8289199671,0,0,-13
4142,0,8291202366,8291202384,0,0,-17
4143,0,8293205532,8293205548,0,0,-16
4144,0,8295207403,8295207359,0,0,43
4145,0,8297209051,8297209027,0,0,23
4146,0,8299211759,8299211671,0,0,88
4147,0,8301213285,8301213251,0,0,33
4148,0,8303216317,8303216282,0,0,35
4149,0,8305217841,8305217795,0,0,46
4150,0,8307220951,8307220923,0,0,27
4151,0,8309223265,8309223304,0,0,-38
4152,0,8311225229,8311225202,0,0,26
4153,0,8313227888,8313227842,0,0,45
4154,0,8315230259,8315230267,0,0,-8
4155,0,8317232162,8317232109,0,0,53
4156,0,8319234429,8319234394,0,0,34
4157,0,8321236790,8321236746,0,0,44
4158,0,8323239138,8323239087,0,0,51
4159,0,8325240919,8325240869,0,0,49
4160,0,8327243643,8327243586,0,0,57
4161,0,8329244993,8329244954,0,0,38
4162,0,8331246598,8331246529,0,0,69
4163,0,8333249008,8333248974,0,0,34
4164,0,8335252497,8335252435,0,0,61
4165,0,8337254304,8337254267,0,0,37
4166,0,8339256400,8339256355,0,0,45
4167,0,8341257660,8341257623,0,0,37
4168,0,8343261171,8343261188,0,0,-17
4169,0,8345264405,8345264433,0,0,-28
4170,0,8347265929,8347265950,0,0,-20
4171,0,8349267563,8349267597,0,0,-34
4172,0,8351270257,8351270268,0,0,-11
4173,0,8353271991,8353272029,0,0,-37
4174,0,8355274393,8355274339,0,0,53
4175,0,8357277438,8357277411,0,0,26
4176,0,8359280314,8359280280,0,0,33
4177,0,8361280776,8361280757,0,0,19
4178,0,8363282182,8363282134,0,0,48
4179,0,8365285703,8365285672,0,0,30
4180,0,8367289031,8367288985,0,0,46
4181,0,8369290038,8369290075,0,0,-37
4182,0,8371292611,8371292635,0,0,-24
4183,0,8373294793,8373294826,0,0,-33
4184,0,8375296426,8375296452,0,0,-26
4185,0,8377298833,8377298870,0,0,-37
4186,0,8379301092,8379301104,0,0,-11
4187,0,8381303226,8381303205,0,0,20
4188,0,8383305928,8383305847,0,0,80
4189,0,8385307649,8385307676,0,0,-26
4190,0,8387310640,8387310665,0,0,-24
4191,0,8389311929,8389311964,0,0,-35
4192,0,8391313388,8391313422,0,0,-33
4193,0,8393315346,8393315329,0,0,17
4194,0,8395317875,8395317838,0,0,37
4195,0,8397320969,8397320932,0,0,37
4196,0,8399322446,8399322397,0,0,49
4197,0,8401326010,8401325912,0,0,98
4198,0,8403327514,8403327525,0,0,-11
4199,0,8405329044,8405329103,0,0,-58
4200,0,8407332564,8407332555,0,0,8
4201,0,8409335361,8409335391,0,0,-29
4202,0,8411336801,8411336838,0,0,-36
4203,0,8413338644,8413338655,0,0,-10
4204,0,8415340080,8415340110,0,0,-29
4205,0,8417343121,8417343141,0,0,-20
4206,0,8419344770,8419344782,0,0,-11
4207,0,8421348578,8421348603,0,0,-24
4208,0,8423350377,8423350388,0,0,-11
4209,0,8425352130,8425352138,0,0,-8
4210,0,8427353780,8427353726,0,0,53
4211,0,8429356795,8429356754,0,0,41
4212,0,8431358794,8431358767,0,0,26
4213,0,8433361607,8433361559,0,0,47
4214,0,8435363387,8435363318,0,0,69
4215,0,8437366323,8437366289,0,0,34
4216,0,8439367177,8439367124,0,0,53
4217,0,8441370220,8441370193,0,0,27
4218,0,8443372864,8443372817,0,0,47
4219,0,8445374484,8445374458,0,0,25
4220,0,8447376653,8447376613,0,0,40
4221,0,8449379172,8449379141,0,0,30
4222,0,8451381234,8451381179,0,0,54
4223,0,8453383355,8453383315,0,0,39
4224,0,8455385639,8455385602,0,0,37
4225,0,8457387568,8457387531,0,0,37
4226,0,8459389721,8459389675,0,0,45
4227,0,8461392258,8461392234,0,0,23
4228,0,8463394512,8463394458,0,0,53
4229,0,8465396740,8465396702,0,0,38
4230,0,8467400747,8467400714,0,0,32
4231,0,8469401002,8469401050,0,0,-47
4232,0,8471403178,8471403215,0,0,-36
4233,0,8473405725,8473405685,0,0,40
4234,0,8475408309,8475408296,0,0,13
4235,0,8477410316,8477410344,0,0,-27
4236,0,8479412232,8479412275,0,0,-42
4237,0,8481414637,8481414660,0,0,-22
4238,0,8483416422,8483416450,0,0,-28
4239,0,8485418614,8485418652,0,0,-38
4240,0,8487421032,8487421071,0,0,-39
4241,0,8489423494,8489423528,0,0,-33
4242,0,8491426579,8491426608,0,0,-29
4243,0,8493427982,8493427977,0,0,4
4244,0,8495429946,8495429979,0,0,-32
4245,0,8497432577,8497432610,0,0,-33
4246,0,8499434741,8499434780,0,0,-39
4247,0,8501436742,8501436732,0,0,10
4248,0,8503438903,8503438885,0,0,17
4249,0,8505441221,8505441253,0,0,-32
4250,0,8507443402,8507443456,0,0,-54
4251,0,8509445960,8509446015,0,0,-55
4252,0,8511448439,8511448496,0,0,-56
4253,0,8513449914,8513449894,0,0,20
4254,0,8515451496,8515451524,0,0,-28
4255,0,8517454500,8517454547,0,0,-47
4256,0,8519456901,8519456920,0,0,-18
4257,0,8521458622,8521458670,0,0,-48
4258,0,8523460137,8523460158,0,0,-20
4259,0,8525463281,8525463280,0,0,0
4260,0,8527465255,8527465211,0,0,44
4261,0,8529468447,8529468413,0,0,34
4262,0,8531469841,8531469791,0,0,49
4263,0,8533471890,8533471855,0,0,35
4264,0,8535474360,8535474312,0,0,47
4265,0,8537476682,8537476691,0,0,-8
4266,0,8539477634,8539477568,0,0,65
4267,0,8541480071,8541480025,0,0,45
4268,0,8543482359,8543482328,0,0,31
4269,0,8545484579,8545484541,0,0,38
4270,0,8547486676,8547486698,0,0,-22
4271,0,8549490023,8549490038,0,0,-15
4272,0,8551493072,8551493034,0,0,38
4273,0,8553493051,8553493036,0,0,15
4274,0,8555496042,8555496020,0,0,22
4275,0,8557498994,8557498971,0,0,22
4276,0,8559501069,8559501060,0,0,8
4277,0,8561502385,8561502344,0,0,40
4278,0,8563504602,8563504612,0,0,-10
4279,0,8565507134,8565507156,0,0,-21
4280,0,8567511368,8567511395,0,0,-27
4281,0,8569512534,8569512483,0,0,51
4282,0,8571514707,8571514666,0,0,40
4283,0,8573516547,8573516506,0,0,40
4284,0,8575518063,8575518024,0,0,38
4285,0,8577521333,8577521280,0,0,52
4286,0,8579523363,8579523281,0,0,81
4287,0,8581524539,8581524496,0,0,42
4288,0,8583526447,8583526397,0,0,49
4289,0,8585529103,8585529065,0,0,37
4290,0,8587532253,8587532204,0,0,49
4291,0,8589533916,8589533880,0,0,35
4292,0,8591537368,8591537407,0,0,-39
4293,0,8593539445,8593539453,0,0,-7
4294,0,8595541622,8595541571,0,0,50
4295,0,8597543323,8597543280,0,0,42
4296,0,8599544669,8599544632,0,0,37
4297,0,8601546789,8601546739,0,0,50
4298,0,8603551274,8603551186,0,0,88
4299,0,8605552094,8605552053,0,0,40
4300,0,8607553653,8607553615,0,0,37
4301,0,8609556669,8609556646,0,0,23
4302,0,8611558055,8611557990,0,0,65
4303,0,8613561618,8613561595,0,0,23
4304,0,8615563597,8615563556,0,0,40
4305,0,8617565667,8617565643,0,0,23
4306,0,8619567101,8619567063,0,0,37
4307,0,8621570192,8621570182,0,0,9
4308,0,8623572249,8623572195,0,0,53
4309,0,8625573458,8625573415,0,0,43
4310,0,8627576136,8627576112,0,0,23
4311,0,8629579146,8629579184,0,0,-37
4312,0,8631580633,8631580653,0,0,-20
4313,0,8633582537,8633582513,0,0,24
4314,0,8635586515,8635586460,0,0,54
4315,0,8637586853,8637586878,0,0,-24
4316,0,8639590252,8639590315,0,0,-62
4317,0,8641592085,8641592051,0,0,33
4318,0,8643594289,8643594213,0,0,75
4319,0,8645596585,8645596561,0,0,23
4320,0,8647598033,8647598011,0,0,22
4321,0,8649600292,8649600266,0,0,25
4322,0,8651603064,8651603030,0,0,33
4323,0,8653605624,8653605582,0,0,42
4324,0,8655606997,8655606961,0,0,35
4325,0,8657610063,8657610103,0,0,-39
4326,0,8659612233,8659612265,0,0,-31
4327,0,8661614690,8661614635,0,0,55
4328,0,8663616552,8663616510,0,0,41
4329,0,8665617854,8665617826,0,0,27
4330,0,8667622811,8667622821,0,0,-9
4331,0,8669623607,8669623642,0,0,-34
4332,0,8671626112,8671626132,0,0,-19
4333,0,8673627761,8673627779,0,0,-17
4334,0,8675629360,8675629356,0,0,4
4335,0,8677633108,8677633075,0,0,33
4336,0,8679634786,8679634723,0,0,63
4337,0,8681635858,8681635834,0,0,24
4338,0,8683638524,8683638497,0,0,26
4339,0,8685641130,8685641099,0,0,30
4340,0,8687643035,8687643022,0,0,12
4341,0,8689645697,8689645660,0,0,37
4342,0,8691647543,8691647478,0,0,65
4343,0,8693650215,8693650191,0,0,24
4344,0,8695652420,8695652378,0,0,41
4345,0,8697654442,8697654415,0,0,26
4346,0,8699658033,8699658043,0,0,-10
4347,0,8701659449,8701659444,0,0,4
4348,0,8703661748,8703661731,0,0,17
4349,0,8705663586,8705663600,0,0,-13
4350,0,8707665924,8707665945,0,0,-20
4351,0,8709668218,8709668237,0,0,-18
4352,0,8711670137,8711670094,0,0,42
4353,0,8713671338,8713671364,0,0,-25
4354,0,8715674000,8715674017,0,0,-17
4355,0,8717676697,8717676658,0,0,38
4356,0,8719678464,8719678393,0,0,71
4357,0,8721681254,8721681189,0,0,65
4358,0,8723682463,8723682413,0,0,49
4359,0,8725685203,8725685159,0,0,44
4360,0,8727688407,8727688351,0,0,56
4361,0,8729690115,8729690067,0,0,47
4362,0,8731692787,8731692731,0,0,56
4363,0,8733694671,8733694656,0,0,14
4364,0,8735697597,8735697545,0,0,51
4365,0,8737699130,8737699095,0,0,35
4366,0,8739700170,8739700185,0,0,-14
4367,0,8741703773,8741703791,0,0,-17
4368,0,8743707462,8743707433,0,0,29
4369,0,8745708087,8745708065,0,0,22
4370,0,8747709411,8747709353,0,0,57
4371,0,8749712258,8749712228,0,0,30
4372,0,8751714110,8751714074,0,0,35
4373,0,8753717141,8753717126,0,0,15
4374,0,8755719664,8755719647,0,0,16
4375,0,8757722185,8757722218,0,0,-33
4376,0,8759723631,8759723626,0,0,4
4377,0,8761725905,8761725892,0,0,12
4378,0,8763728613,8763728596,0,0,17
4379,0,8765730559,8765730553,0,0,5
4380,0,8767733786,8767733799,0,0,-12
4381,0,8769734888,8769734861,0,0,26
4382,0,8771737564,8771737535,0,0,29
4383,0,8773739064,8773739052,0,0,11
4384,0,8775740929,8775740894,0,0,35
4385,0,8777744287,8777744280,0,0,6
4386,0,8779746078,8779746041,0,0,36
4387,0,8781748133,8781748106,0,0,26
4388,0,8783750245,8783750213,0,0,31
4389,0,8785752371,8785752422,0,0,-51
4390,0,8787755510,8787755491,0,0,19
4391,0,8789757217,8789757207,0,0,10
4392,0,8791757960,8791757921,0,0,39
4393,0,8793760459,8793760431,0,0,27
4394,0,8795764148,8795764103,0,0,44
4395,0,8797765987,8797765963,0,0,24
4396,0,8799767862,8799767829,0,0,33
4397,0,8801769408,8801769348,0,0,60
4398,0,8803771884,8803771806,0,0,77
4399,0,8805774784,8805774755,0,0,29
4400,0,8807776050,8807775991,0,0,58
4401,0,8809778152,8809778125,0,0,27
4402,0,8811780587,8811780595,0,0,-7
4403,0,8813784256,8813784266,0,0,-9
4404,0,8815786053,8815785970,0,0,83
4405,0,8817788220,8817788256,0,0,-36
4406,0,8819790245,8819790232,0,0,13
4407,0,8821791693,8821791644,0,0,49
4408,0,8823794549,8823794507,0,0,41
4409,0,8825796317,8825796327,0,0,-9
4410,0,8827800528,8827800568,0,0,-39
4411,0,8829801331,8829801298,0,0,32
4412,0,8831802815,8831802777,0,0,38
4413,0,8833806043,8833806083,0,0,-39
4414,0,8835808070,8835808074,0,0,-4
4415,0,8837809657,8837809638,0,0,18
4416,0,8839812985,8839812948,0,0,36
4417,0,8841815017,8841814970,0,0,47
4418,0,8843817385,8843817377,0,0,8
4419,0,8845819316,8845819266,0,0,50
4420,0,8847821422,8847821433,0,0,-11
4421,0,8849822577,8849822592,0,0,-15
4422,0,8851825240,8851825175,0,0,65
4423,0,8853828139,8853828104,0,0,34
4424,0,8855830690,8855830633,0,0,57
4425,0,8857832518,8857832496,0,0,22
4426,0,8859835631,8859835600,0,0,30
4427,0,8861837283,8861837253,0,0,29
4428,0,8863840027,8863839990,0,0,37
4429,0,8865841649,8865841615,0,0,33
4430,0,8867845537,8867845463,0,0,73
4431,0,8869847021,8869846987,0,0,33
4432,0,8871849575,8871849549,0,0,25
4433,0,8873850275,8873850242,0,0,33
4434,0,8875852020,8875851975,0,0,44
4435,0,8877854844,8877854798,0,0,45
4436,0,8879856247,8879856222,0,0,25
4437,0,8881858254,8881858235,0,0,18
4438,0,8883860665,8883860641,0,0,24
4439,0,8885863679,8885863631,0,0,47
4440,0,8887865144,8887865120,0,0,24
4441,0,8889868420,8889868441,0,0,-20
4442,0,8891871640,8891871676,0,0,-36
4443,0,8893872722,8893872703,0,0,19
4444,0,8895875145,8895875112,0,0,32
4445,0,8897877225,8897877185,0,0,40
4446,0,8899879782,8899879743,0,0,39
4447,0,8901881737,8901881702,0,0,35
4448,0,8903883912,8903883876,0,0,36
4449,0,8905885928,8905885889,0,0,38
4450,0,8907887289,8907887220,0,0,69
4451,0,8909890572,8909890530,0,0,41
4452,0,8911893188,8911893159,0,0,29
4453,0,8913895223,8913895208,0,0,14
4454,0,8915897546,8915897484,0,0,61
4455,0,8917899379,8917899404,0,0,-24
4456,0,8919901480,8919901487,0,0,-6
4457,0,8921903254,8921903236,0,0,17
4458,0,8923907516,8923907507,0,0,8
4459,0,8925908698,8925908730,0,0,-31
4460,0,8927910801,8927910832,0,0,-31
4461,0,8929913116,8929913134,0,0,-17
4462,0,8931915709,8931915719,0,0,-10
4463,0,8933917258,8933917291,0,0,-32
4464,0,8935919543,8935919565,0,0,-21
4465,0,8937921665,8937921685,0,0,-20
4466,0,8939923726,8939923667,0,0,58
4467,0,8941926009,8941926000,0,0,8
4468,0,8943927846,8943927790,0,0,56
4469,0,8945930774,8945930759,0,0,14
4470,0,8947933065,8947933024,0,0,40
4471,0,8949935389,8949935365,0,0,24
4472,0,8951937155,8951937187,0,0,-31
4473,0,8953938672,8953938635,0,0,37
4474,0,8955942049,8955942004,0,0,44
4475,0,8957945091,8957945052,0,0,38
4476,0,8959946171,8959946139,0,0,32
4477,0,8961948289,8961948229,0,0,60
4478,0,8963949504,8963949495,0,0,8
4479,0,8965951491,8965951460,0,0,31
4480,0,8967954827,8967954784,0,0,42
4481,0,8969956123,8969956166,0,0,-42
4482,0,8971958615,8971958608,0,0,7
4483,0,8973961692,8973961707,0,0,-14
4484,0,8975963861,8975963892,0,0,-31
4485,0,8977965107,8977965089,0,0,17
4486,0,8979967440,8979967415,0,0,24
4487,0,8981970512,8981970462,0,0,50
4488,0,8983971706,8983971680,0,0,25
4489,0,8985974211,8985974176,0,0,35
4490,0,8987977453,8987977402,0,0,51
4491,0,8989980404,8989980375,0,0,29
4492,0,8991981606,8991981575,0,0,31
4493,0,8993983258,8993983249,0,0,8
4494,0,8995986948,8995986943,0,0,4
4495,0,8997989132,8997989114,0,0,17
4496,0,8999990520,8999990500,0,0,20
4497,0,9001991463,9001991452,0,0,11
4498,0,9003994338,9003994330,0,0,7
4499,0,9005997397,9005997389,0,0,7
4500,0,9007999815,9007999781,0,0,34
4501,0,9010002183,9010002123,0,0,59
4502,0,9012004244,9012004287,0,0,-42
4503,0,9014006051,9014005991,0,0,60
4504,0,9016007263,9016007236,0,0,26
4505,0,9018009924,9018009858,0,0,65
4506,0,9020013085,9020013042,0,0,42
4507,0,9022016053,9022016021,0,0,32
4508,0,9024017642,9024017674,0,0,-31
4509,0,9026019709,9026019759,0,0,-49
4510,0,9028022830,9028022849,0,0,-19
4511,0,9030024994,9030025031,0,0,-36
4512,0,9032026765,9032026798,0,0,-33
4513,0,9034028536,9034028592,0,0,-56
4514,0,9036030610,9036030577,0,0,33
4515,0,9038033259,9038033236,0,0,22
4516,0,9040035456,9040035438,0,0,17
4517,0,9042037415,9042037407,0,0,7
4518,0,9044039505,9044039439,0,0,66
4519,0,9046040626,9046040613,0,0,13
4520,0,9048043543,9048043493,0,0,50
4521,0,9050046015,9050046041,0,0,-26
4522,0,9052047739,9052047776,0,0,-36
4523,0,9054051591,9054051612,0,0,-21
4524,0,9056051927,9056051979,0,0,-51
4525,0,9058055476,9058055480,0,0,-3
4526,0,9060057529,9060057516,0,0,13
4527,0,9062060431,9062060390,0,0,41
4528,0,9064062106,9064062046,0,0,60
4529,0,9066064567,9066064519,0,0,47
4530,0,9068068026,9068068010,0,0,16
4531,0,9070068523,9070068539,0,0,-15
4532,0,9072070543,9072070534,0,0,8
4533,0,9074072077,9074072088,0,0,-11
4534,0,9076075850,9076075841,0,0,8
4535,0,9078078113,9078078132,0,0,-18
4536,0,9080080158,9080080103,0,0,54
4537,0,9082082132,9082082080,0,0,51
4538,0,9084084035,9084083997,0,0,37
4539,0,9086086255,9086086290,0,0,-35
4540,0,9088087986,9088087997,0,0,-11
4541,0,9090089710,9090089743,0,0,-32
4542,0,9092093072,9092093058,0,0,13
4543,0,9094095400,9094095415,0,0,-15
4544,0,9096097164,9096097142,0,0,21
4545,0,9098098816,9098098847,0,0,-31
4546,0,9100102064,9100102055,0,0,8
4547,0,9102103706,9102103730,0,0,-24
4548,0,9104105368,9104105305,0,0,62
4549,0,9106107750,9106107699,0,0,50
4550,0,9108110026,9108109984,0,0,42
4551,0,9110112898,9110112865,0,0,33
4552,0,9112115319,9112115263,0,0,56
4553,0,9114117403,9114117427,0,0,-24
4554,0,9116119053,9116119016,0,0,36
4555,0,9118122693,9118122670,0,0,22
4556,0,9120123208,9120123190,0,0,17
4557,0,9122126444,9122126436,0,0,7
4558,0,9124128736,9124128665,0,0,70
4559,0,9126131034,9126131065,0,0,-31
4560,0,9128132780,9128132813,0,0,-32
4561,0,9130134155,9130134194,0,0,-39
4562,0,9132137880,9132137903,0,0,-22
4563,0,9134139484,9134139505,0,0,-21
4564,0,9136140901,9136140874,0,0,27
4565,0,9138143141,9138143117,0,0,24
4566,0,9140146309,9140146238,0,0,70
4567,0,9142147729,9142147700,0,0,29
4568,0,9144150316,9144150309,0,0,6
4569,0,9146152356,9146152306,0,0,49
4570,0,9148155370,9148155342,0,0,27
4571,0,9150158518,9150158478,0,0,39
4572,0,9152159696,9152159645,0,0,50
4573,0,9154160518,9154160474,0,0,44
4574,0,9156163002,9156162964,0,0,38
4575,0,9158165420,9158165386,0,0,33
4576,0,9160168916,9160168871,0,0,44
4577,0,9162171110,9162171078,0,0,32
4578,0,9164173662,9164173649,0,0,12
4579,0,9166175585,9166175564,0,0,20
4580,0,9168178582,9168178626,0,0,-44
4581,0,9170178717,9170178728,0,0,-11
4582,0,9172182150,9172182096,0,0,53
4583,0,9174184358,9174184321,0,0,37
4584,0,9176186499,9176186475,0,0,24
4585,0,9178188808,9178188765,0,0,43
4586,0,9180190956,9180190869,0,0,87
4587,0,9182194001,9182193984,0,0,17
4588,0,9184195487,9184195523,0,0,-35
4589,0,9186197649,9186197610,0,0,38
4590,0,9188199985,9188199951,0,0,33
4591,0,9190202567,9190202543,0,0,23
4592,0,9192204117,9192204074,0,0,43
4593,0,9194205261,9194205238,0,0,22
4594,0,9196208204,9196208167,0,0,37
4595,0,9198210710,9198210678,0,0,31
4596,0,9200212803,9200212757,0,0,45
4597,0,9202215357,9202215335,0,0,21
4598,0,9204217638,9204217647,0,0,-9
4599,0,9206219817,9206219790,0,0,26
4600,0,9208221923,9208221902,0,0,20
4601,0,9210223696,9210223656,0,0,39
4602,0,9212226555,9212226521,0,0,33
4603,0,9214229617,9214229588,0,0,29
4604,0,9216230721,9216230695,0,0,26
4605,0,9218232241,9218232215,0,0,25
4606,0,9220235258,9220235237,0,0,20
4607,0,9222236346,9222236368,0,0,-22
4608,0,9224238877,9224238916,0,0,-39
4609,0,9226241840,9226241877,0,0,-36
4610,0,9228243432,9228243442,0,0,-9
4611,0,9230246428,9230246470,0,0,-42
4612,0,9232249055,9232249034,0,0,20
4613,0,9234250854,9234250889,0,0,-34
4614,0,9236253369,9236253386,0,0,-16
4615,0,9238255110,9238255135,0,0,-24
4616,0,9240256192,9240256170,0,0,21
4617,0,9242258659,9242258651,0,0,7
4618,0,9244261112,9244261102,0,0,10
4619,0,9246264417,9246264388,0,0,29
4620,0,9248268035,9248268022,0,0,13
4621,0,9250268683,9250268664,0,0,19
4622,0,9252270340,9252270359,0,0,-18
4623,0,9254274021,9254274002,0,0,18
4624,0,9256275322,9256275295,0,0,26
4625,0,9258276521,9258276491,0,0,30
4626,0,9260279217,9260279163,0,0,53
4627,0,9262281798,9262281845,0,0,-47
4628,0,9264283408,9264283439,0,0,-31
4629,0,9266286092,9266286133,0,0,-40
4630,0,9268289649,9268289658,0,0,-8
4631,0,9270290882,9270290867,0,0,15
4632,0,9272292321,9272292346,0,0,-24
4633,0,9274295766,9274295756,0,0,9
4634,0,9276297894,9276297863,0,0,30
4635,0,9278299678,9278299665,0,0,13
4636,0,9280303537,9280303514,0,0,22
4637,0,9282304165,9282304153,0,0,11
4638,0,9284305629,9284305569,0,0,59
4639,0,9286309567,9286309606,0,0,-39
4640,0,9288312445,9288312510,0,0,-64
4641,0,9290313460,9290313471,0,0,-11
4642,0,9292316066,9292316049,0,0,17
4643,0,9294317464,9294317489,0,0,-24
4644,0,9296319204,9296319189,0,0,15
4645,0,9298322096,9298322122,0,0,-25
4646,0,9300324872,9300324892,0,0,-19
4647,0,9302326491,9302326466,0,0,24
4648,0,9304327566,9304327536,0,0,30
4649,0,9306330016,9306330002,0,0,13
4650,0,9308333071,9308333028,0,0,43
4651,0,9310334298,9310334252,0,0,45
4652,0,9312337602,9312337625,0,0,-22
4653,0,9314338932,9314338956,0,0,-24
4654,0,9316342364,9316342395,0,0,-31
4655,0,9318345327,9318345375,0,0,-47
4656,0,9320347881,9320347893,0,0,-11
4657,0,9322348852,9322348883,0,0,-31
4658,0,9324351008,9324350997,0,0,11
4659,0,9326352168,9326352193,0,0,-24
4660,0,9328355382,9328355375,0,0,6
4661,0,9330356674,9330356712,0,0,-38
4662,0,9332359432,9332359386,0,0,46
4663,0,9334362341,9334362326,0,0,15
4664,0,9336364503,9336364476,0,0,26
4665,0,9338366716,9338366667,0,0,49
4666,0,9340368595,9340368564,0,0,31
4667,0,9342369972,9342369933,0,0,38
4668,0,9344373708,9344373678,0,0,30
4669,0,9346375215,9346375200,0,0,15
4670,0,9348376928,9348376872,0,0,55
4671,0,9350379989,9350380026,0,0,-36
4672,0,9352382253,9352382292,0,0,-38
4673,0,9354384433,9354384392,0,0,41
4674,0,9356386971,9356386885,0,0,85
4675,0,9358389215,9358389164,0,0,51
4676,0,9360391655,9360391617,0,0,38
4677,0,9362393529,9362393453,0,0,75
4678,0,9364396038,9364395973,0,0,64
4679,0,9366397569,9366397505,0,0,64
4680,0,9368401233,9368401151,0,0,82
4681,0,9370403191,9370403148,0,0,42
4682,0,9372404690,9372404635,0,0,55
4683,0,9374405590,9374405534,0,0,55
4684,0,9376408976,9376408923,0,0,53
4685,0,9378410982,9378410932,0,0,49
4686,0,9380412642,9380412653,0,0,-10
4687,0,9382416430,9382416436,0,0,-6
4688,0,9384418624,9384418650,0,0,-26
4689,0,9386419134,9386419092,0,0,42
4690,0,9388422321,9388422258,0,0,62
4691,0,9390424387,9390424350,0,0,37
4692,0,9392425557,9392425504,0,0,53
4693,0,9394427904,9394427895,0,0,8
4694,0,9396431306,9396431235,0,0,71
4695,0,9398433964,9398433941,0,0,23
4696,0,9400435540,9400435494,0,0,45
4697,0,9402437694,9402437647,0,0,47
4698,0,9404439200,9404439206,0,0,-6
4699,0,9406442281,9406442287,0,0,-6
4700,0,9408445268,9408445259,0,0,8
4701,0,9410446097,9410446053,0,0,43
4702,0,9412449155,9412449087,0,0,67
4703,0,9414451569,9414451594,0,0,-24
4704,0,9416453591,9416453635,0,0,-44
4705,0,9418455591,9418455603,0,0,-11
4706,0,9420458035,9420457950,0,0,84
4707,0,9422460200,9422460155,0,0,45
4708,0,9424462269,9424462307,0,0,-38
4709,0,9426463841,9426463833,0,0,7
4710,0,9428466854,9428466865,0,0,-10
4711,0,9430468821,9430468851,0,0,-29
4712,0,9432471049,9432471042,0,0,7
4713,0,9434472345,9434472383,0,0,-38
4714,0,9436475524,9436475543,0,0,-19
4715,0,9438476530,9438476572,0,0,-42
4716,0,9440480362,9440480391,0,0,-28
4717,0,9442482060,9442482093,0,0,-33
4718,0,9444483813,9444483848,0,0,-35
4719,0,9446486610,9446486638,0,0,-27
4720,0,9448489110,9448489161,0,0,-51
4721,0,9450491674,9450491630,0,0,43
4722,0,9452493585,9452493559,0,0,25
4723,0,9454495552,9454495582,0,0,-29
4724,0,9456497703,9456497723,0,0,-20
4725,0,9458499157,9458499134,0,0,23
4726,0,9460502594,9460502622,0,0,-28
4727,0,9462504660,9462504696,0,0,-36
4728,0,9464506411,9464506449,0,0,-38
4729,0,9466508002,9466507964,0,0,38
4730,0,9468512904,9468512867,0,0,36
4731,0,9470513420,9470513397,0,0,22
4732,0,9472516540,9472516530,0,0,10
4733,0,9474516945,9474516911,0,0,33
4734,0,9476520517,9476520462,0,0,54
4735,0,9478522196,9478522182,0,0,13
4736,0,9480523253,9480523242,0,0,11
4737,0,9482525537,9482525513,0,0,24
4738,0,9484528411,9484528355,0,0,56
4739,0,9486531394,9486531357,0,0,37
4740,0,9488533448,9488533429,0,0,19
4741,0,9490535346,9490535386,0,0,-40
4742,0,9492537003,9492536980,0,0,22
4743,0,9494539834,9494539815,0,0,19
4744,0,9496541013,9496540999,0,0,13
4745,0,9498543405,9498543438,0,0,-32
4746,0,9500545995,9500546016,0,0,-21
4747,0,9502549244,9502549233,0,0,11
4748,0,9504552148,9504552125,0,0,22
4749,0,9506552498,9506552488,0,0,10
4750,0,9508556184,9508556170,0,0,13
4751,0,9510559259,9510559228,0,0,31
4752,0,9512562279,9512562322,0,0,-42
4753,0,9514563413,9514563456,0,0,-42
4754,0,9516564667,9516564698,0,0,-31
4755,0,9518566821,9518566792,0,0,29
4756,0,9520569460,9520569446,0,0,13
4757,0,9522571174,9522571200,0,0,-26
4758,0,9524572416,9524572446,0,0,-29
4759,0,9526574604,9526574637,0,0,-32
4760,0,9528578348,9528578312,0,0,35
4761,0,9530580498,9530580465,0,0,33
4762,0,9532582891,9532582853,0,0,37
4763,0,9534584889,9534584878,0,0,11
4764,0,9536588000,9536587964,0,0,35
4765,0,9538589533,9538589548,0,0,-14
4766,0,9540591814,9540591832,0,0,-17
4767,0,9542593672,9542593698,0,0,-26
4768,0,9544595722,9544595687,0,0,35
4769,0,9546597905,9546597872,0,0,32
4770,0,9548599256,9548599206,0,0,49
4771,0,9550602425,9550602403,0,0,22
4772,0,9552605171,9552605148,0,0,23
4773,0,9554606753,9554606808,0,0,-54
4774,0,9556608072,9556608025,0,0,47
4775,0,9558611198,9558611166,0,0,31
4776,0,9560612111,9560612058,0,0,52
4777,0,9562614846,9562614810,0,0,35
4778,0,9564618420,9564618373,0,0,47
4779,0,9566620651,9566620626,0,0,24
4780,0,9568625410,9568625400,0,0,10
4781,0,9570624684,9570624674,0,0,10
4782,0,9572626737,9572626707,0,0,29
4783,0,9574628725,9574628697,0,0,28
4784,0,9576631330,9576631301,0,0,29
4785,0,9578633845,9578633882,0,0,-36
4786,0,9580636017,9580636005,0,0,12
4787,0,9582638183,9582638158,0,0,24
4788,0,9584640959,9584640992,0,0,-32
4789,0,9586642767,9586642790,0,0,-22
4790,0,9588644555,9588644546,0,0,8
4791,0,9590645663,9590645678,0,0,-15
4792,0,9592648184,9592648158,0,0,26
4793,0,9594651903,9594651866,0,0,37
4794,0,9596654060,9596653993,0,0,67
4795,0,9598656027,9598656002,0,0,25
4796,0,9600657529,9600657478,0,0,51
4797,0,9602660404,9602660338,0,0,65
4798,0,9604662857,9604662873,0,0,-15
4799,0,9606664773,9606664798,0,0,-24
4800,0,9608667098,9608667111,0,0,-13
4801,0,9610669346,9610669277,0,0,69
4802,0,9612671526,9612671479,0,0,47
4803,0,9614674088,9614674033,0,0,55
4804,0,9616676164,9616676115,0,0,48
4805,0,9618678129,9618678166,0,0,-36
4806,0,9620680631,9620680664,0,0,-33
4807,0,9622682303,9622682330,0,0,-26
4808,0,9624683224,9624683256,0,0,-31
4809,0,9626686671,9626686631,0,0,40
4810,0,9628689541,9628689521,0,0,20
4811,0,9630691804,9630691778,0,0,25
4812,0,9632694244,9632694235,0,0,8
4813,0,9634696904,9634696915,0,0,-11
4814,0,9636698276,9636698264,0,0,11
4815,0,9638701813,9638701805,0,0,7
4816,0,9640703637,9640703584,0,0,53
4817,0,9642704547,9642704519,0,0,27
4818,0,9644706283,9644706238,0,0,45
4819,0,9646709015,9646708976,0,0,39
4820,0,9648710619,9648710634,0,0,-15
4821,0,9650713554,9650713545,0,0,8
4822,0,9652715589,9652715500,0,0,89
4823,0,9654718148,9654718101,0,0,47
4824,0,9656720441,9656720392,0,0,49
4825,0,9658722822,9658722785,0,0,37
4826,0,9660724940,9660724919,0,0,20
4827,0,9662727251,9662727237,0,0,13
4828,0,9664729112,9664729070,0,0,41
4829,0,9666731633,9666731600,0,0,33
4830,0,9668735569,9668735520,0,0,49
4831,0,9670736096,9670736058,0,0,37
4832,0,9672736830,9672736793,0,0,37
4833,0,9674739665,9674739631,0,0,33
4834,0,9676742840,9676742791,0,0,49
4835,0,9678744914,9678744876,0,0,38
4836,0,9680747105,9680747069,0,0,35
4837,0,9682749220,9682749151,0,0,69
4838,0,9684750715,9684750671,0,0,43
4839,0,9686753670,9686753692,0,0,-21
4840,0,9688756405,9688756318,0,0,87
4841,0,9690758542,9690758491,0,0,51
4842,0,9692760813,9692760783,0,0,29
4843,0,9694762877,9694762856,0,0,20
4844,0,9696764992,9696764957,0,0,35
4845,0,9698768046,9698768007,0,0,38
4846,0,9700769698,9700769640,0,0,58
4847,0,9702772808,9702772793,0,0,15
4848,0,9704774961,9704774997,0,0,-36
4849,0,9706775995,9706776028,0,0,-33
4850,0,9708778429,9708778419,0,0,10
4851,0,9710780633,9710780620,0,0,13
4852,0,9712782661,9712782642,0,0,19
4853,0,9714784821,9714784794,0,0,26
4854,0,9716786161,9716786141,0,0,19
4855,0,9718790040,9718790011,0,0,29
4856,0,9720791949,9720791997,0,0,-47
4857,0,9722794066,9722794087,0,0,-20
4858,0,9724796053,9724796027,0,0,25
4859,0,9726797996,9726797975,0,0,20
4860,0,9728799454,9728799427,0,0,26
4861,0,9730803546,9730803493,0,0,53
4862,0,9732803916,9732803883,0,0,33
4863,0,9734806950,9734806934,0,0,15
4864,0,9736808348,9736808384,0,0,-35
4865,0,9738811542,9738811579,0,0,-36
4866,0,9740814017,9740814050,0,0,-33
4867,0,9742815658,9742815638,0,0,19
4868,0,9744817581,9744817527,0,0,53
4869,0,9746820649,9746820626,0,0,23
4870,0,9748821615,9748821568,0,0,46
4871,0,9750824938,9750824902,0,0,35
4872,0,9752827279,9752827247,0,0,32
4873,0,9754829640,9754829653,0,0,-13
4874,0,9756831272,9756831310,0,0,-38
4875,0,9758832565,9758832637,0,0,-71
4876,0,9760835174,9760835215,0,0,-40
4877,0,9762839575,9762839537,0,0,38
4878,0,9764841093,9764841065,0,0,28
4879,0,9766842491,9766842461,0,0,29
4880,0,9768845584,9768845547,0,0,37
4881,0,9770847288,9770847239,0,0,49
4882,0,9772849451,9772849431,0,0,20
4883,0,9774851397,9774851388,0,0,8
4884,0,9776852887,9776852860,0,0,26
4885,0,9778855866,9778855840,0,0,26
4886,0,9780857276,9780857262,0,0,13
4887,0,9782860412,9782860391,0,0,20
4888,0,9784862950,9784863001,0,0,-51
4889,0,9786865393,9786865431,0,0,-38
4890,0,9788868221,9788868186,0,0,35
4891,0,9790870459,9790870485,0,0,-25
4892,0,9792871755,9792871718,0,0,37
4893,0,9794875185,9794875146,0,0,39
4894,0,9796876315,9796876268,0,0,47
4895,0,9798878296,9798878288,0,0,7
4896,0,9800880459,9800880422,0,0,37
4897,0,9802881573,9802881604,0,0,-31
4898,0,9804884393,9804884431,0,0,-37
4899,0,9806887272,9806887319,0,0,-46
4900,0,9808889294,9808889271,0,0,23
4901,0,9810890900,9810890880,0,0,19
4902,0,9812894050,9812894015,0,0,34
4903,0,9814896097,9814896085,0,0,11
4904,0,9816898292,9816898267,0,0,24
4905,0,9818899688,9818899653,0,0,35
4906,0,9820902695,9820902666,0,0,29
4907,0,9822903878,9822903847,0,0,31
4908,0,9824906250,9824906226,0,0,23
4909,0,9826909729,9826909674,0,0,55
4910,0,9828911950,9828911922,0,0,27
4911,0,9830914437,9830914415,0,0,22
4912,0,9832916640,9832916592,0,0,48
4913,0,9834918383,9834918334,0,0,49
4914,0,9836920916,9836920867,0,0,49
4915,0,9838922761,9838922712,0,0,49
4916,0,9840924698,9840924607,0,0,91
4917,0,9842926107,9842926040,0,0,67
4918,0,9844928723,9844928664,0,0,59
4919,0,9846931946,9846931888,0,0,58
4920,0,9848934024,9848933969,0,0,55
4921,0,9850936324,9850936265,0,0,59
4922,0,9852938334,9852938287,0,0,46
4923,0,9854939341,9854939297,0,0,43
4924,0,9856941912,9856941869,0,0,42
4925,0,9858945778,9858945755,0,0,23
4926,0,9860946494,9860946520,0,0,-26
4927,0,9862949771,9862949794,0,0,-22
4928,0,9864952645,9864952608,0,0,37
4929,0,9866953973,9866953919,0,0,53
4930,0,9868957941,9868957928,0,0,13
4931,0,9870958951,9870958916,0,0,34
4932,0,9872961384,9872961327,0,0,57
4933,0,9874963064,9874963011,0,0,53
4934,0,9876965108,9876965137,0,0,-28
4935,0,9878967415,9878967447,0,0,-32
4936,0,9880969608,9880969619,0,0,-10
4937,0,9882971700,9882971714,0,0,-13
4938,0,9884973027,9884972979,0,0,47
4939,0,9886976077,9886976039,0,0,38
4940,0,9888978308,9888978323,0,0,-15
4941,0,9890980364,9890980319,0,0,45
4942,0,9892981924,9892981867,0,0,57
4943,0,9894985240,9894985193,0,0,47
4944,0,9896987250,9896987268,0,0,-17
4945,0,9898989389,9898989419,0,0,-29
4946,0,9900990919,9900990946,0,0,-26
4947,0,9902993750,9902993770,0,0,-20
4948,0,9904995221,9904995155,0,0,65
4949,0,9906997359,9906997344,0,0,15
4950,0,9908999656,9908999620,0,0,35
4951,0,9911001933,9911001947,0,0,-13
4952,0,9913004912,9913004929,0,0,-16
4953,0,9915006228,9915006262,0,0,-34
4954,0,9917008954,9917008945,0,0,8
4955,0,9919011640,9919011598,0,0,41
4956,0,9921013725,9921013668,0,0,57
4957,0,9923016991,9923017008,0,0,-16
4958,0,9925017602,9925017591,0,0,10
4959,0,9927020769,9927020722,0,0,47
4960,0,9929021769,9929021725,0,0,43
4961,0,9931024331,9931024257,0,0,74
4962,0,9933027751,9933027698,0,0,53
4963,0,9935029435,9935029377,0,0,58
4964,0,9937030820,9937030761,0,0,58
4965,0,9939032760,9939032720,0,0,40
4966,0,9941035442,9941035370,0,0,71
4967,0,9943038359,9943038310,0,0,49
4968,0,9945040709,9945040662,0,0,47
4969,0,9947041687,9947041649,0,0,37
4970,0,9949044156,9949044148,0,0,8
4971,0,9951047259,9951047240,0,0,18
4972,0,9953049443,9953049433,0,0,10
4973,0,9955051698,9955051690,0,0,7
4974,0,9957052764,9957052721,0,0,43
4975,0,9959056367,9959056341,0,0,25
4976,0,9961060145,9961060107,0,0,37
4977,0,9963061004,9963060982,0,0,22
4978,0,9965063748,9965063725,0,0,23
4979,0,9967066087,9967066053,0,0,33
4980,0,9969070103,9969070074,0,0,29
4981,0,9971069640,9971069611,0,0,29
4982,0,9973071318,9973071291,0,0,26
4983,0,9975073926,9975073876,0,0,50
4984,0,9977075238,9977075207,0,0,30
4985,0,9979078577,9979078503,0,0,74
4986,0,9981080883,9981080862,0,0,20
4987,0,9983082536,9983082575,0,0,-39
4988,0,9985084216,9985084249,0,0,-33
4989,0,9987087492,9987087543,0,0,-51
4990,0,9989090748,9989090759,0,0,-11
4991,0,9991091930,9991091957,0,0,-27
4992,0,9993093921,9993093889,0,0,32
4993,0,9995095369,9995095342,0,0,26
4994,0,9997098494,9997098461,0,0,32
4995,0,9999099846,9999099831,0,0,15
4996,0,10001102661,10001102595,0,0,66
4997,0,10003104065,10003104033,0,0,31
4998,0,10005106689,10005106667,0,0,22
4999,0,10007109557,10007109510,0,0,47
5000,0,10009110895,10009110903,0,0,-8
5001,0,10011114150,10011114176,0,0,-25
5002,0,10013116471,10013116521,0,0,-49
5003,0,10015118883,10015118921,0,0,-38
5004,0,10017120595,10017120603,0,0,-8
5005,0,10019122280,10019122242,0,0,38
5006,0,10021126241,10021126235,0,0,5
5007,0,10023128214,10023128199,0,0,15
5008,0,10025129653,10025129613,0,0,39
5009,0,10027130730,10027130689,0,0,40
5010,0,10029133040,10029133050,0,0,-9
5011,0,10031135141,10031135117,0,0,24
5012,0,10033137824,10033137777,0,0,47
5013,0,10035140914,10035140874,0,0,40
5014,0,10037142487,10037142454,0,0,33
5015,0,10039146116,10039146063,0,0,53
5016,0,10041148060,10041148026,0,0,33
5017,0,10043150507,10043150471,0,0,35
5018,0,10045151788,10045151777,0,0,11
5019,0,10047153147,10047153128,0,0,18
5020,0,10049157296,10049157266,0,0,30
5021,0,10051158848,10051158838,0,0,9
5022,0,10053161916,10053161887,0,0,29
5023,0,10055162712,10055162685,0,0,26
5024,0,10057164701,10057164668,0,0,33
5025,0,10059167381,10059167377,0,0,4
5026,0,10061168788,10061168818,0,0,-29
5027,0,10063172070,10063172103,0,0,-33
5028,0,10065174026,10065173986,0,0,40
5029,0,10067175371,10067175336,0,0,35
5030,0,10069178733,10069178704,0,0,29
5031,0,10071179697,10071179656,0,0,41
5032,0,10073182333,10073182307,0,0,25
5033,0,10075185519,10075185512,0,0,6
5034,0,10077187823,10077187766,0,0,57
5035,0,10079189149,10079189098,0,0,50
5036,0,10081192163,10081192121,0,0,42
5037,0,10083194118,10083194051,0,0,67
5038,0,10085197023,10085196929,0,0,94
5039,0,10087198485,10087198507,0,0,-22
5040,0,10089201051,10089201067,0,0,-15
5041,0,10091204353,10091204364,0,0,-11
5042,0,10093205449,10093205469,0,0,-20
5043,0,10095207628,10095207591,0,0,37
5044,0,10097209594,10097209528,0,0,65
5045,0,10099210995,10099211028,0,0,-32
5046,0,10101214384,10101214326,0,0,57
5047,0,10103216669,10103216640,0,0,29
5048,0,10105218312,10105218296,0,0,15
5049,0,10107220337,10107220366,0,0,-29
5050,0,10109223608,10109223650,0,0,-41
5051,0,10111225155,10111225119,0,0,35
5052,0,10113226757,10113226732,0,0,25
5053,0,10115229770,10115229722,0,0,47
5054,0,10117231974,10117231949,0,0,24
5055,0,10119234062,10119234026,0,0,35
5056,0,10121235768,10121235806,0,0,-37
5057,0,10123238552,10123238582,0,0,-29
5058,0,10125239699,10125239722,0,0,-22
5059,0,10127242216,10127242231,0,0,-14
5060,0,10129245395,10129245414,0,0,-18
5061,0,10131247931,10131247956,0,0,-24
5062,0,10133249822,10133249851,0,0,-28
5063,0,10135252004,10135251967,0,0,37
5064,0,10137254152,10137254147,0,0,4
5065,0,10139255346,10139255363,0,0,-16
5066,0,10141257942,10141257968,0,0,-25
5067,0,10143261013,10143261038,0,0,-24
5068,0,10145263258,10145263280,0,0,-22
5069,0,10147265570,10147265609,0,0,-38
5070,0,10149268298,10149268310,0,0,-11
5071,0,10151269701,10151269741,0,0,-39
5072,0,10153271813,10153271802,0,0,11
5073,0,10155273025,10155273015,0,0,9
5074,0,10157276049,10157275996,0,0,53
5075,0,10159278823,10159278792,0,0,31
5076,0,10161280840,10161280790,0,0,49
5077,0,10163282176,10163282137,0,0,39
5078,0,10165284836,10165284788,0,0,47
5079,0,10167287664,10167287687,0,0,-23
5080,0,10169291309,10169291341,0,0,-31
5081,0,10171292337,10171292358,0,0,-20
5082,0,10173294939,10173294957,0,0,-17
5083,0,10175296451,10175296455,0,0,-4
5084,0,10177297701,10177297660,0,0,41
5085,0,10179300195,10179300145,0,0,49
5086,0,10181304376,10181304322,0,0,53
5087,0,10183306079,10183306022,0,0,56
5088,0,10185307767,10185307727,0,0,40
5089,0,10187309957,10187309923,0,0,33
5090,0,10189312543,10189312465,0,0,78
5091,0,10191314479,10191314423,0,0,56
5092,0,10193316811,10193316741,0,0,69
5093,0,10195318713,10195318674,0,0,39
5094,0,10197320009,10197320022,0,0,-13
5095,0,10199323253,10199323276,0,0,-22
5096,0,10201325727,10201325678,0,0,49
5097,0,10203327973,10203327914,0,0,58
5098,0,10205329892,10205329871,0,0,21
5099,0,10207332265,10207332226,0,0,38
5100,0,10209334886,10209334861,0,0,24
5101,0,10211336803,10211336820,0,0,-17
5102,0,10213339948,10213339930,0,0,18
5103,0,10215342229,10215342192,0,0,37
5104,0,10217344775,10217344726,0,0,48
5105,0,10219345711,10219345665,0,0,45
5106,0,10221347749,10221347696,0,0,52
5107,0,10223350188,10223350134,0,0,54
5108,0,10225352963,10225352900,0,0,62
5109,0,10227355821,10227355808,0,0,12
5110,0,10229357730,10229357683,0,0,47
5111,0,10231359076,10231359041,0,0,34
5112,0,10233361254,10233361275,0,0,-20
5113,0,10235363607,10235363567,0,0,40
5114,0,10237365939,10237365958,0,0,-19
5115,0,10239367781,10239367823,0,0,-42
5116,0,10241370364,10241370378,0,0,-14
5117,0,10243372413,10243372460,0,0,-46
5118,0,10245375336,10245375286,0,0,49
5119,0,10247376123,10247376059,0,0,63
5120,0,10249378937,10249378902,0,0,34
5121,0,10251381113,10251381066,0,0,47
5122,0,10253383657,10253383633,0,0,23
5123,0,10255386656,10255386628,0,0,27
5124,0,10257389272,10257389213,0,0,58
5125,0,10259390449,10259390421,0,0,27
5126,0,10261392341,10261392298,0,0,43
5127,0,10263394417,10263394388,0,0,29
5128,0,10265396792,10265396744,0,0,47
5129,0,10267399509,10267399488,0,0,20
5130,0,10269403257,10269403238,0,0,19
5131,0,10271403420,10271403412,0,0,8
5132,0,10273405206,10273405243,0,0,-36
5133,0,10275407182,10275407229,0,0,-47
5134,0,10277411252,10277411253,0,0,-1
5135,0,10279413350,10279413335,0,0,14
5136,0,10281415413,10281415439,0,0,-25
5137,0,10283415279,10283415319,0,0,-39
5138,0,10285418084,10285418069,0,0,14
5139,0,10287421261,10287421235,0,0,25
5140,0,10289423782,10289423764,0,0,17
5141,0,10291425894,10291425855,0,0,38
5142,0,10293428039,10293428020,0,0,18
5143,0,10295430022,10295429997,0,0,25
5144,0,10297432031,10297432008,0,0,22
5145,0,10299433366,10299433340,0,0,25
5146,0,10301435928,10301435886,0,0,42
5147,0,10303438851,10303438797,0,0,53
5148,0,10305440031,10305440058,0,0,-26
5149,0,10307442398,10307442417,0,0,-19
5150,0,10309446867,10309446884,0,0,-17
5151,0,10311447933,10311447915,0,0,17
5152,0,10313449107,10313449053,0,0,53
5153,0,10315452289,10315452251,0,0,37
5154,0,10317454761,10317454743,0,0,18
5155,0,10319456716,10319456706,0,0,10
5156,0,10321459222,10321459200,0,0,21
5157,0,10323461071,10323461066,0,0,5
5158,0,10325462754,10325462720,0,0,33
5159,0,10327465249,10327465219,0,0,29
5160,0,10329466790,10329466760,0,0,29
5161,0,10331469310,10331469302,0,0,7
5162,0,10333472330,10333472383,0,0,-52
5163,0,10335474579,10335474527,0,0,52
5164,0,10337476370,10337476301,0,0,68
5165,0,10339478785,10339478811,0,0,-26
5166,0,10341480712,10341480703,0,0,8
5167,0,10343485622,10343485577,0,0,44
5168,0,10345486663,10345486674,0,0,-11
5169,0,10347487806,10347487762,0,0,43
5170,0,10349489219,10349489170,0,0,49
5171,0,10351492923,10351492885,0,0,38
5172,0,10353494950,10353494912,0,0,37
5173,0,10355497104,10355497130,0,0,-26
5174,0,10357499397,10357499371,0,0,25
5175,0,10359502183,10359502159,0,0,23
5176,0,10361504563,10361504542,0,0,20
5177,0,10363506070,10363506033,0,0,36
5178,0,10365508400,10365508355,0,0,44
5179,0,10367510166,10367510137,0,0,29
5180,0,10369514032,10369513973,0,0,59
5181,0,10371514784,10371514722,0,0,61
5182,0,10373518035,10373518014,0,0,20
5183,0,10375521763,10375521709,0,0,53
5184,0,10377521378,10377521401,0,0,-22
5185,0,10379523945,10379523912,0,0,32
5186,0,10381525947,10381525904,0,0,42
5187,0,10383528631,10383528587,0,0,43
5188,0,10385530541,10385530484,0,0,57
5189,0,10387532335,10387532345,0,0,-9
5190,0,10389533674,10389533654,0,0,20
5191,0,10391536552,10391536577,0,0,-25
5192,0,10393538229,10393538220,0,0,8
5193,0,10395541067,10395541035,0,0,31
5194,0,10397542592,10397542602,0,0,-9
5195,0,10399545997,10399546013,0,0,-16
5196,0,10401547980,10401547932,0,0,47
5197,0,10403550314,10403550274,0,0,40
5198,0,10405552480,10405552494,0,0,-13
5199,0,10407555613,10407555568,0,0,44
5200,0,10409556825,10409556842,0,0,-17
5201,0,10411558907,10411558913,0,0,-6
5202,0,10413560617,10413560635,0,0,-18
5203,0,10415563369,10415563338,0,0,31
5204,0,10417564692,10417564665,0,0,27
5205,0,10419566871,10419566840,0,0,30
5206,0,10421570515,10421570471,0,0,44
5207,0,10423572527,10423572556,0,0,-29
5208,0,10425574990,10425575024,0,0,-34
5209,0,10427577415,10427577431,0,0,-16
5210,0,10429579912,10429579861,0,0,50
5211,0,10431580912,10431580901,0,0,10
5212,0,10433582604,10433582561,0,0,43
5213,0,10435585621,10435585596,0,0,24
5214,0,10437587031,10437586960,0,0,71
5215,0,10439589948,10439589924,0,0,23
5216,0,10441591260,10441591225,0,0,35
5217,0,10443593356,10443593484,0,0,-128
5218,0,10445596053,10445596071,0,0,-17
5219,0,10447598821,10447598805,0,0,15
5220,0,10449600639,10449600624,0,0,15
5221,0,10451603403,10451603361,0,0,42
5222,0,10453604901,10453604866,0,0,34
5223,0,10455607730,10455607687,0,0,42
5224,0,10457608691,10457608664,0,0,26
5225,0,10459611198,10459611184,0,0,13
5226,0,10461613932,10461613887,0,0,45
5227,0,10463616988,10463616954,0,0,33
5228,0,10465619161,10465619175,0,0,-13
5229,0,10467621609,10467621569,0,0,40
5230,0,10469625496,10469625429,0,0,67
5231,0,10471627838,10471627801,0,0,37
5232,0,10473629204,10473629152,0,0,52
5233,0,10475630597,10475630543,0,0,53
5234,0,10477633019,10477633002,0,0,17
5235,0,10479634554,10479634543,0,0,10
5236,0,10481636124,10481636069,0,0,55
5237,0,10483639016,10483639022,0,0,-5
5238,0,10485640352,10485640365,0,0,-12
5239,0,10487643485,10487643510,0,0,-25
5240,0,10489644983,10489644939,0,0,44
5241,0,10491646975,10491647007,0,0,-32
5242,0,10493651026,10493650959,0,0,67
5243,0,10495652447,10495652421,0,0,25
5244,0,10497654789,10497654752,0,0,37
5245,0,10499657206,10499657157,0,0,49
5246,0,10501659323,10501659268,0,0,55
5247,0,10503661341,10503661314,0,0,26
5248,0,10505663666,10505663644,0,0,21
5249,0,10507666215,10507666200,0,0,15
5250,0,10509668909,10509668885,0,0,23
5251,0,10511670292,10511670262,0,0,30
5252,0,10513672593,10513672549,0,0,44
5253,0,10515674664,10515674690,0,0,-26
5254,0,10517676112,10517676128,0,0,-16
5255,0,10519679433,10519679465,0,0,-31
5256,0,10521681400,10521681416,0,0,-16
5257,0,10523683759,10523683763,0,0,-3
5258,0,10525684720,10525684703,0,0,17
5259,0,10527687297,10527687283,0,0,14
5260,0,10529690657,10529690640,0,0,16
5261,0,10531692933,10531692905,0,0,28
5262,0,10533695085,10533695049,0,0,36
5263,0,10535698677,10535698638,0,0,39
5264,0,10537699361,10537699334,0,0,26
5265,0,10539701692,10539701681,0,0,11
5266,0,10541703874,10541703856,0,0,18
5267,0,10543706513,10543706476,0,0,36
5268,0,10545708427,10545708442,0,0,-14
5269,0,10547710483,10547710453,0,0,29
5270,0,10549712836,10549712791,0,0,45
5271,0,10551715096,10551715067,0,0,29
5272,0,10553716927,10553716883,0,0,43
5273,0,10555718217,10555718184,0,0,32
5274,0,10557720364,10557720342,0,0,21
5275,0,10559723053,10559723034,0,0,19
5276,0,10561726356,10561726330,0,0,25
5277,0,10563728287,10563728277,0,0,10
5278,0,10565730410,10565730403,0,0,6
5279,0,10567732840,10567732820,0,0,19
5280,0,10569736539,10569736514,0,0,24
5281,0,10571736867,10571736853,0,0,13
5282,0,10573738775,10573738741,0,0,34
5283,0,10575741507,10575741482,0,0,25
5284,0,10577743906,10577743831,0,0,74
5285,0,10579745966,10579745922,0,0,43
5286,0,10581748175,10581748116,0,0,58
5287,0,10583750521,10583750472,0,0,49
5288,0,10585752899,10585752810,0,0,89
5289,0,10587755123,10587755128,0,0,-4
5290,0,10589756804,10589756819,0,0,-14
5291,0,10591758328,10591758303,0,0,24
5292,0,10593761826,10593761795,0,0,31
5293,0,10595763698,10595763678,0,0,19
5294,0,10597766372,10597766300,0,0,71
5295,0,10599769332,10599769298,0,0,33
5296,0,10601771928,10601771921,0,0,6
5297,0,10603773155,10603773117,0,0,37
5298,0,10605774656,10605774613,0,0,43
5299,0,10607776421,10607776372,0,0,49
5300,0,10609779202,10609779238,0,0,-35
5301,0,10611780571,10611780537,0,0,34
5302,0,10613783782,10613783747,0,0,34
5303,0,10615786343,10615786279,0,0,63
5304,0,10617788658,10617788634,0,0,23
5305,0,10619790153,10619790108,0,0,44
5306,0,10621791828,10621791778,0,0,49
5307,0,10623794826,10623794777,0,0,48
5308,0,10625796499,10625796443,0,0,56
5309,0,10627800173,10627800134,0,0,38
5310,0,10629801832,10629801827,0,0,4
5311,0,10631803770,10631803800,0,0,-29
5312,0,10633806130,10633806157,0,0,-26
5313,0,10635807721,10635807746,0,0,-24
5314,0,10637810820,10637810839,0,0,-19
5315,0,10639812547,10639812582,0,0,-35
5316,0,10641813912,10641813900,0,0,11
5317,0,10643816151,10643816164,0,0,-13
5318,0,10645819856,10645819866,0,0,-10
5319,0,10647821728,10647821745,0,0,-16
5320,0,10649823968,10649824000,0,0,-32
5321,0,10651826265,10651826224,0,0,40
5322,0,10653828212,10653828161,0,0,51
5323,0,10655829362,10655829326,0,0,35
5324,0,10657831685,10657831716,0,0,-31
5325,0,10659834936,10659834964,0,0,-28
5326,0,10661837478,10661837469,0,0,8
5327,0,10663839993,10663840020,0,0,-26
5328,0,10665842523,10665842489,0,0,34
5329,0,10667842738,10667842690,0,0,47
5330,0,10669847180,10669847132,0,0,47
5331,0,10671848092,10671848044,0,0,47
5332,0,10673849364,10673849330,0,0,34
5333,0,10675851512,10675851480,0,0,31
5334,0,10677854242,10677854215,0,0,27
5335,0,10679857919,10679857872,0,0,47
5336,0,10681859624,10681859641,0,0,-17
5337,0,10683861391,10683861346,0,0,45
5338,0,10685862632,10685862602,0,0,30
5339,0,10687864849,10687864876,0,0,-26
5340,0,10689867816,10689867795,0,0,20
5341,0,10691870606,10691870645,0,0,-39
5342,0,10693872646,10693872569,0,0,76
5343,0,10695873737,10695873701,0,0,35
5344,0,10697877116,10697877087,0,0,29
5345,0,10699878727,10699878686,0,0,40
5346,0,10701881723,10701881703,0,0,20
5347,0,10703883735,10703883703,0,0,31
5348,0,10705885311,10705885256,0,0,55
5349,0,10707888375,10707888402,0,0,-27
5350,0,10709890730,10709890764,0,0,-33
5351,0,10711892692,10711892725,0,0,-33
5352,0,10713895186,10713895132,0,0,53
5353,0,10715897614,10715897579,0,0,35
5354,0,10717899270,10717899229,0,0,40
5355,0,10719900983,10719900955,0,0,27
5356,0,10721903849,10721903798,0,0,50
5357,0,10723905307,10723905283,0,0,23
5358,0,10725908433,10725908404,0,0,28
5359,0,10727910757,10727910720,0,0,37
5360,0,10729913504,10729913466,0,0,38
5361,0,10731913890,10731913910,0,0,-19
5362,0,10733916465,10733916487,0,0,-22
5363,0,10735919687,10735919705,0,0,-17
5364,0,10737921529,10737921455,0,0,74
5365,0,10739922847,10739922873,0,0,-26
5366,0,10741925062,10741925006,0,0,56
5367,0,10743927563,10743927539,0,0,24
5368,0,10745930620,10745930648,0,0,-28
5369,0,10747932489,10747932454,0,0,35
5370,0,10749934493,10749934474,0,0,19
5371,0,10751936918,10751936894,0,0,23
5372,0,10753939028,10753938970,0,0,57
5373,0,10755942098,10755942054,0,0,44
5374,0,10757943693,10757943705,0,0,-12
5375,0,10759945226,10759945178,0,0,48
5376,0,10761948458,10761948485,0,0,-26
5377,0,10763950542,10763950561,0,0,-18
5378,0,10765952349,10765952363,0,0,-13
5379,0,10767954840,10767954811,0,0,29
5380,0,10769958049,10769958011,0,0,38
5381,0,10771959696,10771959718,0,0,-22
5382,0,10773962030,10773961967,0,0,62
5383,0,10775963887,10775963849,0,0,38
5384,0,10777966483,10777966458,0,0,25
5385,0,10779968151,10779968112,0,0,39
5386,0,10781969914,10781969852,0,0,61
5387,0,10783972549,10783972514,0,0,34
5388,0,10785974334,10785974291,0,0,43
5389,0,10787977349,10787977299,0,0,49
5390,0,10789979901,10789979842,0,0,58
5391,0,10791982618,10791982573,0,0,45
5392,0,10793985155,10793985175,0,0,-20
5393,0,10795986089,10795986105,0,0,-15
5394,0,10797987869,10797987831,0,0,38
5395,0,10799990838,10799990831,0,0,6
5396,0,10801993224,10801993182,0,0,42
5397,0,10803995038,10803995026,0,0,12
5398,0,10805997400,10805997370,0,0,29
5399,0,10807999265,10807999259,0,0,5
5400,0,10810000373,10810000351,0,0,22
5401,0,10812003404,10812003383,0,0,20
5402,0,10814006176,10814006162,0,0,13
5403,0,10816007258,10816007239,0,0,19
5404,0,10818009323,10818009296,0,0,26
5405,0,10820012210,10820012225,0,0,-15
5406,0,10822015285,10822015280,0,0,5
5407,0,10824017622,10824017613,0,0,8
5408,0,10826020567,10826020541,0,0,25
5409,0,10828021916,10828021862,0,0,53
5410,0,10830024492,10830024440,0,0,52
5411,0,10832025844,10832025829,0,0,15
5412,0,10834027346,10834027317,0,0,29
5413,0,10836029699,10836029674,0,0,24
5414,0,10838033031,10838032984,0,0,47
5415,0,10840034988,10840034957,0,0,31
5416,0,10842036305,10842036291,0,0,14
5417,0,10844039932,10844039908,0,0,24
5418,0,10846042257,10846042224,0,0,32
5419,0,10848044413,10848044357,0,0,55
5420,0,10850046416,10850046369,0,0,47
5421,0,10852048994,10852048951,0,0,42
5422,0,10854051248,10854051193,0,0,55
5423,0,10856053942,10856053907,0,0,34
5424,0,10858056444,10858056388,0,0,56
5425,0,10860057494,10860057447,0,0,47
5426,0,10862059648,10862059602,0,0,45
5427,0,10864062030,10864061972,0,0,58
5428,0,10866063411,10866063377,0,0,34
5429,0,10868066421,10868066439,0,0,-17
5430,0,10870070662,10870070652,0,0,9
5431,0,10872070572,10872070586,0,0,-14
5432,0,10874072364,10874072331,0,0,33
5433,0,10876075841,10876075804,0,0,37
5434,0,10878078357,10878078351,0,0,5
5435,0,10880079856,10880079889,0,0,-33
5436,0,10882082258,10882082284,0,0,-25
5437,0,10884084353,10884084368,0,0,-14
5438,0,10886086489,10886086499,0,0,-10
5439,0,10888088243,10888088194,0,0,49
5440,0,10890092238,10890092272,0,0,-33
5441,0,10892093312,10892093339,0,0,-26
5442,0,10894095391,10894095417,0,0,-25
5443,0,10896097604,10896097640,0,0,-36
5444,0,10898099676,10898099650,0,0,25
5445,0,10900100894,10900100859,0,0,34
5446,0,10902104240,10902104251,0,0,-11
5447,0,10904106624,10904106660,0,0,-35
5448,0,10906109516,10906109539,0,0,-22
5449,0,10908111680,10908111640,0,0,39
5450,0,10910112240,10910112271,0,0,-31
5451,0,10912115166,10912115203,0,0,-36
5452,0,10914117413,10914117470,0,0,-57
5453,0,10916119904,10916119939,0,0,-34
5454,0,10918122070,10918122099,0,0,-29
5455,0,10920125139,10920125103,0,0,35
5456,0,10922128592,10922128545,0,0,47
5457,0,10924128542,10924128511,0,0,31
5458,0,10926130546,10926130498,0,0,47
5459,0,10928131977,10928131948,0,0,29
5460,0,10930135624,10930135592,0,0,32
5461,0,10932137817,10932137779,0,0,37
5462,0,10934140081,10934140027,0,0,53
5463,0,10936141805,10936141782,0,0,23
5464,0,10938143536,10938143559,0,0,-22
5465,0,10940146577,10940146546,0,0,30
5466,0,10942148590,10942148557,0,0,33
5467,0,10944150758,10944150730,0,0,28
5468,0,10946153593,10946153620,0,0,-26
5469,0,10948155943,10948155904,0,0,39
5470,0,10950158330,10950158251,0,0,78
5471,0,10952159521,10952159495,0,0,25
5472,0,10954162247,10954162221,0,0,25
5473,0,10956164288,10956164260,0,0,28
5474,0,10958166524,10958166485,0,0,38
5475,0,10960168819,10960168790,0,0,29
5476,0,10962171284,10962171231,0,0,52
5477,0,10964173404,10964173380,0,0,24
5478,0,10966175855,10966175804,0,0,51
5479,0,10968178105,10968178130,0,0,-24
5480,0,10970181429,10970181442,0,0,-13
5481,0,10972181961,10972181923,0,0,38
5482,0,10974183953,10974183932,0,0,20
5483,0,10976186171,10976186134,0,0,37
5484,0,10978187900,10978187865,0,0,35
5485,0,10980190898,10980190932,0,0,-33
5486,0,10982192287,10982192241,0,0,46
5487,0,10984196009,10984195984,0,0,25
5488,0,10986197696,10986197656,0,0,39
5489,0,10988200637,10988200605,0,0,31
5490,0,10990201558,10990201534,0,0,23
5491,0,10992204152,10992204115,0,0,36
5492,0,10994205507,10994205463,0,0,43
5493,0,10996208975,10996208926,0,0,49
5494,0,10998210887,10998210923,0,0,-36
5495,0,11000213966,11000214005,0,0,-39
5496,0,11002216609,11002216636,0,0,-26
5497,0,11004217817,11004217781,0,0,35
5498,0,11006220286,11006220226,0,0,59
5499,0,11008222310,11008222300,0,0,10
5500,0,11010224732,11010224690,0,0,41
5501,0,11012227235,11012227175,0,0,60
5502,0,11014229160,11014229134,0,0,25
5503,0,11016230910,11016230916,0,0,-6
5504,0,11018232968,11018232979,0,0,-11
5505,0,11020235435,11020235444,0,0,-8
5506,0,11022237744,11022237759,0,0,-14
5507,0,11024240221,11024240227,0,0,-6
5508,0,11026242505,11026242512,0,0,-6
5509,0,11028244222,11028244175,0,0,47
5510,0,11030245894,11030245828,0,0,65
5511,0,11032249190,11032249151,0,0,38
5512,0,11034250653,11034250602,0,0,51
5513,0,11036251872,11036251829,0,0,43
5514,0,11038254667,11038254643,0,0,24
5515,0,11040257662,11040257650,0,0,11
5516,0,11042260253,11042260235,0,0,17
5517,0,11044262214,11044262194,0,0,20
5518,0,11046264248,11046264216,0,0,31
5519,0,11048265884,11048265878,0,0,5
5520,0,11050269497,11050269560,0,0,-62
5521,0,11052271842,11052271890,0,0,-48
5522,0,11054272173,11054272122,0,0,51
5523,0,11056274824,11056274775,0,0,49
5524,0,11058277986,11058277949,0,0,37
5525,0,11060279958,11060279921,0,0,37
5526,0,11062282197,11062282225,0,0,-27
5527,0,11064284820,11064284766,0,0,53
5528,0,11066286570,11066286582,0,0,-11
5529,0,11068287752,11068287715,0,0,37
5530,0,11070291382,11070291348,0,0,33
5531,0,11072293104,11072293079,0,0,24
5532,0,11074294610,11074294575,0,0,34
5533,0,11076297947,11076297979,0,0,-31
5534,0,11078300373,11078300346,0,0,26
5535,0,11080301879,11080301934,0,0,-54
5536,0,11082303242,11082303295,0,0,-53
5537,0,11084306422,11084306466,0,0,-44
5538,0,11086307861,11086307887,0,0,-26
5539,0,11088310957,11088310948,0,0,8
5540,0,11090313420,11090313406,0,0,13
5541,0,11092315368,11092315357,0,0,11
5542,0,11094316768,11094316755,0,0,13
5543,0,11096319642,11096319611,0,0,31
5544,0,11098321250,11098321213,0,0,37
5545,0,11100324290,11100324320,0,0,-29
5546,0,11102326739,11102326712,0,0,26
5547,0,11104329001,11104328954,0,0,47
5548,0,11106330454,11106330397,0,0,57
5549,0,11108332450,11108332407,0,0,42
5550,0,11110335475,11110335389,0,0,85
5551,0,11112337525,11112337487,0,0,37
5552,0,11114339514,11114339548,0,0,-33
5553,0,11116342455,11116342397,0,0,57
5554,0,11118344638,11118344578,0,0,59
5555,0,11120346730,11120346691,0,0,39
5556,0,11122349330,11122349262,0,0,67
5557,0,11124351083,11124351001,0,0,81
5558,0,11126353195,11126353129,0,0,66
5559,0,11128354831,11128354791,0,0,39
5560,0,11130357404,11130357353,0,0,51
5561,0,11132358715,11132358674,0,0,41
5562,0,11134361455,11134361395,0,0,59
5563,0,11136364368,11136364324,0,0,44
5564,0,11138366694,11138366659,0,0,35
5565,0,11140369163,11140369122,0,0,40
5566,0,11142371725,11142371671,0,0,53
5567,0,11144373072,11144373025,0,0,47
5568,0,11146374494,11146374470,0,0,23
5569,0,11148378785,11148378795,0,0,-10
5570,0,11150380511,11150380474,0,0,37
5571,0,11152382253,11152382203,0,0,49
5572,0,11154383376,11154383289,0,0,87
5573,0,11156385789,11156385752,0,0,37
5574,0,11158389212,11158389180,0,0,31
5575,0,11160391710,11160391697,0,0,12
5576,0,11162393206,11162393173,0,0,33
5577,0,11164394602,11164394586,0,0,15
5578,0,11166397917,11166397896,0,0,20
5579,0,11168399855,11168399840,0,0,15
5580,0,11170403033,11170403001,0,0,31
5581,0,11172404354,11172404320,0,0,33
5582,0,11174405977,11174405924,0,0,53
5583,0,11176409448,11176409427,0,0,20
5584,0,11178411236,11178411248,0,0,-11
5585,0,11180414476,11180414451,0,0,24
5586,0,11182416141,11182416118,0,0,22
5587,0,11184417729,11184417770,0,0,-41
5588,0,11186420334,11186420256,0,0,78
5589,0,11188422096,11188422058,0,0,38
5590,0,11190423532,11190423473,0,0,59
5591,0,11192426979,11192427014,0,0,-35
5592,0,11194429262,11194429290,0,0,-28
5593,0,11196430808,11196430842,0,0,-33
5594,0,11198432556,11198432584,0,0,-28
5595,0,11200435282,11200435321,0,0,-38
5596,0,11202437438,11202437472,0,0,-34
5597,0,11204440331,11204440311,0,0,20
5598,0,11206442316,11206442258,0,0,58
5599,0,11208444703,11208444676,0,0,26
5600,0,11210446853,11210446813,0,0,40
5601,0,11212449061,11212449011,0,0,49
5602,0,11214451614,11214451585,0,0,29
5603,0,11216453359,11216453328,0,0,30
5604,0,11218456179,11218456114,0,0,65
5605,0,11220457988,11220457947,0,0,40
5606,0,11222460642,11222460583,0,0,58
5607,0,11224462274,11224462236,0,0,37
5608,0,11226464510,11226464474,0,0,35
5609,0,11228466448,11228466395,0,0,52
5610,0,11230467894,11230467858,0,0,35
5611,0,11232470171,11232470202,0,0,-30
5612,0,11234473647,11234473664,0,0,-16
5613,0,11236475564,11236475597,0,0,-32
5614,0,11238478017,11238477991,0,0,26
5615,0,11240479912,11240479923,0,0,-11
5616,0,11242482251,11242482289,0,0,-38
5617,0,11244484660,11244484698,0,0,-37
5618,0,11246487350,11246487329,0,0,21
5619,0,11248488832,11248488791,0,0,41
5620,0,11250490224,11250490166,0,0,58
5621,0,11252493702,11252493694,0,0,8
5622,0,11254496233,11254496175,0,0,57
5623,0,11256497993,11256497952,0,0,40
5624,0,11258500509,11258500471,0,0,37
5625,0,11260502530,11260502509,0,0,21
5626,0,11262505051,11262505029,0,0,22
5627,0,11264506850,11264506835,0,0,15
5628,0,11266509609,11266509589,0,0,20
5629,0,11268511389,11268511366,0,0,23
5630,0,11270514803,11270514743,0,0,59
5631,0,11272515697,11272515670,0,0,26
5632,0,11274517854,11274517815,0,0,38
5633,0,11276521689,11276521743,0,0,-54
5634,0,11278523039,11278523001,0,0,38
5635,0,11280524488,11280524460,0,0,28
5636,0,11282525873,11282525858,0,0,15
5637,0,11284527973,11284527918,0,0,54
5638,0,11286530099,11286530069,0,0,30
5639,0,11288532476,11288532447,0,0,29
5640,0,11290535537,11290535494,0,0,42
5641,0,11292536932,11292536921,0,0,11
5642,0,11294540226,11294540193,0,0,33
5643,0,11296542175,11296542152,0,0,23
5644,0,11298544033,11298544019,0,0,13
5645,0,11300546746,11300546765,0,0,-19
5646,0,11302547934,11302547939,0,0,-4
5647,0,11304551208,11304551224,0,0,-15
5648,0,11306554743,11306554764,0,0,-21
5649,0,11308557296,11308557285,0,0,11
5650,0,11310558678,11310558631,0,0,47
5651,0,11312560017,11312560007,0,0,10
5652,0,11314561083,11314561030,0,0,53
5653,0,11316563462,11316563445,0,0,17
5654,0,11318565919,11318565907,0,0,11
5655,0,11320569750,11320569792,0,0,-41
5656,0,11322570871,11322570856,0,0,15
5657,0,11324572271,11324572307,0,0,-36
5658,0,11326574577,11326574608,0,0,-31
5659,0,11328576770,11328576747,0,0,22
5660,0,11330579614,11330579649,0,0,-34
5661,0,11332582524,11332582475,0,0,49
5662,0,11334584790,11334584764,0,0,25
5663,0,11336586611,11336586568,0,0,43
5664,0,11338588183,11338588218,0,0,-35
5665,0,11340591698,11340591662,0,0,35
5666,0,11342594622,11342594579,0,0,42
5667,0,11344595645,11344595617,0,0,27
5668,0,11346597696,11346597681,0,0,14
5669,0,11348599284,11348599334,0,0,-49
5670,0,11350603046,11350603069,0,0,-22
5671,0,11352604784,11352604821,0,0,-36
5672,0,11354606867,11354606881,0,0,-14
5673,0,11356609011,11356608997,0,0,13
5674,0,11358610456,11358610442,0,0,13
5675,0,11360613688,11360613638,0,0,50
5676,0,11362616186,11362616129,0,0,57
5677,0,11364617696,11364617659,0,0,37
5678,0,11366618993,11366618934,0,0,58
5679,0,11368621912,11368621862,0,0,50
5680,0,11370626246,11370626269,0,0,-23
5681,0,11372626681,11372626690,0,0,-8
5682,0,11374629743,11374629701,0,0,42
5683,0,11376631226,11376631251,0,0,-24
5684,0,11378632482,11378632496,0,0,-14
5685,0,11380634925,11380634901,0,0,24
5686,0,11382637987,11382637946,0,0,41
5687,0,11384640595,11384640554,0,0,40
5688,0,11386642628,11386642606,0,0,22
5689,0,11388645559,11388645585,0,0,-26
5690,0,11390646869,11390646830,0,0,39
5691,0,11392648253,11392648240,0,0,13
5692,0,11394651986,11394651949,0,0,37
5693,0,11396653415,11396653357,0,0,57
5694,0,11398655114,11398655125,0,0,-11
5695,0,11400657683,11400657655,0,0,27
5696,0,11402659084,11402659053,0,0,30
5697,0,11404661641,11404661615,0,0,25
5698,0,11406665782,11406665739,0,0,42
5699,0,11408666954,11408666901,0,0,53
5700,0,11410669044,11410669034,0,0,10
5701,0,11412670208,11412670228,0,0,-19
5702,0,11414673332,11414673321,0,0,11
5703,0,11416675905,11416675840,0,0,64
5704,0,11418678314,11418678271,0,0,43
5705,0,11420680714,11420680656,0,0,57
5706,0,11422682844,11422682804,0,0,40
5707,0,11424684581,11424684522,0,0,58
5708,0,11426686904,11426686851,0,0,53
5709,0,11428688875,11428688890,0,0,-15
5710,0,11430690445,11430690390,0,0,55
5711,0,11432694668,11432694617,0,0,50
5712,0,11434697364,11434697319,0,0,45
5713,0,11436698344,11436698296,0,0,47
5714,0,11438701319,11438701268,0,0,51
5715,0,11440702273,11440702225,0,0,47
5716,0,11442704042,11442704033,0,0,9
5717,0,11444707721,11444707671,0,0,49
5718,0,11446708988,11446708943,0,0,45
5719,0,11448710285,11448710253,0,0,31
5720,0,11450712635,11450712578,0,0,57
5721,0,11452714782,11452714718,0,0,63
5722,0,11454717509,11454717458,0,0,50
5723,0,11456720444,11456720408,0,0,35
5724,0,11458722648,11458722595,0,0,53
5725,0,11460724702,11460724658,0,0,43
5726,0,11462726252,11462726204,0,0,47
5727,0,11464728945,11464728878,0,0,67
5728,0,11466730894,11466730847,0,0,47
5729,0,11468733986,11468733948,0,0,37
5730,0,11470738845,11470738867,0,0,-21
5731,0,11472738721,11472738756,0,0,-34
5732,0,11474740160,11474740183,0,0,-22
5733,0,11476742066,11476742011,0,0,55
5734,0,11478744993,11478744957,0,0,35
5735,0,11480747208,11480747182,0,0,26
5736,0,11482749150,11482749116,0,0,33
5737,0,11484750535,11484750501,0,0,34
5738,0,11486753849,11486753826,0,0,23
5739,0,11488755930,11488755907,0,0,22
5740,0,11490758247,11490758224,0,0,23
5741,0,11492759456,11492759433,0,0,23
5742,0,11494762804,11494762755,0,0,49
5743,0,11496765108,11496765077,0,0,31
5744,0,11498767032,11498767059,0,0,-26
5745,0,11500768813,11500768849,0,0,-35
5746,0,11502772644,11502772621,0,0,23
5747,0,11504773925,11504773895,0,0,30
5748,0,11506776222,11506776195,0,0,27
5749,0,11508778109,11508778080,0,0,28
5750,0,11510779645,11510779613,0,0,32
5751,0,11512782925,11512782916,0,0,8
5752,0,11514784705,11514784670,0,0,35
5753,0,11516786249,11516786230,0,0,19
5754,0,11518789740,11518789763,0,0,-22
5755,0,11520791661,11520791704,0,0,-42
5756,0,11522793892,11522793922,0,0,-29
5757,0,11524796328,11524796365,0,0,-36
5758,0,11526798933,11526798965,0,0,-31
5759,0,11528800827,11528800859,0,0,-31
5760,0,11530802816,11530802855,0,0,-38
5761,0,11532805133,11532805172,0,0,-38
5762,0,11534808332,11534808305,0,0,26
5763,0,11536809523,11536809514,0,0,8
5764,0,11538811687,11538811638,0,0,49
5765,0,11540813587,11540813568,0,0,18
5766,0,11542815632,11542815588,0,0,43
5767,0,11544818883,11544818853,0,0,29
5768,0,11546820476,11546820440,0,0,35
5769,0,11548823289,11548823265,0,0,24
5770,0,11550825377,11550825365,0,0,12
5771,0,11552827225,11552827200,0,0,25
5772,0,11554830004,11554829975,0,0,29
5773,0,11556831910,11556831934,0,0,-24
5774,0,11558833528,11558833573,0,0,-44
5775,0,11560836234,11560836260,0,0,-25
5776,0,11562839101,11562839057,0,0,43
5777,0,11564839550,11564839537,0,0,13
5778,0,11566842524,11566842494,0,0,29
5779,0,11568844105,11568844085,0,0,19
5780,0,11570849360,11570849330,0,0,29
5781,0,11572849604,11572849566,0,0,38
5782,0,11574851724,11574851669,0,0,54
5783,0,11576853687,11576853651,0,0,35
5784,0,11578855029,11578854988,0,0,40
5785,0,11580858468,11580858444,0,0,23
5786,0,11582860732,11582860718,0,0,14
5787,0,11584863247,11584863226,0,0,20
5788,0,11586865137,11586865110,0,0,27
5789,0,11588867305,11588867294,0,0,11
5790,0,11590870208,11590870148,0,0,60
5791,0,11592871966,11592871933,0,0,32
5792,0,11594874335,11594874321,0,0,13
5793,0,11596876457,11596876422,0,0,35
5794,0,11598880152,11598880114,0,0,37
5795,0,11600880588,11600880552,0,0,35
5796,0,11602883920,11602883889,0,0,31
5797,0,11604886181,11604886208,0,0,-27
5798,0,11606887214,11606887230,0,0,-15
5799,0,11608889885,11608889843,0,0,41
5800,0,11610891629,11610891573,0,0,55
5801,0,11612893062,11612893024,0,0,38
5802,0,11614896554,11614896523,0,0,30
5803,0,11616898316,11616898330,0,0,-13
5804,0,11618900614,11618900588,0,0,26
5805,0,11620902680,11620902706,0,0,-26
5806,0,11622904257,11622904249,0,0,7
5807,0,11624908295,11624908258,0,0,36
5808,0,11626910907,11626910884,0,0,23
5809,0,11628911769,11628911760,0,0,8
5810,0,11630914604,11630914544,0,0,59
5811,0,11632915916,11632915891,0,0,25
5812,0,11634917601,11634917573,0,0,28
5813,0,11636920804,11636920779,0,0,25
5814,0,11638923285,11638923225,0,0,59
5815,0,11640925896,11640925860,0,0,35
5816,0,11642927713,11642927666,0,0,47
5817,0,11644929700,11644929638,0,0,62
5818,0,11646932193,11646932109,0,0,84
5819,0,11648934332,11648934257,0,0,75
5820,0,11650936525,11650936445,0,0,79
5821,0,11652938546,11652938503,0,0,43
5822,0,11654940903,11654940845,0,0,57
5823,0,11656942426,11656942439,0,0,-12
5824,0,11658944117,11658944068,0,0,49
5825,0,11660947293,11660947225,0,0,67
5826,0,11662949651,11662949584,0,0,67
5827,0,11664951638,11664951602,0,0,36
5828,0,11666952734,11666952714,0,0,20
5829,0,11668954903,11668954928,0,0,-25
5830,0,11670959000,11670959009,0,0,-9
5831,0,11672960451,11672960430,0,0,20
5832,0,11674961728,11674961714,0,0,13
5833,0,11676963956,11676963946,0,0,10
5834,0,11678966344,11678966264,0,0,80
5835,0,11680969935,11680969939,0,0,-4
5836,0,11682972114,11682972069,0,0,44
5837,0,11684974701,11684974635,0,0,65
5838,0,11686977190,11686977119,0,0,70
5839,0,11688979421,11688979370,0,0,51
5840,0,11690981262,11690981224,0,0,37
5841,0,11692983128,11692983087,0,0,40
5842,0,11694985028,11694984944,0,0,83
5843,0,11696987732,11696987680,0,0,51
5844,0,11698990096,11698990021,0,0,74
5845,0,11700991597,11700991545,0,0,51
5846,0,11702993051,11702993008,0,0,43
5847,0,11704996889,11704996880,0,0,8
5848,0,11706998975,11706998916,0,0,59
5849,0,11709000594,11709000540,0,0,53
5850,0,11711001982,11711001955,0,0,26
5851,0,11713005491,11713005442,0,0,49
5852,0,11715007798,11715007745,0,0,53
5853,0,11717009725,11717009755,0,0,-30
5854,0,11719012164,11719012183,0,0,-19
5855,0,11721013946,11721013914,0,0,31
5856,0,11723014991,11723014957,0,0,33
5857,0,11725017555,11725017517,0,0,37
5858,0,11727020541,11727020478,0,0,63
5859,0,11729022994,11729022966,0,0,28
5860,0,11731025290,11731025259,0,0,31
5861,0,11733027334,11733027301,0,0,33
5862,0,11735029489,11735029447,0,0,42
5863,0,11737031439,11737031390,0,0,49
5864,0,11739033978,11739033986,0,0,-7
5865,0,11741035324,11741035291,0,0,33
5866,0,11743038612,11743038604,0,0,7
5867,0,11745040674,11745040650,0,0,23
5868,0,11747043004,11747042983,0,0,20
5869,0,11749044831,11749044790,0,0,40
5870,0,11751046265,11751046222,0,0,42
5871,0,11753049408,11753049373,0,0,35
5872,0,11755051901,11755051964,0,0,-62
5873,0,11757054149,11757054202,0,0,-53
5874,0,11759056544,11759056550,0,0,-6
5875,0,11761059677,11761059651,0,0,26
5876,0,11763060901,11763060883,0,0,17
5877,0,11765063504,11765063494,0,0,9
5878,0,11767065298,11767065307,0,0,-8
5879,0,11769067421,11769067413,0,0,7
5880,0,11771071632,11771071595,0,0,37
5881,0,11773072063,11773072056,0,0,6
5882,0,11775074416,11775074361,0,0,55
5883,0,11777076709,11777076679,0,0,29
5884,0,11779078856,11779078812,0,0,44
5885,0,11781081631,11781081582,0,0,49
5886,0,11783083538,11783083575,0,0,-37
5887,0,11785085243,11785085191,0,0,52
5888,0,11787087492,11787087455,0,0,37
5889,0,11789089696,11789089698,0,0,-1
5890,0,11791092539,11791092550,0,0,-10
5891,0,11793095211,11793095233,0,0,-22
5892,0,11795095438,11795095456,0,0,-17
5893,0,11797098307,11797098339,0,0,-31
5894,0,11799100039,11799100031,0,0,7
5895,0,11801102685,11801102662,0,0,23
5896,0,11803104755,11803104728,0,0,26
5897,0,11805107561,11805107615,0,0,-53
5898,0,11807108902,11807108921,0,0,-19
5899,0,11809111785,11809111801,0,0,-15
5900,0,11811113487,11811113463,0,0,24
5901,0,11813116684,11813116649,0,0,34
5902,0,11815118883,11815118862,0,0,20
5903,0,11817121073,11817121063,0,0,9
5904,0,11819122552,11819122514,0,0,37
5905,0,11821124955,11821125008,0,0,-52
5906,0,11823127786,11823127819,0,0,-32
5907,0,11825130428,11825130454,0,0,-26
5908,0,11827130765,11827130722,0,0,42
5909,0,11829133122,11829133090,0,0,31
5910,0,11831135731,11831135685,0,0,45
5911,0,11833138417,11833138460,0,0,-42
5912,0,11835139590,11835139624,0,0,-34
5913,0,11837142500,11837142465,0,0,34
5914,0,11839145315,11839145285,0,0,30
5915,0,11841147565,11841147606,0,0,-40
5916,0,11843149953,11843149976,0,0,-22
5917,0,11845152356,11845152379,0,0,-22
5918,0,11847154155,11847154175,0,0,-20
5919,0,11849156467,11849156430,0,0,36
5920,0,11851158818,11851158807,0,0,11
5921,0,11853160901,11853160878,0,0,22
5922,0,11855163465,11855163450,0,0,15
5923,0,11857166283,11857166255,0,0,28
5924,0,11859167230,11859167204,0,0,25
5925,0,11861168516,11861168554,0,0,-37
5926,0,11863171060,11863171032,0,0,27
5927,0,11865174276,11865174319,0,0,-42
5928,0,11867176474,11867176498,0,0,-24
5929,0,11869178619,11869178635,0,0,-15
5930,0,11871180957,11871180901,0,0,56
5931,0,11873181860,11873181839,0,0,20
5932,0,11875184718,11875184732,0,0,-14
5933,0,11877187883,11877187858,0,0,24
5934,0,11879190415,11879190407,0,0,8
5935,0,11881193024,11881193058,0,0,-33
5936,0,11883195837,11883195877,0,0,-40
5937,0,11885196616,11885196627,0,0,-11
5938,0,11887198957,11887198907,0,0,49
5939,0,11889201831,11889201755,0,0,75
5940,0,11891202374,11891202388,0,0,-14
5941,0,11893205426,11893205386,0,0,40
5942,0,11895207771,11895207690,0,0,80
5943,0,11897210413,11897210356,0,0,57
5944,0,11899212260,11899212200,0,0,59
5945,0,11901214069,11901214082,0,0,-13
5946,0,11903215725,11903215714,0,0,11
5947,0,11905218870,11905218885,0,0,-15
5948,0,11907220946,11907220979,0,0,-33
5949,0,11909222217,11909222242,0,0,-25
5950,0,11911225107,11911225143,0,0,-35
5951,0,11913226526,11913226489,0,0,36
5952,0,11915229036,11915228999,0,0,37
5953,0,11917231913,11917231885,0,0,27
5954,0,11919233546,11919233504,0,0,41
5955,0,11921237382,11921237336,0,0,46
5956,0,11923238056,11923237997,0,0,59
5957,0,11925240991,11925240977,0,0,13
5958,0,11927243319,11927243267,0,0,51
5959,0,11929245392,11929245367,0,0,24
5960,0,11931247480,11931247445,0,0,34
5961,0,11933248777,11933248712,0,0,65
5962,0,11935250899,11935250853,0,0,45
5963,0,11937253624,11937253569,0,0,54
5964,0,11939257011,11939256968,0,0,43
5965,0,11941258806,11941258813,0,0,-6
5966,0,11943260841,11943260794,0,0,47
5967,0,11945263136,11945263095,0,0,40
5968,0,11947266223,11947266188,0,0,35
5969,0,11949266982,11949267007,0,0,-24
5970,0,11951270287,11951270253,0,0,33
5971,0,11953272051,11953272018,0,0,32
5972,0,11955274185,11955274159,0,0,25
5973,0,11957275357,11957275316,0,0,40
5974,0,11959278253,11959278233,0,0,20
5975,0,11961282299,11961282260,0,0,39
5976,0,11963285355,11963285316,0,0,39
5977,0,11965285639,11965285591,0,0,47
5978,0,11967287923,11967287872,0,0,51
5979,0,11969289764,11969289711,0,0,53
5980,0,11971293022,11971292974,0,0,48
5981,0,11973294265,11973294208,0,0,56
5982,0,11975295693,11975295719,0,0,-26
5983,0,11977299249,11977299208,0,0,40
5984,0,11979301335,11979301269,0,0,65
5985,0,11981304031,11981303979,0,0,51
5986,0,11983305620,11983305545,0,0,74
5987,0,11985308002,11985307936,0,0,65
5988,0,11987311069,11987311005,0,0,63
5989,0,11989311940,11989311891,0,0,49
5990,0,11991314206,11991314159,0,0,47
5991,0,11993316305,11993316321,0,0,-16
5992,0,11995317631,11995317580,0,0,50
5993,0,11997320350,11997320316,0,0,33
5994,0,11999322973,11999322928,0,0,44
5995,0,12001324533,12001324512,0,0,21
5996,0,12003328330,12003328360,0,0,-29
5997,0,12005329736,12005329710,0,0,26
5998,0,12007331001,12007331012,0,0,-11
5999,0,12009333341,12009333320,0,0,21
6000,0,12011337103,12011337053,0,0,49
6001,0,12013338940,12013338901,0,0,39
6002,0,12015341098,12015341060,0,0,38
6003,0,12017341986,12017341948,0,0,38
6004,0,12019345480,12019345441,0,0,39
6005,0,12021348067,12021348032,0,0,35
6006,0,12023350231,12023350186,0,0,45
6007,0,12025352573,12025352539,0,0,33
6008,0,12027354851,12027354840,0,0,11
6009,0,12029356700,12029356660,0,0,40
6010,0,12031358727,12031358694,0,0,33
6011,0,12033360422,12033360376,0,0,46
6012,0,12035363874,12035363847,0,0,26
6013,0,12037365193,12037365226,0,0,-33
6014,0,12039366959,12039366906,0,0,52
6015,0,12041369775,12041369741,0,0,33
6016,0,12043371460,12043371421,0,0,39
6017,0,12045374537,12045374577,0,0,-39
6018,0,12047377251,12047377274,0,0,-22
6019,0,12049379046,12049379085,0,0,-39
6020,0,12051382274,12051382238,0,0,35
6021,0,12053383449,12053383437,0,0,12
6022,0,12055385533,12055385523,0,0,10
6023,0,12057387672,12057387709,0,0,-36
6024,0,12059389062,12059389093,0,0,-31
6025,0,12061392333,12061392381,0,0,-47
6026,0,12063394664,12063394695,0,0,-31
6027,0,12065396647,12065396683,0,0,-35
6028,0,12067398874,12067398910,0,0,-36
6029,0,12069401078,12069401062,0,0,15
6030,0,12071404024,12071404001,0,0,23
6031,0,12073406494,12073406458,0,0,35
6032,0,12075407518,12075407486,0,0,31
6033,0,12077409058,12077409034,0,0,24
6034,0,12079412222,12079412195,0,0,26
6035,0,12081413449,12081413408,0,0,40
6036,0,12083416547,12083416496,0,0,51
6037,0,12085417982,12085417943,0,0,39
6038,0,12087421373,12087421336,0,0,37
6039,0,12089423293,12089423262,0,0,30
6040,0,12091425460,12091425426,0,0,33
6041,0,12093426882,12093426867,0,0,15
6042,0,12095430262,12095430202,0,0,59
6043,0,12097432323,12097432286,0,0,36
6044,0,12099434537,12099434501,0,0,35
6045,0,12101436774,12101436752,0,0,22
6046,0,12103439075,12103439042,0,0,32
6047,0,12105441272,12105441245,0,0,26
6048,0,12107443565,12107443523,0,0,41
6049,0,12109445887,12109445878,0,0,8
6050,0,12111448536,12111448490,0,0,45
6051,0,12113450589,12113450602,0,0,-12
6052,0,12115453084,12115453058,0,0,25
6053,0,12117453505,12117453528,0,0,-22
6054,0,12119456628,12119456632,0,0,-4
6055,0,12121458263,12121458251,0,0,11
6056,0,12123461240,12123461223,0,0,17
6057,0,12125462583,12125462510,0,0,73
6058,0,12127465847,12127465761,0,0,85
6059,0,12129467756,12129467670,0,0,85
6060,0,12131469475,12131469446,0,0,29
6061,0,12133472490,12133472434,0,0,56
6062,0,12135474420,12135474406,0,0,13
6063,0,12137476402,12137476416,0,0,-13
6064,0,12139479144,12139479169,0,0,-24
6065,0,12141481119,12141481139,0,0,-19
6066,0,12143482541,12143482548,0,0,-6
6067,0,12145485939,12145485905,0,0,33
6068,0,12147488851,12147488805,0,0,45
6069,0,12149489595,12149489566,0,0,29
6070,0,12151493105,12151493130,0,0,-24
6071,0,12153494605,12153494644,0,0,-39
6072,0,12155496749,12155496759,0,0,-9
6073,0,12157499004,12157499036,0,0,-32
6074,0,12159501013,12159501030,0,0,-16
6075,0,12161502798,12161502824,0,0,-26
6076,0,12163505452,12163505505,0,0,-52
6077,0,12165507049,12165507060,0,0,-11
6078,0,12167510285,12167510244,0,0,40
6079,0,12169512033,12169511997,0,0,36
6080,0,12171514838,12171514813,0,0,24
6081,0,12173517269,12173517244,0,0,24
6082,0,12175519361,12175519312,0,0,49
6083,0,12177521196,12177521148,0,0,47
6084,0,12179523276,12179523322,0,0,-46
6085,0,12181524660,12181524687,0,0,-26
6086,0,12183527379,12183527371,0,0,8
6087,0,12185530053,12185530015,0,0,38
6088,0,12187532546,12187532514,0,0,31
6089,0,12189534838,12189534808,0,0,29
6090,0,12191537429,12191537390,0,0,39
6091,0,12193538961,12193538924,0,0,36
6092,0,12195540114,12195540066,0,0,48
6093,0,12197542233,12197542180,0,0,53
6094,0,12199544910,12199544869,0,0,40
6095,0,12201548930,12201548959,0,0,-29
6096,0,12203551058,12203551016,0,0,41
6097,0,12205551338,12205551319,0,0,18
6098,0,12207553856,12207553789,0,0,67
6099,0,12209556753,12209556696,0,0,57
6100,0,12211559315,12211559238,0,0,77
6101,0,12213561058,12213561020,0,0,37
6102,0,12215562609,12215562572,0,0,37
6103,0,12217565640,12217565595,0,0,44
6104,0,12219567352,12219567298,0,0,53
6105,0,12221570271,12221570218,0,0,52
6106,0,12223572566,12223572496,0,0,69
6107,0,12225574565,12225574584,0,0,-18
6108,0,12227576186,12227576175,0,0,11
6109,0,12229579479,12229579488,0,0,-8
6110,0,12231581954,12231581965,0,0,-11
6111,0,12233584072,12233584002,0,0,70
6112,0,12235585939,12235585970,0,0,-31
6113,0,12237588438,12237588451,0,0,-13
6114,0,12239590251,12239590236,0,0,14
6115,0,12241592417,12241592427,0,0,-9
6116,0,12243594843,12243594778,0,0,65
6117,0,12245596548,12245596493,0,0,55
6118,0,12247598006,12247597930,0,0,76
6119,0,12249600152,12249600083,0,0,69
6120,0,12251602560,12251602487,0,0,72
6121,0,12253604958,12253604993,0,0,-34
6122,0,12255608298,12255608321,0,0,-22
6123,0,12257610631,12257610581,0,0,49
6124,0,12259613211,12259613174,0,0,37
6125,0,12261614864,12261614836,0,0,27
6126,0,12263617092,12263617087,0,0,4
6127,0,12265619720,12265619683,0,0,36
6128,0,12267621663,12267621602,0,0,61
6129,0,12269623821,12269623827,0,0,-6
6130,0,12271627319,12271627346,0,0,-26
6131,0,12273627876,12273627869,0,0,6
6132,0,12275630572,12275630563,0,0,8
6133,0,12277632723,12277632677,0,0,45
6134,0,12279634815,12279634746,0,0,69
6135,0,12281637728,12281637691,0,0,37
6136,0,12283639489,12283639438,0,0,50
6137,0,12285641723,12285641748,0,0,-24
6138,0,12287644128,12287644101,0,0,27
6139,0,12289645780,12289645745,0,0,35
6140,0,12291648374,12291648316,0,0,58
6141,0,12293650137,12293650163,0,0,-25
6142,0,12295651891,12295651907,0,0,-16
6143,0,12297655103,12297655132,0,0,-29
6144,0,12299657213,12299657193,0,0,19
6145,0,12301659302,12301659257,0,0,44
6146,0,12303661894,12303661865,0,0,29
6147,0,12305663700,12305663633,0,0,67
6148,0,12307666139,12307665889,0,0,249
6149,0,12309667159,12309667106,0,0,53
6150,0,12311670739,12311670703,0,0,35
6151,0,12313672997,12313673038,0,0,-40
6152,0,12315675028,12315674987,0,0,40
6153,0,12317677532,12317677507,0,0,24
6154,0,12319679607,12319679579,0,0,27
6155,0,12321681476,12321681447,0,0,29
6156,0,12323683739,12323683691,0,0,48
6157,0,12325684912,12325684874,0,0,38
6158,0,12327688229,12327688221,0,0,8
6159,0,12329690564,12329690550,0,0,13
6160,0,12331692692,12331692676,0,0,15
6161,0,12333695083,12333695059,0,0,23
6162,0,12335697118,12335697101,0,0,16
6163,0,12337699362,12337699330,0,0,31
6164,0,12339701470,12339701427,0,0,42
6165,0,12341704886,12341704933,0,0,-47
6166,0,12343706083,12343706037,0,0,46
6167,0,12345708235,12345708270,0,0,-35
6168,0,12347710348,12347710377,0,0,-29
6169,0,12349712489,12349712498,0,0,-8
6170,0,12351713767,12351713694,0,0,72
6171,0,12353716134,12353716151,0,0,-16
6172,0,12355719033,12355718978,0,0,54
6173,0,12357720733,12357720710,0,0,23
6174,0,12359724100,12359724056,0,0,43
6175,0,12361725622,12361725568,0,0,53
6176,0,12363727166,12363727138,0,0,28
6177,0,12365730152,12365730128,0,0,23
6178,0,12367732045,12367732038,0,0,7
6179,0,12369733496,12369733486,0,0,9
6180,0,12371737281,12371737273,0,0,8
6181,0,12373739902,12373739885,0,0,17
6182,0,12375740384,12375740341,0,0,42
6183,0,12377742666,12377742658,0,0,8
6184,0,12379746186,12379746148,0,0,38
6185,0,12381748106,12381748129,0,0,-22
6186,0,12383749128,12383749139,0,0,-11
6187,0,12385751559,12385751524,0,0,35
6188,0,12387754667,12387754617,0,0,49
6189,0,12389755973,12389755924,0,0,49
6190,0,12391758777,12391758719,0,0,58
6191,0,12393762033,12393762004,0,0,29
6192,0,12395764130,12395764093,0,0,36
6193,0,12397765869,12397765820,0,0,49
6194,0,12399767290,12399767280,0,0,9
6195,0,12401770840,12401770800,0,0,40
6196,0,12403773088,12403773033,0,0,54
6197,0,12405775928,12405775901,0,0,26
6198,0,12407777276,12407777261,0,0,14
6199,0,12409779190,12409779156,0,0,33
6200,0,12411780795,12411780780,0,0,15
6201,0,12413783670,12413783644,0,0,25
6202,0,12415784641,12415784563,0,0,78
6203,0,12417786957,12417786913,0,0,43
6204,0,12419789606,12419789586,0,0,19
6205,0,12421792414,12421792433,0,0,-18
6206,0,12423793802,12423793788,0,0,13
6207,0,12425795943,12425795901,0,0,42
6208,0,12427798158,12427798179,0,0,-20
6209,0,12429800625,12429800658,0,0,-32
6210,0,12431802907,12431802916,0,0,-8
6211,0,12433806526,12433806480,0,0,45
6212,0,12435808394,12435808320,0,0,74
6213,0,12437811916,12437811923,0,0,-6
6214,0,12439813029,12439812966,0,0,62
6215,0,12441814811,12441814779,0,0,32
6216,0,12443817182,12443817142,0,0,39
6217,0,12445819561,12445819608,0,0,-47
6218,0,12447822038,12447821980,0,0,57
6219,0,12449823829,12449823779,0,0,49
6220,0,12451826179,12451826194,0,0,-15
6221,0,12453828357,12453828388,0,0,-31
6222,0,12455831161,12455831177,0,0,-15
6223,0,12457833081,12457833091,0,0,-9
6224,0,12459834861,12459834880,0,0,-19
6225,0,12461837403,12461837409,0,0,-6
6226,0,12463839581,12463839590,0,0,-8
6227,0,12465840719,12465840745,0,0,-25
6228,0,12467843748,12467843737,0,0,11
6229,0,12469845786,12469845814,0,0,-27
6230,0,12471848518,12471848561,0,0,-42
6231,0,12473850750,12473850698,0,0,51
6232,0,12475852692,12475852658,0,0,33
6233,0,12477854787,12477854818,0,0,-31
6234,0,12479856530,12479856499,0,0,30
6235,0,12481859678,12481859641,0,0,37
6236,0,12483862160,12483862128,0,0,31
6237,0,12485864017,12485863983,0,0,33
6238,0,12487866260,12487866224,0,0,35
6239,0,12489868649,12489868615,0,0,34
6240,0,12491871085,12491871050,0,0,34
6241,0,12493872679,12493872652,0,0,26
6242,0,12495875808,12495875833,0,0,-24
6243,0,12497877065,12497877074,0,0,-8
6244,0,12499878649,12499878678,0,0,-28
6245,0,12501882473,12501882510,0,0,-36
6246,0,12503883419,12503883361,0,0,57
6247,0,12505886586,12505886529,0,0,57
6248,0,12507888773,12507888733,0,0,39
6249,0,12509890473,12509890427,0,0,45
6250,0,12511892328,12511892359,0,0,-31
6251,0,12513894921,12513894874,0,0,47
6252,0,12515896557,12515896546,0,0,11
6253,0,12517899714,12517899677,0,0,37
6254,0,12519901795,12519901723,0,0,71
6255,0,12521904752,12521904701,0,0,50
6256,0,12523905697,12523905721,0,0,-24
6257,0,12525907728,12525907721,0,0,6
6258,0,12527911101,12527911029,0,0,71
6259,0,12529912761,12529912721,0,0,39
6260,0,12531915148,12531915100,0,0,47
6261,0,12533917950,12533917916,0,0,33
6262,0,12535918729,12535918710,0,0,18
6263,0,12537922204,12537922160,0,0,44
6264,0,12539924004,12539923967,0,0,37
6265,0,12541926364,12541926380,0,0,-16
6266,0,12543928337,12543928281,0,0,55
6267,0,12545929583,12545929548,0,0,34
6268,0,12547932904,12547932867,0,0,37
6269,0,12549935330,12549935294,0,0,36
6270,0,12551937677,12551937648,0,0,29
6271,0,12553939371,12553939342,0,0,29
6272,0,12555940979,12555940956,0,0,23
6273,0,12557943898,12557943883,0,0,15
6274,0,12559945910,12559945883,0,0,27
6275,0,12561948571,12561948540,0,0,31
6276,0,12563951034,12563951017,0,0,17
6277,0,12565953800,12565953761,0,0,39
6278,0,12567954085,12567954026,0,0,58
6279,0,12569956581,12569956568,0,0,13
6280,0,12571960595,12571960546,0,0,49
6281,0,12573960653,12573960617,0,0,35
6282,0,12575963112,12575963096,0,0,15
6283,0,12577966305,12577966282,0,0,22
6284,0,12579968514,12579968484,0,0,29
6285,0,12581970665,12581970648,0,0,17
6286,0,12583972751,12583972723,0,0,28
6287,0,12585974716,12585974759,0,0,-42
6288,0,12587977002,12587977013,0,0,-11
6289,0,12589978458,12589978514,0,0,-55
6290,0,12591980786,12591980826,0,0,-39
6291,0,12593983815,12593983853,0,0,-37
6292,0,12595985570,12595985597,0,0,-27
6293,0,12597989330,12597989301,0,0,29
6294,0,12599989444,12599989427,0,0,17
6295,0,12601992784,12601992764,0,0,20
6296,0,12603995256,12603995218,0,0,37
6297,0,12605997058,12605997025,0,0,33
6298,0,12607998410,12607998411,0,0,-1
6299,0,12610000764,12610000740,0,0,24
6300,0,12612003930,12612003911,0,0,19
6301,0,12614005460,12614005453,0,0,7
6302,0,12616008531,12616008514,0,0,17
6303,0,12618010697,12618010667,0,0,29
6304,0,12620012930,12620012912,0,0,17
6305,0,12622014519,12622014574,0,0,-54
6306,0,12624017640,12624017631,0,0,8
6307,0,12626019572,12626019512,0,0,59
6308,0,12628021910,12628021879,0,0,31
6309,0,12630025173,12630025125,0,0,48
6310,0,12632026863,12632026856,0,0,7
6311,0,12634028302,12634028318,0,0,-15
6312,0,12636029572,12636029563,0,0,8
6313,0,12638031867,12638031900,0,0,-32
6314,0,12640034467,12640034476,0,0,-8
6315,0,12642037454,12642037412,0,0,42
6316,0,12644039435,12644039378,0,0,57
6317,0,12646040795,12646040768,0,0,27
6318,0,12648043519,12648043473,0,0,46
6319,0,12650046453,12650046416,0,0,36
6320,0,12652049179,12652049143,0,0,35
6321,0,12654051070,12654051043,0,0,26
6322,0,12656053447,12656053426,0,0,21
6323,0,12658055168,12658055143,0,0,24
6324,0,12660057649,12660057664,0,0,-14
6325,0,12662060702,12662060666,0,0,35
6326,0,12664062814,12664062775,0,0,39
6327,0,12666064556,12666064519,0,0,37
6328,0,12668066298,12668066265,0,0,33
6329,0,12670068539,12670068505,0,0,33
6330,0,12672071824,12672071752,0,0,71
6331,0,12674071629,12674071593,0,0,35
6332,0,12676074040,12676073986,0,0,53
6333,0,12678076495,12678076453,0,0,42
6334,0,12680079804,12680079755,0,0,49
6335,0,12682082350,12682082306,0,0,43
6336,0,12684084181,12684084143,0,0,37
6337,0,12686086024,12686085988,0,0,35
6338,0,12688089027,12688088969,0,0,58
6339,0,12690090757,12690090775,0,0,-17
6340,0,12692093123,12692093114,0,0,8
6341,0,12694096147,12694096103,0,0,43
6342,0,12696097024,12696096958,0,0,66
6343,0,12698099435,12698099360,0,0,74
6344,0,12700100463,12700100432,0,0,31
6345,0,12702103319,12702103279,0,0,40
6346,0,12704106391,12704106325,0,0,65
6347,0,12706108217,12706108182,0,0,35
6348,0,12708109962,12708110002,0,0,-39
6349,0,12710112941,12710112925,0,0,15
6350,0,12712114210,12712114236,0,0,-26
6351,0,12714118339,12714118377,0,0,-38
6352,0,12716120851,12716120783,0,0,67
6353,0,12718121628,12718121591,0,0,36
6354,0,12720123374,12720123312,0,0,61
6355,0,12722126487,12722126429,0,0,57
6356,0,12724128838,12724128782,0,0,55
6357,0,12726130982,12726130958,0,0,23
6358,0,12728134190,12728134128,0,0,62
6359,0,12730135392,12730135406,0,0,-14
6360,0,12732136942,12732136975,0,0,-32
6361,0,12734139991,12734140017,0,0,-26
6362,0,12736142486,12736142437,0,0,49
6363,0,12738144710,12738144669,0,0,40
6364,0,12740146657,12740146626,0,0,31
6365,0,12742147796,12742147782,0,0,13
6366,0,12744151513,12744151540,0,0,-26
6367,0,12746153125,12746153162,0,0,-36
6368,0,12748155300,12748155329,0,0,-29
6369,0,12750157532,12750157548,0,0,-16
6370,0,12752159932,12752159887,0,0,44
6371,0,12754161710,12754161666,0,0,43
6372,0,12756163213,12756163242,0,0,-29
6373,0,12758166559,12758166580,0,0,-20
6374,0,12760169627,12760169635,0,0,-7
6375,0,12762170628,12762170599,0,0,29
6376,0,12764171942,12764171962,0,0,-20
6377,0,12766174543,12766174566,0,0,-22
6378,0,12768177806,12768177761,0,0,44
6379,0,12770180115,12770180078,0,0,37
6380,0,12772183383,12772183341,0,0,41
6381,0,12774184193,12774184178,0,0,14
6382,0,12776186612,12776186546,0,0,66
6383,0,12778188992,12778188950,0,0,41
6384,0,12780191175,12780191149,0,0,25
6385,0,12782192992,12782192975,0,0,16
6386,0,12784194148,12784194178,0,0,-30
6387,0,12786196309,12786196260,0,0,49
6388,0,12788198859,12788198811,0,0,48
6389,0,12790201754,12790201739,0,0,15
6390,0,12792205074,12792205056,0,0,17
6391,0,12794206644,12794206612,0,0,31
6392,0,12796207778,12796207719,0,0,59
6393,0,12798211216,12798211199,0,0,17
6394,0,12800213197,12800213159,0,0,38
6395,0,12802215253,12802215215,0,0,37
6396,0,12804216838,12804216844,0,0,-6
6397,0,12806219705,12806219746,0,0,-40
6398,0,12808221193,12808221220,0,0,-26
6399,0,12810224519,12810224544,0,0,-24
6400,0,12812226585,12812226605,0,0,-20
6401,0,12814228635,12814228588,0,0,47
6402,0,12816229725,12816229718,0,0,7
6403,0,12818232134,12818232085,0,0,49
6404,0,12820235504,12820235431,0,0,73
6405,0,12822237870,12822237838,0,0,32
6406,0,12824240775,12824240732,0,0,42
6407,0,12826241211,12826241196,0,0,15
6408,0,12828244078,12828244029,0,0,49
6409,0,12830245944,12830245897,0,0,47
6410,0,12832248673,12832248644,0,0,28
6411,0,12834249859,12834249812,0,0,47
6412,0,12836251867,12836251914,0,0,-46
6413,0,12838254232,12838254238,0,0,-6
6414,0,12840256665,12840256655,0,0,10
6415,0,12842260821,12842260838,0,0,-16
6416,0,12844262999,12844263038,0,0,-39
6417,0,12846263162,12846263226,0,0,-63
6418,0,12848265511,12848265492,0,0,19
6419,0,12850268554,12850268543,0,0,10
6420,0,12852270098,12852270058,0,0,39
6421,0,12854273230,12854273216,0,0,13
6422,0,12856276662,12856276643,0,0,18
6423,0,12858277959,12858277929,0,0,30
6424,0,12860279573,12860279554,0,0,19
6425,0,12862280936,12862281011,0,0,-75
6426,0,12864283658,12864283685,0,0,-26
6427,0,12866286977,12866286989,0,0,-12
6428,0,12868288672,12868288689,0,0,-16
6429,0,12870289779,12870289769,0,0,10
6430,0,12872293629,12872293592,0,0,37
6431,0,12874295429,12874295410,0,0,19
6432,0,12876297536,12876297496,0,0,40
6433,0,12878299038,12878299011,0,0,26
6434,0,12880302391,12880302346,0,0,44
6435,0,12882304630,12882304600,0,0,30
6436,0,12884307376,12884307359,0,0,16
6437,0,12886309176,12886309158,0,0,17
6438,0,12888312283,12888312304,0,0,-21
6439,0,12890313137,12890313174,0,0,-36
6440,0,12892315384,12892315402,0,0,-17
6441,0,12894316350,12894316389,0,0,-39
6442,0,12896319005,12896318938,0,0,67
6443,0,12898322206,12898322223,0,0,-16
6444,0,12900324926,12900324959,0,0,-32
6445,0,12902326994,12902327017,0,0,-22
6446,0,12904328874,12904328815,0,0,58
6447,0,12906332267,12906332224,0,0,43
6448,0,12908334475,12908334467,0,0,7
6449,0,12910335602,12910335611,0,0,-8
6450,0,12912338155,12912338166,0,0,-11
6451,0,12914339665,12914339682,0,0,-16
6452,0,12916341343,12916341358,0,0,-15
6453,0,12918344296,12918344314,0,0,-17
6454,0,12920347674,12920347716,0,0,-41
6455,0,12922349954,12922349915,0,0,38
6456,0,12924352412,12924352462,0,0,-50
6457,0,12926353280,12926353254,0,0,26
6458,0,12928355205,12928355141,0,0,64
6459,0,12930356309,12930356273,0,0,35
6460,0,12932358965,12932358907,0,0,58
6461,0,12934360913,12934360947,0,0,-33
6462,0,12936363319,12936363348,0,0,-29
6463,0,12938366238,12938366264,0,0,-26
6464,0,12940368312,12940368262,0,0,49
6465,0,12942369844,12942369804,0,0,40
6466,0,12944372188,12944372116,0,0,71
6467,0,12946374189,12946374163,0,0,26
6468,0,12948377046,12948377006,0,0,40
6469,0,12950380074,12950380032,0,0,41
6470,0,12952383244,12952383193,0,0,51
6471,0,12954384152,12954384118,0,0,33
6472,0,12956385645,12956385618,0,0,26
6473,0,12958389154,12958389107,0,0,46
6474,0,12960391381,12960391297,0,0,83
6475,0,12962393101,12962393060,0,0,40
6476,0,12964394970,12964394934,0,0,35
6477,0,12966397638,12966397598,0,0,39
6478,0,12968399523,12968399477,0,0,46
6479,0,12970402316,12970402353,0,0,-36
6480,0,12972406137,12972406177,0,0,-40
6481,0,12974406737,12974406782,0,0,-44
6482,0,12976409461,12976409432,0,0,29
6483,0,12978411018,12978410979,0,0,38
6484,0,12980412585,12980412557,0,0,27
6485,0,12982416015,12982415984,0,0,30
6486,0,12984419584,12984419525,0,0,58
6487,0,12986420561,12986420528,0,0,32
6488,0,12988421818,12988421847,0,0,-29
6489,0,12990423644,12990423606,0,0,37
6490,0,12992426674,12992426621,0,0,53
6491,0,12994428092,12994428057,0,0,35
6492,0,12996431287,12996431258,0,0,29
6493,0,12998432468,12998432443,0,0,24
6494,0,13000435851,13000435832,0,0,18
6495,0,13002437829,13002437792,0,0,36
6496,0,13004439998,13004439956,0,0,42
6497,0,13006441313,13006441330,0,0,-17
6498,0,13008443593,13008443584,0,0,8
6499,0,13010446451,13010446422,0,0,29
6500,0,13012447870,13012447820,0,0,50
6501,0,13014450186,13014450173,0,0,13
6502,0,13016453353,13016453319,0,0,33
6503,0,13018454680,13018454641,0,0,38
6504,0,13020457712,13020457718,0,0,-6
6505,0,13022459131,13022459170,0,0,-38
6506,0,13024462388,13024462402,0,0,-13
6507,0,13026464314,13026464348,0,0,-33
6508,0,13028465886,13028465839,0,0,47
6509,0,13030468859,13030468831,0,0,28
6510,0,13032470744,13032470750,0,0,-6
6511,0,13034474721,13034474697,0,0,24
6512,0,13036476343,13036476329,0,0,13
6513,0,13038476935,13038476910,0,0,25
6514,0,13040480175,13040480152,0,0,22
6515,0,13042482204,13042482193,0,0,11
6516,0,13044483714,13044483676,0,0,37
6517,0,13046486506,13046486521,0,0,-14
6518,0,13048489060,13048489074,0,0,-13
6519,0,13050491346,13050491393,0,0,-47
6520,0,13052493982,13052493939,0,0,42
6521,0,13054496095,13054496074,0,0,21
6522,0,13056498619,13056498561,0,0,57
6523,0,13058500161,13058500124,0,0,36
6524,0,13060502567,13060502532,0,0,35
6525,0,13062504031,13062503977,0,0,53
6526,0,13064506996,13064506943,0,0,52
6527,0,13066509173,13066509196,0,0,-22
6528,0,13068511925,13068511950,0,0,-24
6529,0,13070513811,13070513804,0,0,6
6530,0,13072517033,13072517023,0,0,9
6531,0,13074517988,13074518003,0,0,-15
6532,0,13076520269,13076520215,0,0,53
6533,0,13078522647,13078522610,0,0,37
6534,0,13080524508,13080524530,0,0,-22
6535,0,13082527687,13082527650,0,0,37
6536,0,13084527778,13084527709,0,0,69
6537,0,13086530228,13086530174,0,0,53
6538,0,13088532392,13088532378,0,0,13
6539,0,13090534752,13090534711,0,0,40
6540,0,13092538094,13092538079,0,0,15
6541,0,13094540043,13094540019,0,0,24
6542,0,13096541334,13096541325,0,0,8
6543,0,13098543812,13098543786,0,0,26
6544,0,13100547557,13100547530,0,0,27
6545,0,13102549127,13102549082,0,0,44
6546,0,13104551444,13104551376,0,0,68
6547,0,13106553788,13106553746,0,0,42
6548,0,13108555930,13108555886,0,0,44
6549,0,13110557870,13110557834,0,0,35
6550,0,13112559496,13112559448,0,0,47
6551,0,13114563658,13114563611,0,0,47
6552,0,13116564961,13116564968,0,0,-6
6553,0,13118567001,13118567036,0,0,-35
6554,0,13120569186,13120569222,0,0,-35
6555,0,13122571334,13122571362,0,0,-28
6556,0,13124573537,13124573573,0,0,-35
6557,0,13126575685,13126575660,0,0,24
6558,0,13128577157,13128577139,0,0,18
6559,0,13130580301,13130580279,0,0,22
6560,0,13132582209,13132582174,0,0,35
6561,0,13134583880,13134583844,0,0,35
6562,0,13136587046,13136587000,0,0,45
6563,0,13138589247,13138589222,0,0,24
6564,0,13140591229,13140591283,0,0,-54
6565,0,13142592719,13142592735,0,0,-16
6566,0,13144595966,13144595919,0,0,47
6567,0,13146598939,13146598924,0,0,15
6568,0,13148599842,13148599825,0,0,17
6569,0,13150601269,13150601287,0,0,-17
6570,0,13152604129,13152604100,0,0,29
6571,0,13154607057,13154607050,0,0,6
6572,0,13156610054,13156610074,0,0,-19
6573,0,13158611261,13158611224,0,0,37
6574,0,13160612676,13160612615,0,0,60
6575,0,13162616715,13162616671,0,0,43
6576,0,13164619298,13164619245,0,0,53
6577,0,13166620112,13166620128,0,0,-16
6578,0,13168621759,13168621788,0,0,-29
6579,0,13170624921,13170624942,0,0,-20
6580,0,13172628155,13172628169,0,0,-13
6581,0,13174629326,13174629332,0,0,-6
6582,0,13176631339,13176631346,0,0,-6
6583,0,13178634019,13178633968,0,0,51
6584,0,13180635512,13180635465,0,0,47
6585,0,13182636919,13182636927,0,0,-8
6586,0,13184639437,13184639476,0,0,-39
6587,0,13186642337,13186642363,0,0,-26
6588,0,13188643629,13188643661,0,0,-31
6589,0,13190645765,13190645731,0,0,33
6590,0,13192648924,13192648891,0,0,33
6591,0,13194651070,13194651083,0,0,-12
6592,0,13196652514,13196652494,0,0,19
6593,0,13198655278,13198655247,0,0,31
6594,0,13200658910,13200658873,0,0,36
6595,0,13202660431,13202660383,0,0,47
6596,0,13204662430,13204662357,0,0,73
6597,0,13206663902,13206663883,0,0,19
6598,0,13208666399,13208666391,0,0,7
6599,0,13210670312,13210670271,0,0,40
6600,0,13212671367,13212671341,0,0,25
6601,0,13214672420,13214672382,0,0,38
6602,0,13216674864,13216674830,0,0,33
6603,0,13218678355,13218678312,0,0,42
6604,0,13220680328,13220680289,0,0,39
6605,0,13222681430,13222681394,0,0,35
6606,0,13224684170,13224684127,0,0,43
6607,0,13226687782,13226687769,0,0,12
6608,0,13228689731,13228689706,0,0,24
6609,0,13230691334,13230691318,0,0,15
6610,0,13232693276,13232693285,0,0,-8
6611,0,13234695785,13234695820,0,0,-35
6612,0,13236697386,13236697348,0,0,37
6613,0,13238700565,13238700557,0,0,7
6614,0,13240702617,13240702595,0,0,22
6615,0,13242706817,13242706768,0,0,49
6616,0,13244708244,13244708215,0,0,28
6617,0,13246709311,13246709278,0,0,33
6618,0,13248712010,13248712033,0,0,-22
6619,0,13250713478,13250713492,0,0,-13
6620,0,13252714882,13252714848,0,0,33
6621,0,13254716992,13254717025,0,0,-33
6622,0,13256719445,13256719440,0,0,5
6623,0,13258722595,13258722575,0,0,19
6624,0,13260724698,13260724683,0,0,15
6625,0,13262726284,13262726249,0,0,35
6626,0,13264729219,13264729191,0,0,27
6627,0,13266730781,13266730730,0,0,51
6628,0,13268733768,13268733696,0,0,71
6629,0,13270736030,13270736008,0,0,21
6630,0,13272739591,13272739532,0,0,58
6631,0,13274741343,13274741318,0,0,25
6632,0,13276742974,13276742930,0,0,43
6633,0,13278744748,13278744725,0,0,23
6634,0,13280747056,13280747029,0,0,26
6635,0,13282749257,13282749209,0,0,47
6636,0,13284750879,13284750865,0,0,13
6637,0,13286753846,13286753815,0,0,30
6638,0,13288756154,13288756093,0,0,60
6639,0,13290758007,13290757981,0,0,26
6640,0,13292759766,13292759744,0,0,21
6641,0,13294763433,13294763397,0,0,35
6642,0,13296765268,13296765204,0,0,63
6643,0,13298767185,13298767143,0,0,41
6644,0,13300769195,13300769172,0,0,22
6645,0,13302770405,13302770366,0,0,38
6646,0,13304772748,13304772732,0,0,15
6647,0,13306776386,13306776354,0,0,31
6648,0,13308778166,13308778183,0,0,-17
6649,0,13310779774,13310779825,0,0,-51
6650,0,13312783379,13312783416,0,0,-36
6651,0,13314785128,13314785162,0,0,-33
6652,0,13316787319,13316787346,0,0,-26
6653,0,13318789182,13318789227,0,0,-44
6654,0,13320791168,13320791188,0,0,-20
6655,0,13322794313,13322794356,0,0,-42
6656,0,13324795899,13324795928,0,0,-29
6657,0,13326797206,13326797241,0,0,-34
6658,0,13328799692,13328799560,0,0,131
6659,0,13330802909,13330802885,0,0,24
6660,0,13332804954,13332804903,0,0,50
6661,0,13334807698,13334807680,0,0,18
6662,0,13336809469,13336809494,0,0,-24
6663,0,13338811759,13338811728,0,0,31
6664,0,13340814649,13340814619,0,0,29
6665,0,13342815413,13342815386,0,0,26
6666,0,13344818035,13344818040,0,0,-4
6667,0,13346819739,13346819702,0,0,37
6668,0,13348822367,13348822404,0,0,-37
6669,0,13350823937,13350823905,0,0,31
6670,0,13352827255,13352827200,0,0,55
6671,0,13354829899,13354829871,0,0,27
6672,0,13356832316,13356832272,0,0,43
6673,0,13358833928,13358833914,0,0,13
6674,0,13360836224,13360836185,0,0,39
6675,0,13362838244,13362838260,0,0,-16
6676,0,13364840796,13364840842,0,0,-46
6677,0,13366842969,13366842995,0,0,-26
6678,0,13368845343,13368845336,0,0,7
6679,0,13370847151,13370847192,0,0,-40
6680,0,13372852054,13372852035,0,0,18
6681,0,13374851929,13374851967,0,0,-38
6682,0,13376853936,13376853965,0,0,-29
6683,0,13378856521,13378856548,0,0,-26
6684,0,13380858571,13380858534,0,0,37
6685,0,13382860757,13382860720,0,0,37
6686,0,13384862880,13384862844,0,0,35
6687,0,13386864788,13386864765,0,0,22
6688,0,13388866622,13388866587,0,0,35
6689,0,13390869328,13390869301,0,0,26
6690,0,13392871107,13392871090,0,0,17
6691,0,13394873779,13394873759,0,0,20
6692,0,13396875917,13396875889,0,0,27
6693,0,13398877419,13398877385,0,0,33
6694,0,13400881053,13400881014,0,0,39
6695,0,13402882824,13402882800,0,0,24
6696,0,13404884891,13404884860,0,0,30
6697,0,13406886410,13406886382,0,0,27
6698,0,13408889620,13408889586,0,0,33
6699,0,13410891930,13410891883,0,0,47
6700,0,13412894253,13412894197,0,0,55
6701,0,13414896084,13414896055,0,0,29
6702,0,13416897408,13416897351,0,0,57
6703,0,13418900878,13418900840,0,0,38
6704,0,13420902622,13420902587,0,0,34
6705,0,13422904058,13422904035,0,0,22
6706,0,13424907323,13424907360,0,0,-36
6707,0,13426909498,13426909510,0,0,-12
6708,0,13428911832,13428911758,0,0,74
6709,0,13430914112,13430914085,0,0,27
6710,0,13432916541,13432916501,0,0,40
6711,0,13434918363,13434918404,0,0,-40
6712,0,13436921316,13436921359,0,0,-42
6713,0,13438921654,13438921665,0,0,-11
6714,0,13440923916,13440923912,0,0,4
6715,0,13442926139,13442926154,0,0,-14
6716,0,13444928458,13444928482,0,0,-24
6717,0,13446930720,13446930746,0,0,-26
6718,0,13448934608,13448934575,0,0,33
6719,0,13450936172,13450936181,0,0,-8
6720,0,13452939296,13452939328,0,0,-31
6721,0,13454940453,13454940471,0,0,-17
6722,0,13456941935,13456941844,0,0,91
6723,0,13458945213,13458945129,0,0,83
6724,0,13460947010,13460946960,0,0,49
6725,0,13462948525,13462948460,0,0,65
6726,0,13464951090,13464950993,0,0,96
6727,0,13466953662,13466953591,0,0,71
6728,0,13468955838,13468955791,0,0,47
6729,0,13470957692,13470957674,0,0,17
6730,0,13472962197,13472962208,0,0,-11
6731,0,13474963029,13474963042,0,0,-13
6732,0,13476965411,13476965364,0,0,47
6733,0,13478967100,13478967051,0,0,48
6734,0,13480968520,13480968478,0,0,42
6735,0,13482971597,13482971608,0,0,-11
6736,0,13484974313,13484974264,0,0,49
6737,0,13486976161,13486976144,0,0,16
6738,0,13488977788,13488977764,0,0,23
6739,0,13490980538,13490980478,0,0,59
6740,0,13492982352,13492982346,0,0,6
6741,0,13494986056,13494986067,0,0,-11
6742,0,13496987817,13496987767,0,0,49
6743,0,13498989656,13498989618,0,0,37
6744,0,13500991824,13500991766,0,0,57
6745,0,13502994186,13502994141,0,0,44
6746,0,13504997015,13504996957,0,0,57
6747,0,13506999096,13506999051,0,0,44
6748,0,13509000805,13509000764,0,0,41
6749,0,13511003019,13511002978,0,0,40
6750,0,13513005417,13513005358,0,0,59
6751,0,13515007476,13515007487,0,0,-11
6752,0,13517010578,13517010601,0,0,-22
6753,0,13519012812,13519012825,0,0,-13
6754,0,13521013971,13521013984,0,0,-13
6755,0,13523015289,13523015226,0,0,62
6756,0,13525018618,13525018602,0,0,16
6757,0,13527021546,13527021516,0,0,29
6758,0,13529023006,13529022976,0,0,30
6759,0,13531025144,13531025157,0,0,-12
6760,0,13533027680,13533027640,0,0,39
6761,0,13535030028,13535030007,0,0,20
6762,0,13537032389,13537032337,0,0,52
6763,0,13539034726,13539034691,0,0,35
6764,0,13541037705,13541037692,0,0,13
6765,0,13543038901,13543038847,0,0,54
6766,0,13545041128,13545041078,0,0,50
6767,0,13547044067,13547044027,0,0,39
6768,0,13549046721,13549046693,0,0,27
6769,0,13551047615,13551047588,0,0,26
6770,0,13553049865,13553049811,0,0,53
6771,0,13555051871,13555051842,0,0,29
6772,0,13557054595,13557054557,0,0,38
6773,0,13559056410,13559056385,0,0,24
6774,0,13561058755,13561058699,0,0,55
6775,0,13563062187,13563062152,0,0,34
6776,0,13565065932,13565065966,0,0,-33
6777,0,13567065516,13567065557,0,0,-41
6778,0,13569067645,13569067661,0,0,-15
6779,0,13571069635,13571069668,0,0,-33
6780,0,13573074080,13573074038,0,0,42
6781,0,13575075204,13575075180,0,0,23
6782,0,13577076478,13577076467,0,0,11
6783,0,13579078947,13579078912,0,0,34
6784,0,13581081085,13581081064,0,0,21
6785,0,13583082970,13583082955,0,0,15
6786,0,13585084633,13585084587,0,0,45
6787,0,13587087600,13587087559,0,0,40
6788,0,13589089753,13589089726,0,0,26
6789,0,13591091787,13591091761,0,0,25
6790,0,13593093346,13593093300,0,0,45
6791,0,13595096406,13595096382,0,0,24
6792,0,13597098307,13597098265,0,0,42
6793,0,13599099891,13599099876,0,0,15
6794,0,13601103236,13601103168,0,0,67
6795,0,13603105467,13603105433,0,0,34
6796,0,13605107798,13605107783,0,0,15
6797,0,13607109685,13607109676,0,0,8
6798,0,13609111124,13609111077,0,0,47
6799,0,13611114638,13611114605,0,0,32
6800,0,13613116692,13613116666,0,0,25
6801,0,13615118548,13615118537,0,0,10
6802,0,13617119867,13617119858,0,0,8
6803,0,13619123294,13619123270,0,0,23
6804,0,13621125652,13621125635,0,0,17
6805,0,13623127599,13623127575,0,0,24
6806,0,13625129813,13625129788,0,0,24
6807,0,13627132224,13627132187,0,0,37
6808,0,13629134980,13629134951,0,0,29
6809,0,13631136109,13631136096,0,0,13
6810,0,13633138773,13633138808,0,0,-34
6811,0,13635141067,13635141098,0,0,-30
6812,0,13637143173,13637143211,0,0,-37
6813,0,13639145528,13639145486,0,0,41
6814,0,13641148498,13641148471,0,0,27
6815,0,13643149856,13643149829,0,0,26
6816,0,13645152388,13645152369,0,0,18
6817,0,13647154071,13647154034,0,0,37
6818,0,13649155748,13649155696,0,0,51
6819,0,13651158631,13651158617,0,0,13
6820,0,13653161474,13653161447,0,0,27
6821,0,13655163229,13655163192,0,0,37
6822,0,13657165539,13657165544,0,0,-4
6823,0,13659167537,13659167576,0,0,-38
6824,0,13661170943,13661170952,0,0,-8
6825,0,13663171986,13663171970,0,0,15
6826,0,13665174643,13665174604,0,0,38
6827,0,13667176854,13667176806,0,0,47
6828,0,13669179062,13669179034,0,0,27
6829,0,13671180893,13671180851,0,0,42
6830,0,13673183582,13673183602,0,0,-20
6831,0,13675186290,13675186253,0,0,37
6832,0,13677189233,13677189204,0,0,29
6833,0,13679190467,13679190420,0,0,47
6834,0,13681192391,13681192328,0,0,62
6835,0,13683194007,13683193980,0,0,26
6836,0,13685195387,13685195357,0,0,30
6837,0,13687197877,13687197847,0,0,30
6838,0,13689199672,13689199641,0,0,31
6839,0,13691202101,13691202051,0,0,50
6840,0,13693205285,13693205235,0,0,50
6841,0,13695206391,13695206399,0,0,-7
6842,0,13697208803,13697208694,0,0,109
6843,0,13699210985,13699210948,0,0,36
6844,0,13701214329,13701214266,0,0,62
6845,0,13703216863,13703216824,0,0,38
6846,0,13705219367,13705219357,0,0,10
6847,0,13707220798,13707220744,0,0,53
6848,0,13709221849,13709221798,0,0,50
6849,0,13711224214,13711224173,0,0,41
6850,0,13713226588,13713226541,0,0,46
6851,0,13715228935,13715228901,0,0,34
6852,0,13717232465,13717232518,0,0,-53
6853,0,13719234485,13719234498,0,0,-12
6854,0,13721236519,13721236508,0,0,10
6855,0,13723238723,13723238675,0,0,47
6856,0,13725240822,13725240793,0,0,29
6857,0,13727243138,13727243091,0,0,47
6858,0,13729244746,13729244732,0,0,13
6859,0,13731247787,13731247803,0,0,-15
6860,0,13733250342,13733250355,0,0,-13
6861,0,13735252220,13735252242,0,0,-21
6862,0,13737254515,13737254479,0,0,35
6863,0,13739256761,13739256721,0,0,39
6864,0,13741258724,13741258660,0,0,63
6865,0,13743260435,13743260393,0,0,42
6866,0,13745263179,13745263121,0,0,57
6867,0,13747264992,13747264940,0,0,51
6868,0,13749267808,13749267730,0,0,77
6869,0,13751270229,13751270181,0,0,47
6870,0,13753272451,13753272460,0,0,-8
6871,0,13755274613,13755274624,0,0,-11
6872,0,13757276606,13757276569,0,0,37
6873,0,13759279045,13759279002,0,0,42
6874,0,13761281221,13761281179,0,0,41
6875,0,13763283421,13763283384,0,0,37
6876,0,13765285271,13765285223,0,0,47
6877,0,13767286645,13767286635,0,0,10
6878,0,13769289350,13769289310,0,0,39
6879,0,13771292125,13771292097,0,0,28
6880,0,13773295681,13773295647,0,0,33
6881,0,13775296823,13775296842,0,0,-18
6882,0,13777299258,13777299250,0,0,8
6883,0,13779301199,13779301158,0,0,40
6884,0,13781303516,13781303539,0,0,-22
6885,0,13783305561,13783305586,0,0,-24
6886,0,13785307717,13785307710,0,0,7
6887,0,13787309978,13787309934,0,0,44
6888,0,13789312416,13789312383,0,0,33
6889,0,13791315546,13791315607,0,0,-61
6890,0,13793316411,13793316422,0,0,-11
6891,0,13795318033,13795318026,0,0,6
6892,0,13797321177,13797321157,0,0,19
6893,0,13799323432,13799323413,0,0,18
6894,0,13801325427,13801325383,0,0,44
6895,0,13803327793,13803327751,0,0,42
6896,0,13805331235,13805331203,0,0,32
6897,0,13807332563,13807332599,0,0,-36
6898,0,13809334806,13809334818,0,0,-12
6899,0,13811336429,13811336466,0,0,-36
6900,0,13813338202,13813338238,0,0,-35
6901,0,13815340689,13815340732,0,0,-42
6902,0,13817342579,13817342615,0,0,-36
6903,0,13819345619,13819345595,0,0,24
6904,0,13821347725,13821347692,0,0,32
6905,0,13823350415,13823350390,0,0,25
6906,0,13825352712,13825352718,0,0,-6
6907,0,13827354885,13827354910,0,0,-24
6908,0,13829356833,13829356819,0,0,13
6909,0,13831359319,13831359352,0,0,-32
6910,0,13833361460,13833361451,0,0,8
6911,0,13835363761,13835363753,0,0,7
6912,0,13837365808,13837365777,0,0,30
6913,0,13839368109,13839368117,0,0,-8
6914,0,13841370373,13841370386,0,0,-13
6915,0,13843371945,13843371998,0,0,-53
6916,0,13845373153,13845373144,0,0,8
6917,0,13847375622,13847375633,0,0,-11
6918,0,13849378316,13849378348,0,0,-31
6919,0,13851381066,13851381077,0,0,-11
6920,0,13853383611,13853383634,0,0,-22
6921,0,13855386978,13855387015,0,0,-36
6922,0,13857387966,13857387929,0,0,37
6923,0,13859390142,13859390103,0,0,39
6924,0,13861392137,13861392093,0,0,44
6925,0,13863393754,13863393704,0,0,49
6926,0,13865397025,13865396992,0,0,33
6927,0,13867400258,13867400235,0,0,22
6928,0,13869402651,13869402633,0,0,18
6929,0,13871403800,13871403777,0,0,23
6930,0,13873407815,13873407840,0,0,-24
6931,0,13875407702,13875407669,0,0,32
6932,0,13877408710,13877408685,0,0,25
6933,0,13879411135,13879411163,0,0,-27
6934,0,13881413436,13881413405,0,0,31
6935,0,13883416933,13883416959,0,0,-26
6936,0,13885420355,13885420386,0,0,-31
6937,0,13887422300,13887422293,0,0,6
6938,0,13889423360,13889423307,0,0,52
6939,0,13891425017,13891424982,0,0,35
6940,0,13893428432,13893428400,0,0,32
6941,0,13895429826,13895429797,0,0,29
6942,0,13897431344,13897431357,0,0,-12
6943,0,13899434647,13899434601,0,0,45
6944,0,13901436785,13901436755,0,0,30
6945,0,13903439485,13903439447,0,0,38
6946,0,13905441698,13905441681,0,0,17
6947,0,13907443639,13907443615,0,0,24
6948,0,13909446134,13909446112,0,0,22
6949,0,13911447734,13911447779,0,0,-44
6950,0,13913449134,13913449110,0,0,23
6951,0,13915452512,13915452489,0,0,23
6952,0,13917454887,13917454826,0,0,60
6953,0,13919458114,13919458079,0,0,35
6954,0,13921459223,13921459182,0,0,41
6955,0,13923461311,13923461294,0,0,17
6956,0,13925463021,13925463008,0,0,12
6957,0,13927464670,13927464613,0,0,57
6958,0,13929466781,13929466763,0,0,17
6959,0,13931468770,13931468735,0,0,35
6960,0,13933471761,13933471724,0,0,36
6961,0,13935474731,13935474671,0,0,60
6962,0,13937476991,13937476919,0,0,71
6963,0,13939478913,13939478844,0,0,68
6964,0,13941480220,13941480228,0,0,-8
6965,0,13943483941,13943483895,0,0,45
6966,0,13945486372,13945486313,0,0,58
6967,0,13947488287,13947488243,0,0,43
6968,0,13949489822,13949489783,0,0,39
6969,0,13951492393,13951492357,0,0,35
6970,0,13953494690,13953494723,0,0,-33
6971,0,13955496984,13955497016,0,0,-32
6972,0,13957499310,13957499343,0,0,-33
6973,0,13959501013,13959500955,0,0,58
6974,0,13961502555,13961502525,0,0,30
6975,0,13963506249,13963506215,0,0,33
6976,0,13965508055,13965508017,0,0,38
6977,0,13967509175,13967509150,0,0,24
6978,0,13969512934,13969512962,0,0,-28
6979,0,13971514840,13971514816,0,0,24
6980,0,13973518085,13973518078,0,0,6
6981,0,13975519088,13975519079,0,0,8
6982,0,13977521523,13977521548,0,0,-24
6983,0,13979523726,13979523674,0,0,52
6984,0,13981526330,13981526262,0,0,67
6985,0,13983528907,13983528943,0,0,-36
6986,0,13985530035,13985529955,0,0,80
6987,0,13987531503,13987531445,0,0,57
6988,0,13989535033,13989534995,0,0,37
6989,0,13991537061,13991537035,0,0,25
6990,0,13993539869,13993539862,0,0,7
6991,0,13995542498,13995542524,0,0,-25
6992,0,13997544553,13997544573,0,0,-20
6993,0,13999546092,13999546116,0,0,-24
6994,0,14001548254,14001548217,0,0,37
6995,0,14003550498,14003550447,0,0,51
6996,0,14005552651,14005552668,0,0,-17
6997,0,14007554415,14007554465,0,0,-49
6998,0,14009556288,14009556321,0,0,-32
6999,0,14011559083,14011559097,0,0,-13
7000,0,14013561054,14013561064,0,0,-9
7001,0,14015563432,14015563423,0,0,8
7002,0,14017565179,14017565094,0,0,85
7003,0,14019568262,14019568197,0,0,65
7004,0,14021570205,14021570138,0,0,67
7005,0,14023571416,14023571442,0,0,-25
7006,0,14025574600,14025574613,0,0,-12
7007,0,14027576346,14027576309,0,0,37
7008,0,14029579391,14029579359,0,0,31
7009,0,14031581242,14031581192,0,0,50
7010,0,14033582591,14033582564,0,0,26
7011,0,14035585613,14035585565,0,0,47
7012,0,14037587118,14037587069,0,0,49
7013,0,14039590454,14039590410,0,0,44
7014,0,14041593128,14041593166,0,0,-38
7015,0,14043594491,14043594467,0,0,24
7016,0,14045595983,14045595925,0,0,57
7017,0,14047600234,14047600217,0,0,17
7018,0,14049601525,14049601491,0,0,33
7019,0,14051603883,14051603856,0,0,26
7020,0,14053606161,14053606123,0,0,37
7021,0,14055608288,14055608257,0,0,31
7022,0,14057610837,14057610788,0,0,49
7023,0,14059613076,14059613054,0,0,21
7024,0,14061614669,14061614568,0,0,101
7025,0,14063615653,14063615612,0,0,41
7026,0,14065618081,14065618013,0,0,67
7027,0,14067620287,14067620268,0,0,18
7028,0,14069622892,14069622867,0,0,25
7029,0,14071626019,14071625981,0,0,38
7030,0,14073629416,14073629435,0,0,-18
7031,0,14075630326,14075630299,0,0,26
7032,0,14077632570,14077632526,0,0,44
7033,0,14079634968,14079634939,0,0,29
7034,0,14081638223,14081638181,0,0,42
7035,0,14083639534,14083639512,0,0,21
7036,0,14085641493,14085641472,0,0,20
7037,0,14087643663,14087643644,0,0,19
7038,0,14089646575,14089646523,0,0,52
7039,0,14091648031,14091648009,0,0,22
7040,0,14093650290,14093650253,0,0,36
7041,0,14095652678,14095652651,0,0,26
7042,0,14097654820,14097654782,0,0,37
7043,0,14099657187,14099657213,0,0,-26
7044,0,14101659509,14101659502,0,0,6
7045,0,14103661621,14103661575,0,0,45
7046,0,14105663779,14105663726,0,0,53
7047,0,14107665772,14107665764,0,0,7
7048,0,14109667964,14109667978,0,0,-13
7049,0,14111669537,14111669564,0,0,-26
7050,0,14113674192,14113674215,0,0,-22
7051,0,14115674952,14115674927,0,0,25
7052,0,14117677383,14117677408,0,0,-25
7053,0,14119680146,14119680171,0,0,-25
7054,0,14121681791,14121681748,0,0,42
7055,0,14123684777,14123684752,0,0,24
7056,0,14125687017,14125687038,0,0,-21
7057,0,14127688197,14127688170,0,0,26
7058,0,14129690604,14129690559,0,0,45
7059,0,14131692835,14131692793,0,0,41
7060,0,14133694678,14133694660,0,0,17
7061,0,14135695741,14135695712,0,0,29
7062,0,14137698137,14137698099,0,0,37
7063,0,14139700488,14139700478,0,0,10
7064,0,14141703572,14141703548,0,0,24
7065,0,14143705090,14143705067,0,0,23
7066,0,14145708637,14145708608,0,0,29
7067,0,14147710184,14147710173,0,0,11
7068,0,14149711732,14149711701,0,0,31
7069,0,14151714868,14151714844,0,0,23
7070,0,14153717164,14153717121,0,0,43
7071,0,14155718977,14155718966,0,0,11
7072,0,14157720909,14157720875,0,0,33
7073,0,14159723721,14159723679,0,0,41
7074,0,14161726728,14161726690,0,0,38
7075,0,14163728126,14163728110,0,0,16
7076,0,14165730442,14165730434,0,0,8
7077,0,14167732810,14167732784,0,0,26
7078,0,14169735126,14169735108,0,0,17
7079,0,14171737034,14171736984,0,0,49
7080,0,14173740626,14173740580,0,0,45
7081,0,14175741463,14175741403,0,0,60
7082,0,14177745121,14177745046,0,0,75
7083,0,14179746003,14179745955,0,0,47
7084,0,14181748061,14181748004,0,0,57
7085,0,14183749408,14183749420,0,0,-12
7086,0,14185751768,14185751788,0,0,-19
7087,0,14187755493,14187755517,0,0,-24
7088,0,14189757115,14189757076,0,0,38
7089,0,14191758060,14191758016,0,0,43
7090,0,14193760880,14193760805,0,0,74
7091,0,14195763580,14195763555,0,0,25
7092,0,14197764901,14197764866,0,0,34
7093,0,14199767248,14199767219,0,0,29
7094,0,14201770674,14201770635,0,0,38
7095,0,14203773352,14203773331,0,0,20
7096,0,14205775165,14205775202,0,0,-36
7097,0,14207777298,14207777319,0,0,-20
7098,0,14209780976,14209780995,0,0,-18
7099,0,14211781998,14211782033,0,0,-34
7100,0,14213784051,14213784085,0,0,-33
7101,0,14215785680,14215785700,0,0,-19
7102,0,14217787336,14217787311,0,0,24
7103,0,14219790624,14219790599,0,0,24
7104,0,14221792910,14221792863,0,0,47
7105,0,14223794842,14223794874,0,0,-32
7106,0,14225796584,14225796569,0,0,15
7107,0,14227799541,14227799503,0,0,38
7108,0,14229802287,14229802217,0,0,69
7109,0,14231803568,14231803527,0,0,40
7110,0,14233805086,14233805053,0,0,32
7111,0,14235807152,14235807136,0,0,15
7112,0,14237809294,14237809250,0,0,43
7113,0,14239811722,14239811675,0,0,47
7114,0,14241816233,14241816195,0,0,38
7115,0,14243817032,14243816993,0,0,39
7116,0,14245818570,14245818605,0,0,-34
7117,0,14247821871,14247821850,0,0,21
7118,0,14249824339,14249824324,0,0,14
7119,0,14251826242,14251826191,0,0,51
7120,0,14253828546,14253828492,0,0,53
7121,0,14255830831,14255830800,0,0,31
7122,0,14257832714,14257832636,0,0,77
7123,0,14259833948,14259833899,0,0,49
7124,0,14261837776,14261837767,0,0,8
7125,0,14263839601,14263839606,0,0,-5
7126,0,14265841781,14265841736,0,0,44
7127,0,14267844305,14267844276,0,0,28
7128,0,14269846320,14269846286,0,0,33
7129,0,14271848509,14271848460,0,0,49
7130,0,14273853391,14273853316,0,0,74
7131,0,14275853360,14275853294,0,0,65
7132,0,14277855225,14277855183,0,0,42
7133,0,14279857008,14279856970,0,0,38
7134,0,14281859083,14281859035,0,0,47
7135,0,14283862742,14283862713,0,0,29
7136,0,14285863833,14285863795,0,0,37
7137,0,14287865107,14287865053,0,0,53
7138,0,14289868568,14289868493,0,0,75
7139,0,14291870836,14291870787,0,0,49
7140,0,14293873741,14293873692,0,0,49
7141,0,14295875164,14295875131,0,0,33
7142,0,14297877408,14297877358,0,0,50
7143,0,14299879382,14299879346,0,0,35
7144,0,14301881744,14301881726,0,0,17
7145,0,14303884141,14303884104,0,0,36
7146,0,14305887460,14305887392,0,0,67
7147,0,14307888364,14307888325,0,0,38
7148,0,14309890590,14309890540,0,0,49
7149,0,14311892906,14311892857,0,0,49
7150,0,14313895422,14313895356,0,0,65
7151,0,14315898655,14315898610,0,0,44
7152,0,14317901040,14317900980,0,0,59
7153,0,14319901712,14319901664,0,0,47
7154,0,14321904507,14321904445,0,0,62
7155,0,14323906752,14323906707,0,0,44
7156,0,14325908719,14325908676,0,0,42
7157,0,14327910792,14327910813,0,0,-21
7158,0,14329913501,14329913489,0,0,12
7159,0,14331915463,14331915488,0,0,-24
7160,0,14333917120,14333917140,0,0,-20
7161,0,14335919312,14335919355,0,0,-42
7162,0,14337923532,14337923515,0,0,17
7163,0,14339924076,14339924112,0,0,-36
7164,0,14341925406,14341925436,0,0,-30
7165,0,14343928507,14343928492,0,0,15
7166,0,14345930660,14345930639,0,0,20
7167,0,14347932660,14347932612,0,0,47
7168,0,14349934165,14349934191,0,0,-26
7169,0,14351937411,14351937438,0,0,-27
7170,0,14353939683,14353939712,0,0,-28
7171,0,14355941729,14355941701,0,0,28
7172,0,14357943982,14357943966,0,0,15
7173,0,14359946550,14359946528,0,0,22
7174,0,14361948522,14361948539,0,0,-16
7175,0,14363950346,14363950337,0,0,8
7176,0,14365951413,14365951394,0,0,19
7177,0,14367954771,14367954752,0,0,18
7178,0,14369959309,14369959292,0,0,17
7179,0,14371960507,14371960485,0,0,22
7180,0,14373963503,14373963494,0,0,8
7181,0,14375964366,14375964341,0,0,25
7182,0,14377967033,14377967016,0,0,17
7183,0,14379969174,14379969159,0,0,15
7184,0,14381971013,14381970995,0,0,18
7185,0,14383973149,14383973132,0,0,17
7186,0,14385975256,14385975231,0,0,25
7187,0,14387977753,14387977729,0,0,24
7188,0,14389980034,14389980005,0,0,29
7189,0,14391982278,14391982244,0,0,33
7190,0,14393984804,14393984760,0,0,43
7191,0,14395986466,14395986485,0,0,-19
7192,0,14397988869,14397988887,0,0,-17
7193,0,14399991024,14399990974,0,0,50
7194,0,14401994732,14401994705,0,0,27
7195,0,14403995292,14403995249,0,0,43
7196,0,14405997483,14405997493,0,0,-9
7197,0,14407999560,14407999515,0,0,44
7198,0,14410001811,14410001801,0,0,10
7199,0,14412004226,14412004196,0,0,29
7200,0,14414006602,14414006585,0,0,16
7201,0,14416008524,14416008504,0,0,20
7202,0,14418010966,14418010952,0,0,13
7203,0,14420013247,14420013240,0,0,6
7204,0,14422015730,14422015708,0,0,22
7205,0,14424017835,14424017901,0,0,-65
7206,0,14426019751,14426019698,0,0,53
7207,0,14428021561,14428021555,0,0,6
7208,0,14430022822,14430022772,0,0,50
7209,0,14432025171,14432025152,0,0,19
7210,0,14434027431,14434027402,0,0,29
7211,0,14436031060,14436031033,0,0,26
7212,0,14438033084,14438033119,0,0,-35
7213,0,14440034941,14440034900,0,0,40
7214,0,14442036997,14442036984,0,0,13
7215,0,14444040528,14444040552,0,0,-24
7216,0,14446043489,14446043456,0,0,33
7217,0,14448043937,14448043897,0,0,39
7218,0,14450045724,14450045678,0,0,46
7219,0,14452048363,14452048319,0,0,43
7220,0,14454049982,14454049941,0,0,40
7221,0,14456052955,14456052931,0,0,24
7222,0,14458054193,14458054141,0,0,51
7223,0,14460057220,14460057166,0,0,53
7224,0,14462058591,14462058557,0,0,33
7225,0,14464060793,14464060732,0,0,60
7226,0,14466063621,14466063570,0,0,50
7227,0,14468067417,14468067378,0,0,39
7228,0,14470068733,14470068696,0,0,36
7229,0,14472070973,14472070931,0,0,41
7230,0,14474073887,14474073838,0,0,49
7231,0,14476074240,14476074267,0,0,-26
7232,0,14478077573,14478077539,0,0,33
7233,0,14480079732,14480079679,0,0,53
7234,0,14482082171,14482082122,0,0,49
7235,0,14484084121,14484084083,0,0,37
7236,0,14486087227,14486087144,0,0,83
7237,0,14488088742,14488088705,0,0,37
7238,0,14490091436,14490091377,0,0,59
7239,0,14492093056,14492093013,0,0,42
7240,0,14494095406,14494095367,0,0,38
7241,0,14496097995,14496098020,0,0,-24
7242,0,14498099652,14498099643,0,0,8
7243,0,14500102473,14500102507,0,0,-34
7244,0,14502103888,14502103921,0,0,-32
7245,0,14504105599,14504105626,0,0,-27
7246,0,14506109278,14506109222,0,0,56
7247,0,14508111925,14508111891,0,0,34
7248,0,14510114066,14510114006,0,0,60
7249,0,14512114490,14512114468,0,0,22
7250,0,14514118058,14514118011,0,0,47
7251,0,14516119524,14516119499,0,0,24
7252,0,14518120576,14518120552,0,0,23
7253,0,14520123712,14520123694,0,0,17
7254,0,14522126219,14522126202,0,0,17
7255,0,14524128323,14524128304,0,0,18
7256,0,14526130756,14526130732,0,0,24
7257,0,14528132679,14528132642,0,0,37
7258,0,14530135489,14530135441,0,0,47
7259,0,14532137962,14532137935,0,0,26
7260,0,14534139740,14534139719,0,0,20
7261,0,14536142071,14536142049,0,0,22
7262,0,14538144635,14538144555,0,0,79
7263,0,14540146202,14540146171,0,0,30
7264,0,14542147237,14542147197,0,0,39
7265,0,14544149963,14544149927,0,0,35
7266,0,14546153433,14546153349,0,0,84
7267,0,14548155635,14548155624,0,0,11
7268,0,14550157699,14550157670,0,0,29
7269,0,14552159803,14552159787,0,0,15
7270,0,14554162188,14554162152,0,0,35
7271,0,14556164052,14556164022,0,0,30
7272,0,14558165453,14558165435,0,0,18
7273,0,14560168511,14560168465,0,0,45
7274,0,14562169964,14562169952,0,0,12
7275,0,14564173066,14564173072,0,0,-6
7276,0,14566175334,14566175364,0,0,-30
7277,0,14568178012,14568178036,0,0,-24
7278,0,14570179979,14570179909,0,0,70
7279,0,14572182292,14572182270,0,0,21
7280,0,14574186019,14574185982,0,0,37
7281,0,14576186606,14576186565,0,0,40
7282,0,14578188748,14578188741,0,0,6
7283,0,14580190797,14580190761,0,0,35
7284,0,14582192556,14582192516,0,0,40
7285,0,14584195623,14584195635,0,0,-12
7286,0,14586197623,14586197641,0,0,-17
7287,0,14588200663,14588200688,0,0,-24
7288,0,14590201707,14590201670,0,0,37
7289,0,14592203675,14592203626,0,0,49
7290,0,14594206734,14594206668,0,0,65
7291,0,14596209717,14596209674,0,0,43
7292,0,14598211121,14598211077,0,0,43
7293,0,14600213379,14600213349,0,0,29
7294,0,14602215490,14602215525,0,0,-34
7295,0,14604217723,14604217699,0,0,23
7296,0,14606219939,14606219902,0,0,36
7297,0,14608222243,14608222204,0,0,38
7298,0,14610224968,14610224922,0,0,45
7299,0,14612226364,14612226341,0,0,23
7300,0,14614227611,14614227561,0,0,50
7301,0,14616229695,14616229734,0,0,-39
7302,0,14618232501,14618232457,0,0,44
7303,0,14620235284,14620235249,0,0,35
7304,0,14622236889,14622236961,0,0,-71
7305,0,14624239620,14624239647,0,0,-26
7306,0,14626241808,14626241767,0,0,41
7307,0,14628245507,14628245474,0,0,33
7308,0,14630246921,14630246903,0,0,17
7309,0,14632249307,14632249274,0,0,32
7310,0,14634251186,14634251173,0,0,13
7311,0,14636253964,14636253957,0,0,6
7312,0,14638255643,14638255635,0,0,8
7313,0,14640256537,14640256523,0,0,13
7314,0,14642259337,14642259298,0,0,38
7315,0,14644262132,14644262188,0,0,-56
7316,0,14646265010,14646264975,0,0,35
7317,0,14648266594,14648266583,0,0,11
7318,0,14650268877,14650268842,0,0,35
7319,0,14652270813,14652270800,0,0,13
7320,0,14654272069,14654272045,0,0,24
7321,0,14656274347,14656274339,0,0,8
7322,0,14658277514,14658277535,0,0,-20
7323,0,14660280944,14660280935,0,0,8
7324,0,14662282219,14662282206,0,0,12
7325,0,14664284438,14664284411,0,0,26
7326,0,14666287040,14666286991,0,0,49
7327,0,14668288974,14668288937,0,0,37
7328,0,14670290866,14670290849,0,0,16
7329,0,14672292503,14672292471,0,0,32
7330,0,14674296876,14674296889,0,0,-13
7331,0,14676297528,14676297542,0,0,-14
7332,0,14678298805,14678298817,0,0,-12
7333,0,14680300826,14680300840,0,0,-13
7334,0,14682303263,14682303276,0,0,-13
7335,0,14684305359,14684305325,0,0,33
7336,0,14686308155,14686308184,0,0,-29
7337,0,14688311343,14688311307,0,0,35
7338,0,14690313722,14690313684,0,0,38
7339,0,14692315450,14692315409,0,0,40
7340,0,14694317494,14694317466,0,0,27
7341,0,14696319064,14696319030,0,0,33
7342,0,14698322484,14698322426,0,0,57
7343,0,14700323518,14700323541,0,0,-22
7344,0,14702326350,14702326400,0,0,-49
7345,0,14704328071,14704328092,0,0,-21
7346,0,14706331146,14706331099,0,0,47
7347,0,14708333232,14708333183,0,0,49
7348,0,14710335717,14710335674,0,0,43
7349,0,14712337747,14712337713,0,0,33
7350,0,14714339391,14714339337,0,0,53
7351,0,14716342057,14716342011,0,0,45
7352,0,14718343482,14718343438,0,0,43
7353,0,14720346901,14720346836,0,0,64
7354,0,14722348238,14722348182,0,0,55
7355,0,14724351188,14724351161,0,0,26
7356,0,14726354364,14726354325,0,0,38
7357,0,14728355435,14728355451,0,0,-16
7358,0,14730357191,14730357153,0,0,37
7359,0,14732359995,14732360017,0,0,-22
7360,0,14734362383,14734362426,0,0,-42
7361,0,14736364259,14736364275,0,0,-15
7362,0,14738366114,14738366078,0,0,36
7363,0,14740368799,14740368814,0,0,-14
7364,0,14742371626,14742371662,0,0,-36
7365,0,14744373240,14744373191,0,0,49
7366,0,14746374728,14746374716,0,0,11
7367,0,14748377701,14748377721,0,0,-20
7368,0,14750379035,14750379046,0,0,-10
7369,0,14752382271,14752382303,0,0,-31
7370,0,14754384541,14754384490,0,0,51
7371,0,14756386746,14756386708,0,0,37
7372,0,14758390051,14758390006,0,0,45
7373,0,14760390964,14760390925,0,0,38
7374,0,14762392498,14762392478,0,0,20
7375,0,14764396276,14764396221,0,0,55
7376,0,14766397615,14766397622,0,0,-6
7377,0,14768399174,14768399127,0,0,47
7378,0,14770402267,14770402283,0,0,-15
7379,0,14772404469,14772404484,0,0,-15
7380,0,14774408152,14774408171,0,0,-19
7381,0,14776409459,14776409474,0,0,-15
7382,0,14778410969,14778410914,0,0,55
7383,0,14780412274,14780412241,0,0,33
7384,0,14782414741,14782414723,0,0,17
7385,0,14784418570,14784418532,0,0,38
7386,0,14786420119,14786420058,0,0,60
7387,0,14788421468,14788421426,0,0,41
7388,0,14790425289,14790425328,0,0,-38
7389,0,14792425778,14792425793,0,0,-14
7390,0,14794428470,14794428505,0,0,-34
7391,0,14796430792,14796430820,0,0,-27
7392,0,14798432497,14798432536,0,0,-38
7393,0,14800435928,14800435884,0,0,43
7394,0,14802438125,14802438066,0,0,58
7395,0,14804440277,14804440263,0,0,13
7396,0,14806442082,14806442047,0,0,35
7397,0,14808443431,14808443394,0,0,37
7398,0,14810445967,14810445903,0,0,64
7399,0,14812448752,14812448742,0,0,10
7400,0,14814450244,14814450189,0,0,55
7401,0,14816453510,14816453485,0,0,25
7402,0,14818456216,14818456187,0,0,29
7403,0,14820457695,14820457662,0,0,32
7404,0,14822460375,14822460334,0,0,40
7405,0,14824462346,14824462305,0,0,40
7406,0,14826464762,14826464708,0,0,53
7407,0,14828467623,14828467589,0,0,33
7408,0,14830468955,14830468924,0,0,31
7409,0,14832470323,14832470279,0,0,43
7410,0,14834474081,14834474024,0,0,56
7411,0,14836476039,14836476013,0,0,26
7412,0,14838478378,14838478339,0,0,38
7413,0,14840480621,14840480657,0,0,-35
7414,0,14842482337,14842482310,0,0,26
7415,0,14844484521,14844484485,0,0,35
7416,0,14846487761,14846487725,0,0,35
7417,0,14848488073,14848488046,0,0,26
7418,0,14850491608,14850491541,0,0,67
7419,0,14852493346,14852493319,0,0,26
7420,0,14854495649,14854495595,0,0,53
7421,0,14856497304,14856497323,0,0,-19
7422,0,14858500972,14858500981,0,0,-8
7423,0,14860502355,14860502379,0,0,-24
7424,0,14862504914,14862504899,0,0,14
7425,0,14864506936,14864506951,0,0,-15
7426,0,14866509301,14866509285,0,0,15
7427,0,14868511320,14868511313,0,0,6
7428,0,14870512683,14870512696,0,0,-13
7429,0,14872515799,14872515856,0,0,-57
7430,0,14874518265,14874518305,0,0,-39
7431,0,14876519998,14876520033,0,0,-34
7432,0,14878522102,14878522094,0,0,7
7433,0,14880525361,14880525326,0,0,35
7434,0,14882527559,14882527476,0,0,83
7435,0,14884529575,14884529552,0,0,23
7436,0,14886532456,14886532400,0,0,55
7437,0,14888534253,14888534215,0,0,37
7438,0,14890535581,14890535516,0,0,64
7439,0,14892537009,14892536990,0,0,19
7440,0,14894540827,14894540785,0,0,42
7441,0,14896542642,14896542653,0,0,-11
7442,0,14898544717,14898544755,0,0,-37
7443,0,14900546629,14900546671,0,0,-42
7444,0,14902548528,14902548520,0,0,8
7445,0,14904551177,14904551244,0,0,-66
7446,0,14906552860,14906552897,0,0,-37
7447,0,14908555853,14908555847,0,0,5
7448,0,14910558009,14910557997,0,0,12
7449,0,14912559673,14912559653,0,0,19
7450,0,14914562885,14914562825,0,0,60
7451,0,14916564549,14916564592,0,0,-42
7452,0,14918567046,14918567101,0,0,-54
7453,0,14920569696,14920569685,0,0,11
7454,0,14922571159,14922571198,0,0,-39
7455,0,14924572707,14924572743,0,0,-36
7456,0,14926575844,14926575884,0,0,-39
7457,0,14928577757,14928577802,0,0,-44
7458,0,14930579313,14930579336,0,0,-22
7459,0,14932582608,14932582577,0,0,31
7460,0,14934583720,14934583692,0,0,28
7461,0,14936587206,14936587181,0,0,25
7462,0,14938589104,14938589050,0,0,53
7463,0,14940590176,14940590142,0,0,33
7464,0,14942592761,14942592730,0,0,31
7465,0,14944595756,14944595691,0,0,65
7466,0,14946597272,14946597190,0,0,82
7467,0,14948600231,14948600182,0,0,49
7468,0,14950602656,14950602600,0,0,55
7469,0,14952604943,14952604905,0,0,38
7470,0,14954606741,14954606687,0,0,53
7471,0,14956609621,14956609588,0,0,32
7472,0,14958612532,14958612482,0,0,50
7473,0,14960613402,14960613428,0,0,-25
7474,0,14962615248,14962615184,0,0,63
7475,0,14964618094,14964618057,0,0,37
7476,0,14966620668,14966620582,0,0,85
7477,0,14968622752,14968622720,0,0,31
7478,0,14970624645,14970624603,0,0,42
7479,0,14972625586,14972625539,0,0,47
7480,0,14974630193,14974630169,0,0,23
7481,0,14976631326,14976631278,0,0,47
7482,0,14978632871,14978632834,0,0,37
7483,0,14980635724,14980635689,0,0,35
7484,0,14982638031,14982637982,0,0,49
7485,0,14984639332,14984639292,0,0,39
7486,0,14986641830,14986641783,0,0,47
7487,0,14988645133,14988645096,0,0,37
7488,0,14990646787,14990646760,0,0,26
7489,0,14992648346,14992648322,0,0,23
7490,0,14994651597,14994651517,0,0,79
7491,0,14996653541,14996653488,0,0,53
7492,0,14998655252,14998655269,0,0,-16
7493,0,15000657846,15000657862,0,0,-16
7494,0,15002659739,15002659716,0,0,23
7495,0,15004662597,15004662588,0,0,8
7496,0,15006664705,15006664739,0,0,-33
7497,0,15008666524,15008666473,0,0,51
7498,0,15010669597,15010669566,0,0,31
7499,0,15012672235,15012672197,0,0,37
7500,0,15014674069,15014674031,0,0,38
7501,0,15016676182,15016676157,0,0,24
7502,0,15018678124,15018678093,0,0,31
7503,0,15020680447,15020680432,0,0,14
7504,0,15022682589,15022682566,0,0,22
7505,0,15024684731,15024684694,0,0,37
7506,0,15026686070,15026686017,0,0,52
7507,0,15028689314,15028689352,0,0,-38
7508,0,15030691528,15030691492,0,0,35
7509,0,15032692667,15032692637,0,0,29
7510,0,15034695049,15034695002,0,0,47
7511,0,15036697925,15036697890,0,0,35
7512,0,15038699865,15038699838,0,0,26
7513,0,15040702388,15040702329,0,0,58
7514,0,15042703752,15042703676,0,0,75
7515,0,15044705684,15044705648,0,0,35
7516,0,15046709244,15046709204,0,0,40
7517,0,15048711881,15048711860,0,0,21
7518,0,15050714334,15050714257,0,0,77
7519,0,15052716251,15052716216,0,0,35
7520,0,15054718151,15054718124,0,0,26
7521,0,15056719195,15056719177,0,0,17
7522,0,15058721949,15058721901,0,0,47
7523,0,15060724939,15060724890,0,0,49
7524,0,15062727078,15062727106,0,0,-28
7525,0,15064729534,15064729501,0,0,33
7526,0,15066731801,15066731780,0,0,20
7527,0,15068733893,15068733878,0,0,14
7528,0,15070736011,15070735953,0,0,57
7529,0,15072738373,15072738328,0,0,45
7530,0,15074740615,15074740584,0,0,31
7531,0,15076741406,15076741383,0,0,23
7532,0,15078744346,15078744320,0,0,25
7533,0,15080748157,15080748144,0,0,12
7534,0,15082749976,15082750011,0,0,-34
7535,0,15084752586,15084752613,0,0,-26
7536,0,15086753865,15086753908,0,0,-42
7537,0,15088756045,15088756083,0,0,-38
7538,0,15090758549,15090758480,0,0,68
7539,0,15092761238,15092761214,0,0,23
7540,0,15094763130,15094763063,0,0,67
7541,0,15096765361,15096765324,0,0,37
7542,0,15098767117,15098767080,0,0,37
7543,0,15100768328,15100768313,0,0,15
7544,0,15102771954,15102771906,0,0,47
7545,0,15104773929,15104773938,0,0,-8
7546,0,15106776041,15106775969,0,0,71
7547,0,15108778232,15108778188,0,0,44
7548,0,15110780622,15110780593,0,0,29
7549,0,15112783839,15112783800,0,0,38
7550,0,15114785105,15114785048,0,0,57
7551,0,15116787557,15116787530,0,0,26
7552,0,15118789548,15118789499,0,0,48
7553,0,15120791507,15120791468,0,0,38
7554,0,15122792985,15122792956,0,0,29
7555,0,15124796355,15124796334,0,0,20
7556,0,15126798702,15126798624,0,0,77
7557,0,15128800534,15128800508,0,0,26
7558,0,15130803010,15130802952,0,0,57
7559,0,15132805431,15132805417,0,0,13
7560,0,15134807579,15134807517,0,0,61
7561,0,15136809585,15136809546,0,0,39
7562,0,15138811696,15138811651,0,0,44
7563,0,15140813813,15140813856,0,0,-42
7564,0,15142814894,15142814937,0,0,-42
7565,0,15144818568,15144818550,0,0,17
7566,0,15146821542,15146821589,0,0,-47
7567,0,15148824860,15148824835,0,0,25
7568,0,15150826001,15150825957,0,0,43
7569,0,15152826220,15152826173,0,0,47
7570,0,15154830137,15154830058,0,0,78
7571,0,15156831363,15156831303,0,0,59
7572,0,15158832975,15158832917,0,0,57
7573,0,15160835103,15160835051,0,0,51
7574,0,15162837431,15162837396,0,0,35
7575,0,15164841443,15164841459,0,0,-15
7576,0,15166843791,15166843828,0,0,-36
7577,0,15168845437,15168845476,0,0,-39
7578,0,15170847638,15170847660,0,0,-22
7579,0,15172850076,15172850037,0,0,38
7580,0,15174852878,15174852914,0,0,-35
7581,0,15176854440,15176854487,0,0,-46
7582,0,15178856447,15178856487,0,0,-39
7583,0,15180858367,15180858406,0,0,-38
7584,0,15182860503,15182860556,0,0,-52
7585,0,15184863040,15184863015,0,0,24
7586,0,15186865187,15186865140,0,0,47
7587,0,15188867495,15188867485,0,0,10
7588,0,15190869513,15190869481,0,0,31
7589,0,15192871666,15192871643,0,0,22
7590,0,15194872922,15194872964,0,0,-42
7591,0,15196876094,15196876067,0,0,27
7592,0,15198878307,15198878271,0,0,35
7593,0,15200879529,15200879476,0,0,53
7594,0,15202881647,15202881588,0,0,58
7595,0,15204884187,15204884149,0,0,38
7596,0,15206887436,15206887402,0,0,33
7597,0,15208889710,15208889660,0,0,50
7598,0,15210891784,15210891764,0,0,20
7599,0,15212894114,15212894065,0,0,48
7600,0,15214896377,15214896352,0,0,24
7601,0,15216898543,15216898494,0,0,49
7602,0,15218901124,15218901116,0,0,8
7603,0,15220903215,15220903238,0,0,-22
7604,0,15222904845,15222904840,0,0,5
7605,0,15224906368,15224906330,0,0,38
7606,0,15226909735,15226909675,0,0,60
7607,0,15228912173,15228912144,0,0,29
7608,0,15230914307,15230914272,0,0,35
7609,0,15232916090,15232916036,0,0,53
7610,0,15234917205,15234917207,0,0,-2
7611,0,15236919343,15236919369,0,0,-26
7612,0,15238922520,15238922467,0,0,53
7613,0,15240926296,15240926258,0,0,38
7614,0,15242928261,15242928224,0,0,37
7615,0,15244930034,15244930012,0,0,22
7616,0,15246931957,15246931900,0,0,57
7617,0,15248933941,15248933953,0,0,-12
7618,0,15250935804,15250935766,0,0,37
7619,0,15252938441,15252938414,0,0,26
7620,0,15254940767,15254940716,0,0,50
7621,0,15256943120,15256943083,0,0,36
7622,0,15258945323,15258945269,0,0,54
7623,0,15260947490,15260947513,0,0,-22
7624,0,15262949387,15262949420,0,0,-32
7625,0,15264950953,15264950981,0,0,-27
7626,0,15266953991,15266953950,0,0,40
7627,0,15268955022,15268955017,0,0,5
7628,0,15270958123,15270958144,0,0,-20
7629,0,15272961857,15272961840,0,0,17
7630,0,15274964784,15274964766,0,0,17
7631,0,15276965874,15276965858,0,0,15
7632,0,15278967217,15278967184,0,0,32
7633,0,15280968256,15280968212,0,0,43
7634,0,15282970729,15282970746,0,0,-17
7635,0,15284972779,15284972739,0,0,40
7636,0,15286975404,15286975378,0,0,25
7637,0,15288978678,15288978624,0,0,53
7638,0,15290980683,15290980622,0,0,60
7639,0,15292982002,15292981986,0,0,15
7640,0,15294984804,15294984835,0,0,-31
7641,0,15296986270,15296986244,0,0,25
7642,0,15298988747,15298988778,0,0,-31
7643,0,15300991782,15300991805,0,0,-22
7644,0,15302994546,15302994531,0,0,15
7645,0,15304997813,15304997791,0,0,22
7646,0,15306998868,15306998824,0,0,44
7647,0,15309000701,15309000677,0,0,23
7648,0,15311002584,15311002560,0,0,23
7649,0,15313004210,15313004235,0,0,-25
7650,0,15315007405,15315007388,0,0,16
7651,0,15317009642,15317009662,0,0,-19
7652,0,15319011680,15319011703,0,0,-22
7653,0,15321013078,15321013047,0,0,31
7654,0,15323016692,15323016638,0,0,53
7655,0,15325018631,15325018622,0,0,9
7656,0,15327020537,15327020503,0,0,33
7657,0,15329021782,15329021761,0,0,20
7658,0,15331023919,15331023858,0,0,61
7659,0,15333026748,15333026722,0,0,25
7660,0,15335029624,15335029590,0,0,33
7661,0,15337032737,15337032722,0,0,14
7662,0,15339033693,15339033672,0,0,20
7663,0,15341036788,15341036755,0,0,33
7664,0,15343038573,15343038548,0,0,24
7665,0,15345040997,15345040967,0,0,30
7666,0,15347043103,15347043056,0,0,47
7667,0,15349044983,15349044947,0,0,35
7668,0,15351046817,15351046794,0,0,23
7669,0,15353049543,15353049503,0,0,40
7670,0,15355051193,15355051182,0,0,10
7671,0,15357053964,15357054008,0,0,-44
7672,0,15359055281,15359055256,0,0,25
7673,0,15361058408,15361058396,0,0,12
7674,0,15363059940,15363059951,0,0,-11
7675,0,15365063003,15365063029,0,0,-25
7676,0,15367065243,15367065221,0,0,22
7677,0,15369067460,15369067420,0,0,39
7678,0,15371069925,15371069877,0,0,47
7679,0,15373071832,15373071785,0,0,47
7680,0,15375075334,15375075323,0,0,11
7681,0,15377076264,15377076223,0,0,40
7682,0,15379077779,15379077750,0,0,29
7683,0,15381080575,15381080608,0,0,-33
7684,0,15383082602,15383082612,0,0,-9
7685,0,15385085325,15385085286,0,0,39
7686,0,15387088047,15387088010,0,0,37
7687,0,15389090224,15389090201,0,0,22
7688,0,15391091506,15391091462,0,0,44
7689,0,15393093249,15393093281,0,0,-32
7690,0,15395096772,15395096808,0,0,-36
7691,0,15397099018,15397099059,0,0,-40
7692,0,15399101105,15399101145,0,0,-39
7693,0,15401104017,15401104048,0,0,-31
7694,0,15403104296,15403104332,0,0,-36
7695,0,15405108555,15405108588,0,0,-33
7696,0,15407109390,15407109339,0,0,50
7697,0,15409110848,15409110885,0,0,-36
7698,0,15411113412,15411113447,0,0,-34
7699,0,15413116377,15413116351,0,0,25
7700,0,15415118948,15415118982,0,0,-34
7701,0,15417121225,15417121260,0,0,-34
7702,0,15419123704,15419123720,0,0,-15
7703,0,15421125307,15421125340,0,0,-32
7704,0,15423127919,15423127932,0,0,-13
7705,0,15425130166,15425130116,0,0,49
7706,0,15427132298,15427132258,0,0,39
7707,0,15429134201,15429134175,0,0,25
7708,0,15431136388,15431136441,0,0,-52
7709,0,15433139662,15433139702,0,0,-39
7710,0,15435141089,15435141101,0,0,-11
7711,0,15437143058,15437143032,0,0,25
7712,0,15439144083,15439144047,0,0,35
7713,0,15441146784,15441146772,0,0,11
7714,0,15443149653,15443149628,0,0,25
7715,0,15445150946,15445150934,0,0,12
7716,0,15447153905,15447153878,0,0,26
7717,0,15449155339,15449155312,0,0,27
7718,0,15451157800,15451157757,0,0,42
7719,0,15453161042,15453161002,0,0,40
7720,0,15455163143,15455163104,0,0,38
7721,0,15457164429,15457164376,0,0,52
7722,0,15459167838,15459167808,0,0,30
7723,0,15461169531,15461169480,0,0,51
7724,0,15463171374,15463171326,0,0,47
7725,0,15465173996,15465174012,0,0,-15
7726,0,15467176568,15467176593,0,0,-24
7727,0,15469179291,15469179317,0,0,-26
7728,0,15471181602,15471181633,0,0,-31
7729,0,15473183295,15473183327,0,0,-31
7730,0,15475187265,15475187227,0,0,37
7731,0,15477187221,15477187177,0,0,44
7732,0,15479188732,15479188756,0,0,-23
7733,0,15481191107,15481191136,0,0,-28
7734,0,15483194285,15483194227,0,0,57
7735,0,15485197362,15485197378,0,0,-15
7736,0,15487199060,15487199002,0,0,57
7737,0,15489200906,15489200871,0,0,35
7738,0,15491202595,15491202522,0,0,73
7739,0,15493205630,15493205603,0,0,26
7740,0,15495207975,15495207970,0,0,4
7741,0,15497209998,15497210038,0,0,-39
7742,0,15499212402,15499212358,0,0,43
7743,0,15501213997,15501213950,0,0,47
7744,0,15503215547,15503215503,0,0,44
7745,0,15505218807,15505218755,0,0,52
7746,0,15507221629,15507221591,0,0,38
7747,0,15509223456,15509223368,0,0,87
7748,0,15511225640,15511225633,0,0,7
7749,0,15513228089,15513228092,0,0,-3
7750,0,15515230115,15515230126,0,0,-11
7751,0,15517232294,15517232243,0,0,51
7752,0,15519234283,15519234239,0,0,43
7753,0,15521235721,15521235685,0,0,36
7754,0,15523238167,15523238067,0,0,100
7755,0,15525241335,15525241285,0,0,50
7756,0,15527243113,15527243060,0,0,53
7757,0,15529244606,15529244557,0,0,49
7758,0,15531248332,15531248273,0,0,58
7759,0,15533249125,15533249086,0,0,38
7760,0,15535252604,15535252562,0,0,41
7761,0,15537254280,15537254229,0,0,51
7762,0,15539256420,15539256368,0,0,51
7763,0,15541258429,15541258391,0,0,38
7764,0,15543260035,15543260018,0,0,17
7765,0,15545262208,15545262232,0,0,-24
7766,0,15547264413,15547264409,0,0,4
7767,0,15549266955,15549266916,0,0,39
7768,0,15551270271,15551270222,0,0,49
7769,0,15553273041,15553273005,0,0,35
7770,0,15555275231,15555275266,0,0,-34
7771,0,15557276683,15557276712,0,0,-29
7772,0,15559278862,15559278824,0,0,38
7773,0,15561281017,15561280957,0,0,59
7774,0,15563283426,15563283444,0,0,-18
7775,0,15565285891,15565285853,0,0,37
7776,0,15567287483,15567287447,0,0,35
7777,0,15569289587,15569289528,0,0,59
7778,0,15571292132,15571292089,0,0,42
7779,0,15573293766,15573293806,0,0,-39
7780,0,15575298208,15575298170,0,0,37
7781,0,15577299076,15577299050,0,0,25
7782,0,15579301228,15579301161,0,0,67
7783,0,15581303237,15581303210,0,0,26
7784,0,15583306021,15583306008,0,0,12
7785,0,15585307983,15585307967,0,0,15
7786,0,15587310703,15587310640,0,0,62
7787,0,15589312572,15589312534,0,0,37
7788,0,15591315249,15591315222,0,0,27
7789,0,15593316667,15593316676,0,0,-8
7790,0,15595318987,15595319004,0,0,-17
7791,0,15597322534,15597322505,0,0,29
7792,0,15599324871,15599324905,0,0,-33
7793,0,15601325513,15601325530,0,0,-17
7794,0,15603327240,15603327269,0,0,-29
7795,0,15605330213,15605330188,0,0,25
7796,0,15607332555,15607332484,0,0,70
7797,0,15609334859,15609334842,0,0,16
7798,0,15611336829,15611336858,0,0,-29
7799,0,15613339043,15613339083,0,0,-39
7800,0,15615341092,15615341068,0,0,23
7801,0,15617343385,15617343344,0,0,40
7802,0,15619345294,15619345241,0,0,53
7803,0,15621346724,15621346711,0,0,13
7804,0,15623350287,15623350258,0,0,29
7805,0,15625352106,15625352087,0,0,19
7806,0,15627355747,15627355778,0,0,-31
7807,0,15629356982,15629356952,0,0,29
7808,0,15631358961,15631358994,0,0,-33
7809,0,15633361018,15633360994,0,0,24
7810,0,15635362866,15635362810,0,0,56
7811,0,15637365844,15637365807,0,0,37
7812,0,15639368269,15639368238,0,0,31
7813,0,15641370022,15641370004,0,0,17
7814,0,15643372306,15643372269,0,0,37
7815,0,15645374591,15645374584,0,0,6
7816,0,15647377263,15647377235,0,0,27
7817,0,15649378935,15649378900,0,0,35
7818,0,15651380459,15651380411,0,0,47
7819,0,15653383096,15653383065,0,0,31
7820,0,15655384665,15655384647,0,0,17
7821,0,15657388197,15657388176,0,0,20
7822,0,15659391579,15659391566,0,0,12
7823,0,15661392682,15661392715,0,0,-33
7824,0,15663394612,15663394592,0,0,20
7825,0,15665397004,15665396956,0,0,47
7826,0,15667399228,15667399177,0,0,51
7827,0,15669401203,15669401166,0,0,37
7828,0,15671403766,15671403753,0,0,13
7829,0,15673405648,15673405606,0,0,42
7830,0,15675410074,15675410051,0,0,22
7831,0,15677411319,15677411309,0,0,9
7832,0,15679412178,15679412141,0,0,37
7833,0,15681414353,15681414302,0,0,51
7834,0,15683417180,15683417153,0,0,26
7835,0,15685419172,15685419134,0,0,37
7836,0,15687421580,15687421543,0,0,37
7837,0,15689424096,15689424081,0,0,14
7838,0,15691427217,15691427184,0,0,33
7839,0,15693428263,15693428249,0,0,14
7840,0,15695430110,15695430091,0,0,18
7841,0,15697432680,15697432704,0,0,-24
7842,0,15699434505,15699434523,0,0,-18
7843,0,15701436681,15701436695,0,0,-13
7844,0,15703437824,15703437853,0,0,-29
7845,0,15705440539,15705440571,0,0,-32
7846,0,15707443712,15707443746,0,0,-33
7847,0,15709445658,15709445612,0,0,45
7848,0,15711448540,15711448531,0,0,8
7849,0,15713450176,15713450204,0,0,-27
7850,0,15715452629,15715452608,0,0,20
7851,0,15717454701,15717454732,0,0,-31
7852,0,15719456496,15719456537,0,0,-40
7853,0,15721458263,15721458281,0,0,-17
7854,0,15723462874,15723462887,0,0,-13
7855,0,15725464570,15725464610,0,0,-40
7856,0,15727466611,15727466579,0,0,31
7857,0,15729468088,15729468021,0,0,67
7858,0,15731470421,15731470368,0,0,53
7859,0,15733472529,15733472479,0,0,49
7860,0,15735474748,15735474671,0,0,76
7861,0,15737476835,15737476806,0,0,29
7862,0,15739478995,15739478938,0,0,57
7863,0,15741480539,15741480512,0,0,26
7864,0,15743483554,15743483488,0,0,65
7865,0,15745485818,15745485765,0,0,53
7866,0,15747487265,15747487191,0,0,74
7867,0,15749490149,15749490092,0,0,56
7868,0,15751492260,15751492193,0,0,67
7869,0,15753493719,15753493660,0,0,58
7870,0,15755497094,15755497068,0,0,25
7871,0,15757498842,15757498813,0,0,29
7872,0,15759500077,15759500046,0,0,31
7873,0,15761502413,15761502374,0,0,39
7874,0,15763504744,15763504694,0,0,50
7875,0,15765508312,15765508264,0,0,47
7876,0,15767510399,15767510328,0,0,71
7877,0,15769512559,15769512517,0,0,42
7878,0,15771514626,15771514601,0,0,25
7879,0,15773517132,15773517088,0,0,43
7880,0,15775521062,15775521073,0,0,-11
7881,0,15777521119,15777521087,0,0,31
7882,0,15779522386,15779522376,0,0,9
7883,0,15781524674,15781524693,0,0,-19
7884,0,15783527984,15783527991,0,0,-7
7885,0,15785530485,15785530457,0,0,28
7886,0,15787533401,15787533363,0,0,38
7887,0,15789534430,15789534390,0,0,40
7888,0,15791537108,15791537058,0,0,49
7889,0,15793539401,15793539363,0,0,38
7890,0,15795541417,15795541352,0,0,65
7891,0,15797543409,15797543350,0,0,59
7892,0,15799544588,15799544505,0,0,82
7893,0,15801546983,15801546997,0,0,-14
7894,0,15803550384,15803550374,0,0,10
7895,0,15805553542,15805553521,0,0,20
7896,0,15807555887,15807555852,0,0,34
7897,0,15809557030,15809556992,0,0,38
7898,0,15811559159,15811559125,0,0,33
7899,0,15813561263,15813561301,0,0,-38
7900,0,15815563467,15815563485,0,0,-17
7901,0,15817565019,15817565045,0,0,-26
7902,0,15819568630,15819568599,0,0,31
7903,0,15821571222,15821571230,0,0,-8
7904,0,15823572835,15823572849,0,0,-13
7905,0,15825574737,15825574769,0,0,-31
7906,0,15827577212,15827577146,0,0,65
7907,0,15829579103,15829579058,0,0,44
7908,0,15831581591,15831581615,0,0,-24
7909,0,15833583547,15833583575,0,0,-28
7910,0,15835586440,15835586401,0,0,39
7911,0,15837587693,15837587674,0,0,19
7912,0,15839589206,15839589220,0,0,-13
7913,0,15841591248,15841591279,0,0,-31
7914,0,15843594202,15843594156,0,0,45
7915,0,15845597031,15845597026,0,0,5
7916,0,15847599294,15847599264,0,0,29
7917,0,15849602033,15849602014,0,0,19
7918,0,15851603960,15851603983,0,0,-22
7919,0,15853605659,15853605628,0,0,31
7920,0,15855607161,15855607135,0,0,25
7921,0,15857610204,15857610177,0,0,27
7922,0,15859611431,15859611382,0,0,49
7923,0,15861614026,15861613999,0,0,26
7924,0,15863615638,15863615605,0,0,33
7925,0,15865617904,15865617863,0,0,40
7926,0,15867620459,15867620563,0,0,-103
7927,0,15869624061,15869624114,0,0,-53
7928,0,15871625846,15871625871,0,0,-24
7929,0,15873626970,15873626991,0,0,-21
7930,0,15875630905,15875630839,0,0,65
7931,0,15877632215,15877632185,0,0,30
7932,0,15879634181,15879634157,0,0,23
7933,0,15881637156,15881637094,0,0,62
7934,0,15883638346,15883638318,0,0,28
7935,0,15885642710,15885642696,0,0,13
7936,0,15887643866,15887643895,0,0,-29
7937,0,15889646014,15889645970,0,0,43
7938,0,15891648719,15891648662,0,0,56
7939,0,15893650230,15893650265,0,0,-34
7940,0,15895652591,15895652608,0,0,-16
7941,0,15897654833,15897654795,0,0,37
7942,0,15899656873,15899656857,0,0,15
7943,0,15901658668,15901658640,0,0,28
7944,0,15903661604,15903661595,0,0,8
7945,0,15905663549,15905663600,0,0,-51
7946,0,15907665089,15907665103,0,0,-14
7947,0,15909668181,15909668155,0,0,26
7948,0,15911670512,15911670525,0,0,-13
7949,0,15913672449,15913672480,0,0,-31
7950,0,15915674232,15915674215,0,0,17
7951,0,15917678631,15917678603,0,0,27
7952,0,15919679841,15919679817,0,0,23
7953,0,15921681925,15921681990,0,0,-65
7954,0,15923684089,15923684132,0,0,-42
7955,0,15925686281,15925686265,0,0,15
7956,0,15927689011,15927688953,0,0,57
7957,0,15929690687,15929690664,0,0,23
7958,0,15931692853,15931692835,0,0,18
7959,0,15933694887,15933694882,0,0,4
7960,0,15935697211,15935697193,0,0,18
7961,0,15937699257,15937699211,0,0,45
7962,0,15939701613,15939701602,0,0,11
7963,0,15941703875,15941703867,0,0,8
7964,0,15943705936,15943705929,0,0,6
7965,0,15945708212,15945708253,0,0,-41
7966,0,15947710487,15947710458,0,0,29
7967,0,15949712373,15949712355,0,0,18
7968,0,15951713892,15951713854,0,0,37
7969,0,15953717420,15953717458,0,0,-38
7970,0,15955719501,15955719478,0,0,22
7971,0,15957721633,15957721602,0,0,31
7972,0,15959724123,15959724110,0,0,13
7973,0,15961725887,15961725857,0,0,30
7974,0,15963727315,15963727255,0,0,60
7975,0,15965730368,15965730323,0,0,44
7976,0,15967732546,15967732476,0,0,69
7977,0,15969733820,15969733773,0,0,46
7978,0,15971735941,15971735904,0,0,37
7979,0,15973738490,15973738516,0,0,-26
7980,0,15975743460,15975743507,0,0,-46
7981,0,15977744400,15977744363,0,0,37
7982,0,15979746104,15979746117,0,0,-13
7983,0,15981748912,15981748915,0,0,-2
7984,0,15983750709,15983750724,0,0,-15
7985,0,15985753531,15985753474,0,0,56
7986,0,15987755493,15987755444,0,0,48
7987,0,15989757225,15989757176,0,0,49
7988,0,15991759804,15991759793,0,0,11
7989,0,15993761676,15993761618,0,0,57
7990,0,15995763756,15995763716,0,0,40
7991,0,15997765110,15997765075,0,0,35
7992,0,15999768397,15999768349,0,0,47
7993,0,16001770970,16001770985,0,0,-14
7994,0,16003772819,16003772851,0,0,-32
7995,0,16005775278,16005775294,0,0,-15
7996,0,16007778065,16007778024,0,0,41
7997,0,16009779469,16009779456,0,0,13
7998,0,16011782061,16011782035,0,0,25
7999,0,16013785060,16013785026,0,0,33
8000,0,16015786010,16015785984,0,0,25
8001,0,16017787822,16017787799,0,0,23
8002,0,16019790642,16019790616,0,0,26
8003,0,16021792726,16021792699,0,0,26
8004,0,16023794736,16023794664,0,0,71
8005,0,16025796053,16025796008,0,0,44
8006,0,16027798518,16027798555,0,0,-37
8007,0,16029801705,16029801658,0,0,47
8008,0,16031803896,16031803942,0,0,-46
8009,0,16033806287,16033806320,0,0,-33
8010,0,16035808348,16035808301,0,0,47
8011,0,16037810867,16037810810,0,0,56
8012,0,16039812879,16039812860,0,0,18
8013,0,16041814838,16041814791,0,0,47
8014,0,16043816266,16043816244,0,0,22
8015,0,16045820828,16045820802,0,0,25
8016,0,16047822731,16047822766,0,0,-34
8017,0,16049824296,16049824339,0,0,-42
8018,0,16051826593,16051826626,0,0,-32
8019,0,16053828432,16053828462,0,0,-29
8020,0,16055830394,16055830370,0,0,24
8021,0,16057832148,16057832125,0,0,23
8022,0,16059835543,16059835483,0,0,60
8023,0,16061838028,16061838001,0,0,26
8024,0,16063839521,16063839472,0,0,49
8025,0,16065841336,16065841297,0,0,38
8026,0,16067842966,16067842977,0,0,-11
8027,0,16069846199,16069846213,0,0,-13
8028,0,16071848968,16071848911,0,0,57
8029,0,16073850424,16073850370,0,0,53
8030,0,16075853459,16075853400,0,0,59
8031,0,16077855040,16077855052,0,0,-12
8032,0,16079857949,16079857970,0,0,-21
8033,0,16081858478,16081858491,0,0,-13
8034,0,16083862013,16083862003,0,0,9
8035,0,16085864213,16085864220,0,0,-6
8036,0,16087866231,16087866256,0,0,-24
8037,0,16089868325,16089868266,0,0,58
8038,0,16091869577,16091869602,0,0,-24
8039,0,16093872634,16093872678,0,0,-44
8040,0,16095874278,16095874307,0,0,-29
8041,0,16097877355,16097877403,0,0,-47
8042,0,16099879519,16099879505,0,0,14
8043,0,16101882342,16101882316,0,0,25
8044,0,16103884346,16103884298,0,0,47
8045,0,16105886132,16105886104,0,0,27
8046,0,16107887590,16107887559,0,0,30
8047,0,16109891630,16109891616,0,0,13
8048,0,16111895361,16111895338,0,0,23
8049,0,16113895055,16113895011,0,0,43
8050,0,16115896514,16115896479,0,0,34
8051,0,16117899848,16117899887,0,0,-39
8052,0,16119901741,16119901746,0,0,-4
8053,0,16121904118,16121904175,0,0,-57
8054,0,16123906409,16123906440,0,0,-30
8055,0,16125909836,16125909825,0,0,11
8056,0,16127911993,16127912020,0,0,-26
8057,0,16129912983,16129912942,0,0,40
8058,0,16131915237,16131915182,0,0,55
8059,0,16133917582,16133917551,0,0,31
8060,0,16135919965,16135919928,0,0,37
8061,0,16137922291,16137922264,0,0,26
8062,0,16139924773,16139924743,0,0,29
8063,0,16141927292,16141927337,0,0,-44
8064,0,16143929867,16143929886,0,0,-19
8065,0,16145930644,16145930605,0,0,39
8066,0,16147933218,16147933191,0,0,26
8067,0,16149935406,16149935379,0,0,26
8068,0,16151937598,16151937559,0,0,39
8069,0,16153939728,16153939703,0,0,24
8070,0,16155941525,16155941509,0,0,15
8071,0,16157942740,16157942783,0,0,-42
8072,0,16159944961,16159944970,0,0,-8
8073,0,16161947516,16161947539,0,0,-22
8074,0,16163950935,16163950978,0,0,-42
8075,0,16165952584,16165952558,0,0,25
8076,0,16167954892,16167954874,0,0,17
8077,0,16169957427,16169957406,0,0,20
8078,0,16171959471,16171959445,0,0,25
8079,0,16173960981,16173960955,0,0,25
8080,0,16175966677,16175966649,0,0,27
8081,0,16177966270,16177966225,0,0,44
8082,0,16179969188,16179969165,0,0,22
8083,0,16181971078,16181971046,0,0,32
8084,0,16183972916,16183972905,0,0,11
8085,0,16185975371,16185975334,0,0,37
8086,0,16187977483,16187977475,0,0,8
8087,0,16189979816,16189979801,0,0,15
8088,0,16191981615,16191981649,0,0,-33
8089,0,16193982919,16193982876,0,0,42
8090,0,16195985582,16195985568,0,0,13
8091,0,16197988877,16197988862,0,0,15
8092,0,16199990577,16199990556,0,0,20
8093,0,16201991777,16201991823,0,0,-45
8094,0,16203993834,16203993786,0,0,47
8095,0,16205996217,16205996190,0,0,26
8096,0,16207999234,16207999220,0,0,13
8097,0,16210000922,16210000891,0,0,31
8098,0,16212004519,16212004466,0,0,53
8099,0,16214006641,16214006597,0,0,43
8100,0,16216008829,16216008817,0,0,11
8101,0,16218010728,16218010688,0,0,40
8102,0,16220012442,16220012456,0,0,-13
8103,0,16222015165,16222015182,0,0,-16
8104,0,16224017492,16224017442,0,0,49
8105,0,16226019986,16226020004,0,0,-17
8106,0,16228022409,16228022422,0,0,-13
8107,0,16230024685,16230024628,0,0,56
8108,0,16232026308,16232026239,0,0,69
8109,0,16234028691,16234028627,0,0,63
8110,0,16236030170,16236030127,0,0,43
8111,0,16238033984,16238033953,0,0,30
8112,0,16240036516,16240036472,0,0,43
8113,0,16242037352,16242037331,0,0,21
8114,0,16244039276,16244039196,0,0,80
8115,0,16246041753,16246041699,0,0,53
8116,0,16248042777,16248042752,0,0,24
8117,0,16250045395,16250045375,0,0,19
8118,0,16252048478,16252048459,0,0,18
8119,0,16254049489,16254049480,0,0,8
8120,0,16256052490,16256052463,0,0,26
8121,0,16258055568,16258055533,0,0,34
8122,0,16260057511,16260057483,0,0,27
8123,0,16262059498,16262059475,0,0,23
8124,0,16264060908,16264060878,0,0,29
8125,0,16266063708,16266063737,0,0,-29
8126,0,16268066566,16268066531,0,0,35
8127,0,16270068688,16270068665,0,0,23
8128,0,16272071812,16272071746,0,0,65
8129,0,16274072140,16274072086,0,0,53
8130,0,16276076732,16276076685,0,0,47
8131,0,16278077957,16278077919,0,0,37
8132,0,16280079888,16280079814,0,0,74
8133,0,16282082087,16282082063,0,0,24
8134,0,16284084240,16284084215,0,0,24
8135,0,16286086460,16286086451,0,0,8
8136,0,16288088710,16288088653,0,0,56
8137,0,16290089939,16290089910,0,0,29
8138,0,16292093137,16292093081,0,0,55
8139,0,16294095118,16294095155,0,0,-36
8140,0,16296097533,16296097528,0,0,5
8141,0,16298099662,16298099680,0,0,-17
8142,0,16300100955,16300100931,0,0,23
8143,0,16302103489,16302103466,0,0,22
8144,0,16304107267,16304107224,0,0,42
8145,0,16306107539,16306107500,0,0,38
8146,0,16308109798,16308109766,0,0,32
8147,0,16310112549,16310112501,0,0,47
8148,0,16312115766,16312115724,0,0,42
8149,0,16314117648,16314117600,0,0,47
8150,0,16316119759,16316119716,0,0,42
8151,0,16318120852,16318120875,0,0,-22
8152,0,16320123220,16320123235,0,0,-14
8153,0,16322125653,16322125591,0,0,62
8154,0,16324128721,16324128685,0,0,35
8155,0,16326130853,16326130802,0,0,50
8156,0,16328133548,16328133501,0,0,47
8157,0,16330135294,16330135229,0,0,65
8158,0,16332136713,16332136642,0,0,71
8159,0,16334139667,16334139696,0,0,-29
8160,0,16336142268,16336142215,0,0,53
8161,0,16338144573,16338144497,0,0,75
8162,0,16340146476,16340146429,0,0,47
8163,0,16342148128,16342148084,0,0,44
8164,0,16344151074,16344151021,0,0,52
8165,0,16346153229,16346153184,0,0,44
8166,0,16348155434,16348155442,0,0,-8
8167,0,16350158006,16350158049,0,0,-42
8168,0,16352159568,16352159487,0,0,81
8169,0,16354161402,16354161364,0,0,37
8170,0,16356164354,16356164283,0,0,71
8171,0,16358166526,16358166487,0,0,39
8172,0,16360168989,16360168943,0,0,45
8173,0,16362171320,16362171334,0,0,-13
8174,0,16364173226,16364173217,0,0,8
8175,0,16366176170,16366176120,0,0,49
8176,0,16368178299,16368178267,0,0,32
8177,0,16370179202,16370179193,0,0,8
8178,0,16372182251,16372182239,0,0,12
8179,0,16374184423,16374184377,0,0,45
8180,0,16376186823,16376186769,0,0,53
8181,0,16378188411,16378188350,0,0,60
8182,0,16380190025,16380190006,0,0,18
8183,0,16382193352,16382193337,0,0,15
8184,0,16384195473,16384195435,0,0,38
8185,0,16386197486,16386197467,0,0,18
8186,0,16388199034,16388199021,0,0,13
8187,0,16390202254,16390202281,0,0,-26
8188,0,16392204334,16392204305,0,0,29
8189,0,16394206769,16394206732,0,0,37
8190,0,16396209355,16396209371,0,0,-16
8191,0,16398211330,16398211302,0,0,27
8192,0,16400214353,16400214344,0,0,8
8193,0,16402215744,16402215719,0,0,24
8194,0,16404218022,16404217993,0,0,29
8195,0,16406220213,16406220200,0,0,13
8196,0,16408222700,16408222638,0,0,62
8197,0,16410224253,16410224244,0,0,8
8198,0,16412225865,16412225848,0,0,17
8199,0,16414228475,16414228466,0,0,8
8200,0,16416229971,16416229917,0,0,53
8201,0,16418232458,16418232435,0,0,22
8202,0,16420235808,16420235775,0,0,32
8203,0,16422237786,16422237772,0,0,13
8204,0,16424240298,16424240330,0,0,-31
8205,0,16426242471,16426242463,0,0,7
8206,0,16428244857,16428244841,0,0,15
8207,0,16430247542,16430247524,0,0,17
8208,0,16432250225,16432250179,0,0,45
8209,0,16434252148,16434252137,0,0,11
8210,0,16436253392,16436253382,0,0,10
8211,0,16438255720,16438255698,0,0,21
8212,0,16440257711,16440257687,0,0,24
8213,0,16442259935,16442259910,0,0,24
8214,0,16444262112,16444262122,0,0,-10
8215,0,16446265385,16446265401,0,0,-15
8216,0,16448267584,16448267590,0,0,-6
8217,0,16450268678,16450268692,0,0,-14
8218,0,16452269786,16452269800,0,0,-13
8219,0,16454272201,16454272175,0,0,25
8220,0,16456274514,16456274460,0,0,54
8221,0,16458277051,16458277013,0,0,37
8222,0,16460279083,16460279041,0,0,41
8223,0,16462282284,16462282238,0,0,45
8224,0,16464284249,16464284282,0,0,-32
8225,0,16466286762,16466286815,0,0,-53
8226,0,16468288876,16468288901,0,0,-24
8227,0,16470290820,16470290799,0,0,20
8228,0,16472292235,16472292220,0,0,14
8229,0,16474294582,16474294635,0,0,-52
8230,0,16476299188,16476299226,0,0,-38
8231,0,16478299883,16478299922,0,0,-38
8232,0,16480301987,16480301972,0,0,15
8233,0,16482304382,16482304413,0,0,-31
8234,0,16484305496,16484305532,0,0,-35
8235,0,16486307978,16486307930,0,0,47
8236,0,16488310995,16488310952,0,0,42
8237,0,16490312811,16490312786,0,0,24
8238,0,16492315894,16492315911,0,0,-16
8239,0,16494317860,16494317836,0,0,23
8240,0,16496320985,16496320948,0,0,37
8241,0,16498323103,16498323132,0,0,-29
8242,0,16500323999,16500323988,0,0,11
8243,0,16502326867,16502326898,0,0,-31
8244,0,16504329227,16504329238,0,0,-11
8245,0,16506330934,16506330945,0,0,-11
8246,0,16508332426,16508332390,0,0,35
8247,0,16510335523,16510335489,0,0,33
8248,0,16512338240,16512338185,0,0,55
8249,0,16514340010,16514339982,0,0,27
8250,0,16516341840,16516341851,0,0,-11
8251,0,16518344779,16518344746,0,0,33
8252,0,16520346689,16520346672,0,0,17
8253,0,16522348087,16522348044,0,0,43
8254,0,16524351915,16524351869,0,0,45
8255,0,16526353248,16526353275,0,0,-26
8256,0,16528355539,16528355570,0,0,-31
8257,0,16530358329,16530358358,0,0,-29
8258,0,16532360415,16532360419,0,0,-4
8259,0,16534362202,16534362132,0,0,69
8260,0,16536364396,16536364406,0,0,-9
8261,0,16538365657,16538365631,0,0,25
8262,0,16540367963,16540367924,0,0,38
8263,0,16542370966,16542370938,0,0,27
8264,0,16544372604,16544372570,0,0,33
8265,0,16546375570,16546375515,0,0,55
8266,0,16548377183,16548377151,0,0,31
8267,0,16550380258,16550380202,0,0,56
8268,0,16552382323,16552382303,0,0,20
8269,0,16554384942,16554384956,0,0,-13
8270,0,16556386862,16556386899,0,0,-36
8271,0,16558389540,16558389511,0,0,29
8272,0,16560391420,16560391446,0,0,-26
8273,0,16562394495,16562394507,0,0,-12
8274,0,16564396785,16564396725,0,0,59
8275,0,16566398821,16566398792,0,0,29
8276,0,16568400174,16568400120,0,0,53
8277,0,16570402370,16570402344,0,0,25
8278,0,16572404668,16572404639,0,0,29
8279,0,16574406941,16574406917,0,0,23
8280,0,16576410739,16576410711,0,0,27
8281,0,16578411327,16578411359,0,0,-31
8282,0,16580413571,16580413599,0,0,-27
8283,0,16582415958,16582416041,0,0,-83
8284,0,16584418373,16584418343,0,0,29
8285,0,16586420258,16586420252,0,0,5
8286,0,16588421771,16588421750,0,0,20
8287,0,16590424502,16590424476,0,0,25
8288,0,16592426868,16592426832,0,0,35
8289,0,16594428791,16594428764,0,0,26
8290,0,16596430573,16596430533,0,0,39
8291,0,16598433422,16598433397,0,0,25
8292,0,16600435976,16600436007,0,0,-31
8293,0,16602438031,16602438066,0,0,-34
8294,0,16604440126,16604440138,0,0,-11
8295,0,16606442697,16606442648,0,0,49
8296,0,16608444514,16608444456,0,0,58
8297,0,16610445809,16610445761,0,0,47
8298,0,16612449050,16612449015,0,0,35
8299,0,16614450195,16614450143,0,0,51
8300,0,16616452635,16616452598,0,0,37
8301,0,16618455281,16618455236,0,0,44
8302,0,16620457981,16620457946,0,0,34
8303,0,16622460379,16622460341,0,0,38
8304,0,16624462420,16624462375,0,0,44
8305,0,16626464339,16626464294,0,0,44
8306,0,16628466014,16628465964,0,0,50
8307,0,16630469142,16630469106,0,0,35
8308,0,16632471124,16632471087,0,0,36
8309,0,16634472232,16634472195,0,0,37
8310,0,16636475012,16636474993,0,0,18
8311,0,16638477835,16638477809,0,0,25
8312,0,16640478869,16640478840,0,0,29
8313,0,16642481189,16642481142,0,0,47
8314,0,16644483984,16644483968,0,0,15
8315,0,16646487115,16646487096,0,0,19
8316,0,16648489253,16648489209,0,0,44
8317,0,16650491235,16650491209,0,0,25
8318,0,16652492283,16652492249,0,0,33
8319,0,16654494528,16654494503,0,0,25
8320,0,16656496796,16656496758,0,0,38
8321,0,16658501490,16658501482,0,0,8
8322,0,16660502871,16660502849,0,0,22
8323,0,16662504649,16662504611,0,0,38
8324,0,16664507155,16664507104,0,0,50
8325,0,16666509112,16666509089,0,0,23
8326,0,16668511496,16668511465,0,0,31
8327,0,16670514163,16670514141,0,0,21
8328,0,16672515723,16672515696,0,0,26
8329,0,16674516976,16674516962,0,0,13
8330,0,16676520663,16676520616,0,0,47
8331,0,16678522265,16678522235,0,0,29
8332,0,16680524030,16680524002,0,0,28
8333,0,16682527069,16682527053,0,0,15
8334,0,16684529995,16684529976,0,0,19
8335,0,16686532477,16686532490,0,0,-13
8336,0,16688534964,16688534979,0,0,-15
8337,0,16690536892,16690536925,0,0,-32
8338,0,16692538280,16692538235,0,0,44
8339,0,16694540332,16694540298,0,0,33
8340,0,16696542963,16696542939,0,0,23
8341,0,16698544668,16698544656,0,0,11
8342,0,16700547121,16700547113,0,0,7
8343,0,16702549096,16702549071,0,0,24
8344,0,16704550179,16704550164,0,0,15
8345,0,16706553077,16706553116,0,0,-39
8346,0,16708555779,16708555826,0,0,-46
8347,0,16710558017,16710558072,0,0,-55
8348,0,16712560591,16712560653,0,0,-62
8349,0,16714562694,16714562685,0,0,8
8350,0,16716565021,16716564979,0,0,42
8351,0,16718566563,16718566539,0,0,23
8352,0,16720567922,16720567863,0,0,58
8353,0,16722571426,16722571375,0,0,50
8354,0,16724574323,16724574270,0,0,52
8355,0,16726576007,16726576011,0,0,-3
8356,0,16728578017,16728577958,0,0,58
8357,0,16730580396,16730580339,0,0,57
8358,0,16732582912,16732582896,0,0,15
8359,0,16734584711,16734584652,0,0,58
8360,0,16736586815,16736586755,0,0,60
8361,0,16738588107,16738588134,0,0,-26
8362,0,16740590384,16740590352,0,0,32
8363,0,16742592557,16742592519,0,0,38
8364,0,16744595426,16744595378,0,0,47
8365,0,16746597925,16746597895,0,0,29
8366,0,16748599622,16748599577,0,0,44
8367,0,16750603638,16750603610,0,0,27
8368,0,16752605649,16752605591,0,0,57
8369,0,16754606808,16754606793,0,0,14
8370,0,16756608200,16756608175,0,0,24
8371,0,16758610124,16758610089,0,0,34
8372,0,16760612758,16760612730,0,0,27
8373,0,16762615797,16762615766,0,0,31
8374,0,16764617588,16764617544,0,0,43
8375,0,16766621215,16766621173,0,0,41
8376,0,16768622971,16768622930,0,0,40
8377,0,16770624891,16770624833,0,0,57
8378,0,16772627015,16772626987,0,0,27
8379,0,16774629279,16774629222,0,0,57
8380,0,16776633147,16776633109,0,0,38
8381,0,16778633567,16778633539,0,0,27
8382,0,16780634910,16780634848,0,0,62
8383,0,16782637216,16782637188,0,0,27
8384,0,16784640739,16784640669,0,0,69
8385,0,16786643802,16786643761,0,0,40
8386,0,16788644675,16788644639,0,0,35
8387,0,16790645671,16790645651,0,0,20
8388,0,16792648520,16792648455,0,0,65
8389,0,16794651458,16794651419,0,0,39
8390,0,16796653217,16796653190,0,0,27
8391,0,16798655718,16798655658,0,0,59
8392,0,16800657013,16800656964,0,0,49
8393,0,16802659348,16802659322,0,0,25
8394,0,16804662973,16804662903,0,0,69
8395,0,16806664607,16806664566,0,0,40
8396,0,16808666220,16808666191,0,0,29
8397,0,16810669258,16810669221,0,0,37
8398,0,16812671653,16812671617,0,0,36
8399,0,16814674016,16814673997,0,0,19
8400,0,16816676462,16816676415,0,0,46
8401,0,16818678336,16818678310,0,0,25
8402,0,16820681313,16820681263,0,0,49
8403,0,16822681660,16822681629,0,0,31
8404,0,16824685018,16824684975,0,0,43
8405,0,16826687074,16826687051,0,0,22
8406,0,16828689033,16828689012,0,0,20
8407,0,16830691604,16830691567,0,0,36
8408,0,16832693570,16832693541,0,0,29
8409,0,16834695318,16834695346,0,0,-28
8410,0,16836698424,16836698442,0,0,-17
8411,0,16838700707,16838700691,0,0,15
8412,0,16840703431,16840703404,0,0,26
8413,0,16842704795,16842704770,0,0,24
8414,0,16844706522,16844706471,0,0,51
8415,0,16846709286,16846709247,0,0,39
8416,0,16848711555,16848711511,0,0,44
8417,0,16850714193,16850714157,0,0,35
8418,0,16852717512,16852717482,0,0,30
8419,0,16854718621,16854718585,0,0,35
8420,0,16856720807,16856720802,0,0,4
8421,0,16858723334,16858723283,0,0,51
8422,0,16860725085,16860725049,0,0,35
8423,0,16862727048,16862727022,0,0,25
8424,0,16864729404,16864729412,0,0,-7
8425,0,16866731573,16866731589,0,0,-15
8426,0,16868733734,16868733767,0,0,-32
8427,0,16870736112,16870736146,0,0,-34
8428,0,16872739105,16872739145,0,0,-39
8429,0,16874740640,16874740665,0,0,-24
8430,0,16876745096,16876745072,0,0,23
8431,0,16878745816,16878745777,0,0,38
8432,0,16880746825,16880746797,0,0,27
8433,0,16882748441,16882748474,0,0,-32
8434,0,16884753234,16884753245,0,0,-11
8435,0,16886754140,16886754114,0,0,25
8436,0,16888756141,16888756123,0,0,18
8437,0,16890758336,16890758347,0,0,-11
8438,0,16892761271,16892761226,0,0,44
8439,0,16894763143,16894763113,0,0,30
8440,0,16896764937,16896764892,0,0,44
8441,0,16898767363,16898767374,0,0,-11
8442,0,16900770020,16900770011,0,0,8
8443,0,16902771999,16902772022,0,0,-22
8444,0,16904774439,16904774388,0,0,51
8445,0,16906775907,16906775863,0,0,43
8446,0,16908777512,16908777522,0,0,-9
8447,0,16910780951,16910780979,0,0,-28
8448,0,16912783498,16912783439,0,0,59
8449,0,16914785283,16914785228,0,0,54
8450,0,16916788355,16916788328,0,0,26
8451,0,16918789711,16918789672,0,0,38
8452,0,16920791921,16920791860,0,0,60
8453,0,16922794283,16922794276,0,0,6
8454,0,16924796815,16924796746,0,0,68
8455,0,16926798293,16926798274,0,0,18
8456,0,16928801099,16928801029,0,0,70
8457,0,16930803027,16930802957,0,0,69
8458,0,16932805225,16932805143,0,0,82
8459,0,16934807456,16934807486,0,0,-30
8460,0,16936810145,16936810156,0,0,-11
8461,0,16938812279,16938812296,0,0,-16
8462,0,16940814137,16940814170,0,0,-32
8463,0,16942816893,16942816865,0,0,27
8464,0,16944818612,16944818591,0,0,20
8465,0,16946820758,16946820746,0,0,12
8466,0,16948824417,16948824438,0,0,-20
8467,0,16950824920,16950824979,0,0,-58
8468,0,16952827593,16952827559,0,0,34
8469,0,16954829308,16954829294,0,0,13
8470,0,16956830753,16956830732,0,0,20
8471,0,16958833883,16958833877,0,0,5
8472,0,16960836018,16960836049,0,0,-31
8473,0,16962837593,16962837549,0,0,44
8474,0,16964840451,16964840406,0,0,45
8475,0,16966842220,16966842185,0,0,34
8476,0,16968844900,16968844894,0,0,5
8477,0,16970846784,16970846764,0,0,20
8478,0,16972849321,16972849343,0,0,-21
8479,0,16974850950,16974851007,0,0,-56
8480,0,16976855093,16976855142,0,0,-49
8481,0,16978856424,16978856453,0,0,-29
8482,0,16980859779,16980859813,0,0,-34
8483,0,16982860671,16982860711,0,0,-39
8484,0,16984862565,16984862530,0,0,35
8485,0,16986864215,16986864251,0,0,-35
8486,0,16988867633,16988867601,0,0,32
8487,0,16990869306,16990869330,0,0,-24
8488,0,16992870424,16992870444,0,0,-20
8489,0,16994873195,16994873144,0,0,50
8490,0,16996876647,16996876685,0,0,-38
8491,0,16998878417,16998878438,0,0,-20
8492,0,17000880539,17000880567,0,0,-27
8493,0,17002881922,17002881940,0,0,-17
8494,0,17004885126,17004885067,0,0,58
8495,0,17006888024,17006887995,0,0,29
8496,0,17008889777,17008889738,0,0,39
8497,0,17010892040,17010892006,0,0,33
8498,0,17012894912,17012894844,0,0,67
8499,0,17014894979,17014894944,0,0,35
8500,0,17016897880,17016897808,0,0,72
8501,0,17018900316,17018900329,0,0,-12
8502,0,17020901887,17020901943,0,0,-56
8503,0,17022905476,17022905447,0,0,29
8504,0,17024907061,17024907086,0,0,-24
8505,0,17026908571,17026908597,0,0,-26
8506,0,17028911792,17028911728,0,0,64
8507,0,17030914085,17030914046,0,0,39
8508,0,17032916245,17032916212,0,0,33
8509,0,17034917410,17034917424,0,0,-14
8510,0,17036920092,17036920074,0,0,17
8511,0,17038923002,17038922977,0,0,24
8512,0,17040925004,17040924952,0,0,51
8513,0,17042926415,17042926431,0,0,-16
8514,0,17044929910,17044929862,0,0,47
8515,0,17046931925,17046931883,0,0,42
8516,0,17048933553,17048933512,0,0,41
8517,0,17050935205,17050935178,0,0,26
8518,0,17052938933,17052938887,0,0,45
8519,0,17054940326,17054940321,0,0,4
8520,0,17056941784,17056941733,0,0,50
8521,0,17058944096,17058944053,0,0,43
8522,0,17060946718,17060946695,0,0,22
8523,0,17062949647,17062949615,0,0,32
8524,0,17064951898,17064951829,0,0,68
8525,0,17066953734,17066953709,0,0,25
8526,0,17068955429,17068955403,0,0,25
8527,0,17070959775,17070959758,0,0,17
8528,0,17072961561,17072961537,0,0,24
8529,0,17074961861,17074961820,0,0,41
8530,0,17076966462,17076966411,0,0,51
8531,0,17078967378,17078967364,0,0,14
8532,0,17080969642,17080969605,0,0,37
8533,0,17082971578,17082971544,0,0,33
8534,0,17084973244,17084973205,0,0,38
8535,0,17086976941,17086976912,0,0,29
8536,0,17088979348,17088979317,0,0,31
8537,0,17090980529,17090980485,0,0,43
8538,0,17092982189,17092982150,0,0,38
8539,0,17094985287,17094985267,0,0,19
8540,0,17096987601,17096987549,0,0,51
8541,0,17098989620,17098989595,0,0,24
8542,0,17100992118,17100992081,0,0,36
8543,0,17102994051,17102994014,0,0,37
8544,0,17104996732,17104996695,0,0,37
8545,0,17106999023,17106999000,0,0,23
8546,0,17109001943,17109001955,0,0,-11
8547,0,17111003664,17111003699,0,0,-35
8548,0,17113005079,17113005098,0,0,-19
8549,0,17115006732,17115006747,0,0,-14
8550,0,17117009832,17117009777,0,0,54
8551,0,17119011651,17119011612,0,0,39
8552,0,17121012897,17121012868,0,0,29
8553,0,17123015403,17123015350,0,0,52
8554,0,17125018692,17125018678,0,0,13
8555,0,17127020579,17127020550,0,0,29
8556,0,17129021956,17129021927,0,0,29
8557,0,17131024162,17131024184,0,0,-21
8558,0,17133026676,17133026703,0,0,-27
8559,0,17135030331,17135030368,0,0,-36
8560,0,17137032739,17137032784,0,0,-44
8561,0,17139034595,17139034547,0,0,47
8562,0,17141037516,17141037528,0,0,-12
8563,0,17143038505,17143038489,0,0,16
8564,0,17145040171,17145040141,0,0,29
8565,0,17147043046,17147042993,0,0,53
8566,0,17149045148,17149045104,0,0,44
8567,0,17151046650,17151046616,0,0,33
8568,0,17153050145,17153050159,0,0,-13
8569,0,17155052053,17155052065,0,0,-11
8570,0,17157054135,17157054152,0,0,-16
8571,0,17159056289,17159056314,0,0,-24
8572,0,17161058766,17161058784,0,0,-17
8573,0,17163061301,17163061314,0,0,-13
8574,0,17165062955,17165062906,0,0,48
8575,0,17167064770,17167064739,0,0,31
8576,0,17169067348,17169067300,0,0,48
8577,0,17171068805,17171068798,0,0,6
8578,0,17173071538,17173071558,0,0,-20
8579,0,17175075060,17175075024,0,0,35
8580,0,17177076870,17177076904,0,0,-33
8581,0,17179078885,17179078876,0,0,8
8582,0,17181080910,17181080926,0,0,-16
8583,0,17183083149,17183083193,0,0,-44
8584,0,17185085638,17185085670,0,0,-32
8585,0,17187087602,17187087579,0,0,23
8586,0,17189089837,17189089849,0,0,-12
8587,0,17191092003,17191092024,0,0,-20
8588,0,17193094423,17193094477,0,0,-53
8589,0,17195096327,17195096375,0,0,-48
8590,0,17197098229,17197098241,0,0,-12
8591,0,17199101769,17199101797,0,0,-28
8592,0,17201103224,17201103237,0,0,-12
8593,0,17203105105,17203105126,0,0,-20
8594,0,17205107330,17205107344,0,0,-14
8595,0,17207111220,17207111191,0,0,29
8596,0,17209111858,17209111773,0,0,85
8597,0,17211113498,17211113435,0,0,63
8598,0,17213116688,17213116671,0,0,17
8599,0,17215118728,17215118698,0,0,30
8600,0,17217121066,17217121051,0,0,15
8601,0,17219123217,17219123188,0,0,28
8602,0,17221125318,17221125301,0,0,16
8603,0,17223126416,17223126404,0,0,12
8604,0,17225128972,17225128935,0,0,36
8605,0,17227132059,17227132096,0,0,-37
8606,0,17229134580,17229134541,0,0,38
8607,0,17231136554,17231136537,0,0,17
8608,0,17233139238,17233139211,0,0,26
8609,0,17235141293,17235141271,0,0,21
8610,0,17237143941,17237143984,0,0,-42
8611,0,17239146375,17239146362,0,0,13
8612,0,17241147377,17241147365,0,0,12
8613,0,17243148797,17243148779,0,0,17
8614,0,17245152270,17245152240,0,0,29
8615,0,17247154489,17247154465,0,0,24
8616,0,17249156447,17249156377,0,0,69
8617,0,17251157654,17251157578,0,0,76
8618,0,17253160235,17253160175,0,0,60
8619,0,17255163042,17255163006,0,0,35
8620,0,17257164617,17257164580,0,0,37
8621,0,17259168204,17259168169,0,0,35
8622,0,17261170062,17261170030,0,0,32
8623,0,17263172775,17263172738,0,0,37
8624,0,17265173982,17265173922,0,0,60
8625,0,17267175233,17267175177,0,0,56
8626,0,17269178764,17269178696,0,0,67
8627,0,17271183187,17271183155,0,0,32
8628,0,17273183505,17273183471,0,0,33
8629,0,17275185449,17275185463,0,0,-14
8630,0,17277189322,17277189338,0,0,-15
8631,0,17279190157,17279190184,0,0,-26
8632,0,17281192007,17281191967,0,0,40
8633,0,17283193576,17283193543,0,0,32
8634,0,17285196588,17285196534,0,0,53
8635,0,17287198824,17287198788,0,0,35
8636,0,17289201458,17289201422,0,0,36
8637,0,17291203200,17291203177,0,0,23
8638,0,17293204894,17293204867,0,0,27
8639,0,17295207669,17295207655,0,0,13
8640,0,17297209856,17297209898,0,0,-42
8641,0,17299212427,17299212393,0,0,34
8642,0,17301214357,17301214378,0,0,-21
8643,0,17303217750,17303217707,0,0,42
8644,0,17305218968,17305219023,0,0,-55
8645,0,17307221556,17307221567,0,0,-11
8646,0,17309223608,17309223642,0,0,-34
8647,0,17311225322,17311225283,0,0,39
8648,0,17313226422,17313226388,0,0,34
8649,0,17315228933,17315228894,0,0,39
8650,0,17317232703,17317232665,0,0,37
8651,0,17319234219,17319234245,0,0,-26
8652,0,17321236493,17321236444,0,0,49
8653,0,17323238895,17323238859,0,0,35
8654,0,17325241194,17325241165,0,0,29
8655,0,17327244361,17327244336,0,0,25
8656,0,17329247094,17329247060,0,0,33
8657,0,17331248109,17331248050,0,0,58
8658,0,17333250075,17333250086,0,0,-11
8659,0,17335252965,17335252988,0,0,-23
8660,0,17337253528,17337253491,0,0,36
8661,0,17339256533,17339256482,0,0,51
8662,0,17341258147,17341258114,0,0,32
8663,0,17343261292,17343261262,0,0,30
8664,0,17345262861,17345262827,0,0,33
8665,0,17347264757,17347264717,0,0,40
8666,0,17349268292,17349268259,0,0,32
8667,0,17351270062,17351270011,0,0,51
8668,0,17353272132,17353272164,0,0,-31
8669,0,17355274646,17355274685,0,0,-38
8670,0,17357276721,17357276755,0,0,-33
8671,0,17359278982,17359279007,0,0,-24
8672,0,17361281040,17361280996,0,0,43
8673,0,17363282788,17363282745,0,0,43
8674,0,17365285620,17365285559,0,0,60
8675,0,17367288868,17367288845,0,0,22
8676,0,17369290107,17369290060,0,0,47
8677,0,17371292993,17371292969,0,0,24
8678,0,17373294607,17373294570,0,0,36
8679,0,17375296546,17375296507,0,0,38
8680,0,17377299221,17377299241,0,0,-20
8681,0,17379301035,17379301006,0,0,29
8682,0,17381302576,17381302562,0,0,13
8683,0,17383305534,17383305517,0,0,17
8684,0,17385307707,17385307689,0,0,17
8685,0,17387308849,17387308835,0,0,13
8686,0,17389311573,17389311548,0,0,25
8687,0,17391314993,17391314959,0,0,33
8688,0,17393316791,17393316764,0,0,26
8689,0,17395318801,17395318831,0,0,-29
8690,0,17397320543,17397320506,0,0,37
8691,0,17399324310,17399324288,0,0,21
8692,0,17401325899,17401325844,0,0,54
8693,0,17403328089,17403328054,0,0,35
8694,0,17405330332,17405330320,0,0,11
8695,0,17407333204,17407333185,0,0,18
8696,0,17409335795,17409335770,0,0,24
8697,0,17411335532,17411335581,0,0,-49
8698,0,17413338030,17413338001,0,0,29
8699,0,17415341027,17415341019,0,0,8
8700,0,17417342234,17417342229,0,0,5
8701,0,17419344224,17419344172,0,0,51
8702,0,17421346990,17421346998,0,0,-8
8703,0,17423349850,17423349893,0,0,-42
8704,0,17425351633,17425351595,0,0,37
8705,0,17427354668,17427354649,0,0,19
8706,0,17429356661,17429356622,0,0,38
8707,0,17431357798,17431357776,0,0,22
8708,0,17433360893,17433360831,0,0,61
8709,0,17435362352,17435362343,0,0,8
8710,0,17437366449,17437366433,0,0,16
8711,0,17439367891,17439367922,0,0,-31
8712,0,17441370042,17441370049,0,0,-6
8713,0,17443372030,17443372004,0,0,25
8714,0,17445373737,17445373677,0,0,59
8715,0,17447377080,17447377069,0,0,11
8716,0,17449379089,17449379132,0,0,-42
8717,0,17451381494,17451381536,0,0,-41
8718,0,17453383838,17453383868,0,0,-30
8719,0,17455385819,17455385802,0,0,17
8720,0,17457387807,17457387771,0,0,35
8721,0,17459389113,17459389094,0,0,18
8722,0,17461392150,17461392176,0,0,-25
8723,0,17463393574,17463393575,0,0,0
8724,0,17465397141,17465397166,0,0,-24
8725,0,17467398813,17467398860,0,0,-47
8726,0,17469400242,17469400279,0,0,-36
8727,0,17471403591,17471403567,0,0,23
8728,0,17473405640,17473405633,0,0,6
8729,0,17475407939,17475407903,0,0,35
8730,0,17477411326,17477411358,0,0,-31
8731,0,17479412496,17479412524,0,0,-28
8732,0,17481414582,17481414559,0,0,22
8733,0,17483415842,17483415819,0,0,23
8734,0,17485418965,17485418941,0,0,24
8735,0,17487420873,17487420841,0,0,31
8736,0,17489423018,17489422993,0,0,24
8737,0,17491425965,17491425920,0,0,44
8738,0,17493427987,17493427960,0,0,26
8739,0,17495430183,17495430159,0,0,23
8740,0,17497433280,17497433265,0,0,15
8741,0,17499434067,17499434032,0,0,35
8742,0,17501437469,17501437480,0,0,-11
8743,0,17503439559,17503439576,0,0,-16
8744,0,17505440921,17505440929,0,0,-8
8745,0,17507442434,17507442461,0,0,-26
8746,0,17509445144,17509445136,0,0,8
8747,0,17511448137,17511448157,0,0,-19
8748,0,17513450231,17513450256,0,0,-24
8749,0,17515451254,17515451215,0,0,38
8750,0,17517453780,17517453741,0,0,39
8751,0,17519457662,17519457652,0,0,10
8752,0,17521459702,17521459694,0,0,7
8753,0,17523461660,17523461632,0,0,27
8754,0,17525463984,17525463916,0,0,67
8755,0,17527465626,17527465601,0,0,25
8756,0,17529467722,17529467676,0,0,45
8757,0,17531469366,17531469409,0,0,-43
8758,0,17533472436,17533472469,0,0,-33
8759,0,17535474679,17535474702,0,0,-22
8760,0,17537476717,17537476746,0,0,-28
8761,0,17539478249,17539478262,0,0,-12
8762,0,17541481707,17541481724,0,0,-16
8763,0,17543483189,17543483149,0,0,40
8764,0,17545484803,17545484764,0,0,38
8765,0,17547488451,17547488469,0,0,-17
8766,0,17549490534,17549490541,0,0,-6
8767,0,17551492911,17551492928,0,0,-16
8768,0,17553495159,17553495164,0,0,-4
8769,0,17555497026,17555496971,0,0,55
8770,0,17557499094,17557499028,0,0,65
8771,0,17559499995,17559500018,0,0,-22
8772,0,17561503900,17561503814,0,0,85
8773,0,17563505574,17563505540,0,0,33
8774,0,17565507194,17565507212,0,0,-17
8775,0,17567509497,17567509517,0,0,-20
8776,0,17569512164,17569512121,0,0,43
8777,0,17571513894,17571513833,0,0,61
8778,0,17573517598,17573517611,0,0,-12
8779,0,17575519481,17575519427,0,0,53
8780,0,17577522710,17577522653,0,0,57
8781,0,17579523995,17579523948,0,0,47
8782,0,17581525995,17581525956,0,0,38
8783,0,17583528809,17583528772,0,0,37
8784,0,17585530959,17585530986,0,0,-27
8785,0,17587532494,17587532436,0,0,58
8786,0,17589534996,17589535019,0,0,-22
8787,0,17591536647,17591536608,0,0,38
8788,0,17593539545,17593539478,0,0,66
8789,0,17595541116,17595541058,0,0,58
8790,0,17597542792,17597542804,0,0,-12
8791,0,17599545889,17599545909,0,0,-20
8792,0,17601548130,17601548163,0,0,-32
8793,0,17603550010,17603549944,0,0,65
8794,0,17605551883,17605551904,0,0,-21
8795,0,17607555278,17607555291,0,0,-13
8796,0,17609557241,17609557264,0,0,-22
8797,0,17611559422,17611559401,0,0,20
8798,0,17613561552,17613561525,0,0,26
8799,0,17615564548,17615564556,0,0,-8
8800,0,17617567391,17617567405,0,0,-14
8801,0,17619568193,17619568210,0,0,-16
8802,0,17621570528,17621570484,0,0,43
8803,0,17623572571,17623572532,0,0,38
8804,0,17625575979,17625575955,0,0,24
8805,0,17627577084,17627577036,0,0,47
8806,0,17629579226,17629579262,0,0,-36
8807,0,17631581448,17631581424,0,0,23
8808,0,17633583420,17633583370,0,0,50
8809,0,17635584591,17635584579,0,0,11
8810,0,17637587017,17637587004,0,0,13
8811,0,17639589725,17639589689,0,0,35
8812,0,17641592912,17641592893,0,0,19
8813,0,17643594558,17643594525,0,0,32
8814,0,17645596150,17645596179,0,0,-29
8815,0,17647599975,17647599966,0,0,8
8816,0,17649601608,17649601573,0,0,35
8817,0,17651602913,17651602890,0,0,22
8818,0,17653605279,17653605210,0,0,69
8819,0,17655608315,17655608352,0,0,-37
8820,0,17657611884,17657611831,0,0,53
8821,0,17659612788,17659612758,0,0,29
8822,0,17661614892,17661614858,0,0,33
8823,0,17663616959,17663616953,0,0,6
8824,0,17665619357,17665619311,0,0,46
8825,0,17667621486,17667621451,0,0,34
8826,0,17669622530,17669622515,0,0,14
8827,0,17671624760,17671624745,0,0,15
8828,0,17673627319,17673627301,0,0,18
8829,0,17675630294,17675630279,0,0,15
8830,0,17677633296,17677633260,0,0,35
8831,0,17679634639,17679634616,0,0,22
8832,0,17681636018,17681635978,0,0,40
8833,0,17683638543,17683638522,0,0,21
8834,0,17685640293,17685640279,0,0,13
8835,0,17687642855,17687642822,0,0,32
8836,0,17689647166,17689647144,0,0,22
8837,0,17691648586,17691648631,0,0,-44
8838,0,17693650792,17693650817,0,0,-24
8839,0,17695652605,17695652594,0,0,11
8840,0,17697654566,17697654543,0,0,23
8841,0,17699656409,17699656402,0,0,6
8842,0,17701659520,17701659561,0,0,-41
8843,0,17703661300,17703661277,0,0,22
8844,0,17705662484,17705662460,0,0,24
8845,0,17707665026,17707665003,0,0,22
8846,0,17709668462,17709668390,0,0,71
8847,0,17711671282,17711671254,0,0,27
8848,0,17713672957,17713672927,0,0,30
8849,0,17715674687,17715674666,0,0,20
8850,0,17717676329,17717676318,0,0,11
8851,0,17719679006,17719678991,0,0,15
8852,0,17721681514,17721681486,0,0,27
8853,0,17723683492,17723683549,0,0,-57
8854,0,17725684977,17725684948,0,0,29
8855,0,17727689119,17727689082,0,0,37
8856,0,17729691314,17729691274,0,0,39
8857,0,17731692228,17731692186,0,0,42
8858,0,17733695206,17733695219,0,0,-12
8859,0,17735697442,17735697480,0,0,-37
8860,0,17737699741,17737699736,0,0,5
8861,0,17739702344,17739702316,0,0,27
8862,0,17741704625,17741704582,0,0,43
8863,0,17743706595,17743706553,0,0,41
8864,0,17745708129,17745708089,0,0,39
8865,0,17747709584,17747709571,0,0,12
8866,0,17749712998,17749712966,0,0,31
8867,0,17751714789,17751714814,0,0,-24
8868,0,17753717061,17753717088,0,0,-26
8869,0,17755718689,17755718664,0,0,25
8870,0,17757721941,17757721907,0,0,33
8871,0,17759723658,17759723692,0,0,-34
8872,0,17761725501,17761725447,0,0,53
8873,0,17763728381,17763728395,0,0,-14
8874,0,17765730467,17765730447,0,0,20
8875,0,17767731607,17767731581,0,0,26
8876,0,17769735194,17769735164,0,0,30
8877,0,17771737195,17771737172,0,0,23
8878,0,17773739444,17773739476,0,0,-32
8879,0,17775741909,17775741934,0,0,-25
8880,0,17777745392,17777745406,0,0,-14
8881,0,17779746166,17779746202,0,0,-35
8882,0,17781748526,17781748559,0,0,-32
8883,0,17783750658,17783750620,0,0,37
8884,0,17785754402,17785754415,0,0,-13
8885,0,17787754869,17787754888,0,0,-18
8886,0,17789756800,17789756731,0,0,69
8887,0,17791759480,17791759417,0,0,62
8888,0,17793761638,17793761647,0,0,-8
8889,0,17795764071,17795764026,0,0,44
8890,0,17797766089,17797766017,0,0,71
8891,0,17799767013,17799766969,0,0,44
8892,0,17801769786,17801769719,0,0,67
8893,0,17803772867,17803772816,0,0,51
8894,0,17805774934,17805774874,0,0,60
8895,0,17807776220,17807776171,0,0,49
8896,0,17809778892,17809778924,0,0,-31
8897,0,17811780540,17811780566,0,0,-25
8898,0,17813782913,17813782944,0,0,-31
8899,0,17815786102,17815786139,0,0,-37
8900,0,17817788503,17817788546,0,0,-42
8901,0,17819791498,17819791535,0,0,-36
8902,0,17821791684,17821791648,0,0,35
8903,0,17823794115,17823794078,0,0,36
8904,0,17825797521,17825797445,0,0,75
8905,0,17827799733,17827799659,0,0,74
8906,0,17829801825,17829801741,0,0,83
8907,0,17831804081,17831804053,0,0,27
8908,0,17833806606,17833806575,0,0,31
8909,0,17835808779,17835808751,0,0,28
8910,0,17837810559,17837810574,0,0,-14
8911,0,17839813609,17839813552,0,0,56
8912,0,17841814939,17841814861,0,0,78
8913,0,17843816196,17843816157,0,0,39
8914,0,17845818625,17845818565,0,0,60
8915,0,17847821395,17847821337,0,0,57
8916,0,17849823522,17849823423,0,0,98
8917,0,17851827132,17851827167,0,0,-34
8918,0,17853828782,17853828820,0,0,-37
8919,0,17855830685,17855830703,0,0,-17
8920,0,17857832618,17857832652,0,0,-33
8921,0,17859834491,17859834454,0,0,36
8922,0,17861837513,17861837462,0,0,51
8923,0,17863839660,17863839637,0,0,23
8924,0,17865841914,17865841890,0,0,24
8925,0,17867844327,17867844278,0,0,48
8926,0,17869846758,17869846749,0,0,8
8927,0,17871848347,17871848301,0,0,45
8928,0,17873850914,17873850923,0,0,-8
8929,0,17875852797,17875852766,0,0,31
8930,0,17877855955,17877855964,0,0,-8
8931,0,17879857501,17879857463,0,0,37
8932,0,17881860053,17881860012,0,0,41
8933,0,17883862694,17883862671,0,0,22
8934,0,17885863683,17885863638,0,0,45
8935,0,17887865863,17887865906,0,0,-42
8936,0,17889867353,17889867400,0,0,-47
8937,0,17891869960,17891870003,0,0,-42
8938,0,17893872973,17893873016,0,0,-42
8939,0,17895874925,17895874950,0,0,-24
8940,0,17897876282,17897876317,0,0,-35
8941,0,17899879359,17899879391,0,0,-32
8942,0,17901881046,17901881006,0,0,39
8943,0,17903884105,17903884134,0,0,-29
8944,0,17905886312,17905886328,0,0,-15
8945,0,17907888906,17907888984,0,0,-77
8946,0,17909891388,17909891406,0,0,-17
8947,0,17911893112,17911893083,0,0,29
8948,0,17913895352,17913895325,0,0,26
8949,0,17915898500,17915898554,0,0,-53
8950,0,17917899560,17917899588,0,0,-28
8951,0,17919901965,17919902004,0,0,-38
8952,0,17921903710,17921903684,0,0,25
8953,0,17923905210,17923905234,0,0,-24
8954,0,17925908417,17925908367,0,0,49
8955,0,17927909955,17927909932,0,0,22
8956,0,17929913076,17929913101,0,0,-24
8957,0,17931915568,17931915530,0,0,38
8958,0,17933918317,17933918285,0,0,31
8959,0,17935920070,17935920000,0,0,70
8960,0,17937922184,17937922202,0,0,-18
8961,0,17939924364,17939924391,0,0,-26
8962,0,17941926285,17941926346,0,0,-60
8963,0,17943928318,17943928355,0,0,-36
8964,0,17945930181,17945930162,0,0,18
8965,0,17947933802,17947933779,0,0,22
8966,0,17949934111,17949934057,0,0,53
8967,0,17951936835,17951936804,0,0,31
8968,0,17953939459,17953939429,0,0,30
8969,0,17955940760,17955940785,0,0,-24
8970,0,17957943384,17957943407,0,0,-22
8971,0,17959946385,17959946348,0,0,37
8972,0,17961948826,17961948860,0,0,-34
8973,0,17963950910,17963950957,0,0,-47
8974,0,17965952869,17965952892,0,0,-22
8975,0,17967954788,17967954815,0,0,-26
8976,0,17969957453,17969957423,0,0,30
8977,0,17971958552,17971958519,0,0,33
8978,0,17973960757,17973960805,0,0,-48
8979,0,17975962993,17975962977,0,0,15
8980,0,17977966880,17977966842,0,0,38
8981,0,17979969508,17979969485,0,0,23
8982,0,17981971188,17981971130,0,0,58
8983,0,17983973371,17983973395,0,0,-23
8984,0,17985975011,17985974976,0,0,34
8985,0,17987976743,17987976734,0,0,8
8986,0,17989979522,17989979486,0,0,35
8987,0,17991980914,17991980906,0,0,7
8988,0,17993984911,17993984946,0,0,-35
8989,0,17995986252,17995986243,0,0,8
8990,0,17997987831,17997987795,0,0,35
8991,0,17999991090,17999991084,0,0,6
8992,0,18001993483,18001993526,0,0,-42
8993,0,18003995964,18003995917,0,0,47
8994,0,18005997514,18005997479,0,0,35
8995,0,18007999961,18007999934,0,0,27
8996,0,18010001983,18010001961,0,0,22
8997,0,18012004980,18012004928,0,0,52
8998,0,18014005757,18014005660,0,0,96
8999,0,18016008510,18016008485,0,0,24
9000,0,18018011314,18018011333,0,0,-19
9001,0,18020013276,18020013239,0,0,37
9002,0,18022015635,18022015591,0,0,43
9003,0,18024017667,18024017619,0,0,47
9004,0,18026019471,18026019424,0,0,47
9005,0,18028020993,18028020946,0,0,47
9006,0,18030023928,18030023862,0,0,65
9007,0,18032026102,18032026048,0,0,53
9008,0,18034028920,18034028842,0,0,77
9009,0,18036031328,18036031269,0,0,58
9010,0,18038033294,18038033202,0,0,92
9011,0,18040035060,18040034993,0,0,67
9012,0,18042036148,18042036085,0,0,62
9013,0,18044039907,18044039922,0,0,-15
9014,0,18046041991,18046041965,0,0,26
9015,0,18048045496,18048045524,0,0,-27
9016,0,18050047235,18050047198,0,0,37
9017,0,18052048011,18052047975,0,0,35
9018,0,18054051389,18054051350,0,0,38
9019,0,18056052858,18056052871,0,0,-12
9020,0,18058054512,18058054478,0,0,33
9021,0,18060057083,18060057045,0,0,37
9022,0,18062058997,18062058941,0,0,56
9023,0,18064062417,18064062393,0,0,24
9024,0,18066064009,18066063972,0,0,37
9025,0,18068065395,18068065352,0,0,42
9026,0,18070068153,18070068122,0,0,31
9027,0,18072070476,18072070452,0,0,23
9028,0,18074072725,18074072676,0,0,49
9029,0,18076076769,18076076726,0,0,42
9030,0,18078079306,18078079270,0,0,35
9031,0,18080080111,18080080134,0,0,-23
9032,0,18082081833,18082081829,0,0,4
9033,0,18084083347,18084083361,0,0,-13
9034,0,18086086337,18086086318,0,0,19
9035,0,18088087860,18088087831,0,0,29
9036,0,18090090783,18090090707,0,0,75
9037,0,18092092017,18092091980,0,0,37
9038,0,18094094304,18094094248,0,0,56
9039,0,18096096600,18096096543,0,0,56
9040,0,18098100747,18098100716,0,0,30
9041,0,18100102056,18100102033,0,0,23
9042,0,18102104346,18102104329,0,0,16
9043,0,18104106328,18104106297,0,0,31
9044,0,18106108408,18106108339,0,0,69
9045,0,18108112025,18108112051,0,0,-26
9046,0,18110113193,18110113125,0,0,67
9047,0,18112115591,18112115597,0,0,-6
9048,0,18114117516,18114117530,0,0,-14
9049,0,18116118791,18116118801,0,0,-10
9050,0,18118121974,18118121910,0,0,63
9051,0,18120123829,18120123784,0,0,44
9052,0,18122126703,18122126646,0,0,57
9053,0,18124128606,18124128563,0,0,43
9054,0,18126129998,18126129930,0,0,68
9055,0,18128133191,18128133145,0,0,46
9056,0,18130135789,18130135719,0,0,69
9057,0,18132137712,18132137675,0,0,37
9058,0,18134139991,18134139939,0,0,51
9059,0,18136142089,18136142043,0,0,45
9060,0,18138144497,18138144438,0,0,58
9061,0,18140147881,18140147858,0,0,22
9062,0,18142149409,18142149375,0,0,33
9063,0,18144150925,18144150920,0,0,4
9064,0,18146153555,18146153521,0,0,33
9065,0,18148155791,18148155887,0,0,-96
9066,0,18150157361,18150157397,0,0,-36
9067,0,18152158941,18152158970,0,0,-28
9068,0,18154162142,18154162119,0,0,23
9069,0,18156164365,18156164336,0,0,29
9070,0,18158166844,18158166770,0,0,73
9071,0,18160169602,18160169580,0,0,21
9072,0,18162171601,18162171579,0,0,21
9073,0,18164173382,18164173368,0,0,13
9074,0,18166175592,18166175570,0,0,21
9075,0,18168177894,18168177855,0,0,39
9076,0,18170179594,18170179557,0,0,36
9077,0,18172181077,18172181039,0,0,38
9078,0,18174184736,18174184698,0,0,37
9079,0,18176187532,18176187508,0,0,23
9080,0,18178190057,18178190018,0,0,38
9081,0,18180191413,18180191445,0,0,-31
9082,0,18182193335,18182193355,0,0,-19
9083,0,18184195303,18184195332,0,0,-28
9084,0,18186196811,18186196806,0,0,4
9085,0,18188199593,18188199562,0,0,30
9086,0,18190201454,18190201405,0,0,49
9087,0,18192204115,18192204091,0,0,24
9088,0,18194205258,18194205221,0,0,37
9089,0,18196208107,18196208071,0,0,35
9090,0,18198212022,18198211996,0,0,26
9091,0,18200213390,18200213433,0,0,-42
9092,0,18202215885,18202215924,0,0,-39
9093,0,18204218320,18204218370,0,0,-49
9094,0,18206221648,18206221617,0,0,30
9095,0,18208222029,18208222017,0,0,12
9096,0,18210223357,18210223330,0,0,26
9097,0,18212226698,18212226679,0,0,19
9098,0,18214229003,18214228956,0,0,47
9099,0,18216231098,18216231080,0,0,17
9100,0,18218233918,18218233894,0,0,23
9101,0,18220235983,18220235969,0,0,13
9102,0,18222237545,18222237495,0,0,49
9103,0,18224240130,18224240097,0,0,33
9104,0,18226243429,18226243403,0,0,25
9105,0,18228244417,18228244377,0,0,39
9106,0,18230246819,18230246773,0,0,46
9107,0,18232248633,18232248585,0,0,47
9108,0,18234250307,18234250283,0,0,23
9109,0,18236253295,18236253270,0,0,24
9110,0,18238257083,18238257132,0,0,-49
9111,0,18240257431,18240257474,0,0,-42
9112,0,18242258880,18242258923,0,0,-42
9113,0,18244261310,18244261332,0,0,-22
9114,0,18246265256,18246265274,0,0,-18
9115,0,18248267141,18248267189,0,0,-48
9116,0,18250268950,18250268928,0,0,22
9117,0,18252270947,18252270923,0,0,23
9118,0,18254272808,18254272754,0,0,53
9119,0,18256275642,18256275624,0,0,17
9120,0,18258277941,18258277912,0,0,29
9121,0,18260279631,18260279607,0,0,24
9122,0,18262281487,18262281442,0,0,44
9123,0,18264284233,18264284197,0,0,36
9124,0,18266286348,18266286296,0,0,51
9125,0,18268288786,18268288738,0,0,48
9126,0,18270291195,18270291146,0,0,49
9127,0,18272293181,18272293105,0,0,75
9128,0,18274294542,18274294503,0,0,39
9129,0,18276296743,18276296689,0,0,53
9130,0,18278300690,18278300641,0,0,49
9131,0,18280302287,18280302224,0,0,62
9132,0,18282304753,18282304708,0,0,44
9133,0,18284306739,18284306696,0,0,42
9134,0,18286309108,18286309148,0,0,-39
9135,0,18288312067,18288312093,0,0,-26
9136,0,18290314393,18290314432,0,0,-39
9137,0,18292315420,18292315451,0,0,-31
9138,0,18294317025,18294317002,0,0,23
9139,0,18296319912,18296319891,0,0,20
9140,0,18298321193,18298321145,0,0,47
9141,0,18300323370,18300323416,0,0,-45
9142,0,18302326905,18302326950,0,0,-44
9143,0,18304328658,18304328685,0,0,-26
9144,0,18306330017,18306330032,0,0,-14
9145,0,18308332220,18308332236,0,0,-15
9146,0,18310334688,18310334715,0,0,-26
9147,0,18312337737,18312337708,0,0,29
9148,0,18314340274,18314340237,0,0,37
9149,0,18316342071,18316342030,0,0,41
9150,0,18318343793,18318343725,0,0,67
9151,0,18320346841,18320346788,0,0,53
9152,0,18322349049,18322348982,0,0,67
9153,0,18324350928,18324350891,0,0,37
9154,0,18326352455,18326352391,0,0,63
9155,0,18328355898,18328355889,0,0,8
9156,0,18330358548,18330358489,0,0,59
9157,0,18332360252,18332360221,0,0,31
9158,0,18334363734,18334363734,0,0,0
9159,0,18336364585,18336364611,0,0,-26
9160,0,18338366907,18338366918,0,0,-10
9161,0,18340369393,18340369419,0,0,-26
9162,0,18342371510,18342371493,0,0,17
9163,0,18344373352,18344373312,0,0,39
9164,0,18346374496,18346374460,0,0,35
9165,0,18348376824,18348376784,0,0,40
9166,0,18350379193,18350379152,0,0,40
9167,0,18352383474,18352383430,0,0,44
9168,0,18354385690,18354385698,0,0,-7
9169,0,18356386494,18356386509,0,0,-14
9170,0,18358388716,18358388711,0,0,4
9171,0,18360391331,18360391307,0,0,24
9172,0,18362393588,18362393598,0,0,-9
9173,0,18364395716,18364395712,0,0,4
9174,0,18366398089,18366398049,0,0,39
9175,0,18368401282,18368401242,0,0,39
9176,0,18370403195,18370403204,0,0,-9
9177,0,18372404044,18372404070,0,0,-25
9178,0,18374407118,18374407059,0,0,58
9179,0,18376409360,18376409313,0,0,47
9180,0,18378413210,18378413160,0,0,49
9181,0,18380413506,18380413435,0,0,70
9182,0,18382415931,18382415894,0,0,37
9183,0,18384417864,18384417877,0,0,-13
9184,0,18386419871,18386419824,0,0,47
9185,0,18388421156,18388421119,0,0,36
9186,0,18390424011,18390423933,0,0,77
9187,0,18392426984,18392426926,0,0,57
9188,0,18394428694,18394428689,0,0,5
9189,0,18396430443,18396430405,0,0,38
9190,0,18398434806,18398434751,0,0,54
9191,0,18400435648,18400435629,0,0,19
9192,0,18402436964,18402436915,0,0,49
9193,0,18404440002,18404439992,0,0,9
9194,0,18406441441,18406441457,0,0,-15
9195,0,18408444749,18408444764,0,0,-14
9196,0,18410447231,18410447186,0,0,44
9197,0,18412449534,18412449503,0,0,30
9198,0,18414451554,18414451525,0,0,29
9199,0,18416453950,18416453903,0,0,46
9200,0,18418456007,18418455946,0,0,60
9201,0,18420458012,18420457986,0,0,25
9202,0,18422460268,18422460299,0,0,-31
9203,0,18424462647,18424462668,0,0,-21
9204,0,18426465044,18426464987,0,0,57
9205,0,18428467094,18428467056,0,0,38
9206,0,18430470125,18430470087,0,0,37
9207,0,18432471910,18432471872,0,0,37
9208,0,18434473964,18434473933,0,0,30
9209,0,18436475611,18436475656,0,0,-45
9210,0,18438477127,18438477164,0,0,-36
9211,0,18440479835,18440479861,0,0,-26
9212,0,18442481511,18442481554,0,0,-42
9213,0,18444484604,18444484573,0,0,31
9214,0,18446486120,18446486157,0,0,-37
9215,0,18448489062,18448489099,0,0,-36
9216,0,18450491484,18450491530,0,0,-46
9217,0,18452493742,18452493768,0,0,-26
9218,0,18454495948,18454495974,0,0,-25
9219,0,18456498405,18456498364,0,0,41
9220,0,18458500724,18458500668,0,0,56
9221,0,18460502341,18460502337,0,0,4
9222,0,18462505867,18462505913,0,0,-46
9223,0,18464506876,18464506912,0,0,-35
9224,0,18466508895,18466508911,0,0,-15
9225,0,18468510079,18468510130,0,0,-51
9226,0,18470512308,18470512344,0,0,-35
9227,0,18472514770,18472514820,0,0,-49
9228,0,18474517093,18474517125,0,0,-32
9229,0,18476520388,18476520431,0,0,-42
9230,0,18478523584,18478523623,0,0,-39
9231,0,18480524337,18480524368,0,0,-31
9232,0,18482526662,18482526696,0,0,-34
9233,0,18484527928,18484527961,0,0,-33
9234,0,18486530395,18486530349,0,0,45
9235,0,18488533714,18488533678,0,0,35
9236,0,18490536123,18490536105,0,0,17
9237,0,18492538295,18492538258,0,0,37
9238,0,18494541150,18494541092,0,0,57
9239,0,18496541662,18496541616,0,0,46
9240,0,18498544903,18498544910,0,0,-7
9241,0,18500546814,18500546825,0,0,-11
9242,0,18502548264,18502548274,0,0,-9
9243,0,18504551591,18504551595,0,0,-4
9244,0,18506554197,18506554226,0,0,-29
9245,0,18508556161,18508556121,0,0,39
9246,0,18510558393,18510558336,0,0,57
9247,0,18512560182,18512560184,0,0,-2
9248,0,18514561498,18514561471,0,0,26
9249,0,18516563997,18516563973,0,0,24
9250,0,18518566019,18518565992,0,0,26
9251,0,18520568924,18520568901,0,0,23
9252,0,18522570948,18522570923,0,0,24
9253,0,18524573712,18524573693,0,0,18
9254,0,18526576072,18526576063,0,0,8
9255,0,18528578100,18528578123,0,0,-22
9256,0,18530580485,18530580417,0,0,67
9257,0,18532582599,18532582632,0,0,-33
9258,0,18534584995,18534585012,0,0,-16
9259,0,18536587222,18536587234,0,0,-12
9260,0,18538589200,18538589215,0,0,-15
9261,0,18540591905,18540591918,0,0,-12
9262,0,18542593966,18542593907,0,0,59
9263,0,18544596170,18544596133,0,0,37
9264,0,18546598218,18546598169,0,0,49
9265,0,18548600533,18548600498,0,0,34
9266,0,18550602976,18550602939,0,0,37
9267,0,18552605258,18552605217,0,0,40
9268,0,18554607017,18554606973,0,0,43
9269,0,18556609319,18556609286,0,0,33
9270,0,18558611512,18558611440,0,0,71
9271,0,18560614410,18560614345,0,0,65
9272,0,18562614900,18562614847,0,0,53
9273,0,18564618504,18564618467,0,0,36
9274,0,18566620516,18566620477,0,0,39
9275,0,18568622552,18568622509,0,0,43
9276,0,18570624728,18570624673,0,0,55
9277,0,18572626177,18572626121,0,0,56
9278,0,18574629662,18574629589,0,0,73
9279,0,18576631687,18576631710,0,0,-23
9280,0,18578634995,18578634948,0,0,46
9281,0,18580636122,18580636089,0,0,33
9282,0,18582638982,18582638948,0,0,34
9283,0,18584640649,18584640600,0,0,49
9284,0,18586642424,18586642450,0,0,-26
9285,0,18588643648,18588643660,0,0,-12
9286,0,18590646310,18590646244,0,0,65
9287,0,18592650461,18592650435,0,0,26
9288,0,18594651712,18594651654,0,0,57
9289,0,18596653720,18596653700,0,0,20
9290,0,18598654904,18598654855,0,0,49
9291,0,18600657229,18600657200,0,0,28
9292,0,18602660606,18602660568,0,0,38
9293,0,18604662783,18604662751,0,0,31
9294,0,18606665151,18606665119,0,0,32
9295,0,18608668112,18608668077,0,0,35
9296,0,18610671051,18610671086,0,0,-35
9297,0,18612671770,18612671732,0,0,37
9298,0,18614672714,18614672671,0,0,42
9299,0,18616674871,18616674836,0,0,34
9300,0,18618677510,18618677486,0,0,23
9301,0,18620681391,18620681354,0,0,36
9302,0,18622683707,18622683656,0,0,50
9303,0,18624684991,18624684971,0,0,20
9304,0,18626687173,18626687195,0,0,-22
9305,0,18628689737,18628689780,0,0,-42
9306,0,18630692366,18630692373,0,0,-6
9307,0,18632693730,18632693762,0,0,-32
9308,0,18634696153,18634696179,0,0,-25
9309,0,18636698772,18636698803,0,0,-31
9310,0,18638700827,18638700851,0,0,-24
9311,0,18640702682,18640702694,0,0,-12
9312,0,18642705414,18642705453,0,0,-39
9313,0,18644707422,18644707400,0,0,21
9314,0,18646709677,18646709644,0,0,32
9315,0,18648711532,18648711514,0,0,17
9316,0,18650714211,18650714175,0,0,35
9317,0,18652716732,18652716683,0,0,49
9318,0,18654718710,18654718638,0,0,71
9319,0,18656721348,18656721321,0,0,26
9320,0,18658721370,18658721284,0,0,85
9321,0,18660723950,18660723920,0,0,30
9322,0,18662727237,18662727191,0,0,45
9323,0,18664729252,18664729228,0,0,24
9324,0,18666730869,18666730840,0,0,28
9325,0,18668734098,18668734139,0,0,-40
9326,0,18670736650,18670736570,0,0,80
9327,0,18672738937,18672738901,0,0,35
9328,0,18674740777,18674740716,0,0,61
9329,0,18676742969,18676742934,0,0,34
9330,0,18678747104,18678747062,0,0,41
9331,0,18680747060,18680747011,0,0,48
9332,0,18682748280,18682748237,0,0,42
9333,0,18684751200,18684751239,0,0,-39
9334,0,18686754277,18686754298,0,0,-20
9335,0,18688757915,18688757941,0,0,-25
9336,0,18690758541,18690758499,0,0,42
9337,0,18692760520,18692760557,0,0,-37
9338,0,18694762813,18694762822,0,0,-8
9339,0,18696764773,18696764781,0,0,-8
9340,0,18698766577,18698766595,0,0,-18
9341,0,18700769737,18700769769,0,0,-32
9342,0,18702772195,18702772215,0,0,-20
9343,0,18704773979,18704774010,0,0,-31
9344,0,18706776160,18706776186,0,0,-25
9345,0,18708778968,18708778999,0,0,-31
9346,0,18710781014,18710781042,0,0,-28
9347,0,18712782853,18712782827,0,0,25
9348,0,18714785133,18714785114,0,0,18
9349,0,18716787170,18716787153,0,0,17
9350,0,18718788741,18718788798,0,0,-57
9351,0,18720792888,18720792878,0,0,10
9352,0,18722793709,18722793670,0,0,38
9353,0,18724795321,18724795296,0,0,25
9354,0,18726798896,18726798858,0,0,37
9355,0,18728800554,18728800529,0,0,24
9356,0,18730802156,18730802123,0,0,33
9357,0,18732804993,18732804957,0,0,35
9358,0,18734807725,18734807715,0,0,9
9359,0,18736809588,18736809574,0,0,13
9360,0,18738811904,18738811867,0,0,37
9361,0,18740814369,18740814346,0,0,23
9362,0,18742816217,18742816167,0,0,50
9363,0,18744818179,18744818168,0,0,11
9364,0,18746819472,18746819458,0,0,14
9365,0,18748821823,18748821786,0,0,37
9366,0,18750824325,18750824386,0,0,-61
9367,0,18752828790,18752828833,0,0,-42
9368,0,18754829606,18754829652,0,0,-46
9369,0,18756831820,18756831786,0,0,33
9370,0,18758834128,18758834119,0,0,8
9371,0,18760836401,18760836387,0,0,13
9372,0,18762838615,18762838600,0,0,15
9373,0,18764841249,18764841213,0,0,35
9374,0,18766843065,18766843028,0,0,37
9375,0,18768845258,18768845204,0,0,53
9376,0,18770847775,18770847714,0,0,60
9377,0,18772849890,18772849838,0,0,52
9378,0,18774851822,18774851782,0,0,39
9379,0,18776853899,18776853854,0,0,44
9380,0,18778857128,18778857078,0,0,50
9381,0,18780858312,18780858283,0,0,29
9382,0,18782859778,18782859712,0,0,66
9383,0,18784862886,18784862855,0,0,31
9384,0,18786865505,18786865477,0,0,27
9385,0,18788867950,18788867905,0,0,44
9386,0,18790869836,18790869819,0,0,17
9387,0,18792871862,18792871824,0,0,37
9388,0,18794874303,18794874294,0,0,8
9389,0,18796876222,18796876254,0,0,-31
9390,0,18798878720,18798878712,0,0,7
9391,0,18800881660,18800881680,0,0,-20
9392,0,18802883851,18802883813,0,0,38
9393,0,18804884359,18804884333,0,0,25
9394,0,18806887989,18806887950,0,0,38
9395,0,18808889626,18808889590,0,0,36
9396,0,18810891840,18810891782,0,0,58
9397,0,18812894020,18812893986,0,0,33
9398,0,18814896639,18814896578,0,0,60
9399,0,18816898143,18816898088,0,0,54
9400,0,18818900361,18818900319,0,0,42
9401,0,18820901908,18820901866,0,0,42
9402,0,18822904532,18822904527,0,0,5
9403,0,18824907265,18824907280,0,0,-15
9404,0,18826908694,18826908647,0,0,47
9405,0,18828911755,18828911701,0,0,54
9406,0,18830913105,18830913067,0,0,37
9407,0,18832916585,18832916546,0,0,39
9408,0,18834918988,18834918934,0,0,53
9409,0,18836921323,18836921263,0,0,59
9410,0,18838922665,18838922638,0,0,26
9411,0,18840924006,18840923974,0,0,32
9412,0,18842926129,18842926086,0,0,42
9413,0,18844928847,18844928819,0,0,27
9414,0,18846932218,18846932147,0,0,71
9415,0,18848933984,18848933953,0,0,30
9416,0,18850936175,18850936138,0,0,37
9417,0,18852937852,18852937830,0,0,22
9418,0,18854940981,18854940912,0,0,69
9419,0,18856942894,18856942860,0,0,33
9420,0,18858945468,18858945432,0,0,35
9421,0,18860947132,18860947096,0,0,35
9422,0,18862949512,18862949473,0,0,38
9423,0,18864952191,18864952137,0,0,53
9424,0,18866954186,18866954165,0,0,20
9425,0,18868956154,18868956085,0,0,68
9426,0,18870957761,18870957686,0,0,75
9427,0,18872961059,18872961020,0,0,38
9428,0,18874963061,18874963004,0,0,57
9429,0,18876965708,18876965687,0,0,20
9430,0,18878968959,18878968941,0,0,18
9431,0,18880969762,18880969737,0,0,25
9432,0,18882972853,18882972809,0,0,43
9433,0,18884973271,18884973257,0,0,13
9434,0,18886977221,18886977184,0,0,37
9435,0,18888978783,18888978768,0,0,15
9436,0,18890980626,18890980604,0,0,22
9437,0,18892981744,18892981731,0,0,13
9438,0,18894984469,18894984404,0,0,64
9439,0,18896987858,18896987893,0,0,-34
9440,0,18898989651,18898989635,0,0,15
9441,0,18900991871,18900991840,0,0,31
9442,0,18902994210,18902994175,0,0,35
9443,0,18904996916,18904996894,0,0,21
9444,0,18906998988,18906998956,0,0,32
9445,0,18909000999,18909000961,0,0,37
9446,0,18911003020,18911002959,0,0,60
9447,0,18913004878,18913004834,0,0,43
9448,0,18915007591,18915007520,0,0,70
9449,0,18917009875,18917009834,0,0,40
9450,0,18919012955,18919012903,0,0,51
9451,0,18921015355,18921015319,0,0,36
9452,0,18923016431,18923016388,0,0,42
9453,0,18925018712,18925018718,0,0,-5
9454,0,18927021304,18927021275,0,0,29
9455,0,18929024015,18929023961,0,0,53
9456,0,18931027005,18931026961,0,0,43
9457,0,18933027915,18933027892,0,0,22
9458,0,18935029953,18935029906,0,0,47
9459,0,18937031926,18937031888,0,0,38
9460,0,18939034651,18939034612,0,0,39
9461,0,18941036477,18941036457,0,0,20
9462,0,18943039484,18943039408,0,0,76
9463,0,18945040910,18945040867,0,0,43
9464,0,18947044017,18947043960,0,0,57
9465,0,18949044833,18949044852,0,0,-18
9466,0,18951047872,18951047887,0,0,-15
9467,0,18953050119,18953050128,0,0,-8
9468,0,18955052253,18955052285,0,0,-32
9469,0,18957054619,18957054653,0,0,-34
9470,0,18959056438,18959056366,0,0,71
9471,0,18961059497,18961059451,0,0,45
9472,0,18963061366,18963061316,0,0,49
9473,0,18965063022,18965062975,0,0,47
9474,0,18967064771,18967064717,0,0,53
9475,0,18969067465,18969067430,0,0,34
9476,0,18971069723,18971069672,0,0,51
9477,0,18973070884,18973070850,0,0,33
9478,0,18975073066,18975073072,0,0,-6
9479,0,18977075533,18977075550,0,0,-16
9480,0,18979081268,18979081258,0,0,10
9481,0,18981080854,18981080825,0,0,29
9482,0,18983082087,18983082038,0,0,49
9483,0,18985084311,18985084277,0,0,33
9484,0,18987087623,18987087599,0,0,24
9485,0,18989089622,18989089592,0,0,30
9486,0,18991090984,18991090957,0,0,26
9487,0,18993093903,18993093897,0,0,5
9488,0,18995096382,18995096365,0,0,17
9489,0,18997097618,18997097599,0,0,19
9490,0,18999100158,18999100197,0,0,-38
9491,0,19001102683,19001102741,0,0,-58
9492,0,19003104658,19003104629,0,0,28
9493,0,19005107550,19005107538,0,0,12
9494,0,19007110287,19007110279,0,0,7
9495,0,19009112847,19009112831,0,0,15
9496,0,19011115516,19011115505,0,0,11
9497,0,19013116876,19013116856,0,0,19
9498,0,19015118963,19015118915,0,0,47
9499,0,19017121294,19017121280,0,0,13
9500,0,19019123155,19019123150,0,0,4
9501,0,19021125367,19021125330,0,0,37
9502,0,19023127986,19023127995,0,0,-8
9503,0,19025129821,19025129808,0,0,12
9504,0,19027132044,19027132087,0,0,-42
9505,0,19029134411,19029134391,0,0,20
9506,0,19031136542,19031136515,0,0,26
9507,0,19033138760,19033138751,0,0,8
9508,0,19035141380,19035141371,0,0,8
9509,0,19037143157,19037143187,0,0,-30
9510,0,19039144524,19039144535,0,0,-11
9511,0,19041147703,19041147658,0,0,45
9512,0,19043150788,19043150761,0,0,26
9513,0,19045151283,19045151260,0,0,22
9514,0,19047154714,19047154688,0,0,25
9515,0,19049156451,19049156431,0,0,20
9516,0,19051158257,19051158211,0,0,45
9517,0,19053160846,19053160794,0,0,51
9518,0,19055162539,19055162473,0,0,65
9519,0,19057165391,19057165350,0,0,40
9520,0,19059168141,19059168149,0,0,-8
9521,0,19061170032,19061170045,0,0,-13
9522,0,19063172601,19063172534,0,0,67
9523,0,19065174426,19065174383,0,0,42
9524,0,19067177078,19067177022,0,0,55
9525,0,19069178511,19069178542,0,0,-31
9526,0,19071180284,19071180223,0,0,60
9527,0,19073183561,19073183513,0,0,48
9528,0,19075186748,19075186707,0,0,40
9529,0,19077187950,19077187911,0,0,38
9530,0,19079191977,19079191939,0,0,37
9531,0,19081192105,19081192074,0,0,31
9532,0,19083193967,19083193915,0,0,51
9533,0,19085196058,19085196015,0,0,42
9534,0,19087199251,19087199198,0,0,53
9535,0,19089201976,19089201940,0,0,35
9536,0,19091203357,19091203308,0,0,49
9537,0,19093205698,19093205653,0,0,45
9538,0,19095207916,19095207889,0,0,26
9539,0,19097210323,19097210285,0,0,37
9540,0,19099212684,19099212644,0,0,40
9541,0,19101214568,19101214603,0,0,-34
9542,0,19103216467,19103216503,0,0,-35
9543,0,19105217751,19105217703,0,0,47
9544,0,19107221215,19107221149,0,0,65
9545,0,19109223404,19109223361,0,0,42
9546,0,19111225608,19111225542,0,0,65
9547,0,19113227419,19113227383,0,0,35
9548,0,19115228884,19115228835,0,0,48
9549,0,19117231194,19117231140,0,0,53
9550,0,19119234662,19119234692,0,0,-29
9551,0,19121237272,19121237301,0,0,-28
9552,0,19123239227,19123239274,0,0,-47
9553,0,19125241017,19125240990,0,0,26
9554,0,19127242539,19127242511,0,0,27
9555,0,19129245579,19129245546,0,0,33
9556,0,19131248235,19131248220,0,0,15
9557,0,19133250020,19133249990,0,0,29
9558,0,19135252308,19135252241,0,0,67
9559,0,19137254359,19137254337,0,0,22
9560,0,19139256933,19139256885,0,0,47
9561,0,19141259017,19141259031,0,0,-13
9562,0,19143261426,19143261368,0,0,57
9563,0,19145263405,19145263359,0,0,45
9564,0,19147264758,19147264707,0,0,51
9565,0,19149267892,19149267876,0,0,15
9566,0,19151270191,19151270145,0,0,45
9567,0,19153272678,19153272638,0,0,40
9568,0,19155274711,19155274662,0,0,49
9569,0,19157276616,19157276593,0,0,23
9570,0,19159279033,19159278989,0,0,43
9571,0,19161281487,19161281458,0,0,29
9572,0,19163283872,19163283847,0,0,24
9573,0,19165285923,19165285905,0,0,17
9574,0,19167287828,19167287794,0,0,33
9575,0,19169290328,19169290301,0,0,27
9576,0,19171292625,19171292640,0,0,-14
9577,0,19173295584,19173295568,0,0,15
9578,0,19175297124,19175297069,0,0,55
9579,0,19177299546,19177299537,0,0,8
9580,0,19179302413,19179302375,0,0,38
9581,0,19181303493,19181303468,0,0,24
9582,0,19183306011,19183305975,0,0,35
9583,0,19185308138,19185308104,0,0,33
9584,0,19187309770,19187309746,0,0,24
9585,0,19189311258,19189311244,0,0,13
9586,0,19191314710,19191314695,0,0,15
9587,0,19193316508,19193316498,0,0,10
9588,0,19195318035,19195318004,0,0,31
9589,0,19197321117,19197321078,0,0,38
9590,0,19199322770,19199322734,0,0,35
9591,0,19201325505,19201325460,0,0,45
9592,0,19203326706,19203326650,0,0,56
9593,0,19205330370,19205330345,0,0,25
9594,0,19207332707,19207332662,0,0,44
9595,0,19209334567,19209334532,0,0,34
9596,0,19211336989,19211336935,0,0,53
9597,0,19213339093,19213339113,0,0,-20
9598,0,19215341759,19215341752,0,0,6
9599,0,19217343294,19217343305,0,0,-11
9600,0,19219344435,19219344454,0,0,-19
9601,0,19221346938,19221346965,0,0,-26
9602,0,19223350054,19223350006,0,0,47
9603,0,19225352285,19225352248,0,0,37
9604,0,19227354788,19227354741,0,0,47
9605,0,19229356790,19229356766,0,0,23
9606,0,19231358918,19231358876,0,0,41
9607,0,19233359930,19233359916,0,0,13
9608,0,19235362158,19235362188,0,0,-29
9609,0,19237365466,19237365496,0,0,-29
9610,0,19239366835,19239366854,0,0,-19
9611,0,19241369104,19241369147,0,0,-42
9612,0,19243372512,19243372519,0,0,-6
9613,0,19245374293,19245374249,0,0,43
9614,0,19247375749,19247375725,0,0,23
9615,0,19249380004,19249379980,0,0,23
9616,0,19251381825,19251381801,0,0,24
9617,0,19253382502,19253382516,0,0,-14
9618,0,19255386438,19255386391,0,0,46
9619,0,19257388069,19257388016,0,0,53
9620,0,19259390605,19259390577,0,0,27
9621,0,19261392195,19261392218,0,0,-22
9622,0,19263393966,19263393923,0,0,43
9623,0,19265397042,19265397016,0,0,25
9624,0,19267399736,19267399700,0,0,35
9625,0,19269402296,19269402271,0,0,25
9626,0,19271403377,19271403316,0,0,60
9627,0,19273404928,19273404903,0,0,25
9628,0,19275408355,19275408330,0,0,25
9629,0,19277410314,19277410276,0,0,37
9630,0,19279414309,19279414258,0,0,50
9631,0,19281414598,19281414573,0,0,25
9632,0,19283415694,19283415669,0,0,24
9633,0,19285418711,19285418698,0,0,13
9634,0,19287421550,19287421534,0,0,15
9635,0,19289423406,19289423359,0,0,47
9636,0,19291425123,19291425098,0,0,25
9637,0,19293428485,19293428451,0,0,33
9638,0,19295430260,19295430197,0,0,62
9639,0,19297432693,19297432634,0,0,58
9640,0,19299434875,19299434838,0,0,37
9641,0,19301437671,19301437658,0,0,13
9642,0,19303438584,19303438523,0,0,60
9643,0,19305441608,19305441574,0,0,33
9644,0,19307443832,19307443778,0,0,53
9645,0,19309445826,19309445768,0,0,58
9646,0,19311447776,19311447747,0,0,29
9647,0,19313450424,19313450389,0,0,35
9648,0,19315454041,19315454012,0,0,29
9649,0,19317454712,19317454747,0,0,-34
9650,0,19319457067,19319457078,0,0,-11
9651,0,19321459231,19321459204,0,0,26
9652,0,19323461292,19323461253,0,0,39
9653,0,19325462950,19325462910,0,0,40
9654,0,19327465713,19327465673,0,0,40
9655,0,19329467814,19329467765,0,0,49
9656,0,19331470141,19331470107,0,0,33
9657,0,19333472930,19333472898,0,0,31
9658,0,19335474883,19335474827,0,0,55
9659,0,19337477283,19337477256,0,0,27
9660,0,19339479523,19339479503,0,0,20
9661,0,19341481355,19341481329,0,0,25
9662,0,19343483620,19343483573,0,0,46
9663,0,19345486014,19345485992,0,0,22
9664,0,19347488236,19347488202,0,0,33
9665,0,19349490541,19349490560,0,0,-19
9666,0,19351492941,19351492928,0,0,13
9667,0,19353494815,19353494765,0,0,50
9668,0,19355496126,19355496052,0,0,74
9669,0,19357498889,19357498866,0,0,23
9670,0,19359500811,19359500839,0,0,-28
9671,0,19361503366,19361503349,0,0,17
9672,0,19363504605,19363504565,0,0,40
9673,0,19365509053,19365509076,0,0,-22
9674,0,19367510241,19367510170,0,0,70
9675,0,19369511552,19369511517,0,0,35
9676,0,19371515282,19371515261,0,0,20
9677,0,19373516858,19373516825,0,0,32
9678,0,19375518792,19375518784,0,0,8
9679,0,19377521720,19377521670,0,0,49
9680,0,19379525339,19379525292,0,0,47
9681,0,19381526239,19381526211,0,0,27
9682,0,19383528334,19383528295,0,0,39
9683,0,19385529986,19385529968,0,0,18
9684,0,19387531607,19387531674,0,0,-66
9685,0,19389534564,19389534600,0,0,-36
9686,0,19391536177,19391536162,0,0,15
9687,0,19393539247,19393539209,0,0,37
9688,0,19395541308,19395541259,0,0,49
9689,0,19397543825,19397543803,0,0,22
9690,0,19399546660,19399546591,0,0,69
9691,0,19401548408,19401548393,0,0,14
9692,0,19403550024,19403550049,0,0,-24
9693,0,19405551522,19405551537,0,0,-15
9694,0,19407555412,19407555447,0,0,-35
9695,0,19409557391,19409557352,0,0,38
9696,0,19411559208,19411559170,0,0,37
9697,0,19413561586,19413561540,0,0,46
9698,0,19415563820,19415563804,0,0,15
9699,0,19417566071,19417566083,0,0,-11
9700,0,19419568049,19419567986,0,0,63
9701,0,19421569302,19421569273,0,0,29
9702,0,19423573615,19423573530,0,0,85
9703,0,19425574734,19425574700,0,0,33
9704,0,19427576804,19427576740,0,0,63
9705,0,19429579602,19429579563,0,0,38
9706,0,19431582049,19431581985,0,0,63
9707,0,19433583878,19433583834,0,0,43
9708,0,19435585915,19435585946,0,0,-31
9709,0,19437588188,19437588240,0,0,-51
9710,0,19439590673,19439590697,0,0,-24
9711,0,19441593339,19441593382,0,0,-42
9712,0,19443594788,19443594821,0,0,-32
9713,0,19445597280,19445597289,0,0,-8
9714,0,19447599931,19447599923,0,0,8
9715,0,19449601312,19449601269,0,0,42
9716,0,19451602880,19451602849,0,0,31
9717,0,19453605930,19453605953,0,0,-23
9718,0,19455608181,19455608197,0,0,-15
9719,0,19457610530,19457610557,0,0,-26
9720,0,19459612631,19459612671,0,0,-40
9721,0,19461615288,19461615331,0,0,-42
9722,0,19463617325,19463617368,0,0,-42
9723,0,19465618249,19465618289,0,0,-40
9724,0,19467621701,19467621738,0,0,-36
9725,0,19469624017,19469624057,0,0,-39
9726,0,19471626332,19471626343,0,0,-11
9727,0,19473628172,19473628208,0,0,-35
9728,0,19475630533,19475630565,0,0,-31
9729,0,19477632303,19477632259,0,0,43
9730,0,19479635925,19479635901,0,0,24
9731,0,19481636966,19481636937,0,0,29
9732,0,19483638674,19483638643,0,0,31
9733,0,19485641796,19485641775,0,0,21
9734,0,19487643512,19487643501,0,0,11
9735,0,19489645130,19489645105,0,0,24
9736,0,19491648099,19491648059,0,0,40
9737,0,19493650518,19493650478,0,0,39
9738,0,19495651745,19495651698,0,0,47
9739,0,19497654877,19497654840,0,0,36
9740,0,19499657580,19499657557,0,0,23
9741,0,19501659489,19501659481,0,0,7
9742,0,19503661724,19503661702,0,0,22
9743,0,19505663179,19505663146,0,0,33
9744,0,19507666639,19507666624,0,0,15
9745,0,19509668458,19509668431,0,0,26
9746,0,19511670966,19511670952,0,0,13
9747,0,19513672762,19513672736,0,0,26
9748,0,19515674970,19515674937,0,0,33
9749,0,19517677453,19517677419,0,0,33
9750,0,19519679467,19519679429,0,0,37
9751,0,19521681821,19521681780,0,0,40
9752,0,19523683478,19523683511,0,0,-33
9753,0,19525686386,19525686411,0,0,-24
9754,0,19527688702,19527688720,0,0,-17
9755,0,19529690361,19529690318,0,0,43
9756,0,19531691975,19531691949,0,0,26
9757,0,19533694902,19533694941,0,0,-39
9758,0,19535697514,19535697560,0,0,-46
9759,0,19537700085,19537700045,0,0,39
9760,0,19539702080,19539702051,0,0,29
9761,0,19541704263,19541704295,0,0,-31
9762,0,19543706448,19543706480,0,0,-32
9763,0,19545709013,19545709065,0,0,-51
9764,0,19547710505,19547710551,0,0,-45
9765,0,19549712191,19549712199,0,0,-7
9766,0,19551715037,19551714981,0,0,56
9767,0,19553717274,19553717244,0,0,30
9768,0,19555719497,19555719438,0,0,59
9769,0,19557721823,19557721776,0,0,47
9770,0,19559724869,19559724835,0,0,33
9771,0,19561727355,19561727380,0,0,-24
9772,0,19563728422,19563728469,0,0,-46
9773,0,19565730797,19565730836,0,0,-39
9774,0,19567732476,19567732489,0,0,-13
9775,0,19569734605,19569734581,0,0,24
9776,0,19571737231,19571737202,0,0,28
9777,0,19573739195,19573739183,0,0,12
9778,0,19575740748,19575740727,0,0,20
9779,0,19577744178,19577744141,0,0,37
9780,0,19579747138,19579747181,0,0,-42
9781,0,19581747348,19581747323,0,0,25
9782,0,19583750479,19583750458,0,0,20
9783,0,19585751451,19585751413,0,0,37
9784,0,19587753929,19587753905,0,0,24
9785,0,19589756260,19589756229,0,0,30
9786,0,19591761137,19591761099,0,0,38
9787,0,19593761626,19593761595,0,0,31
9788,0,19595764160,19595764130,0,0,29
9789,0,19597766087,19597766048,0,0,38
9790,0,19599768402,19599768362,0,0,39
9791,0,19601770933,19601770948,0,0,-14
9792,0,19603773453,19603773395,0,0,58
9793,0,19605775184,19605775127,0,0,57
9794,0,19607777882,19607777823,0,0,58
9795,0,19609779451,19609779397,0,0,53
9796,0,19611782215,19611782159,0,0,55
9797,0,19613783879,19613783815,0,0,63
9798,0,19615784988,19615784945,0,0,42
9799,0,19617787167,19617787108,0,0,58
9800,0,19619789466,19619789402,0,0,63
9801,0,19621791800,19621791764,0,0,35
9802,0,19623796074,19623796085,0,0,-11
9803,0,19625797112,19625797065,0,0,47
9804,0,19627798970,19627798915,0,0,55
9805,0,19629802256,19629802203,0,0,53
9806,0,19631804095,19631804049,0,0,46
9807,0,19633807993,19633807946,0,0,47
9808,0,19635809932,19635809894,0,0,38
9809,0,19637810705,19637810648,0,0,57
9810,0,19639813010,19639812943,0,0,66
9811,0,19641815030,19641814979,0,0,51
9812,0,19643817744,19643817687,0,0,57
9813,0,19645819288,19645819240,0,0,47
9814,0,19647821132,19647821073,0,0,59
9815,0,19649824798,19649824822,0,0,-24
9816,0,19651826310,19651826331,0,0,-20
9817,0,19653828175,19653828197,0,0,-22
9818,0,19655830479,19655830496,0,0,-16
9819,0,19657831764,19657831775,0,0,-11
9820,0,19659835226,19659835251,0,0,-24
9821,0,19661836989,19661836964,0,0,25
9822,0,19663838559,19663838505,0,0,53
9823,0,19665841817,19665841779,0,0,38
9824,0,19667844627,19667844644,0,0,-16
9825,0,19669846348,19669846329,0,0,18
9826,0,19671848919,19671848881,0,0,37
9827,0,19673850979,19673850933,0,0,45
9828,0,19675853297,19675853323,0,0,-25
9829,0,19677855445,19677855484,0,0,-38
9830,0,19679858727,19679858698,0,0,29
9831,0,19681859464,19681859433,0,0,30
9832,0,19683861638,19683861656,0,0,-17
9833,0,19685863233,19685863193,0,0,40
9834,0,19687867546,19687867537,0,0,8
9835,0,19689868535,19689868503,0,0,32
9836,0,19691870844,19691870788,0,0,56
9837,0,19693873296,19693873258,0,0,38
9838,0,19695875459,19695875400,0,0,59
9839,0,19697877480,19697877435,0,0,45
9840,0,19699878693,19699878669,0,0,24
9841,0,19701882041,19701882012,0,0,29
9842,0,19703884073,19703884052,0,0,20
9843,0,19705886214,19705886184,0,0,29
9844,0,19707888298,19707888265,0,0,33
9845,0,19709889644,19709889636,0,0,7
9846,0,19711892436,19711892408,0,0,27
9847,0,19713895453,19713895412,0,0,40
9848,0,19715897071,19715897054,0,0,17
9849,0,19717898958,19717898914,0,0,44
9850,0,19719902955,19719902899,0,0,56
9851,0,19721904306,19721904299,0,0,6
9852,0,19723906347,19723906318,0,0,29
9853,0,19725908264,19725908242,0,0,21
9854,0,19727910307,19727910339,0,0,-32
9855,0,19729912709,19729912746,0,0,-37
9856,0,19731913865,19731913848,0,0,17
9857,0,19733916435,19733916470,0,0,-35
9858,0,19735919657,19735919683,0,0,-26
9859,0,19737921879,19737921859,0,0,20
9860,0,19739922692,19739922721,0,0,-29
9861,0,19741924716,19741924756,0,0,-40
9862,0,19743927873,19743927889,0,0,-16
9863,0,19745930483,19745930449,0,0,33
9864,0,19747931536,19747931489,0,0,46
9865,0,19749934404,19749934392,0,0,11
9866,0,19751938897,19751938850,0,0,47
9867,0,19753939332,19753939314,0,0,17
9868,0,19755941096,19755941123,0,0,-26
9869,0,19757943973,19757944011,0,0,-38
9870,0,19759945844,19759945795,0,0,49
9871,0,19761949063,19761949038,0,0,25
9872,0,19763950269,19763950245,0,0,24
9873,0,19765951667,19765951694,0,0,-26
9874,0,19767954047,19767954077,0,0,-29
9875,0,19769956812,19769956847,0,0,-35
9876,0,19771960057,19771960089,0,0,-31
9877,0,19773961737,19773961788,0,0,-51
9878,0,19775963399,19775963343,0,0,55
9879,0,19777966125,19777966101,0,0,23
9880,0,19779969659,19779969694,0,0,-35
9881,0,19781971036,19781971069,0,0,-33
9882,0,19783974040,19783974070,0,0,-30
9883,0,19785975332,19785975314,0,0,18
9884,0,19787977281,19787977253,0,0,27
9885,0,19789978902,19789978896,0,0,6
9886,0,19791982217,19791982173,0,0,44
9887,0,19793984292,19793984252,0,0,39
9888,0,19795985209,19795985170,0,0,38
9889,0,19797988031,19797988017,0,0,13
9890,0,19799990874,19799990855,0,0,18
9891,0,19801993206,19801993181,0,0,25
9892,0,19803995800,19803995768,0,0,31
9893,0,19805997653,19805997680,0,0,-26
9894,0,19807999538,19807999573,0,0,-34
9895,0,19810000879,19810000906,0,0,-26
9896,0,19812004095,19812004038,0,0,57
9897,0,19814005453,19814005476,0,0,-22
9898,0,19816008848,19816008887,0,0,-39
9899,0,19818009987,19818010015,0,0,-28
9900,0,19820012932,19820012896,0,0,35
9901,0,19822014289,19822014246,0,0,43
9902,0,19824017626,19824017567,0,0,58
9903,0,19826020631,19826020584,0,0,47
9904,0,19828023081,19828023043,0,0,38
9905,0,19830023951,19830023928,0,0,23
9906,0,19832025280,19832025232,0,0,48
9907,0,19834027742,19834027732,0,0,10
9908,0,19836030840,19836030801,0,0,38
9909,0,19838033114,19838033075,0,0,38
9910,0,19840035318,19840035265,0,0,53
9911,0,19842037318,19842037252,0,0,65
9912,0,19844039024,19844038968,0,0,56
9913,0,19846042065,19846042076,0,0,-11
9914,0,19848045030,19848044984,0,0,45
9915,0,19850045625,19850045561,0,0,64
9916,0,19852048829,19852048791,0,0,38
9917,0,19854051078,19854051024,0,0,53
9918,0,19856053172,19856053116,0,0,55
9919,0,19858055142,19858055092,0,0,50
9920,0,19860056368,19860056325,0,0,42
9921,0,19862058791,19862058777,0,0,13
9922,0,19864062450,19864062411,0,0,38
9923,0,19866064233,19866064189,0,0,43
9924,0,19868066275,19868066253,0,0,22
9925,0,19870067570,19870067525,0,0,44
9926,0,19872070215,19872070168,0,0,47
9927,0,19874073208,19874073149,0,0,59
9928,0,19876075220,19876075176,0,0,44
9929,0,19878076531,19878076483,0,0,48
9930,0,19880081808,19880081759,0,0,49
9931,0,19882082408,19882082364,0,0,44
9932,0,19884083974,19884083929,0,0,44
9933,0,19886085849,19886085800,0,0,49
9934,0,19888089296,19888089251,0,0,45
9935,0,19890091927,19890091938,0,0,-11
9936,0,19892094557,19892094494,0,0,62
9937,0,19894095412,19894095345,0,0,67
9938,0,19896098289,19896098225,0,0,63
9939,0,19898099876,19898099885,0,0,-9
9940,0,19900102155,19900102184,0,0,-29
9941,0,19902104613,19902104583,0,0,30
9942,0,19904106455,19904106416,0,0,38
9943,0,19906108644,19906108604,0,0,40
9944,0,19908110060,19908110023,0,0,37
9945,0,19910113363,19910113339,0,0,23
9946,0,19912115294,19912115236,0,0,57
9947,0,19914117732,19914117704,0,0,27
9948,0,19916120581,19916120534,0,0,47
9949,0,19918122526,19918122491,0,0,35
9950,0,19920124784,19920124775,0,0,8
9951,0,19922126631,19922126644,0,0,-13
9952,0,19924129085,19924129113,0,0,-28
9953,0,19926131139,19926131175,0,0,-36
9954,0,19928133653,19928133685,0,0,-31
9955,0,19930135622,19930135591,0,0,31
9956,0,19932137371,19932137346,0,0,24
9957,0,19934138964,19934138952,0,0,11
9958,0,19936142148,19936142186,0,0,-38
9959,0,19938143979,19938144002,0,0,-22
9960,0,19940145437,19940145400,0,0,36
9961,0,19942147668,19942147714,0,0,-46
9962,0,19944151028,19944151017,0,0,11
9963,0,19946153202,19946153177,0,0,24
9964,0,19948155886,19948155840,0,0,45
9965,0,19950157496,19950157456,0,0,40
9966,0,19952158861,19952158876,0,0,-14
9967,0,19954162701,19954162685,0,0,15
9968,0,19956164512,19956164506,0,0,5
9969,0,19958166607,19958166592,0,0,15
9970,0,19960169109,19960169059,0,0,49
9971,0,19962171200,19962171195,0,0,4
9972,0,19964173440,19964173413,0,0,26
9973,0,19966175725,19966175701,0,0,23
9974,0,19968177678,19968177661,0,0,17
9975,0,19970180973,19970180947,0,0,25
9976,0,19972183128,19972183100,0,0,28
9977,0,19974183588,19974183551,0,0,37
9978,0,19976186607,19976186568,0,0,39
9979,0,19978190221,19978190164,0,0,57
9980,0,19980192698,19980192662,0,0,35
9981,0,19982193532,19982193508,0,0,24
9982,0,19984196195,19984196159,0,0,35
9983,0,19986197267,19986197231,0,0,35
9984,0,19988199121,19988199097,0,0,24
9985,0,19990202175,19990202136,0,0,39
9986,0,19992203434,19992203467,0,0,-32
9987,0,19994206808,19994206817,0,0,-8
9988,0,19996208948,19996209017,0,0,-69
9989,0,19998211042,19998211017,0,0,24
9990,0,20000213627,20000213662,0,0,-34
9991,0,20002215570,20002215530,0,0,40
9992,0,20004217855,20004217824,0,0,31
9993,0,20006220137,20006220102,0,0,35
9994,0,20008222292,20008222262,0,0,29
9995,0,20010225127,20010225090,0,0,36
9996,0,20012226485,20012226476,0,0,9
9997,0,20014229114,20014229099,0,0,15
9998,0,20016230959,20016230919,0,0,40
9999,0,20018232327,20018232315,0,0,11
10000,0,20020235907,20020235956,0,0,-48
10001,0,20022238321,20022238287,0,0,33
10002,0,20024240202,20024240159,0,0,43
10003,0,20026241928,20026241914,0,0,14
10004,0,20028243534,20028243516,0,0,17
10005,0,20030247040,20030247028,0,0,12
10006,0,20032249104,20032249051,0,0,53
10007,0,20034251021,20034250997,0,0,24
10008,0,20036253278,20036253311,0,0,-32
10009,0,20038254681,20038254723,0,0,-41
10010,0,20040258429,20040258372,0,0,57
10011,0,20042260846,20042260834,0,0,11
10012,0,20044261092,20044261062,0,0,29
10013,0,20046263590,20046263560,0,0,29
10014,0,20048266677,20048266729,0,0,-51
10015,0,20050269179,20050269212,0,0,-33
10016,0,20052271079,20052271065,0,0,14
10017,0,20054272704,20054272677,0,0,26
10018,0,20056275674,20056275645,0,0,29
10019,0,20058278054,20058278035,0,0,18
10020,0,20060280046,20060280014,0,0,31
10021,0,20062282066,20062282035,0,0,30
10022,0,20064284202,20064284163,0,0,39
10023,0,20066286593,20066286544,0,0,49
10024,0,20068287876,20068287923,0,0,-47
10025,0,20070290982,20070291026,0,0,-44
10026,0,20072292599,20072292585,0,0,13
10027,0,20074296224,20074296249,0,0,-24
10028,0,20076296900,20076296923,0,0,-22
10029,0,20078299907,20078299865,0,0,42
10030,0,20080303031,20080303044,0,0,-12
10031,0,20082305491,20082305503,0,0,-12
10032,0,20084307747,20084307768,0,0,-21
10033,0,20086308928,20086308952,0,0,-24
10034,0,20088311350,20088311341,0,0,8
10035,0,20090313746,20090313686,0,0,59
10036,0,20092315229,20092315198,0,0,30
10037,0,20094317192,20094317155,0,0,37
10038,0,20096320184,20096320138,0,0,45
10039,0,20098322121,20098322083,0,0,37
10040,0,20100323530,20100323559,0,0,-28
10041,0,20102326611,20102326575,0,0,35
10042,0,20104328031,20104327993,0,0,38
10043,0,20106330907,20106330865,0,0,42
10044,0,20108332661,20108332644,0,0,16
10045,0,20110335745,20110335765,0,0,-20
10046,0,20112337955,20112337916,0,0,38
10047,0,20114340304,20114340327,0,0,-22
10048,0,20116342150,20116342125,0,0,25
10049,0,20118343704,20118343673,0,0,31
10050,0,20120347111,20120347063,0,0,47
10051,0,20122349291,20122349317,0,0,-26
10052,0,20124351357,20124351328,0,0,29
10053,0,20126353633,20126353602,0,0,31
10054,0,20128356382,20128356338,0,0,44
10055,0,20130357904,20130357860,0,0,44
10056,0,20132360414,20132360400,0,0,13
10057,0,20134362424,20134362386,0,0,38
10058,0,20136364583,20136364622,0,0,-39
10059,0,20138367150,20138367103,0,0,47
10060,0,20140369236,20140369215,0,0,21
10061,0,20142371283,20142371255,0,0,28
10062,0,20144373955,20144373918,0,0,37
10063,0,20146375913,20146375887,0,0,25
10064,0,20148378298,20148378276,0,0,21
10065,0,20150380069,20150380037,0,0,31
10066,0,20152381175,20152381102,0,0,72
10067,0,20154383444,20154383395,0,0,49
10068,0,20156385818,20156385764,0,0,53
10069,0,20158388687,20158388647,0,0,39
10070,0,20160390138,20160390111,0,0,26
10071,0,20162393035,20162392975,0,0,59
10072,0,20164396435,20164396449,0,0,-14
10073,0,20166397963,20166397953,0,0,9
10074,0,20168400393,20168400382,0,0,11
10075,0,20170402415,20170402428,0,0,-13
10076,0,20172406066,20172406089,0,0,-22
10077,0,20174407076,20174407099,0,0,-22
10078,0,20176409232,20176409227,0,0,4
10079,0,20178411442,20178411398,0,0,44
10080,0,20180415242,20180415251,0,0,-9
10081,0,20182416125,20182416138,0,0,-12
10082,0,20184417894,20184417855,0,0,39
10083,0,20186419137,20186419100,0,0,37
10084,0,20188422283,20188422295,0,0,-12
10085,0,20190424166,20190424205,0,0,-39
10086,0,20192426934,20192426876,0,0,57
10087,0,20194428917,20194428896,0,0,21
10088,0,20196430077,20196430008,0,0,69
10089,0,20198432507,20198432469,0,0,37
10090,0,20200435984,20200435938,0,0,46
10091,0,20202438321,20202438283,0,0,38
10092,0,20204441439,20204441486,0,0,-47
10093,0,20206442330,20206442325,0,0,4
10094,0,20208443633,20208443586,0,0,47
10095,0,20210446687,20210446663,0,0,23
10096,0,20212449194,20212449173,0,0,20
10097,0,20214451406,20214451364,0,0,42
10098,0,20216454022,20216453986,0,0,35
10099,0,20218456358,20218456348,0,0,10
10100,0,20220457830,20220457796,0,0,33
10101,0,20222459482,20222459516,0,0,-34
10102,0,20224462760,20224462725,0,0,35
10103,0,20226464288,20226464251,0,0,37
10104,0,20228465928,20228465893,0,0,34
10105,0,20230468146,20230468107,0,0,38
10106,0,20232472187,20232472168,0,0,18
10107,0,20234473744,20234473740,0,0,4
10108,0,20236476776,20236476750,0,0,25
10109,0,20238477340,20238477366,0,0,-25
10110,0,20240480648,20240480639,0,0,8
10111,0,20242482437,20242482474,0,0,-37
10112,0,20244484840,20244484865,0,0,-24
10113,0,20246486875,20246486830,0,0,44
10114,0,20248488577,20248488569,0,0,8
10115,0,20250491145,20250491118,0,0,26
10116,0,20252492813,20252492780,0,0,33
10117,0,20254495682,20254495658,0,0,24
10118,0,20256497401,20256497373,0,0,27
10119,0,20258500094,20258500059,0,0,34
10120,0,20260501254,20260501205,0,0,49
10121,0,20262503672,20262503647,0,0,25
10122,0,20264506137,20264506103,0,0,33
10123,0,20266509002,20266508976,0,0,25
10124,0,20268511490,20268511475,0,0,15
10125,0,20270513656,20270513635,0,0,20
10126,0,20272515987,20272515952,0,0,35
10127,0,20274518957,20274519002,0,0,-44
10128,0,20276520130,20276520166,0,0,-35
10129,0,20278521325,20278521292,0,0,33
10130,0,20280525187,20280525168,0,0,19
10131,0,20282526925,20282526894,0,0,31
10132,0,20284529274,20284529262,0,0,11
10133,0,20286530447,20286530421,0,0,25
10134,0,20288534049,20288534035,0,0,14
10135,0,20290537283,20290537249,0,0,34
10136,0,20292539425,20292539402,0,0,23
10137,0,20294540116,20294540083,0,0,33
10138,0,20296541551,20296541492,0,0,58
10139,0,20298544673,20298544658,0,0,15
10140,0,20300547979,20300547962,0,0,17
10141,0,20302549282,20302549329,0,0,-47
10142,0,20304551588,20304551605,0,0,-16
10143,0,20306553716,20306553749,0,0,-33
10144,0,20308556220,20308556242,0,0,-22
10145,0,20310558164,20310558215,0,0,-51
10146,0,20312560460,20312560494,0,0,-34
10147,0,20314562437,20314562423,0,0,13
10148,0,20316563808,20316563819,0,0,-10
10149,0,20318567168,20318567124,0,0,43
10150,0,20320569302,20320569287,0,0,15
10151,0,20322571676,20322571692,0,0,-15
10152,0,20324573811,20324573715,0,0,95
10153,0,20326576040,20326575980,0,0,59
10154,0,20328577387,20328577305,0,0,82
10155,0,20330580254,20330580205,0,0,49
10156,0,20332582694,20332582636,0,0,57
10157,0,20334584880,20334584851,0,0,29
10158,0,20336587168,20336587112,0,0,55
10159,0,20338589710,20338589664,0,0,46
10160,0,20340591698,20340591684,0,0,14
10161,0,20342593584,20342593653,0,0,-68
10162,0,20344594743,20344594734,0,0,8
10163,0,20346597145,20346597114,0,0,31
10164,0,20348600230,20348600205,0,0,24
10165,0,20350601704,20350601696,0,0,7
10166,0,20352604749,20352604735,0,0,13
10167,0,20354606197,20354606171,0,0,25
10168,0,20356609368,20356609346,0,0,21
10169,0,20358611901,20358611888,0,0,13
10170,0,20360613732,20360613685,0,0,46
10171,0,20362615784,20362615756,0,0,27
10172,0,20364618160,20364618123,0,0,36
10173,0,20366620238,20366620187,0,0,51
10174,0,20368621466,20368621407,0,0,58
10175,0,20370623697,20370623723,0,0,-26
10176,0,20372626853,20372626785,0,0,68
10177,0,20374628250,20374628203,0,0,47
10178,0,20376631110,20376631053,0,0,57
10179,0,20378633914,20378633877,0,0,37
10180,0,20380637921,20380637957,0,0,-35
10181,0,20382637861,20382637896,0,0,-35
10182,0,20384639390,20384639352,0,0,37
10183,0,20386641689,20386641652,0,0,37
10184,0,20388644644,20388644629,0,0,15
10185,0,20390646444,20390646412,0,0,32
10186,0,20392649558,20392649497,0,0,60
10187,0,20394651656,20394651620,0,0,36
10188,0,20396654874,20396654831,0,0,43
10189,0,20398656465,20398656427,0,0,37
10190,0,20400659045,20400658988,0,0,57
10191,0,20402661404,20402661343,0,0,60
10192,0,20404663524,20404663494,0,0,29
10193,0,20406663869,20406663833,0,0,35
10194,0,20408666575,20408666532,0,0,43
10195,0,20410669158,20410669100,0,0,58
10196,0,20412670422,20412670447,0,0,-24
10197,0,20414672954,20414672962,0,0,-8
10198,0,20416676168,20416676202,0,0,-33
10199,0,20418678300,20418678314,0,0,-13
10200,0,20420680667,20420680673,0,0,-5
10201,0,20422682707,20422682653,0,0,53
10202,0,20424683941,20424683864,0,0,77
10203,0,20426687055,20426687010,0,0,44
10204,0,20428689749,20428689707,0,0,41
10205,0,20430691552,20430691499,0,0,52
10206,0,20432693112,20432693040,0,0,71
10207,0,20434696193,20434696186,0,0,6
10208,0,20436697838,20436697871,0,0,-33
10209,0,20438699626,20438699579,0,0,47
10210,0,20440702681,20440702638,0,0,43
10211,0,20442704200,20442704200,0,0,0
10212,0,20444707301,20444707243,0,0,57
10213,0,20446709554,20446709517,0,0,36
10214,0,20448711690,20448711647,0,0,43
10215,0,20450713473,20450713434,0,0,38
10216,0,20452714635,20452714578,0,0,57
10217,0,20454717358,20454717342,0,0,15
10218,0,20456720647,20456720630,0,0,17
10219,0,20458722593,20458722548,0,0,44
10220,0,20460725596,20460725576,0,0,20
10221,0,20462727278,20462727222,0,0,56
10222,0,20464729506,20464729452,0,0,53
10223,0,20466732060,20466732016,0,0,43
10224,0,20468733792,20468733748,0,0,43
10225,0,20470735185,20470735170,0,0,15
10226,0,20472738421,20472738381,0,0,40
10227,0,20474740705,20474740656,0,0,49
10228,0,20476742751,20476742784,0,0,-32
10229,0,20478744855,20478744831,0,0,23
10230,0,20480747591,20480747515,0,0,75
10231,0,20482749256,20482749222,0,0,33
10232,0,20484750635,20484750595,0,0,39
10233,0,20486753099,20486753129,0,0,-29
10234,0,20488756108,20488756071,0,0,37
10235,0,20490758600,20490758586,0,0,13
10236,0,20492761251,20492761206,0,0,44
10237,0,20494761864,20494761831,0,0,33
10238,0,20496765232,20496765257,0,0,-24
10239,0,20498767490,20498767507,0,0,-17
10240,0,20500769170,20500769204,0,0,-33
10241,0,20502771122,20502771105,0,0,17
10242,0,20504774000,20504773971,0,0,29
10243,0,20506776008,20506776045,0,0,-37
10244,0,20508778471,20508778514,0,0,-42
10245,0,20510780271,20510780311,0,0,-39
10246,0,20512781959,20512781930,0,0,29
10247,0,20514785513,20514785492,0,0,20
10248,0,20516787620,20516787579,0,0,40
10249,0,20518789560,20518789603,0,0,-42
10250,0,20520791750,20520791698,0,0,51
10251,0,20522793515,20522793493,0,0,22
10252,0,20524796162,20524796125,0,0,37
10253,0,20526798457,20526798443,0,0,13
10254,0,20528800728,20528800694,0,0,33
10255,0,20530803774,20530803737,0,0,36
10256,0,20532806039,20532806012,0,0,26
10257,0,20534807113,20534807152,0,0,-39
10258,0,20536808721,20536808684,0,0,37
10259,0,20538811791,20538811777,0,0,13
10260,0,20540814182,20540814144,0,0,37
10261,0,20542816280,20542816235,0,0,45
10262,0,20544818532,20544818500,0,0,31
10263,0,20546820537,20546820501,0,0,35
10264,0,20548823479,20548823438,0,0,40
10265,0,20550825217,20550825164,0,0,53
10266,0,20552827372,20552827306,0,0,65
10267,0,20554829591,20554829541,0,0,49
10268,0,20556831752,20556831719,0,0,32
10269,0,20558834444,20558834435,0,0,8
10270,0,20560836409,20560836394,0,0,15
10271,0,20562838310,20562838287,0,0,23
10272,0,20564840047,20564840029,0,0,17
10273,0,20566843028,20566843009,0,0,18
10274,0,20568845283,20568845274,0,0,8
10275,0,20570847599,20570847577,0,0,22
10276,0,20572849292,20572849285,0,0,6
10277,0,20574850614,20574850603,0,0,11
10278,0,20576852999,20576852968,0,0,31
10279,0,20578856236,20578856206,0,0,30
10280,0,20580859514,20580859477,0,0,37
10281,0,20582859521,20582859480,0,0,40
10282,0,20584862006,20584861967,0,0,38
10283,0,20586865487,20586865457,0,0,30
10284,0,20588867492,20588867487,0,0,4
10285,0,20590869756,20590869733,0,0,22
10286,0,20592871960,20592871918,0,0,42
10287,0,20594874642,20594874603,0,0,39
10288,0,20596876201,20596876159,0,0,42
10289,0,20598877503,20598877476,0,0,26
10290,0,20600881270,20600881224,0,0,46
10291,0,20602882837,20602882803,0,0,33
10292,0,20604884941,20604884964,0,0,-22
10293,0,20606886870,20606886843,0,0,26
10294,0,20608889393,20608889328,0,0,64
10295,0,20610891961,20610891987,0,0,-26
10296,0,20612895082,20612895047,0,0,35
10297,0,20614896352,20614896312,0,0,40
10298,0,20616897286,20616897242,0,0,44
10299,0,20618899796,20618899761,0,0,34
10300,0,20620902861,20620902829,0,0,31
10301,0,20622904902,20622904876,0,0,26
10302,0,20624906530,20624906477,0,0,53
10303,0,20626909860,20626909823,0,0,37
10304,0,20628911725,20628911686,0,0,39
10305,0,20630913021,20630912977,0,0,43
10306,0,20632915504,20632915451,0,0,53
10307,0,20634918299,20634918321,0,0,-21
10308,0,20636919862,20636919815,0,0,47
10309,0,20638922993,20638923013,0,0,-19
10310,0,20640925155,20640925112,0,0,43
10311,0,20642927024,20642927038,0,0,-13
10312,0,20644929703,20644929669,0,0,33
10313,0,20646931676,20646931698,0,0,-22
10314,0,20648933258,20648933188,0,0,69
10315,0,20650936188,20650936149,0,0,38
10316,0,20652937858,20652937833,0,0,24
10317,0,20654941553,20654941527,0,0,26
10318,0,20656942008,20656941984,0,0,23
10319,0,20658945205,20658945176,0,0,29
10320,0,20660947752,20660947710,0,0,42
10321,0,20662949757,20662949683,0,0,74
10322,0,20664951785,20664951747,0,0,38
10323,0,20666953216,20666953182,0,0,34
10324,0,20668955646,20668955677,0,0,-31
10325,0,20670958380,20670958413,0,0,-32
10326,0,20672960323,20672960280,0,0,42
10327,0,20674963123,20674963098,0,0,24
10328,0,20676965155,20676965107,0,0,47
10329,0,20678966314,20678966280,0,0,33
10330,0,20680970256,20680970208,0,0,47
10331,0,20682971458,20682971441,0,0,17
10332,0,20684973430,20684973413,0,0,17
10333,0,20686978089,20686978045,0,0,43
10334,0,20688979318,20688979270,0,0,47
10335,0,20690980714,20690980739,0,0,-24
10336,0,20692983137,20692983150,0,0,-13
10337,0,20694985235,20694985288,0,0,-53
10338,0,20696987806,20696987820,0,0,-13
10339,0,20698989583,20698989566,0,0,17
10340,0,20700990773,20700990798,0,0,-24
10341,0,20702993315,20702993342,0,0,-26
10342,0,20704996422,20704996380,0,0,42
10343,0,20706998640,20706998602,0,0,38
10344,0,20709001398,20709001362,0,0,35
10345,0,20711003323,20711003285,0,0,37
10346,0,20713005504,20713005471,0,0,33
10347,0,20715007521,20715007493,0,0,27
10348,0,20717010111,20717010064,0,0,47
10349,0,20719012969,20719012940,0,0,29
10350,0,20721014631,20721014564,0,0,67
10351,0,20723017203,20723017166,0,0,36
10352,0,20725019498,20725019460,0,0,37
10353,0,20727021469,20727021430,0,0,39
10354,0,20729023153,20729023123,0,0,29
10355,0,20731025277,20731025244,0,0,33
10356,0,20733027770,20733027727,0,0,43
10357,0,20735029575,20735029532,0,0,43
10358,0,20737030995,20737030936,0,0,58
10359,0,20739034164,20739034195,0,0,-31
10360,0,20741035945,20741035910,0,0,35
10361,0,20743037422,20743037460,0,0,-37
10362,0,20745039908,20745039928,0,0,-20
10363,0,20747043161,20747043141,0,0,20
10364,0,20749045355,20749045316,0,0,38
10365,0,20751048422,20751048385,0,0,37
10366,0,20753048714,20753048665,0,0,49
10367,0,20755051165,20755051180,0,0,-15
10368,0,20757054249,20757054275,0,0,-26
10369,0,20759056516,20759056541,0,0,-24
10370,0,20761058640,20761058677,0,0,-36
10371,0,20763060915,20763060940,0,0,-24
10372,0,20765063354,20765063325,0,0,28
10373,0,20767065472,20767065521,0,0,-48
10374,0,20769067995,20769068030,0,0,-34
10375,0,20771070233,20771070273,0,0,-39
10376,0,20773072110,20773072121,0,0,-11
10377,0,20775074076,20775074126,0,0,-49
10378,0,20777075722,20777075775,0,0,-52
10379,0,20779079030,20779079065,0,0,-34
10380,0,20781082348,20781082387,0,0,-39
10381,0,20783084588,20783084649,0,0,-60
10382,0,20785085310,20785085350,0,0,-40
10383,0,20787087802,20787087755,0,0,46
10384,0,20789090097,20789090060,0,0,37
10385,0,20791092032,20791092079,0,0,-47
10386,0,20793094252,20793094283,0,0,-31
10387,0,20795096429,20795096475,0,0,-46
10388,0,20797099088,20797099129,0,0,-40
10389,0,20799100760,20799100736,0,0,24
10390,0,20801102507,20801102498,0,0,8
10391,0,20803105930,20803105906,0,0,23
10392,0,20805107768,20805107804,0,0,-35
10393,0,20807110062,20807110101,0,0,-38
10394,0,20809112119,20809112089,0,0,29
10395,0,20811114384,20811114373,0,0,10
10396,0,20813116469,20813116437,0,0,31
10397,0,20815119034,20815119062,0,0,-27
10398,0,20817121256,20817121170,0,0,85
10399,0,20819123127,20819123139,0,0,-12
10400,0,20821125053,20821125065,0,0,-12
10401,0,20823126596,20823126607,0,0,-11
10402,0,20825128819,20825128792,0,0,26
10403,0,20827131146,20827131099,0,0,46
10404,0,20829134444,20829134444,0,0,0
10405,0,20831136514,20831136495,0,0,18
10406,0,20833137970,20833137925,0,0,44
10407,0,20835141340,20835141303,0,0,37
10408,0,20837143027,20837142965,0,0,62
10409,0,20839144358,20839144324,0,0,33
10410,0,20841146879,20841146823,0,0,56
10411,0,20843150093,20843150059,0,0,33
10412,0,20845152042,20845152069,0,0,-26
10413,0,20847155278,20847155262,0,0,15
10414,0,20849156716,20849156649,0,0,66
10415,0,20851160146,20851160101,0,0,44
10416,0,20853162233,20853162226,0,0,6
10417,0,20855163013,20855163048,0,0,-34
10418,0,20857164359,20857164395,0,0,-35
10419,0,20859166645,20859166649,0,0,-3
10420,0,20861170372,20861170350,0,0,22
10421,0,20863172247,20863172254,0,0,-7
10422,0,20865174681,20865174646,0,0,35
10423,0,20867177090,20867177076,0,0,14
10424,0,20869178518,20869178487,0,0,31
10425,0,20871179897,20871179853,0,0,43
10426,0,20873182697,20873182710,0,0,-13
10427,0,20875185175,20875185198,0,0,-22
10428,0,20877187268,20877187213,0,0,54
10429,0,20879190961,20879190932,0,0,29
10430,0,20881193939,20881193901,0,0,37
10431,0,20883194617,20883194585,0,0,32
10432,0,20885197266,20885197229,0,0,36
10433,0,20887199216,20887199167,0,0,49
10434,0,20889201661,20889201609,0,0,51
10435,0,20891203532,20891203475,0,0,57
10436,0,20893205644,20893205596,0,0,47
10437,0,20895208065,20895208096,0,0,-31
10438,0,20897210208,20897210198,0,0,10
10439,0,20899212332,20899212349,0,0,-16
10440,0,20901214334,20901214351,0,0,-16
10441,0,20903215547,20903215579,0,0,-32
10442,0,20905218132,20905218147,0,0,-14
10443,0,20907221339,20907221309,0,0,29
10444,0,20909223494,20909223460,0,0,33
10445,0,20911225591,20911225560,0,0,31
10446,0,20913228715,20913228680,0,0,35
10447,0,20915231521,20915231478,0,0,43
10448,0,20917233485,20917233514,0,0,-29
10449,0,20919235235,20919235192,0,0,43
10450,0,20921236821,20921236778,0,0,42
10451,0,20923238701,20923238638,0,0,62
10452,0,20925240122,20925240090,0,0,31
10453,0,20927242206,20927242184,0,0,22
10454,0,20929244505,20929244451,0,0,54
10455,0,20931248484,20931248449,0,0,35
10456,0,20933250203,20933250184,0,0,19
10457,0,20935252858,20935252840,0,0,18
10458,0,20937255336,20937255298,0,0,38
10459,0,20939256302,20939256260,0,0,42
10460,0,20941258523,20941258476,0,0,47
10461,0,20943261193,20943261186,0,0,6
10462,0,20945264343,20945264307,0,0,35
10463,0,20947264701,20947264674,0,0,26
10464,0,20949267689,20949267662,0,0,27
10465,0,20951269600,20951269595,0,0,4
10466,0,20953272885,20953272869,0,0,15
10467,0,20955274885,20955274844,0,0,40
10468,0,20957276743,20957276702,0,0,41
10469,0,20959278885,20959278901,0,0,-15
10470,0,20961281651,20961281661,0,0,-9
10471,0,20963283431,20963283459,0,0,-27
10472,0,20965285431,20965285387,0,0,43
10473,0,20967287121,20967287093,0,0,28
10474,0,20969290109,20969290076,0,0,32
10475,0,20971292197,20971292183,0,0,14
10476,0,20973294625,20973294591,0,0,33
10477,0,20975296679,20975296716,0,0,-36
10478,0,20977300434,20977300377,0,0,57
10479,0,20979301492,20979301469,0,0,23
10480,0,20981304874,20981304835,0,0,38
10481,0,20983305930,20983305906,0,0,24
10482,0,20985308171,20985308144,0,0,26
10483,0,20987310364,20987310323,0,0,40
10484,0,20989312914,20989312877,0,0,37
10485,0,20991314811,20991314784,0,0,27
10486,0,20993316496,20993316444,0,0,51
10487,0,20995317975,20995317928,0,0,47
10488,0,20997321166,20997321172,0,0,-6
10489,0,20999323191,20999323145,0,0,45
10490,0,21001324654,21001324637,0,0,17
10491,0,21003326955,21003326977,0,0,-21
10492,0,21005330236,21005330183,0,0,53
10493,0,21007332471,21007332425,0,0,45
10494,0,21009335953,21009335885,0,0,67
10495,0,21011336879,21011336844,0,0,34
10496,0,21013339083,21013339017,0,0,66
10497,0,21015341767,21015341741,0,0,25
10498,0,21017343730,21017343761,0,0,-31
10499,0,21019345532,21019345566,0,0,-34
10500,0,21021347287,21021347301,0,0,-13
10501,0,21023350198,21023350153,0,0,44
10502,0,21025352475,21025352465,0,0,9
10503,0,21027354642,21027354656,0,0,-13
10504,0,21029357096,21029357114,0,0,-18
10505,0,21031358952,21031358982,0,0,-29
10506,0,21033360918,21033360865,0,0,53
10507,0,21035363357,21035363303,0,0,53
10508,0,21037365459,21037365434,0,0,24
10509,0,21039367981,21039367955,0,0,26
10510,0,21041371279,21041371219,0,0,60
10511,0,21043373156,21043373125,0,0,30
10512,0,21045374717,21045374732,0,0,-14
10513,0,21047376775,21047376760,0,0,14
10514,0,21049379047,21049379025,0,0,22
10515,0,21051381452,21051381444,0,0,7
10516,0,21053383126,21053383109,0,0,17
10517,0,21055384682,21055384667,0,0,14
10518,0,21057387446,21057387457,0,0,-11
10519,0,21059390377,21059390412,0,0,-34
10520,0,21061392324,21061392310,0,0,13
10521,0,21063393800,21063393782,0,0,17
10522,0,21065397122,21065397073,0,0,49
10523,0,21067399074,21067399043,0,0,30
10524,0,21069401385,21069401348,0,0,37
10525,0,21071403407,21071403382,0,0,25
10526,0,21073405736,21073405773,0,0,-36
10527,0,21075407920,21075407943,0,0,-22
10528,0,21077410032,21077409994,0,0,38
10529,0,21079411523,21079411564,0,0,-41
10530,0,21081416042,21081416085,0,0,-43
10531,0,21083416787,21083416840,0,0,-52
10532,0,21085417787,21085417800,0,0,-12
10533,0,21087420633,21087420662,0,0,-29
10534,0,21089423613,21089423638,0,0,-24
10535,0,21091425894,21091425851,0,0,43
10536,0,21093428072,21093428031,0,0,40
10537,0,21095430606,21095430564,0,0,42
10538,0,21097432871,21097432829,0,0,42
10539,0,21099434661,21099434621,0,0,40
10540,0,21101437017,21101436974,0,0,43
10541,0,21103439508,21103439494,0,0,13
10542,0,21105442732,21105442706,0,0,26
10543,0,21107443774,21107443716,0,0,57
10544,0,21109445884,21109445842,0,0,41
10545,0,21111447834,21111447802,0,0,32
10546,0,21113449377,21113449356,0,0,21
10547,0,21115452341,21115452287,0,0,54
10548,0,21117453637,21117453604,0,0,33
10549,0,21119456878,21119456841,0,0,37
10550,0,21121458104,21121458094,0,0,10
10551,0,21123461355,21123461380,0,0,-24
10552,0,21125463597,21125463612,0,0,-14
10553,0,21127465784,21127465748,0,0,35
10554,0,21129468291,21129468235,0,0,56
10555,0,21131470240,21131470206,0,0,33
10556,0,21133473058,21133473027,0,0,31
10557,0,21135474376,21135474362,0,0,13
10558,0,21137477070,21137477062,0,0,8
10559,0,21139479373,21139479316,0,0,57
10560,0,21141481482,21141481453,0,0,29
10561,0,21143483947,21143483919,0,0,27
10562,0,21145485882,21145485851,0,0,31
10563,0,21147488610,21147488562,0,0,47
10564,0,21149490355,21149490296,0,0,58
10565,0,21151492693,21151492664,0,0,29
10566,0,21153494739,21153494673,0,0,65
10567,0,21155497326,21155497283,0,0,42
10568,0,21157499277,21157499255,0,0,22
10569,0,21159501508,21159501483,0,0,25
10570,0,21161503501,21161503440,0,0,61
10571,0,21163505026,21163504988,0,0,38
10572,0,21165508873,21165508938,0,0,-65
10573,0,21167510435,21167510488,0,0,-52
10574,0,21169512656,21169512617,0,0,38
10575,0,21171516061,21171516030,0,0,31
10576,0,21173518088,21173518061,0,0,26
10577,0,21175519374,21175519348,0,0,25
10578,0,21177521596,21177521550,0,0,45
10579,0,21179523483,21179523439,0,0,43
10580,0,21181526523,21181526551,0,0,-28
10581,0,21183527853,21183527870,0,0,-17
10582,0,21185529983,21185530008,0,0,-24
10583,0,21187532657,21187532671,0,0,-14
10584,0,21189534964,21189535000,0,0,-36
10585,0,21191537437,21191537406,0,0,31
10586,0,21193539083,21193539048,0,0,34
10587,0,21195540452,21195540406,0,0,45
10588,0,21197543411,21197543359,0,0,51
10589,0,21199545013,21199544972,0,0,40
10590,0,21201549215,21201549166,0,0,49
10591,0,21203549379,21203549387,0,0,-7
10592,0,21205552377,21205552395,0,0,-17
10593,0,21207554020,21207553969,0,0,50
10594,0,21209557788,21209557750,0,0,37
10595,0,21211559420,21211559378,0,0,41
10596,0,21213561985,21213561939,0,0,45
10597,0,21215563474,21215563492,0,0,-17
10598,0,21217565008,21217565017,0,0,-8
10599,0,21219568316,21219568273,0,0,43
10600,0,21221570049,21221570070,0,0,-20
10601,0,21223571573,21223571608,0,0,-35
10602,0,21225575224,21225575251,0,0,-27
10603,0,21227577285,21227577270,0,0,15
10604,0,21229579132,21229579170,0,0,-37
10605,0,21231580440,21231580465,0,0,-25
10606,0,21233583844,21233583780,0,0,64
10607,0,21235586622,21235586599,0,0,23
10608,0,21237588615,21237588588,0,0,26
10609,0,21239590088,21239590058,0,0,29
10610,0,21241591952,21241591914,0,0,38
10611,0,21243594973,21243594946,0,0,26
10612,0,21245595887,21245595838,0,0,49
10613,0,21247598187,21247598152,0,0,34
10614,0,21249600526,21249600487,0,0,39
10615,0,21251604605,21251604621,0,0,-15
10616,0,21253606177,21253606220,0,0,-42
10617,0,21255608236,21255608260,0,0,-23
10618,0,21257610442,21257610435,0,0,6
10619,0,21259612696,21259612709,0,0,-12
10620,0,21261615056,21261615068,0,0,-12
10621,0,21263616802,21263616835,0,0,-33
10622,0,21265618456,21265618447,0,0,8
10623,0,21267622543,21267622489,0,0,53
10624,0,21269623665,21269623617,0,0,47
10625,0,21271625733,21271625689,0,0,43
10626,0,21273629329,21273629282,0,0,47
10627,0,21275630410,21275630362,0,0,47
10628,0,21277632503,21277632474,0,0,29
10629,0,21279633952,21279633912,0,0,39
10630,0,21281638803,21281638779,0,0,24
10631,0,21283639997,21283639982,0,0,15
10632,0,21285641721,21285641677,0,0,44
10633,0,21287644011,21287643979,0,0,31
10634,0,21289646725,21289646717,0,0,8
10635,0,21291648198,21291648189,0,0,8
10636,0,21293650707,21293650698,0,0,8
10637,0,21295652721,21295652659,0,0,61
10638,0,21297655494,21297655433,0,0,60
10639,0,21299658173,21299658185,0,0,-12
10640,0,21301660132,21301660146,0,0,-14
10641,0,21303661613,21303661578,0,0,34
10642,0,21305663789,21305663730,0,0,58
10643,0,21307665692,21307665647,0,0,44
10644,0,21309668000,21309667992,0,0,8
10645,0,21311670862,21311670848,0,0,13
10646,0,21313672773,21313672749,0,0,24
10647,0,21315675629,21315675604,0,0,25
10648,0,21317677011,21317676973,0,0,37
10649,0,21319678583,21319678552,0,0,30
10650,0,21321682164,21321682114,0,0,49
10651,0,21323683474,21323683465,0,0,8
10652,0,21325685631,21325685603,0,0,27
10653,0,21327688438,21327688461,0,0,-23
10654,0,21329690404,21329690440,0,0,-35
10655,0,21331693495,21331693534,0,0,-38
10656,0,21333693835,21333693809,0,0,25
10657,0,21335696132,21335696125,0,0,6
10658,0,21337699566,21337699530,0,0,35
10659,0,21339701534,21339701522,0,0,12
10660,0,21341703775,21341703752,0,0,23
10661,0,21343705066,21343705111,0,0,-44
10662,0,21345708264,21345708265,0,0,0
10663,0,21347710505,21347710451,0,0,53
10664,0,21349712291,21349712237,0,0,53
10665,0,21351713722,21351713685,0,0,37
10666,0,21353716324,21353716280,0,0,43
10667,0,21355719444,21355719438,0,0,6
10668,0,21357720850,21357720806,0,0,44
10669,0,21359723871,21359723836,0,0,35
10670,0,21361726198,21361726211,0,0,-12
10671,0,21363730005,21363730019,0,0,-13
10672,0,21365730600,21365730563,0,0,37
10673,0,21367733249,21367733283,0,0,-34
10674,0,21369735707,21369735642,0,0,65
10675,0,21371737319,21371737265,0,0,53
10676,0,21373739527,21373739484,0,0,42
10677,0,21375741467,21375741439,0,0,27
10678,0,21377743115,21377743055,0,0,60
10679,0,21379746044,21379746012,0,0,31
10680,0,21381749973,21381749957,0,0,15
10681,0,21383750588,21383750550,0,0,37
10682,0,21385753047,21385752986,0,0,61
10683,0,21387755207,21387755162,0,0,44
10684,0,21389757415,21389757386,0,0,29
10685,0,21391759479,21391759446,0,0,33
10686,0,21393762004,21393761949,0,0,55
10687,0,21395763924,21395763952,0,0,-28
10688,0,21397766026,21397766053,0,0,-26
10689,0,21399767919,21399767867,0,0,51
10690,0,21401771044,21401770989,0,0,54
10691,0,21403772634,21403772591,0,0,43
10692,0,21405774186,21405774142,0,0,44
10693,0,21407777235,21407777201,0,0,33
10694,0,21409779616,21409779568,0,0,47
10695,0,21411781677,21411781642,0,0,34
10696,0,21413783379,21413783370,0,0,8
10697,0,21415785065,21415785027,0,0,38
10698,0,21417787401,21417787341,0,0,59
10699,0,21419790277,21419790253,0,0,23
10700,0,21421791970,21421791956,0,0,13
10701,0,21423794075,21423794030,0,0,44
10702,0,21425797871,21425797880,0,0,-8
10703,0,21427800599,21427800630,0,0,-31
10704,0,21429801735,21429801773,0,0,-37
10705,0,21431803694,21431803734,0,0,-39
10706,0,21433805768,21433805718,0,0,50
10707,0,21435808083,21435808122,0,0,-39
10708,0,21437809708,21437809738,0,0,-29
10709,0,21439813032,21439813060,0,0,-27
10710,0,21441815235,21441815250,0,0,-14
10711,0,21443817899,21443817882,0,0,17
10712,0,21445819493,21445819447,0,0,45
10713,0,21447820816,21447820782,0,0,33
10714,0,21449824124,21449824065,0,0,59
10715,0,21451826519,21451826488,0,0,30
10716,0,21453828934,21453828957,0,0,-22
10717,0,21455830825,21455830862,0,0,-36
10718,0,21457833693,21457833617,0,0,75
10719,0,21459836489,21459836440,0,0,49
10720,0,21461837620,21461837586,0,0,33
10721,0,21463839998,21463839964,0,0,34
10722,0,21465842323,21465842292,0,0,31
10723,0,21467843871,21467843850,0,0,20
10724,0,21469846631,21469846648,0,0,-17
10725,0,21471848458,21471848435,0,0,23
10726,0,21473851173,21473851137,0,0,35
10727,0,21475852988,21475852968,0,0,20
10728,0,21477855426,21477855361,0,0,65
10729,0,21479857447,21479857474,0,0,-26
10730,0,21481860552,21481860567,0,0,-14
10731,0,21483861183,21483861159,0,0,23
10732,0,21485864712,21485864654,0,0,57
10733,0,21487866507,21487866467,0,0,39
10734,0,21489868572,21489868514,0,0,57
10735,0,21491871355,21491871329,0,0,25
10736,0,21493873555,21493873505,0,0,50
10737,0,21495875211,21495875200,0,0,10
10738,0,21497877433,21497877411,0,0,22
10739,0,21499879527,21499879498,0,0,29
10740,0,21501880633,21501880605,0,0,27
10741,0,21503882793,21503882840,0,0,-46
10742,0,21505885539,21505885528,0,0,11
10743,0,21507888707,21507888663,0,0,43
10744,0,21509890796,21509890750,0,0,45
10745,0,21511892975,21511892961,0,0,13
10746,0,21513895486,21513895442,0,0,43
10747,0,21515897202,21515897167,0,0,35
10748,0,21517898955,21517898904,0,0,50
10749,0,21519901840,21519901901,0,0,-60
10750,0,21521904935,21521904881,0,0,53
10751,0,21523906318,21523906349,0,0,-31
10752,0,21525908815,21525908836,0,0,-20
10753,0,21527911459,21527911430,0,0,29
10754,0,21529913013,21529913004,0,0,8
10755,0,21531915050,21531915116,0,0,-65
10756,0,21533916703,21533916666,0,0,37
10757,0,21535919723,21535919696,0,0,26
10758,0,21537922110,21537922079,0,0,31
10759,0,21539924065,21539924030,0,0,35
10760,0,21541926246,21541926237,0,0,8
10761,0,21543927661,21543927622,0,0,39
10762,0,21545930764,21545930783,0,0,-18
10763,0,21547932721,21547932770,0,0,-48
10764,0,21549934478,21549934519,0,0,-40
10765,0,21551937413,21551937398,0,0,14
10766,0,21553939265,21553939218,0,0,46
10767,0,21555941857,21555941850,0,0,6
10768,0,21557945677,21557945662,0,0,14
10769,0,21559946717,21559946746,0,0,-29
10770,0,21561949110,21561949147,0,0,-36
10771,0,21563950905,21563950899,0,0,5
10772,0,21565952966,21565952949,0,0,17
10773,0,21567954534,21567954523,0,0,11
10774,0,21569957818,21569957788,0,0,30
10775,0,21571960624,21571960589,0,0,35
10776,0,21573963033,21573963019,0,0,13
10777,0,21575964190,21575964170,0,0,19
10778,0,21577967150,21577967119,0,0,30
10779,0,21579968322,21579968298,0,0,23
10780,0,21581971485,21581971444,0,0,40
10781,0,21583973187,21583973153,0,0,33
10782,0,21585975575,21585975566,0,0,8
10783,0,21587977421,21587977388,0,0,33
10784,0,21589979292,21589979343,0,0,-50
10785,0,21591980789,21591980774,0,0,15
10786,0,21593983222,21593983209,0,0,13
10787,0,21595986516,21595986478,0,0,37
10788,0,21597987848,21597987804,0,0,43
10789,0,21599990780,21599990741,0,0,39
10790,0,21601992757,21601992719,0,0,38
10791,0,21603995373,21603995337,0,0,35
10792,0,21605997894,21605997885,0,0,8
10793,0,21607999920,21607999867,0,0,53
10794,0,21610002526,21610002466,0,0,60
10795,0,21612004204,21612004170,0,0,33
10796,0,21614006851,21614006814,0,0,37
10797,0,21616009004,21616008970,0,0,33
10798,0,21618011077,21618011044,0,0,32
10799,0,21620013761,21620013711,0,0,50
10800,0,21622017167,21622017142,0,0,24
10801,0,21624018984,21624018975,0,0,8
10802,0,21626020249,21626020211,0,0,37
10803,0,21628022110,21628022076,0,0,33
10804,0,21630024628,21630024608,0,0,20
10805,0,21632026434,21632026385,0,0,49
10806,0,21634028860,21634028805,0,0,54
10807,0,21636030937,21636030894,0,0,42
10808,0,21638033769,21638033746,0,0,23
10809,0,21640035654,21640035691,0,0,-36
10810,0,21642037988,21642037970,0,0,18
10811,0,21644040076,21644040029,0,0,47
10812,0,21646042453,21646042385,0,0,67
10813,0,21648044623,21648044587,0,0,35
10814,0,21650046815,21650046761,0,0,53
10815,0,21652049419,21652049361,0,0,57
10816,0,21654051887,21654051854,0,0,33
10817,0,21656053503,21656053444,0,0,58
10818,0,21658055808,21658055760,0,0,47
10819,0,21660057319,21660057332,0,0,-13
10820,0,21662058992,21662058939,0,0,52
10821,0,21664062009,21664062035,0,0,-25
10822,0,21666064249,21666064209,0,0,40
10823,0,21668066357,21668066296,0,0,61
10824,0,21670067462,21670067424,0,0,37
10825,0,21672069668,21672069627,0,0,40
10826,0,21674072115,21674072025,0,0,89
10827,0,21676074665,21676074616,0,0,48
10828,0,21678077338,21678077330,0,0,7
10829,0,21680079104,21680079118,0,0,-13
10830,0,21682083756,21682083744,0,0,11
10831,0,21684085488,21684085513,0,0,-24
10832,0,21686088830,21686088776,0,0,53
10833,0,21688089097,21688089084,0,0,13
10834,0,21690091109,21690091056,0,0,53
10835,0,21692093460,21692093401,0,0,59
10836,0,21694096083,21694096035,0,0,47
10837,0,21696097820,21696097790,0,0,30
10838,0,21698100498,21698100452,0,0,45
10839,0,21700102141,21700102116,0,0,24
10840,0,21702104141,21702104094,0,0,47
10841,0,21704105966,21704105932,0,0,33
10842,0,21706109248,21706109206,0,0,41
10843,0,21708110797,21708110768,0,0,28
10844,0,21710112078,21710112053,0,0,24
10845,0,21712114548,21712114565,0,0,-17
10846,0,21714117919,21714117927,0,0,-8
10847,0,21716119703,21716119730,0,0,-26
10848,0,21718122204,21718122215,0,0,-11
10849,0,21720124693,21720124706,0,0,-13
10850,0,21722126588,21722126552,0,0,35
10851,0,21724129040,21724129016,0,0,24
10852,0,21726131424,21726131399,0,0,25
10853,0,21728133345,21728133307,0,0,37
10854,0,21730135759,21730135701,0,0,58
10855,0,21732137820,21732137808,0,0,11
10856,0,21734140060,21734140015,0,0,45
10857,0,21736142551,21736142505,0,0,45
10858,0,21738144444,21738144406,0,0,37
10859,0,21740146476,21740146452,0,0,23
10860,0,21742148806,21742148779,0,0,26
10861,0,21744151404,21744151365,0,0,38
10862,0,21746154085,21746154051,0,0,33
10863,0,21748155865,21748155908,0,0,-42
10864,0,21750158630,21750158591,0,0,38
10865,0,21752159259,21752159251,0,0,7
10866,0,21754162373,21754162309,0,0,63
10867,0,21756164400,21756164393,0,0,6
10868,0,21758166604,21758166593,0,0,10
10869,0,21760168828,21760168814,0,0,13
10870,0,21762171467,21762171473,0,0,-6
10871,0,21764173501,21764173482,0,0,19
10872,0,21766175208,21766175189,0,0,18
10873,0,21768176770,21768176746,0,0,23
10874,0,21770180010,21770179979,0,0,31
10875,0,21772182121,21772182106,0,0,15
10876,0,21774184376,21774184348,0,0,27
10877,0,21776186635,21776186685,0,0,-49
10878,0,21778189206,21778189237,0,0,-31
10879,0,21780191104,21780191080,0,0,23
10880,0,21782194895,21782194862,0,0,32
10881,0,21784195629,21784195622,0,0,7
10882,0,21786197890,21786197862,0,0,27
10883,0,21788200404,21788200431,0,0,-26
10884,0,21790201919,21790201933,0,0,-14
10885,0,21792203308,21792203267,0,0,41
10886,0,21794205703,21794205686,0,0,17
10887,0,21796208955,21796208929,0,0,25
10888,0,21798211279,21798211233,0,0,45
10889,0,21800213332,21800213305,0,0,26
10890,0,21802215326,21802215305,0,0,20
10891,0,21804217624,21804217610,0,0,14
10892,0,21806218980,21806219012,0,0,-31
10893,0,21808222715,21808222678,0,0,37
10894,0,21810224484,21810224458,0,0,25
10895,0,21812227604,21812227579,0,0,25
10896,0,21814230175,21814230137,0,0,38
10897,0,21816231404,21816231366,0,0,37
10898,0,21818233545,21818233494,0,0,51
10899,0,21820235735,21820235702,0,0,33
10900,0,21822238130,21822238075,0,0,55
10901,0,21824240005,21824239996,0,0,8
10902,0,21826242255,21826242222,0,0,32
10903,0,21828244544,21828244518,0,0,26
10904,0,21830246851,21830246843,0,0,8
10905,0,21832247880,21832247912,0,0,-31
10906,0,21834251330,21834251340,0,0,-9
10907,0,21836253228,21836253267,0,0,-39
10908,0,21838254399,21838254424,0,0,-25
10909,0,21840257004,21840256979,0,0,25
10910,0,21842260224,21842260171,0,0,52
10911,0,21844262075,21844262036,0,0,38
10912,0,21846264667,21846264647,0,0,20
10913,0,21848267062,21848267026,0,0,35
10914,0,21850269229,21850269198,0,0,31
10915,0,21852271717,21852271743,0,0,-26
10916,0,21854273594,21854273557,0,0,37
10917,0,21856275561,21856275537,0,0,23
10918,0,21858277085,21858277055,0,0,29
10919,0,21860279987,21860279975,0,0,11
10920,0,21862282737,21862282661,0,0,76
10921,0,21864284755,21864284721,0,0,33
10922,0,21866286873,21866286823,0,0,49
10923,0,21868288852,21868288820,0,0,31
10924,0,21870290595,21870290557,0,0,37
10925,0,21872293834,21872293791,0,0,43
10926,0,21874295725,21874295678,0,0,47
10927,0,21876299053,21876299007,0,0,45
10928,0,21878301900,21878301871,0,0,29
10929,0,21880301316,21880301257,0,0,59
10930,0,21882305236,21882305249,0,0,-13
10931,0,21884306419,21884306361,0,0,57
10932,0,21886308451,21886308467,0,0,-16
10933,0,21888311420,21888311434,0,0,-14
10934,0,21890313532,21890313546,0,0,-13
10935,0,21892316931,21892316941,0,0,-9
10936,0,21894319192,21894319200,0,0,-8
10937,0,21896320112,21896320065,0,0,46
10938,0,21898321844,21898321791,0,0,53
10939,0,21900324867,21900324824,0,0,42
10940,0,21902327091,21902327064,0,0,26
10941,0,21904329823,21904329789,0,0,33
10942,0,21906331355,21906331367,0,0,-11
10943,0,21908333795,21908333821,0,0,-25
10944,0,21910336489,21910336454,0,0,35
10945,0,21912339276,21912339229,0,0,47
10946,0,21914340424,21914340401,0,0,23
10947,0,21916342652,21916342623,0,0,29
10948,0,21918344555,21918344514,0,0,40
10949,0,21920346906,21920346864,0,0,42
10950,0,21922349047,21922348975,0,0,71
10951,0,21924351377,21924351328,0,0,49
10952,0,21926353920,21926353865,0,0,55
10953,0,21928356213,21928356166,0,0,47
10954,0,21930358288,21930358238,0,0,50
10955,0,21932359837,21932359795,0,0,42
10956,0,21934361388,21934361339,0,0,49
10957,0,21936364618,21936364576,0,0,42
10958,0,21938367013,21938367034,0,0,-21
10959,0,21940369102,21940369121,0,0,-19
10960,0,21942371746,21942371689,0,0,57
10961,0,21944374284,21944374225,0,0,58
10962,0,21946375450,21946375409,0,0,40
10963,0,21948378129,21948378082,0,0,47
10964,0,21950379916,21950379871,0,0,45
10965,0,21952381392,21952381348,0,0,44
10966,0,21954383774,21954383728,0,0,46
10967,0,21956387283,21956387255,0,0,27
10968,0,21958389279,21958389242,0,0,37
10969,0,21960391386,21960391340,0,0,45
10970,0,21962393424,21962393400,0,0,24
10971,0,21964395157,21964395103,0,0,53
10972,0,21966398040,21966398020,0,0,20
10973,0,21968400095,21968400051,0,0,43
10974,0,21970401215,21970401183,0,0,32
10975,0,21972403223,21972403192,0,0,31
10976,0,21974405696,21974405665,0,0,30
10977,0,21976409550,21976409498,0,0,51
10978,0,21978411447,21978411418,0,0,29
10979,0,21980413444,21980413417,0,0,27
10980,0,21982415817,21982415776,0,0,40
10981,0,21984417026,21984417011,0,0,15
10982,0,21986420555,21986420519,0,0,35
10983,0,21988422353,21988422334,0,0,19
10984,0,21990424687,21990424729,0,0,-41
10985,0,21992426710,21992426742,0,0,-31
10986,0,21994428037,21994428074,0,0,-36
10987,0,21996430548,21996430570,0,0,-21
10988,0,21998433840,21998433871,0,0,-31
10989,0,22000436179,22000436151,0,0,28
10990,0,22002438256,22002438233,0,0,23
10991,0,22004441271,22004441251,0,0,19
10992,0,22006443671,22006443667,0,0,4
10993,0,22008445875,22008445835,0,0,40
10994,0,22010447008,22010447026,0,0,-17
10995,0,22012449227,22012449252,0,0,-24
10996,0,22014451378,22014451404,0,0,-25
10997,0,22016453271,22016453234,0,0,37
10998,0,22018454990,22018454946,0,0,44
10999,0,22020458007,22020457978,0,0,29
11000,0,22022460542,22022460498,0,0,43
11001,0,22024462478,22024462462,0,0,15
11002,0,22026464663,22026464626,0,0,37
11003,0,22028466841,22028466813,0,0,28
11004,0,22030469928,22030469904,0,0,23
11005,0,22032471563,22032471519,0,0,44
11006,0,22034473470,22034473442,0,0,27
11007,0,22036474716,22036474760,0,0,-44
11008,0,22038477950,22038477996,0,0,-46
11009,0,22040481821,22040481854,0,0,-33
11010,0,22042483092,22042483065,0,0,27
11011,0,22044484817,22044484803,0,0,13
11012,0,22046487096,22046487035,0,0,61
11013,0,22048489166,22048489117,0,0,49
11014,0,22050490636,22050490651,0,0,-14
11015,0,22052493584,22052493600,0,0,-15
11016,0,22054496257,22054496197,0,0,60
11017,0,22056497846,22056497833,0,0,12
11018,0,22058499326,22058499312,0,0,14
11019,0,22060502538,22060502581,0,0,-42
11020,0,22062504921,22062504949,0,0,-27
11021,0,22064507492,22064507454,0,0,38
11022,0,22066509268,22066509261,0,0,6
11023,0,22068512083,22068512057,0,0,25
11024,0,22070513390,22070513361,0,0,28
11025,0,22072517233,22072517271,0,0,-37
11026,0,22074518681,22074518657,0,0,24
11027,0,22076520411,22076520382,0,0,28
11028,0,22078522182,22078522191,0,0,-8
11029,0,22080523897,22080523934,0,0,-36
11030,0,22082528695,22082528698,0,0,-3
11031,0,22084529380,22084529403,0,0,-22
11032,0,22086531687,22086531753,0,0,-65
11033,0,22088533568,22088533607,0,0,-38
11034,0,22090535052,22090535069,0,0,-16
11035,0,22092538149,22092538188,0,0,-39
11036,0,22094540161,22094540200,0,0,-38
11037,0,22096541611,22096541635,0,0,-24
11038,0,22098544750,22098544791,0,0,-41
11039,0,22100547217,22100547200,0,0,17
11040,0,22102549280,22102549248,0,0,32
11041,0,22104551827,22104551860,0,0,-33
11042,0,22106553727,22106553764,0,0,-36
11043,0,22108555866,22108555882,0,0,-15
11044,0,22110558301,22110558321,0,0,-19
11045,0,22112560900,22112560849,0,0,50
11046,0,22114563067,22114563023,0,0,44
11047,0,22116564790,22116564759,0,0,31
11048,0,22118566699,22118566664,0,0,35
11049,0,22120567974,22120567951,0,0,22
11050,0,22122570689,22122570616,0,0,73
11051,0,22124574367,22124574310,0,0,57
11052,0,22126577175,22126577195,0,0,-20
11053,0,22128579343,22128579359,0,0,-15
11054,0,22130580379,22130580324,0,0,55
11055,0,22132583549,22132583556,0,0,-6
11056,0,22134585958,22134585912,0,0,45
11057,0,22136588035,22136587972,0,0,63
11058,0,22138588867,22138588806,0,0,60
11059,0,22140591306,22140591266,0,0,40
11060,0,22142593386,22142593378,0,0,8
11061,0,22144595703,22144595668,0,0,34
11062,0,22146597631,22146597562,0,0,69
11063,0,22148600454,22148600418,0,0,35
11064,0,22150603324,22150603267,0,0,57
11065,0,22152604729,22152604745,0,0,-15
11066,0,22154606296,22154606267,0,0,29
11067,0,22156609334,22156609323,0,0,11
11068,0,22158610443,22158610471,0,0,-28
11069,0,22160612515,22160612553,0,0,-38
11070,0,22162614865,22162614909,0,0,-43
11071,0,22164617629,22164617655,0,0,-25
11072,0,22166620078,22166620111,0,0,-33
11073,0,22168622596,22168622631,0,0,-34
11074,0,22170623847,22170623867,0,0,-20
11075,0,22172627118,22172627125,0,0,-6
11076,0,22174629393,22174629404,0,0,-11
11077,0,22176631232,22176631224,0,0,7
11078,0,22178632680,22178632660,0,0,20
11079,0,22180635128,22180635142,0,0,-13
11080,0,22182639982,22182639970,0,0,12
11081,0,22184640808,22184640846,0,0,-37
11082,0,22186642804,22186642732,0,0,71
11083,0,22188644802,22188644776,0,0,25
11084,0,22190646374,22190646356,0,0,17
11085,0,22192649506,22192649470,0,0,35
11086,0,22194651925,22194651865,0,0,59
11087,0,22196654608,22196654566,0,0,41
11088,0,22198656528,22198656507,0,0,20
11089,0,22200659876,22200659845,0,0,31
11090,0,22202661246,22202661203,0,0,42
11091,0,22204662638,22204662600,0,0,38
11092,0,22206664808,22206664770,0,0,37
11093,0,22208666471,22208666434,0,0,37
11094,0,22210669868,22210669816,0,0,51
11095,0,22212672295,22212672227,0,0,67
11096,0,22214673997,22214673946,0,0,51
11097,0,22216676138,22216676091,0,0,47
11098,0,22218677961,22218677898,0,0,62
11099,0,22220679503,22220679445,0,0,57
11100,0,22222682892,22222682839,0,0,53
11101,0,22224685757,22224685710,0,0,47
11102,0,22226687002,22226686944,0,0,57
11103,0,22228688831,22228688793,0,0,38
11104,0,22230691900,22230691844,0,0,56
11105,0,22232695438,22232695465,0,0,-26
11106,0,22234696123,22234696149,0,0,-26
11107,0,22236698382,22236698364,0,0,17
11108,0,22238700484,22238700447,0,0,36
11109,0,22240703182,22240703149,0,0,32
11110,0,22242705346,22242705312,0,0,34
11111,0,22244707249,22244707229,0,0,19
11112,0,22246709358,22246709307,0,0,51
11113,0,22248710391,22248710373,0,0,17
11114,0,22250713012,22250712966,0,0,45
11115,0,22252716154,22252716128,0,0,25
11116,0,22254718287,22254718280,0,0,6
11117,0,22256720797,22256720781,0,0,15
11118,0,22258722858,22258722806,0,0,51
11119,0,22260724928,22260724968,0,0,-40
11120,0,22262727972,22262727986,0,0,-13
11121,0,22264730667,22264730700,0,0,-33
11122,0,22266731948,22266731970,0,0,-22
11123,0,22268733814,22268733863,0,0,-49
11124,0,22270736244,22270736208,0,0,35
11125,0,22272738607,22272738597,0,0,10
11126,0,22274740360,22274740322,0,0,38
11127,0,22276742008,22276741997,0,0,11
11128,0,22278744691,22278744670,0,0,20
11129,0,22280745968,22280745924,0,0,44
11130,0,22282750892,22282750831,0,0,60
11131,0,22284752517,22284752494,0,0,23
11132,0,22286752581,22286752605,0,0,-24
11133,0,22288754911,22288754886,0,0,24
11134,0,22290757093,22290757049,0,0,43
11135,0,22292759779,22292759758,0,0,20
11136,0,22294762774,22294762740,0,0,33
11137,0,22296764105,22296764075,0,0,29
11138,0,22298767545,22298767513,0,0,31
11139,0,22300769415,22300769394,0,0,20
11140,0,22302772293,22302772271,0,0,22
11141,0,22304774067,22304774024,0,0,43
11142,0,22306776735,22306776698,0,0,37
11143,0,22308778379,22308778350,0,0,29
11144,0,22310780620,22310780604,0,0,15
11145,0,22312782714,22312782678,0,0,36
11146,0,22314784222,22314784191,0,0,30
11147,0,22316787312,22316787288,0,0,24
11148,0,22318790038,22318790021,0,0,17
11149,0,22320792048,22320792034,0,0,13
11150,0,22322794204,22322794175,0,0,29
11151,0,22324797179,22324797147,0,0,31
11152,0,22326799626,22326799604,0,0,22
11153,0,22328800305,22328800279,0,0,25
11154,0,22330803283,22330803258,0,0,25
11155,0,22332804874,22332804840,0,0,33
11156,0,22334806638,22334806617,0,0,20
11157,0,22336809328,22336809298,0,0,29
11158,0,22338810914,22338810865,0,0,49
11159,0,22340813839,22340813819,0,0,20
11160,0,22342814886,22342814862,0,0,24
11161,0,22344817402,22344817368,0,0,33
11162,0,22346820590,22346820524,0,0,65
11163,0,22348821965,22348821921,0,0,43
11164,0,22350825325,22350825286,0,0,38
11165,0,22352827687,22352827666,0,0,21
11166,0,22354829928,22354829959,0,0,-31
11167,0,22356831743,22356831712,0,0,30
11168,0,22358833979,22358834030,0,0,-51
11169,0,22360835998,22360836031,0,0,-32
11170,0,22362838558,22362838509,0,0,49
11171,0,22364840350,22364840309,0,0,41
11172,0,22366842413,22366842352,0,0,60
11173,0,22368845489,22368845417,0,0,71
11174,0,22370847159,22370847071,0,0,87
11175,0,22372848630,22372848572,0,0,58
11176,0,22374851564,22374851499,0,0,64
11177,0,22376853254,22376853215,0,0,38
11178,0,22378856974,22378856920,0,0,53
11179,0,22380858720,22380858683,0,0,37
11180,0,22382862014,22382861988,0,0,25
11181,0,22384861741,22384861674,0,0,67
11182,0,22386864487,22386864449,0,0,38
11183,0,22388868067,22388868041,0,0,25
11184,0,22390869527,22390869477,0,0,49
11185,0,22392870856,22392870889,0,0,-33
11186,0,22394874602,22394874582,0,0,20
11187,0,22396876238,22396876222,0,0,15
11188,0,22398878471,22398878436,0,0,35
11189,0,22400879950,22400879903,0,0,47
11190,0,22402883642,22402883633,0,0,9
11191,0,22404885128,22404885152,0,0,-24
11192,0,22406886456,22406886478,0,0,-22
11193,0,22408889982,22408890020,0,0,-38
11194,0,22410891799,22410891785,0,0,13
11195,0,22412893043,22412893020,0,0,22
11196,0,22414896087,22414896061,0,0,25
11197,0,22416897577,22416897546,0,0,31
11198,0,22418900637,22418900579,0,0,57
11199,0,22420901808,22420901784,0,0,23
11200,0,22422904056,22422903998,0,0,57
11201,0,22424906408,22424906446,0,0,-37
11202,0,22426910811,22426910824,0,0,-13
11203,0,22428910611,22428910641,0,0,-30
11204,0,22430913370,22430913315,0,0,55
11205,0,22432916195,22432916159,0,0,35
11206,0,22434918137,22434918069,0,0,68
11207,0,22436920533,22436920496,0,0,37
11208,0,22438921806,22438921750,0,0,55
11209,0,22440924130,22440924079,0,0,51
11210,0,22442926280,22442926262,0,0,17
11211,0,22444928749,22444928712,0,0,37
11212,0,22446931779,22446931741,0,0,38
11213,0,22448933235,22448933193,0,0,41
11214,0,22450936703,22450936619,0,0,83
11215,0,22452939581,22452939525,0,0,55
11216,0,22454941769,22454941721,0,0,47
11217,0,22456942105,22456942067,0,0,37
11218,0,22458946220,22458946178,0,0,42
11219,0,22460947595,22460947616,0,0,-20
11220,0,22462949569,22462949605,0,0,-35
11221,0,22464951216,22464951240,0,0,-23
11222,0,22466954089,22466954038,0,0,51
11223,0,22468955227,22468955238,0,0,-11
11224,0,22470957660,22470957687,0,0,-26
11225,0,22472960972,22472960988,0,0,-16
11226,0,22474963256,22474963241,0,0,15
11227,0,22476965569,22476965596,0,0,-26
11228,0,22478967733,22478967680,0,0,53
11229,0,22480970304,22480970241,0,0,62
11230,0,22482973966,22482973984,0,0,-17
11231,0,22484974113,22484974126,0,0,-13
11232,0,22486976656,22486976617,0,0,38
11233,0,22488978467,22488978431,0,0,35
11234,0,22490980766,22490980698,0,0,67
11235,0,22492982800,22492982762,0,0,37
11236,0,22494985391,22494985443,0,0,-52
11237,0,22496987681,22496987699,0,0,-17
11238,0,22498989757,22498989769,0,0,-12
11239,0,22500991910,22500991933,0,0,-22
11240,0,22502993994,22502994009,0,0,-15
11241,0,22504995446,22504995411,0,0,35
11242,0,22506998925,22506998874,0,0,50
11243,0,22509000861,22509000820,0,0,40
11244,0,22511003359,22511003391,0,0,-31
11245,0,22513005294,22513005285,0,0,8
11246,0,22515006991,22515006913,0,0,77
11247,0,22517010313,22517010273,0,0,40
11248,0,22519012447,22519012477,0,0,-30
11249,0,22521014149,22521014164,0,0,-14
11250,0,22523017653,22523017669,0,0,-15
11251,0,22525018720,22525018759,0,0,-39
11252,0,22527020885,22527020941,0,0,-55
11253,0,22529023138,22529023092,0,0,45
11254,0,22531025473,22531025457,0,0,15
11255,0,22533028460,22533028451,0,0,9
11256,0,22535030343,22535030319,0,0,24
11257,0,22537032047,22537032009,0,0,37
11258,0,22539034022,22539034013,0,0,9
11259,0,22541035351,22541035338,0,0,13
11260,0,22543038348,22543038319,0,0,29
11261,0,22545039988,22545039950,0,0,38
11262,0,22547042936,22547042880,0,0,56
11263,0,22549044617,22549044593,0,0,24
11264,0,22551047282,22551047236,0,0,45
11265,0,22553048946,22553048910,0,0,35
11266,0,22555052075,22555052103,0,0,-28
11267,0,22557053984,22557053959,0,0,24
11268,0,22559055626,22559055563,0,0,63
11269,0,22561058575,22561058553,0,0,22
11270,0,22563060229,22563060215,0,0,13
11271,0,22565063334,22565063316,0,0,18
11272,0,22567065438,22567065438,0,0,0
11273,0,22569067667,22569067624,0,0,42
11274,0,22571069957,22571069930,0,0,27
11275,0,22573072769,22573072755,0,0,14
11276,0,22575074283,22575074316,0,0,-33
11277,0,22577076671,22577076693,0,0,-22
11278,0,22579078998,22579078939,0,0,59
11279,0,22581081119,22581081101,0,0,17
11280,0,22583084816,22583084784,0,0,31
11281,0,22585085170,22585085132,0,0,38
11282,0,22587088393,22587088368,0,0,25
11283,0,22589090045,22589090020,0,0,25
11284,0,22591091966,22591091979,0,0,-13
11285,0,22593093040,22593093060,0,0,-19
11286,0,22595095957,22595095978,0,0,-20
11287,0,22597098573,22597098612,0,0,-39
11288,0,22599099854,22599099867,0,0,-12
11289,0,22601102186,22601102203,0,0,-16
11290,0,22603105476,22603105422,0,0,53
11291,0,22605107677,22605107661,0,0,15
11292,0,22607109791,22607109773,0,0,17
11293,0,22609110955,22609110939,0,0,15
11294,0,22611113923,22611113896,0,0,27
11295,0,22613116507,22613116494,0,0,13
11296,0,22615118758,22615118742,0,0,15
11297,0,22617120944,22617120934,0,0,9
11298,0,22619123800,22619123795,0,0,5
11299,0,22621125323,22621125323,0,0,0
11300,0,22623126705,22623126680,0,0,24
11301,0,22625128956,22625128912,0,0,44
11302,0,22627131933,22627131901,0,0,32
11303,0,22629133705,22629133658,0,0,47
11304,0,22631136794,22631136765,0,0,29
11305,0,22633138608,22633138543,0,0,65
11306,0,22635140474,22635140386,0,0,87
11307,0,22637143045,22637143070,0,0,-24
11308,0,22639144778,22639144762,0,0,15
11309,0,22641147514,22641147480,0,0,33
11310,0,22643149107,22643149080,0,0,26
11311,0,22645152861,22645152824,0,0,37
11312,0,22647154808,22647154782,0,0,26
11313,0,22649156493,22649156459,0,0,33
11314,0,22651158577,22651158525,0,0,51
11315,0,22653162119,22653162112,0,0,7
11316,0,22655163453,22655163461,0,0,-8
11317,0,22657165611,22657165563,0,0,47
11318,0,22659167950,22659167903,0,0,46
11319,0,22661170524,22661170474,0,0,49
11320,0,22663172091,22663172048,0,0,42
11321,0,22665173255,22665173192,0,0,62
11322,0,22667176013,22667175968,0,0,44
11323,0,22669178896,22669178872,0,0,23
11324,0,22671180857,22671180818,0,0,38
11325,0,22673182123,22673182089,0,0,33
11326,0,22675184627,22675184568,0,0,59
11327,0,22677188022,22677187984,0,0,37
11328,0,22679189957,22679189914,0,0,42
11329,0,22681192267,22681192298,0,0,-30
11330,0,22683195438,22683195455,0,0,-16
11331,0,22685196849,22685196873,0,0,-24
11332,0,22687199017,22687198939,0,0,78
11333,0,22689201193,22689201152,0,0,40
11334,0,22691203460,22691203391,0,0,69
11335,0,22693205566,22693205531,0,0,35
11336,0,22695207716,22695207635,0,0,80
11337,0,22697209342,22697209310,0,0,32
11338,0,22699212516,22699212465,0,0,51
11339,0,22701215063,22701215024,0,0,38
11340,0,22703217119,22703217095,0,0,23
11341,0,22705219170,22705219157,0,0,13
11342,0,22707221262,22707221211,0,0,51
11343,0,22709223800,22709223768,0,0,31
11344,0,22711226074,22711226055,0,0,19
11345,0,22713227765,22713227738,0,0,26
11346,0,22715229092,22715229033,0,0,58
11347,0,22717232400,22717232360,0,0,39
11348,0,22719234671,22719234644,0,0,26
11349,0,22721237348,22721237296,0,0,51
11350,0,22723239238,22723239178,0,0,59
11351,0,22725240746,22725240716,0,0,29
11352,0,22727242005,22727241952,0,0,52
11353,0,22729244559,22729244553,0,0,5
11354,0,22731248346,22731248317,0,0,29
11355,0,22733249617,22733249594,0,0,23
11356,0,22735251109,22735251136,0,0,-26
11357,0,22737253425,22737253462,0,0,-36
11358,0,22739256700,22739256686,0,0,13
11359,0,22741258785,22741258770,0,0,15
11360,0,22743260016,22743259993,0,0,23
11361,0,22745262720,22745262678,0,0,41
11362,0,22747265649,22747265605,0,0,43
11363,0,22749268988,22749268951,0,0,37
11364,0,22751270289,22751270254,0,0,35
11365,0,22753272182,22753272195,0,0,-13
11366,0,22755273696,22755273687,0,0,9
11367,0,22757276824,22757276844,0,0,-20
11368,0,22759278582,22759278589,0,0,-6
11369,0,22761280153,22761280164,0,0,-10
11370,0,22763283225,22763283216,0,0,8
11371,0,22765284916,22765284949,0,0,-33
11372,0,22767287959,22767287992,0,0,-32
11373,0,22769290107,22769290066,0,0,40
11374,0,22771292048,22771292013,0,0,35
11375,0,22773294130,22773294086,0,0,44
11376,0,22775297004,22775296965,0,0,38
11377,0,22777299365,22777299394,0,0,-29
11378,0,22779301426,22779301408,0,0,17
11379,0,22781304558,22781304521,0,0,37
11380,0,22783307170,22783307121,0,0,48
11381,0,22785308151,22785308136,0,0,15
11382,0,22787310606,22787310541,0,0,65
11383,0,22789312386,22789312361,0,0,24
11384,0,22791314332,22791314317,0,0,15
11385,0,22793315720,22793315753,0,0,-33
11386,0,22795319365,22795319386,0,0,-20
11387,0,22797321687,22797321652,0,0,35
11388,0,22799323548,22799323533,0,0,15
11389,0,22801325554,22801325510,0,0,43
11390,0,22803326995,22803326944,0,0,51
11391,0,22805330057,22805330025,0,0,31
11392,0,22807331321,22807331304,0,0,17
11393,0,22809333516,22809333480,0,0,36
11394,0,22811336042,22811335999,0,0,43
11395,0,22813339736,22813339707,0,0,29
11396,0,22815340280,22815340253,0,0,27
11397,0,22817343384,22817343357,0,0,27
11398,0,22819344878,22819344834,0,0,43
11399,0,22821347566,22821347548,0,0,18
11400,0,22823348667,22823348612,0,0,55
11401,0,22825351498,22825351493,0,0,5
11402,0,22827355217,22827355191,0,0,26
11403,0,22829357936,22829357916,0,0,19
11404,0,22831359180,22831359157,0,0,22
11405,0,22833361011,22833361047,0,0,-36
11406,0,22835362308,22835362321,0,0,-13
11407,0,22837365592,22837365567,0,0,24
11408,0,22839369496,22839369528,0,0,-31
11409,0,22841369964,22841369930,0,0,33
11410,0,22843371389,22843371366,0,0,23
11411,0,22845374659,22845374610,0,0,49
11412,0,22847376470,22847376446,0,0,24
11413,0,22849377909,22849377894,0,0,14
11414,0,22851380218,22851380172,0,0,46
11415,0,22853383132,22853383125,0,0,6
11416,0,22855385361,22855385332,0,0,28
11417,0,22857386889,22857386874,0,0,15
11418,0,22859389413,22859389393,0,0,19
11419,0,22861392513,22861392544,0,0,-31
11420,0,22863395096,22863395047,0,0,49
11421,0,22865396933,22865396896,0,0,37
11422,0,22867399443,22867399380,0,0,62
11423,0,22869401472,22869401423,0,0,49
11424,0,22871403788,22871403806,0,0,-17
11425,0,22873406234,22873406187,0,0,47
11426,0,22875408034,22875407982,0,0,52
11427,0,22877410524,22877410548,0,0,-24
11428,0,22879412469,22879412445,0,0,23
11429,0,22881414968,22881414989,0,0,-21
11430,0,22883418476,22883418516,0,0,-39
11431,0,22885419100,22885419137,0,0,-36
11432,0,22887421513,22887421533,0,0,-20
11433,0,22889423806,22889423838,0,0,-31
11434,0,22891425930,22891425944,0,0,-13
11435,0,22893427982,22893428017,0,0,-35
11436,0,22895430795,22895430834,0,0,-39
11437,0,22897432692,22897432637,0,0,55
11438,0,22899435029,22899434997,0,0,31
11439,0,22901436935,22901436905,0,0,30
11440,0,22903439521,22903439483,0,0,38
11441,0,22905441623,22905441575,0,0,48
11442,0,22907443746,22907443738,0,0,7
11443,0,22909445671,22909445696,0,0,-24
11444,0,22911447970,22911447885,0,0,84
11445,0,22913449386,22913449348,0,0,37
11446,0,22915452813,22915452839,0,0,-26
11447,0,22917455110,22917455101,0,0,8
11448,0,22919456714,22919456677,0,0,37
11449,0,22921458123,22921458064,0,0,58
11450,0,22923460916,22923460951,0,0,-34
11451,0,22925463596,22925463614,0,0,-17
11452,0,22927466211,22927466224,0,0,-13
11453,0,22929467941,22929467964,0,0,-22
11454,0,22931468953,22931468964,0,0,-10
11455,0,22933471449,22933471472,0,0,-22
11456,0,22935474526,22935474553,0,0,-26
11457,0,22937476319,22937476258,0,0,60
11458,0,22939479343,22939479289,0,0,53
11459,0,22941481047,22941481013,0,0,33
11460,0,22943483346,22943483287,0,0,59
11461,0,22945484863,22945484838,0,0,25
11462,0,22947488685,22947488611,0,0,74
11463,0,22949490387,22949490360,0,0,26
11464,0,22951492305,22951492267,0,0,38
11465,0,22953494282,22953494233,0,0,48
11466,0,22955497260,22955497235,0,0,25
11467,0,22957499344,22957499370,0,0,-26
11468,0,22959501485,22959501511,0,0,-26
11469,0,22961503441,22961503469,0,0,-28
11470,0,22963504953,22963504983,0,0,-29
11471,0,22965509044,22965509006,0,0,37
11472,0,22967511318,22967511257,0,0,60
11473,0,22969512467,22969512440,0,0,26
11474,0,22971513698,22971513662,0,0,35
11475,0,22973517649,22973517674,0,0,-24
11476,0,22975520570,22975520539,0,0,30
11477,0,22977521429,22977521398,0,0,31
11478,0,22979523633,22979523575,0,0,58
11479,0,22981524811,22981524785,0,0,25
11480,0,22983529381,22983529368,0,0,13
11481,0,22985530373,22985530337,0,0,35
11482,0,22987532585,22987532611,0,0,-26
11483,0,22989534749,22989534707,0,0,41
11484,0,22991536588,22991536543,0,0,45
11485,0,22993539388,22993539339,0,0,49
11486,0,22995541738,22995541659,0,0,78
11487,0,22997543979,22997543937,0,0,41
11488,0,22999545924,22999545935,0,0,-11
11489,0,23001548197,23001548236,0,0,-39
11490,0,23003551005,23003551028,0,0,-22
11491,0,23005552633,23005552600,0,0,33
11492,0,23007556112,23007556088,0,0,23
11493,0,23009557244,23009557223,0,0,20
11494,0,23011559167,23011559140,0,0,26
11495,0,23013560516,23013560499,0,0,17
11496,0,23015563786,23015563749,0,0,37
11497,0,23017566051,23017566013,0,0,37
11498,0,23019568658,23019568639,0,0,19
11499,0,23021570339,23021570325,0,0,13
11500,0,23023572230,23023572238,0,0,-8
11501,0,23025573787,23025573813,0,0,-26
11502,0,23027577164,23027577151,0,0,12
11503,0,23029580195,23029580153,0,0,42
11504,0,23031581416,23031581344,0,0,71
11505,0,23033583226,23033583180,0,0,45
11506,0,23035586037,23035585995,0,0,42
11507,0,23037588757,23037588704,0,0,52
11508,0,23039591932,23039591865,0,0,67
11509,0,23041592862,23041592824,0,0,37
11510,0,23043594903,23043594851,0,0,51
11511,0,23045595895,23045595853,0,0,41
11512,0,23047598705,23047598654,0,0,50
11513,0,23049601524,23049601507,0,0,17
11514,0,23051602474,23051602407,0,0,67
11515,0,23053605158,23053605106,0,0,51
11516,0,23055608667,23055608631,0,0,35
11517,0,23057610575,23057610528,0,0,47
11518,0,23059613219,23059613152,0,0,67
11519,0,23061614709,23061614717,0,0,-8
11520,0,23063615745,23063615756,0,0,-11
11521,0,23065618800,23065618779,0,0,20
11522,0,23067621748,23067621726,0,0,21
11523,0,23069622705,23069622651,0,0,53
11524,0,23071627054,23071627007,0,0,47
11525,0,23073628595,23073628535,0,0,59
11526,0,23075631199,23075631158,0,0,40
11527,0,23077632703,23077632658,0,0,45
11528,0,23079634839,23079634790,0,0,49
11529,0,23081636100,23081636036,0,0,63
11530,0,23083639490,23083639429,0,0,60
11531,0,23085640667,23085640636,0,0,31
11532,0,23087643788,23087643750,0,0,37
11533,0,23089645979,23089645972,0,0,6
11534,0,23091648487,23091648463,0,0,24
11535,0,23093651501,23093651494,0,0,7
11536,0,23095653525,23095653517,0,0,7
11537,0,23097653809,23097653801,0,0,8
11538,0,23099656332,23099656310,0,0,22
11539,0,23101659328,23101659321,0,0,6
11540,0,23103661722,23103661769,0,0,-47
11541,0,23105663986,23105663977,0,0,8
11542,0,23107666425,23107666393,0,0,32
11543,0,23109667992,23109667973,0,0,19
11544,0,23111669399,23111669381,0,0,17
11545,0,23113671975,23113671965,0,0,10
11546,0,23115675060,23115675033,0,0,26
11547,0,23117677029,23117677013,0,0,15
11548,0,23119678469,23119678442,0,0,26
11549,0,23121681670,23121681647,0,0,23
11550,0,23123684408,23123684400,0,0,7
11551,0,23125686293,23125686278,0,0,14
11552,0,23127688905,23127688879,0,0,25
11553,0,23129690854,23129690814,0,0,40
11554,0,23131693030,23131693015,0,0,15
11555,0,23133694231,23133694197,0,0,33
11556,0,23135698273,23135698297,0,0,-24
11557,0,23137699261,23137699287,0,0,-26
11558,0,23139700813,23139700838,0,0,-24
11559,0,23141703794,23141703741,0,0,53
11560,0,23143705586,23143705499,0,0,87
11561,0,23145708876,23145708858,0,0,17
11562,0,23147710664,23147710590,0,0,74
11563,0,23149712803,23149712766,0,0,37
11564,0,23151715292,23151715259,0,0,33
11565,0,23153717456,23153717419,0,0,37
11566,0,23155719508,23155719447,0,0,61
11567,0,23157722661,23157722612,0,0,49
11568,0,23159725096,23159725109,0,0,-12
11569,0,23161726188,23161726123,0,0,65
11570,0,23163728367,23163728328,0,0,39
11571,0,23165730720,23165730676,0,0,44
11572,0,23167733851,23167733813,0,0,37
11573,0,23169735161,23169735173,0,0,-11
11574,0,23171736130,23171736141,0,0,-11
11575,0,23173739157,23173739123,0,0,33
11576,0,23175742188,23175742162,0,0,25
11577,0,23177743667,23177743633,0,0,33
11578,0,23179745232,23179745158,0,0,74
11579,0,23181748541,23181748560,0,0,-19
11580,0,23183752596,23183752545,0,0,51
11581,0,23185753267,23185753226,0,0,40
11582,0,23187754897,23187754858,0,0,39
11583,0,23189757056,23189757022,0,0,34
11584,0,23191759157,23191759143,0,0,13
11585,0,23193760696,23193760651,0,0,45
11586,0,23195763110,23195763123,0,0,-13
11587,0,23197766578,23197766552,0,0,26
11588,0,23199769276,23199769253,0,0,22
11589,0,23201769876,23201769836,0,0,40
11590,0,23203772611,23203772582,0,0,28
11591,0,23205774333,23205774287,0,0,45
11592,0,23207777582,23207777559,0,0,23
11593,0,23209779399,23209779368,0,0,31
11594,0,23211780766,23211780691,0,0,75
11595,0,23213782844,23213782814,0,0,29
11596,0,23215785265,23215785310,0,0,-44
11597,0,23217788292,23217788323,0,0,-31
11598,0,23219789573,23219789519,0,0,53
11599,0,23221791721,23221791754,0,0,-33
11600,0,23223794393,23223794446,0,0,-53
11601,0,23225797450,23225797435,0,0,15
11602,0,23227799724,23227799691,0,0,33
11603,0,23229801471,23229801508,0,0,-37
11604,0,23231803480,23231803507,0,0,-26
11605,0,23233805280,23233805298,0,0,-17
11606,0,23235808368,23235808315,0,0,53
11607,0,23237809768,23237809777,0,0,-8
11608,0,23239812787,23239812798,0,0,-11
11609,0,23241814051,23241814080,0,0,-29
11610,0,23243816290,23243816244,0,0,45
11611,0,23245818729,23245818738,0,0,-8
11612,0,23247821970,23247822006,0,0,-35
11613,0,23249824431,23249824444,0,0,-13
11614,0,23251826507,23251826455,0,0,52
11615,0,23253828306,23253828281,0,0,24
11616,0,23255829901,23255829847,0,0,53
11617,0,23257832979,23257832940,0,0,39
11618,0,23259835543,23259835557,0,0,-14
11619,0,23261837523,23261837536,0,0,-13
11620,0,23263840862,23263840835,0,0,27
11621,0,23265841595,23265841621,0,0,-25
11622,0,23267843597,23267843606,0,0,-8
11623,0,23269846214,23269846240,0,0,-25
11624,0,23271848555,23271848546,0,0,8
11625,0,23273850559,23273850605,0,0,-46
11626,0,23275851600,23275851611,0,0,-11
11627,0,23277854294,23277854269,0,0,25
11628,0,23279857676,23279857639,0,0,36
11629,0,23281859767,23281859753,0,0,13
11630,0,23283863727,23283863707,0,0,19
11631,0,23285864899,23285864871,0,0,27
11632,0,23287866541,23287866506,0,0,35
11633,0,23289868471,23289868424,0,0,47
11634,0,23291869975,23291869946,0,0,29
11635,0,23293873090,23293873125,0,0,-34
11636,0,23295875465,23295875421,0,0,43
11637,0,23297879083,23297879036,0,0,46
11638,0,23299880262,23299880219,0,0,42
11639,0,23301882111,23301882075,0,0,35
11640,0,23303884111,23303884074,0,0,37
11641,0,23305886640,23305886592,0,0,47
11642,0,23307889053,23307889044,0,0,8
11643,0,23309890874,23309890830,0,0,43
11644,0,23311894031,23311894041,0,0,-9
11645,0,23313895233,23313895267,0,0,-33
11646,0,23315897690,23315897685,0,0,4
11647,0,23317899299,23317899251,0,0,47
11648,0,23319900604,23319900575,0,0,29
11649,0,23321903261,23321903222,0,0,39
11650,0,23323906525,23323906483,0,0,42
11651,0,23325908306,23325908288,0,0,17
11652,0,23327909751,23327909726,0,0,24
11653,0,23329914591,23329914566,0,0,25
11654,0,23331915283,23331915259,0,0,24
11655,0,23333917520,23333917502,0,0,17
11656,0,23335919928,23335919920,0,0,8
11657,0,23337921792,23337921765,0,0,26
11658,0,23339923139,23339923096,0,0,42
11659,0,23341925346,23341925314,0,0,32
11660,0,23343927543,23343927512,0,0,31
11661,0,23345930773,23345930728,0,0,44
11662,0,23347933177,23347933130,0,0,47
11663,0,23349935988,23349935930,0,0,58
11664,0,23351937317,23351937276,0,0,40
11665,0,23353938606,23353938635,0,0,-29
11666,0,23355941113,23355941092,0,0,20
11667,0,23357944120,23357944103,0,0,17
11668,0,23359946590,23359946552,0,0,37
11669,0,23361949710,23361949698,0,0,12
11670,0,23363951251,23363951225,0,0,25
11671,0,23365953180,23365953170,0,0,9
11672,0,23367955072,23367955063,0,0,8
11673,0,23369956640,23369956633,0,0,6
11674,0,23371959125,23371959085,0,0,40
11675,0,23373961970,23373961961,0,0,8
11676,0,23375964838,23375964808,0,0,29
11677,0,23377966400,23377966379,0,0,20
11678,0,23379969036,23379969001,0,0,35
11679,0,23381971218,23381971213,0,0,5
11680,0,23383974701,23383974693,0,0,7
11681,0,23385975578,23385975541,0,0,37
11682,0,23387978192,23387978163,0,0,29
11683,0,23389979800,23389979775,0,0,24
11684,0,23391982101,23391982070,0,0,30
11685,0,23393985116,23393985080,0,0,35
11686,0,23395985365,23395985301,0,0,63
11687,0,23397987642,23397987612,0,0,30
11688,0,23399991260,23399991195,0,0,65
11689,0,23401993384,23401993355,0,0,29
11690,0,23403995804,23403995776,0,0,27
11691,0,23405997680,23405997703,0,0,-22
11692,0,23408000344,23408000365,0,0,-20
11693,0,23410001928,23410001947,0,0,-19
11694,0,23412003383,23412003408,0,0,-25
11695,0,23414007480,23414007498,0,0,-17
11696,0,23416009341,23416009279,0,0,62
11697,0,23418010014,23418009975,0,0,39
11698,0,23420013400,23420013365,0,0,35
11699,0,23422015563,23422015538,0,0,24
11700,0,23424017636,23424017573,0,0,63
11701,0,23426019995,23426019937,0,0,57
11702,0,23428022125,23428022053,0,0,71
11703,0,23430024033,23430024008,0,0,24
11704,0,23432025611,23432025574,0,0,37
11705,0,23434028797,23434028772,0,0,25
11706,0,23436031664,23436031584,0,0,79
11707,0,23438033056,23438033069,0,0,-13
11708,0,23440034528,23440034483,0,0,44
11709,0,23442037523,23442037476,0,0,47
11710,0,23444038893,23444038833,0,0,60
11711,0,23446042191,23446042151,0,0,40
11712,0,23448044471,23448044411,0,0,59
11713,0,23450046713,23450046672,0,0,40
11714,0,23452048928,23452048875,0,0,52
11715,0,23454050737,23454050725,0,0,11
11716,0,23456052593,23456052567,0,0,26
11717,0,23458056513,23458056538,0,0,-24
11718,0,23460058304,23460058343,0,0,-38
11719,0,23462059796,23462059762,0,0,33
11720,0,23464061600,23464061577,0,0,23
11721,0,23466063215,23466063179,0,0,35
11722,0,23468065339,23468065279,0,0,59
11723,0,23470067910,23470067896,0,0,13
11724,0,23472071035,23472071058,0,0,-22
11725,0,23474073337,23474073373,0,0,-36
11726,0,23476075655,23476075567,0,0,87
11727,0,23478078382,23478078339,0,0,43
11728,0,23480080036,23480080066,0,0,-29
11729,0,23482081948,23482081922,0,0,25
11730,0,23484085184,23484085168,0,0,15
11731,0,23486086410,23486086431,0,0,-20
11732,0,23488089244,23488089207,0,0,37
11733,0,23490092529,23490092513,0,0,15
11734,0,23492093325,23492093291,0,0,34
11735,0,23494096355,23494096330,0,0,25
11736,0,23496097858,23496097835,0,0,23
11737,0,23498099998,23498099957,0,0,41
11738,0,23500102590,23500102582,0,0,7
11739,0,23502104359,23502104335,0,0,23
11740,0,23504106950,23504106921,0,0,29
11741,0,23506108820,23506108760,0,0,59
11742,0,23508111089,23508111080,0,0,8
11743,0,23510113098,23510113065,0,0,33
11744,0,23512114336,23512114289,0,0,47
11745,0,23514116766,23514116751,0,0,15
11746,0,23516120225,23516120188,0,0,37
11747,0,23518121995,23518121972,0,0,23
11748,0,23520123395,23520123350,0,0,45
11749,0,23522126541,23522126515,0,0,25
11750,0,23524128275,23524128286,0,0,-11
11751,0,23526130786,23526130830,0,0,-44
11752,0,23528131827,23528131859,0,0,-31
11753,0,23530134558,23530134583,0,0,-24
11754,0,23532137756,23532137727,0,0,29
11755,0,23534139876,23534139862,0,0,13
11756,0,23536141980,23536141960,0,0,20
11757,0,23538143331,23538143307,0,0,23
11758,0,23540146649,23540146625,0,0,24
11759,0,23542149130,23542149087,0,0,42
11760,0,23544151753,23544151708,0,0,44
11761,0,23546153556,23546153593,0,0,-36
11762,0,23548155652,23548155644,0,0,8
11763,0,23550157764,23550157743,0,0,21
11764,0,23552159990,23552159957,0,0,32
11765,0,23554163587,23554163561,0,0,25
11766,0,23556164182,23556164215,0,0,-32
11767,0,23558165703,23558165676,0,0,26
11768,0,23560168964,23560168930,0,0,33
11769,0,23562171330,23562171359,0,0,-29
11770,0,23564173855,23564173890,0,0,-35
11771,0,23566175427,23566175460,0,0,-32
11772,0,23568177668,23568177654,0,0,13
11773,0,23570178835,23570178811,0,0,23
11774,0,23572181123,23572181143,0,0,-20
11775,0,23574183204,23574183241,0,0,-37
11776,0,23576185550,23576185521,0,0,28
11777,0,23578187794,23578187755,0,0,38
11778,0,23580190834,23580190867,0,0,-33
11779,0,23582193470,23582193521,0,0,-51
11780,0,23584196589,23584196608,0,0,-19
11781,0,23586198922,23586198950,0,0,-28
11782,0,23588200278,23588200296,0,0,-17
11783,0,23590202276,23590202307,0,0,-31
11784,0,23592204391,23592204445,0,0,-54
11785,0,23594206805,23594206847,0,0,-41
11786,0,23596209036,23596209051,0,0,-14
11787,0,23598211092,23598211081,0,0,11
11788,0,23600212374,23600212355,0,0,18
11789,0,23602215373,23602215348,0,0,24
11790,0,23604216821,23604216787,0,0,33
11791,0,23606221400,23606221366,0,0,34
11792,0,23608223031,23608222988,0,0,42
11793,0,23610223346,23610223402,0,0,-55
11794,0,23612225368,23612225409,0,0,-40
11795,0,23614227727,23614227684,0,0,42
11796,0,23616230260,23616230224,0,0,35
11797,0,23618234740,23618234722,0,0,17
11798,0,23620235993,23620235979,0,0,13
11799,0,23622237628,23622237604,0,0,23
11800,0,23624238910,23624238885,0,0,24
11801,0,23626241614,23626241577,0,0,37
11802,0,23628245129,23628245100,0,0,29
11803,0,23630246972,23630246958,0,0,13
11804,0,23632249076,23632249123,0,0,-47
11805,0,23634250970,23634250940,0,0,30
11806,0,23636252158,23636252085,0,0,72
11807,0,23638254837,23638254813,0,0,23
11808,0,23640258300,23640258364,0,0,-63
11809,0,23642260287,23642260314,0,0,-27
11810,0,23644262596,23644262639,0,0,-42
11811,0,23646264606,23646264620,0,0,-13
11812,0,23648267331,23648267348,0,0,-16
11813,0,23650268882,23650268898,0,0,-15
11814,0,23652271606,23652271523,0,0,83
11815,0,23654273820,23654273834,0,0,-13
11816,0,23656276370,23656276383,0,0,-13
11817,0,23658277755,23658277702,0,0,53
11818,0,23660279360,23660279303,0,0,57
11819,0,23662282615,23662282580,0,0,34
11820,0,23664285065,23664285087,0,0,-22
11821,0,23666287487,23666287506,0,0,-18
11822,0,23668289020,23668288937,0,0,82
11823,0,23670292095,23670292110,0,0,-14
11824,0,23672294238,23672294211,0,0,26
11825,0,23674295579,23674295546,0,0,32
11826,0,23676296866,23676296851,0,0,15
11827,0,23678299152,23678299107,0,0,45
11828,0,23680302265,23680302277,0,0,-11
11829,0,23682304723,23682304669,0,0,53
11830,0,23684309034,23684308977,0,0,57
11831,0,23686307757,23686307733,0,0,23
11832,0,23688310362,23688310331,0,0,31
11833,0,23690313941,23690313914,0,0,26
11834,0,23692316075,23692316064,0,0,11
11835,0,23694317787,23694317748,0,0,38
11836,0,23696319369,23696319341,0,0,28
11837,0,23698322456,23698322406,0,0,50
11838,0,23700324797,23700324700,0,0,97
11839,0,23702327114,23702327044,0,0,69
11840,0,23704329908,23704329856,0,0,51
11841,0,23706331185,23706331197,0,0,-12
11842,0,23708332524,23708332546,0,0,-21
11843,0,23710335817,23710335849,0,0,-31
11844,0,23712338388,23712338352,0,0,36
11845,0,23714340415,23714340366,0,0,49
11846,0,23716343565,23716343514,0,0,50
11847,0,23718344763,23718344755,0,0,7
11848,0,23720346755,23720346741,0,0,13
11849,0,23722348455,23722348467,0,0,-12
11850,0,23724352495,23724352505,0,0,-9
11851,0,23726354631,23726354594,0,0,37
11852,0,23728355766,23728355714,0,0,51
11853,0,23730357793,23730357759,0,0,33
11854,0,23732359600,23732359562,0,0,37
11855,0,23734363245,23734363196,0,0,49
11856,0,23736364925,23736364890,0,0,35
11857,0,23738366598,23738366562,0,0,35
11858,0,23740368337,23740368281,0,0,56
11859,0,23742371632,23742371593,0,0,38
11860,0,23744373985,23744373931,0,0,53
11861,0,23746375591,23746375550,0,0,40
11862,0,23748378660,23748378655,0,0,5
11863,0,23750380386,23750380371,0,0,15
11864,0,23752382315,23752382279,0,0,35
11865,0,23754384141,23754384114,0,0,26
11866,0,23756387035,23756387012,0,0,23
11867,0,23758389315,23758389268,0,0,47
11868,0,23760391434,23760391444,0,0,-9
11869,0,23762393335,23762393297,0,0,38
11870,0,23764395040,23764395002,0,0,37
11871,0,23766397791,23766397755,0,0,35
11872,0,23768399231,23768399217,0,0,13
11873,0,23770402281,23770402244,0,0,37
11874,0,23772403777,23772403764,0,0,13
11875,0,23774406796,23774406838,0,0,-41
11876,0,23776409422,23776409451,0,0,-29
11877,0,23778411544,23778411512,0,0,31
11878,0,23780414577,23780414530,0,0,46
11879,0,23782415712,23782415746,0,0,-34
11880,0,23784419439,23784419387,0,0,51
11881,0,23786420568,23786420546,0,0,22
11882,0,23788422826,23788422785,0,0,40
11883,0,23790424543,23790424514,0,0,29
11884,0,23792425885,23792425853,0,0,31
11885,0,23794429038,23794429009,0,0,29
11886,0,23796430591,23796430570,0,0,20
11887,0,23798434480,23798434458,0,0,22
11888,0,23800436968,23800436938,0,0,29
11889,0,23802437897,23802437876,0,0,20
11890,0,23804439253,23804439226,0,0,26
11891,0,23806442371,23806442355,0,0,16
11892,0,23808443879,23808443855,0,0,24
11893,0,23810446894,23810446887,0,0,6
11894,0,23812449414,23812449367,0,0,47
11895,0,23814452204,23814452171,0,0,32
11896,0,23816453526,23816453498,0,0,28
11897,0,23818454503,23818454530,0,0,-26
11898,0,23820457476,23820457508,0,0,-32
11899,0,23822460593,23822460569,0,0,23
11900,0,23824462358,23824462260,0,0,97
11901,0,23826463466,23826463437,0,0,29
11902,0,23828466292,23828466255,0,0,37
11903,0,23830469954,23830469924,0,0,29
11904,0,23832471352,23832471322,0,0,30
11905,0,23834472620,23834472599,0,0,20
11906,0,23836476108,23836476087,0,0,20
11907,0,23838478381,23838478369,0,0,11
11908,0,23840480483,23840480533,0,0,-49
11909,0,23842482350,23842482396,0,0,-46
11910,0,23844485154,23844485193,0,0,-38
11911,0,23846487119,23846487164,0,0,-44
11912,0,23848489249,23848489303,0,0,-53
11913,0,23850491372,23850491336,0,0,35
11914,0,23852492624,23852492593,0,0,31
11915,0,23854494809,23854494844,0,0,-35
11916,0,23856498031,23856498047,0,0,-15
11917,0,23858499225,23858499266,0,0,-40
11918,0,23860501582,23860501594,0,0,-12
11919,0,23862504469,23862504508,0,0,-38
11920,0,23864506505,23864506492,0,0,12
11921,0,23866509275,23866509242,0,0,33
11922,0,23868511686,23868511671,0,0,14
11923,0,23870513939,23870513925,0,0,13
11924,0,23872516322,23872516280,0,0,41
11925,0,23874518186,23874518173,0,0,13
11926,0,23876520898,23876520889,0,0,8
11927,0,23878522705,23878522678,0,0,26
11928,0,23880524942,23880524905,0,0,36
11929,0,23882527342,23882527322,0,0,20
11930,0,23884530687,23884530660,0,0,27
11931,0,23886531357,23886531342,0,0,14
11932,0,23888532865,23888532894,0,0,-29
11933,0,23890535900,23890535926,0,0,-26
11934,0,23892537564,23892537530,0,0,33
11935,0,23894540378,23894540363,0,0,15
11936,0,23896542111,23896542071,0,0,39
11937,0,23898543849,23898543790,0,0,58
11938,0,23900547623,23900547559,0,0,63
11939,0,23902549235,23902549220,0,0,15
11940,0,23904551991,23904551963,0,0,28
11941,0,23906553946,23906553912,0,0,34
11942,0,23908557154,23908557116,0,0,37
11943,0,23910557865,23910557852,0,0,12
11944,0,23912559595,23912559544,0,0,51
11945,0,23914562405,23914562361,0,0,44
11946,0,23916564574,23916564545,0,0,29
11947,0,23918567000,23918566975,0,0,24
11948,0,23920568307,23920568277,0,0,29
11949,0,23922570755,23922570729,0,0,25
11950,0,23924573901,23924573863,0,0,37
11951,0,23926577591,23926577556,0,0,35
11952,0,23928579561,23928579525,0,0,35
11953,0,23930580513,23930580523,0,0,-9
11954,0,23932583185,23932583195,0,0,-9
11955,0,23934584692,23934584707,0,0,-14
11956,0,23936585985,23936586000,0,0,-14
11957,0,23938588424,23938588369,0,0,55
11958,0,23940591527,23940591461,0,0,65
11959,0,23942592612,23942592553,0,0,58
11960,0,23944595701,23944595634,0,0,67
11961,0,23946598970,23946598920,0,0,50
11962,0,23948600904,23948600853,0,0,51
11963,0,23950602618,23950602583,0,0,35
11964,0,23952603959,23952604002,0,0,-42
11965,0,23954607137,23954607164,0,0,-27
11966,0,23956609451,23956609480,0,0,-29
11967,0,23958611913,23958611921,0,0,-8
11968,0,23960613776,23960613766,0,0,10
11969,0,23962616251,23962616201,0,0,49
11970,0,23964618721,23964618694,0,0,26
11971,0,23966620927,23966620896,0,0,30
11972,0,23968623296,23968623224,0,0,71
11973,0,23970625119,23970625132,0,0,-13
11974,0,23972627067,23972627101,0,0,-33
11975,0,23974628986,23974629008,0,0,-22
11976,0,23976631447,23976631460,0,0,-13
11977,0,23978632995,23978633011,0,0,-15
11978,0,23980636473,23980636419,0,0,53
11979,0,23982638171,23982638122,0,0,49
11980,0,23984640912,23984640858,0,0,53
11981,0,23986642771,23986642731,0,0,40
11982,0,23988645537,23988645443,0,0,94
11983,0,23990647435,23990647386,0,0,49
11984,0,23992649616,23992649562,0,0,53
11985,0,23994651865,23994651815,0,0,50
11986,0,23996653925,23996653876,0,0,49
11987,0,23998656319,23998656297,0,0,21
11988,0,24000658473,24000658437,0,0,35
11989,0,24002660823,24002660764,0,0,59
11990,0,24004662977,24004662936,0,0,40
11991,0,24006666098,24006666087,0,0,11
11992,0,24008667231,24008667184,0,0,47
11993,0,24010669595,24010669555,0,0,40
11994,0,24012670874,24012670841,0,0,32
11995,0,24014672792,24014672744,0,0,47
11996,0,24016676004,24016676023,0,0,-19
11997,0,24018678260,24018678273,0,0,-13
11998,0,24020679651,24020679582,0,0,69
11999,0,24022682698,24022682662,0,0,35
12000,0,24024685752,24024685762,0,0,-10
12001,0,24026686934,24026686952,0,0,-17
12002,0,24028689413,24028689446,0,0,-32
12003,0,24030692935,24030692957,0,0,-21
12004,0,24032694411,24032694448,0,0,-36
12005,0,24034696334,24034696376,0,0,-41
12006,0,24036698413,24036698375,0,0,38
12007,0,24038700730,24038700704,0,0,25
12008,0,24040702791,24040702743,0,0,47
12009,0,24042705448,24042705430,0,0,17
12010,0,24044707480,24044707452,0,0,27
12011,0,24046709170,24046709170,0,0,0
12012,0,24048710996,24048710954,0,0,42
12013,0,24050714015,24050713989,0,0,25
12014,0,24052716076,24052716106,0,0,-30
12015,0,24054718920,24054718957,0,0,-36
12016,0,24056720402,24056720356,0,0,45
12017,0,24058722123,24058722087,0,0,35
12018,0,24060725305,24060725355,0,0,-49
12019,0,24062727453,24062727481,0,0,-28
12020,0,24064729694,24064729685,0,0,8
12021,0,24066731581,24066731548,0,0,33
12022,0,24068733257,24068733231,0,0,25
12023,0,24070736989,24070737031,0,0,-41
12024,0,24072737555,24072737536,0,0,19
12025,0,24074740930,24074740904,0,0,25
12026,0,24076743177,24076743148,0,0,29
12027,0,24078745206,24078745158,0,0,47
12028,0,24080747534,24080747486,0,0,47
12029,0,24082749492,24082749494,0,0,-1
12030,0,24084753855,24084753828,0,0,26
12031,0,24086755188,24086755173,0,0,15
12032,0,24088757121,24088757156,0,0,-34
12033,0,24090757692,24090757701,0,0,-8
12034,0,24092760787,24092760738,0,0,49
12035,0,24094762742,24094762719,0,0,23
12036,0,24096764153,24096764116,0,0,36
12037,0,24098767070,24098767044,0,0,25
12038,0,24100769020,24100768982,0,0,37
12039,0,24102772418,24102772376,0,0,42
12040,0,24104772866,24104772806,0,0,60
12041,0,24106775110,24106775085,0,0,24
12042,0,24108777136,24108777167,0,0,-31
12043,0,24110779458,24110779505,0,0,-47
12044,0,24112781962,24112781932,0,0,30
12045,0,24114785044,24114785035,0,0,8
12046,0,24116787195,24116787177,0,0,17
12047,0,24118789161,24118789197,0,0,-35
12048,0,24120792159,24120792188,0,0,-29
12049,0,24122793878,24122793860,0,0,17
12050,0,24124795899,24124795881,0,0,17
12051,0,24126798314,24126798298,0,0,15
12052,0,24128799843,24128799860,0,0,-17
12053,0,24130802923,24130802913,0,0,10
12054,0,24132805442,24132805423,0,0,18
12055,0,24134809551,24134809502,0,0,49
12056,0,24136810683,24136810664,0,0,19
12057,0,24138811833,24138811812,0,0,21
12058,0,24140813739,24140813707,0,0,31
12059,0,24142815536,24142815514,0,0,22
12060,0,24144818685,24144818714,0,0,-28
12061,0,24146820715,24146820687,0,0,28
12062,0,24148822906,24148822881,0,0,24
12063,0,24150824968,24150824933,0,0,35
12064,0,24152826173,24152826135,0,0,37
12065,0,24154829024,24154829004,0,0,20
12066,0,24156832060,24156832033,0,0,26
12067,0,24158834049,24158834031,0,0,17
12068,0,24160835447,24160835398,0,0,49
12069,0,24162838793,24162838756,0,0,37
12070,0,24164841178,24164841104,0,0,74
12071,0,24166844024,24166844011,0,0,13
12072,0,24168845060,24168845061,0,0,-1
12073,0,24170846670,24170846705,0,0,-34
12074,0,24172849855,24172849865,0,0,-9
12075,0,24174852654,24174852679,0,0,-24
12076,0,24176854406,24176854418,0,0,-11
12077,0,24178856386,24178856400,0,0,-13
12078,0,24180858570,24180858584,0,0,-13
12079,0,24182860986,24182860928,0,0,57
12080,0,24184865222,24184865235,0,0,-13
12081,0,24186865335,24186865357,0,0,-21
12082,0,24188867443,24188867460,0,0,-17
12083,0,24190869986,24190869959,0,0,27
12084,0,24192871680,24192871622,0,0,58
12085,0,24194873187,24194873200,0,0,-12
12086,0,24196876517,24196876510,0,0,7
12087,0,24198880176,24198880152,0,0,24
12088,0,24200881425,24200881388,0,0,37
12089,0,24202883240,24202883277,0,0,-37
12090,0,24204885323,24204885343,0,0,-19
12091,0,24206887799,24206887835,0,0,-35
12092,0,24208889667,24208889632,0,0,34
12093,0,24210891813,24210891764,0,0,49
12094,0,24212892977,24212892948,0,0,29
12095,0,24214895238,24214895213,0,0,25
12096,0,24216897905,24216897937,0,0,-32
12097,0,24218901195,24218901235,0,0,-39
12098,0,24220903069,24220903092,0,0,-22
12099,0,24222905323,24222905269,0,0,53
12100,0,24224907390,24224907325,0,0,64
12101,0,24226909176,24226909132,0,0,44
12102,0,24228912183,24228912111,0,0,71
12103,0,24230915042,24230914997,0,0,44
12104,0,24232915210,24232915150,0,0,59
12105,0,24234917452,24234917426,0,0,25
12106,0,24236920558,24236920518,0,0,40
12107,0,24238922728,24238922690,0,0,37
12108,0,24240924386,24240924354,0,0,31
12109,0,24242927424,24242927384,0,0,40
12110,0,24244930004,24244929995,0,0,8
12111,0,24246932604,24246932615,0,0,-11
12112,0,24248934239,24248934202,0,0,36
12113,0,24250936107,24250936060,0,0,47
12114,0,24252938375,24252938328,0,0,47
12115,0,24254940867,24254940809,0,0,57
12116,0,24256943514,24256943425,0,0,89
12117,0,24258945389,24258945323,0,0,65
12118,0,24260947752,24260947693,0,0,58
12119,0,24262949800,24262949752,0,0,47
12120,0,24264953398,24264953352,0,0,45
12121,0,24266954478,24266954427,0,0,51
12122,0,24268956958,24268956914,0,0,43
12123,0,24270959072,24270959032,0,0,40
12124,0,24272960689,24272960699,0,0,-9
12125,0,24274962370,24274962379,0,0,-9
12126,0,24276964333,24276964344,0,0,-11
12127,0,24278967316,24278967330,0,0,-13
12128,0,24280968380,24280968373,0,0,6
12129,0,24282970911,24282970932,0,0,-20
12130,0,24284975346,24284975361,0,0,-15
12131,0,24286975607,24286975646,0,0,-38
12132,0,24288978612,24288978645,0,0,-33
12133,0,24290979676,24290979709,0,0,-33
12134,0,24292982097,24292982114,0,0,-16
12135,0,24294985291,24294985259,0,0,31
12136,0,24296988482,24296988494,0,0,-11
12137,0,24298988847,24298988802,0,0,44
12138,0,24300992369,24300992348,0,0,21
12139,0,24302994250,24302994307,0,0,-57
12140,0,24304996520,24304996495,0,0,24
12141,0,24306998720,24306998669,0,0,50
12142,0,24309001113,24309001092,0,0,20
12143,0,24311004653,24311004643,0,0,10
12144,0,24313007049,24313007023,0,0,25
12145,0,24315007824,24315007791,0,0,33
12146,0,24317009801,24317009768,0,0,32
12147,0,24319011927,24319011901,0,0,25
12148,0,24321013684,24321013659,0,0,24
12149,0,24323016343,24323016310,0,0,33
12150,0,24325017843,24325017817,0,0,25
12151,0,24327020912,24327020878,0,0,33
12152,0,24329023145,24329023113,0,0,31
12153,0,24331025658,24331025696,0,0,-38
12154,0,24333027986,24333027959,0,0,27
12155,0,24335030099,24335030085,0,0,14
12156,0,24337032204,24337032177,0,0,26
12157,0,24339034644,24339034593,0,0,50
12158,0,24341036271,24341036250,0,0,20
12159,0,24343037883,24343037852,0,0,31
12160,0,24345040750,24345040729,0,0,20
12161,0,24347042161,24347042146,0,0,15
12162,0,24349045335,24349045370,0,0,-34
12163,0,24351046531,24351046554,0,0,-22
12164,0,24353049128,24353049139,0,0,-11
12165,0,24355051820,24355051810,0,0,10
12166,0,24357053521,24357053491,0,0,30
12167,0,24359056478,24359056456,0,0,22
12168,0,24361059423,24361059372,0,0,51
12169,0,24363060108,24363060094,0,0,13
12170,0,24365063557,24365063530,0,0,26
12171,0,24367065194,24367065174,0,0,20
12172,0,24369066631,24369066585,0,0,46
12173,0,24371069598,24371069552,0,0,46
12174,0,24373070723,24373070681,0,0,41
12175,0,24375073952,24375073941,0,0,11
12176,0,24377076518,24377076487,0,0,31
12177,0,24379078588,24379078596,0,0,-8
12178,0,24381079931,24381079972,0,0,-40
12179,0,24383082930,24383082964,0,0,-34
12180,0,24385086017,24385086046,0,0,-29
12181,0,24387087858,24387087869,0,0,-11
12182,0,24389089997,24389090040,0,0,-42
12183,0,24391091915,24391091886,0,0,29
12184,0,24393095197,24393095154,0,0,42
12185,0,24395096191,24395096181,0,0,10
12186,0,24397098987,24397098970,0,0,17
12187,0,24399100780,24399100805,0,0,-24
12188,0,24401102323,24401102371,0,0,-47
12189,0,24403105871,24403105905,0,0,-34
12190,0,24405107958,24405107897,0,0,60
12191,0,24407109795,24407109773,0,0,22
12192,0,24409111301,24409111285,0,0,15
12193,0,24411114512,24411114469,0,0,42
12194,0,24413116841,24413116787,0,0,53
12195,0,24415118646,24415118654,0,0,-8
12196,0,24417120238,24417120244,0,0,-6
12197,0,24419123159,24419123091,0,0,68
12198,0,24421124546,24421124508,0,0,37
12199,0,24423127882,24423127824,0,0,57
12200,0,24425130700,24425130661,0,0,38
12201,0,24427131404,24427131407,0,0,-3
12202,0,24429134806,24429134812,0,0,-6
12203,0,24431136654,24431136611,0,0,42
12204,0,24433138802,24433138775,0,0,26
12205,0,24435140114,24435140069,0,0,44
12206,0,24437143750,24437143660,0,0,89
12207,0,24439146251,24439146221,0,0,30
12208,0,24441147892,24441147856,0,0,35
12209,0,24443149706,24443149671,0,0,35
12210,0,24445151107,24445151092,0,0,15
12211,0,24447153648,24447153612,0,0,35
12212,0,24449156389,24449156364,0,0,25
12213,0,24451157794,24451157771,0,0,22
12214,0,24453160290,24453160256,0,0,34
12215,0,24455163965,24455163939,0,0,25
12216,0,24457166657,24457166612,0,0,44
12217,0,24459168030,24459168004,0,0,25
12218,0,24461170503,24461170476,0,0,26
12219,0,24463172004,24463171975,0,0,28
12220,0,24465173480,24465173443,0,0,37
12221,0,24467176626,24467176599,0,0,26
12222,0,24469178296,24469178229,0,0,67
12223,0,24471181177,24471181152,0,0,24
12224,0,24473183146,24473183087,0,0,58
12225,0,24475184816,24475184768,0,0,48
12226,0,24477188072,24477188053,0,0,19
12227,0,24479189982,24479189962,0,0,19
12228,0,24481192348,24481192277,0,0,71
12229,0,24483193025,24483193006,0,0,19
12230,0,24485197320,24485197341,0,0,-21
12231,0,24487198778,24487198761,0,0,17
12232,0,24489200783,24489200738,0,0,44
12233,0,24491202438,24491202404,0,0,33
12234,0,24493204952,24493204960,0,0,-7
12235,0,24495207968,24495207953,0,0,14
12236,0,24497210160,24497210117,0,0,42
12237,0,24499212441,24499212382,0,0,59
12238,0,24501215222,24501215208,0,0,13
12239,0,24503216704,24503216700,0,0,4
12240,0,24505219579,24505219597,0,0,-17
12241,0,24507221042,24507221057,0,0,-14
12242,0,24509222562,24509222595,0,0,-32
12243,0,24511225641,24511225595,0,0,45
12244,0,24513228103,24513228049,0,0,53
12245,0,24515230127,24515230095,0,0,31
12246,0,24517232693,24517232638,0,0,55
12247,0,24519234690,24519234649,0,0,40
12248,0,24521237826,24521237785,0,0,40
12249,0,24523239959,24523239973,0,0,-13
12250,0,24525241253,24525241280,0,0,-26
12251,0,24527243154,24527243188,0,0,-34
12252,0,24529244716,24529244737,0,0,-20
12253,0,24531247952,24531247990,0,0,-38
12254,0,24533250338,24533250329,0,0,8
12255,0,24535251970,24535251931,0,0,39
12256,0,24537253350,24537253278,0,0,71
12257,0,24539255720,24539255671,0,0,49
12258,0,24541258963,24541258995,0,0,-32
12259,0,24543261182,24543261157,0,0,24
12260,0,24545262439,24545262390,0,0,49
12261,0,24547265486,24547265441,0,0,44
12262,0,24549267081,24549267085,0,0,-3
12263,0,24551270435,24551270460,0,0,-25
12264,0,24553273775,24553273721,0,0,53
12265,0,24555274620,24555274584,0,0,36
12266,0,24557276415,24557276359,0,0,55
12267,0,24559278067,24559278028,0,0,39
12268,0,24561281765,24561281713,0,0,51
12269,0,24563283505,24563283427,0,0,77
12270,0,24565286155,24565286103,0,0,51
12271,0,24567288760,24567288745,0,0,15
12272,0,24569290055,24569290020,0,0,35
12273,0,24571292424,24571292359,0,0,65
12274,0,24573294550,24573294511,0,0,38
12275,0,24575296750,24575296725,0,0,25
12276,0,24577299442,24577299388,0,0,53
12277,0,24579300937,24579300963,0,0,-26
12278,0,24581302784,24581302826,0,0,-41
12279,0,24583305966,24583305927,0,0,38
12280,0,24585310388,24585310370,0,0,17
12281,0,24587310350,24587310316,0,0,34
12282,0,24589312968,24589313011,0,0,-42
12283,0,24591315038,24591315020,0,0,17
12284,0,24593316871,24593316829,0,0,42
12285,0,24595319770,24595319793,0,0,-22
12286,0,24597321599,24597321583,0,0,15
12287,0,24599323846,24599323817,0,0,29
12288,0,24601325992,24601325968,0,0,23
12289,0,24603328069,24603328103,0,0,-33
12290,0,24605330748,24605330724,0,0,23
12291,0,24607332211,24607332203,0,0,8
12292,0,24609333823,24609333779,0,0,43
12293,0,24611336919,24611336907,0,0,11
12294,0,24613338170,24613338131,0,0,38
12295,0,24615341083,24615341049,0,0,34
12296,0,24617343945,24617343909,0,0,35
12297,0,24619345729,24619345766,0,0,-36
12298,0,24621347614,24621347652,0,0,-38
12299,0,24623349182,24623349173,0,0,8
12300,0,24625352415,24625352394,0,0,21
12301,0,24627355226,24627355187,0,0,38
12302,0,24629356679,24629356712,0,0,-33
12303,0,24631358721,24631358710,0,0,11
12304,0,24633361265,24633361242,0,0,22
12305,0,24635363041,24635363024,0,0,17
12306,0,24637366934,24637366907,0,0,26
12307,0,24639369378,24639369425,0,0,-47
12308,0,24641370113,24641370108,0,0,4
12309,0,24643372277,24643372288,0,0,-11
12310,0,24645374040,24645374031,0,0,8
12311,0,24647377303,24647377314,0,0,-11
12312,0,24649379607,24649379568,0,0,39
12313,0,24651382289,24651382274,0,0,15
12314,0,24653383223,24653383181,0,0,42
12315,0,24655385555,24655385519,0,0,36
12316,0,24657387373,24657387353,0,0,20
12317,0,24659390424,24659390407,0,0,16
12318,0,24661392929,24661392916,0,0,13
12319,0,24663394678,24663394651,0,0,27
12320,0,24665397149,24665397119,0,0,29
12321,0,24667399060,24667399047,0,0,13
12322,0,24669401071,24669401038,0,0,33
12323,0,24671403539,24671403516,0,0,22
12324,0,24673406186,24673406167,0,0,19
12325,0,24675408174,24675408116,0,0,57
12326,0,24677410442,24677410384,0,0,57
12327,0,24679412626,24679412639,0,0,-13
12328,0,24681414688,24681414712,0,0,-24
12329,0,24683417013,24683417027,0,0,-14
12330,0,24685420426,24685420453,0,0,-27
12331,0,24687421630,24687421598,0,0,31
12332,0,24689423808,24689423758,0,0,50
12333,0,24691425797,24691425770,0,0,26
12334,0,24693426878,24693426820,0,0,57
12335,0,24695430032,24695429997,0,0,34
12336,0,24697432522,24697432491,0,0,31
12337,0,24699434635,24699434578,0,0,56
12338,0,24701435768,24701435730,0,0,37
12339,0,24703437919,24703437883,0,0,36
12340,0,24705440253,24705440175,0,0,77
12341,0,24707442529,24707442465,0,0,63
12342,0,24709444805,24709444842,0,0,-36
12343,0,24711447981,24711447992,0,0,-11
12344,0,24713448991,24713448968,0,0,23
12345,0,24715452501,24715452454,0,0,47
12346,0,24717453488,24717453434,0,0,53
12347,0,24719456017,24719455993,0,0,23
12348,0,24721459572,24721459534,0,0,38
12349,0,24723461589,24723461525,0,0,63
12350,0,24725463582,24725463575,0,0,6
12351,0,24727466263,24727466289,0,0,-26
12352,0,24729468099,24729468020,0,0,78
12353,0,24731469583,24731469546,0,0,37
12354,0,24733472971,24733472934,0,0,37
12355,0,24735474702,24735474648,0,0,53
12356,0,24737475844,24737475780,0,0,64
12357,0,24739478269,24739478222,0,0,47
12358,0,24741481854,24741481817,0,0,37
12359,0,24743483631,24743483595,0,0,35
12360,0,24745485465,24745485428,0,0,37
12361,0,24747488146,24747488089,0,0,56
12362,0,24749490139,24749490097,0,0,42
12363,0,24751491757,24751491737,0,0,19
12364,0,24753495551,24753495511,0,0,40
12365,0,24755497166,24755497124,0,0,42
12366,0,24757499710,24757499727,0,0,-16
12367,0,24759502317,24759502342,0,0,-24
12368,0,24761505080,24761505030,0,0,50
12369,0,24763506264,24763506226,0,0,37
12370,0,24765508501,24765508459,0,0,41
12371,0,24767510395,24767510381,0,0,14
12372,0,24769512753,24769512658,0,0,94
12373,0,24771515189,24771515130,0,0,58
12374,0,24773517765,24773517703,0,0,62
12375,0,24775520532,24775520502,0,0,30
12376,0,24777522787,24777522741,0,0,45
12377,0,24779524840,24779524800,0,0,40
12378,0,24781526102,24781526083,0,0,19
12379,0,24783527965,24783527954,0,0,11
12380,0,24785530769,24785530757,0,0,11
12381,0,24787532457,24787532420,0,0,37
12382,0,24789534042,24789534051,0,0,-9
12383,0,24791537402,24791537422,0,0,-20
12384,0,24793539193,24793539202,0,0,-8
12385,0,24795540609,24795540654,0,0,-44
12386,0,24797543579,24797543593,0,0,-14
12387,0,24799544935,24799544961,0,0,-26
12388,0,24801548022,24801548059,0,0,-36
12389,0,24803549978,24803549916,0,0,61
12390,0,24805553009,24805552949,0,0,60
12391,0,24807554923,24807554865,0,0,57
12392,0,24809557132,24809557073,0,0,59
12393,0,24811560608,24811560571,0,0,37
12394,0,24813561555,24813561507,0,0,47
12395,0,24815563881,24815563856,0,0,25
12396,0,24817566238,24817566194,0,0,43
12397,0,24819568094,24819568052,0,0,42
12398,0,24821569506,24821569517,0,0,-11
12399,0,24823572618,24823572570,0,0,47
12400,0,24825575173,24825575141,0,0,32
12401,0,24827577047,24827577007,0,0,39
12402,0,24829578427,24829578408,0,0,18
12403,0,24831581747,24831581723,0,0,24
12404,0,24833583813,24833583755,0,0,57
12405,0,24835586443,24835586406,0,0,37
12406,0,24837588508,24837588467,0,0,41
12407,0,24839591179,24839591215,0,0,-35
12408,0,24841592993,24841593010,0,0,-17
12409,0,24843596069,24843596038,0,0,31
12410,0,24845597106,24845597077,0,0,29
12411,0,24847599720,24847599691,0,0,29
12412,0,24849601778,24849601741,0,0,36
12413,0,24851603821,24851603784,0,0,37
12414,0,24853606121,24853606049,0,0,71
12415,0,24855608351,24855608314,0,0,37
12416,0,24857610990,24857610936,0,0,53
12417,0,24859612896,24859612874,0,0,22
12418,0,24861615139,24861615110,0,0,29
12419,0,24863616902,24863616880,0,0,22
12420,0,24865617994,24865618015,0,0,-20
12421,0,24867620659,24867620698,0,0,-39
12422,0,24869622582,24869622593,0,0,-10
12423,0,24871624790,24871624811,0,0,-21
12424,0,24873627296,24873627321,0,0,-25
12425,0,24875630391,24875630354,0,0,37
12426,0,24877631556,24877631536,0,0,20
12427,0,24879633465,24879633456,0,0,8
12428,0,24881636379,24881636344,0,0,35
12429,0,24883639401,24883639381,0,0,20
12430,0,24885642928,24885642905,0,0,23
12431,0,24887645169,24887645159,0,0,10
12432,0,24889647325,24889647294,0,0,31
12433,0,24891648621,24891648615,0,0,5
12434,0,24893650818,24893650793,0,0,24
12435,0,24895652866,24895652851,0,0,14
12436,0,24897655140,24897655096,0,0,43
12437,0,24899657742,24899657719,0,0,23
12438,0,24901659256,24901659229,0,0,26
12439,0,24903660431,24903660413,0,0,17
12440,0,24905662743,24905662795,0,0,-51
12441,0,24907667368,24907667391,0,0,-23
12442,0,24909668980,24909668993,0,0,-13
12443,0,24911670604,24911670647,0,0,-42
12444,0,24913673226,24913673248,0,0,-22
12445,0,24915675152,24915675167,0,0,-14
12446,0,24917677487,24917677505,0,0,-17
12447,0,24919679623,24919679577,0,0,45
12448,0,24921681991,24921681947,0,0,44
12449,0,24923683957,24923683903,0,0,53
12450,0,24925686336,24925686300,0,0,35
12451,0,24927688664,24927688637,0,0,26
12452,0,24929690991,24929690944,0,0,46
12453,0,24931693204,24931693168,0,0,35
12454,0,24933695244,24933695219,0,0,25
12455,0,24935697505,24935697494,0,0,11
12456,0,24937699694,24937699656,0,0,38
12457,0,24939702969,24939702941,0,0,27
12458,0,24941704123,24941704076,0,0,47
12459,0,24943706285,24943706249,0,0,35
12460,0,24945708928,24945708900,0,0,27
12461,0,24947710852,24947710829,0,0,23
12462,0,24949712884,24949712818,0,0,65
12463,0,24951715403,24951715360,0,0,42
12464,0,24953716804,24953716757,0,0,47
12465,0,24955718200,24955718227,0,0,-26
12466,0,24957720898,24957720844,0,0,53
12467,0,24959723763,24959723719,0,0,43
12468,0,24961725357,24961725311,0,0,46
12469,0,24963728020,24963728043,0,0,-22
12470,0,24965729895,24965729906,0,0,-11
12471,0,24967732882,24967732856,0,0,25
12472,0,24969734928,24969734883,0,0,44
12473,0,24971737352,24971737312,0,0,40
12474,0,24973740038,24973740009,0,0,29
12475,0,24975741887,24975741830,0,0,57
12476,0,24977743784,24977743766,0,0,18
12477,0,24979744927,24979744879,0,0,47
12478,0,24981747771,24981747716,0,0,54
12479,0,24983750915,24983750889,0,0,25
12480,0,24985754373,24985754276,0,0,97
12481,0,24987754923,24987754950,0,0,-26
12482,0,24989756204,24989756171,0,0,32
12483,0,24991758692,24991758644,0,0,47
12484,0,24993762119,24993762052,0,0,66
12485,0,24995763836,24995763817,0,0,19
12486,0,24997765161,24997765120,0,0,41
12487,0,24999767984,24999767944,0,0,39
12488,0,25001769802,25001769784,0,0,18
12489,0,25003773040,25003773060,0,0,-20
12490,0,25005776177,25005776159,0,0,18
12491,0,25007777537,25007777578,0,0,-40
12492,0,25009780119,25009780060,0,0,59
12493,0,25011782098,25011782047,0,0,51
12494,0,25013784079,25013784040,0,0,38
12495,0,25015787080,25015787119,0,0,-39
12496,0,25017788431,25017788458,0,0,-26
12497,0,25019790731,25019790759,0,0,-27
12498,0,25021792966,25021792949,0,0,17
12499,0,25023794904,25023794936,0,0,-31
12500,0,25025797005,25025796970,0,0,35
12501,0,25027799408,25027799389,0,0,18
12502,0,25029800509,25029800570,0,0,-60
12503,0,25031802979,25031802958,0,0,20
12504,0,25033805940,25033805988,0,0,-48
12505,0,25035807407,25035807438,0,0,-31
12506,0,25037810844,25037810867,0,0,-22
12507,0,25039812844,25039812826,0,0,17
12508,0,25041815359,25041815325,0,0,33
12509,0,25043817128,25043817062,0,0,65
12510,0,25045818573,25045818538,0,0,35
12511,0,25047821871,25047821845,0,0,25
12512,0,25049823916,25049823973,0,0,-56
12513,0,25051825196,25051825155,0,0,41
12514,0,25053828831,25053828874,0,0,-42
12515,0,25055830666,25055830638,0,0,27
12516,0,25057833554,25057833530,0,0,23
12517,0,25059835196,25059835173,0,0,23
12518,0,25061838460,25061838402,0,0,57
12519,0,25063840226,25063840185,0,0,41
12520,0,25065840504,25065840541,0,0,-36
12521,0,25067843565,25067843528,0,0,37
12522,0,25069847425,25069847382,0,0,42
12523,0,25071848300,25071848283,0,0,17
12524,0,25073849633,25073849588,0,0,44
12525,0,25075851978,25075851955,0,0,23
12526,0,25077854871,25077854832,0,0,39
12527,0,25079858453,25079858433,0,0,20
12528,0,25081860969,25081860943,0,0,25
12529,0,25083861897,25083861853,0,0,43
12530,0,25085866357,25085866318,0,0,39
12531,0,25087867116,25087867099,0,0,17
12532,0,25089867899,25089867892,0,0,7
12533,0,25091870017,25091869957,0,0,59
12534,0,25093873421,25093873374,0,0,47
12535,0,25095876137,25095876106,0,0,31
12536,0,25097878339,25097878310,0,0,29
12537,0,25099878960,25099878933,0,0,26
12538,0,25101883442,25101883402,0,0,40
12539,0,25103884074,25103884033,0,0,40
12540,0,25105886525,25105886485,0,0,40
12541,0,25107888427,25107888402,0,0,25
12542,0,25109890325,25109890268,0,0,56
12543,0,25111892957,25111892932,0,0,24
12544,0,25113894211,25113894151,0,0,59
12545,0,25115896662,25115896596,0,0,65
12546,0,25117899869,25117899806,0,0,63
12547,0,25119902029,25119901981,0,0,47
12548,0,25121903775,25121903697,0,0,77
12549,0,25123905273,25123905224,0,0,49
12550,0,25125907501,25125907438,0,0,62
12551,0,25127909816,25127909728,0,0,88
12552,0,25129912994,25129913013,0,0,-19
12553,0,25131914307,25131914341,0,0,-34
12554,0,25133919071,25133919044,0,0,26
12555,0,25135919678,25135919656,0,0,22
12556,0,25137921986,25137921962,0,0,24
12557,0,25139924103,25139924084,0,0,19
12558,0,25141925950,25141925941,0,0,8
12559,0,25143928905,25143928881,0,0,23
12560,0,25145930970,25145930963,0,0,6
12561,0,25147933024,25147932993,0,0,31
12562,0,25149934529,25149934515,0,0,13
12563,0,25151937452,25151937441,0,0,11
12564,0,25153938791,25153938776,0,0,15
12565,0,25155942274,25155942247,0,0,26
12566,0,25157943884,25157943869,0,0,15
12567,0,25159945622,25159945589,0,0,32
12568,0,25161948824,25161948797,0,0,26
12569,0,25163951546,25163951595,0,0,-48
12570,0,25165954152,25165954118,0,0,33
12571,0,25167955785,25167955767,0,0,17
12572,0,25169957701,25169957676,0,0,24
12573,0,25171959732,25171959757,0,0,-25
12574,0,25173962337,25173962388,0,0,-51
12575,0,25175964783,25175964768,0,0,15
12576,0,25177966927,25177966919,0,0,8
12577,0,25179969182,25179969146,0,0,35
12578,0,25181971275,25181971296,0,0,-21
12579,0,25183974224,25183974196,0,0,27
12580,0,25185977853,25185977815,0,0,37
12581,0,25187977629,25187977591,0,0,37
12582,0,25189979856,25189979878,0,0,-22
12583,0,25191982075,25191982031,0,0,43
12584,0,25193984545,25193984467,0,0,78
12585,0,25195986606,25195986562,0,0,43
12586,0,25197988732,25197988689,0,0,42
12587,0,25199990824,25199990786,0,0,38
12588,0,25201992915,25201992878,0,0,37
12589,0,25203994912,25203994867,0,0,45
12590,0,25205997670,25205997589,0,0,80
12591,0,25208000570,25208000522,0,0,47
12592,0,25210002285,25210002244,0,0,40
12593,0,25212004135,25212004083,0,0,51
12594,0,25214005900,25214005844,0,0,56
12595,0,25216009226,25216009202,0,0,23
12596,0,25218011012,25218010977,0,0,35
12597,0,25220012841,25220012856,0,0,-14
12598,0,25222014456,25222014482,0,0,-26
12599,0,25224017808,25224017764,0,0,44
12600,0,25226020509,25226020467,0,0,41
12601,0,25228021882,25228021847,0,0,35
12602,0,25230024069,25230024037,0,0,32
12603,0,25232025676,25232025643,0,0,33
12604,0,25234029195,25234029184,0,0,11
12605,0,25236030752,25236030786,0,0,-33
12606,0,25238032371,25238032336,0,0,35
12607,0,25240035388,25240035355,0,0,33
12608,0,25242037197,25242037137,0,0,60
12609,0,25244039102,25244039120,0,0,-17
12610,0,25246042770,25246042734,0,0,36
12611,0,25248043964,25248043937,0,0,27
12612,0,25250045384,25250045312,0,0,71
12613,0,25252047864,25252047833,0,0,31
12614,0,25254050930,25254050919,0,0,11
12615,0,25256053350,25256053323,0,0,26
12616,0,25258055553,25258055559,0,0,-6
12617,0,25260057689,25260057649,0,0,40
12618,0,25262060097,25262060068,0,0,29
12619,0,25264061984,25264061953,0,0,30
12620,0,25266063943,25266063906,0,0,36
12621,0,25268065786,25268065804,0,0,-17
12622,0,25270068820,25270068771,0,0,48
12623,0,25272071235,25272071211,0,0,23
12624,0,25274073514,25274073476,0,0,38
12625,0,25276075191,25276075159,0,0,31
12626,0,25278077593,25278077547,0,0,45
12627,0,25280079919,25280079875,0,0,44
12628,0,25282081759,25282081791,0,0,-31
12629,0,25284083145,25284083159,0,0,-14
12630,0,25286086784,25286086807,0,0,-22
12631,0,25288088674,25288088688,0,0,-14
12632,0,25290089937,25290089965,0,0,-28
12633,0,25292092082,25292092029,0,0,53
12634,0,25294095656,25294095617,0,0,38
12635,0,25296097840,25296097800,0,0,40
12636,0,25298099865,25298099833,0,0,32
12637,0,25300101300,25300101270,0,0,29
12638,0,25302104478,25302104432,0,0,45
12639,0,25304107312,25304107330,0,0,-17
12640,0,25306108779,25306108788,0,0,-8
12641,0,25308110413,25308110382,0,0,30
12642,0,25310113607,25310113565,0,0,42
12643,0,25312115737,25312115707,0,0,29
12644,0,25314118042,25314118058,0,0,-16
12645,0,25316119993,25316120025,0,0,-32
12646,0,25318122283,25318122289,0,0,-6
12647,0,25320124727,25320124687,0,0,39
12648,0,25322127042,25322127004,0,0,38
12649,0,25324128766,25324128780,0,0,-13
12650,0,25326131344,25326131370,0,0,-25
12651,0,25328133756,25328133799,0,0,-42
12652,0,25330135637,25330135656,0,0,-19
12653,0,25332137819,25332137832,0,0,-13
12654,0,25334140602,25334140624,0,0,-21
12655,0,25336143053,25336143033,0,0,20
12656,0,25338145609,25338145575,0,0,33
12657,0,25340146549,25340146558,0,0,-8
12658,0,25342148863,25342148890,0,0,-26
12659,0,25344151244,25344151217,0,0,26
12660,0,25346153379,25346153319,0,0,60
12661,0,25348155608,25348155555,0,0,53
12662,0,25350158170,25350158094,0,0,75
12663,0,25352160466,25352160441,0,0,24
12664,0,25354162770,25354162737,0,0,33
12665,0,25356164460,25356164428,0,0,32
12666,0,25358166888,25358166859,0,0,29
12667,0,25360169723,25360169699,0,0,23
12668,0,25362170042,25362170012,0,0,29
12669,0,25364173741,25364173676,0,0,65
12670,0,25366175387,25366175320,0,0,67
12671,0,25368176845,25368176808,0,0,37
12672,0,25370179982,25370179901,0,0,80
12673,0,25372181159,25372181208,0,0,-48
12674,0,25374183775,25374183795,0,0,-20
12675,0,25376186878,25376186866,0,0,11
12676,0,25378188826,25378188797,0,0,29
12677,0,25380190101,25380190093,0,0,7
12678,0,25382193404,25382193397,0,0,6
12679,0,25384195271,25384195260,0,0,10
12680,0,25386198290,25386198265,0,0,24
12681,0,25388200159,25388200146,0,0,13
12682,0,25390202519,25390202541,0,0,-21
12683,0,25392205352,25392205339,0,0,13
12684,0,25394207038,25394206993,0,0,44
12685,0,25396209116,25396209091,0,0,25
12686,0,25398210957,25398210897,0,0,60
12687,0,25400213035,25400212981,0,0,53
12688,0,25402215296,25402215238,0,0,57
12689,0,25404216649,25404216603,0,0,45
12690,0,25406219112,25406219081,0,0,30
12691,0,25408221955,25408221937,0,0,18
12692,0,25410223323,25410223267,0,0,55
12693,0,25412225489,25412225458,0,0,30
12694,0,25414227793,25414227836,0,0,-43
12695,0,25416231198,25416231244,0,0,-46
12696,0,25418233122,25418233154,0,0,-31
12697,0,25420234721,25420234704,0,0,17
12698,0,25422237874,25422237849,0,0,24
12699,0,25424239806,25424239795,0,0,11
12700,0,25426241759,25426241746,0,0,12
12701,0,25428245026,25428244993,0,0,33
12702,0,25430247155,25430247130,0,0,24
12703,0,25432249471,25432249436,0,0,35
12704,0,25434251057,25434251033,0,0,23
12705,0,25436253034,25436253022,0,0,12
12706,0,25438255670,25438255615,0,0,54
12707,0,25440258006,25440257973,0,0,32
12708,0,25442259081,25442259038,0,0,42
12709,0,25444261185,25444261131,0,0,53
12710,0,25446264316,25446264251,0,0,64
12711,0,25448266725,25448266752,0,0,-26
12712,0,25450268798,25450268733,0,0,65
12713,0,25452270754,25452270684,0,0,69
12714,0,25454273620,25454273586,0,0,33
12715,0,25456276756,25456276714,0,0,41
12716,0,25458277627,25458277557,0,0,70
12717,0,25460279203,25460279170,0,0,32
12718,0,25462282640,25462282631,0,0,8
12719,0,25464284970,25464284987,0,0,-16
12720,0,25466286852,25466286804,0,0,47
12721,0,25468289137,25468289161,0,0,-24
12722,0,25470291923,25470291946,0,0,-22
12723,0,25472293246,25472293220,0,0,25
12724,0,25474294888,25474294802,0,0,86
12725,0,25476297834,25476297815,0,0,18
12726,0,25478299860,25478299824,0,0,35
12727,0,25480302680,25480302647,0,0,33
12728,0,25482304276,25482304321,0,0,-44
12729,0,25484305719,25484305752,0,0,-33
12730,0,25486310552,25486310582,0,0,-29
12731,0,25488311884,25488311852,0,0,31
12732,0,25490313703,25490313669,0,0,33
12733,0,25492315653,25492315609,0,0,44
12734,0,25494317023,25494316950,0,0,72
12735,0,25496320003,25496319967,0,0,35
12736,0,25498321817,25498321761,0,0,56
12737,0,25500324505,25500324474,0,0,30
12738,0,25502326651,25502326700,0,0,-49
12739,0,25504328672,25504328637,0,0,35
12740,0,25506330194,25506330185,0,0,8
12741,0,25508332380,25508332371,0,0,8
12742,0,25510334853,25510334817,0,0,35
12743,0,25512338197,25512338233,0,0,-35
12744,0,25514340225,25514340249,0,0,-24
12745,0,25516342451,25516342476,0,0,-24
12746,0,25518344655,25518344694,0,0,-39
12747,0,25520347338,25520347381,0,0,-42
12748,0,25522348967,25522348944,0,0,22
12749,0,25524350413,25524350381,0,0,31
12750,0,25526353331,25526353342,0,0,-11
12751,0,25528355397,25528355434,0,0,-37
12752,0,25530357679,25530357724,0,0,-44
12753,0,25532359060,25532359097,0,0,-36
12754,0,25534361544,25534361512,0,0,31
12755,0,25536364506,25536364465,0,0,40
12756,0,25538366022,25538365973,0,0,49
12757,0,25540368831,25540368783,0,0,47
12758,0,25542370506,25542370435,0,0,70
12759,0,25544373863,25544373833,0,0,29
12760,0,25546375748,25546375730,0,0,17
12761,0,25548376858,25548376849,0,0,8
12762,0,25550379224,25550379195,0,0,29
12763,0,25552382925,25552382887,0,0,37
12764,0,25554384469,25554384485,0,0,-16
12765,0,25556385816,25556385831,0,0,-14
12766,0,25558388235,25558388246,0,0,-11
12767,0,25560390489,25560390451,0,0,37
12768,0,25562394257,25562394249,0,0,7
12769,0,25564396089,25564396112,0,0,-22
12770,0,25566397772,25566397716,0,0,55
12771,0,25568399180,25568399153,0,0,26
12772,0,25570402625,25570402672,0,0,-47
12773,0,25572405026,25572405051,0,0,-24
12774,0,25574407631,25574407572,0,0,59
12775,0,25576409408,25576409451,0,0,-42
12776,0,25578411372,25578411338,0,0,33
12777,0,25580413686,25580413653,0,0,32
12778,0,25582415847,25582415817,0,0,29
12779,0,25584418263,25584418244,0,0,18
12780,0,25586422220,25586422184,0,0,36
12781,0,25588422876,25588422839,0,0,36
12782,0,25590425056,25590425017,0,0,38
12783,0,25592427008,25592426998,0,0,10
12784,0,25594429161,25594429140,0,0,20
12785,0,25596431418,25596431389,0,0,29
12786,0,25598433487,25598433453,0,0,34
12787,0,25600434718,25600434754,0,0,-35
12788,0,25602437932,25602437959,0,0,-26
12789,0,25604439487,25604439543,0,0,-56
12790,0,25606442605,25606442556,0,0,49
12791,0,25608444575,25608444550,0,0,24
12792,0,25610445842,25610445882,0,0,-40
12793,0,25612448103,25612448136,0,0,-32
12794,0,25614450435,25614450464,0,0,-28
12795,0,25616454505,25616454489,0,0,15
12796,0,25618455211,25618455200,0,0,10
12797,0,25620458557,25620458522,0,0,35
12798,0,25622460696,25622460739,0,0,-42
12799,0,25624462758,25624462795,0,0,-36
12800,0,25626465359,25626465304,0,0,54
12801,0,25628466813,25628466766,0,0,47
12802,0,25630468456,25630468508,0,0,-52
12803,0,25632471452,25632471360,0,0,92
12804,0,25634473649,25634473569,0,0,79
12805,0,25636475011,25636475000,0,0,11
12806,0,25638478346,25638478315,0,0,30
12807,0,25640481143,25640481112,0,0,31
12808,0,25642482386,25642482321,0,0,65
12809,0,25644483649,25644483640,0,0,8
12810,0,25646486311,25646486302,0,0,8
12811,0,25648489269,25648489265,0,0,4
12812,0,25650492148,25650492119,0,0,29
12813,0,25652492658,25652492684,0,0,-25
12814,0,25654495260,25654495231,0,0,29
12815,0,25656499484,25656499447,0,0,36
12816,0,25658501769,25658501802,0,0,-33
12817,0,25660502864,25660502909,0,0,-44
12818,0,25662505214,25662505170,0,0,44
12819,0,25664507025,25664506998,0,0,26
12820,0,25666508566,25666508595,0,0,-29
12821,0,25668511179,25668511140,0,0,38
12822,0,25670512656,25670512630,0,0,26
12823,0,25672514749,25672514711,0,0,38
12824,0,25674517340,25674517304,0,0,35
12825,0,25676520255,25676520281,0,0,-26
12826,0,25678521822,25678521851,0,0,-29
12827,0,25680524516,25680524549,0,0,-33
12828,0,25682527467,25682527444,0,0,22
12829,0,25684529258,25684529235,0,0,23
12830,0,25686532147,25686532114,0,0,32
12831,0,25688534033,25688534020,0,0,13
12832,0,25690536338,25690536324,0,0,13
12833,0,25692538279,25692538311,0,0,-31
12834,0,25694540651,25694540667,0,0,-15
12835,0,25696542658,25696542689,0,0,-31
12836,0,25698545427,25698545384,0,0,43
12837,0,25700547089,25700547044,0,0,45
12838,0,25702548440,25702548476,0,0,-35
12839,0,25704551225,25704551248,0,0,-22
12840,0,25706552447,25706552455,0,0,-7
12841,0,25708554916,25708554954,0,0,-37
12842,0,25710558311,25710558341,0,0,-29
12843,0,25712560318,25712560339,0,0,-21
12844,0,25714563651,25714563597,0,0,53
12845,0,25716564685,25716564717,0,0,-31
12846,0,25718566296,25718566314,0,0,-17
12847,0,25720570213,25720570167,0,0,45
12848,0,25722571413,25722571384,0,0,29
12849,0,25724572797,25724572759,0,0,37
12850,0,25726575332,25726575289,0,0,42
12851,0,25728578050,25728578065,0,0,-14
12852,0,25730579844,25730579810,0,0,34
12853,0,25732582786,25732582763,0,0,22
12854,0,25734584878,25734584820,0,0,57
12855,0,25736587676,25736587636,0,0,39
12856,0,25738589568,25738589543,0,0,24
12857,0,25740590734,25740590687,0,0,47
12858,0,25742594047,25742593995,0,0,51
12859,0,25744595802,25744595741,0,0,60
12860,0,25746598477,25746598422,0,0,55
12861,0,25748600248,25748600271,0,0,-22
12862,0,25750601838,25750601757,0,0,80
12863,0,25752604898,25752604839,0,0,58
12864,0,25754607180,25754607088,0,0,92
12865,0,25756608471,25756608481,0,0,-9
12866,0,25758611119,25758611145,0,0,-26
12867,0,25760613988,25760613936,0,0,52
12868,0,25762616544,25762616471,0,0,73
12869,0,25764618693,25764618635,0,0,58
12870,0,25766620678,25766620624,0,0,53
12871,0,25768623281,25768623201,0,0,80
12872,0,25770624806,25770624828,0,0,-21
12873,0,25772626457,25772626420,0,0,37
12874,0,25774629414,25774629420,0,0,-6
12875,0,25776631377,25776631395,0,0,-17
12876,0,25778633564,25778633573,0,0,-8
12877,0,25780634657,25780634686,0,0,-29
12878,0,25782637294,25782637308,0,0,-13
12879,0,25784640539,25784640559,0,0,-20
12880,0,25786643973,25786643932,0,0,41
12881,0,25788644833,25788644796,0,0,36
12882,0,25790646447,25790646374,0,0,72
12883,0,25792649201,25792649162,0,0,38
12884,0,25794650871,25794650797,0,0,74
12885,0,25796653950,25796653997,0,0,-47
12886,0,25798656053,25798656041,0,0,11
12887,0,25800658334,25800658350,0,0,-15
12888,0,25802659290,25802659310,0,0,-19
12889,0,25804661784,25804661757,0,0,26
12890,0,25806665100,25806665053,0,0,47
12891,0,25808667314,25808667330,0,0,-15
12892,0,25810670724,25810670775,0,0,-51
12893,0,25812672174,25812672132,0,0,42
12894,0,25814674123,25814674091,0,0,31
12895,0,25816675934,25816675919,0,0,15
12896,0,25818677083,25818677134,0,0,-51
12897,0,25820680198,25820680187,0,0,11
12898,0,25822683166,25822683161,0,0,5
12899,0,25824685198,25824685161,0,0,36
12900,0,25826687781,25826687746,0,0,34
12901,0,25828689939,25828689918,0,0,21
12902,0,25830692169,25830692202,0,0,-33
12903,0,25832694608,25832694643,0,0,-34
12904,0,25834696570,25834696560,0,0,10
12905,0,25836698479,25836698522,0,0,-42
12906,0,25838701056,25838701092,0,0,-35
12907,0,25840702952,25840702926,0,0,25
12908,0,25842705964,25842705917,0,0,47
12909,0,25844706087,25844706052,0,0,35
12910,0,25846708715,25846708628,0,0,87
12911,0,25848712471,25848712497,0,0,-26
12912,0,25850713932,25850713957,0,0,-24
12913,0,25852716440,25852716478,0,0,-38
12914,0,25854718995,25854719048,0,0,-53
12915,0,25856720965,25856720960,0,0,4
12916,0,25858723067,25858723006,0,0,60
12917,0,25860725005,25860724990,0,0,15
12918,0,25862726656,25862726640,0,0,15
12919,0,25864729562,25864729535,0,0,26
12920,0,25866732230,25866732258,0,0,-28
12921,0,25868734153,25868734141,0,0,11
12922,0,25870736085,25870736049,0,0,35
12923,0,25872737414,25872737449,0,0,-34
12924,0,25874741024,25874741078,0,0,-53
12925,0,25876742729,25876742764,0,0,-34
12926,0,25878744085,25878744048,0,0,37
12927,0,25880747014,25880746981,0,0,33
12928,0,25882748378,25882748404,0,0,-25
12929,0,25884750701,25884750695,0,0,5
12930,0,25886755901,25886755893,0,0,7
12931,0,25888756483,25888756456,0,0,26
12932,0,25890758504,25890758471,0,0,32
12933,0,25892760484,25892760467,0,0,17
12934,0,25894761865,25894761842,0,0,23
12935,0,25896764941,25896764905,0,0,35
12936,0,25898766431,25898766384,0,0,47
12937,0,25900769856,25900769822,0,0,34
12938,0,25902771501,25902771447,0,0,53
12939,0,25904772945,25904772913,0,0,31
12940,0,25906776750,25906776721,0,0,29
12941,0,25908777509,25908777534,0,0,-25
12942,0,25910780839,25910780802,0,0,36
12943,0,25912783060,25912783107,0,0,-47
12944,0,25914785139,25914785170,0,0,-31
12945,0,25916787510,25916787559,0,0,-49
12946,0,25918790329,25918790361,0,0,-32
12947,0,25920792182,25920792144,0,0,37
12948,0,25922794799,25922794766,0,0,33
12949,0,25924796449,25924796432,0,0,17
12950,0,25926799171,25926799115,0,0,56
12951,0,25928800547,25928800525,0,0,22
12952,0,25930802080,25930802055,0,0,25
12953,0,25932805303,25932805265,0,0,38
12954,0,25934807808,25934807794,0,0,14
12955,0,25936809504,25936809472,0,0,31
12956,0,25938812270,25938812228,0,0,42
12957,0,25940814959,25940814925,0,0,34
12958,0,25942816869,25942816797,0,0,71
12959,0,25944818481,25944818453,0,0,27
12960,0,25946820608,25946820620,0,0,-11
12961,0,25948822225,25948822200,0,0,25
12962,0,25950825786,25950825740,0,0,45
12963,0,25952827224,25952827250,0,0,-25
12964,0,25954828480,25954828491,0,0,-11
12965,0,25956831076,25956831116,0,0,-40
12966,0,25958834574,25958834532,0,0,41
12967,0,25960836589,25960836564,0,0,24
12968,0,25962838550,25962838482,0,0,67
12969,0,25964839476,25964839451,0,0,24
12970,0,25966841976,25966841919,0,0,57
12971,0,25968844277,25968844226,0,0,51
12972,0,25970848955,25970848910,0,0,44
12973,0,25972849712,25972849687,0,0,25
12974,0,25974851750,25974851685,0,0,65
12975,0,25976854193,25976854154,0,0,38
12976,0,25978857710,25978857672,0,0,37
12977,0,25980859129,25980859122,0,0,6
12978,0,25982861433,25982861358,0,0,75
12979,0,25984863058,25984862988,0,0,69
12980,0,25986866235,25986866156,0,0,78
12981,0,25988866478,25988866411,0,0,67
12982,0,25990869662,25990869574,0,0,87
12983,0,25992870993,25992870925,0,0,67
12984,0,25994874242,25994874184,0,0,58
12985,0,25996876846,25996876806,0,0,40
12986,0,25998878424,25998878357,0,0,67
12987,0,26000879789,26000879829,0,0,-39
12988,0,26002883525,26002883550,0,0,-24
12989,0,26004886703,26004886669,0,0,33
12990,0,26006887499,26006887490,0,0,8
12991,0,26008889961,26008889980,0,0,-19
12992,0,26010892394,26010892382,0,0,12
12993,0,26012894251,26012894223,0,0,27
12994,0,26014895560,26014895522,0,0,38
12995,0,26016898884,26016898846,0,0,38
12996,0,26018901128,26018901162,0,0,-33
12997,0,26020903366,26020903325,0,0,40
12998,0,26022905266,26022905224,0,0,42
12999,0,26024907568,26024907523,0,0,44
13000,0,26026909823,26026909778,0,0,44
13001,0,26028912373,26028912320,0,0,53
13002,0,26030914217,26030914169,0,0,47
13003,0,26032916273,26032916224,0,0,48
13004,0,26034917982,26034917929,0,0,53
13005,0,26036922391,26036922333,0,0,57
13006,0,26038923619,26038923530,0,0,89
13007,0,26040925859,26040925812,0,0,47
13008,0,26042927269,26042927285,0,0,-16
13009,0,26044928985,26044928938,0,0,47
13010,0,26046932338,26046932287,0,0,50
13011,0,26048933689,26048933651,0,0,37
13012,0,26050935339,26050935294,0,0,45
13013,0,26052937627,26052937579,0,0,48
13014,0,26054940872,26054940803,0,0,69
13015,0,26056944271,26056944238,0,0,33
13016,0,26058947453,26058947487,0,0,-33
13017,0,26060948871,26060948895,0,0,-24
13018,0,26062949893,26062949883,0,0,9
13019,0,26064951978,26064951935,0,0,42
13020,0,26066954955,26066954914,0,0,40
13021,0,26068957602,26068957610,0,0,-7
13022,0,26070958671,26070958703,0,0,-32
13023,0,26072961106,26072961121,0,0,-14
13024,0,26074963005,26074962933,0,0,71
13025,0,26076964942,26076964914,0,0,27
13026,0,26078968575,26078968557,0,0,17
13027,0,26080969513,26080969507,0,0,6
13028,0,26082971033,26082970987,0,0,45
13029,0,26084974142,26084974119,0,0,22
13030,0,26086977386,26086977400,0,0,-14
13031,0,26088978841,26088978824,0,0,17
13032,0,26090981136,26090981098,0,0,37
13033,0,26092982959,26092982934,0,0,24
13034,0,26094984932,26094984893,0,0,38
13035,0,26096987703,26096987669,0,0,33
13036,0,26098989868,26098989842,0,0,25
13037,0,26100993646,26100993665,0,0,-18
13038,0,26102994890,26102994907,0,0,-16
13039,0,26104997388,26104997363,0,0,24
13040,0,26106999791,26106999840,0,0,-49
13041,0,26109000824,26109000851,0,0,-26
13042,0,26111002370,26111002402,0,0,-31
13043,0,26113005186,26113005220,0,0,-33
13044,0,26115006766,26115006742,0,0,23
13045,0,26117009739,26117009694,0,0,45
13046,0,26119011091,26119011066,0,0,24
13047,0,26121014537,26121014516,0,0,20
13048,0,26123016179,26123016159,0,0,20
13049,0,26125017530,26125017557,0,0,-26
13050,0,26127020134,26127020143,0,0,-8
13051,0,26129023195,26129023156,0,0,39
13052,0,26131025446,26131025463,0,0,-17
13053,0,26133028828,26133028850,0,0,-22
13054,0,26135029651,26135029658,0,0,-6
13055,0,26137031107,26137031121,0,0,-14
13056,0,26139033868,26139033835,0,0,32
13057,0,26141035816,26141035785,0,0,31
13058,0,26143038885,26143038876,0,0,8
13059,0,26145041114,26145041090,0,0,23
13060,0,26147042758,26147042731,0,0,26
13061,0,26149044775,26149044739,0,0,35
13062,0,26151048204,26151048144,0,0,59
13063,0,26153050235,26153050197,0,0,37
13064,0,26155051807,26155051842,0,0,-34
13065,0,26157053352,26157053312,0,0,40
13066,0,26159056674,26159056623,0,0,50
13067,0,26161058420,26161058454,0,0,-34
13068,0,26163060011,26163059991,0,0,20
13069,0,26165064554,26165064583,0,0,-29
13070,0,26167065581,26167065523,0,0,58
13071,0,26169067515,26169067489,0,0,25
13072,0,26171069710,26171069670,0,0,39
13073,0,26173070719,26173070686,0,0,33
13074,0,26175073424,26175073390,0,0,33
13075,0,26177076772,26177076730,0,0,42
13076,0,26179078976,26179078922,0,0,53
13077,0,26181080959,26181080992,0,0,-32
13078,0,26183083786,26183083764,0,0,22
13079,0,26185085329,26185085280,0,0,49
13080,0,26187088579,26187088619,0,0,-40
13081,0,26189089957,26189090000,0,0,-42
13082,0,26191092004,26191092053,0,0,-49
13083,0,26193093624,26193093665,0,0,-41
13084,0,26195096636,26195096674,0,0,-37
13085,0,26197100334,26197100377,0,0,-42
13086,0,26199101347,26199101379,0,0,-31
13087,0,26201103081,26201103047,0,0,33
13088,0,26203104861,26203104826,0,0,34
13089,0,26205107535,26205107489,0,0,45
13090,0,26207108828,26207108785,0,0,42
13091,0,26209111024,26209110959,0,0,65
13092,0,26211113291,26211113228,0,0,62
13093,0,26213115516,26213115479,0,0,37
13094,0,26215118018,26215117938,0,0,80
13095,0,26217121269,26217121246,0,0,23
13096,0,26219123771,26219123766,0,0,5
13097,0,26221125608,26221125550,0,0,57
13098,0,26223127986,26223127952,0,0,34
13099,0,26225130150,26225130081,0,0,68
13100,0,26227132323,26227132235,0,0,87
13101,0,26229134476,26229134457,0,0,18
13102,0,26231136873,26231136896,0,0,-22
13103,0,26233139669,26233139620,0,0,49
13104,0,26235142903,26235142844,0,0,58
13105,0,26237143579,26237143551,0,0,27
13106,0,26239145726,26239145669,0,0,57
13107,0,26241148209,26241148174,0,0,35
13108,0,26243150184,26243150147,0,0,37
13109,0,26245152613,26245152564,0,0,49
13110,0,26247155047,26247155071,0,0,-24
13111,0,26249157105,26249157119,0,0,-14
13112,0,26251158760,26251158721,0,0,38
13113,0,26253160249,26253160211,0,0,37
13114,0,26255163537,26255163479,0,0,57
13115,0,26257165667,26257165633,0,0,33
13116,0,26259167757,26259167717,0,0,40
13117,0,26261170122,26261170098,0,0,23
13118,0,26263173163,26263173100,0,0,62
13119,0,26265174382,26265174346,0,0,36
13120,0,26267176975,26267176946,0,0,29
13121,0,26269179505,26269179476,0,0,29
13122,0,26271181397,26271181355,0,0,42
13123,0,26273183460,26273183410,0,0,49
13124,0,26275185759,26275185713,0,0,46
13125,0,26277188085,26277188044,0,0,41
13126,0,26279191010,26279190958,0,0,51
13127,0,26281193759,26281193730,0,0,29
13128,0,26283194739,26283194702,0,0,37
13129,0,26285196761,26285196742,0,0,18
13130,0,26287201253,26287201200,0,0,53
13131,0,26289201310,26289201273,0,0,36
13132,0,26291203444,26291203403,0,0,41
13133,0,26293207093,26293207067,0,0,25
13134,0,26295207824,26295207800,0,0,23
13135,0,26297210708,26297210659,0,0,49
13136,0,26299212330,26299212301,0,0,28
13137,0,26301214339,26301214302,0,0,37
13138,0,26303215466,26303215433,0,0,33
13139,0,26305217931,26305217878,0,0,52
13140,0,26307221151,26307221098,0,0,53
13141,0,26309222948,26309222894,0,0,53
13142,0,26311225768,26311225750,0,0,17
13143,0,26313228390,26313228340,0,0,49
13144,0,26315230524,26315230467,0,0,57
13145,0,26317232308,26317232289,0,0,18
13146,0,26319234643,26319234608,0,0,35
13147,0,26321237214,26321237225,0,0,-11
13148,0,26323239010,26323238954,0,0,56
13149,0,26325241390,26325241332,0,0,57
13150,0,26327244254,26327244187,0,0,67
13151,0,26329245613,26329245628,0,0,-14
13152,0,26331247797,26331247811,0,0,-13
13153,0,26333249941,26333249985,0,0,-43
13154,0,26335251495,26335251485,0,0,10
13155,0,26337254472,26337254451,0,0,20
13156,0,26339255976,26339255955,0,0,21
13157,0,26341258895,26341258870,0,0,24
13158,0,26343260741,26343260689,0,0,52
13159,0,26345263375,26345263334,0,0,41
13160,0,26347265732,26347265688,0,0,43
13161,0,26349267876,26349267851,0,0,24
13162,0,26351269968,26351269958,0,0,9
13163,0,26353271481,26353271462,0,0,18
13164,0,26355275143,26355275109,0,0,33
13165,0,26357277686,26357277667,0,0,19
13166,0,26359277939,26359277901,0,0,37
13167,0,26361281241,26361281216,0,0,24
13168,0,26363284491,26363284470,0,0,20
13169,0,26365285591,26365285564,0,0,27
13170,0,26367287016,26367287012,0,0,4
13171,0,26369289034,26369289011,0,0,23
13172,0,26371292256,26371292216,0,0,39
13173,0,26373293551,26373293514,0,0,37
13174,0,26375295988,26375295962,0,0,25
13175,0,26377300129,26377300103,0,0,25
13176,0,26379302568,26379302548,0,0,19
13177,0,26381303423,26381303394,0,0,29
13178,0,26383304835,26383304820,0,0,15
13179,0,26385308183,26385308155,0,0,27
13180,0,26387312009,26387311964,0,0,45
13181,0,26389312655,26389312632,0,0,22
13182,0,26391316229,26391316223,0,0,5
13183,0,26393316873,26393316848,0,0,24
13184,0,26395318742,26395318730,0,0,12
13185,0,26397320279,26397320256,0,0,23
13186,0,26399323610,26399323592,0,0,17
13187,0,26401325730,26401325704,0,0,26
13188,0,26403328624,26403328633,0,0,-9
13189,0,26405330166,26405330142,0,0,23
13190,0,26407332434,26407332420,0,0,14
13191,0,26409334492,26409334480,0,0,11
13192,0,26411336445,26411336406,0,0,38
13193,0,26413339039,26413339012,0,0,26
13194,0,26415340657,26415340579,0,0,77
13195,0,26417343314,26417343285,0,0,29
13196,0,26419344791,26419344751,0,0,39
13197,0,26421348220,26421348247,0,0,-26
13198,0,26423351350,26423351386,0,0,-36
13199,0,26425352435,26425352461,0,0,-25
13200,0,26427354692,26427354663,0,0,29
13201,0,26429357024,26429357072,0,0,-48
13202,0,26431359333,26431359346,0,0,-13
13203,0,26433361335,26433361318,0,0,17
13204,0,26435363863,26435363829,0,0,33
13205,0,26437365516,26437365489,0,0,27
13206,0,26439367916,26439367887,0,0,29
13207,0,26441370542,26441370532,0,0,9
13208,0,26443372465,26443372433,0,0,31
13209,0,26445374297,26445374263,0,0,33
13210,0,26447377330,26447377305,0,0,24
13211,0,26449379125,26449379110,0,0,15
13212,0,26451381249,26451381187,0,0,62
13213,0,26453382732,26453382723,0,0,8
13214,0,26455387206,26455387233,0,0,-26
13215,0,26457387879,26457387865,0,0,14
13216,0,26459389301,26459389289,0,0,11
13217,0,26461392725,26461392651,0,0,73
13218,0,26463394561,26463394507,0,0,54
13219,0,26465395727,26465395653,0,0,74
13220,0,26467398123,26467398058,0,0,65
13221,0,26469400291,26469400233,0,0,57
13222,0,26471402443,26471402346,0,0,97
13223,0,26473404562,26473404506,0,0,56
13224,0,26475406791,26475406696,0,0,94
13225,0,26477409403,26477409410,0,0,-6
13226,0,26479412524,26479412516,0,0,7
13227,0,26481414464,26481414496,0,0,-32
13228,0,26483415964,26483415988,0,0,-24
13229,0,26485419335,26485419375,0,0,-39
13230,0,26487425116,26487425127,0,0,-11
13231,0,26489425721,26489425701,0,0,19
13232,0,26491426690,26491426640,0,0,50
13233,0,26493427122,26493427170,0,0,-47
13234,0,26495430878,26495430907,0,0,-29
13235,0,26497432490,26497432507,0,0,-16
13236,0,26499435054,26499435108,0,0,-53
13237,0,26501437074,26501437102,0,0,-28
13238,0,26503439364,26503439355,0,0,8
13239,0,26505441467,26505441430,0,0,37
13240,0,26507443555,26507443528,0,0,26
13241,0,26509444529,26509444484,0,0,44
13242,0,26511447564,26511447507,0,0,57
13243,0,26513450204,26513450236,0,0,-32
13244,0,26515452982,26515452904,0,0,77
13245,0,26517454722,26517454688,0,0,33
13246,0,26519457019,26519456954,0,0,65
13247,0,26521459370,26521459321,0,0,49
13248,0,26523462138,26523462076,0,0,61
13249,0,26525463824,26525463800,0,0,24
13250,0,26527465836,26527465800,0,0,36
13251,0,26529467397,26529467370,0,0,27
13252,0,26531470705,26531470668,0,0,37
13253,0,26533472919,26533472883,0,0,35
13254,0,26535475038,26535474973,0,0,65
13255,0,26537477451,26537477413,0,0,38
13256,0,26539479119,26539479095,0,0,23
13257,0,26541480568,26541480514,0,0,53
13258,0,26543483796,26543483757,0,0,39
13259,0,26545486694,26545486715,0,0,-20
13260,0,26547488624,26547488629,0,0,-4
13261,0,26549490651,26549490676,0,0,-24
13262,0,26551493113,26551493065,0,0,47
13263,0,26553494966,26553494921,0,0,44
13264,0,26555496991,26555496935,0,0,55
13265,0,26557498123,26557498078,0,0,44
13266,0,26559500183,26559500217,0,0,-33
13267,0,26561502812,26561502775,0,0,37
13268,0,26563505707,26563505641,0,0,66
13269,0,26565507240,26565507203,0,0,37
13270,0,26567510375,26567510324,0,0,50
13271,0,26569512571,26569512525,0,0,46
13272,0,26571515076,26571515032,0,0,43
13273,0,26573516907,26573516849,0,0,57
13274,0,26575518302,26575518246,0,0,56
13275,0,26577521138,26577521074,0,0,63
13276,0,26579522869,26579522880,0,0,-11
13277,0,26581525924,26581525940,0,0,-15
13278,0,26583529013,26583529021,0,0,-8
13279,0,26585530047,26585530061,0,0,-14
13280,0,26587532913,26587532898,0,0,14
13281,0,26589534873,26589534894,0,0,-20
13282,0,26591536846,26591536880,0,0,-34
13283,0,26593538325,26593538332,0,0,-7
13284,0,26595541875,26595541831,0,0,44
13285,0,26597543699,26597543686,0,0,13
13286,0,26599546498,26599546462,0,0,36
13287,0,26601548539,26601548470,0,0,69
13288,0,26603550323,26603550286,0,0,37
13289,0,26605551575,26605551525,0,0,49
13290,0,26607554459,26607554406,0,0,53
13291,0,26609557212,26609557179,0,0,32
13292,0,26611559500,26611559440,0,0,59
13293,0,26613562264,26613562214,0,0,49
13294,0,26615565027,26615564978,0,0,49
13295,0,26617566355,26617566301,0,0,53
13296,0,26619568157,26619568184,0,0,-26
13297,0,26621569348,26621569337,0,0,11
13298,0,26623572258,26623572204,0,0,54
13299,0,26625575352,26625575312,0,0,40
13300,0,26627577062,26627577029,0,0,33
13301,0,26629579616,26629579586,0,0,29
13302,0,26631581754,26631581785,0,0,-31
13303,0,26633583766,26633583743,0,0,22
13304,0,26635585970,26635585937,0,0,32
13305,0,26637587249,26637587219,0,0,29
13306,0,26639590871,26639590851,0,0,20
13307,0,26641592849,26641592809,0,0,39
13308,0,26643595027,26643594988,0,0,39
13309,0,26645597183,26645597212,0,0,-29
13310,0,26647600579,26647600608,0,0,-28
13311,0,26649601668,26649601692,0,0,-23
13312,0,26651604175,26651604110,0,0,65
13313,0,26653606220,26653606195,0,0,25
13314,0,26655608815,26655608803,0,0,12
13315,0,26657610862,26657610894,0,0,-31
13316,0,26659612856,26659612849,0,0,6
13317,0,26661615087,26661615060,0,0,26
13318,0,26663617289,26663617270,0,0,19
13319,0,26665619606,26665619640,0,0,-34
13320,0,26667621559,26667621619,0,0,-60
13321,0,26669622960,26669623027,0,0,-67
13322,0,26671626106,26671626098,0,0,7
13323,0,26673628525,26673628495,0,0,29
13324,0,26675630658,26675630629,0,0,29
13325,0,26677632638,26677632611,0,0,27
13326,0,26679635139,26679635120,0,0,18
13327,0,26681637943,26681637910,0,0,32
13328,0,26683639148,26683639180,0,0,-31
13329,0,26685640523,26685640548,0,0,-24
13330,0,26687644440,26687644450,0,0,-10
13331,0,26689645734,26689645747,0,0,-12
13332,0,26691647505,26691647498,0,0,7
13333,0,26693650768,26693650731,0,0,37
13334,0,26695652714,26695652631,0,0,83
13335,0,26697655408,26697655419,0,0,-10
13336,0,26699657842,26699657871,0,0,-29
13337,0,26701658309,26701658280,0,0,29
13338,0,26703660501,26703660480,0,0,20
13339,0,26705663075,26705663076,0,0,-1
13340,0,26707666862,26707666849,0,0,13
13341,0,26709668516,26709668498,0,0,18
13342,0,26711671453,26711671425,0,0,28
13343,0,26713671510,26713671483,0,0,27
13344,0,26715674087,26715674159,0,0,-71
13345,0,26717677875,26717677883,0,0,-8
13346,0,26719679258,26719679239,0,0,19
13347,0,26721680770,26721680729,0,0,40
13348,0,26723682890,26723682851,0,0,38
13349,0,26725685074,26725685014,0,0,59
13350,0,26727687141,26727687076,0,0,65
13351,0,26729689735,26729689708,0,0,26
13352,0,26731692413,26731692382,0,0,30
13353,0,26733694296,26733694258,0,0,37
13354,0,26735697624,26735697626,0,0,-2
13355,0,26737699505,26737699456,0,0,49
13356,0,26739702307,26739702260,0,0,47
13357,0,26741704011,26741703975,0,0,36
13358,0,26743706489,26743706407,0,0,82
13359,0,26745709408,26745709372,0,0,36
13360,0,26747710739,26747710707,0,0,31
13361,0,26749713662,26749713610,0,0,51
13362,0,26751715615,26751715635,0,0,-19
13363,0,26753717160,26753717119,0,0,40
13364,0,26755718510,26755718451,0,0,58
13365,0,26757721665,26757721598,0,0,67
13366,0,26759723540,26759723555,0,0,-14
13367,0,26761726595,26761726554,0,0,41
13368,0,26763728642,26763728587,0,0,55
13369,0,26765730413,26765730369,0,0,44
13370,0,26767732140,26767732074,0,0,65
13371,0,26769735128,26769735087,0,0,40
13372,0,26771737377,26771737318,0,0,59
13373,0,26773739802,26773739797,0,0,5
13374,0,26775741643,26775741656,0,0,-13
13375,0,26777744274,26777744225,0,0,49
13376,0,26779746444,26779746387,0,0,57
13377,0,26781749162,26781749125,0,0,37
13378,0,26783751019,26783750982,0,0,37
13379,0,26785752898,26785752853,0,0,45
13380,0,26787756333,26787756296,0,0,37
13381,0,26789756285,26789756248,0,0,36
13382,0,26791758615,26791758555,0,0,59
13383,0,26793761948,26793761901,0,0,47
13384,0,26795763698,26795763655,0,0,43
13385,0,26797765294,26797765321,0,0,-26
13386,0,26799768496,26799768457,0,0,39
13387,0,26801770709,26801770669,0,0,40
13388,0,26803772893,26803772857,0,0,35
13389,0,26805774071,26805774042,0,0,28
13390,0,26807776569,26807776510,0,0,58
13391,0,26809781385,26809781350,0,0,35
13392,0,26811781991,26811782023,0,0,-31
13393,0,26813783835,26813783803,0,0,32
13394,0,26815785190,26815785163,0,0,26
13395,0,26817788377,26817788408,0,0,-31
13396,0,26819790600,26819790633,0,0,-33
13397,0,26821792031,26821792060,0,0,-29
13398,0,26823795440,26823795474,0,0,-34
13399,0,26825797283,26825797317,0,0,-34
13400,0,26827799505,26827799532,0,0,-26
13401,0,26829801095,26829801134,0,0,-38
13402,0,26831804042,26831804070,0,0,-27
13403,0,26833805892,26833805878,0,0,14
13404,0,26835807772,26835807704,0,0,67
13405,0,26837810966,26837810932,0,0,33
13406,0,26839813237,26839813198,0,0,38
13407,0,26841816421,26841816406,0,0,14
13408,0,26843816768,26843816748,0,0,20
13409,0,26845819523,26845819484,0,0,38
13410,0,26847821271,26847821244,0,0,26
13411,0,26849824017,26849823990,0,0,26
13412,0,26851826053,26851826020,0,0,33
13413,0,26853827853,26853827814,0,0,38
13414,0,26855831087,26855831016,0,0,71
13415,0,26857833111,26857833065,0,0,45
13416,0,26859835525,26859835468,0,0,57
13417,0,26861837730,26861837694,0,0,35
13418,0,26863839680,26863839629,0,0,50
13419,0,26865842362,26865842323,0,0,38
13420,0,26867844286,26867844262,0,0,24
13421,0,26869846159,26869846180,0,0,-21
13422,0,26871847892,26871847814,0,0,77
13423,0,26873851984,26873851948,0,0,35
13424,0,26875853247,26875853230,0,0,17
13425,0,26877855112,26877855078,0,0,34
13426,0,26879856847,26879856807,0,0,39
13427,0,26881859710,26881859701,0,0,8
13428,0,26883862347,26883862303,0,0,43
13429,0,26885864059,26885864024,0,0,35
13430,0,26887866832,26887866782,0,0,50
13431,0,26889868677,26889868655,0,0,22
13432,0,26891870752,26891870730,0,0,21
13433,0,26893873105,26893873073,0,0,32
13434,0,26895875320,26895875283,0,0,36
13435,0,26897878006,26897877969,0,0,37
13436,0,26899879920,26899879885,0,0,35
13437,0,26901881786,26901881750,0,0,35
13438,0,26903883584,26903883557,0,0,26
13439,0,26905887453,26905887430,0,0,23
13440,0,26907888860,26907888863,0,0,-3
13441,0,26909891074,26909891106,0,0,-31
13442,0,26911893374,26911893352,0,0,22
13443,0,26913895180,26913895149,0,0,31
13444,0,26915897366,26915897329,0,0,37
13445,0,26917898694,26917898739,0,0,-44
13446,0,26919901259,26919901296,0,0,-37
13447,0,26921904166,26921904199,0,0,-33
13448,0,26923905328,26923905290,0,0,38
13449,0,26925907869,26925907838,0,0,31
13450,0,26927911089,26927911067,0,0,22
13451,0,26929913333,26929913300,0,0,33
13452,0,26931915544,26931915575,0,0,-31
13453,0,26933917982,26933918015,0,0,-33
13454,0,26935919916,26935919872,0,0,43
13455,0,26937923578,26937923564,0,0,13
13456,0,26939924267,26939924289,0,0,-21
13457,0,26941926486,26941926454,0,0,31
13458,0,26943928701,26943928758,0,0,-57
13459,0,26945930939,26945930921,0,0,17
13460,0,26947933368,26947933350,0,0,17
13461,0,26949935704,26949935678,0,0,25
13462,0,26951937858,26951937849,0,0,8
13463,0,26953939735,26953939719,0,0,16
13464,0,26955942267,26955942247,0,0,19
13465,0,26957944250,26957944278,0,0,-28
13466,0,26959946804,26959946820,0,0,-15
13467,0,26961948917,26961948863,0,0,53
13468,0,26963950710,26963950720,0,0,-9
13469,0,26965952035,26965952056,0,0,-20
13470,0,26967954346,26967954334,0,0,12
13471,0,26969958378,26969958410,0,0,-31
13472,0,26971959000,26971959013,0,0,-13
13473,0,26973962377,26973962339,0,0,37
13474,0,26975964109,26975964134,0,0,-24
13475,0,26977965427,26977965451,0,0,-24
13476,0,26979969099,26979969110,0,0,-11
13477,0,26981971320,26981971270,0,0,49
13478,0,26983973620,26983973654,0,0,-33
13479,0,26985975559,26985975532,0,0,26
13480,0,26987979811,26987979745,0,0,65
13481,0,26989979930,26989979959,0,0,-29
13482,0,26991982525,26991982471,0,0,53
13483,0,26993984240,26993984204,0,0,36
13484,0,26995986676,26995986645,0,0,31
13485,0,26997988743,26997988729,0,0,13
13486,0,26999991097,26999991071,0,0,25
13487,0,27001994220,27001994244,0,0,-24
13488,0,27003997028,27003997071,0,0,-42
13489,0,27005996939,27005996910,0,0,29
13490,0,27007999948,27007999904,0,0,43
13491,0,27010001867,27010001826,0,0,40
13492,0,27012003742,27012003670,0,0,71
13493,0,27014006657,27014006611,0,0,45
13494,0,27016009051,27016008991,0,0,60
13495,0,27018011508,27018011533,0,0,-24
13496,0,27020013568,27020013583,0,0,-14
13497,0,27022015698,27022015707,0,0,-9
13498,0,27024018273,27024018283,0,0,-9
13499,0,27026019984,27026019934,0,0,49
13500,0,27028022238,27028022184,0,0,53
13501,0,27030024555,27030024499,0,0,55
13502,0,27032026566,27032026541,0,0,25
13503,0,27034028892,27034028856,0,0,36
13504,0,27036031873,27036031835,0,0,38
13505,0,27038031983,27038031929,0,0,53
13506,0,27040034558,27040034529,0,0,29
13507,0,27042037591,27042037559,0,0,31
13508,0,27044040298,27044040244,0,0,54
13509,0,27046042149,27046042112,0,0,36
13510,0,27048044618,27048044619,0,0,0
13511,0,27050046476,27050046438,0,0,37
13512,0,27052047393,27052047355,0,0,38
13513,0,27054050178,27054050142,0,0,35
13514,0,27056053678,27056053595,0,0,83
13515,0,27058055451,27058055485,0,0,-34
13516,0,27060057750,27060057742,0,0,8
13517,0,27062060033,27062060047,0,0,-13
13518,0,27064062094,27064062119,0,0,-25
13519,0,27066064279,27066064294,0,0,-15
13520,0,27068067033,27068067048,0,0,-15
13521,0,27070068780,27070068762,0,0,17
13522,0,27072070759,27072070782,0,0,-22
13523,0,27074072332,27074072348,0,0,-16
13524,0,27076075698,27076075671,0,0,27
13525,0,27078077649,27078077669,0,0,-20
13526,0,27080080578,27080080568,0,0,10
13527,0,27082081977,27082082019,0,0,-41
13528,0,27084083051,27084083058,0,0,-6
13529,0,27086085687,27086085721,0,0,-34
13530,0,27088090501,27088090447,0,0,53
13531,0,27090090930,27090090965,0,0,-35
13532,0,27092092490,27092092441,0,0,49
13533,0,27094095633,27094095598,0,0,34
13534,0,27096098014,27096097977,0,0,37
13535,0,27098099795,27098099761,0,0,33
13536,0,27100102166,27100102128,0,0,38
13537,0,27102104412,27102104507,0,0,-94
13538,0,27104106871,27104106922,0,0,-51
13539,0,27106108746,27106108771,0,0,-25
13540,0,27108111095,27108111058,0,0,37
13541,0,27110113301,27110113275,0,0,25
13542,0,27112116199,27112116158,0,0,40
13543,0,27114118084,27114118057,0,0,26
13544,0,27116119765,27116119729,0,0,35
13545,0,27118121786,27118121749,0,0,37
13546,0,27120124522,27120124493,0,0,29
13547,0,27122126576,27122126547,0,0,29
13548,0,27124129031,27124128987,0,0,43
13549,0,27126131328,27126131306,0,0,22
13550,0,27128133553,27128133506,0,0,47
13551,0,27130136538,27130136514,0,0,24
13552,0,27132139674,27132139635,0,0,38
13553,0,27134139004,27134138975,0,0,29
13554,0,27136142485,27136142415,0,0,69
13555,0,27138144450,27138144414,0,0,35
13556,0,27140146750,27140146739,0,0,11
13557,0,27142148716,27142148728,0,0,-11
13558,0,27144150412,27144150341,0,0,71
13559,0,27146153335,27146153285,0,0,50
13560,0,27148155302,27148155258,0,0,43
13561,0,27150156941,27150156950,0,0,-8
13562,0,27152159928,27152159871,0,0,56
13563,0,27154161242,27154161183,0,0,58
13564,0,27156164982,27156164941,0,0,40
13565,0,27158167067,27158167038,0,0,29
13566,0,27160169447,27160169431,0,0,15
13567,0,27162171132,27162171149,0,0,-16
13568,0,27164173253,27164173262,0,0,-9
13569,0,27166174517,27166174492,0,0,25
13570,0,27168177641,27168177614,0,0,26
13571,0,27170180397,27170180363,0,0,34
13572,0,27172182858,27172182778,0,0,80
13573,0,27174185030,27174184972,0,0,58
13574,0,27176187250,27176187160,0,0,89
13575,0,27178188824,27178188812,0,0,11
13576,0,27180190418,27180190360,0,0,58
13577,0,27182193404,27182193394,0,0,10
13578,0,27184195883,27184195851,0,0,31
13579,0,27186198234,27186198205,0,0,29
13580,0,27188202121,27188202094,0,0,26
13581,0,27190202040,27190202072,0,0,-31
13582,0,27192203767,27192203793,0,0,-25
13583,0,27194206977,27194207020,0,0,-42
13584,0,27196210070,27196210105,0,0,-34
13585,0,27198211489,27198211532,0,0,-42
13586,0,27200213521,27200213559,0,0,-38
13587,0,27202215806,27202215847,0,0,-40
13588,0,27204217692,27204217703,0,0,-11
13589,0,27206219071,27206219145,0,0,-73
13590,0,27208223323,27208223287,0,0,35
13591,0,27210224385,27210224368,0,0,17
13592,0,27212226253,27212226224,0,0,28
13593,0,27214228997,27214228975,0,0,22
13594,0,27216231324,27216231316,0,0,8
13595,0,27218233810,27218233798,0,0,11
13596,0,27220235732,27220235704,0,0,27
13597,0,27222237884,27222237856,0,0,27
13598,0,27224240406,27224240377,0,0,29
13599,0,27226243047,27226243026,0,0,20
13600,0,27228245948,27228245903,0,0,45
13601,0,27230247028,27230246989,0,0,38
13602,0,27232249548,27232249513,0,0,34
13603,0,27234251124,27234251067,0,0,57
13604,0,27236252293,27236252253,0,0,39
13605,0,27238254790,27238254736,0,0,53
13606,0,27240257813,27240257746,0,0,67
13607,0,27242259656,27242259612,0,0,44
13608,0,27244262695,27244262641,0,0,53
13609,0,27246264969,27246264907,0,0,61
13610,0,27248267088,27248267034,0,0,53
13611,0,27250269089,27250269059,0,0,29
13612,0,27252271434,27252271359,0,0,74
13613,0,27254274087,27254274033,0,0,53
13614,0,27256275599,27256275533,0,0,65
13615,0,27258277669,27258277623,0,0,45
13616,0,27260281119,27260281071,0,0,47
13617,0,27262282312,27262282276,0,0,35
13618,0,27264283699,27264283653,0,0,45
13619,0,27266286459,27266286427,0,0,31
13620,0,27268287861,27268287823,0,0,38
13621,0,27270290515,27270290487,0,0,28
13622,0,27272293555,27272293530,0,0,25
13623,0,27274295354,27274295323,0,0,30
13624,0,27276297097,27276297056,0,0,41
13625,0,27278300448,27278300415,0,0,33
13626,0,27280303052,27280303013,0,0,39
13627,0,27282304885,27282304856,0,0,29
13628,0,27284306999,27284307031,0,0,-32
13629,0,27286309382,27286309398,0,0,-16
13630,0,27288312617,27288312595,0,0,21
13631,0,27290313647,27290313611,0,0,35
13632,0,27292316744,27292316710,0,0,34
13633,0,27294318208,27294318168,0,0,40
13634,0,27296320725,27296320700,0,0,25
13635,0,27298322539,27298322569,0,0,-30
13636,0,27300324593,27300324720,0,0,-126
13637,0,27302327131,27302327202,0,0,-70
13638,0,27304329844,27304329811,0,0,33
13639,0,27306331030,27306330988,0,0,41
13640,0,27308332737,27308332680,0,0,56
13641,0,27310335595,27310335570,0,0,24
13642,0,27312336849,27312336781,0,0,67
13643,0,27314338952,27314338928,0,0,23
13644,0,27316341175,27316341146,0,0,29
13645,0,27318343618,27318343597,0,0,20
13646,0,27320345809,27320345782,0,0,27
13647,0,27322349220,27322349200,0,0,20
13648,0,27324353418,27324353394,0,0,24
13649,0,27326353532,27326353568,0,0,-35
13650,0,27328356325,27328356351,0,0,-26
13651,0,27330357875,27330357903,0,0,-28
13652,0,27332359957,27332359965,0,0,-8
13653,0,27334361335,27334361352,0,0,-17
13654,0,27336363539,27336363532,0,0,6
13655,0,27338366585,27338366597,0,0,-12
13656,0,27340369125,27340369134,0,0,-9
13657,0,27342371455,27342371433,0,0,21
13658,0,27344373777,27344373766,0,0,11
13659,0,27346376068,27346376039,0,0,29
13660,0,27348377977,27348377934,0,0,42
13661,0,27350379238,27350379218,0,0,19
13662,0,27352382773,27352382737,0,0,35
13663,0,27354384704,27354384669,0,0,35
13664,0,27356387112,27356387087,0,0,24
13665,0,27358389052,27358389033,0,0,18
13666,0,27360390474,27360390452,0,0,21
13667,0,27362393775,27362393738,0,0,37
13668,0,27364395550,27364395503,0,0,47
13669,0,27366397651,27366397606,0,0,44
13670,0,27368400705,27368400665,0,0,40
13671,0,27370403375,27370403325,0,0,49
13672,0,27372405164,27372405145,0,0,18
13673,0,27374407119,27374407075,0,0,43
13674,0,27376408705,27376408717,0,0,-12
13675,0,27378410233,27378410269,0,0,-36
13676,0,27380413008,27380413042,0,0,-33
13677,0,27382415924,27382415960,0,0,-35
13678,0,27384417919,27384417940,0,0,-21
13679,0,27386419121,27386419084,0,0,37
13680,0,27388423230,27388423197,0,0,33
13681,0,27390426128,27390426105,0,0,23
13682,0,27392427175,27392427125,0,0,50
13683,0,27394428985,27394428961,0,0,24
13684,0,27396430510,27396430440,0,0,70
13685,0,27398433537,27398433563,0,0,-26
13686,0,27400434689,27400434728,0,0,-39
13687,0,27402437764,27402437723,0,0,41
13688,0,27404440274,27404440226,0,0,47
13689,0,27406441638,27406441584,0,0,53
13690,0,27408444753,27408444775,0,0,-21
13691,0,27410446904,27410446868,0,0,35
13692,0,27412448558,27412448523,0,0,35
13693,0,27414451354,27414451323,0,0,30
13694,0,27416453055,27416453011,0,0,43
13695,0,27418455801,27418455752,0,0,49
13696,0,27420456881,27420456857,0,0,24
13697,0,27422460813,27422460779,0,0,33
13698,0,27424463045,27424463020,0,0,25
13699,0,27426464629,27426464622,0,0,6
13700,0,27428466011,27428465990,0,0,20
13701,0,27430469733,27430469765,0,0,-31
13702,0,27432471635,27432471665,0,0,-29
13703,0,27434473707,27434473696,0,0,11
13704,0,27436476115,27436476101,0,0,14
13705,0,27438478192,27438478175,0,0,17
13706,0,27440481339,27440481305,0,0,33
13707,0,27442483364,27442483317,0,0,46
13708,0,27444484728,27444484676,0,0,51
13709,0,27446486187,27446486135,0,0,51
13710,0,27448489760,27448489705,0,0,54
13711,0,27450492292,27450492263,0,0,28
13712,0,27452493432,27452493406,0,0,25
13713,0,27454496066,27454496029,0,0,37
13714,0,27456498287,27456498268,0,0,19
13715,0,27458500595,27458500631,0,0,-35
13716,0,27460502722,27460502745,0,0,-22
13717,0,27462504820,27462504783,0,0,37
13718,0,27464507180,27464507150,0,0,29
13719,0,27466509031,27466509022,0,0,8
13720,0,27468510067,27468510090,0,0,-22
13721,0,27470512831,27470512865,0,0,-33
13722,0,27472515913,27472515956,0,0,-42
13723,0,27474518713,27474518692,0,0,20
13724,0,27476520361,27476520404,0,0,-42
13725,0,27478522629,27478522622,0,0,6
13726,0,27480524566,27480524519,0,0,46
13727,0,27482525902,27482525878,0,0,23
13728,0,27484527864,27484527887,0,0,-22
13729,0,27486531779,27486531752,0,0,27
13730,0,27488535378,27488535417,0,0,-39
13731,0,27490536027,27490535996,0,0,31
13732,0,27492538577,27492538533,0,0,43
13733,0,27494540413,27494540363,0,0,50
13734,0,27496542087,27496542078,0,0,8
13735,0,27498544815,27498544828,0,0,-12
13736,0,27500546992,27500546914,0,0,77
13737,0,27502548372,27502548341,0,0,30
13738,0,27504552026,27504551955,0,0,70
13739,0,27506554092,27506554032,0,0,59
13740,0,27508555989,27508555914,0,0,75
13741,0,27510558256,27510558212,0,0,43
13742,0,27512560411,27512560364,0,0,47
13743,0,27514562478,27514562424,0,0,54
13744,0,27516564733,27516564710,0,0,22
13745,0,27518567184,27518567147,0,0,37
13746,0,27520568433,27520568370,0,0,63
13747,0,27522571641,27522571602,0,0,39
13748,0,27524573635,27524573656,0,0,-20
13749,0,27526575620,27526575649,0,0,-29
13750,0,27528578337,27528578280,0,0,57
13751,0,27530580458,27530580432,0,0,25
13752,0,27532582583,27532582556,0,0,26
13753,0,27534584224,27534584268,0,0,-44
13754,0,27536587411,27536587433,0,0,-21
13755,0,27538589420,27538589441,0,0,-20
13756,0,27540592193,27540592169,0,0,23
13757,0,27542594084,27542594038,0,0,45
13758,0,27544595955,27544595893,0,0,62
13759,0,27546597277,27546597269,0,0,8
13760,0,27548601087,27548601034,0,0,53
13761,0,27550603665,27550603646,0,0,18
13762,0,27552603896,27552603860,0,0,35
13763,0,27554606311,27554606278,0,0,32
13764,0,27556609284,27556609229,0,0,55
13765,0,27558610460,27558610424,0,0,35
13766,0,27560612919,27560612892,0,0,26
13767,0,27562615977,27562615936,0,0,40
13768,0,27564617817,27564617744,0,0,72
13769,0,27566620359,27566620337,0,0,21
13770,0,27568621997,27568621943,0,0,53
13771,0,27570624994,27570624961,0,0,32
13772,0,27572627049,27572627083,0,0,-33
13773,0,27574628388,27574628382,0,0,6
13774,0,27576631676,27576631615,0,0,60
13775,0,27578634984,27578634940,0,0,44
13776,0,27580637468,27580637446,0,0,22
13777,0,27582639701,27582639658,0,0,42
13778,0,27584641112,27584641065,0,0,47
13779,0,27586642978,27586642939,0,0,38
13780,0,27588646495,27588646451,0,0,43
13781,0,27590647487,27590647447,0,0,40
13782,0,27592649750,27592649776,0,0,-26
13783,0,27594651591,27594651559,0,0,32
13784,0,27596653778,27596653755,0,0,23
13785,0,27598654912,27598654889,0,0,22
13786,0,27600657626,27600657601,0,0,25
13787,0,27602660419,27602660373,0,0,45
13788,0,27604662662,27604662613,0,0,49
13789,0,27606664953,27606664930,0,0,22
13790,0,27608666426,27608666397,0,0,29
13791,0,27610669338,27610669296,0,0,42
13792,0,27612671099,27612671063,0,0,35
13793,0,27614674860,27614674819,0,0,40
13794,0,27616675210,27616675187,0,0,22
13795,0,27618678438,27618678380,0,0,57
13796,0,27620680503,27620680542,0,0,-39
13797,0,27622682044,27622682071,0,0,-26
13798,0,27624685395,27624685432,0,0,-36
13799,0,27626687272,27626687287,0,0,-14
13800,0,27628688415,27628688345,0,0,70
13801,0,27630690697,27630690746,0,0,-49
13802,0,27632694055,27632694030,0,0,24
13803,0,27634696078,27634696041,0,0,37
13804,0,27636697500,27636697468,0,0,31
13805,0,27638700728,27638700755,0,0,-26
13806,0,27640703464,27640703490,0,0,-26
13807,0,27642706431,27642706467,0,0,-36
13808,0,27644708514,27644708546,0,0,-31
13809,0,27646710454,27646710412,0,0,42
13810,0,27648710899,27648710878,0,0,20
13811,0,27650713604,27650713566,0,0,37
13812,0,27652715258,27652715233,0,0,24
13813,0,27654718538,27654718501,0,0,37
13814,0,27656720652,27656720618,0,0,33
13815,0,27658723502,27658723478,0,0,23
13816,0,27660724574,27660724548,0,0,25
13817,0,27662726833,27662726826,0,0,6
13818,0,27664730524,27664730498,0,0,25
13819,0,27666732800,27666732781,0,0,19
13820,0,27668734191,27668734149,0,0,41
13821,0,27670736466,27670736447,0,0,19
13822,0,27672738505,27672738474,0,0,30
13823,0,27674741285,27674741250,0,0,35
13824,0,27676743552,27676743514,0,0,37
13825,0,27678746541,27678746489,0,0,51
13826,0,27680747361,27680747391,0,0,-29
13827,0,27682749820,27682749794,0,0,25
13828,0,27684752076,27684752028,0,0,47
13829,0,27686753993,27686753982,0,0,11
13830,0,27688757203,27688757215,0,0,-12
13831,0,27690758712,27690758701,0,0,11
13832,0,27692760939,27692760894,0,0,44
13833,0,27694763387,27694763343,0,0,43
13834,0,27696765829,27696765791,0,0,37
13835,0,27698767421,27698767395,0,0,25
13836,0,27700769860,27700769829,0,0,31
13837,0,27702771996,27702771986,0,0,10
13838,0,27704774276,27704774242,0,0,33
13839,0,27706776773,27706776759,0,0,13
13840,0,27708778646,27708778632,0,0,13
13841,0,27710781562,27710781607,0,0,-44
13842,0,27712782059,27712782015,0,0,43
13843,0,27714785235,27714785199,0,0,35
13844,0,27716787459,27716787424,0,0,35
13845,0,27718789907,27718789852,0,0,55
13846,0,27720791865,27720791812,0,0,52
13847,0,27722794354,27722794322,0,0,31
13848,0,27724795961,27724795950,0,0,11
13849,0,27726797090,27726797065,0,0,25
13850,0,27728799702,27728799660,0,0,42
13851,0,27730801754,27730801739,0,0,15
13852,0,27732803979,27732804026,0,0,-47
13853,0,27734806515,27734806496,0,0,18
13854,0,27736809748,27736809707,0,0,40
13855,0,27738812110,27738812096,0,0,13
13856,0,27740813715,27740813707,0,0,7
13857,0,27742815374,27742815340,0,0,33
13858,0,27744818411,27744818435,0,0,-24
13859,0,27746819920,27746819963,0,0,-42
13860,0,27748823440,27748823452,0,0,-12
13861,0,27750825613,27750825638,0,0,-24
13862,0,27752827900,27752827852,0,0,47
13863,0,27754829813,27754829788,0,0,24
13864,0,27756831773,27756831723,0,0,49
13865,0,27758833194,27758833169,0,0,24
13866,0,27760836806,27760836761,0,0,44
13867,0,27762838385,27762838350,0,0,35
13868,0,27764839849,27764839809,0,0,39
13869,0,27766842971,27766842942,0,0,29
13870,0,27768844498,27768844532,0,0,-34
13871,0,27770848287,27770848319,0,0,-31
13872,0,27772850172,27772850147,0,0,24
13873,0,27774851770,27774851789,0,0,-18
13874,0,27776854037,27776854066,0,0,-29
13875,0,27778855733,27778855760,0,0,-26
13876,0,27780858497,27780858473,0,0,24
13877,0,27782860057,27782860100,0,0,-42
13878,0,27784863788,27784863803,0,0,-14
13879,0,27786865364,27786865340,0,0,23
13880,0,27788868764,27788868778,0,0,-13
13881,0,27790869913,27790869924,0,0,-11
13882,0,27792872792,27792872787,0,0,4
13883,0,27794874197,27794874186,0,0,10
13884,0,27796876815,27796876822,0,0,-6
13885,0,27798878876,27798878807,0,0,69
13886,0,27800881341,27800881276,0,0,65
13887,0,27802883150,27802883095,0,0,55
13888,0,27804884896,27804884912,0,0,-15
13889,0,27806886867,27806886876,0,0,-9
13890,0,27808889683,27808889687,0,0,-4
13891,0,27810892211,27810892222,0,0,-10
13892,0,27812894467,27812894449,0,0,18
13893,0,27814896407,27814896429,0,0,-21
13894,0,27816899333,27816899325,0,0,8
13895,0,27818901161,27818901168,0,0,-6
13896,0,27820903087,27820903031,0,0,56
13897,0,27822904813,27822904793,0,0,19
13898,0,27824907633,27824907582,0,0,51
13899,0,27826909559,27826909508,0,0,50
13900,0,27828911110,27828911062,0,0,47
13901,0,27830914250,27830914256,0,0,-5
13902,0,27832916915,27832916895,0,0,20
13903,0,27834919182,27834919134,0,0,47
13904,0,27836920615,27836920570,0,0,44
13905,0,27838922366,27838922325,0,0,40
13906,0,27840926366,27840926325,0,0,40
13907,0,27842927869,27842927834,0,0,35
13908,0,27844930343,27844930294,0,0,48
13909,0,27846932117,27846932071,0,0,45
13910,0,27848934335,27848934287,0,0,48
13911,0,27850937057,27850937010,0,0,47
13912,0,27852938503,27852938488,0,0,14
13913,0,27854939710,27854939690,0,0,19
13914,0,27856942628,27856942635,0,0,-7
13915,0,27858945139,27858945102,0,0,36
13916,0,27860946454,27860946426,0,0,27
13917,0,27862948859,27862948806,0,0,52
13918,0,27864952376,27864952334,0,0,42
13919,0,27866954116,27866954089,0,0,26
13920,0,27868955775,27868955764,0,0,11
13921,0,27870958781,27870958773,0,0,8
13922,0,27872961941,27872961914,0,0,26
13923,0,27874963346,27874963376,0,0,-29
13924,0,27876965402,27876965428,0,0,-25
13925,0,27878967757,27878967782,0,0,-25
13926,0,27880969705,27880969724,0,0,-19
13927,0,27882970959,27882970925,0,0,33
13928,0,27884974761,27884974793,0,0,-32
13929,0,27886976467,27886976435,0,0,32
13930,0,27888978735,27888978700,0,0,35
13931,0,27890979735,27890979702,0,0,33
13932,0,27892982287,27892982253,0,0,33
13933,0,27894984355,27894984323,0,0,31
13934,0,27896987418,27896987374,0,0,44
13935,0,27898989947,27898989916,0,0,31
13936,0,27900992930,27900992893,0,0,37
13937,0,27902993269,27902993244,0,0,25
13938,0,27904996387,27904996348,0,0,39
13939,0,27906997565,27906997671,0,0,-105
13940,0,27908999663,27908999683,0,0,-19
13941,0,27911002026,27911001997,0,0,29
13942,0,27913004564,27913004556,0,0,8
13943,0,27915007606,27915007576,0,0,30
13944,0,27917009734,27917009839,0,0,-105
13945,0,27919010828,27919010877,0,0,-49
13946,0,27921013227,27921013128,0,0,98
13947,0,27923016214,27923016162,0,0,51
13948,0,27925019006,27925019042,0,0,-35
13949,0,27927021206,27927021177,0,0,29
13950,0,27929023898,27929023784,0,0,114
13951,0,27931026311,27931026303,0,0,7
13952,0,27933028310,27933028280,0,0,30
13953,0,27935030031,27935030017,0,0,13
13954,0,27937033736,27937033712,0,0,24
13955,0,27939034438,27939034400,0,0,37
13956,0,27941036906,27941036891,0,0,15
13957,0,27943039025,27943038993,0,0,31
13958,0,27945041368,27945041331,0,0,37
13959,0,27947042890,27947042851,0,0,38
13960,0,27949044439,27949044423,0,0,15
13961,0,27951047909,27951047874,0,0,35
13962,0,27953050051,27953050037,0,0,13
13963,0,27955052108,27955052087,0,0,20
13964,0,27957054429,27957054466,0,0,-36
13965,0,27959056817,27959056831,0,0,-13
13966,0,27961059287,27961059310,0,0,-22
13967,0,27963061774,27963061757,0,0,17
13968,0,27965063212,27965063260,0,0,-48
13969,0,27967064079,27967064071,0,0,8
13970,0,27969067786,27969067728,0,0,58
13971,0,27971069658,27971069686,0,0,-28
13972,0,27973070778,27973070797,0,0,-19
13973,0,27975073213,27975073247,0,0,-34
13974,0,27977075528,27977075512,0,0,15
13975,0,27979079999,27979079962,0,0,37
13976,0,27981081100,27981081137,0,0,-36
13977,0,27983084050,27983084069,0,0,-19
13978,0,27985085662,27985085671,0,0,-8
13979,0,27987087600,27987087585,0,0,15
13980,0,27989089966,27989089941,0,0,24
13981,0,27991091444,27991091403,0,0,41
13982,0,27993094543,27993094530,0,0,13
13983,0,27995096743,27995096704,0,0,39
13984,0,27997098920,27997098888,0,0,31
13985,0,27999101458,27999101410,0,0,47
13986,0,28001104851,28001104837,0,0,13
13987,0,28003105546,28003105561,0,0,-14
13988,0,28005107719,28005107757,0,0,-38
13989,0,28007110400,28007110417,0,0,-17
13990,0,28009112480,28009112420,0,0,60
13991,0,28011114222,28011114185,0,0,37
13992,0,28013115572,28013115563,0,0,8
13993,0,28015117957,28015117929,0,0,27
13994,0,28017121079,28017121021,0,0,58
13995,0,28019123260,28019123234,0,0,25
13996,0,28021124710,28021124660,0,0,49
13997,0,28023127620,28023127582,0,0,37
13998,0,28025128957,28025128908,0,0,49
13999,0,28027132550,28027132521,0,0,29
14000,0,28029135742,28029135705,0,0,37
14001,0,28031137839,28031137808,0,0,30
14002,0,28033140493,28033140426,0,0,67
14003,0,28035141393,28035141329,0,0,63
14004,0,28037143515,28037143427,0,0,87
14005,0,28039146110,28039146040,0,0,70
14006,0,28041148296,28041148314,0,0,-17
14007,0,28043150425,28043150441,0,0,-15
14008,0,28045152407,28045152426,0,0,-19
14009,0,28047154870,28047154896,0,0,-26
14010,0,28049157034,28049157008,0,0,25
14011,0,28051158556,28051158517,0,0,38
14012,0,28053160085,28053160051,0,0,33
14013,0,28055162362,28055162337,0,0,24
14014,0,28057164707,28057164662,0,0,44
14015,0,28059168068,28059168100,0,0,-31
14016,0,28061170089,28061170132,0,0,-42
14017,0,28063172624,28063172631,0,0,-6
14018,0,28065174977,28065174990,0,0,-13
14019,0,28067176922,28067176886,0,0,35
14020,0,28069178935,28069178887,0,0,48
14021,0,28071180964,28071180915,0,0,49
14022,0,28073182923,28073182844,0,0,78
14023,0,28075185546,28075185497,0,0,49
14024,0,28077186978,28077186925,0,0,52
14025,0,28079190289,28079190242,0,0,47
14026,0,28081192328,28081192242,0,0,85
14027,0,28083194291,28083194303,0,0,-12
14028,0,28085196226,28085196238,0,0,-12
14029,0,28087198952,28087198901,0,0,51
14030,0,28089202341,28089202355,0,0,-13
14031,0,28091203390,28091203338,0,0,51
14032,0,28093206647,28093206614,0,0,32
14033,0,28095208271,28095208278,0,0,-7
14034,0,28097210343,28097210378,0,0,-34
14035,0,28099213461,28099213494,0,0,-32
14036,0,28101215233,28101215262,0,0,-28
14037,0,28103217310,28103217324,0,0,-14
14038,0,28105218893,28105218928,0,0,-34
14039,0,28107220175,28107220139,0,0,36
14040,0,28109223607,28109223550,0,0,57
14041,0,28111225734,28111225699,0,0,35
14042,0,28113228338,28113228271,0,0,67
14043,0,28115230169,28115230115,0,0,53
14044,0,28117233029,28117233066,0,0,-36
14045,0,28119234494,28119234445,0,0,49
14046,0,28121236274,28121236222,0,0,51
14047,0,28123239369,28123239330,0,0,39
14048,0,28125241491,28125241413,0,0,77
14049,0,28127243492,28127243485,0,0,6
14050,0,28129245959,28129245919,0,0,40
14051,0,28131249050,28131249026,0,0,23
14052,0,28133250216,28133250184,0,0,32
14053,0,28135252652,28135252638,0,0,13
14054,0,28137255181,28137255161,0,0,20
14055,0,28139256573,28139256546,0,0,26
14056,0,28141257733,28141257698,0,0,35
14057,0,28143260074,28143260037,0,0,37
14058,0,28145262359,28145262331,0,0,27
14059,0,28147264564,28147264535,0,0,29
14060,0,28149267150,28149267141,0,0,8
14061,0,28151270105,28151270085,0,0,20
14062,0,28153272868,28153272861,0,0,6
14063,0,28155274674,28155274707,0,0,-32
14064,0,28157276540,28157276563,0,0,-22
14065,0,28159277741,28159277779,0,0,-38
14066,0,28161280415,28161280451,0,0,-36
14067,0,28163284213,28163284186,0,0,26
14068,0,28165284902,28165284850,0,0,51
14069,0,28167288296,28167288330,0,0,-34
14070,0,28169290837,28169290868,0,0,-31
14071,0,28171292598,28171292556,0,0,42
14072,0,28173294180,28173294149,0,0,31
14073,0,28175295814,28175295800,0,0,13
14074,0,28177299252,28177299235,0,0,17
14075,0,28179301500,28179301458,0,0,41
14076,0,28181303980,28181303950,0,0,30
14077,0,28183305851,28183305839,0,0,12
14078,0,28185308153,28185308120,0,0,33
14079,0,28187310195,28187310184,0,0,11
14080,0,28189313982,28189313941,0,0,41
14081,0,28191314683,28191314648,0,0,35
14082,0,28193317061,28193317054,0,0,6
14083,0,28195320095,28195320060,0,0,35
14084,0,28197321570,28197321533,0,0,37
14085,0,28199323438,28199323412,0,0,25
14086,0,28201325260,28201325247,0,0,13
14087,0,28203328011,28203327981,0,0,29
14088,0,28205330512,28205330480,0,0,31
14089,0,28207332541,28207332512,0,0,29
14090,0,28209334968,28209334931,0,0,36
14091,0,28211337146,28211337107,0,0,39
14092,0,28213339278,28213339256,0,0,22
14093,0,28215341330,28215341370,0,0,-40
14094,0,28217343596,28217343638,0,0,-41
14095,0,28219346514,28219346561,0,0,-47
14096,0,28221347826,28221347858,0,0,-32
14097,0,28223349219,28223349206,0,0,12
14098,0,28225352080,28225352046,0,0,33
14099,0,28227354548,28227354511,0,0,37
14100,0,28229355455,28229355483,0,0,-28
14101,0,28231358465,28231358431,0,0,33
14102,0,28233361321,28233361297,0,0,24
14103,0,28235363678,28235363656,0,0,22
14104,0,28237365660,28237365694,0,0,-34
14105,0,28239367442,28239367492,0,0,-49
14106,0,28241370668,28241370715,0,0,-47
14107,0,28243372779,28243372754,0,0,24
14108,0,28245374854,28245374806,0,0,47
14109,0,28247376935,28247376898,0,0,37
14110,0,28249379591,28249379578,0,0,12
14111,0,28251381438,28251381479,0,0,-40
14112,0,28253384059,28253384080,0,0,-20
14113,0,28255386186,28255386132,0,0,53
14114,0,28257388295,28257388253,0,0,42
14115,0,28259391471,28259391445,0,0,25
14116,0,28261392451,28261392426,0,0,24
14117,0,28263394055,28263393999,0,0,56
14118,0,28265396979,28265397029,0,0,-49
14119,0,28267399053,28267399017,0,0,35
14120,0,28269400190,28269400152,0,0,37
14121,0,28271402696,28271402671,0,0,24
14122,0,28273406053,28273405966,0,0,87
14123,0,28275408307,28275408324,0,0,-16
14124,0,28277410107,28277410120,0,0,-12
14125,0,28279412064,28279412075,0,0,-11
14126,0,28281414962,28281414950,0,0,12
14127,0,28283417648,28283417669,0,0,-20
14128,0,28285419282,28285419303,0,0,-20
14129,0,28287421382,28287421352,0,0,30
14130,0,28289424680,28289424624,0,0,55
14131,0,28291427015,28291426987,0,0,27
14132,0,28293428185,28293428141,0,0,43
14133,0,28295430495,28295430526,0,0,-31
14134,0,28297432684,28297432698,0,0,-14
14135,0,28299435861,28299435874,0,0,-13
14136,0,28301438025,28301437976,0,0,49
14137,0,28303439561,28303439537,0,0,24
14138,0,28305441759,28305441779,0,0,-20
14139,0,28307443656,28307443683,0,0,-26
14140,0,28309445880,28309445905,0,0,-24
14141,0,28311448441,28311448467,0,0,-25
14142,0,28313450089,28313450129,0,0,-39
14143,0,28315451582,28315451556,0,0,25
14144,0,28317454706,28317454660,0,0,46
14145,0,28319455796,28319455741,0,0,54
14146,0,28321458177,28321458138,0,0,39
14147,0,28323461161,28323461118,0,0,42
14148,0,28325462732,28325462719,0,0,13
14149,0,28327464847,28327464806,0,0,40
14150,0,28329467042,28329466995,0,0,47
14151,0,28331469099,28331469129,0,0,-29
14152,0,28333471505,28333471512,0,0,-6
14153,0,28335473757,28335473790,0,0,-32
14154,0,28337476429,28337476402,0,0,27
14155,0,28339479164,28339479172,0,0,-8
14156,0,28341481910,28341481934,0,0,-24
14157,0,28343483856,28343483871,0,0,-14
14158,0,28345485998,28345486005,0,0,-6
14159,0,28347488460,28347488490,0,0,-29
14160,0,28349490584,28349490525,0,0,59
14161,0,28351492541,28351492485,0,0,55
14162,0,28353493942,28353493871,0,0,71
14163,0,28355496785,28355496725,0,0,60
14164,0,28357499844,28357499838,0,0,5
14165,0,28359501593,28359501534,0,0,58
14166,0,28361503768,28361503708,0,0,60
14167,0,28363505955,28363505911,0,0,43
14168,0,28365508371,28365508340,0,0,31
14169,0,28367510398,28367510411,0,0,-13
14170,0,28369513124,28369513115,0,0,8
14171,0,28371514725,28371514734,0,0,-8
14172,0,28373515737,28373515769,0,0,-32
14173,0,28375518164,28375518187,0,0,-22
14174,0,28377520857,28377520820,0,0,37
14175,0,28379523975,28379523992,0,0,-17
14176,0,28381525954,28381525984,0,0,-29
14177,0,28383527133,28383527196,0,0,-62
14178,0,28385530428,28385530458,0,0,-29
14179,0,28387532215,28387532195,0,0,20
14180,0,28389536378,28389536337,0,0,40
14181,0,28391536948,28391536921,0,0,26
14182,0,28393538276,28393538243,0,0,32
14183,0,28395541380,28395541373,0,0,7
14184,0,28397542581,28397542553,0,0,27
14185,0,28399544842,28399544817,0,0,24
14186,0,28401547332,28401547266,0,0,65
14187,0,28403550737,28403550714,0,0,22
14188,0,28405552765,28405552817,0,0,-51
14189,0,28407554658,28407554695,0,0,-36
14190,0,28409556642,28409556624,0,0,17
14191,0,28411560369,28411560340,0,0,29
14192,0,28413562934,28413562911,0,0,23
14193,0,28415564135,28415564177,0,0,-41
14194,0,28417566059,28417566009,0,0,49
14195,0,28419568427,28419568376,0,0,51
14196,0,28421572241,28421572194,0,0,47
14197,0,28423572957,28423572919,0,0,38
14198,0,28425575385,28425575341,0,0,43
14199,0,28427577573,28427577552,0,0,20
14200,0,28429579140,28429579104,0,0,35
14201,0,28431581038,28431581074,0,0,-36
14202,0,28433583714,28433583740,0,0,-26
14203,0,28435585413,28435585445,0,0,-32
14204,0,28437588321,28437588355,0,0,-33
14205,0,28439590436,28439590417,0,0,18
14206,0,28441592263,28441592213,0,0,49
14207,0,28443594997,28443594980,0,0,16
14208,0,28445597320,28445597305,0,0,15
14209,0,28447599588,28447599557,0,0,31
14210,0,28449602026,28449601988,0,0,37
14211,0,28451604062,28451604032,0,0,30
14212,0,28453607429,28453607386,0,0,43
14213,0,28455608152,28455608143,0,0,8
14214,0,28457609712,28457609683,0,0,29
14215,0,28459612542,28459612521,0,0,21
14216,0,28461613707,28461613663,0,0,43
14217,0,28463616514,28463616494,0,0,19
14218,0,28465619485,28465619458,0,0,26
14219,0,28467621743,28467621703,0,0,40
14220,0,28469624087,28469624067,0,0,20
14221,0,28471625980,28471625945,0,0,35
14222,0,28473627456,28473627406,0,0,49
14223,0,28475630901,28475630858,0,0,42
14224,0,28477632553,28477632528,0,0,25
14225,0,28479634002,28479633977,0,0,25
14226,0,28481637423,28481637456,0,0,-32
14227,0,28483639297,28483639336,0,0,-38
14228,0,28485642444,28485642492,0,0,-47
14229,0,28487642689,28487642723,0,0,-34
14230,0,28489646554,28489646591,0,0,-36
14231,0,28491648429,28491648468,0,0,-39
14232,0,28493650268,28493650314,0,0,-46
14233,0,28495652036,28495652017,0,0,19
14234,0,28497654943,28497654925,0,0,17
14235,0,28499655862,28499655898,0,0,-35
14236,0,28501658733,28501658770,0,0,-36
14237,0,28503661889,28503661935,0,0,-46
14238,0,28505664071,28505664049,0,0,22
14239,0,28507666349,28507666336,0,0,13
14240,0,28509668306,28509668262,0,0,44
14241,0,28511669565,28511669498,0,0,67
14242,0,28513672860,28513672792,0,0,67
14243,0,28515675019,28515674955,0,0,64
14244,0,28517678365,28517678318,0,0,47
14245,0,28519679875,28519679831,0,0,43
14246,0,28521681877,28521681801,0,0,76
14247,0,28523683830,28523683760,0,0,69
14248,0,28525685004,28525684965,0,0,39
14249,0,28527687519,28527687498,0,0,20
14250,0,28529690686,28529690640,0,0,46
14251,0,28531692918,28531692884,0,0,33
14252,0,28533694212,28533694168,0,0,44
14253,0,28535697366,28535697326,0,0,40
14254,0,28537699704,28537699761,0,0,-56
14255,0,28539702483,28539702433,0,0,49
14256,0,28541704461,28541704430,0,0,31
14257,0,28543706173,28543706149,0,0,24
14258,0,28545708218,28545708152,0,0,65
14259,0,28547709842,28547709883,0,0,-41
14260,0,28549713768,28549713782,0,0,-13
14261,0,28551714069,28551714085,0,0,-15
14262,0,28553716123,28553716166,0,0,-42
14263,0,28555718514,28555718533,0,0,-18
14264,0,28557721582,28557721555,0,0,26
14265,0,28559723360,28559723321,0,0,39
14266,0,28561726333,28561726264,0,0,69
14267,0,28563728225,28563728197,0,0,28
14268,0,28565729776,28565729799,0,0,-22
14269,0,28567732925,28567732903,0,0,22
14270,0,28569735244,28569735176,0,0,67
14271,0,28571737590,28571737551,0,0,38
14272,0,28573739174,28573739208,0,0,-33
14273,0,28575740590,28575740615,0,0,-24
14274,0,28577742846,28577742799,0,0,47
14275,0,28579745578,28579745525,0,0,53
14276,0,28581749781,28581749736,0,0,44
14277,0,28583750440,28583750465,0,0,-24
14278,0,28585751836,28585751826,0,0,10
14279,0,28587754196,28587754219,0,0,-22
14280,0,28589759374,28589759339,0,0,34
14281,0,28591759519,28591759462,0,0,57
14282,0,28593760787,28593760797,0,0,-10
14283,0,28595763785,28595763798,0,0,-13
14284,0,28597765591,28597765604,0,0,-13
14285,0,28599768492,28599768432,0,0,59
14286,0,28601769635,28601769630,0,0,4
14287,0,28603773232,28603773267,0,0,-34
14288,0,28605776182,28605776146,0,0,36
14289,0,28607777239,28607777186,0,0,53
14290,0,28609779291,28609779217,0,0,74
14291,0,28611781629,28611781592,0,0,37
14292,0,28613784298,28613784226,0,0,72
14293,0,28615786131,28615786092,0,0,38
14294,0,28617787669,28617787645,0,0,23
14295,0,28619791558,28619791571,0,0,-13
14296,0,28621793373,28621793387,0,0,-14
14297,0,28623794997,28623795007,0,0,-10
14298,0,28625796692,28625796698,0,0,-6
14299,0,28627799425,28627799434,0,0,-8
14300,0,28629801212,28629801238,0,0,-26
14301,0,28631804269,28631804279,0,0,-9
14302,0,28633806383,28633806305,0,0,77
14303,0,28635809249,28635809183,0,0,66
14304,0,28637810705,28637810657,0,0,47
14305,0,28639812004,28639811958,0,0,45
14306,0,28641815384,28641815340,0,0,43
14307,0,28643818040,28643817988,0,0,51
14308,0,28645820466,28645820415,0,0,50
14309,0,28647820831,28647820807,0,0,23
14310,0,28649822905,28649822846,0,0,58
14311,0,28651825301,28651825250,0,0,50
14312,0,28653828469,28653828419,0,0,49
14313,0,28655830251,28655830244,0,0,6
14314,0,28657833110,28657833102,0,0,7
14315,0,28659835116,28659835067,0,0,48
14316,0,28661837584,28661837548,0,0,35
14317,0,28663840210,28663840166,0,0,43
14318,0,28665842471,28665842411,0,0,60
14319,0,28667844584,28667844544,0,0,39
14320,0,28669846645,28669846598,0,0,47
14321,0,28671848893,28671848874,0,0,19
14322,0,28673851791,28673851739,0,0,51
14323,0,28675853710,28675853670,0,0,39
14324,0,28677856301,28677856265,0,0,35
14325,0,28679857648,28679857588,0,0,59
14326,0,28681860107,28681860088,0,0,19
14327,0,28683862092,28683862055,0,0,37
14328,0,28685864605,28685864550,0,0,54
14329,0,28687866658,28687866712,0,0,-54
14330,0,28689871147,28689871136,0,0,11
14331,0,28691871971,28691871996,0,0,-24
14332,0,28693873677,28693873649,0,0,27
14333,0,28695875382,28695875368,0,0,13
14334,0,28697877933,28697877896,0,0,37
14335,0,28699880568,28699880608,0,0,-39
14336,0,28701883262,28701883304,0,0,-42
14337,0,28703884242,28703884287,0,0,-44
14338,0,28705886517,28705886498,0,0,19
14339,0,28707888857,28707888818,0,0,38
14340,0,28709892238,28709892206,0,0,31
14341,0,28711893159,28711893141,0,0,18
14342,0,28713895500,28713895458,0,0,41
14343,0,28715897934,28715897912,0,0,22
14344,0,28717899760,28717899811,0,0,-51
14345,0,28719901983,28719901937,0,0,45
14346,0,28721904707,28721904674,0,0,33
14347,0,28723906666,28723906644,0,0,22
14348,0,28725908982,28725909017,0,0,-34
14349,0,28727911053,28727911098,0,0,-44
14350,0,28729913258,28729913292,0,0,-34
14351,0,28731916255,28731916229,0,0,25
14352,0,28733918926,28733918881,0,0,44
14353,0,28735919550,28735919512,0,0,38
14354,0,28737920910,28737920831,0,0,78
14355,0,28739923247,28739923189,0,0,57
14356,0,28741926543,28741926484,0,0,58
14357,0,28743928787,28743928749,0,0,38
14358,0,28745931351,28745931270,0,0,80
14359,0,28747932940,28747932949,0,0,-8
14360,0,28749934247,28749934283,0,0,-35
14361,0,28751937847,28751937881,0,0,-34
14362,0,28753940089,28753940056,0,0,33
14363,0,28755942103,28755942095,0,0,7
14364,0,28757944479,28757944474,0,0,5
14365,0,28759946589,28759946555,0,0,33
14366,0,28761948817,28761948804,0,0,12
14367,0,28763951160,28763951208,0,0,-48
14368,0,28765953098,28765953156,0,0,-57
14369,0,28767955226,28767955217,0,0,8
14370,0,28769957152,28769957161,0,0,-9
14371,0,28771959449,28771959463,0,0,-13
14372,0,28773961613,28773961590,0,0,22
14373,0,28775966654,28775966624,0,0,29
14374,0,28777966501,28777966433,0,0,67
14375,0,28779968631,28779968593,0,0,37
14376,0,28781970946,28781970902,0,0,43
14377,0,28783973223,28783973208,0,0,15
14378,0,28785974629,28785974559,0,0,69
14379,0,28787978050,28787978000,0,0,50
14380,0,28789981385,28789981359,0,0,26
14381,0,28791982068,28791982026,0,0,41
14382,0,28793983703,28793983667,0,0,36
14383,0,28795987179,28795987155,0,0,23
14384,0,28797988783,28797988725,0,0,57
14385,0,28799991332,28799991317,0,0,14
14386,0,28801993659,28801993647,0,0,11
14387,0,28803995606,28803995552,0,0,53
14388,0,28805998251,28805998216,0,0,35
14389,0,28808000904,28808000929,0,0,-24
14390,0,28810001948,28810001942,0,0,5
14391,0,28812003710,28812003735,0,0,-24
14392,0,28814006488,28814006501,0,0,-13
14393,0,28816008799,28816008817,0,0,-17
14394,0,28818009835,28818009870,0,0,-35
14395,0,28820012264,28820012277,0,0,-13
14396,0,28822015281,28822015245,0,0,35
14397,0,28824017159,28824017122,0,0,37
14398,0,28826020438,28826020397,0,0,40
14399,0,28828021896,28828021858,0,0,38
14400,0,28830023233,28830023166,0,0,67
14401,0,28832025956,28832025927,0,0,29
14402,0,28834028548,28834028512,0,0,35
14403,0,28836029759,28836029705,0,0,53
14404,0,28838032077,28838032022,0,0,54
14405,0,28840035670,28840035651,0,0,18
14406,0,28842038334,28842038303,0,0,31
14407,0,28844039757,28844039776,0,0,-18
14408,0,28846041953,28846041905,0,0,48
14409,0,28848043334,28848043297,0,0,36
14410,0,28850045803,28850045795,0,0,8
14411,0,28852048646,28852048672,0,0,-26
14412,0,28854050359,28854050398,0,0,-39
14413,0,28856053432,28856053457,0,0,-24
14414,0,28858055755,28858055695,0,0,60
14415,0,28860058476,28860058447,0,0,29
14416,0,28862060364,28862060322,0,0,42
14417,0,28864062110,28864062081,0,0,29
14418,0,28866064567,28866064592,0,0,-24
14419,0,28868066416,28868066436,0,0,-20
14420,0,28870068176,28870068212,0,0,-35
14421,0,28872071962,28872071945,0,0,17
14422,0,28874072896,28874072887,0,0,8
14423,0,28876075748,28876075788,0,0,-39
14424,0,28878078193,28878078182,0,0,11
14425,0,28880080145,28880080116,0,0,29
14426,0,28882082409,28882082380,0,0,29
14427,0,28884084755,28884084725,0,0,30
14428,0,28886086859,28886086912,0,0,-53
14429,0,28888088777,28888088805,0,0,-27
14430,0,28890091338,28890091290,0,0,47
14431,0,28892092649,28892092618,0,0,30
14432,0,28894095345,28894095310,0,0,35
14433,0,28896096836,28896096806,0,0,30
14434,0,28898100076,28898100047,0,0,29
14435,0,28900102402,28900102361,0,0,40
14436,0,28902104620,28902104568,0,0,51
14437,0,28904108229,28904108179,0,0,49
14438,0,28906109610,28906109550,0,0,60
14439,0,28908111204,28908111158,0,0,45
14440,0,28910112861,28910112874,0,0,-13
14441,0,28912114665,28912114680,0,0,-14
14442,0,28914118095,28914118026,0,0,69
14443,0,28916120361,28916120312,0,0,49
14444,0,28918122485,28918122494,0,0,-8
14445,0,28920124320,28920124339,0,0,-19
14446,0,28922126066,28922126057,0,0,8
14447,0,28924130113,28924130138,0,0,-24
14448,0,28926132526,28926132535,0,0,-8
14449,0,28928133411,28928133423,0,0,-11
14450,0,28930135883,28930135815,0,0,67
14451,0,28932137462,28932137420,0,0,41
14452,0,28934139177,28934139110,0,0,67
14453,0,28936142776,28936142761,0,0,15
14454,0,28938144510,28938144455,0,0,55
14455,0,28940147642,28940147651,0,0,-8
14456,0,28942149900,28942149951,0,0,-51
14457,0,28944151094,28944151107,0,0,-13
14458,0,28946152655,28946152687,0,0,-32
14459,0,28948155399,28948155384,0,0,15
14460,0,28950157080,28950157035,0,0,44
14461,0,28952159775,28952159759,0,0,15
14462,0,28954161865,28954161815,0,0,49
14463,0,28956164566,28956164546,0,0,20
14464,0,28958166931,28958166910,0,0,20
14465,0,28960169204,28960169168,0,0,35
14466,0,28962171582,28962171546,0,0,35
14467,0,28964173534,28964173523,0,0,11
14468,0,28966175865,28966175910,0,0,-44
14469,0,28968179337,28968179376,0,0,-39
14470,0,28970180631,28970180584,0,0,46
14471,0,28972182579,28972182556,0,0,23
14472,0,28974184408,28974184379,0,0,29
14473,0,28976185671,28976185635,0,0,35
14474,0,28978188247,28978188217,0,0,29
14475,0,28980191324,28980191287,0,0,37
14476,0,28982193280,28982193257,0,0,23
14477,0,28984194331,28984194312,0,0,19
14478,0,28986197286,28986197252,0,0,33
14479,0,28988200084,28988200063,0,0,20
14480,0,28990202613,28990202595,0,0,17
14481,0,28992204611,28992204584,0,0,26
14482,0,28994206624,28994206615,0,0,8
14483,0,28996208115,28996208094,0,0,21
14484,0,28998211322,28998211276,0,0,45
14485,0,29000214603,29000214582,0,0,20
14486,0,29002215939,29002215931,0,0,8
14487,0,29004218090,29004218073,0,0,17
14488,0,29006220062,29006220031,0,0,30
14489,0,29008221684,29008221656,0,0,27
14490,0,29010225112,29010225072,0,0,40
14491,0,29012227090,29012227020,0,0,69
14492,0,29014228837,29014228786,0,0,50
14493,0,29016230260,29016230196,0,0,63
14494,0,29018233548,29018233494,0,0,53
14495,0,29020236457,29020236399,0,0,58
14496,0,29022238212,29022238176,0,0,35
14497,0,29024240000,29024239992,0,0,7
14498,0,29026241503,29026241447,0,0,56
14499,0,29028244555,29028244513,0,0,41
14500,0,29030247433,29030247379,0,0,53
14501,0,29032250219,29032250177,0,0,41
14502,0,29034251447,29034251438,0,0,8
14503,0,29036253635,29036253683,0,0,-47
14504,0,29038255498,29038255521,0,0,-22
14505,0,29040256687,29040256652,0,0,35
14506,0,29042259647,29042259565,0,0,81
14507,0,29044262790,29044262746,0,0,43
14508,0,29046264911,29046264876,0,0,34
14509,0,29048267132,29048267103,0,0,29
14510,0,29050268995,29050268959,0,0,35
14511,0,29052271245,29052271213,0,0,31
14512,0,29054274557,29054274521,0,0,35
14513,0,29056274553,29056274532,0,0,20
14514,0,29058276925,29058276864,0,0,60
14515,0,29060279229,29060279187,0,0,42
14516,0,29062283191,29062283137,0,0,53
14517,0,29064287062,29064287029,0,0,33
14518,0,29066286822,29066286753,0,0,69
14519,0,29068288136,29068288094,0,0,41
14520,0,29070291186,29070291153,0,0,33
14521,0,29072292420,29072292449,0,0,-28
14522,0,29074294659,29074294671,0,0,-11
14523,0,29076296553,29076296507,0,0,45
14524,0,29078298985,29078298926,0,0,58
14525,0,29080301595,29080301538,0,0,57
14526,0,29082304781,29082304804,0,0,-22
14527,0,29084306726,29084306701,0,0,25
14528,0,29086307575,29086307540,0,0,35
14529,0,29088310249,29088310201,0,0,48
14530,0,29090314285,29090314261,0,0,24
14531,0,29092316275,29092316231,0,0,43
14532,0,29094319101,29094319051,0,0,50
14533,0,29096322374,29096322332,0,0,41
14534,0,29098322563,29098322536,0,0,26
14535,0,29100324279,29100324260,0,0,19
14536,0,29102326015,29102325976,0,0,38
14537,0,29104329765,29104329723,0,0,41
14538,0,29106331532,29106331557,0,0,-24
14539,0,29108333718,29108333690,0,0,27
14540,0,29110335795,29110335750,0,0,44
14541,0,29112337823,29112337802,0,0,21
14542,0,29114340287,29114340231,0,0,56
14543,0,29116342779,29116342730,0,0,49
14544,0,29118344928,29118344905,0,0,22
14545,0,29120346622,29120346606,0,0,15
14546,0,29122348453,29122348413,0,0,39
14547,0,29124351208,29124351179,0,0,29
14548,0,29126352744,29126352701,0,0,42
14549,0,29128355957,29128355905,0,0,51
14550,0,29130359318,29130359287,0,0,30
14551,0,29132360214,29132360173,0,0,41
14552,0,29134362462,29134362441,0,0,20
14553,0,29136364947,29136364908,0,0,38
14554,0,29138367817,29138367770,0,0,47
14555,0,29140369651,29140369619,0,0,32
14556,0,29142371732,29142371667,0,0,65
14557,0,29144373671,29144373648,0,0,23
14558,0,29146375856,29146375798,0,0,58
14559,0,29148378441,29148378395,0,0,45
14560,0,29150380415,29150380359,0,0,55
14561,0,29152382358,29152382342,0,0,15
14562,0,29154384076,29154384061,0,0,14
14563,0,29156386948,29156386984,0,0,-35
14564,0,29158389395,29158389421,0,0,-25
14565,0,29160391552,29160391567,0,0,-14
14566,0,29162393748,29162393731,0,0,17
14567,0,29164395593,29164395626,0,0,-33
14568,0,29166397264,29166397240,0,0,24
14569,0,29168400952,29168400923,0,0,29
14570,0,29170402397,29170402360,0,0,37
14571,0,29172403970,29172403932,0,0,37
14572,0,29174407085,29174407103,0,0,-17
14573,0,29176409143,29176409095,0,0,47
14574,0,29178411030,29178410988,0,0,41
14575,0,29180414599,29180414553,0,0,45
14576,0,29182416173,29182416137,0,0,35
14577,0,29184418276,29184418239,0,0,36
14578,0,29186420501,29186420455,0,0,45
14579,0,29188422755,29188422707,0,0,47
14580,0,29190426406,29190426422,0,0,-15
14581,0,29192426827,29192426839,0,0,-11
14582,0,29194429288,29194429298,0,0,-10
14583,0,29196431408,29196431369,0,0,39
14584,0,29198433687,29198433640,0,0,47
14585,0,29200436301,29200436235,0,0,65
14586,0,29202438561,29202438514,0,0,47
14587,0,29204440186,29204440125,0,0,60
14588,0,29206441833,29206441788,0,0,45
14589,0,29208445270,29208445246,0,0,24
14590,0,29210447170,29210447112,0,0,57
14591,0,29212449311,29212449276,0,0,34
14592,0,29214451714,29214451647,0,0,66
14593,0,29216453627,29216453570,0,0,57
14594,0,29218455620,29218455573,0,0,47
14595,0,29220458513,29220458460,0,0,53
14596,0,29222460549,29222460568,0,0,-18
14597,0,29224462795,29224462824,0,0,-29
14598,0,29226464895,29226464879,0,0,15
14599,0,29228466967,29228466937,0,0,30
14600,0,29230469345,29230469398,0,0,-53
14601,0,29232471365,29232471398,0,0,-33
14602,0,29234472668,29234472629,0,0,39
14603,0,29236474824,29236474806,0,0,17
14604,0,29238477126,29238477107,0,0,18
14605,0,29240479462,29240479449,0,0,13
14606,0,29242482617,29242482591,0,0,25
14607,0,29244484768,29244484755,0,0,12
14608,0,29246488451,29246488438,0,0,13
14609,0,29248489130,29248489122,0,0,7
14610,0,29250490629,29250490599,0,0,30
14611,0,29252493440,29252493428,0,0,12
14612,0,29254494650,29254494702,0,0,-51
14613,0,29256496939,29256496980,0,0,-40
14614,0,29258500411,29258500373,0,0,37
14615,0,29260503809,29260503793,0,0,15
14616,0,29262506486,29262506457,0,0,29
14617,0,29264507414,29264507387,0,0,26
14618,0,29266509323,29266509364,0,0,-40
14619,0,29268511401,29268511427,0,0,-26
14620,0,29270512685,29270512737,0,0,-51
14621,0,29272515370,29272515398,0,0,-28
14622,0,29274518635,29274518592,0,0,43
14623,0,29276520341,29276520351,0,0,-9
14624,0,29278521408,29278521441,0,0,-32
14625,0,29280523666,29280523704,0,0,-38
14626,0,29282526669,29282526683,0,0,-13
14627,0,29284529469,29284529426,0,0,43
14628,0,29286532543,29286532479,0,0,63
14629,0,29288534188,29288534141,0,0,47
14630,0,29290538557,29290538496,0,0,60
14631,0,29292538274,29292538292,0,0,-17
14632,0,29294540587,29294540608,0,0,-21
14633,0,29296542721,29296542743,0,0,-22
14634,0,29298545470,29298545457,0,0,13
14635,0,29300547186,29300547139,0,0,46
14636,0,29302549251,29302549199,0,0,52
14637,0,29304550808,29304550771,0,0,37
14638,0,29306553959,29306553878,0,0,80
14639,0,29308556551,29308556506,0,0,44
14640,0,29310559177,29310559148,0,0,29
14641,0,29312560391,29312560342,0,0,49
14642,0,29314562441,29314562394,0,0,47
14643,0,29316565067,29316565016,0,0,50
14644,0,29318567107,29318567048,0,0,59
14645,0,29320568024,29320567997,0,0,26
14646,0,29322571626,29322571582,0,0,44
14647,0,29324574224,29324574241,0,0,-17
14648,0,29326575820,29326575843,0,0,-23
14649,0,29328577407,29328577384,0,0,23
14650,0,29330580643,29330580603,0,0,40
14651,0,29332582674,29332582627,0,0,46
14652,0,29334585123,29334585084,0,0,39
14653,0,29336587359,29336587332,0,0,27
14654,0,29338589814,29338589793,0,0,20
14655,0,29340591777,29340591730,0,0,47
14656,0,29342594222,29342594195,0,0,26
14657,0,29344596098,29344596078,0,0,19
14658,0,29346598840,29346598791,0,0,49
14659,0,29348600340,29348600366,0,0,-26
14660,0,29350601739,29350601748,0,0,-8
14661,0,29352603795,29352603823,0,0,-28
14662,0,29354607150,29354607158,0,0,-7
14663,0,29356608407,29356608354,0,0,53
14664,0,29358611996,29358611973,0,0,23
14665,0,29360613906,29360613864,0,0,42
14666,0,29362616262,29362616208,0,0,53
14667,0,29364617910,29364617885,0,0,24
14668,0,29366619833,29366619844,0,0,-11
14669,0,29368622855,29368622823,0,0,31
14670,0,29370625245,29370625220,0,0,24
14671,0,29372628161,29372628123,0,0,38
14672,0,29374630984,29374630961,0,0,22
14673,0,29376631577,29376631543,0,0,33
14674,0,29378633314,29378633238,0,0,76
14675,0,29380636270,29380636238,0,0,31
14676,0,29382638865,29382638823,0,0,41
14677,0,29384640466,29384640401,0,0,65
14678,0,29386644312,29386644319,0,0,-6
14679,0,29388645215,29388645195,0,0,20
14680,0,29390648530,29390648492,0,0,38
14681,0,29392649907,29392649891,0,0,15
14682,0,29394651828,29394651767,0,0,60
14683,0,29396653922,29396653890,0,0,31
14684,0,29398656290,29398656267,0,0,23
14685,0,29400658394,29400658359,0,0,35
14686,0,29402661168,29402661132,0,0,35
14687,0,29404662812,29404662775,0,0,37
14688,0,29406663860,29406663810,0,0,50
14689,0,29408666775,29408666728,0,0,46
14690,0,29410669684,29410669644,0,0,39
14691,0,29412671662,29412671676,0,0,-13
14692,0,29414674198,29414674235,0,0,-37
14693,0,29416676151,29416676207,0,0,-56
14694,0,29418678621,29418678653,0,0,-32
14695,0,29420680384,29420680366,0,0,17
14696,0,29422681733,29422681756,0,0,-22
14697,0,29424684200,29424684247,0,0,-47
14698,0,29426687506,29426687498,0,0,7
14699,0,29428689662,29428689642,0,0,19
14700,0,29430692304,29430692278,0,0,25
14701,0,29432694090,29432694073,0,0,17
14702,0,29434696433,29434696377,0,0,55
14703,0,29436698701,29436698734,0,0,-33
14704,0,29438700405,29438700418,0,0,-13
14705,0,29440701622,29440701591,0,0,31
14706,0,29442704039,29442704012,0,0,26
14707,0,29444707303,29444707256,0,0,47
14708,0,29446709645,29446709560,0,0,85
14709,0,29448712085,29448712041,0,0,43
14710,0,29450715523,29450715469,0,0,53
14711,0,29452715793,29452715745,0,0,47
14712,0,29454717809,29454717770,0,0,38
14713,0,29456720696,29456720644,0,0,51
14714,0,29458723057,29458723013,0,0,43
14715,0,29460724701,29460724650,0,0,50
14716,0,29462726631,29462726600,0,0,30
14717,0,29464729799,29464729757,0,0,41
14718,0,29466732591,29466732535,0,0,55
14719,0,29468734230,29468734187,0,0,42
14720,0,29470736139,29470736092,0,0,47
14721,0,29472737382,29472737365,0,0,17
14722,0,29474739825,29474739812,0,0,13
14723,0,29476743044,29476743017,0,0,26
14724,0,29478745466,29478745414,0,0,51
14725,0,29480747433,29480747497,0,0,-64
14726,0,29482749475,29482749456,0,0,18
14727,0,29484751788,29484751773,0,0,15
14728,0,29486753741,29486753703,0,0,37
14729,0,29488755190,29488755152,0,0,37
14730,0,29490759310,29490759243,0,0,67
14731,0,29492760935,29492760885,0,0,50
14732,0,29494763026,29494762997,0,0,29
14733,0,29496765229,29496765182,0,0,47
14734,0,29498767545,29498767556,0,0,-11
14735,0,29500770388,29500770353,0,0,34
14736,0,29502771562,29502771548,0,0,14
14737,0,29504772807,29504772843,0,0,-35
14738,0,29506775644,29506775690,0,0,-46
14739,0,29508778743,29508778722,0,0,20
14740,0,29510781286,29510781262,0,0,23
14741,0,29512783121,29512783100,0,0,20
14742,0,29514785640,29514785622,0,0,17
14743,0,29516788585,29516788568,0,0,17
14744,0,29518789083,29518789047,0,0,35
14745,0,29520791228,29520791211,0,0,17
14746,0,29522794015,29522793980,0,0,34
14747,0,29524795555,29524795519,0,0,35
14748,0,29526798941,29526798934,0,0,7
14749,0,29528800722,29528800698,0,0,23
14750,0,29530801959,29530801934,0,0,24
14751,0,29532805090,29532805078,0,0,11
14752,0,29534806778,29534806744,0,0,33
14753,0,29536809948,29536809928,0,0,20
14754,0,29538812106,29538812075,0,0,31
14755,0,29540814224,29540814178,0,0,45
14756,0,29542816320,29542816290,0,0,29
14757,0,29544817521,29544817467,0,0,53
14758,0,29546821344,29546821307,0,0,37
14759,0,29548824401,29548824370,0,0,30
14760,0,29550825489,29550825462,0,0,26
14761,0,29552827613,29552827598,0,0,15
14762,0,29554829768,29554829728,0,0,39
14763,0,29556832194,29556832130,0,0,63
14764,0,29558834793,29558834757,0,0,35
14765,0,29560836202,29560836176,0,0,25
14766,0,29562837509,29562837537,0,0,-28
14767,0,29564841103,29564841076,0,0,27
14768,0,29566843950,29566843910,0,0,39
14769,0,29568844182,29568844131,0,0,50
14770,0,29570846363,29570846298,0,0,65
14771,0,29572848848,29572848800,0,0,47
14772,0,29574851935,29574851842,0,0,93
14773,0,29576853311,29576853277,0,0,33
14774,0,29578856447,29578856389,0,0,57
14775,0,29580859788,29580859757,0,0,30
14776,0,29582862112,29582862075,0,0,37
14777,0,29584863375,29584863332,0,0,42
14778,0,29586865634,29586865587,0,0,47
14779,0,29588867240,29588867200,0,0,40
14780,0,29590870226,29590870206,0,0,20
14781,0,29592871873,29592871831,0,0,41
14782,0,29594873364,29594873307,0,0,56
14783,0,29596876562,29596876523,0,0,39
14784,0,29598879408,29598879379,0,0,29
14785,0,29600880816,29600880871,0,0,-54
14786,0,29602883261,29602883298,0,0,-36
14787,0,29604885261,29604885274,0,0,-12
14788,0,29606887621,29606887591,0,0,30
14789,0,29608889723,29608889705,0,0,17
14790,0,29610890952,29610890898,0,0,53
14791,0,29612894431,29612894459,0,0,-28
14792,0,29614896303,29614896321,0,0,-17
14793,0,29616897499,29616897535,0,0,-35
14794,0,29618900110,29618900123,0,0,-13
14795,0,29620903096,29620903063,0,0,33
14796,0,29622905520,29622905458,0,0,62
14797,0,29624907324,29624907351,0,0,-26
14798,0,29626908444,29626908419,0,0,25
14799,0,29628911678,29628911625,0,0,52
14800,0,29630915065,29630915040,0,0,24
14801,0,29632917029,29632916982,0,0,47
14802,0,29634919483,29634919418,0,0,64
14803,0,29636921250,29636921211,0,0,39
14804,0,29638923401,29638923360,0,0,40
14805,0,29640926069,29640926032,0,0,36
14806,0,29642927714,29642927685,0,0,29
14807,0,29644931017,29644930986,0,0,31
14808,0,29646932015,29646931990,0,0,25
14809,0,29648933324,29648933299,0,0,24
14810,0,29650936721,29650936649,0,0,72
14811,0,29652938662,29652938602,0,0,60
14812,0,29654941415,29654941364,0,0,50
14813,0,29656943017,29656942980,0,0,36
14814,0,29658944586,29658944522,0,0,63
14815,0,29660947752,29660947714,0,0,37
14816,0,29662949773,29662949730,0,0,43
14817,0,29664951750,29664951735,0,0,15
14818,0,29666954577,29666954548,0,0,29
14819,0,29668956638,29668956661,0,0,-22
14820,0,29670959053,29670958999,0,0,53
14821,0,29672961667,29672961662,0,0,5
14822,0,29674963674,29674963663,0,0,11
14823,0,29676966629,29676966606,0,0,23
14824,0,29678967278,29678967236,0,0,41
14825,0,29680969550,29680969541,0,0,9
14826,0,29682972984,29682973018,0,0,-33
14827,0,29684974976,29684975001,0,0,-24
14828,0,29686977330,29686977317,0,0,13
14829,0,29688978720,29688978691,0,0,29
14830,0,29690983062,29690983006,0,0,56
14831,0,29692983879,29692983869,0,0,9
14832,0,29694985398,29694985374,0,0,24
14833,0,29696987719,29696987776,0,0,-56
14834,0,29698990213,29698990191,0,0,22
14835,0,29700992208,29700992242,0,0,-34
14836,0,29702994689,29702994722,0,0,-32
14837,0,29704996946,29704996923,0,0,22
14838,0,29706999320,29706999303,0,0,17
14839,0,29709001928,29709001890,0,0,37
14840,0,29711003289,29711003260,0,0,29
14841,0,29713005389,29713005435,0,0,-46
14842,0,29715007966,29715008014,0,0,-47
14843,0,29717010004,29717010034,0,0,-30
14844,0,29719012376,29719012343,0,0,33
14845,0,29721014823,29721014817,0,0,6
14846,0,29723017024,29723016982,0,0,42
14847,0,29725019615,29725019604,0,0,11
14848,0,29727021337,29727021373,0,0,-35
14849,0,29729023381,29729023444,0,0,-62
14850,0,29731025912,29731025927,0,0,-14
14851,0,29733027944,29733027922,0,0,22
14852,0,29735030611,29735030586,0,0,24
14853,0,29737032682,29737032660,0,0,22
14854,0,29739034854,29739034844,0,0,10
14855,0,29741036853,29741036821,0,0,31
14856,0,29743039730,29743039770,0,0,-40
14857,0,29745040806,29745040815,0,0,-9
14858,0,29747042207,29747042227,0,0,-20
14859,0,29749045348,29749045397,0,0,-49
14860,0,29751046999,29751047033,0,0,-34
14861,0,29753050155,29753050208,0,0,-53
14862,0,29755052049,29755052078,0,0,-28
14863,0,29757053930,29757053903,0,0,26
14864,0,29759056817,29759056785,0,0,31
14865,0,29761058794,29761058783,0,0,11
14866,0,29763061396,29763061340,0,0,56
14867,0,29765063682,29765063655,0,0,26
14868,0,29767065910,29767065933,0,0,-22
14869,0,29769068253,29769068299,0,0,-46
14870,0,29771070064,29771070070,0,0,-6
14871,0,29773071878,29773071851,0,0,27
14872,0,29775074317,29775074288,0,0,29
14873,0,29777075935,29777075900,0,0,35
14874,0,29779079065,29779079012,0,0,52
14875,0,29781081044,29781081037,0,0,7
14876,0,29783083304,29783083289,0,0,14
14877,0,29785085593,29785085568,0,0,24
14878,0,29787087959,29787087929,0,0,30
14879,0,29789089826,29789089845,0,0,-18
14880,0,29791092507,29791092471,0,0,35
14881,0,29793094390,29793094339,0,0,51
14882,0,29795096058,29795096013,0,0,44
14883,0,29797099149,29797099124,0,0,24
14884,0,29799100960,29799100995,0,0,-34
14885,0,29801102058,29801102022,0,0,35
14886,0,29803105078,29803105052,0,0,25
14887,0,29805108068,29805108032,0,0,35
14888,0,29807110924,29807110879,0,0,44
14889,0,29809111513,29809111502,0,0,11
14890,0,29811114761,29811114725,0,0,35
14891,0,29813116896,29813116859,0,0,37
14892,0,29815118828,29815118808,0,0,19
14893,0,29817120239,29817120258,0,0,-19
14894,0,29819123445,29819123451,0,0,-6
14895,0,29821126393,29821126357,0,0,35
14896,0,29823127570,29823127527,0,0,43
14897,0,29825128835,29825128796,0,0,38
14898,0,29827131408,29827131368,0,0,40
14899,0,29829134576,29829134543,0,0,33
14900,0,29831137093,29831137123,0,0,-29
14901,0,29833138892,29833138929,0,0,-36
14902,0,29835141067,29835141092,0,0,-24
14903,0,29837142008,29837141955,0,0,53
14904,0,29839145903,29839145866,0,0,36
14905,0,29841147957,29841147916,0,0,41
14906,0,29843150328,29843150265,0,0,63
14907,0,29845152281,29845152222,0,0,58
14908,0,29847154691,29847154632,0,0,58
14909,0,29849156973,29849156920,0,0,52
14910,0,29851160343,29851160260,0,0,83
14911,0,29853162722,29853162676,0,0,45
14912,0,29855163401,29855163347,0,0,53
14913,0,29857165995,29857165944,0,0,50
14914,0,29859168537,29859168488,0,0,49
14915,0,29861170905,29861170854,0,0,50
14916,0,29863172914,29863172864,0,0,50
14917,0,29865174688,29865174662,0,0,26
14918,0,29867176997,29867176938,0,0,59
14919,0,29869179128,29869179090,0,0,37
14920,0,29871182270,29871182231,0,0,39
14921,0,29873183912,29873183875,0,0,37
14922,0,29875186421,29875186345,0,0,76
14923,0,29877187829,29877187844,0,0,-15
14924,0,29879190083,29879190038,0,0,45
14925,0,29881191651,29881191631,0,0,20
14926,0,29883195030,29883194969,0,0,60
14927,0,29885198269,29885198242,0,0,27
14928,0,29887200640,29887200658,0,0,-17
14929,0,29889201579,29889201528,0,0,51
14930,0,29891205223,29891205201,0,0,22
14931,0,29893206025,29893205975,0,0,50
14932,0,29895208402,29895208323,0,0,78
14933,0,29897210312,29897210263,0,0,48
14934,0,29899212368,29899212285,0,0,83
14935,0,29901215230,29901215191,0,0,38
14936,0,29903218026,29903217983,0,0,43
14937,0,29905219137,29905219118,0,0,18
14938,0,29907221457,29907221395,0,0,61
14939,0,29909223296,29909223271,0,0,24
14940,0,29911224746,29911224730,0,0,15
14941,0,29913228253,29913228197,0,0,56
14942,0,29915230193,29915230140,0,0,53
14943,0,29917231601,29917231580,0,0,20
14944,0,29919235031,29919235070,0,0,-38
14945,0,29921237009,29921236988,0,0,20
14946,0,29923239514,29923239464,0,0,50
14947,0,29925241309,29925241275,0,0,33
14948,0,29927243603,29927243598,0,0,4
14949,0,29929245683,29929245654,0,0,28
14950,0,29931248180,29931248128,0,0,51
14951,0,29933250376,29933250329,0,0,47
14952,0,29935253646,29935253612,0,0,33
14953,0,29937254569,29937254537,0,0,32
14954,0,29939257008,29939256943,0,0,65
14955,0,29941258917,29941258874,0,0,42
14956,0,29943260462,29943260478,0,0,-16
14957,0,29945263673,29945263716,0,0,-42
14958,0,29947266734,29947266693,0,0,40
14959,0,29949268963,29949268934,0,0,29
14960,0,29951269244,29951269238,0,0,6
14961,0,29953272690,29953272674,0,0,16
14962,0,29955274724,29955274687,0,0,37
14963,0,29957277420,29957277465,0,0,-44
14964,0,29959279121,29959279095,0,0,25
14965,0,29961281686,29961281657,0,0,29
14966,0,29963283908,29963283885,0,0,23
14967,0,29965285770,29965285761,0,0,8
14968,0,29967287986,29967287954,0,0,31
14969,0,29969290079,29969290064,0,0,15
14970,0,29971291849,29971291792,0,0,57
14971,0,29973295001,29973294977,0,0,23
14972,0,29975296934,29975296892,0,0,42
14973,0,29977299361,29977299340,0,0,20
14974,0,29979301555,29979301533,0,0,22
14975,0,29981303416,29981303403,0,0,13
14976,0,29983304448,29983304417,0,0,30
14977,0,29985307555,29985307534,0,0,20
14978,0,29987310071,29987310045,0,0,25
14979,0,29989311410,29989311401,0,0,8
14980,0,29991315782,29991315800,0,0,-18
14981,0,29993316606,29993316639,0,0,-32
14982,0,29995318285,29995318290,0,0,-4
14983,0,29997321252,29997321289,0,0,-36
14984,0,29999323791,29999323786,0,0,4
14985,0,30001325824,30001325838,0,0,-13
14986,0,30003328396,30003328336,0,0,60
14987,0,30005330163,30005330199,0,0,-35
14988,0,30007332648,30007332608,0,0,39
14989,0,30009334420,30009334413,0,0,7
14990,0,30011335882,30011335824,0,0,57
14991,0,30013339081,30013339135,0,0,-53
14992,0,30015343223,30015343216,0,0,6
14993,0,30017344291,30017344317,0,0,-26
14994,0,30019346824,30019346808,0,0,15
14995,0,30021349137,30021349123,0,0,13
14996,0,30023350703,30023350719,0,0,-15
14997,0,30025352595,30025352637,0,0,-41
14998,0,30027354529,30027354541,0,0,-12
14999,0,30029355957,30029355941,0,0,15
15000,0,30031360162,30031360134,0,0,28
15001,0,30033361719,30033361694,0,0,24
15002,0,30035363555,30035363582,0,0,-26
15003,0,30037365811,30037365766,0,0,44
15004,0,30039367939,30039367908,0,0,30
15005,0,30041369280,30041369307,0,0,-26
15006,0,30043373314,30043373292,0,0,22
15007,0,30045374784,30045374734,0,0,49
15008,0,30047377044,30047376993,0,0,51
15009,0,30049379242,30049379207,0,0,35
15010,0,30051382069,30051382034,0,0,34
15011,0,30053383560,30053383530,0,0,30
15012,0,30055385431,30055385388,0,0,43
15013,0,30057388141,30057388132,0,0,9
15014,0,30059390137,30059390101,0,0,35
15015,0,30061391725,30061391694,0,0,31
15016,0,30063396088,30063396045,0,0,42
15017,0,30065396894,30065396869,0,0,24
15018,0,30067398478,30067398420,0,0,57
15019,0,30069401373,30069401340,0,0,32
15020,0,30071404211,30071404178,0,0,32
15021,0,30073406154,30073406137,0,0,17
15022,0,30075408047,30075408042,0,0,4
15023,0,30077409762,30077409694,0,0,68
15024,0,30079412319,30079412284,0,0,34
15025,0,30081413666,30081413680,0,0,-14
15026,0,30083416334,30083416272,0,0,61
15027,0,30085419267,30085419201,0,0,65
15028,0,30087421533,30087421469,0,0,64
15029,0,30089423799,30089423723,0,0,76
15030,0,30091427442,30091427388,0,0,53
15031,0,30093427732,30093427691,0,0,40
15032,0,30095430382,30095430339,0,0,42
15033,0,30097432873,30097432858,0,0,15
15034,0,30099434851,30099434774,0,0,77
15035,0,30101437052,30101437029,0,0,23
15036,0,30103439813,30103439782,0,0,30
15037,0,30105441501,30105441463,0,0,37
15038,0,30107443606,30107443598,0,0,8
15039,0,30109444914,30109444885,0,0,29
15040,0,30111447792,30111447732,0,0,59
15041,0,30113449765,30113449731,0,0,33
15042,0,30115453003,30115452955,0,0,47
15043,0,30117454943,30117454895,0,0,47
15044,0,30119456964,30119456904,0,0,59
15045,0,30121457984,30121457962,0,0,21
15046,0,30123461071,30123461031,0,0,39
15047,0,30125463636,30125463587,0,0,49
15048,0,30127465070,30127464986,0,0,83
15049,0,30129468151,30129468083,0,0,67
15050,0,30131470825,30131470843,0,0,-17
15051,0,30133472772,30133472766,0,0,6
15052,0,30135474944,30135474964,0,0,-19
15053,0,30137477466,30137477402,0,0,63
15054,0,30139479361,30139479392,0,0,-31
15055,0,30141482804,30141482833,0,0,-29
15056,0,30143484839,30143484864,0,0,-24
15057,0,30145486075,30145486098,0,0,-22
15058,0,30147488860,30147488824,0,0,35
15059,0,30149490427,30149490388,0,0,39
15060,0,30151492999,30151492964,0,0,35
15061,0,30153495196,30153495209,0,0,-13
15062,0,30155497176,30155497122,0,0,53
15063,0,30157499471,30157499435,0,0,35
15064,0,30159501092,30159501105,0,0,-13
15065,0,30161503757,30161503713,0,0,43
15066,0,30163505157,30163505125,0,0,31
15067,0,30165508390,30165508344,0,0,45
15068,0,30167510319,30167510279,0,0,40
15069,0,30169511702,30169511647,0,0,55
15070,0,30171514886,30171514834,0,0,51
15071,0,30173516811,30173516858,0,0,-46
15072,0,30175518293,30175518239,0,0,53
15073,0,30177520609,30177520595,0,0,14
15074,0,30179523504,30179523462,0,0,42
15075,0,30181524875,30181524846,0,0,29
15076,0,30183527329,30183527291,0,0,38
15077,0,30185530878,30185530830,0,0,47
15078,0,30187533077,30187533060,0,0,17
15079,0,30189535219,30189535188,0,0,31
15080,0,30191538607,30191538635,0,0,-27
15081,0,30193540364,30193540399,0,0,-35
15082,0,30195541259,30195541238,0,0,20
15083,0,30197544061,30197544035,0,0,25
15084,0,30199546591,30199546550,0,0,40
15085,0,30201548255,30201548235,0,0,19
15086,0,30203550437,30203550376,0,0,60
15087,0,30205552330,30205552310,0,0,20
15088,0,30207555193,30207555263,0,0,-69
15089,0,30209557363,30209557389,0,0,-26
15090,0,30211559627,30211559638,0,0,-10
15091,0,30213561438,30213561419,0,0,18
15092,0,30215562918,30215562886,0,0,31
15093,0,30217566187,30217566143,0,0,43
15094,0,30219568460,30219568451,0,0,9
15095,0,30221571412,30221571440,0,0,-27
15096,0,30223573830,30223573836,0,0,-6
15097,0,30225576104,30225576134,0,0,-30
15098,0,30227577076,30227577089,0,0,-13
15099,0,30229578730,30229578755,0,0,-24
15100,0,30231582000,30231582051,0,0,-51
15101,0,30233584330,30233584352,0,0,-21
15102,0,30235586302,30235586337,0,0,-34
15103,0,30237588600,30237588591,0,0,8
15104,0,30239590669,30239590636,0,0,32
15105,0,30241592854,30241592827,0,0,26
15106,0,30243594948,30243594905,0,0,43
15107,0,30245597280,30245597256,0,0,24
15108,0,30247598224,30247598195,0,0,29
15109,0,30249600549,30249600521,0,0,27
15110,0,30251603038,30251603005,0,0,32
15111,0,30253605835,30253605817,0,0,18
15112,0,30255607723,30255607692,0,0,31
15113,0,30257611474,30257611498,0,0,-24
15114,0,30259612973,30259613007,0,0,-34
15115,0,30261615006,30261614993,0,0,13
15116,0,30263617333,30263617301,0,0,32
15117,0,30265620006,30265619998,0,0,8
15118,0,30267621524,30267621471,0,0,53
15119,0,30269622905,30269622868,0,0,36
15120,0,30271626667,30271626641,0,0,25
15121,0,30273628275,30273628254,0,0,20
15122,0,30275629496,30275629448,0,0,47
15123,0,30277631737,30277631711,0,0,25
15124,0,30279635014,30279634974,0,0,40
15125,0,30281636717,30281636701,0,0,15
15126,0,30283639759,30283639743,0,0,15
15127,0,30285642182,30285642177,0,0,5
15128,0,30287643667,30287643663,0,0,4
15129,0,30289646015,30289645965,0,0,50
15130,0,30291648871,30291648846,0,0,25
15131,0,30293650276,30293650264,0,0,12
15132,0,30295651883,30295651863,0,0,20
15133,0,30297654693,30297654674,0,0,19
15134,0,30299656849,30299656833,0,0,15
15135,0,30301660015,30301659965,0,0,49
15136,0,30303662036,30303662017,0,0,19
15137,0,30305664474,30305664435,0,0,38
15138,0,30307666635,30307666628,0,0,6
15139,0,30309668686,30309668721,0,0,-35
15140,0,30311670684,30311670669,0,0,14
15141,0,30313673152,30313673161,0,0,-8
15142,0,30315675086,30315675121,0,0,-34
15143,0,30317677256,30317677283,0,0,-26
15144,0,30319679550,30319679497,0,0,53
15145,0,30321681674,30321681608,0,0,65
15146,0,30323683408,30323683415,0,0,-6
15147,0,30325686103,30325686118,0,0,-15
15148,0,30327687555,30327687516,0,0,38
15149,0,30329689716,30329689651,0,0,65
15150,0,30331693052,30331693043,0,0,8
15151,0,30333696135,30333696157,0,0,-21
15152,0,30335698626,30335698593,0,0,32
15153,0,30337699266,30337699238,0,0,27
15154,0,30339701596,30339701566,0,0,29
15155,0,30341703993,30341703955,0,0,37
15156,0,30343706114,30343706069,0,0,45
15157,0,30345707433,30345707384,0,0,49
15158,0,30347709717,30347709671,0,0,46
15159,0,30349712645,30349712654,0,0,-8
15160,0,30351714247,30351714209,0,0,38
15161,0,30353718376,30353718322,0,0,53
15162,0,30355720632,30355720566,0,0,65
15163,0,30357721879,30357721827,0,0,51
15164,0,30359724033,30359723991,0,0,42
15165,0,30361726010,30361726000,0,0,10
15166,0,30363727584,30363727613,0,0,-29
15167,0,30365731797,30365731818,0,0,-21
15168,0,30367733141,30367733099,0,0,41
15169,0,30369735399,30369735375,0,0,23
15170,0,30371737601,30371737619,0,0,-17
15171,0,30373739560,30373739577,0,0,-17
15172,0,30375741757,30375741770,0,0,-13
15173,0,30377742835,30377742845,0,0,-9
15174,0,30379745384,30379745340,0,0,44
15175,0,30381748724,30381748700,0,0,24
15176,0,30383750667,30383750636,0,0,31
15177,0,30385754190,30385754161,0,0,29
15178,0,30387755511,30387755451,0,0,59
15179,0,30389757408,30389757369,0,0,39
15180,0,30391761439,30391761470,0,0,-31
15181,0,30393762202,30393762189,0,0,12
15182,0,30395764357,30395764328,0,0,29
15183,0,30397765568,30397765546,0,0,22
15184,0,30399768930,30399768888,0,0,41
15185,0,30401770896,30401770920,0,0,-24
15186,0,30403773148,30403773096,0,0,51
15187,0,30405774881,30405774829,0,0,51
15188,0,30407776471,30407776411,0,0,60
15189,0,30409779785,30409779748,0,0,36
15190,0,30411781915,30411781863,0,0,51
15191,0,30413783898,30413783848,0,0,50
15192,0,30415785593,30415785625,0,0,-32
15193,0,30417790081,30417790091,0,0,-9
15194,0,30419790770,30419790760,0,0,9
15195,0,30421792713,30421792666,0,0,47
15196,0,30423794297,30423794256,0,0,40
15197,0,30425797508,30425797462,0,0,45
15198,0,30427798866,30427798826,0,0,39
15199,0,30429801741,30429801727,0,0,13
15200,0,30431803033,30431802971,0,0,62
15201,0,30433805256,30433805208,0,0,47
15202,0,30435808449,30435808408,0,0,40
15203,0,30437811814,30437811784,0,0,29
15204,0,30439813496,30439813470,0,0,25
15205,0,30441815248,30441815216,0,0,31
15206,0,30443817630,30443817584,0,0,46
15207,0,30445819678,30445819667,0,0,11
15208,0,30447822212,30447822223,0,0,-11
15209,0,30449825107,30449825069,0,0,38
15210,0,30451825575,30451825521,0,0,53
15211,0,30453828473,30453828460,0,0,12
15212,0,30455829865,30455829836,0,0,28
15213,0,30457833067,30457833056,0,0,11
15214,0,30459835497,30459835458,0,0,39
15215,0,30461838152,30461838134,0,0,18
15216,0,30463839988,30463839954,0,0,33
15217,0,30465842130,30465842106,0,0,23
15218,0,30467844618,30467844574,0,0,44
15219,0,30469846312,30469846345,0,0,-32
15220,0,30471848814,30471848805,0,0,8
15221,0,30473851015,30473850957,0,0,57
15222,0,30475853945,30475853894,0,0,51
15223,0,30477855453,30477855426,0,0,26
15224,0,30479857607,30479857567,0,0,40
15225,0,30481860042,30481860070,0,0,-28
15226,0,30483863382,30483863323,0,0,59
15227,0,30485864253,30485864284,0,0,-31
15228,0,30487866407,30487866386,0,0,20
15229,0,30489869083,30489869058,0,0,24
15230,0,30491872419,30491872373,0,0,45
15231,0,30493873096,30493873079,0,0,17
15232,0,30495875073,30495875038,0,0,35
15233,0,30497876213,30497876190,0,0,23
15234,0,30499878893,30499878864,0,0,29
15235,0,30501882085,30501882060,0,0,25
15236,0,30503884339,30503884376,0,0,-36
15237,0,30505886399,30505886438,0,0,-38
15238,0,30507888484,30507888463,0,0,20
15239,0,30509889449,30509889488,0,0,-39
15240,0,30511892104,30511892115,0,0,-11
15241,0,30513895360,30513895383,0,0,-22
15242,0,30515898889,30515898863,0,0,25
15243,0,30517899657,30517899685,0,0,-27
15244,0,30519902109,30519902130,0,0,-20
15245,0,30521904811,30521904830,0,0,-19
15246,0,30523906912,30523906874,0,0,38
15247,0,30525909550,30525909539,0,0,11
15248,0,30527911917,30527911878,0,0,39
15249,0,30529912863,30529912904,0,0,-40
15250,0,30531914429,30531914422,0,0,6
15251,0,30533917382,30533917413,0,0,-31
15252,0,30535918370,30535918380,0,0,-10
15253,0,30537920818,30537920853,0,0,-35
15254,0,30539923163,30539923099,0,0,63
15255,0,30541926204,30541926240,0,0,-35
15256,0,30543928866,30543928842,0,0,23
15257,0,30545930826,30545930792,0,0,33
15258,0,30547933142,30547933088,0,0,53
15259,0,30549935586,30549935558,0,0,27
15260,0,30551937580,30551937568,0,0,11
15261,0,30553940061,30553940047,0,0,14
15262,0,30555942683,30555942627,0,0,56
15263,0,30557943923,30557943945,0,0,-21
15264,0,30559945653,30559945573,0,0,80
15265,0,30561948787,30561948718,0,0,69
15266,0,30563951186,30563951117,0,0,69
15267,0,30565953471,30565953413,0,0,57
15268,0,30567955961,30567955897,0,0,64
15269,0,30569957498,30569957444,0,0,53
15270,0,30571958797,30571958740,0,0,57
15271,0,30573960951,30573960983,0,0,-31
15272,0,30575964582,30575964533,0,0,49
15273,0,30577967061,30577967016,0,0,44
15274,0,30579970068,30579969995,0,0,73
15275,0,30581971175,30581971137,0,0,37
15276,0,30583973480,30583973546,0,0,-65
15277,0,30585975486,30585975503,0,0,-17
15278,0,30587978332,30587978281,0,0,51
15279,0,30589979742,30589979716,0,0,25
15280,0,30591983429,30591983411,0,0,17
15281,0,30593985355,30593985331,0,0,23
15282,0,30595986878,30595986831,0,0,47
15283,0,30597989006,30597988963,0,0,43
15284,0,30599991122,30599991094,0,0,28
15285,0,30601993442,30601993423,0,0,19
15286,0,30603995530,30603995522,0,0,8
15287,0,30605998015,30605997982,0,0,33
15288,0,30608000271,30608000218,0,0,53
15289,0,30610002343,30610002318,0,0,25
15290,0,30612005591,30612005528,0,0,63
15291,0,30614006660,30614006593,0,0,66
15292,0,30616009010,30616008995,0,0,15
15293,0,30618011660,30618011685,0,0,-24
15294,0,30620013413,30620013349,0,0,63
15295,0,30622015348,30622015376,0,0,-28
15296,0,30624017150,30624017185,0,0,-34
15297,0,30626020294,30626020310,0,0,-15
15298,0,30628022288,30628022318,0,0,-29
15299,0,30630024504,30630024496,0,0,7
15300,0,30632027071,30632027110,0,0,-38
15301,0,30634028936,30634028965,0,0,-29
15302,0,30636031610,30636031573,0,0,37
15303,0,30638033375,30638033339,0,0,36
15304,0,30640035351,30640035301,0,0,50
15305,0,30642036957,30642036901,0,0,56
15306,0,30644040808,30644040765,0,0,42
15307,0,30646041653,30646041602,0,0,51
15308,0,30648044712,30648044642,0,0,69
15309,0,30650047691,30650047633,0,0,57
15310,0,30652050327,30652050258,0,0,69
15311,0,30654052366,30654052306,0,0,59
15312,0,30656054629,30656054646,0,0,-16
15313,0,30658055841,30658055802,0,0,39
15314,0,30660058249,30660058195,0,0,54
15315,0,30662059822,30662059835,0,0,-13
15316,0,30664061249,30664061183,0,0,66
15317,0,30666064660,30666064606,0,0,53
15318,0,30668066649,30668066607,0,0,42
15319,0,30670069064,30670069071,0,0,-7
15320,0,30672070818,30672070834,0,0,-15
15321,0,30674072262,30674072265,0,0,-3
15322,0,30676076210,30676076112,0,0,97
15323,0,30678077541,30678077484,0,0,57
15324,0,30680079139,30680079110,0,0,29
15325,0,30682082343,30682082283,0,0,59
15326,0,30684084800,30684084745,0,0,55
15327,0,30686086381,30686086341,0,0,40
15328,0,30688087923,30688087855,0,0,67
15329,0,30690090995,30690090948,0,0,47
15330,0,30692093889,30692093906,0,0,-16
15331,0,30694095719,30694095734,0,0,-14
15332,0,30696097644,30696097600,0,0,43
15333,0,30698099013,30698098953,0,0,60
15334,0,30700102243,30700102211,0,0,31
15335,0,30702104218,30702104183,0,0,35
15336,0,30704105462,30704105431,0,0,30
15337,0,30706107755,30706107703,0,0,52
15338,0,30708111118,30708111091,0,0,26
15339,0,30710113205,30710113164,0,0,40
15340,0,30712114525,30712114499,0,0,25
15341,0,30714117736,30714117697,0,0,38
15342,0,30716119033,30716118994,0,0,39
15343,0,30718122383,30718122356,0,0,26
15344,0,30720124328,30720124293,0,0,35
15345,0,30722125862,30722125894,0,0,-32
15346,0,30724128293,30724128304,0,0,-11
15347,0,30726130867,30726130828,0,0,38
15348,0,30728132766,30728132721,0,0,45
15349,0,30730135857,30730135822,0,0,35
15350,0,30732138264,30732138208,0,0,55
15351,0,30734140523,30734140487,0,0,35
15352,0,30736142208,30736142157,0,0,51
15353,0,30738143274,30738143260,0,0,13
15354,0,30740146797,30740146776,0,0,21
15355,0,30742147725,30742147740,0,0,-14
15356,0,30744150915,30744150946,0,0,-31
15357,0,30746153691,30746153669,0,0,21
15358,0,30748156087,30748156047,0,0,40
15359,0,30750157686,30750157668,0,0,17
15360,0,30752159336,30752159293,0,0,42
15361,0,30754162275,30754162238,0,0,37
15362,0,30756165294,30756165330,0,0,-36
15363,0,30758166856,30758166823,0,0,32
15364,0,30760168988,30760168944,0,0,43
15365,0,30762170094,30762170074,0,0,19
15366,0,30764172869,30764172861,0,0,8
15367,0,30766175950,30766175934,0,0,15
15368,0,30768178387,30768178332,0,0,54
15369,0,30770180105,30770180087,0,0,17
15370,0,30772182395,30772182352,0,0,43
15371,0,30774184552,30774184520,0,0,32
15372,0,30776187287,30776187249,0,0,37
15373,0,30778189058,30778189024,0,0,33
15374,0,30780191533,30780191504,0,0,29
15375,0,30782194088,30782194064,0,0,24
15376,0,30784195680,30784195641,0,0,39
15377,0,30786197774,30786197727,0,0,47
15378,0,30788199115,30788199074,0,0,40
15379,0,30790202752,30790202717,0,0,35
15380,0,30792206377,30792206334,0,0,42
15381,0,30794206813,30794206788,0,0,25
15382,0,30796209457,30796209410,0,0,47
15383,0,30798211531,30798211523,0,0,8
15384,0,30800213656,30800213635,0,0,20
15385,0,30802215889,30802215870,0,0,19
15386,0,30804219167,30804219158,0,0,8
15387,0,30806220428,30806220422,0,0,5
15388,0,30808222316,30808222287,0,0,28
15389,0,30810224784,30810224767,0,0,17
15390,0,30812227089,30812227115,0,0,-26
15391,0,30814228938,30814228921,0,0,17
15392,0,30816229967,30816229920,0,0,47
15393,0,30818233076,30818233024,0,0,52
15394,0,30820236380,30820236350,0,0,30
15395,0,30822237732,30822237706,0,0,25
15396,0,30824239541,30824239569,0,0,-28
15397,0,30826242515,30826242482,0,0,33
15398,0,30828245406,30828245319,0,0,87
15399,0,30830246930,30830246889,0,0,40
15400,0,30832248618,30832248575,0,0,43
15401,0,30834250008,30834250036,0,0,-27
15402,0,30836252392,30836252419,0,0,-26
15403,0,30838256653,30838256632,0,0,20
15404,0,30840258361,30840258338,0,0,23
15405,0,30842260419,30842260396,0,0,22
15406,0,30844262224,30844262181,0,0,43
15407,0,30846264280,30846264238,0,0,41
15408,0,30848266966,30848266920,0,0,45
15409,0,30850268961,30850268930,0,0,30
15410,0,30852270577,30852270554,0,0,22
15411,0,30854273436,30854273392,0,0,44
15412,0,30856274518,30856274471,0,0,47
15413,0,30858276943,30858276899,0,0,43
15414,0,30860280771,30860280761,0,0,10
15415,0,30862283242,30862283256,0,0,-14
15416,0,30864284527,30864284540,0,0,-13
15417,0,30866285962,30866285919,0,0,43
15418,0,30868289172,30868289096,0,0,76
15419,0,30870291412,30870291359,0,0,53
15420,0,30872293424,30872293382,0,0,41
15421,0,30874294768,30874294723,0,0,44
15422,0,30876297043,30876296968,0,0,75
15423,0,30878300120,30878300073,0,0,47
15424,0,30880301582,30880301575,0,0,6
15425,0,30882304669,30882304620,0,0,48
15426,0,30884307844,30884307775,0,0,69
15427,0,30886309079,30886309040,0,0,38
15428,0,30888310599,30888310560,0,0,38
15429,0,30890313364,30890313375,0,0,-11
15430,0,30892316251,30892316285,0,0,-33
15431,0,30894318220,30894318197,0,0,22
15432,0,30896320160,30896320131,0,0,29
15433,0,30898321424,30898321386,0,0,37
15434,0,30900323832,30900323757,0,0,75
15435,0,30902327050,30902327017,0,0,32
15436,0,30904329444,30904329395,0,0,48
15437,0,30906331760,30906331712,0,0,48
15438,0,30908334168,30908334119,0,0,49
15439,0,30910335882,30910335861,0,0,20
15440,0,30912338658,30912338627,0,0,30
15441,0,30914340548,30914340519,0,0,29
15442,0,30916342831,30916342811,0,0,19
15443,0,30918345068,30918345037,0,0,31
15444,0,30920347017,30920346959,0,0,58
15445,0,30922349582,30922349604,0,0,-22
15446,0,30924351819,30924351856,0,0,-36
15447,0,30926353712,30926353741,0,0,-29
15448,0,30928356101,30928356076,0,0,24
15449,0,30930358534,30930358511,0,0,22
15450,0,30932360281,30932360294,0,0,-12
15451,0,30934362784,30934362761,0,0,22
15452,0,30936364997,30936364979,0,0,18
15453,0,30938367518,30938367559,0,0,-41
15454,0,30940369645,30940369671,0,0,-25
15455,0,30942371239,30942371262,0,0,-22
15456,0,30944372350,30944372312,0,0,38
15457,0,30946375092,30946375066,0,0,25
15458,0,30948378165,30948378121,0,0,43
15459,0,30950380426,30950380388,0,0,38
15460,0,30952382721,30952382688,0,0,32
15461,0,30954385224,30954385262,0,0,-37
15462,0,30956387233,30956387242,0,0,-9
15463,0,30958389584,30958389546,0,0,37
15464,0,30960391574,30960391597,0,0,-22
15465,0,30962393452,30962393458,0,0,-6
15466,0,30964394735,30964394751,0,0,-15
15467,0,30966398254,30966398280,0,0,-25
15468,0,30968400712,30968400719,0,0,-7
15469,0,30970402453,30970402464,0,0,-11
15470,0,30972404189,30972404179,0,0,9
15471,0,30974407705,30974407668,0,0,37
15472,0,30976409528,30976409493,0,0,35
15473,0,30978411278,30978411233,0,0,44
15474,0,30980413032,30980412990,0,0,42
15475,0,30982416109,30982416074,0,0,35
15476,0,30984418151,30984418094,0,0,57
15477,0,30986421009,30986420982,0,0,26
15478,0,30988422906,30988422860,0,0,45
15479,0,30990425088,30990425067,0,0,20
15480,0,30992428449,30992428411,0,0,38
15481,0,30994428420,30994428382,0,0,38
15482,0,30996430874,30996430810,0,0,64
15483,0,30998434816,30998434791,0,0,25
15484,0,31000436119,31000436095,0,0,23
15485,0,31002437447,31002437404,0,0,42
15486,0,31004441092,31004441064,0,0,28
15487,0,31006442599,31006442586,0,0,13
15488,0,31008444785,31008444748,0,0,37
15489,0,31010446103,31010446062,0,0,40
15490,0,31012449683,31012449665,0,0,18
15491,0,31014451244,31014451206,0,0,38
15492,0,31016452571,31016452537,0,0,33
15493,0,31018455081,31018455052,0,0,29
15494,0,31020458254,31020458237,0,0,17
15495,0,31022460234,31022460265,0,0,-31
15496,0,31024461776,31024461759,0,0,17
15497,0,31026464177,31026464153,0,0,24
15498,0,31028467773,31028467735,0,0,38
15499,0,31030470392,31030470370,0,0,22
15500,0,31032471746,31032471725,0,0,20
15501,0,31034474148,31034474196,0,0,-48
15502,0,31036476229,31036476184,0,0,44
15503,0,31038478865,31038478845,0,0,20
15504,0,31040480553,31040480539,0,0,13
15505,0,31042483101,31042483091,0,0,9
15506,0,31044484855,31044484827,0,0,27
15507,0,31046487092,31046487081,0,0,10
15508,0,31048489620,31048489622,0,0,-1
15509,0,31050491520,31050491493,0,0,26
15510,0,31052494426,31052494397,0,0,29
15511,0,31054495689,31054495676,0,0,13
15512,0,31056497221,31056497172,0,0,49
15513,0,31058499273,31058499289,0,0,-16
15514,0,31060502225,31060502193,0,0,31
15515,0,31062505811,31062505785,0,0,25
15516,0,31064506404,31064506366,0,0,38
15517,0,31066509537,31066509511,0,0,25
15518,0,31068511471,31068511440,0,0,31
15519,0,31070513222,31070513175,0,0,47
15520,0,31072516104,31072516051,0,0,52
15521,0,31074518092,31074518063,0,0,29
15522,0,31076519813,31076519766,0,0,47
15523,0,31078522716,31078522665,0,0,50
15524,0,31080524558,31080524510,0,0,47
15525,0,31082526071,31082526049,0,0,22
15526,0,31084528434,31084528392,0,0,42
15527,0,31086531941,31086531980,0,0,-39
15528,0,31088533683,31088533723,0,0,-39
15529,0,31090534933,31090534956,0,0,-22
15530,0,31092538533,31092538550,0,0,-16
15531,0,31094540376,31094540406,0,0,-29
15532,0,31096542659,31096542697,0,0,-38
15533,0,31098544875,31098544894,0,0,-19
15534,0,31100547581,31100547607,0,0,-26
15535,0,31102549939,31102549966,0,0,-26
15536,0,31104551152,31104551181,0,0,-28
15537,0,31106553039,31106553069,0,0,-29
15538,0,31108556183,31108556166,0,0,17
15539,0,31110558391,31110558343,0,0,47
15540,0,31112560943,31112560872,0,0,71
15541,0,31114563004,31114562959,0,0,44
15542,0,31116564893,31116564839,0,0,53
15543,0,31118566164,31118566120,0,0,43
15544,0,31120568779,31120568730,0,0,49
15545,0,31122571479,31122571445,0,0,33
15546,0,31124572987,31124572956,0,0,31
15547,0,31126575820,31126575842,0,0,-22
15548,0,31128578287,31128578313,0,0,-26
15549,0,31130580145,31130580170,0,0,-25
15550,0,31132582091,31132582081,0,0,9
15551,0,31134584811,31134584765,0,0,45
15552,0,31136586085,31136586000,0,0,85
15553,0,31138588376,31138588355,0,0,20
15554,0,31140592102,31140592066,0,0,35
15555,0,31142594127,31142594082,0,0,44
15556,0,31144596156,31144596129,0,0,26
15557,0,31146598234,31146598270,0,0,-35
15558,0,31148599993,31148600013,0,0,-20
15559,0,31150602758,31150602788,0,0,-29
15560,0,31152604795,31152604833,0,0,-38
15561,0,31154606501,31154606536,0,0,-35
15562,0,31156609657,31156609647,0,0,9
15563,0,31158611359,31158611380,0,0,-20
15564,0,31160614366,31160614391,0,0,-24
15565,0,31162616488,31162616516,0,0,-28
15566,0,31164618767,31164618782,0,0,-15
15567,0,31166621359,31166621401,0,0,-41
15568,0,31168622488,31168622473,0,0,15
15569,0,31170623829,31170623806,0,0,23
15570,0,31172626125,31172626137,0,0,-11
15571,0,31174628074,31174628096,0,0,-21
15572,0,31176630777,31176630739,0,0,37
15573,0,31178633725,31178633686,0,0,39
15574,0,31180635235,31180635220,0,0,15
15575,0,31182639330,31182639280,0,0,49
15576,0,31184641878,31184641842,0,0,36
15577,0,31186642755,31186642721,0,0,33
15578,0,31188644580,31188644593,0,0,-12
15579,0,31190647338,31190647362,0,0,-24
15580,0,31192651806,31192651761,0,0,45
15581,0,31194651808,31194651787,0,0,20
15582,0,31196654797,31196654824,0,0,-27
15583,0,31198656439,31198656472,0,0,-33
15584,0,31200658601,31200658572,0,0,29
15585,0,31202661076,31202661046,0,0,30
15586,0,31204663204,31204663169,0,0,34
15587,0,31206665550,31206665584,0,0,-34
15588,0,31208667846,31208667856,0,0,-9
15589,0,31210669505,31210669468,0,0,37
15590,0,31212671262,31212671237,0,0,25
15591,0,31214673765,31214673728,0,0,36
15592,0,31216675530,31216675461,0,0,69
15593,0,31218678204,31218678157,0,0,47
15594,0,31220679602,31220679612,0,0,-9
15595,0,31222681840,31222681806,0,0,33
15596,0,31224686532,31224686552,0,0,-19
15597,0,31226687173,31226687214,0,0,-40
15598,0,31228688968,31228688922,0,0,45
15599,0,31230691903,31230691857,0,0,45
15600,0,31232693867,31232693889,0,0,-21
15601,0,31234695219,31234695198,0,0,20
15602,0,31236698204,31236698215,0,0,-11
15603,0,31238699697,31238699715,0,0,-17
15604,0,31240703008,31240702958,0,0,50
15605,0,31242705007,31242704959,0,0,47
15606,0,31244706790,31244706806,0,0,-16
15607,0,31246709735,31246709768,0,0,-32
15608,0,31248711792,31248711744,0,0,47
15609,0,31250714016,31250714033,0,0,-16
15610,0,31252716170,31252716184,0,0,-13
15611,0,31254717658,31254717668,0,0,-9
15612,0,31256721963,31256722004,0,0,-41
15613,0,31258722815,31258722838,0,0,-22
15614,0,31260724036,31260723986,0,0,50
15615,0,31262726591,31262726578,0,0,12
15616,0,31264729803,31264729766,0,0,37
15617,0,31266731741,31266731694,0,0,47
15618,0,31268733271,31268733217,0,0,53
15619,0,31270736298,31270736253,0,0,45
15620,0,31272738588,31272738530,0,0,58
15621,0,31274740730,31274740743,0,0,-13
15622,0,31276743262,31276743161,0,0,100
15623,0,31278745366,31278745345,0,0,20
15624,0,31280748092,31280748074,0,0,17
15625,0,31282749791,31282749773,0,0,17
15626,0,31284751811,31284751784,0,0,26
15627,0,31286754026,31286754017,0,0,8
15628,0,31288756574,31288756558,0,0,15
15629,0,31290758689,31290758674,0,0,15
15630,0,31292763105,31292763078,0,0,26
15631,0,31294764795,31294764784,0,0,11
15632,0,31296765444,31296765430,0,0,13
15633,0,31298767889,31298767845,0,0,43
15634,0,31300770011,31300769962,0,0,49
15635,0,31302771868,31302771857,0,0,11
15636,0,31304774301,31304774276,0,0,24
15637,0,31306776286,31306776323,0,0,-37
15638,0,31308778689,31308778719,0,0,-29
15639,0,31310780420,31310780471,0,0,-51
15640,0,31312782584,31312782631,0,0,-47
15641,0,31314785175,31314785220,0,0,-45
15642,0,31316787658,31316787673,0,0,-15
15643,0,31318789838,31318789875,0,0,-36
15644,0,31320792874,31320792894,0,0,-20
15645,0,31322794633,31322794598,0,0,35
15646,0,31324796419,31324796377,0,0,41
15647,0,31326798543,31326798556,0,0,-13
15648,0,31328800409,31328800446,0,0,-36
15649,0,31330802602,31330802558,0,0,43
15650,0,31332805575,31332805530,0,0,45
15651,0,31334807592,31334807548,0,0,43
15652,0,31336809602,31336809557,0,0,45
15653,0,31338810856,31338810832,0,0,24
15654,0,31340813521,31340813455,0,0,66
15655,0,31342816368,31342816332,0,0,36
15656,0,31344818408,31344818323,0,0,85
15657,0,31346819835,31346819792,0,0,43
15658,0,31348823267,31348823238,0,0,29
15659,0,31350825284,31350825248,0,0,35
15660,0,31352828543,31352828512,0,0,31
15661,0,31354829966,31354829903,0,0,63
15662,0,31356831029,31356830950,0,0,78
15663,0,31358834579,31358834565,0,0,14
15664,0,31360836431,31360836393,0,0,37
15665,0,31362838737,31362838689,0,0,47
15666,0,31364841146,31364841104,0,0,42
15667,0,31366843624,31366843577,0,0,47
15668,0,31368844956,31368844887,0,0,69
15669,0,31370846506,31370846475,0,0,31
15670,0,31372849622,31372849582,0,0,39
15671,0,31374851440,31374851402,0,0,38
15672,0,31376854513,31376854468,0,0,44
15673,0,31378856782,31378856741,0,0,41
15674,0,31380858539,31380858503,0,0,35
15675,0,31382859745,31382859707,0,0,37
15676,0,31384863519,31384863483,0,0,35
15677,0,31386865231,31386865197,0,0,33
15678,0,31388866833,31388866801,0,0,32
15679,0,31390869822,31390869851,0,0,-29
15680,0,31392873332,31392873305,0,0,26
15681,0,31394874150,31394874116,0,0,33
15682,0,31396875802,31396875758,0,0,44
15683,0,31398878930,31398878924,0,0,5
15684,0,31400881053,31400881155,0,0,-101
15685,0,31402883258,31402883301,0,0,-42
15686,0,31404885203,31404885240,0,0,-37
15687,0,31406886462,31406886507,0,0,-44
15688,0,31408889947,31408889923,0,0,24
15689,0,31410892103,31410892057,0,0,45
15690,0,31412894631,31412894593,0,0,38
15691,0,31414896737,31414896696,0,0,40
15692,0,31416899558,31416899532,0,0,25
15693,0,31418899948,31418899933,0,0,14
15694,0,31420902948,31420902914,0,0,34
15695,0,31422905139,31422905125,0,0,13
15696,0,31424907762,31424907739,0,0,23
15697,0,31426909770,31426909744,0,0,25
15698,0,31428912026,31428912041,0,0,-15
15699,0,31430914501,31430914443,0,0,57
15700,0,31432916300,31432916341,0,0,-40
15701,0,31434917922,31434917951,0,0,-29
15702,0,31436920995,31436920986,0,0,8
15703,0,31438922799,31438922775,0,0,24
15704,0,31440924478,31440924440,0,0,37
15705,0,31442927253,31442927217,0,0,36
15706,0,31444928692,31444928614,0,0,77
15707,0,31446931237,31446931252,0,0,-15
15708,0,31448935757,31448935715,0,0,42
15709,0,31450936278,31450936255,0,0,22
15710,0,31452937763,31452937725,0,0,37
15711,0,31454940947,31454940899,0,0,47
15712,0,31456943249,31456943213,0,0,36
15713,0,31458945851,31458945811,0,0,39
15714,0,31460947427,31460947390,0,0,37
15715,0,31462948954,31462948987,0,0,-33
15716,0,31464951950,31464951968,0,0,-18
15717,0,31466953498,31466953458,0,0,40
15718,0,31468956988,31468956961,0,0,26
15719,0,31470958689,31470958669,0,0,19
15720,0,31472960881,31472960887,0,0,-6
15721,0,31474962148,31474962198,0,0,-50
15722,0,31476965666,31476965623,0,0,42
15723,0,31478967415,31478967379,0,0,35
15724,0,31480968907,31480968887,0,0,19
15725,0,31482973220,31482973186,0,0,33
15726,0,31484974609,31484974639,0,0,-29
15727,0,31486977307,31486977260,0,0,47
15728,0,31488978645,31488978673,0,0,-27
15729,0,31490980220,31490980166,0,0,53
15730,0,31492985177,31492985130,0,0,46
15731,0,31494985811,31494985769,0,0,41
15732,0,31496987444,31496987397,0,0,47
15733,0,31498988802,31498988745,0,0,57
15734,0,31500991728,31500991671,0,0,56
15735,0,31502995464,31502995426,0,0,37
15736,0,31504997313,31504997274,0,0,38
15737,0,31506997932,31506997923,0,0,9
15738,0,31509000955,31509000977,0,0,-22
15739,0,31511003250,31511003270,0,0,-20
15740,0,31513005600,31513005619,0,0,-18
15741,0,31515007423,31515007438,0,0,-14
15742,0,31517009373,31517009361,0,0,11
15743,0,31519012074,31519012047,0,0,26
15744,0,31521014386,31521014375,0,0,11
15745,0,31523017147,31523017161,0,0,-14
15746,0,31525019136,31525019125,0,0,11
15747,0,31527020928,31527020918,0,0,10
15748,0,31529022280,31529022274,0,0,5
15749,0,31531025716,31531025699,0,0,17
15750,0,31533028014,31533027982,0,0,32
15751,0,31535029952,31535029941,0,0,11
15752,0,31537031956,31537031925,0,0,31
15753,0,31539033370,31539033313,0,0,56
15754,0,31541036907,31541036838,0,0,69
15755,0,31543039397,31543039341,0,0,56
15756,0,31545041120,31545041088,0,0,31
15757,0,31547044227,31547044220,0,0,6
15758,0,31549044642,31549044579,0,0,63
15759,0,31551047796,31551047764,0,0,31
15760,0,31553050309,31553050280,0,0,29
15761,0,31555052224,31555052209,0,0,15
15762,0,31557054595,31557054586,0,0,8
15763,0,31559056876,31559056862,0,0,13
15764,0,31561059138,31561059186,0,0,-48
15765,0,31563061244,31563061282,0,0,-38
15766,0,31565063770,31565063790,0,0,-20
15767,0,31567065724,31567065770,0,0,-46
15768,0,31569067926,31569067963,0,0,-36
15769,0,31571069701,31571069743,0,0,-42
15770,0,31573070940,31573070963,0,0,-22
15771,0,31575073646,31575073697,0,0,-51
15772,0,31577076681,31577076639,0,0,42
15773,0,31579079916,31579079892,0,0,24
15774,0,31581081089,31581081029,0,0,60
15775,0,31583082591,31583082566,0,0,25
15776,0,31585086220,31585086144,0,0,76
15777,0,31587088440,31587088391,0,0,49
15778,0,31589089756,31589089718,0,0,38
15779,0,31591091385,31591091350,0,0,34
15780,0,31593096186,31593096137,0,0,49
15781,0,31595096789,31595096759,0,0,29
15782,0,31597099549,31597099508,0,0,40
15783,0,31599101649,31599101607,0,0,42
15784,0,31601103755,31601103696,0,0,58
15785,0,31603105551,31603105494,0,0,57
15786,0,31605107611,31605107575,0,0,35
15787,0,31607109315,31607109276,0,0,38
15788,0,31609112501,31609112514,0,0,-12
15789,0,31611115881,31611115918,0,0,-36
15790,0,31613116667,31613116685,0,0,-17
15791,0,31615119617,31615119579,0,0,37
15792,0,31617121470,31617121429,0,0,40
15793,0,31619123402,31619123420,0,0,-17
15794,0,31621124683,31621124689,0,0,-6
15795,0,31623127541,31623127575,0,0,-34
15796,0,31625128851,31625128824,0,0,26
15797,0,31627131441,31627131390,0,0,51
15798,0,31629134894,31629134870,0,0,23
15799,0,31631136509,31631136483,0,0,25
15800,0,31633137819,31633137808,0,0,11
15801,0,31635139949,31635139982,0,0,-33
15802,0,31637143006,31637143013,0,0,-6
15803,0,31639145338,31639145331,0,0,6
15804,0,31641147280,31641147303,0,0,-22
15805,0,31643150987,31643151010,0,0,-22
15806,0,31645152270,31645152297,0,0,-26
15807,0,31647154902,31647154928,0,0,-26
15808,0,31649157285,31649157296,0,0,-11
15809,0,31651159693,31651159724,0,0,-31
15810,0,31653161681,31653161635,0,0,45
15811,0,31655163630,31655163595,0,0,35
15812,0,31657166125,31657166101,0,0,23
15813,0,31659168349,31659168328,0,0,20
15814,0,31661170301,31661170283,0,0,17
15815,0,31663172055,31663172020,0,0,35
15816,0,31665173334,31665173287,0,0,47
15817,0,31667175617,31667175642,0,0,-24
15818,0,31669178306,31669178276,0,0,30
15819,0,31671181183,31671181215,0,0,-32
15820,0,31673183544,31673183519,0,0,25
15821,0,31675186885,31675186835,0,0,50
15822,0,31677188206,31677188163,0,0,43
15823,0,31679190466,31679190427,0,0,38
15824,0,31681192289,31681192250,0,0,38
15825,0,31683193330,31683193305,0,0,25
15826,0,31685195833,31685195795,0,0,37
15827,0,31687198587,31687198549,0,0,38
15828,0,31689200045,31689199998,0,0,47
15829,0,31691202579,31691202545,0,0,33
15830,0,31693207365,31693207334,0,0,30
15831,0,31695207793,31695207763,0,0,30
15832,0,31697208777,31697208742,0,0,34
15833,0,31699211319,31699211273,0,0,45
15834,0,31701213864,31701213876,0,0,-12
15835,0,31703216510,31703216539,0,0,-29
15836,0,31705217880,31705217916,0,0,-35
15837,0,31707221301,31707221324,0,0,-22
15838,0,31709223627,31709223620,0,0,7
15839,0,31711225604,31711225566,0,0,37
15840,0,31713228092,31713228029,0,0,63
15841,0,31715230210,31715230262,0,0,-51
15842,0,31717232370,31717232345,0,0,24
15843,0,31719234478,31719234463,0,0,14
15844,0,31721236020,31721236000,0,0,19
15845,0,31723239491,31723239476,0,0,15
15846,0,31725241474,31725241494,0,0,-20
15847,0,31727243481,31727243507,0,0,-26
15848,0,31729245964,31729245991,0,0,-26
15849,0,31731247843,31731247874,0,0,-30
15850,0,31733249744,31733249658,0,0,85
15851,0,31735252378,31735252413,0,0,-34
15852,0,31737254887,31737254916,0,0,-29
15853,0,31739258080,31739258107,0,0,-26
15854,0,31741258860,31741258851,0,0,8
15855,0,31743261292,31743261261,0,0,30
15856,0,31745264884,31745264830,0,0,53
15857,0,31747266294,31747266224,0,0,69
15858,0,31749268205,31749268148,0,0,57
15859,0,31751270161,31751270138,0,0,23
15860,0,31753272550,31753272505,0,0,44
15861,0,31755274503,31755274465,0,0,38
15862,0,31757276325,31757276285,0,0,39
15863,0,31759279177,31759279161,0,0,15
15864,0,31761281341,31761281318,0,0,23
15865,0,31763283411,31763283436,0,0,-25
15866,0,31765285229,31765285220,0,0,8
15867,0,31767288525,31767288494,0,0,31
15868,0,31769290391,31769290476,0,0,-85
15869,0,31771293566,31771293617,0,0,-51
15870,0,31773294991,31773295025,0,0,-33
15871,0,31775296966,31775296943,0,0,22
15872,0,31777299420,31777299370,0,0,49
15873,0,31779301311,31779301280,0,0,31
15874,0,31781303733,31781303708,0,0,24
15875,0,31783305552,31783305582,0,0,-29
15876,0,31785307632,31785307669,0,0,-36
15877,0,31787310226,31787310260,0,0,-34
15878,0,31789312569,31789312543,0,0,25
15879,0,31791314733,31791314717,0,0,15
15880,0,31793318511,31793318472,0,0,38
15881,0,31795319501,31795319465,0,0,35
15882,0,31797321630,31797321656,0,0,-25
15883,0,31799323391,31799323424,0,0,-33
15884,0,31801324824,31801324808,0,0,15
15885,0,31803329146,31803329114,0,0,31
15886,0,31805330424,31805330371,0,0,53
15887,0,31807333109,31807333157,0,0,-48
15888,0,31809335170,31809335130,0,0,39
15889,0,31811336761,31811336730,0,0,31
15890,0,31813338289,31813338259,0,0,30
15891,0,31815341293,31815341259,0,0,33
15892,0,31817342548,31817342532,0,0,15
15893,0,31819344991,31819344961,0,0,29
15894,0,31821348651,31821348642,0,0,8
15895,0,31823351141,31823351136,0,0,4
15896,0,31825352776,31825352748,0,0,27
15897,0,31827355157,31827355123,0,0,33
15898,0,31829357276,31829357247,0,0,29
15899,0,31831359141,31831359115,0,0,25
15900,0,31833361303,31833361294,0,0,8
15901,0,31835363673,31835363662,0,0,11
15902,0,31837365954,31837365927,0,0,26
15903,0,31839367703,31839367665,0,0,37
15904,0,31841369417,31841369359,0,0,57
15905,0,31843373040,31843373062,0,0,-22
15906,0,31845374939,31845374910,0,0,29
15907,0,31847376854,31847376897,0,0,-42
15908,0,31849378101,31849378116,0,0,-15
15909,0,31851380537,31851380531,0,0,5
15910,0,31853383850,31853383817,0,0,33
15911,0,31855385841,31855385816,0,0,24
15912,0,31857387943,31857387889,0,0,53
15913,0,31859389118,31859389072,0,0,45
15914,0,31861391752,31861391716,0,0,36
15915,0,31863395089,31863395042,0,0,47
15916,0,31865396952,31865396921,0,0,31
15917,0,31867398115,31867398069,0,0,45
15918,0,31869401921,31869401889,0,0,31
15919,0,31871403885,31871403855,0,0,29
15920,0,31873406488,31873406448,0,0,40
15921,0,31875408650,31875408630,0,0,20
15922,0,31877410752,31877410704,0,0,48
15923,0,31879412707,31879412679,0,0,28
15924,0,31881414592,31881414570,0,0,21
15925,0,31883416166,31883416122,0,0,44
15926,0,31885419853,31885419803,0,0,50
15927,0,31887421740,31887421692,0,0,47
15928,0,31889423892,31889423838,0,0,53
15929,0,31891426014,31891425967,0,0,47
15930,0,31893430145,31893430055,0,0,89
15931,0,31895430555,31895430507,0,0,47
15932,0,31897432679,31897432693,0,0,-13
15933,0,31899434925,31899434936,0,0,-11
15934,0,31901437215,31901437229,0,0,-13
15935,0,31903439525,31903439488,0,0,37
15936,0,31905441714,31905441664,0,0,50
15937,0,31907444014,31907443955,0,0,59
15938,0,31909446748,31909446693,0,0,55
15939,0,31911448442,31911448395,0,0,47
15940,0,31913451119,31913451073,0,0,45
15941,0,31915452821,31915452764,0,0,57
15942,0,31917455571,31917455517,0,0,53
15943,0,31919456846,31919456811,0,0,35
15944,0,31921458186,31921458089,0,0,96
15945,0,31923460612,31923460577,0,0,34
15946,0,31925463729,31925463739,0,0,-9
15947,0,31927465790,31927465752,0,0,38
15948,0,31929467363,31929467321,0,0,41
15949,0,31931470402,31931470363,0,0,38
15950,0,31933472713,31933472661,0,0,51
15951,0,31935476262,31935476208,0,0,53
15952,0,31937478349,31937478358,0,0,-8
15953,0,31939479373,31939479322,0,0,50
15954,0,31941481814,31941481768,0,0,45
15955,0,31943484065,31943484019,0,0,45
15956,0,31945486319,31945486282,0,0,37
15957,0,31947488204,31947488150,0,0,53
15958,0,31949491222,31949491185,0,0,37
15959,0,31951492717,31951492697,0,0,20
15960,0,31953495581,31953495535,0,0,45
15961,0,31955497146,31955497100,0,0,45
15962,0,31957499295,31957499326,0,0,-31
15963,0,31959501681,31959501638,0,0,43
15964,0,31961504233,31961504211,0,0,22
15965,0,31963505961,31963505919,0,0,42
15966,0,31965508794,31965508770,0,0,24
15967,0,31967510411,31967510393,0,0,17
15968,0,31969512471,31969512442,0,0,29
15969,0,31971514314,31971514341,0,0,-26
15970,0,31973517422,31973517465,0,0,-42
15971,0,31975519373,31975519404,0,0,-31
15972,0,31977521927,31977521965,0,0,-38
15973,0,31979523197,31979523236,0,0,-38
15974,0,31981525175,31981525220,0,0,-44
15975,0,31983527854,31983527882,0,0,-27
15976,0,31985529687,31985529716,0,0,-29
15977,0,31987532630,31987532586,0,0,43
15978,0,31989533989,31989534014,0,0,-24
15979,0,31991537329,31991537360,0,0,-31
15980,0,31993540593,31993540613,0,0,-20
15981,0,31995541724,31995541747,0,0,-22
15982,0,31997545166,31997545217,0,0,-51
15983,0,31999546646,31999546690,0,0,-44
15984,0,32001548260,32001548229,0,0,31
15985,0,32003550654,32003550619,0,0,35
15986,0,32005553265,32005553219,0,0,46
15987,0,32007554952,32007554947,0,0,5
15988,0,32009557113,32009557125,0,0,-11
15989,0,32011558531,32011558510,0,0,20
15990,0,32013562093,32013562076,0,0,17
15991,0,32015563767,32015563752,0,0,15
15992,0,32017565071,32017565063,0,0,8
15993,0,32019567519,32019567494,0,0,24
15994,0,32021570799,32021570748,0,0,51
15995,0,32023573031,32023573004,0,0,26
15996,0,32025575137,32025575105,0,0,31
15997,0,32027577714,32027577749,0,0,-34
15998,0,32029580419,32029580440,0,0,-20
15999,0,32031581362,32031581405,0,0,-42
16000,0,32033583142,32033583107,0,0,34
16001,0,32035586812,32035586799,0,0,13
16002,0,32037588710,32037588685,0,0,25
16003,0,32039590520,32039590491,0,0,29
16004,0,32041593121,32041593088,0,0,32
16005,0,32043594985,32043594941,0,0,44
16006,0,32045596994,32045596966,0,0,27
16007,0,32047599856,32047599898,0,0,-41
16008,0,32049601738,32049601677,0,0,60
16009,0,32051604301,32051604269,0,0,31
16010,0,32053606438,32053606398,0,0,39
16011,0,32055608528,32055608494,0,0,34
16012,0,32057610867,32057610849,0,0,18
16013,0,32059613167,32059613126,0,0,40
16014,0,32061616853,32061616822,0,0,31
16015,0,32063618013,32063618000,0,0,13
16016,0,32065620057,32065620016,0,0,40
16017,0,32067621717,32067621676,0,0,41
16018,0,32069623915,32069623898,0,0,17
16019,0,32071626104,32071626092,0,0,11
16020,0,32073628667,32073628627,0,0,39
16021,0,32075630670,32075630716,0,0,-45
16022,0,32077632548,32077632509,0,0,38
16023,0,32079634511,32079634489,0,0,22
16024,0,32081637166,32081637155,0,0,11
16025,0,32083638588,32083638613,0,0,-24
16026,0,32085641884,32085641927,0,0,-42
16027,0,32087644071,32087644021,0,0,50
16028,0,32089646456,32089646427,0,0,29
16029,0,32091648584,32091648605,0,0,-20
16030,0,32093653138,32093653103,0,0,35
16031,0,32095653139,32095653100,0,0,39
16032,0,32097654992,32097654968,0,0,23
16033,0,32099656352,32099656326,0,0,25
16034,0,32101658658,32101658633,0,0,24
16035,0,32103661735,32103661714,0,0,20
16036,0,32105663618,32105663583,0,0,35
16037,0,32107665499,32107665476,0,0,23
16038,0,32109669015,32109668979,0,0,36
16039,0,32111670811,32111670785,0,0,25
16040,0,32113673398,32113673363,0,0,35
16041,0,32115674842,32115674806,0,0,35
16042,0,32117676512,32117676479,0,0,32
16043,0,32119679644,32119679606,0,0,38
16044,0,32121682155,32121682114,0,0,40
16045,0,32123684456,32123684404,0,0,51
16046,0,32125687290,32125687240,0,0,50
16047,0,32127689590,32127689539,0,0,51
16048,0,32129691832,32129691761,0,0,70
16049,0,32131693269,32131693200,0,0,69
16050,0,32133695592,32133695577,0,0,14
16051,0,32135697494,32135697426,0,0,67
16052,0,32137699593,32137699507,0,0,85
16053,0,32139701372,32139701314,0,0,57
16054,0,32141704224,32141704251,0,0,-26
16055,0,32143707387,32143707339,0,0,47
16056,0,32145709465,32145709436,0,0,29
16057,0,32147710869,32147710844,0,0,24
16058,0,32149713575,32149713517,0,0,57
16059,0,32151715285,32151715260,0,0,25
16060,0,32153717784,32153717743,0,0,41
16061,0,32155720306,32155720283,0,0,22
16062,0,32157723003,32157722986,0,0,17
16063,0,32159724512,32159724476,0,0,35
16064,0,32161727043,32161726997,0,0,46
16065,0,32163729022,32163728963,0,0,58
16066,0,32165730860,32165730809,0,0,50
16067,0,32167733013,32167732964,0,0,49
16068,0,32169735288,32169735271,0,0,16
16069,0,32171737830,32171737791,0,0,38
16070,0,32173740320,32173740285,0,0,35
16071,0,32175741297,32175741268,0,0,29
16072,0,32177743022,32177742964,0,0,58
16073,0,32179745553,32179745564,0,0,-11
16074,0,32181748537,32181748462,0,0,74
16075,0,32183751264,32183751212,0,0,51
16076,0,32185753238,32185753220,0,0,17
16077,0,32187755030,32187754975,0,0,55
16078,0,32189757654,32189757697,0,0,-42
16079,0,32191759287,32191759317,0,0,-30
16080,0,32193762489,32193762523,0,0,-33
16081,0,32195764200,32195764189,0,0,10
16082,0,32197766116,32197766074,0,0,41
16083,0,32199767253,32199767230,0,0,23
16084,0,32201769867,32201769853,0,0,13
16085,0,32203773406,32203773380,0,0,26
16086,0,32205775520,32205775480,0,0,39
16087,0,32207777510,32207777474,0,0,35
16088,0,32209779336,32209779290,0,0,45
16089,0,32211780853,32211780799,0,0,54
16090,0,32213783158,32213783095,0,0,62
16091,0,32215786683,32215786652,0,0,30
16092,0,32217788957,32217788922,0,0,35
16093,0,32219790904,32219790860,0,0,44
16094,0,32221793603,32221793627,0,0,-24
16095,0,32223795859,32223795890,0,0,-31
16096,0,32225797344,32225797289,0,0,55
16097,0,32227800076,32227800044,0,0,32
16098,0,32229802000,32229802022,0,0,-22
16099,0,32231804035,32231804004,0,0,30
16100,0,32233806040,32233806003,0,0,36
16101,0,32235807914,32235807901,0,0,13
16102,0,32237810999,32237810955,0,0,43
16103,0,32239812808,32239812798,0,0,10
16104,0,32241814526,32241814493,0,0,33
16105,0,32243817714,32243817686,0,0,27
16106,0,32245819723,32245819700,0,0,23
16107,0,32247822178,32247822215,0,0,-36
16108,0,32249824442,32249824497,0,0,-54
16109,0,32251826346,32251826337,0,0,8
16110,0,32253829361,32253829317,0,0,43
16111,0,32255832505,32255832491,0,0,13
16112,0,32257833047,32257833033,0,0,13
16113,0,32259835302,32259835285,0,0,16
16114,0,32261837631,32261837600,0,0,31
16115,0,32263839753,32263839746,0,0,7
16116,0,32265841947,32265841907,0,0,40
16117,0,32267844178,32267844168,0,0,10
16118,0,32269847343,32269847325,0,0,17
16119,0,32271849964,32271849988,0,0,-24
16120,0,32273851008,32273850987,0,0,21
16121,0,32275852978,32275852963,0,0,15
16122,0,32277854356,32277854312,0,0,44
16123,0,32279856570,32279856524,0,0,45
16124,0,32281859707,32281859692,0,0,15
16125,0,32283862076,32283862049,0,0,26
16126,0,32285864687,32285864732,0,0,-44
16127,0,32287867546,32287867600,0,0,-53
16128,0,32289869015,32289869060,0,0,-44
16129,0,32291870934,32291870941,0,0,-6
16130,0,32293875023,32293874997,0,0,25
16131,0,32295875352,32295875335,0,0,17
16132,0,32297877473,32297877507,0,0,-34
16133,0,32299879317,32299879282,0,0,35
16134,0,32301882401,32301882354,0,0,47
16135,0,32303884292,32303884274,0,0,17
16136,0,32305886238,32305886175,0,0,62
16137,0,32307887488,32307887468,0,0,20
16138,0,32309890293,32309890247,0,0,45
16139,0,32311892818,32311892802,0,0,15
16140,0,32313894658,32313894625,0,0,33
16141,0,32315897408,32315897447,0,0,-38
16142,0,32317898921,32317898957,0,0,-35
16143,0,32319903296,32319903325,0,0,-29
16144,0,32321904593,32321904551,0,0,42
16145,0,32323906546,32323906499,0,0,46
16146,0,32325909321,32325909283,0,0,38
16147,0,32327911025,32327911017,0,0,8
16148,0,32329913273,32329913209,0,0,63
16149,0,32331915555,32331915537,0,0,18
16150,0,32333917844,32333917822,0,0,21
16151,0,32335920003,32335919985,0,0,17
16152,0,32337921722,32337921691,0,0,31
16153,0,32339923327,32339923315,0,0,11
16154,0,32341926887,32341926858,0,0,29
16155,0,32343928387,32343928373,0,0,13
16156,0,32345930304,32345930269,0,0,34
16157,0,32347932986,32347932955,0,0,31
16158,0,32349934361,32349934314,0,0,47
16159,0,32351937937,32351937903,0,0,33
16160,0,32353940020,32353939955,0,0,65
16161,0,32355942719,32355942678,0,0,40
16162,0,32357944498,32357944455,0,0,43
16163,0,32359946494,32359946467,0,0,26
16164,0,32361949039,32361948986,0,0,53
16165,0,32363951061,32363951013,0,0,47
16166,0,32365952948,32365952910,0,0,37
16167,0,32367954085,32367954087,0,0,-2
16168,0,32369956421,32369956393,0,0,28
16169,0,32371959101,32371959003,0,0,98
16170,0,32373962467,32373962453,0,0,13
16171,0,32375964181,32375964129,0,0,51
16172,0,32377965773,32377965708,0,0,65
16173,0,32379969019,32379969033,0,0,-14
16174,0,32381971283,32381971310,0,0,-26
16175,0,32383975404,32383975425,0,0,-21
16176,0,32385976743,32385976737,0,0,6
16177,0,32387977733,32387977760,0,0,-26
16178,0,32389978747,32389978667,0,0,79
16179,0,32391981062,32391981016,0,0,46
16180,0,32393984660,32393984608,0,0,52
16181,0,32395985446,32395985402,0,0,43
16182,0,32397987782,32397987769,0,0,13
16183,0,32399991042,32399991005,0,0,37
16184,0,32401993654,32401993635,0,0,19
16185,0,32403995293,32403995267,0,0,25
16186,0,32405996868,32405996889,0,0,-21
16187,0,32407999803,32407999763,0,0,40
16188,0,32410001620,32410001645,0,0,-25
16189,0,32412004384,32412004411,0,0,-26
16190,0,32414006955,32414006976,0,0,-21
16191,0,32416009804,32416009786,0,0,17
16192,0,32418011289,32418011238,0,0,50
16193,0,32420013114,32420013048,0,0,65
16194,0,32422014513,32422014462,0,0,50
16195,0,32424017478,32424017422,0,0,56
16196,0,32426018811,32426018768,0,0,43
16197,0,32428021089,32428021022,0,0,67
16198,0,32430023444,32430023403,0,0,40
16199,0,32432026525,32432026512,0,0,13
16200,0,32434027765,32434027697,0,0,67
16201,0,32436029894,32436029858,0,0,35
16202,0,32438032030,32438031972,0,0,58
16203,0,32440034370,32440034400,0,0,-29
16204,0,32442037572,32442037603,0,0,-31
16205,0,32444039056,32444039019,0,0,37
16206,0,32446042346,32446042317,0,0,29
16207,0,32448045283,32448045233,0,0,49
16208,0,32450046795,32450046755,0,0,39
16209,0,32452048764,32452048714,0,0,49
16210,0,32454050504,32454050481,0,0,22
16211,0,32456053294,32456053247,0,0,46
16212,0,32458055804,32458055764,0,0,39
16213,0,32460057643,32460057589,0,0,53
16214,0,32462059086,32462059034,0,0,51
16215,0,32464063389,32464063342,0,0,47
16216,0,32466065401,32466065412,0,0,-11
16217,0,32468065905,32468065921,0,0,-15
16218,0,32470069438,32470069406,0,0,31
16219,0,32472071079,32472071038,0,0,41
16220,0,32474073617,32474073594,0,0,23
16221,0,32476075435,32476075377,0,0,58
16222,0,32478077355,32478077386,0,0,-31
16223,0,32480080233,32480080265,0,0,-31
16224,0,32482083025,32482083051,0,0,-25
16225,0,32484083324,32484083426,0,0,-102
16226,0,32486085768,32486085805,0,0,-36
16227,0,32488088794,32488088772,0,0,22
16228,0,32490091319,32490091296,0,0,23
16229,0,32492093506,32492093489,0,0,16
16230,0,32494097285,32494097256,0,0,29
16231,0,32496097712,32496097707,0,0,4
16232,0,32498099913,32498099856,0,0,57
16233,0,32500101619,32500101654,0,0,-35
16234,0,32502104845,32502104851,0,0,-6
16235,0,32504106728,32504106709,0,0,19
16236,0,32506109260,32506109234,0,0,26
16237,0,32508111237,32508111213,0,0,24
16238,0,32510113828,32510113820,0,0,7
16239,0,32512115771,32512115742,0,0,29
16240,0,32514119103,32514119070,0,0,33
16241,0,32516120396,32516120363,0,0,33
16242,0,32518122923,32518122873,0,0,50
16243,0,32520124321,32520124293,0,0,28
16244,0,32522125806,32522125769,0,0,37
16245,0,32524128868,32524128861,0,0,6
16246,0,32526130076,32526130040,0,0,36
16247,0,32528132290,32528132318,0,0,-27
16248,0,32530135730,32530135748,0,0,-17
16249,0,32532138031,32532137996,0,0,35
16250,0,32534140533,32534140494,0,0,39
16251,0,32536142404,32536142387,0,0,17
16252,0,32538144676,32538144709,0,0,-33
16253,0,32540146766,32540146712,0,0,53
16254,0,32542149665,32542149645,0,0,19
16255,0,32544151294,32544151271,0,0,23
16256,0,32546154723,32546154748,0,0,-24
16257,0,32548155943,32548155988,0,0,-44
16258,0,32550158465,32550158498,0,0,-33
16259,0,32552160569,32552160557,0,0,11
16260,0,32554162795,32554162816,0,0,-20
16261,0,32556164727,32556164745,0,0,-17
16262,0,32558165638,32558165671,0,0,-32
16263,0,32560167991,32560167966,0,0,25
16264,0,32562170784,32562170760,0,0,24
16265,0,32564172543,32564172519,0,0,24
16266,0,32566176104,32566176075,0,0,29
16267,0,32568177731,32568177701,0,0,30
16268,0,32570179328,32570179311,0,0,17
16269,0,32572182159,32572182125,0,0,33
16270,0,32574184118,32574184098,0,0,19
16271,0,32576188006,32576187984,0,0,22
16272,0,32578190937,32578190964,0,0,-26
16273,0,32580191599,32580191586,0,0,13
16274,0,32582193222,32582193213,0,0,8
16275,0,32584195058,32584195044,0,0,13
16276,0,32586197846,32586197856,0,0,-9
16277,0,32588200042,32588200017,0,0,25
16278,0,32590201191,32590201177,0,0,13
16279,0,32592203335,32592203324,0,0,11
16280,0,32594207581,32594207555,0,0,25
16281,0,32596209265,32596209289,0,0,-24
16282,0,32598211399,32598211373,0,0,25
16283,0,32600213600,32600213574,0,0,26
16284,0,32602215685,32602215656,0,0,29
16285,0,32604217977,32604217952,0,0,25
16286,0,32606220294,32606220238,0,0,55
16287,0,32608222746,32608222700,0,0,45
16288,0,32610225323,32610225242,0,0,80
16289,0,32612226146,32612226085,0,0,60
16290,0,32614229089,32614229033,0,0,56
16291,0,32616231200,32616231176,0,0,23
16292,0,32618233073,32618233015,0,0,57
16293,0,32620234621,32620234567,0,0,53
16294,0,32622237136,32622237091,0,0,44
16295,0,32624240424,32624240373,0,0,50
16296,0,32626242590,32626242555,0,0,35
16297,0,32628244690,32628244727,0,0,-36
16298,0,32630246779,32630246815,0,0,-35
16299,0,32632248119,32632248143,0,0,-24
16300,0,32634251401,32634251441,0,0,-40
16301,0,32636253728,32636253736,0,0,-8
16302,0,32638255829,32638255869,0,0,-40
16303,0,32640258223,32640258257,0,0,-33
16304,0,32642260581,32642260557,0,0,23
16305,0,32644261402,32644261420,0,0,-17
16306,0,32646264838,32646264858,0,0,-19
16307,0,32648266593,32648266642,0,0,-49
16308,0,32650268386,32650268419,0,0,-33
16309,0,32652271278,32652271255,0,0,23
16310,0,32654273439,32654273408,0,0,30
16311,0,32656274546,32656274521,0,0,24
16312,0,32658276592,32658276534,0,0,57
16313,0,32660279057,32660279002,0,0,55
16314,0,32662281269,32662281224,0,0,45
16315,0,32664283761,32664283725,0,0,35
16316,0,32666287161,32666287169,0,0,-8
16317,0,32668289494,32668289456,0,0,37
16318,0,32670291579,32670291608,0,0,-28
16319,0,32672293986,32672293967,0,0,19
16320,0,32674296752,32674296714,0,0,37
16321,0,32676297963,32676297929,0,0,33
16322,0,32678299511,32678299469,0,0,41
16323,0,32680302572,32680302521,0,0,51
16324,0,32682304415,32682304367,0,0,47
16325,0,32684306307,32684306277,0,0,30
16326,0,32686309207,32686309164,0,0,43
16327,0,32688311597,32688311560,0,0,37
16328,0,32690313550,32690313489,0,0,60
16329,0,32692314851,32692314824,0,0,26
16330,0,32694319676,32694319693,0,0,-16
16331,0,32696320544,32696320569,0,0,-24
16332,0,32698322981,32698322960,0,0,20
16333,0,32700325261,32700325212,0,0,49
16334,0,32702327127,32702327081,0,0,45
16335,0,32704330023,32704329974,0,0,49
16336,0,32706332379,32706332326,0,0,53
16337,0,32708333177,32708333192,0,0,-14
16338,0,32710335450,32710335431,0,0,19
16339,0,32712338138,32712338159,0,0,-20
16340,0,32714340293,32714340320,0,0,-26
16341,0,32716342700,32716342644,0,0,55
16342,0,32718345145,32718345102,0,0,42
16343,0,32720347208,32720347161,0,0,47
16344,0,32722348887,32722348822,0,0,65
16345,0,32724350593,32724350536,0,0,57
16346,0,32726354008,32726354019,0,0,-11
16347,0,32728356157,32728356110,0,0,47
16348,0,32730358135,32730358089,0,0,45
16349,0,32732360451,32732360416,0,0,35
16350,0,32734362878,32734362833,0,0,45
16351,0,32736364776,32736364761,0,0,15
16352,0,32738368011,32738368022,0,0,-11
16353,0,32740368269,32740368292,0,0,-22
16354,0,32742371770,32742371723,0,0,46
16355,0,32744373325,32744373302,0,0,23
16356,0,32746375346,32746375295,0,0,50
16357,0,32748378285,32748378250,0,0,35
16358,0,32750380680,32750380629,0,0,51
16359,0,32752383175,32752383137,0,0,38
16360,0,32754384738,32754384688,0,0,49
16361,0,32756386095,32756386048,0,0,47
16362,0,32758389096,32758389016,0,0,79
16363,0,32760390346,32760390366,0,0,-20
16364,0,32762393662,32762393674,0,0,-11
16365,0,32764394703,32764394678,0,0,24
16366,0,32766396919,32766396905,0,0,13
16367,0,32768400155,32768400137,0,0,17
16368,0,32770403547,32770403514,0,0,32
16369,0,32772404921,32772404912,0,0,8
16370,0,32774406145,32774406116,0,0,29
16371,0,32776409074,32776409048,0,0,25
16372,0,32778410274,32778410240,0,0,33
16373,0,32780413166,32780413127,0,0,38
16374,0,32782416377,32782416349,0,0,27
16375,0,32784419204,32784419179,0,0,24
16376,0,32786421628,32786421585,0,0,42
16377,0,32788422817,32788422795,0,0,22
16378,0,32790425256,32790425299,0,0,-42
16379,0,32792427528,32792427556,0,0,-27
16380,0,32794431337,32794431382,0,0,-44
16381,0,32796431374,32796431402,0,0,-28
16382,0,32798432787,32798432752,0,0,35
16383,0,32800435824,32800435799,0,0,25
16384,0,32802438293,32802438258,0,0,34
16385,0,32804441033,32804441078,0,0,-44
16386,0,32806442721,32806442758,0,0,-36
16387,0,32808444611,32808444658,0,0,-47
16388,0,32810446129,32810446152,0,0,-22
16389,0,32812449700,32812449757,0,0,-57
16390,0,32814451443,32814451475,0,0,-31
16391,0,32816452491,32816452527,0,0,-35
16392,0,32818455337,32818455307,0,0,30
16393,0,32820458241,32820458226,0,0,14
16394,0,32822460871,32822460879,0,0,-8
16395,0,32824462898,32824462879,0,0,18
16396,0,32826464978,32826464951,0,0,26
16397,0,32828467262,32828467297,0,0,-34
16398,0,32830469366,32830469341,0,0,25
16399,0,32832471782,32832471736,0,0,45
16400,0,32834473885,32834473817,0,0,67
16401,0,32836477407,32836477440,0,0,-33
16402,0,32838478305,32838478258,0,0,47
16403,0,32840480399,32840480370,0,0,29
16404,0,32842482914,32842482843,0,0,71
16405,0,32844485319,32844485276,0,0,43
16406,0,32846487597,32846487576,0,0,21
16407,0,32848489684,32848489653,0,0,30
16408,0,32850491143,32850491134,0,0,8
16409,0,32852492855,32852492838,0,0,17
16410,0,32854496042,32854496022,0,0,20
16411,0,32856498111,32856498152,0,0,-40
16412,0,32858500556,32858500540,0,0,15
16413,0,32860502634,32860502604,0,0,30
16414,0,32862504541,32862504521,0,0,20
16415,0,32864507238,32864507213,0,0,25
16416,0,32866509413,32866509364,0,0,49
16417,0,32868513011,32868512979,0,0,32
16418,0,32870513652,32870513621,0,0,31
16419,0,32872514953,32872514921,0,0,32
16420,0,32874518131,32874518167,0,0,-35
16421,0,32876519101,32876519123,0,0,-22
16422,0,32878522104,32878522060,0,0,43
16423,0,32880524895,32880524848,0,0,47
16424,0,32882526713,32882526673,0,0,40
16425,0,32884528517,32884528464,0,0,53
16426,0,32886531871,32886531847,0,0,24
16427,0,32888533834,32888533795,0,0,38
16428,0,32890536273,32890536235,0,0,38
16429,0,32892538869,32892538844,0,0,25
16430,0,32894541794,32894541827,0,0,-33
16431,0,32896543647,32896543657,0,0,-9
16432,0,32898545106,32898545058,0,0,47
16433,0,32900548159,32900548085,0,0,74
16434,0,32902549312,32902549254,0,0,57
16435,0,32904550394,32904550345,0,0,49
16436,0,32906553244,32906553173,0,0,71
16437,0,32908555862,32908555817,0,0,44
16438,0,32910557571,32910557523,0,0,47
16439,0,32912560298,32912560263,0,0,35
16440,0,32914561771,32914561712,0,0,59
16441,0,32916565239,32916565202,0,0,37
16442,0,32918567306,32918567239,0,0,67
16443,0,32920569627,32920569588,0,0,39
16444,0,32922572316,32922572274,0,0,42
16445,0,32924573840,32924573793,0,0,47
16446,0,32926575328,32926575284,0,0,44
16447,0,32928578158,32928578129,0,0,29
16448,0,32930579656,32930579601,0,0,55
16449,0,32932583555,32932583537,0,0,17
16450,0,32934584105,32934584121,0,0,-16
16451,0,32936587271,32936587303,0,0,-32
16452,0,32938589543,32938589557,0,0,-14
16453,0,32940591689,32940591705,0,0,-16
16454,0,32942593761,32942593770,0,0,-8
16455,0,32944594729,32944594749,0,0,-20
16456,0,32946597103,32946597114,0,0,-11
16457,0,32948599634,32948599649,0,0,-14
16458,0,32950602825,32950602782,0,0,43
16459,0,32952604860,32952604866,0,0,-5
16460,0,32954605825,32954605804,0,0,20
16461,0,32956608852,32956608797,0,0,55
16462,0,32958611917,32958611865,0,0,51
16463,0,32960614097,32960614066,0,0,31
16464,0,32962616605,32962616628,0,0,-22
16465,0,32964619304,32964619334,0,0,-29
16466,0,32966619930,32966619966,0,0,-36
16467,0,32968622699,32968622740,0,0,-40
16468,0,32970624094,32970624106,0,0,-11
16469,0,32972627346,32972627323,0,0,23
16470,0,32974629820,32974629871,0,0,-51
16471,0,32976631626,32976631651,0,0,-24
16472,0,32978632871,32978632842,0,0,29
16473,0,32980634929,32980634903,0,0,25
16474,0,32982637690,32982637681,0,0,8
16475,0,32984640611,32984640586,0,0,25
16476,0,32986641963,32986641995,0,0,-32
16477,0,32988644835,32988644847,0,0,-11
16478,0,32990646580,32990646526,0,0,53
16479,0,32992650176,32992650139,0,0,37
16480,0,32994653186,32994653136,0,0,49
16481,0,32996655103,32996655044,0,0,58
16482,0,32998656711,32998656671,0,0,40
16483,0,33000658377,33000658336,0,0,40
16484,0,33002660222,33002660169,0,0,52
16485,0,33004662006,33004661982,0,0,24
16486,0,33006665178,33006665155,0,0,23
16487,0,33008667062,33008667014,0,0,47
16488,0,33010668348,33010668270,0,0,77
16489,0,33012670498,33012670462,0,0,35
16490,0,33014672861,33014672829,0,0,31
16491,0,33016674836,33016674811,0,0,25
16492,0,33018677425,33018677359,0,0,65
16493,0,33020679925,33020679970,0,0,-44
16494,0,33022683007,33022683030,0,0,-22
16495,0,33024686213,33024686234,0,0,-20
16496,0,33026688302,33026688256,0,0,45
16497,0,33028689516,33028689472,0,0,43
16498,0,33030690896,33030690927,0,0,-31
16499,0,33032694215,33032694185,0,0,30
16500,0,33034696550,33034696501,0,0,48
16501,0,33036698292,33036698256,0,0,35
16502,0,33038700071,33038700105,0,0,-33
16503,0,33040702978,33040702961,0,0,17
16504,0,33042704930,33042704869,0,0,60
16505,0,33044706525,33044706471,0,0,53
16506,0,33046710175,33046710135,0,0,39
16507,0,33048711966,33048711988,0,0,-22
16508,0,33050714274,33050714299,0,0,-25
16509,0,33052716106,33052716072,0,0,33
16510,0,33054717929,33054717902,0,0,26
16511,0,33056720986,33056720969,0,0,17
16512,0,33058722729,33058722705,0,0,23
16513,0,33060725260,33060725235,0,0,25
16514,0,33062727763,33062727736,0,0,26
16515,0,33064729365,33064729330,0,0,34
16516,0,33066731086,33066731033,0,0,52
16517,0,33068733907,33068733876,0,0,30
16518,0,33070735278,33070735260,0,0,17
16519,0,33072737191,33072737181,0,0,10
16520,0,33074739402,33074739428,0,0,-25
16521,0,33076741681,33076741724,0,0,-42
16522,0,33078743984,33078744000,0,0,-15
16523,0,33080746322,33080746295,0,0,26
16524,0,33082748812,33082748798,0,0,13
16525,0,33084752549,33084752510,0,0,39
16526,0,33086754359,33086754325,0,0,33
16527,0,33088757285,33088757276,0,0,8
16528,0,33090760163,33090760154,0,0,8
16529,0,33092761668,33092761631,0,0,37
16530,0,33094763732,33094763692,0,0,39
16531,0,33096765107,33096765090,0,0,17
16532,0,33098766669,33098766652,0,0,17
16533,0,33100769486,33100769444,0,0,42
16534,0,33102770707,33102770671,0,0,35
16535,0,33104773896,33104773865,0,0,30
16536,0,33106776084,33106776033,0,0,51
16537,0,33108777781,33108777723,0,0,57
16538,0,33110781217,33110781150,0,0,67
16539,0,33112782932,33112782883,0,0,49
16540,0,33114785746,33114785702,0,0,44
16541,0,33116787149,33116787156,0,0,-6
16542,0,33118788815,33118788783,0,0,32
16543,0,33120791797,33120791771,0,0,26
16544,0,33122793918,33122793887,0,0,31
16545,0,33124796269,33124796221,0,0,47
16546,0,33126797638,33126797662,0,0,-24
16547,0,33128800968,33128800997,0,0,-29
16548,0,33130803013,33130803024,0,0,-11
16549,0,33132804296,33132804262,0,0,34
16550,0,33134807697,33134807645,0,0,51
16551,0,33136808657,33136808631,0,0,25
16552,0,33138811666,33138811613,0,0,52
16553,0,33140813390,33140813366,0,0,24
16554,0,33142816307,33142816271,0,0,35
16555,0,33144817465,33144817436,0,0,29
16556,0,33146819401,33146819359,0,0,41
16557,0,33148821825,33148821843,0,0,-17
16558,0,33150824100,33150824057,0,0,42
16559,0,33152826575,33152826602,0,0,-26
16560,0,33154829632,33154829644,0,0,-12
16561,0,33156831830,33156831761,0,0,69
16562,0,33158833294,33158833229,0,0,65
16563,0,33160836274,33160836221,0,0,53
16564,0,33162838105,33162838056,0,0,49
16565,0,33164840962,33164840934,0,0,28
16566,0,33166843377,33166843411,0,0,-34
16567,0,33168845653,33168845600,0,0,53
16568,0,33170847512,33170847474,0,0,38
16569,0,33172849831,33172849778,0,0,52
16570,0,33174852388,33174852399,0,0,-11
16571,0,33176853694,33176853708,0,0,-14
16572,0,33178855206,33178855158,0,0,47
16573,0,33180857540,33180857496,0,0,43
16574,0,33182860177,33182860134,0,0,43
16575,0,33184863062,33184863008,0,0,53
16576,0,33186865062,33186865005,0,0,57
16577,0,33188867793,33188867759,0,0,34
16578,0,33190868915,33190868881,0,0,33
16579,0,33192872211,33192872173,0,0,38
16580,0,33194875538,33194875482,0,0,56
16581,0,33196876539,33196876514,0,0,25
16582,0,33198878880,33198878853,0,0,26
16583,0,33200880725,33200880695,0,0,30
16584,0,33202881896,33202881856,0,0,40
16585,0,33204884613,33204884605,0,0,8
16586,0,33206888052,33206887983,0,0,69
16587,0,33208890011,33208889973,0,0,37
16588,0,33210890892,33210890869,0,0,22
16589,0,33212893251,33212893231,0,0,20
16590,0,33214896914,33214896869,0,0,44
16591,0,33216899750,33216899727,0,0,23
16592,0,33218902102,33218902064,0,0,38
16593,0,33220903212,33220903171,0,0,40
16594,0,33222905459,33222905451,0,0,8
16595,0,33224907660,33224907626,0,0,33
16596,0,33226909939,33226909891,0,0,47
16597,0,33228911725,33228911707,0,0,18
16598,0,33230913281,33230913237,0,0,44
16599,0,33232916314,33232916277,0,0,37
16600,0,33234917587,33234917552,0,0,35
16601,0,33236919967,33236919921,0,0,45
16602,0,33238923792,33238923711,0,0,80
16603,0,33240925303,33240925261,0,0,42
16604,0,33242927728,33242927683,0,0,44
16605,0,33244930114,33244930083,0,0,31
16606,0,33246932781,33246932748,0,0,32
16607,0,33248934244,33248934220,0,0,24
16608,0,33250936669,33250936603,0,0,65
16609,0,33252939261,33252939226,0,0,35
16610,0,33254942041,33254942000,0,0,40
16611,0,33256943793,33256943756,0,0,37
16612,0,33258945689,33258945633,0,0,56
16613,0,33260947409,33260947380,0,0,29
16614,0,33262948800,33262948786,0,0,14
16615,0,33264951098,33264951132,0,0,-33
16616,0,33266954409,33266954420,0,0,-11
16617,0,33268956242,33268956261,0,0,-19
16618,0,33270957844,33270957878,0,0,-34
16619,0,33272960841,33272960878,0,0,-36
16620,0,33274961971,33274962013,0,0,-41
16621,0,33276964426,33276964478,0,0,-51
16622,0,33278967821,33278967856,0,0,-35
16623,0,33280970271,33280970299,0,0,-27
16624,0,33282972283,33282972244,0,0,39
16625,0,33284974267,33284974281,0,0,-14
16626,0,33286976322,33286976275,0,0,47
16627,0,33288977601,33288977570,0,0,30
16628,0,33290980113,33290980101,0,0,11
16629,0,33292983631,33292983651,0,0,-19
16630,0,33294986816,33294986845,0,0,-29
16631,0,33296987696,33296987682,0,0,13
16632,0,33298990278,33298990224,0,0,53
16633,0,33300992330,33300992274,0,0,56
16634,0,33302994965,33302994926,0,0,38
16635,0,33304996649,33304996590,0,0,59
16636,0,33306998770,33306998712,0,0,57
16637,0,33309000188,33309000161,0,0,27
16638,0,33311003019,33311002977,0,0,41
16639,0,33313004613,33313004580,0,0,32
16640,0,33315007567,33315007579,0,0,-11
16641,0,33317009132,33317009151,0,0,-19
16642,0,33319013361,33319013375,0,0,-14
16643,0,33321014281,33321014243,0,0,38
16644,0,33323016902,33323016833,0,0,69
16645,0,33325019453,33325019404,0,0,49
16646,0,33327021683,33327021672,0,0,10
16647,0,33329023340,33329023377,0,0,-36
16648,0,33331025341,33331025366,0,0,-24
16649,0,33333026899,33333026948,0,0,-49
16650,0,33335030637,33335030681,0,0,-44
16651,0,33337032239,33337032282,0,0,-42
16652,0,33339034545,33339034570,0,0,-25
16653,0,33341037035,33341037083,0,0,-47
16654,0,33343038998,33343038986,0,0,11
16655,0,33345042208,33345042186,0,0,21
16656,0,33347044127,33347044159,0,0,-31
16657,0,33349044154,33349044188,0,0,-34
16658,0,33351047728,33351047720,0,0,8
16659,0,33353050013,33353049997,0,0,15
16660,0,33355052927,33355052883,0,0,43
16661,0,33357054491,33357054474,0,0,17
16662,0,33359056399,33359056388,0,0,11
16663,0,33361057804,33361057793,0,0,11
16664,0,33363061074,33363061028,0,0,45
16665,0,33365062513,33365062556,0,0,-42
16666,0,33367065238,33367065260,0,0,-22
16667,0,33369067202,33369067177,0,0,25
16668,0,33371070005,33371070066,0,0,-60
16669,0,33373072482,33373072535,0,0,-53
16670,0,33375074901,33375074873,0,0,27
16671,0,33377076888,33377076851,0,0,37
16672,0,33379079012,33379078946,0,0,66
16673,0,33381081876,33381081811,0,0,64
16674,0,33383084948,33383084904,0,0,43
16675,0,33385086160,33385086126,0,0,33
16676,0,33387087906,33387087882,0,0,24
16677,0,33389089304,33389089313,0,0,-8
16678,0,33391092318,33391092259,0,0,58
16679,0,33393093435,33393093370,0,0,64
16680,0,33395097368,33395097310,0,0,57
16681,0,33397098992,33397098936,0,0,56
16682,0,33399100920,33399100846,0,0,74
16683,0,33401102398,33401102369,0,0,29
16684,0,33403105909,33403105873,0,0,35
16685,0,33405108133,33405108076,0,0,57
16686,0,33407110042,33407109995,0,0,47
16687,0,33409112894,33409112851,0,0,43
16688,0,33411114766,33411114719,0,0,47
16689,0,33413116572,33413116579,0,0,-7
16690,0,33415120249,33415120269,0,0,-19
16691,0,33417120923,33417120941,0,0,-17
16692,0,33419122613,33419122543,0,0,69
16693,0,33421126066,33421126015,0,0,50
16694,0,33423127876,33423127889,0,0,-13
16695,0,33425130964,33425130992,0,0,-28
16696,0,33427133379,33427133402,0,0,-22
16697,0,33429134328,33429134267,0,0,60
16698,0,33431135837,33431135764,0,0,72
16699,0,33433139026,33433139046,0,0,-20
16700,0,33435140395,33435140422,0,0,-26
16701,0,33437143207,33437143247,0,0,-39
16702,0,33439144767,33439144787,0,0,-20
16703,0,33441146703,33441146746,0,0,-42
16704,0,33443149281,33443149203,0,0,78
16705,0,33445152015,33445151966,0,0,49
16706,0,33447154848,33447154829,0,0,18
16707,0,33449156713,33449156696,0,0,17
16708,0,33451159265,33451159204,0,0,60
16709,0,33453161322,33453161278,0,0,44
16710,0,33455163606,33455163573,0,0,33
16711,0,33457165698,33457165675,0,0,23
16712,0,33459167743,33459167694,0,0,49
16713,0,33461168984,33461168961,0,0,23
16714,0,33463171597,33463171586,0,0,11
16715,0,33465174266,33465174235,0,0,31
16716,0,33467176611,33467176573,0,0,37
16717,0,33469179353,33469179313,0,0,40
16718,0,33471181242,33471181204,0,0,38
16719,0,33473183288,33473183266,0,0,22
16720,0,33475185038,33475184980,0,0,57
16721,0,33477188294,33477188256,0,0,37
16722,0,33479191177,33479191134,0,0,42
16723,0,33481192289,33481192240,0,0,49
16724,0,33483193467,33483193407,0,0,60
16725,0,33485195752,33485195722,0,0,29
16726,0,33487198316,33487198274,0,0,42
16727,0,33489201579,33489201548,0,0,31
16728,0,33491203552,33491203505,0,0,47
16729,0,33493205905,33493205856,0,0,49
16730,0,33495209726,33495209705,0,0,20
16731,0,33497209892,33497209850,0,0,41
16732,0,33499211295,33499211240,0,0,55
16733,0,33501213486,33501213498,0,0,-12
16734,0,33503216068,33503216089,0,0,-21
16735,0,33505218953,33505218917,0,0,35
16736,0,33507220571,33507220529,0,0,42
16737,0,33509223941,33509223890,0,0,51
16738,0,33511227139,33511227110,0,0,29
16739,0,33513227955,33513227988,0,0,-33
16740,0,33515230164,33515230193,0,0,-29
16741,0,33517232862,33517232847,0,0,14
16742,0,33519235325,33519235293,0,0,32
16743,0,33521236733,33521236714,0,0,18
16744,0,33523237452,33523237489,0,0,-36
16745,0,33525240499,33525240442,0,0,57
16746,0,33527242504,33527242489,0,0,15
16747,0,33529245471,33529245435,0,0,35
16748,0,33531246961,33531246928,0,0,33
16749,0,33533249109,33533249079,0,0,29
16750,0,33535251552,33535251508,0,0,43
16751,0,33537255544,33537255514,0,0,29
16752,0,33539257813,33539257768,0,0,44
16753,0,33541258258,33541258207,0,0,51
16754,0,33543261379,33543261324,0,0,54
16755,0,33545263598,33545263541,0,0,57
16756,0,33547266001,33547265947,0,0,53
16757,0,33549268083,33549268059,0,0,23
16758,0,33551270910,33551270853,0,0,56
16759,0,33553272359,33553272341,0,0,17
16760,0,33555274272,33555274240,0,0,31
16761,0,33557275795,33557275806,0,0,-11
16762,0,33559277881,33559277842,0,0,38
16763,0,33561279979,33561279941,0,0,37
16764,0,33563282840,33563282792,0,0,47
16765,0,33565285991,33565285938,0,0,52
16766,0,33567288163,33567288128,0,0,35
16767,0,33569290437,33569290422,0,0,15
16768,0,33571292688,33571292671,0,0,16
16769,0,33573294764,33573294748,0,0,15
16770,0,33575297206,33575297188,0,0,17
16771,0,33577300695,33577300668,0,0,26
16772,0,33579301815,33579301782,0,0,33
16773,0,33581303533,33581303516,0,0,16
16774,0,33583306125,33583306158,0,0,-32
16775,0,33585308090,33585308127,0,0,-36
16776,0,33587310391,33587310341,0,0,49
16777,0,33589312146,33589312096,0,0,49
16778,0,33591313698,33591313689,0,0,8
16779,0,33593316343,33593316301,0,0,42
16780,0,33595321044,33595321013,0,0,31
16781,0,33597321586,33597321544,0,0,42
16782,0,33599323687,33599323669,0,0,17
16783,0,33601326606,33601326648,0,0,-41
16784,0,33603328115,33603328158,0,0,-42
16785,0,33605330358,33605330401,0,0,-42
16786,0,33607332493,33607332483,0,0,9
16787,0,33609334620,33609334600,0,0,20
16788,0,33611337001,33611336968,0,0,33
16789,0,33613339387,33613339371,0,0,15
16790,0,33615341716,33615341697,0,0,19
16791,0,33617343465,33617343452,0,0,13
16792,0,33619344757,33619344728,0,0,29
16793,0,33621348054,33621348025,0,0,29
16794,0,33623350622,33623350584,0,0,37
16795,0,33625352593,33625352575,0,0,18
16796,0,33627354936,33627354902,0,0,33
16797,0,33629356842,33629356789,0,0,53
16798,0,33631358304,33631358267,0,0,36
16799,0,33633361975,33633361943,0,0,32
16800,0,33635364495,33635364440,0,0,55
16801,0,33637366414,33637366371,0,0,42
16802,0,33639368224,33639368182,0,0,42
16803,0,33641370367,33641370331,0,0,35
16804,0,33643372770,33643372738,0,0,31
16805,0,33645374540,33645374492,0,0,47
16806,0,33647376274,33647376250,0,0,23
16807,0,33649379148,33649379100,0,0,48
16808,0,33651380322,33651380248,0,0,74
16809,0,33653382701,33653382647,0,0,53
16810,0,33655386179,33655386125,0,0,53
16811,0,33657387888,33657387838,0,0,50
16812,0,33659389274,33659389227,0,0,47
16813,0,33661391360,33661391311,0,0,49
16814,0,33663393988,33663393950,0,0,38
16815,0,33665398049,33665398022,0,0,27
16816,0,33667401089,33667401132,0,0,-42
16817,0,33669401608,33669401646,0,0,-38
16818,0,33671404233,33671404273,0,0,-39
16819,0,33673407144,33673407121,0,0,22
16820,0,33675408421,33675408377,0,0,43
16821,0,33677410724,33677410708,0,0,15
16822,0,33679412589,33679412593,0,0,-4
16823,0,33681414709,33681414663,0,0,45
16824,0,33683416227,33683416193,0,0,33
16825,0,33685419283,33685419246,0,0,36
16826,0,33687422840,33687422789,0,0,51
16827,0,33689425044,33689424999,0,0,45
16828,0,33691426197,33691426144,0,0,52
16829,0,33693428331,33693428315,0,0,15
16830,0,33695432127,33695432039,0,0,87
16831,0,33697432721,33697432702,0,0,18
16832,0,33699434873,33699434886,0,0,-13
16833,0,33701436985,33701437000,0,0,-14
16834,0,33703438496,33703438459,0,0,37
16835,0,33705442485,33705442456,0,0,29
16836,0,33707444370,33707444396,0,0,-26
16837,0,33709446146,33709446137,0,0,8
16838,0,33711448089,33711448045,0,0,44
16839,0,33713449335,33713449313,0,0,22
16840,0,33715453036,33715452985,0,0,51
16841,0,33717455038,33717454994,0,0,43
16842,0,33719457690,33719457604,0,0,85
16843,0,33721459307,33721459347,0,0,-39
16844,0,33723460669,33723460703,0,0,-34
16845,0,33725463756,33725463795,0,0,-39
16846,0,33727466504,33727466487,0,0,17
16847,0,33729469076,33729469109,0,0,-33
16848,0,33731470910,33731470927,0,0,-16
16849,0,33733472423,33733472406,0,0,16
16850,0,33735474025,33735473997,0,0,28
16851,0,33737477827,33737477786,0,0,40
16852,0,33739478308,33739478265,0,0,43
16853,0,33741480438,33741480431,0,0,6
16854,0,33743482767,33743482805,0,0,-38
16855,0,33745486627,33745486660,0,0,-32
16856,0,33747488457,33747488484,0,0,-26
16857,0,33749490364,33749490384,0,0,-19
16858,0,33751492078,33751492098,0,0,-19
16859,0,33753495045,33753495004,0,0,40
16860,0,33755497442,33755497395,0,0,47
16861,0,33757499524,33757499547,0,0,-22
16862,0,33759501499,33759501527,0,0,-27
16863,0,33761503320,33761503296,0,0,23
16864,0,33763505882,33763505842,0,0,40
16865,0,33765507179,33765507149,0,0,30
16866,0,33767510836,33767510798,0,0,38
16867,0,33769513521,33769513508,0,0,13
16868,0,33771514107,33771514076,0,0,30
16869,0,33773517244,33773517272,0,0,-28
16870,0,33775519388,33775519382,0,0,5
16871,0,33777521499,33777521485,0,0,14
16872,0,33779523044,33779523006,0,0,38
16873,0,33781526329,33781526294,0,0,34
16874,0,33783528152,33783528114,0,0,37
16875,0,33785529388,33785529372,0,0,15
16876,0,33787532757,33787532721,0,0,35
16877,0,33789535049,33789535011,0,0,38
16878,0,33791537029,33791537006,0,0,22
16879,0,33793538173,33793538205,0,0,-31
16880,0,33795542099,33795542137,0,0,-37
16881,0,33797543788,33797543780,0,0,7
16882,0,33799545049,33799545024,0,0,24
16883,0,33801549746,33801549738,0,0,8
16884,0,33803551233,33803551278,0,0,-44
16885,0,33805552665,33805552710,0,0,-44
16886,0,33807553966,33807554020,0,0,-54
16887,0,33809557354,33809557393,0,0,-39
16888,0,33811559317,33811559360,0,0,-42
16889,0,33813560807,33813560840,0,0,-32
16890,0,33815564480,33815564497,0,0,-17
16891,0,33817566048,33817566023,0,0,24
16892,0,33819567309,33819567290,0,0,18
16893,0,33821570326,33821570298,0,0,27
16894,0,33823572255,33823572221,0,0,33
16895,0,33825574889,33825574851,0,0,37
16896,0,33827576490,33827576443,0,0,47
16897,0,33829579195,33829579167,0,0,27
16898,0,33831580969,33831580946,0,0,22
16899,0,33833584384,33833584358,0,0,25
16900,0,33835587150,33835587137,0,0,13
16901,0,33837588316,33837588301,0,0,14
16902,0,33839590928,33839590923,0,0,4
16903,0,33841593469,33841593452,0,0,16
16904,0,33843594842,33843594807,0,0,35
16905,0,33845596570,33845596533,0,0,37
16906,0,33847599613,33847599580,0,0,32
16907,0,33849601925,33849601919,0,0,5
16908,0,33851604047,33851604022,0,0,25
16909,0,33853606166,33853606134,0,0,32
16910,0,33855608929,33855608895,0,0,33
16911,0,33857611879,33857611848,0,0,31
16912,0,33859613571,33859613530,0,0,40
16913,0,33861614294,33861614289,0,0,4
16914,0,33863617185,33863617176,0,0,8
16915,0,33865618434,33865618411,0,0,23
16916,0,33867621573,33867621518,0,0,54
16917,0,33869623249,33869623297,0,0,-47
16918,0,33871626483,33871626408,0,0,75
16919,0,33873628505,33873628492,0,0,13
16920,0,33875630498,33875630528,0,0,-30
16921,0,33877632143,33877632179,0,0,-36
16922,0,33879635165,33879635146,0,0,18
16923,0,33881637472,33881637447,0,0,25
16924,0,33883639610,33883639601,0,0,8
16925,0,33885641811,33885641839,0,0,-28
16926,0,33887644650,33887644665,0,0,-15
16927,0,33889646405,33889646417,0,0,-12
16928,0,33891648373,33891648383,0,0,-10
16929,0,33893650259,33893650289,0,0,-29
16930,0,33895653660,33895653677,0,0,-16
16931,0,33897655392,33897655420,0,0,-27
16932,0,33899658718,33899658692,0,0,25
16933,0,33901659321,33901659286,0,0,34
16934,0,33903660706,33903660642,0,0,63
16935,0,33905663065,33905663029,0,0,35
16936,0,33907666096,33907666069,0,0,26
16937,0,33909667210,33909667183,0,0,26
16938,0,33911670149,33911670081,0,0,67
16939,0,33913673094,33913673058,0,0,35
16940,0,33915675195,33915675157,0,0,38
16941,0,33917677359,33917677318,0,0,41
16942,0,33919679883,33919679826,0,0,57
16943,0,33921682053,33921682000,0,0,53
16944,0,33923684097,33923684047,0,0,50
16945,0,33925686322,33925686273,0,0,49
16946,0,33927688308,33927688285,0,0,23
16947,0,33929690034,33929689993,0,0,40
16948,0,33931694655,33931694629,0,0,25
16949,0,33933695168,33933695109,0,0,59
16950,0,33935696577,33935696609,0,0,-32
16951,0,33937699361,33937699322,0,0,38
16952,0,33939701005,33939700946,0,0,59
16953,0,33941704562,33941704578,0,0,-15
16954,0,33943706347,33943706356,0,0,-8
16955,0,33945707739,33945707689,0,0,50
16956,0,33947710885,33947710834,0,0,51
16957,0,33949713104,33949713078,0,0,26
16958,0,33951715322,33951715292,0,0,30
16959,0,33953717520,33953717469,0,0,51
16960,0,33955719993,33955719935,0,0,57
16961,0,33957722518,33957722467,0,0,50
16962,0,33959724403,33959724416,0,0,-13
16963,0,33961726333,33961726343,0,0,-10
16964,0,33963729570,33963729590,0,0,-19
16965,0,33965730781,33965730802,0,0,-21
16966,0,33967732367,33967732354,0,0,13
16967,0,33969735228,33969735242,0,0,-14
16968,0,33971737653,33971737647,0,0,6
16969,0,33973740171,33973740130,0,0,40
16970,0,33975741884,33975741833,0,0,51
16971,0,33977744311,33977744260,0,0,51
16972,0,33979746212,33979746151,0,0,60
16973,0,33981747481,33981747409,0,0,71
16974,0,33983750225,33983750168,0,0,57
16975,0,33985754166,33985754120,0,0,45
16976,0,33987756694,33987756635,0,0,59
16977,0,33989757591,33989757539,0,0,51
16978,0,33991759515,33991759537,0,0,-21
16979,0,33993760681,33993760643,0,0,38
16980,0,33995766541,33995766474,0,0,67
16981,0,33997766487,33997766443,0,0,44
16982,0,33999768849,33999768802,0,0,47
16983,0,34001770825,34001770772,0,0,53
16984,0,34003772963,34003772922,0,0,40
16985,0,34005775518,34005775494,0,0,23
16986,0,34007777776,34007777735,0,0,40
16987,0,34009780384,34009780343,0,0,41
16988,0,34011781809,34011781792,0,0,17
16989,0,34013783786,34013783779,0,0,7
16990,0,34015786386,34015786375,0,0,11
16991,0,34017788449,34017788485,0,0,-35
16992,0,34019790640,34019790651,0,0,-11
16993,0,34021792258,34021792291,0,0,-32
16994,0,34023795917,34023795952,0,0,-35
16995,0,34025797760,34025797737,0,0,23
16996,0,34027800856,34027800847,0,0,8
16997,0,34029802061,34029802023,0,0,38
16998,0,34031803386,34031803362,0,0,23
16999,0,34033806252,34033806212,0,0,40
17000,0,34035808347,34035808298,0,0,48
17001,0,34037809769,34037809764,0,0,5
17002,0,34039812233,34039812206,0,0,26
17003,0,34041815377,34041815350,0,0,26
17004,0,34043817815,34043817781,0,0,34
17005,0,34045820081,34045820045,0,0,35
17006,0,34047821948,34047821919,0,0,29
17007,0,34049825382,34049825353,0,0,29
17008,0,34051827819,34051827798,0,0,20
17009,0,34053829100,34053829065,0,0,35
17010,0,34055831232,34055831213,0,0,18
17011,0,34057833111,34057833076,0,0,34
17012,0,34059836439,34059836480,0,0,-40
17013,0,34061837763,34061837736,0,0,26
17014,0,34063840233,34063840182,0,0,51
17015,0,34065843208,34065843197,0,0,10
17016,0,34067845545,34067845522,0,0,22
17017,0,34069846280,34069846268,0,0,11
17018,0,34071847878,34071847813,0,0,65
17019,0,34073850694,34073850687,0,0,6
17020,0,34075852103,34075852134,0,0,-31
17021,0,34077855406,34077855459,0,0,-53
17022,0,34079858455,34079858479,0,0,-24
17023,0,34081859572,34081859604,0,0,-31
17024,0,34083861131,34083861083,0,0,47
17025,0,34085864089,34085864072,0,0,16
17026,0,34087865644,34087865622,0,0,21
17027,0,34089869075,34089869123,0,0,-47
17028,0,34091872809,34091872784,0,0,24
17029,0,34093873323,34093873306,0,0,17
17030,0,34095876540,34095876586,0,0,-46
17031,0,34097878272,34097878236,0,0,35
17032,0,34099880076,34099880046,0,0,30
17033,0,34101882159,34101882133,0,0,25
17034,0,34103884535,34103884475,0,0,60
17035,0,34105886447,34105886424,0,0,22
17036,0,34107888851,34107888826,0,0,25
17037,0,34109890975,34109890959,0,0,15
17038,0,34111893065,34111893040,0,0,24
17039,0,34113894268,34113894254,0,0,13
17040,0,34115897865,34115897837,0,0,28
17041,0,34117899732,34117899716,0,0,15
17042,0,34119901125,34119901101,0,0,23
17043,0,34121904098,34121904080,0,0,17
17044,0,34123906553,34123906499,0,0,53
17045,0,34125907739,34125907722,0,0,17
17046,0,34127910761,34127910723,0,0,37
17047,0,34129911961,34129911919,0,0,42
17048,0,34131914204,34131914148,0,0,55
17049,0,34133916564,34133916528,0,0,35
17050,0,34135919141,34135919122,0,0,19
17051,0,34137922066,34137922011,0,0,55
17052,0,34139924621,34139924608,0,0,13
17053,0,34141926932,34141926885,0,0,47
17054,0,34143928618,34143928647,0,0,-29
17055,0,34145929795,34145929771,0,0,24
17056,0,34147932086,34147932040,0,0,46
17057,0,34149934819,34149934829,0,0,-10
17058,0,34151937841,34151937796,0,0,44
17059,0,34153939664,34153939628,0,0,35
17060,0,34155942196,34155942231,0,0,-34
17061,0,34157944013,34157943976,0,0,37
17062,0,34159945391,34159945333,0,0,57
17063,0,34161947659,34161947615,0,0,43
17064,0,34163951105,34163951044,0,0,60
17065,0,34165953544,34165953486,0,0,58
17066,0,34167955493,34167955466,0,0,26
17067,0,34169957717,34169957681,0,0,35
17068,0,34171960052,34171959997,0,0,54
17069,0,34173962249,34173962202,0,0,47
17070,0,34175964411,34175964392,0,0,19
17071,0,34177968132,34177968147,0,0,-14
17072,0,34179969622,34179969568,0,0,53
17073,0,34181970271,34181970229,0,0,41
17074,0,34183973734,34183973667,0,0,67
17075,0,34185975287,34185975312,0,0,-24
17076,0,34187979080,34187979087,0,0,-7
17077,0,34189979785,34189979751,0,0,33
17078,0,34191981374,34191981322,0,0,51
17079,0,34193984757,34193984750,0,0,6
17080,0,34195988123,34195988099,0,0,24
17081,0,34197988682,34197988647,0,0,35
17082,0,34199990441,34199990384,0,0,57
17083,0,34201993281,34201993302,0,0,-20
17084,0,34203995835,34203995789,0,0,45
17085,0,34205997858,34205997841,0,0,17
17086,0,34207999982,34207999953,0,0,29
17087,0,34210002397,34210002350,0,0,47
17088,0,34212004539,34212004489,0,0,50
17089,0,34214005645,34214005594,0,0,51
17090,0,34216009141,34216009094,0,0,47
17091,0,34218011026,34218010977,0,0,49
17092,0,34220013098,34220013024,0,0,74
17093,0,34222015824,34222015773,0,0,51
17094,0,34224018226,34224018132,0,0,94
17095,0,34226020244,34226020187,0,0,57
17096,0,34228022273,34228022188,0,0,84
17097,0,34230024457,34230024409,0,0,47
17098,0,34232026745,34232026697,0,0,47
17099,0,34234028895,34234028840,0,0,55
17100,0,34236030404,34236030339,0,0,65
17101,0,34238033224,34238033208,0,0,15
17102,0,34240034939,34240034912,0,0,27
17103,0,34242038346,34242038298,0,0,47
17104,0,34244039898,34244039838,0,0,60
17105,0,34246040893,34246040829,0,0,64
17106,0,34248043672,34248043624,0,0,47
17107,0,34250046649,34250046608,0,0,40
17108,0,34252048669,34252048633,0,0,35
17109,0,34254051027,34254051071,0,0,-44
17110,0,34256052550,34256052534,0,0,16
17111,0,34258055669,34258055634,0,0,35
17112,0,34260058132,34260058094,0,0,38
17113,0,34262060218,34262060188,0,0,30
17114,0,34264061968,34264061950,0,0,17
17115,0,34266063570,34266063582,0,0,-12
17116,0,34268066950,34268066919,0,0,31
17117,0,34270068999,34270068930,0,0,69
17118,0,34272070937,34272070888,0,0,48
17119,0,34274072295,34274072337,0,0,-42
17120,0,34276074520,34276074539,0,0,-19
17121,0,34278077761,34278077718,0,0,43
17122,0,34280078972,34280078951,0,0,20
17123,0,34282082648,34282082606,0,0,42
17124,0,34284084742,34284084718,0,0,24
17125,0,34286086719,34286086758,0,0,-39
17126,0,34288088820,34288088827,0,0,-6
17127,0,34290090330,34290090316,0,0,13
17128,0,34292093656,34292093603,0,0,52
17129,0,34294096037,34294096017,0,0,19
17130,0,34296099064,34296099040,0,0,24
17131,0,34298100226,34298100191,0,0,35
17132,0,34300102750,34300102714,0,0,35
17133,0,34302104236,34302104184,0,0,52
17134,0,34304105940,34304105984,0,0,-43
17135,0,34306109903,34306109919,0,0,-15
17136,0,34308112647,34308112673,0,0,-26
17137,0,34310113528,34310113542,0,0,-14
17138,0,34312115607,34312115620,0,0,-12
17139,0,34314117534,34314117576,0,0,-41
17140,0,34316119002,34316118959,0,0,42
17141,0,34318123382,34318123357,0,0,24
17142,0,34320125032,34320125026,0,0,5
17143,0,34322126741,34322126674,0,0,67
17144,0,34324128796,34324128841,0,0,-44
17145,0,34326130480,34326130440,0,0,40
17146,0,34328133745,34328133702,0,0,42
17147,0,34330135541,34330135517,0,0,23
17148,0,34332138145,34332138119,0,0,25
17149,0,34334140011,34334140054,0,0,-42
17150,0,34336142705,34336142740,0,0,-34
17151,0,34338144755,34338144782,0,0,-26
17152,0,34340147368,34340147329,0,0,39
17153,0,34342149220,34342149182,0,0,37
17154,0,34344151689,34344151647,0,0,41
17155,0,34346153425,34346153394,0,0,31
17156,0,34348155750,34348155701,0,0,49
17157,0,34350159298,34350159263,0,0,35
17158,0,34352160235,34352160183,0,0,51
17159,0,34354162078,34354162047,0,0,30
17160,0,34356164044,34356163986,0,0,58
17161,0,34358167042,34358167004,0,0,38
17162,0,34360169577,34360169537,0,0,40
17163,0,34362170892,34362170867,0,0,24
17164,0,34364172530,34364172559,0,0,-29
17165,0,34366175737,34366175754,0,0,-16
17166,0,34368177781,34368177808,0,0,-26
17167,0,34370180234,34370180221,0,0,13
17168,0,34372183561,34372183546,0,0,15
17169,0,34374184668,34374184637,0,0,31
17170,0,34376187074,34376187018,0,0,56
17171,0,34378188835,34378188813,0,0,22
17172,0,34380190513,34380190566,0,0,-52
17173,0,34382193618,34382193668,0,0,-49
17174,0,34384194879,34384194912,0,0,-32
17175,0,34386198635,34386198669,0,0,-33
17176,0,34388200000,34388199974,0,0,25
17177,0,34390201437,34390201404,0,0,33
17178,0,34392204848,34392204832,0,0,15
17179,0,34394207074,34394207047,0,0,26
17180,0,34396210857,34396210829,0,0,27
17181,0,34398211596,34398211545,0,0,51
17182,0,34400214021,34400213986,0,0,35
17183,0,34402215712,34402215689,0,0,22
17184,0,34404218068,34404218008,0,0,60
17185,0,34406220499,34406220462,0,0,36
17186,0,34408222264,34408222242,0,0,22
17187,0,34410223539,34410223491,0,0,47
17188,0,34412226212,34412226199,0,0,13
17189,0,34414230018,34414229975,0,0,43
17190,0,34416230521,34416230471,0,0,50
17191,0,34418233303,34418233238,0,0,65
17192,0,34420235131,34420235116,0,0,15
17193,0,34422238175,34422238187,0,0,-12
17194,0,34424240296,34424240311,0,0,-14
17195,0,34426242681,34426242698,0,0,-16
17196,0,34428245197,34428245134,0,0,62
17197,0,34430247327,34430247339,0,0,-11
17198,0,34432249570,34432249604,0,0,-33
17199,0,34434251709,34434251677,0,0,31
17200,0,34436253756,34436253727,0,0,29
17201,0,34438255838,34438255799,0,0,38
17202,0,34440258194,34440258257,0,0,-62
17203,0,34442260253,34442260267,0,0,-14
17204,0,34444262579,34444262534,0,0,44
17205,0,34446264835,34446264848,0,0,-13
17206,0,34448267282,34448267318,0,0,-35
17207,0,34450269362,34450269319,0,0,43
17208,0,34452271419,34452271389,0,0,29
17209,0,34454273645,34454273616,0,0,29
17210,0,34456276403,34456276339,0,0,64
17211,0,34458278128,34458278105,0,0,23
17212,0,34460280008,34460279971,0,0,37
17213,0,34462281397,34462281352,0,0,44
17214,0,34464284086,34464284062,0,0,24
17215,0,34466286824,34466286757,0,0,67
17216,0,34468288337,34468288286,0,0,50
17217,0,34470291229,34470291186,0,0,42
17218,0,34472293148,34472293104,0,0,43
17219,0,34474295918,34474295869,0,0,49
17220,0,34476298387,34476298337,0,0,49
17221,0,34478301182,34478301216,0,0,-34
17222,0,34480301998,34480301952,0,0,45
17223,0,34482304586,34482304621,0,0,-35
17224,0,34484306945,34484306889,0,0,56
17225,0,34486309516,34486309512,0,0,4
17226,0,34488311233,34488311213,0,0,19
17227,0,34490313025,34490312986,0,0,38
17228,0,34492315803,34492315775,0,0,28
17229,0,34494318252,34494318215,0,0,37
17230,0,34496322215,34496322151,0,0,63
17231,0,34498323218,34498323168,0,0,50
17232,0,34500324804,34500324733,0,0,70
17233,0,34502326711,34502326662,0,0,48
17234,0,34504328463,34504328407,0,0,56
17235,0,34506331672,34506331618,0,0,53
17236,0,34508333896,34508333885,0,0,11
17237,0,34510337320,34510337284,0,0,35
17238,0,34512338393,34512338348,0,0,45
17239,0,34514340343,34514340349,0,0,-6
17240,0,34516342721,34516342677,0,0,44
17241,0,34518345096,34518345056,0,0,40
17242,0,34520347514,34520347463,0,0,51
17243,0,34522349206,34522349179,0,0,26
17244,0,34524351859,34524351813,0,0,45
17245,0,34526354003,34526353987,0,0,15
17246,0,34528356541,34528356511,0,0,30
17247,0,34530358355,34530358341,0,0,13
17248,0,34532360475,34532360424,0,0,50
17249,0,34534362763,34534362732,0,0,31
17250,0,34536364880,34536364856,0,0,24
17251,0,34538367240,34538367221,0,0,18
17252,0,34540369399,34540369384,0,0,14
17253,0,34542371889,34542371865,0,0,23
17254,0,34544373716,34544373752,0,0,-35
17255,0,34546376451,34546376489,0,0,-37
17256,0,34548378583,34548378600,0,0,-16
17257,0,34550380474,34550380432,0,0,41
17258,0,34552382891,34552382850,0,0,40
17259,0,34554384752,34554384721,0,0,31
17260,0,34556387233,34556387262,0,0,-29
17261,0,34558389395,34558389366,0,0,29
17262,0,34560392266,34560392231,0,0,35
17263,0,34562394062,34562394045,0,0,17
17264,0,34564396072,34564396035,0,0,37
17265,0,34566398188,34566398175,0,0,13
17266,0,34568400678,34568400628,0,0,50
17267,0,34570403229,34570403269,0,0,-40
17268,0,34572405625,34572405577,0,0,47
17269,0,34574407500,34574407525,0,0,-25
17270,0,34576410478,34576410505,0,0,-26
17271,0,34578411437,34578411404,0,0,33
17272,0,34580414241,34580414208,0,0,32
17273,0,34582416208,34582416178,0,0,29
17274,0,34584418265,34584418299,0,0,-34
17275,0,34586420429,34586420403,0,0,25
17276,0,34588422745,34588422728,0,0,17
17277,0,34590424983,34590424970,0,0,13
17278,0,34592428134,34592428103,0,0,31
17279,0,34594430214,34594430198,0,0,15
17280,0,34596432604,34596432545,0,0,58
17281,0,34598433705,34598433671,0,0,33
17282,0,34600435075,34600435098,0,0,-22
17283,0,34602438788,34602438752,0,0,35
17284,0,34604440696,34604440657,0,0,38
17285,0,34606442644,34606442605,0,0,39
17286,0,34608445105,34608445074,0,0,31
17287,0,34610447661,34610447619,0,0,42
17288,0,34612449164,34612449125,0,0,38
17289,0,34614450762,34614450721,0,0,41
17290,0,34616453735,34616453676,0,0,59
17291,0,34618454950,34618454932,0,0,17
17292,0,34620458172,34620458220,0,0,-47
17293,0,34622460337,34622460373,0,0,-35
17294,0,34624461926,34624461970,0,0,-44
17295,0,34626464558,34626464596,0,0,-38
17296,0,34628466679,34628466696,0,0,-17
17297,0,34630468092,34630468065,0,0,26
17298,0,34632470776,34632470803,0,0,-26
17299,0,34634474052,34634474023,0,0,29
17300,0,34636476292,34636476251,0,0,41
17301,0,34638478342,34638478314,0,0,27
17302,0,34640481957,34640481920,0,0,37
17303,0,34642482700,34642482689,0,0,10
17304,0,34644485189,34644485215,0,0,-25
17305,0,34646487624,34646487577,0,0,47
17306,0,34648489341,34648489319,0,0,21
17307,0,34650491443,34650491399,0,0,44
17308,0,34652494060,34652494018,0,0,42
17309,0,34654496230,34654496182,0,0,48
17310,0,34656498289,34656498226,0,0,62
17311,0,34658500241,34658500174,0,0,67
17312,0,34660501765,34660501694,0,0,71
17313,0,34662505151,34662505166,0,0,-14
17314,0,34664507733,34664507674,0,0,58
17315,0,34666509692,34666509642,0,0,49
17316,0,34668512015,34668511959,0,0,56
17317,0,34670513988,34670513949,0,0,38
17318,0,34672516762,34672516695,0,0,67
17319,0,34674518378,34674518349,0,0,29
17320,0,34676520671,34676520602,0,0,68
17321,0,34678522793,34678522827,0,0,-34
17322,0,34680525830,34680525822,0,0,7
17323,0,34682527191,34682527166,0,0,25
17324,0,34684529782,34684529734,0,0,47
17325,0,34686532191,34686532157,0,0,33
17326,0,34688534361,34688534321,0,0,39
17327,0,34690537061,34690537041,0,0,20
17328,0,34692539476,34692539449,0,0,27
17329,0,34694540512,34694540499,0,0,12
17330,0,34696544560,34696544507,0,0,53
17331,0,34698544701,34698544664,0,0,37
17332,0,34700546299,34700546276,0,0,23
17333,0,34702550149,34702550110,0,0,38
17334,0,34704552737,34704552684,0,0,52
17335,0,34706554726,34706554694,0,0,31
17336,0,34708555884,34708555825,0,0,58
17337,0,34710557435,34710557415,0,0,20
17338,0,34712560466,34712560429,0,0,37
17339,0,34714562058,34714562029,0,0,29
17340,0,34716564978,34716564921,0,0,57
17341,0,34718566719,34718566681,0,0,37
17342,0,34720569722,34720569671,0,0,50
17343,0,34722571348,34722571310,0,0,37
17344,0,34724572607,34724572591,0,0,15
17345,0,34726575635,34726575600,0,0,35
17346,0,34728578655,34728578622,0,0,33
17347,0,34730580575,34730580611,0,0,-35
17348,0,34732582666,34732582672,0,0,-6
17349,0,34734584344,34734584377,0,0,-32
17350,0,34736588311,34736588295,0,0,15
17351,0,34738589975,34738589894,0,0,80
17352,0,34740591550,34740591479,0,0,71
17353,0,34742592846,34742592817,0,0,29
17354,0,34744595192,34744595147,0,0,44
17355,0,34746598600,34746598567,0,0,33
17356,0,34748601425,34748601361,0,0,63
17357,0,34750602994,34750602921,0,0,72
17358,0,34752605616,34752605587,0,0,29
17359,0,34754607626,34754607580,0,0,46
17360,0,34756608974,34756608928,0,0,45
17361,0,34758611839,34758611792,0,0,47
17362,0,34760614287,34760614221,0,0,65
17363,0,34762616290,34762616243,0,0,47
17364,0,34764618926,34764618869,0,0,57
17365,0,34766620970,34766620929,0,0,41
17366,0,34768623820,34768623791,0,0,29
17367,0,34770624657,34770624604,0,0,53
17368,0,34772627162,34772627098,0,0,63
17369,0,34774628634,34774628587,0,0,47
17370,0,34776632000,34776631966,0,0,33
17371,0,34778633850,34778633803,0,0,47
17372,0,34780635626,34780635574,0,0,51
17373,0,34782638348,34782638311,0,0,37
17374,0,34784639584,34784639595,0,0,-11
17375,0,34786641636,34786641642,0,0,-6
17376,0,34788643896,34788643843,0,0,53
17377,0,34790646513,34790646474,0,0,38
17378,0,34792649611,34792649563,0,0,47
17379,0,34794651771,34794651720,0,0,51
17380,0,34796655613,34796655570,0,0,42
17381,0,34798656069,34798656048,0,0,20
17382,0,34800658432,34800658455,0,0,-22
17383,0,34802660634,34802660657,0,0,-22
17384,0,34804662844,34804662885,0,0,-40
17385,0,34806665277,34806665298,0,0,-21
17386,0,34808668093,34808668076,0,0,17
17387,0,34810669511,34810669525,0,0,-14
17388,0,34812671806,34812671830,0,0,-24
17389,0,34814674375,34814674391,0,0,-16
17390,0,34816676602,34816676647,0,0,-44
17391,0,34818679070,34818679113,0,0,-42
17392,0,34820680815,34820680779,0,0,35
17393,0,34822683141,34822683119,0,0,22
17394,0,34824685640,34824685575,0,0,64
17395,0,34826687523,34826687554,0,0,-31
17396,0,34828689643,34828689594,0,0,49
17397,0,34830691879,34830691844,0,0,35
17398,0,34832694547,34832694510,0,0,37
17399,0,34834696001,34834695957,0,0,43
17400,0,34836697815,34836697778,0,0,37
17401,0,34838700878,34838700839,0,0,39
17402,0,34840703950,34840703911,0,0,38
17403,0,34842704958,34842704951,0,0,6
17404,0,34844706617,34844706594,0,0,23
17405,0,34846709671,34846709646,0,0,24
17406,0,34848712120,34848712105,0,0,14
17407,0,34850714270,34850714256,0,0,13
17408,0,34852716377,34852716330,0,0,46
17409,0,34854719038,34854719006,0,0,32
17410,0,34856721172,34856721155,0,0,17
17411,0,34858722703,34858722732,0,0,-28
17412,0,34860724546,34860724589,0,0,-42
17413,0,34862727260,34862727295,0,0,-34
17414,0,34864729928,34864729885,0,0,43
17415,0,34866731633,34866731628,0,0,4
17416,0,34868732651,34868732682,0,0,-31
17417,0,34870735730,34870735724,0,0,5
17418,0,34872738417,34872738450,0,0,-32
17419,0,34874739474,34874739512,0,0,-38
17420,0,34876742366,34876742429,0,0,-62
17421,0,34878744934,34878744890,0,0,43
17422,0,34880746719,34880746653,0,0,65
17423,0,34882750100,34882750053,0,0,47
17424,0,34884751680,34884751651,0,0,29
17425,0,34886753244,34886753193,0,0,51
17426,0,34888756339,34888756275,0,0,64
17427,0,34890758614,34890758602,0,0,12
17428,0,34892760678,34892760637,0,0,40
17429,0,34894762025,34894762000,0,0,25
17430,0,34896766996,34896766968,0,0,27
17431,0,34898767721,34898767714,0,0,6
17432,0,34900769681,34900769662,0,0,18
17433,0,34902772122,34902772103,0,0,19
17434,0,34904774667,34904774651,0,0,15
17435,0,34906776677,34906776651,0,0,25
17436,0,34908778963,34908778948,0,0,15
17437,0,34910780665,34910780682,0,0,-16
17438,0,34912782227,34912782194,0,0,33
17439,0,34914785798,34914785763,0,0,35
17440,0,34916787907,34916787899,0,0,7
17441,0,34918789683,34918789653,0,0,29
17442,0,34920792505,34920792467,0,0,38
17443,0,34922794007,34922793967,0,0,40
17444,0,34924795595,34924795546,0,0,49
17445,0,34926798409,34926798395,0,0,13
17446,0,34928799904,34928799844,0,0,59
17447,0,34930802844,34930802787,0,0,56
17448,0,34932804721,34932804667,0,0,53
17449,0,34934807782,34934807797,0,0,-15
17450,0,34936809745,34936809683,0,0,61
17451,0,34938811350,34938811316,0,0,33
17452,0,34940814240,34940814212,0,0,27
17453,0,34942816364,34942816324,0,0,39
17454,0,34944817872,34944817851,0,0,20
17455,0,34946821452,34946821405,0,0,47
17456,0,34948823100,34948823045,0,0,54
17457,0,34950825025,34950824966,0,0,59
17458,0,34952826883,34952826823,0,0,59
17459,0,34954829819,34954829774,0,0,44
17460,0,34956832433,34956832359,0,0,73
17461,0,34958834111,34958834089,0,0,21
17462,0,34960835601,34960835548,0,0,53
17463,0,34962839398,34962839343,0,0,55
17464,0,34964839714,34964839739,0,0,-24
17465,0,34966842261,34966842232,0,0,29
17466,0,34968845078,34968845020,0,0,57
17467,0,34970846419,34970846375,0,0,43
17468,0,34972848806,34972848823,0,0,-17
17469,0,34974852310,34974852337,0,0,-27
17470,0,34976854563,34976854525,0,0,37
17471,0,34978856570,34978856525,0,0,44
17472,0,34980858856,34980858842,0,0,14
17473,0,34982860730,34982860750,0,0,-20
17474,0,34984862173,34984862135,0,0,37
17475,0,34986865196,34986865139,0,0,57
17476,0,34988866649,34988866657,0,0,-7
17477,0,34990869444,34990869463,0,0,-19
17478,0,34992871421,34992871341,0,0,79
17479,0,34994875018,34994874975,0,0,42
17480,0,34996876596,34996876567,0,0,29
17481,0,34998878624,34998878586,0,0,38
17482,0,35000880623,35000880597,0,0,25
17483,0,35002883337,35002883310,0,0,26
17484,0,35004885999,35004885943,0,0,56
17485,0,35006887516,35006887483,0,0,33
17486,0,35008888705,35008888680,0,0,25
17487,0,35010891818,35010891771,0,0,47
17488,0,35012894611,35012894561,0,0,49
17489,0,35014896797,35014896752,0,0,44
17490,0,35016898917,35016898869,0,0,47
17491,0,35018900943,35018900970,0,0,-27
17492,0,35020903429,35020903394,0,0,35
17493,0,35022905653,35022905628,0,0,25
17494,0,35024907817,35024907787,0,0,30
17495,0,35026911677,35026911644,0,0,33
17496,0,35028912436,35028912403,0,0,33
17497,0,35030914119,35030914094,0,0,24
17498,0,35032915438,35032915429,0,0,8
17499,0,35034917644,35034917617,0,0,26
17500,0,35036920202,35036920166,0,0,36
17501,0,35038923485,35038923474,0,0,11
17502,0,35040924674,35040924641,0,0,33
17503,0,35042927867,35042927838,0,0,29
17504,0,35044930197,35044930116,0,0,80
17505,0,35046932056,35046932088,0,0,-31
17506,0,35048934438,35048934388,0,0,49
17507,0,35050936652,35050936603,0,0,49
17508,0,35052939155,35052939123,0,0,31
17509,0,35054941444,35054941401,0,0,42
17510,0,35056943813,35056943759,0,0,53
17511,0,35058946596,35058946559,0,0,37
17512,0,35060947884,35060947796,0,0,87
17513,0,35062950312,35062950287,0,0,25
17514,0,35064952035,35064951972,0,0,62
17515,0,35066953250,35066953206,0,0,43
17516,0,35068956102,35068956053,0,0,49
17517,0,35070957539,35070957521,0,0,18
17518,0,35072959896,35072959827,0,0,69
17519,0,35074961998,35074961961,0,0,37
17520,0,35076965053,35076965021,0,0,32
17521,0,35078967539,35078967510,0,0,29
17522,0,35080969060,35080969018,0,0,42
17523,0,35082972029,35082972071,0,0,-42
17524,0,35084973529,35084973521,0,0,8
17525,0,35086976321,35086976348,0,0,-26
17526,0,35088977528,35088977570,0,0,-42
17527,0,35090981299,35090981256,0,0,42
17528,0,35092983183,35092983165,0,0,17
17529,0,35094984865,35094984822,0,0,42
17530,0,35096989192,35096989173,0,0,18
17531,0,35098990125,35098990165,0,0,-39
17532,0,35100992438,35100992479,0,0,-40
17533,0,35102994425,35102994481,0,0,-56
17534,0,35104996748,35104996725,0,0,22
17535,0,35106999352,35106999346,0,0,5
17536,0,35109000831,35109000826,0,0,5
17537,0,35111002295,35111002346,0,0,-51
17538,0,35113005552,35113005502,0,0,50
17539,0,35115007750,35115007741,0,0,8
17540,0,35117009217,35117009173,0,0,43
17541,0,35119012350,35119012335,0,0,15
17542,0,35121014442,35121014429,0,0,12
17543,0,35123017543,35123017519,0,0,24
17544,0,35125017513,35125017474,0,0,38
17545,0,35127020186,35127020161,0,0,24
17546,0,35129023136,35129023112,0,0,23
17547,0,35131024433,35131024416,0,0,17
17548,0,35133026902,35133026876,0,0,25
17549,0,35135030176,35135030224,0,0,-48
17550,0,35137031987,35137032019,0,0,-31
17551,0,35139033954,35139033942,0,0,11
17552,0,35141036301,35141036343,0,0,-42
17553,0,35143037981,35143038026,0,0,-44
17554,0,35145040858,35145040889,0,0,-31
17555,0,35147042251,35147042300,0,0,-49
17556,0,35149044802,35149044844,0,0,-41
17557,0,35151047821,35151047852,0,0,-31
17558,0,35153050246,35153050180,0,0,65
17559,0,35155053004,35155053006,0,0,-2
17560,0,35157053220,35157053252,0,0,-31
17561,0,35159056347,35159056364,0,0,-16
17562,0,35161058928,35161058919,0,0,8
17563,0,35163061065,35163061073,0,0,-8
17564,0,35165063402,35165063424,0,0,-21
17565,0,35167065892,35167065874,0,0,17
17566,0,35169068022,35169067995,0,0,26
17567,0,35171069776,35171069737,0,0,39
17568,0,35173071541,35173071506,0,0,34
17569,0,35175075423,35175075386,0,0,37
17570,0,35177076844,35177076813,0,0,31
17571,0,35179078744,35179078722,0,0,22
17572,0,35181080183,35181080146,0,0,37
17573,0,35183083307,35183083301,0,0,6
17574,0,35185084710,35185084660,0,0,49
17575,0,35187087968,35187087936,0,0,31
17576,0,35189090736,35189090708,0,0,27
17577,0,35191091930,35191091903,0,0,26
17578,0,35193094612,35193094568,0,0,44
17579,0,35195096404,35195096423,0,0,-18
17580,0,35197099183,35197099210,0,0,-26
17581,0,35199100112,35199100127,0,0,-14
17582,0,35201103609,35201103626,0,0,-17
17583,0,35203106359,35203106300,0,0,58
17584,0,35205107604,35205107535,0,0,69
17585,0,35207108941,35207108878,0,0,62
17586,0,35209111190,35209111157,0,0,32
17587,0,35211113667,35211113609,0,0,57
17588,0,35213116579,35213116518,0,0,61
17589,0,35215117937,35215117912,0,0,24
17590,0,35217121219,35217121238,0,0,-19
17591,0,35219123741,35219123759,0,0,-17
17592,0,35221126755,35221126764,0,0,-8
17593,0,35223127435,35223127442,0,0,-6
17594,0,35225130109,35225130119,0,0,-9
17595,0,35227132564,35227132523,0,0,40
17596,0,35229135260,35229135288,0,0,-28
17597,0,35231138165,35231138179,0,0,-14
17598,0,35233139317,35233139320,0,0,-2
17599,0,35235141000,35235141036,0,0,-36
17600,0,35237142339,35237142370,0,0,-31
17601,0,35239145000,35239144955,0,0,44
17602,0,35241147856,35241147822,0,0,34
17603,0,35243149294,35243149257,0,0,37
17604,0,35245152382,35245152411,0,0,-29
17605,0,35247154836,35247154784,0,0,52
17606,0,35249157312,35249157254,0,0,57
17607,0,35251159385,35251159348,0,0,37
17608,0,35253162402,35253162357,0,0,45
17609,0,35255163844,35255163793,0,0,51
17610,0,35257166017,35257165970,0,0,47
17611,0,35259167981,35259167952,0,0,29
17612,0,35261170179,35261170130,0,0,49
17613,0,35263172948,35263172941,0,0,7
17614,0,35265175229,35265175182,0,0,47
17615,0,35267178002,35267177957,0,0,44
17616,0,35269179213,35269179175,0,0,37
17617,0,35271181505,35271181492,0,0,13
17618,0,35273183623,35273183657,0,0,-33
17619,0,35275186121,35275186146,0,0,-24
17620,0,35277188240,35277188247,0,0,-7
17621,0,35279190600,35279190574,0,0,26
17622,0,35281192719,35281192691,0,0,27
17623,0,35283194943,35283194979,0,0,-36
17624,0,35285198067,35285198101,0,0,-34
17625,0,35287199341,35287199370,0,0,-29
17626,0,35289201187,35289201164,0,0,23
17627,0,35291202905,35291202869,0,0,35
17628,0,35293206074,35293206040,0,0,33
17629,0,35295208161,35295208123,0,0,37
17630,0,35297212192,35297212152,0,0,40
17631,0,35299212258,35299212224,0,0,34
17632,0,35301213630,35301213593,0,0,37
17633,0,35303217323,35303217286,0,0,37
17634,0,35305219384,35305219352,0,0,32
17635,0,35307221089,35307221118,0,0,-29
17636,0,35309222334,35309222297,0,0,36
17637,0,35311224921,35311224889,0,0,32
17638,0,35313228047,35313228020,0,0,27
17639,0,35315230117,35315230090,0,0,26
17640,0,35317232550,35317232483,0,0,67
17641,0,35319234595,35319234582,0,0,13
17642,0,35321236830,35321236808,0,0,22
17643,0,35323239261,35323239223,0,0,38
17644,0,35325241280,35325241244,0,0,35
17645,0,35327242860,35327242887,0,0,-26
17646,0,35329246006,35329245997,0,0,8
17647,0,35331248735,35331248696,0,0,38
17648,0,35333250110,35333250130,0,0,-19
17649,0,35335251707,35335251722,0,0,-15
17650,0,35337254950,35337254905,0,0,44
17651,0,35339257040,35339256989,0,0,51
17652,0,35341259408,35341259385,0,0,23
17653,0,35343261386,35343261344,0,0,42
17654,0,35345263599,35345263532,0,0,67
17655,0,35347266561,35347266600,0,0,-38
17656,0,35349269382,35349269325,0,0,57
17657,0,35351270675,35351270621,0,0,53
17658,0,35353272924,35353272850,0,0,74
17659,0,35355275198,35355275161,0,0,37
17660,0,35357277026,35357276996,0,0,30
17661,0,35359280078,35359280044,0,0,33
17662,0,35361281874,35361281884,0,0,-9
17663,0,35363283620,35363283639,0,0,-18
17664,0,35365285586,35365285505,0,0,80
17665,0,35367287022,35367286956,0,0,65
17666,0,35369289848,35369289784,0,0,63
17667,0,35371292611,35371292559,0,0,52
17668,0,35373295042,35373294977,0,0,65
17669,0,35375296687,35375296649,0,0,37
17670,0,35377298773,35377298730,0,0,42
17671,0,35379301422,35379301393,0,0,29
17672,0,35381304993,35381304995,0,0,-1
17673,0,35383305789,35383305781,0,0,8
17674,0,35385308625,35385308607,0,0,17
17675,0,35387310652,35387310647,0,0,4
17676,0,35389312642,35389312627,0,0,15
17677,0,35391315599,35391315615,0,0,-16
17678,0,35393317472,35393317455,0,0,17
17679,0,35395319148,35395319127,0,0,20
17680,0,35397323058,35397323037,0,0,20
17681,0,35399323673,35399323639,0,0,33
17682,0,35401326369,35401326343,0,0,25
17683,0,35403328279,35403328270,0,0,8
17684,0,35405330366,35405330341,0,0,24
17685,0,35407332341,35407332300,0,0,41
17686,0,35409334228,35409334191,0,0,37
17687,0,35411337654,35411337647,0,0,7
17688,0,35413340182,35413340159,0,0,22
17689,0,35415340567,35415340554,0,0,13
17690,0,35417343808,35417343779,0,0,29
17691,0,35419346268,35419346248,0,0,20
17692,0,35421348173,35421348156,0,0,17
17693,0,35423350640,35423350598,0,0,42
17694,0,35425352779,35425352751,0,0,27
17695,0,35427354869,35427354820,0,0,49
17696,0,35429357500,35429357494,0,0,5
17697,0,35431359547,35431359504,0,0,42
17698,0,35433361532,35433361553,0,0,-20
17699,0,35435363696,35435363719,0,0,-22
17700,0,35437366457,35437366492,0,0,-34
17701,0,35439368288,35439368311,0,0,-22
17702,0,35441371530,35441371484,0,0,46
17703,0,35443373660,35443373617,0,0,42
17704,0,35445376198,35445376131,0,0,67
17705,0,35447377539,35447377484,0,0,55
17706,0,35449379418,35449379372,0,0,46
17707,0,35451381844,35451381812,0,0,32
17708,0,35453383506,35453383459,0,0,47
17709,0,35455384638,35455384595,0,0,43
17710,0,35457386774,35457386737,0,0,37
17711,0,35459390098,35459390055,0,0,43
17712,0,35461392105,35461392058,0,0,47
17713,0,35463393547,35463393503,0,0,43
17714,0,35465395831,35465395782,0,0,49
17715,0,35467398211,35467398164,0,0,47
17716,0,35469401372,35469401319,0,0,53
17717,0,35471403041,35471403001,0,0,40
17718,0,35473406164,35473406106,0,0,57
17719,0,35475408004,35475407973,0,0,31
17720,0,35477410652,35477410623,0,0,29
17721,0,35479411764,35479411713,0,0,50
17722,0,35481414954,35481414896,0,0,57
17723,0,35483416982,35483416949,0,0,32
17724,0,35485418740,35485418683,0,0,57
17725,0,35487421506,35487421480,0,0,26
17726,0,35489423820,35489423808,0,0,12
17727,0,35491425049,35491424998,0,0,50
17728,0,35493427875,35493427793,0,0,82
17729,0,35495429805,35495429788,0,0,16
17730,0,35497434497,35497434465,0,0,32
17731,0,35499435018,35499435053,0,0,-34
17732,0,35501437167,35501437195,0,0,-27
17733,0,35503439525,35503439481,0,0,43
17734,0,35505441739,35505441752,0,0,-13
17735,0,35507443600,35507443608,0,0,-8
17736,0,35509447314,35509447286,0,0,27
17737,0,35511448283,35511448246,0,0,37
17738,0,35513450596,35513450557,0,0,39
17739,0,35515452975,35515452947,0,0,27
17740,0,35517454934,35517454947,0,0,-13
17741,0,35519457397,35519457417,0,0,-19
17742,0,35521459820,35521459835,0,0,-15
17743,0,35523461829,35523461866,0,0,-36
17744,0,35525464094,35525464123,0,0,-29
17745,0,35527466013,35527465977,0,0,35
17746,0,35529468636,35529468599,0,0,37
17747,0,35531470393,35531470377,0,0,15
17748,0,35533471502,35533471424,0,0,77
17749,0,35535474449,35535474401,0,0,47
17750,0,35537477200,35537477223,0,0,-23
17751,0,35539479339,35539479303,0,0,35
17752,0,35541482528,35541482498,0,0,29
17753,0,35543482747,35543482703,0,0,43
17754,0,35545484899,35545484876,0,0,23
17755,0,35547487446,35547487419,0,0,26
17756,0,35549490469,35549490449,0,0,20
17757,0,35551492461,35551492446,0,0,15
17758,0,35553494062,35553494028,0,0,34
17759,0,35555496901,35555496874,0,0,26
17760,0,35557498514,35557498446,0,0,67
17761,0,35559501922,35559501895,0,0,26
17762,0,35561504240,35561504213,0,0,26
17763,0,35563505758,35563505741,0,0,17
17764,0,35565507240,35565507221,0,0,19
17765,0,35567509375,35567509354,0,0,21
17766,0,35569512485,35569512437,0,0,47
17767,0,35571515065,35571515060,0,0,4
17768,0,35573517192,35573517171,0,0,20
17769,0,35575519246,35575519287,0,0,-40
17770,0,35577520718,35577520659,0,0,58
17771,0,35579523575,35579523528,0,0,46
17772,0,35581525569,35581525525,0,0,44
17773,0,35583528285,35583528321,0,0,-36
17774,0,35585530218,35585530281,0,0,-62
17775,0,35587532621,35587532648,0,0,-26
17776,0,35589534844,35589534884,0,0,-40
17777,0,35591536235,35591536195,0,0,40
17778,0,35593539878,35593539822,0,0,55
17779,0,35595541928,35595541886,0,0,41
17780,0,35597545246,35597545198,0,0,47
17781,0,35599546058,35599546021,0,0,37
17782,0,35601547841,35601547811,0,0,30
17783,0,35603551220,35603551177,0,0,42
17784,0,35605553027,35605553057,0,0,-29
17785,0,35607556449,35607556395,0,0,53
17786,0,35609557523,35609557514,0,0,8
17787,0,35611559644,35611559664,0,0,-19
17788,0,35613562114,35613562137,0,0,-22
17789,0,35615563688,35615563735,0,0,-47
17790,0,35617565599,35617565635,0,0,-35
17791,0,35619568548,35619568543,0,0,5
17792,0,35621571017,35621570973,0,0,43
17793,0,35623572828,35623572800,0,0,27
17794,0,35625574050,35625574045,0,0,4
17795,0,35627577017,35627577006,0,0,10
17796,0,35629578316,35629578289,0,0,27
17797,0,35631580733,35631580697,0,0,35
17798,0,35633583829,35633583789,0,0,39
17799,0,35635584732,35635584689,0,0,42
17800,0,35637586939,35637586893,0,0,46
17801,0,35639590854,35639590810,0,0,44
17802,0,35641592714,35641592686,0,0,28
17803,0,35643594398,35643594420,0,0,-22
17804,0,35645597828,35645597788,0,0,40
17805,0,35647599467,35647599442,0,0,24
17806,0,35649600968,35649600931,0,0,37
17807,0,35651605171,35651605148,0,0,23
17808,0,35653607417,35653607376,0,0,40
17809,0,35655608817,35655608789,0,0,27
17810,0,35657611061,35657611032,0,0,29
17811,0,35659613223,35659613266,0,0,-42
17812,0,35661615456,35661615491,0,0,-35
17813,0,35663617679,35663617654,0,0,24
17814,0,35665619179,35665619216,0,0,-37
17815,0,35667621606,35667621647,0,0,-40
17816,0,35669624723,35669624756,0,0,-33
17817,0,35671626299,35671626256,0,0,43
17818,0,35673628815,35673628853,0,0,-38
17819,0,35675630519,35675630492,0,0,26
17820,0,35677633229,35677633204,0,0,24
17821,0,35679635265,35679635203,0,0,61
17822,0,35681637786,35681637734,0,0,51
17823,0,35683639606,35683639563,0,0,43
17824,0,35685641740,35685641675,0,0,65
17825,0,35687643441,35687643392,0,0,49
17826,0,35689646670,35689646629,0,0,40
17827,0,35691648927,35691648891,0,0,35
17828,0,35693650587,35693650573,0,0,13
17829,0,35695652330,35695652286,0,0,43
17830,0,35697656170,35697656134,0,0,36
17831,0,35699656363,35699656285,0,0,77
17832,0,35701659350,35701659334,0,0,15
17833,0,35703662788,35703662737,0,0,51
17834,0,35705664432,35705664459,0,0,-26
17835,0,35707665916,35707665928,0,0,-12
17836,0,35709667346,35709667306,0,0,39
17837,0,35711669565,35711669541,0,0,24
17838,0,35713671923,35713671855,0,0,68
17839,0,35715675221,35715675245,0,0,-24
17840,0,35717677667,35717677692,0,0,-24
17841,0,35719679456,35719679487,0,0,-31
17842,0,35721680984,35721681020,0,0,-36
17843,0,35723683798,35723683756,0,0,42
17844,0,35725685410,35725685355,0,0,55
17845,0,35727688864,35727688835,0,0,29
17846,0,35729691028,35729690999,0,0,29
17847,0,35731693413,35731693358,0,0,54
17848,0,35733695217,35733695175,0,0,42
17849,0,35735697935,35735697875,0,0,60
17850,0,35737700008,35737699936,0,0,71
17851,0,35739701736,35739701703,0,0,32
17852,0,35741704097,35741704028,0,0,69
17853,0,35743706502,35743706453,0,0,49
17854,0,35745707373,35745707328,0,0,45
17855,0,35747709471,35747709448,0,0,23
17856,0,35749711463,35749711406,0,0,56
17857,0,35751714287,35751714324,0,0,-37
17858,0,35753718287,35753718337,0,0,-49
17859,0,35755719635,35755719673,0,0,-38
17860,0,35757722383,35757722424,0,0,-41
17861,0,35759724185,35759724212,0,0,-26
17862,0,35761726709,35761726681,0,0,27
17863,0,35763728664,35763728630,0,0,33
17864,0,35765730366,35765730334,0,0,31
17865,0,35767732737,35767732690,0,0,47
17866,0,35769734254,35769734265,0,0,-10
17867,0,35771737516,35771737539,0,0,-22
17868,0,35773740076,35773740032,0,0,43
17869,0,35775742131,35775742094,0,0,37
17870,0,35777744257,35777744231,0,0,25
17871,0,35779747054,35779747016,0,0,38
17872,0,35781748503,35781748469,0,0,34
17873,0,35783750055,35783750017,0,0,37
17874,0,35785753112,35785753087,0,0,24
17875,0,35787755316,35787755271,0,0,44
17876,0,35789757631,35789757579,0,0,51
17877,0,35791759692,35791759653,0,0,38
17878,0,35793762286,35793762229,0,0,57
17879,0,35795764309,35795764260,0,0,49
17880,0,35797767629,35797767576,0,0,53
17881,0,35799769123,35799769072,0,0,50
17882,0,35801771394,35801771351,0,0,42
17883,0,35803772910,35803772874,0,0,36
17884,0,35805775839,35805775800,0,0,38
17885,0,35807777831,35807777862,0,0,-30
17886,0,35809780344,35809780310,0,0,33
17887,0,35811781995,35811781963,0,0,31
17888,0,35813783960,35813783931,0,0,29
17889,0,35815785181,35815785137,0,0,43
17890,0,35817787452,35817787485,0,0,-32
17891,0,35819790343,35819790323,0,0,20
17892,0,35821793528,35821793502,0,0,25
17893,0,35823795307,35823795274,0,0,33
17894,0,35825797323,35825797340,0,0,-16
17895,0,35827798555,35827798503,0,0,51
17896,0,35829801083,35829801004,0,0,78
17897,0,35831805490,35831805518,0,0,-27
17898,0,35833806378,35833806399,0,0,-20
17899,0,35835808593,35835808622,0,0,-29
17900,0,35837811419,35837811453,0,0,-33
17901,0,35839813385,35839813433,0,0,-48
17902,0,35841815914,35841815961,0,0,-47
17903,0,35843817959,35843818002,0,0,-42
17904,0,35845819375,35845819350,0,0,25
17905,0,35847820638,35847820617,0,0,20
17906,0,35849823741,35849823676,0,0,65
17907,0,35851826140,35851826114,0,0,25
17908,0,35853828021,35853827964,0,0,57
17909,0,35855831006,35855830962,0,0,44
17910,0,35857834103,35857834126,0,0,-22
17911,0,35859836672,35859836712,0,0,-39
17912,0,35861837201,35861837177,0,0,23
17913,0,35863840136,35863840114,0,0,21
17914,0,35865842449,35865842381,0,0,67
17915,0,35867844683,35867844661,0,0,21
17916,0,35869846660,35869846633,0,0,26
17917,0,35871848720,35871848704,0,0,15
17918,0,35873851409,35873851378,0,0,31
17919,0,35875853294,35875853340,0,0,-45
17920,0,35877855141,35877855104,0,0,37
17921,0,35879856647,35879856603,0,0,44
17922,0,35881859111,35881859081,0,0,29
17923,0,35883862229,35883862206,0,0,23
17924,0,35885864285,35885864232,0,0,52
17925,0,35887866345,35887866339,0,0,5
17926,0,35889867952,35889867930,0,0,22
17927,0,35891870748,35891870724,0,0,24
17928,0,35893872052,35893872002,0,0,50
17929,0,35895876031,35895876013,0,0,17
17930,0,35897878820,35897878805,0,0,15
17931,0,35899878732,35899878707,0,0,24
17932,0,35901882193,35901882176,0,0,17
17933,0,35903884058,35903884031,0,0,27
17934,0,35905885936,35905885979,0,0,-42
17935,0,35907889502,35907889519,0,0,-17
17936,0,35909890977,35909890938,0,0,38
17937,0,35911893262,35911893233,0,0,28
17938,0,35913895601,35913895612,0,0,-11
17939,0,35915897994,35915898029,0,0,-34
17940,0,35917900001,35917900012,0,0,-11
17941,0,35919902275,35919902265,0,0,10
17942,0,35921904466,35921904430,0,0,35
17943,0,35923906399,35923906387,0,0,11
17944,0,35925907687,35925907670,0,0,17
17945,0,35927911057,35927911026,0,0,30
17946,0,35929913352,35929913323,0,0,29
17947,0,35931915155,35931915120,0,0,35
17948,0,35933916843,35933916782,0,0,60
17949,0,35935919863,35935919881,0,0,-17
17950,0,35937922681,35937922704,0,0,-22
17951,0,35939924706,35939924714,0,0,-8
17952,0,35941926840,35941926831,0,0,8
17953,0,35943928912,35943928878,0,0,33
17954,0,35945931180,35945931141,0,0,39
17955,0,35947933709,35947933671,0,0,37
17956,0,35949935889,35949935865,0,0,24
17957,0,35951937781,35951937761,0,0,19
17958,0,35953940241,35953940226,0,0,14
17959,0,35955942062,35955942026,0,0,35
17960,0,35957944251,35957944224,0,0,26
17961,0,35959945668,35959945631,0,0,37
17962,0,35961949014,35961949008,0,0,5
17963,0,35963950874,35963950823,0,0,50
17964,0,35965952327,35965952303,0,0,24
17965,0,35967954429,35967954391,0,0,37
17966,0,35969958014,35969957946,0,0,68
17967,0,35971960677,35971960640,0,0,37
17968,0,35973962510,35973962559,0,0,-49
17969,0,35975964229,35975964242,0,0,-13
17970,0,35977965595,35977965600,0,0,-4
17971,0,35979968660,35979968680,0,0,-19
17972,0,35981969741,35981969748,0,0,-6
17973,0,35983971989,35983971997,0,0,-7
17974,0,35985974850,35985974865,0,0,-14
17975,0,35987978379,35987978402,0,0,-22
17976,0,35989980434,35989980454,0,0,-20
17977,0,35991982195,35991982217,0,0,-22
17978,0,35993984096,35993984109,0,0,-12
17979,0,35995985461,35995985456,0,0,5
17980,0,35997989291,35997989311,0,0,-20
17981,0,35999990950,35999990964,0,0,-14
17982,0,36001992443,36001992389,0,0,53
17983,0,36003995350,36003995301,0,0,49
17984,0,36005996855,36005996813,0,0,42
17985,0,36007999759,36007999704,0,0,55
17986,0,36010001386,36010001321,0,0,65
17987,0,36012004589,36012004545,0,0,44
17988,0,36014007114,36014007085,0,0,29
17989,0,36016008976,36016008933,0,0,42
17990,0,36018011453,36018011402,0,0,51
17991,0,36020013388,36020013335,0,0,52
17992,0,36022015197,36022015130,0,0,67
17993,0,36024016640,36024016606,0,0,34
17994,0,36026020328,36026020301,0,0,26
17995,0,36028022202,36028022166,0,0,35
17996,0,36030024701,36030024647,0,0,54
17997,0,36032026715,36032026734,0,0,-19
17998,0,36034029337,36034029328,0,0,8
17999,0,36036031474,36036031492,0,0,-17
18000,0,36038033712,36038033706,0,0,5
18001,0,36040035797,36040035758,0,0,38
18002,0,36042038113,36042038150,0,0,-36
18003,0,36044039854,36044039871,0,0,-17
18004,0,36046041615,36046041658,0,0,-42
18005,0,36048044550,36048044534,0,0,15
18006,0,36050047098,36050047041,0,0,57
18007,0,36052049027,36052048983,0,0,44
18008,0,36054050959,36054050972,0,0,-13
18009,0,36056052679,36056052640,0,0,38
18010,0,36058056680,36058056705,0,0,-25
18011,0,36060057629,36060057666,0,0,-36
18012,0,36062058898,36062058930,0,0,-31
18013,0,36064061813,36064061830,0,0,-16
18014,0,36066065328,36066065319,0,0,8
18015,0,36068066747,36068066777,0,0,-29
18016,0,36070068979,36070068941,0,0,38
18017,0,36072071193,36072071170,0,0,22
18018,0,36074073801,36074073796,0,0,4
18019,0,36076075492,36076075460,0,0,31
18020,0,36078076806,36078076779,0,0,26
18021,0,36080080022,36080080013,0,0,8
18022,0,36082082270,36082082193,0,0,77
18023,0,36084084290,36084084316,0,0,-26
18024,0,36086085661,36086085613,0,0,48
18025,0,36088087715,36088087694,0,0,20
18026,0,36090091060,36090091022,0,0,37
18027,0,36092093351,36092093327,0,0,24
18028,0,36094095709,36094095694,0,0,15
18029,0,36096097979,36096098010,0,0,-31
18030,0,36098100875,36098100888,0,0,-13
18031,0,36100103197,36100103239,0,0,-41
18032,0,36102105384,36102105351,0,0,32
18033,0,36104106197,36104106188,0,0,9
18034,0,36106108867,36106108796,0,0,70
18035,0,36108110116,36108110107,0,0,8
18036,0,36110113558,36110113519,0,0,38
18037,0,36112115986,36112115964,0,0,22
18038,0,36114117722,36114117705,0,0,17
18039,0,36116119293,36116119258,0,0,34
18040,0,36118122251,36118122223,0,0,27
18041,0,36120123200,36120123171,0,0,29
18042,0,36122126921,36122126886,0,0,35
18043,0,36124129186,36124129161,0,0,24
18044,0,36126131350,36126131337,0,0,13
18045,0,36128133654,36128133641,0,0,13
18046,0,36130135608,36130135559,0,0,49
18047,0,36132137800,36132137784,0,0,15
18048,0,36134141036,36134141022,0,0,13
18049,0,36136141150,36136141133,0,0,17
18050,0,36138144304,36138144304,0,0,0
18051,0,36140146960,36140147001,0,0,-40
18052,0,36142148982,36142149013,0,0,-31
18053,0,36144151131,36144151089,0,0,41
18054,0,36146153149,36146153121,0,0,27
18055,0,36148155726,36148155692,0,0,33
18056,0,36150157768,36150157815,0,0,-47
18057,0,36152159046,36152159100,0,0,-53
18058,0,36154162726,36154162743,0,0,-16
18059,0,36156165113,36156165161,0,0,-48
18060,0,36158167474,36158167503,0,0,-28
18061,0,36160169553,36160169510,0,0,43
18062,0,36162171575,36162171559,0,0,15
18063,0,36164174397,36164174364,0,0,33
18064,0,36166176707,36166176680,0,0,27
18065,0,36168177771,36168177754,0,0,17
18066,0,36170180709,36170180714,0,0,-4
18067,0,36172182270,36172182251,0,0,19
18068,0,36174183546,36174183508,0,0,37
18069,0,36176185746,36176185781,0,0,-34
18070,0,36178187942,36178187890,0,0,51
18071,0,36180190597,36180190560,0,0,37
18072,0,36182194076,36182194059,0,0,17
18073,0,36184196013,36184195977,0,0,35
18074,0,36186197665,36186197620,0,0,45
18075,0,36188198918,36188198944,0,0,-26
18076,0,36190201328,36190201297,0,0,30
18077,0,36192203806,36192203770,0,0,35
18078,0,36194206768,36194206722,0,0,46
18079,0,36196207970,36196207923,0,0,47
18080,0,36198211851,36198211822,0,0,29
18081,0,36200214218,36200214187,0,0,31
18082,0,36202216449,36202216411,0,0,38
18083,0,36204218119,36204218078,0,0,41
18084,0,36206220411,36206220432,0,0,-21
18085,0,36208222359,36208222389,0,0,-30
18086,0,36210225067,36210225058,0,0,8
18087,0,36212226968,36212226922,0,0,45
18088,0,36214228622,36214228604,0,0,17
18089,0,36216230135,36216230157,0,0,-21
18090,0,36218233550,36218233534,0,0,15
18091,0,36220235587,36220235558,0,0,29
18092,0,36222237189,36222237128,0,0,60
18093,0,36224240457,36224240472,0,0,-15
18094,0,36226241940,36226241841,0,0,98
18095,0,36228245685,36228245698,0,0,-13
18096,0,36230247912,36230247862,0,0,50
18097,0,36232248339,36232248281,0,0,57
18098,0,36234251276,36234251222,0,0,53
18099,0,36236252388,36236252330,0,0,57
18100,0,36238254492,36238254452,0,0,39
18101,0,36240256906,36240256879,0,0,26
18102,0,36242259683,36242259647,0,0,35
18103,0,36244262519,36244262494,0,0,24
18104,0,36246264143,36246264103,0,0,39
18105,0,36248266002,36248265982,0,0,20
18106,0,36250269384,36250269422,0,0,-37
18107,0,36252271267,36252271238,0,0,29
18108,0,36254273041,36254273074,0,0,-33
18109,0,36256275703,36256275655,0,0,48
18110,0,36258277379,36258277321,0,0,58
18111,0,36260280265,36260280287,0,0,-22
18112,0,36262282274,36262282319,0,0,-44
18113,0,36264283786,36264283797,0,0,-11
18114,0,36266287200,36266287165,0,0,34
18115,0,36268289987,36268289947,0,0,40
18116,0,36270291795,36270291840,0,0,-44
18117,0,36272294158,36272294104,0,0,53
18118,0,36274296571,36274296491,0,0,80
18119,0,36276298297,36276298242,0,0,55
18120,0,36278300510,36278300447,0,0,62
18121,0,36280302812,36280302760,0,0,51
18122,0,36282305895,36282305817,0,0,78
18123,0,36284307744,36284307756,0,0,-11
18124,0,36286309809,36286309849,0,0,-39
18125,0,36288311209,36288311244,0,0,-34
18126,0,36290312711,36290312735,0,0,-24
18127,0,36292316669,36292316684,0,0,-14
18128,0,36294318395,36294318361,0,0,33
18129,0,36296320877,36296320930,0,0,-52
18130,0,36298324797,36298324807,0,0,-10
18131,0,36300325650,36300325686,0,0,-35
18132,0,36302326195,36302326145,0,0,49
18133,0,36304329282,36304329247,0,0,35
18134,0,36306331600,36306331543,0,0,57
18135,0,36308334932,36308334877,0,0,54
18136,0,36310337798,36310337746,0,0,52
18137,0,36312338273,36312338235,0,0,37
18138,0,36314340724,36314340674,0,0,49
18139,0,36316343501,36316343519,0,0,-17
18140,0,36318344548,36318344521,0,0,26
18141,0,36320346211,36320346203,0,0,8
18142,0,36322349598,36322349527,0,0,71
18143,0,36324351689,36324351661,0,0,27
18144,0,36326354193,36326354158,0,0,35
18145,0,36328356127,36328356101,0,0,25
18146,0,36330358251,36330358213,0,0,37
18147,0,36332360555,36332360530,0,0,25
18148,0,36334362278,36334362301,0,0,-22
18149,0,36336363937,36336363979,0,0,-42
18150,0,36338367248,36338367202,0,0,46
18151,0,36340369442,36340369416,0,0,25
18152,0,36342371390,36342371336,0,0,53
18153,0,36344372665,36344372633,0,0,31
18154,0,36346375053,36346375010,0,0,42
18155,0,36348378145,36348378183,0,0,-38
18156,0,36350380370,36350380407,0,0,-36
18157,0,36352382582,36352382611,0,0,-29
18158,0,36354384362,36354384396,0,0,-33
18159,0,36356386985,36356386997,0,0,-12
18160,0,36358389584,36358389548,0,0,36
18161,0,36360391995,36360392028,0,0,-32
18162,0,36362394059,36362394100,0,0,-40
18163,0,36364396327,36364396304,0,0,22
18164,0,36366398296,36366398273,0,0,23
18165,0,36368400474,36368400465,0,0,8
18166,0,36370402713,36370402658,0,0,55
18167,0,36372404532,36372404487,0,0,44
18168,0,36374405944,36374405962,0,0,-17
18169,0,36376408485,36376408441,0,0,43
18170,0,36378412148,36378412133,0,0,14
18171,0,36380414920,36380414894,0,0,25
18172,0,36382416687,36382416679,0,0,8
18173,0,36384418347,36384418370,0,0,-22
18174,0,36386420647,36386420660,0,0,-13
18175,0,36388422759,36388422782,0,0,-22
18176,0,36390425175,36390425114,0,0,60
18177,0,36392426981,36392426967,0,0,13
18178,0,36394428399,36394428419,0,0,-20
18179,0,36396431974,36396431946,0,0,28
18180,0,36398434887,36398434864,0,0,23
18181,0,36400434806,36400434783,0,0,22
18182,0,36402437420,36402437444,0,0,-24
18183,0,36404440263,36404440229,0,0,34
18184,0,36406441649,36406441617,0,0,32
18185,0,36408445234,36408445217,0,0,17
18186,0,36410448094,36410448075,0,0,18
18187,0,36412450444,36412450424,0,0,20
18188,0,36414452267,36414452244,0,0,22
18189,0,36416454079,36416454039,0,0,40
18190,0,36418456305,36418456292,0,0,13
18191,0,36420459496,36420459524,0,0,-27
18192,0,36422462110,36422462085,0,0,25
18193,0,36424462953,36424462904,0,0,49
18194,0,36426465154,36426465111,0,0,42
18195,0,36428467195,36428467182,0,0,13
18196,0,36430469608,36430469595,0,0,13
18197,0,36432471867,36432471841,0,0,25
18198,0,36434473853,36434473840,0,0,13
18199,0,36436475676,36436475656,0,0,20
18200,0,36438477267,36438477236,0,0,30
18201,0,36440480813,36440480798,0,0,15
18202,0,36442482689,36442482716,0,0,-26
18203,0,36444484664,36444484696,0,0,-32
18204,0,36446486553,36446486513,0,0,40
18205,0,36448489608,36448489565,0,0,43
18206,0,36450491732,36450491707,0,0,25
18207,0,36452493940,36452493894,0,0,45
18208,0,36454496383,36454496310,0,0,73
18209,0,36456498510,36456498502,0,0,8
18210,0,36458500639,36458500665,0,0,-26
18211,0,36460502693,36460502699,0,0,-6
18212,0,36462505021,36462505052,0,0,-31
18213,0,36464507494,36464507534,0,0,-39
18214,0,36466509541,36466509552,0,0,-11
18215,0,36468511550,36468511561,0,0,-11
18216,0,36470512568,36470512584,0,0,-16
18217,0,36472515143,36472515083,0,0,60
18218,0,36474518132,36474518074,0,0,58
18219,0,36476520842,36476520772,0,0,70
18220,0,36478522752,36478522717,0,0,35
18221,0,36480523771,36480523786,0,0,-14
18222,0,36482527097,36482527103,0,0,-6
18223,0,36484530086,36484530101,0,0,-14
18224,0,36486531887,36486531910,0,0,-22
18225,0,36488534269,36488534308,0,0,-39
18226,0,36490536138,36490536123,0,0,15
18227,0,36492538426,36492538385,0,0,41
18228,0,36494541242,36494541205,0,0,37
18229,0,36496542803,36496542773,0,0,29
18230,0,36498546334,36498546298,0,0,35
18231,0,36500547051,36500547021,0,0,29
18232,0,36502548110,36502548081,0,0,29
18233,0,36504550927,36504550900,0,0,26
18234,0,36506554435,36506554469,0,0,-33
18235,0,36508557089,36508557062,0,0,27
18236,0,36510558588,36510558552,0,0,35
18237,0,36512560514,36512560491,0,0,23
18238,0,36514562327,36514562318,0,0,8
18239,0,36516565157,36516565118,0,0,39
18240,0,36518567526,36518567499,0,0,26
18241,0,36520569319,36520569265,0,0,53
18242,0,36522570590,36522570550,0,0,40
18243,0,36524572830,36524572785,0,0,44
18244,0,36526575451,36526575398,0,0,53
18245,0,36528578305,36528578285,0,0,20
18246,0,36530579707,36530579734,0,0,-26
18247,0,36532582726,36532582743,0,0,-16
18248,0,36534584132,36534584099,0,0,32
18249,0,36536587689,36536587631,0,0,58
18250,0,36538589412,36538589358,0,0,53
18251,0,36540591831,36540591791,0,0,40
18252,0,36542594271,36542594231,0,0,39
18253,0,36544596156,36544596114,0,0,41
18254,0,36546598607,36546598588,0,0,18
18255,0,36548601266,36548601282,0,0,-15
18256,0,36550603240,36550603253,0,0,-13
18257,0,36552605229,36552605251,0,0,-21
18258,0,36554606603,36554606564,0,0,39
18259,0,36556609159,36556609109,0,0,50
18260,0,36558610891,36558610841,0,0,49
18261,0,36560614188,36560614136,0,0,52
18262,0,36562616671,36562616593,0,0,78
18263,0,36564618362,36564618310,0,0,51
18264,0,36566620465,36566620411,0,0,53
18265,0,36568621695,36568621705,0,0,-10
18266,0,36570623933,36570623958,0,0,-24
18267,0,36572626043,36572626068,0,0,-24
18268,0,36574629736,36574629791,0,0,-55
18269,0,36576632031,36576632080,0,0,-49
18270,0,36578634352,36578634370,0,0,-17
18271,0,36580636015,36580635977,0,0,38
18272,0,36582637862,36582637803,0,0,59
18273,0,36584640355,36584640334,0,0,20
18274,0,36586642247,36586642204,0,0,42
18275,0,36588645195,36588645171,0,0,24
18276,0,36590647606,36590647589,0,0,17
18277,0,36592649585,36592649563,0,0,22
18278,0,36594652330,36594652314,0,0,15
18279,0,36596654000,36596653966,0,0,33
18280,0,36598656641,36598656649,0,0,-7
18281,0,36600658209,36600658253,0,0,-43
18282,0,36602659549,36602659507,0,0,42
18283,0,36604661939,36604661914,0,0,24
18284,0,36606666257,36606666249,0,0,7
18285,0,36608667575,36608667546,0,0,29
18286,0,36610669941,36610669887,0,0,53
18287,0,36612672819,36612672790,0,0,29
18288,0,36614675242,36614675229,0,0,13
18289,0,36616676308,36616676275,0,0,33
18290,0,36618678566,36618678535,0,0,30
18291,0,36620680967,36620680985,0,0,-17
18292,0,36622683265,36622683289,0,0,-24
18293,0,36624685231,36624685259,0,0,-27
18294,0,36626687726,36626687737,0,0,-11
18295,0,36628690307,36628690271,0,0,36
18296,0,36630692215,36630692197,0,0,17
18297,0,36632694175,36632694143,0,0,31
18298,0,36634696316,36634696289,0,0,26
18299,0,36636698466,36636698431,0,0,35
18300,0,36638702083,36638702056,0,0,26
18301,0,36640703005,36640702984,0,0,20
18302,0,36642704968,36642704919,0,0,49
18303,0,36644706103,36644706063,0,0,39
18304,0,36646708532,36646708506,0,0,25
18305,0,36648710928,36648710893,0,0,35
18306,0,36650714325,36650714298,0,0,26
18307,0,36652716061,36652716024,0,0,37
18308,0,36654717681,36654717642,0,0,38
18309,0,36656720374,36656720404,0,0,-29
18310,0,36658722009,36658722024,0,0,-15
18311,0,36660724946,36660724910,0,0,35
18312,0,36662726374,36662726320,0,0,53
18313,0,36664728734,36664728685,0,0,49
18314,0,36666732622,36666732585,0,0,37
18315,0,36668734087,36668734056,0,0,31
18316,0,36670737408,36670737451,0,0,-42
18317,0,36672739052,36672739127,0,0,-74
18318,0,36674741365,36674741313,0,0,51
18319,0,36676742810,36676742789,0,0,20
18320,0,36678744270,36678744251,0,0,19
18321,0,36680747596,36680747552,0,0,43
18322,0,36682749903,36682749891,0,0,11
18323,0,36684751861,36684751847,0,0,14
18324,0,36686754110,36686754073,0,0,37
18325,0,36688755692,36688755677,0,0,15
18326,0,36690759082,36690759053,0,0,29
18327,0,36692760923,36692760907,0,0,15
18328,0,36694763469,36694763507,0,0,-37
18329,0,36696765596,36696765561,0,0,35
18330,0,36698769302,36698769262,0,0,39
18331,0,36700769635,36700769612,0,0,22
18332,0,36702773068,36702773026,0,0,42
18333,0,36704774780,36704774714,0,0,65
18334,0,36706776434,36706776377,0,0,57
18335,0,36708778287,36708778226,0,0,60
18336,0,36710779926,36710779869,0,0,57
18337,0,36712782821,36712782761,0,0,60
18338,0,36714784820,36714784766,0,0,53
18339,0,36716787537,36716787468,0,0,69
18340,0,36718789455,36718789428,0,0,26
18341,0,36720790947,36720790903,0,0,44
18342,0,36722793186,36722793124,0,0,62
18343,0,36724796292,36724796234,0,0,57
18344,0,36726797432,36726797366,0,0,65
18345,0,36728799604,36728799552,0,0,51
18346,0,36730802120,36730802074,0,0,45
18347,0,36732804202,36732804161,0,0,40
18348,0,36734808754,36734808745,0,0,8
18349,0,36736809858,36736809853,0,0,4
18350,0,36738812359,36738812319,0,0,40
18351,0,36740815087,36740815059,0,0,28
18352,0,36742816701,36742816680,0,0,20
18353,0,36744818718,36744818684,0,0,33
18354,0,36746821388,36746821344,0,0,44
18355,0,36748822929,36748822895,0,0,33
18356,0,36750824257,36750824268,0,0,-11
18357,0,36752826507,36752826532,0,0,-24
18358,0,36754830384,36754830337,0,0,47
18359,0,36756832451,36756832404,0,0,47
18360,0,36758834150,36758834119,0,0,31
18361,0,36760835627,36760835680,0,0,-53
18362,0,36762838934,36762838929,0,0,4
18363,0,36764840719,36764840752,0,0,-33
18364,0,36766843462,36766843447,0,0,15
18365,0,36768845357,36768845314,0,0,42
18366,0,36770848067,36770848004,0,0,63
18367,0,36772849552,36772849495,0,0,57
18368,0,36774851342,36774851298,0,0,44
18369,0,36776854341,36776854312,0,0,29
18370,0,36778857157,36778857191,0,0,-34
18371,0,36780858699,36780858717,0,0,-17
18372,0,36782861335,36782861352,0,0,-17
18373,0,36784863358,36784863373,0,0,-14
18374,0,36786865289,36786865220,0,0,69
18375,0,36788866860,36788866807,0,0,52
18376,0,36790869765,36790869690,0,0,74
18377,0,36792870914,36792870921,0,0,-7
18378,0,36794873955,36794873894,0,0,61
18379,0,36796876253,36796876202,0,0,51
18380,0,36798880267,36798880230,0,0,37
18381,0,36800881033,36800880966,0,0,67
18382,0,36802883253,36802883212,0,0,41
18383,0,36804885580,36804885544,0,0,35
18384,0,36806888015,36806887963,0,0,51
18385,0,36808889796,36808889729,0,0,67
18386,0,36810891219,36810891178,0,0,40
18387,0,36812893984,36812893939,0,0,44
18388,0,36814895826,36814895836,0,0,-9
18389,0,36816898810,36816898761,0,0,48
18390,0,36818901539,36818901455,0,0,84
18391,0,36820902956,36820902889,0,0,66
18392,0,36822904335,36822904271,0,0,63
18393,0,36824906716,36824906737,0,0,-20
18394,0,36826909847,36826909870,0,0,-22
18395,0,36828912292,36828912279,0,0,13
18396,0,36830915853,36830915871,0,0,-17
18397,0,36832916734,36832916707,0,0,26
18398,0,36834917941,36834917911,0,0,30
18399,0,36836921263,36836921224,0,0,38
18400,0,36838923059,36838923067,0,0,-8
18401,0,36840924734,36840924748,0,0,-13
18402,0,36842928041,36842928065,0,0,-24
18403,0,36844929746,36844929696,0,0,49
18404,0,36846930924,36846930945,0,0,-20
18405,0,36848933307,36848933322,0,0,-15
18406,0,36850937108,36850937024,0,0,83
18407,0,36852938620,36852938571,0,0,49
18408,0,36854939762,36854939789,0,0,-26
18409,0,36856942215,36856942180,0,0,34
18410,0,36858944910,36858944952,0,0,-42
18411,0,36860947619,36860947574,0,0,44
18412,0,36862949954,36862949963,0,0,-8
18413,0,36864952020,36864952010,0,0,10
18414,0,36866953666,36866953604,0,0,61
18415,0,36868957501,36868957466,0,0,35
18416,0,36870959499,36870959449,0,0,49
18417,0,36872960048,36872960014,0,0,33
18418,0,36874963629,36874963563,0,0,65
18419,0,36876965406,36876965368,0,0,37
18420,0,36878967862,36878967838,0,0,24
18421,0,36880970121,36880970089,0,0,31
18422,0,36882972667,36882972600,0,0,67
18423,0,36884974469,36884974429,0,0,39
18424,0,36886976213,36886976184,0,0,28
18425,0,36888977874,36888977838,0,0,35
18426,0,36890981089,36890981042,0,0,47
18427,0,36892983702,36892983667,0,0,34
18428,0,36894986362,36894986329,0,0,33
18429,0,36896986361,36896986337,0,0,23
18430,0,36898990811,36898990757,0,0,53
18431,0,36900992321,36900992305,0,0,15
18432,0,36902994447,36902994433,0,0,13
18433,0,36904996706,36904996685,0,0,20
18434,0,36906998015,36906998047,0,0,-31
18435,0,36909001377,36909001421,0,0,-44
18436,0,36911003382,36911003366,0,0,15
18437,0,36913005427,36913005388,0,0,39
18438,0,36915007232,36915007183,0,0,49
18439,0,36917009881,36917009868,0,0,13
18440,0,36919012283,36919012249,0,0,33
18441,0,36921014424,36921014408,0,0,15
18442,0,36923016953,36923016907,0,0,46
18443,0,36925019310,36925019295,0,0,14
18444,0,36927022331,36927022356,0,0,-24
18445,0,36929023517,36929023528,0,0,-11
18446,0,36931025547,36931025508,0,0,38
18447,0,36933028691,36933028641,0,0,49
18448,0,36935030014,36935029972,0,0,42
18449,0,36937032049,36937031998,0,0,51
18450,0,36939033669,36939033628,0,0,41
18451,0,36941036644,36941036621,0,0,23
18452,0,36943038991,36943038972,0,0,19
18453,0,36945040946,36945040917,0,0,29
18454,0,36947042898,36947042939,0,0,-40
18455,0,36949046595,36949046638,0,0,-42
18456,0,36951048771,36951048752,0,0,19
18457,0,36953049298,36953049344,0,0,-46
18458,0,36955052208,36955052193,0,0,15
18459,0,36957054514,36957054509,0,0,5
18460,0,36959058218,36959058191,0,0,27
18461,0,36961059773,36961059741,0,0,31
18462,0,36963060400,36963060323,0,0,76
18463,0,36965063413,36965063378,0,0,34
18464,0,36967065373,36967065281,0,0,91
18465,0,36969066891,36969066864,0,0,26
18466,0,36971068934,36971068874,0,0,60
18467,0,36973071182,36973071151,0,0,31
18468,0,36975073573,36975073518,0,0,55
18469,0,36977076873,36977076918,0,0,-44
18470,0,36979078343,36979078279,0,0,63
18471,0,36981081092,36981081050,0,0,42
18472,0,36983082229,36983082169,0,0,60
18473,0,36985084967,36985084943,0,0,23
18474,0,36987088000,36987087941,0,0,58
18475,0,36989090535,36989090498,0,0,37
18476,0,36991092005,36991091986,0,0,19
18477,0,36993094795,36993094770,0,0,25
18478,0,36995096961,36995096924,0,0,37
18479,0,36997098908,36997098853,0,0,55
18480,0,36999102806,36999102766,0,0,40
18481,0,37001103806,37001103743,0,0,63
18482,0,37003106233,37003106160,0,0,73
18483,0,37005107777,37005107739,0,0,37
18484,0,37007110325,37007110269,0,0,55
18485,0,37009112346,37009112305,0,0,40
18486,0,37011115512,37011115466,0,0,46
18487,0,37013116355,37013116301,0,0,53
18488,0,37015117678,37015117660,0,0,18
18489,0,37017120523,37017120473,0,0,49
18490,0,37019123937,37019123874,0,0,62
18491,0,37021125886,37021125842,0,0,43
18492,0,37023127741,37023127728,0,0,13
18493,0,37025130316,37025130299,0,0,17
18494,0,37027132665,37027132597,0,0,67
18495,0,37029134487,37029134435,0,0,52
18496,0,37031137011,37031136943,0,0,67
18497,0,37033138746,37033138708,0,0,38
18498,0,37035140211,37035140168,0,0,43
18499,0,37037142580,37037142591,0,0,-10
18500,0,37039145874,37039145840,0,0,34
18501,0,37041148333,37041148285,0,0,47
18502,0,37043150130,37043150093,0,0,37
18503,0,37045152235,37045152240,0,0,-4
18504,0,37047153328,37047153229,0,0,98
18505,0,37049155559,37049155519,0,0,40
18506,0,37051158477,37051158423,0,0,53
18507,0,37053161111,37053161084,0,0,26
18508,0,37055162313,37055162278,0,0,35
18509,0,37057165804,37057165776,0,0,27
18510,0,37059167939,37059167892,0,0,46
18511,0,37061171292,37061171243,0,0,49
18512,0,37063173316,37063173277,0,0,38
18513,0,37065173294,37065173361,0,0,-67
18514,0,37067176212,37067176167,0,0,44
18515,0,37069178587,37069178564,0,0,23
18516,0,37071180390,37071180369,0,0,20
18517,0,37073183405,37073183368,0,0,37
18518,0,37075185057,37075184993,0,0,63
18519,0,37077188094,37077188045,0,0,49
18520,0,37079190367,37079190339,0,0,27
18521,0,37081192417,37081192460,0,0,-42
18522,0,37083195190,37083195152,0,0,37
18523,0,37085197212,37085197186,0,0,25
18524,0,37087198822,37087198786,0,0,35
18525,0,37089201273,37089201233,0,0,39
18526,0,37091202384,37091202337,0,0,47
18527,0,37093205087,37093205042,0,0,44
18528,0,37095208152,37095208078,0,0,74
18529,0,37097210639,37097210600,0,0,38
18530,0,37099213737,37099213705,0,0,31
18531,0,37101214679,37101214633,0,0,46
18532,0,37103217671,37103217602,0,0,69
18533,0,37105219222,37105219186,0,0,36
18534,0,37107222220,37107222193,0,0,26
18535,0,37109223362,37109223309,0,0,53
18536,0,37111224674,37111224633,0,0,40
18537,0,37113226864,37113226887,0,0,-22
18538,0,37115229560,37115229550,0,0,10
18539,0,37117232324,37117232295,0,0,29
18540,0,37119234400,37119234368,0,0,31
18541,0,37121238091,37121238078,0,0,12
18542,0,37123239591,37123239523,0,0,67
18543,0,37125241628,37125241600,0,0,27
18544,0,37127243788,37127243746,0,0,42
18545,0,37129245372,37129245420,0,0,-47
18546,0,37131246946,37131246927,0,0,18
18547,0,37133249053,37133249029,0,0,24
18548,0,37135252117,37135252092,0,0,25
18549,0,37137254680,37137254641,0,0,39
18550,0,37139255853,37139255815,0,0,37
18551,0,37141258023,37141257983,0,0,40
18552,0,37143260239,37143260204,0,0,35
18553,0,37145262656,37145262631,0,0,24
18554,0,37147266248,37147266264,0,0,-15
18555,0,37149267808,37149267846,0,0,-37
18556,0,37151269355,37151269404,0,0,-48
18557,0,37153273361,37153273405,0,0,-44
18558,0,37155273636,37155273621,0,0,15
18559,0,37157275831,37157275785,0,0,45
18560,0,37159278189,37159278164,0,0,24
18561,0,37161280727,37161280713,0,0,13
18562,0,37163283851,37163283833,0,0,17
18563,0,37165285880,37165285856,0,0,23
18564,0,37167288701,37167288678,0,0,22
18565,0,37169290813,37169290804,0,0,8
18566,0,37171292290,37171292242,0,0,47
18567,0,37173293874,37173293847,0,0,26
18568,0,37175296850,37175296824,0,0,25
18569,0,37177298440,37177298415,0,0,25
18570,0,37179301674,37179301624,0,0,49
18571,0,37181303541,37181303528,0,0,13
18572,0,37183306116,37183306089,0,0,26
18573,0,37185308946,37185308916,0,0,30
18574,0,37187309381,37187309332,0,0,48
18575,0,37189313194,37189313207,0,0,-13
18576,0,37191314724,37191314709,0,0,15
18577,0,37193316779,37193316769,0,0,10
18578,0,37195318412,37195318453,0,0,-40
18579,0,37197321312,37197321361,0,0,-49
18580,0,37199325380,37199325361,0,0,18
18581,0,37201326479,37201326515,0,0,-35
18582,0,37203329051,37203329086,0,0,-34
18583,0,37205331787,37205331735,0,0,51
18584,0,37207332299,37207332240,0,0,59
18585,0,37209334360,37209334322,0,0,38
18586,0,37211337217,37211337138,0,0,79
18587,0,37213339664,37213339674,0,0,-9
18588,0,37215341411,37215341373,0,0,37
18589,0,37217343699,37217343667,0,0,31
18590,0,37219346213,37219346173,0,0,40
18591,0,37221348644,37221348594,0,0,50
18592,0,37223350813,37223350755,0,0,58
18593,0,37225352616,37225352584,0,0,31
18594,0,37227354832,37227354802,0,0,30
18595,0,37229357096,37229357140,0,0,-43
18596,0,37231359301,37231359332,0,0,-31
18597,0,37233361549,37233361575,0,0,-25
18598,0,37235363672,37235363658,0,0,13
18599,0,37237365783,37237365739,0,0,43
18600,0,37239366915,37239366835,0,0,79
18601,0,37241369242,37241369207,0,0,35
18602,0,37243372044,37243371966,0,0,77
18603,0,37245375101,37245375074,0,0,26
18604,0,37247377195,37247377148,0,0,47
18605,0,37249380242,37249380188,0,0,53
18606,0,37251380858,37251380871,0,0,-13
18607,0,37253384849,37253384862,0,0,-12
18608,0,37255386650,37255386676,0,0,-26
18609,0,37257386971,37257386941,0,0,30
18610,0,37259389637,37259389566,0,0,70
18611,0,37261392898,37261392860,0,0,38
18612,0,37263394908,37263394921,0,0,-13
18613,0,37265397149,37265397174,0,0,-24
18614,0,37267400130,37267400144,0,0,-14
18615,0,37269402571,37269402577,0,0,-6
18616,0,37271404053,37271404085,0,0,-32
18617,0,37273405767,37273405802,0,0,-34
18618,0,37275407770,37275407701,0,0,69
18619,0,37277410181,37277410136,0,0,44
18620,0,37279412701,37279412651,0,0,49
18621,0,37281415942,37281415925,0,0,16
18622,0,37283416966,37283416929,0,0,37
18623,0,37285418420,37285418389,0,0,30
18624,0,37287422200,37287422123,0,0,76
18625,0,37289423917,37289423898,0,0,18
18626,0,37291426742,37291426692,0,0,49
18627,0,37293428571,37293428542,0,0,29
18628,0,37295430775,37295430743,0,0,31
18629,0,37297432740,37297432715,0,0,24
18630,0,37299436474,37299436439,0,0,34
18631,0,37301437701,37301437655,0,0,45
18632,0,37303440132,37303440074,0,0,57
18633,0,37305442289,37305442237,0,0,52
18634,0,37307444042,37307443991,0,0,50
18635,0,37309445943,37309445900,0,0,43
18636,0,37311447566,37311447522,0,0,43
18637,0,37313451140,37313451122,0,0,17
18638,0,37315454069,37315454022,0,0,47
18639,0,37317454912,37317454947,0,0,-34
18640,0,37319457730,37319457752,0,0,-21
18641,0,37321459461,37321459431,0,0,30
18642,0,37323461952,37323461923,0,0,29
18643,0,37325463687,37325463653,0,0,33
18644,0,37327465114,37327465059,0,0,54
18645,0,37329468408,37329468367,0,0,40
18646,0,37331470608,37331470575,0,0,33
18647,0,37333472950,37333472907,0,0,42
18648,0,37335475549,37335475581,0,0,-31
18649,0,37337477462,37337477501,0,0,-38
18650,0,37339479597,37339479629,0,0,-31
18651,0,37341482355,37341482334,0,0,20
18652,0,37343483924,37343483884,0,0,40
18653,0,37345486075,37345486048,0,0,26
18654,0,37347488720,37347488682,0,0,38
18655,0,37349490788,37349490750,0,0,38
18656,0,37351492743,37351492733,0,0,9
18657,0,37353495227,37353495202,0,0,25
18658,0,37355498353,37355498316,0,0,37
18659,0,37357499519,37357499477,0,0,42
18660,0,37359501858,37359501844,0,0,13
18661,0,37361503982,37361504007,0,0,-24
18662,0,37363506548,37363506503,0,0,44
18663,0,37365508454,37365508410,0,0,44
18664,0,37367510715,37367510752,0,0,-36
18665,0,37369512786,37369512813,0,0,-27
18666,0,37371515075,37371515020,0,0,55
18667,0,37373517658,37373517641,0,0,16
18668,0,37375519485,37375519466,0,0,18
18669,0,37377522307,37377522267,0,0,40
18670,0,37379525659,37379525618,0,0,40
18671,0,37381526900,37381526864,0,0,35
18672,0,37383528422,37383528377,0,0,44
18673,0,37385530797,37385530806,0,0,-8
18674,0,37387533387,37387533377,0,0,10
18675,0,37389535137,37389535094,0,0,42
18676,0,37391537759,37391537699,0,0,59
18677,0,37393539309,37393539269,0,0,40
18678,0,37395540550,37395540484,0,0,65
18679,0,37397542901,37397542826,0,0,74
18680,0,37399547366,37399547319,0,0,47
18681,0,37401548197,37401548152,0,0,45
18682,0,37403550078,37403550017,0,0,61
18683,0,37405552796,37405552789,0,0,6
18684,0,37407555313,37407555276,0,0,37
18685,0,37409556355,37409556318,0,0,37
18686,0,37411560339,37411560293,0,0,46
18687,0,37413560743,37413560760,0,0,-16
18688,0,37415564264,37415564260,0,0,4
18689,0,37417566121,37417566128,0,0,-6
18690,0,37419569028,37419569062,0,0,-34
18691,0,37421570722,37421570759,0,0,-36
18692,0,37423573184,37423573220,0,0,-35
18693,0,37425575150,37425575116,0,0,33
18694,0,37427577609,37427577595,0,0,13
18695,0,37429580216,37429580259,0,0,-42
18696,0,37431582000,37431581963,0,0,37
18697,0,37433583743,37433583792,0,0,-49
18698,0,37435585218,37435585218,0,0,0
18699,0,37437588314,37437588290,0,0,23
18700,0,37439589469,37439589515,0,0,-45
18701,0,37441592175,37441592218,0,0,-43
18702,0,37443596343,37443596392,0,0,-49
18703,0,37445597443,37445597402,0,0,40
18704,0,37447599908,37447599893,0,0,15
18705,0,37449601888,37449601860,0,0,27
18706,0,37451604316,37451604279,0,0,37
18707,0,37453606097,37453606078,0,0,18
18708,0,37455608598,37455608559,0,0,39
18709,0,37457610733,37457610721,0,0,12
18710,0,37459612882,37459612932,0,0,-49
18711,0,37461615315,37461615278,0,0,37
18712,0,37463617307,37463617263,0,0,43
18713,0,37465619629,37465619616,0,0,12
18714,0,37467621946,37467621894,0,0,51
18715,0,37469624057,37469624033,0,0,24
18716,0,37471626378,37471626330,0,0,47
18717,0,37473627525,37473627543,0,0,-17
18718,0,37475630535,37475630471,0,0,64
18719,0,37477631957,37477631903,0,0,53
18720,0,37479635554,37479635512,0,0,42
18721,0,37481637248,37481637187,0,0,60
18722,0,37483638790,37483638737,0,0,53
18723,0,37485642026,37485641974,0,0,51
18724,0,37487644620,37487644593,0,0,26
18725,0,37489646386,37489646350,0,0,35
18726,0,37491648600,37491648583,0,0,17
18727,0,37493650955,37493650971,0,0,-16
18728,0,37495652689,37495652729,0,0,-39
18729,0,37497654037,37497654071,0,0,-34
18730,0,37499657686,37499657704,0,0,-17
18731,0,37501659510,37501659532,0,0,-21
18732,0,37503662253,37503662286,0,0,-33
18733,0,37505663969,37505663952,0,0,17
18734,0,37507666432,37507666393,0,0,38
18735,0,37509669158,37509669132,0,0,25
18736,0,37511670977,37511670939,0,0,37
18737,0,37513673098,37513673071,0,0,26
18738,0,37515675501,37515675478,0,0,23
18739,0,37517677561,37517677582,0,0,-20
18740,0,37519680130,37519680153,0,0,-22
18741,0,37521681915,37521681933,0,0,-17
18742,0,37523684208,37523684184,0,0,23
18743,0,37525686129,37525686147,0,0,-17
18744,0,37527687599,37527687572,0,0,26
18745,0,37529690375,37529690338,0,0,37
18746,0,37531692075,37531692017,0,0,57
18747,0,37533695125,37533695099,0,0,25
18748,0,37535697583,37535697598,0,0,-15
18749,0,37537699737,37537699703,0,0,33
18750,0,37539702353,37539702282,0,0,71
18751,0,37541704676,37541704610,0,0,65
18752,0,37543706075,37543706092,0,0,-16
18753,0,37545708403,37545708436,0,0,-33
18754,0,37547710818,37547710855,0,0,-36
18755,0,37549712795,37549712836,0,0,-40
18756,0,37551714201,37551714242,0,0,-41
18757,0,37553716808,37553716858,0,0,-49
18758,0,37555720220,37555720200,0,0,20
18759,0,37557722280,37557722255,0,0,25
18760,0,37559724105,37559724118,0,0,-12
18761,0,37561726632,37561726611,0,0,20
18762,0,37563728822,37563728762,0,0,59
18763,0,37565730669,37565730640,0,0,28
18764,0,37567731946,37567731916,0,0,30
18765,0,37569734258,37569734224,0,0,33
18766,0,37571737964,37571737937,0,0,27
18767,0,37573740476,37573740430,0,0,45
18768,0,37575742044,37575742039,0,0,4
18769,0,37577743904,37577743865,0,0,38
18770,0,37579745402,37579745365,0,0,37
18771,0,37581748341,37581748368,0,0,-27
18772,0,37583749707,37583749716,0,0,-8
18773,0,37585751971,37585751931,0,0,40
18774,0,37587754758,37587754721,0,0,37
18775,0,37589758286,37589758252,0,0,33
18776,0,37591760040,37591760016,0,0,24
18777,0,37593762056,37593762077,0,0,-21
18778,0,37595764079,37595764018,0,0,60
18779,0,37597765517,37597765497,0,0,20
18780,0,37599770928,37599770889,0,0,38
18781,0,37601770959,37601770943,0,0,15
18782,0,37603772759,37603772730,0,0,29
18783,0,37605774871,37605774813,0,0,57
18784,0,37607778184,37607778148,0,0,35
18785,0,37609780379,37609780343,0,0,35
18786,0,37611782132,37611782088,0,0,43
18787,0,37613784155,37613784117,0,0,38
18788,0,37615787094,37615787069,0,0,25
18789,0,37617789024,37617789004,0,0,19
18790,0,37619790950,37619790921,0,0,29
18791,0,37621793505,37621793475,0,0,30
18792,0,37623795543,37623795494,0,0,49
18793,0,37625798368,37625798330,0,0,38
18794,0,37627799707,37627799679,0,0,27
18795,0,37629802145,37629802111,0,0,33
18796,0,37631804631,37631804617,0,0,13
18797,0,37633806560,37633806526,0,0,33
18798,0,37635809202,37635809128,0,0,74
18799,0,37637810777,37637810748,0,0,29
18800,0,37639812313,37639812249,0,0,64
18801,0,37641815509,37641815460,0,0,49
18802,0,37643816786,37643816750,0,0,35
18803,0,37645819946,37645819975,0,0,-29
18804,0,37647821909,37647821874,0,0,35
18805,0,37649823176,37649823126,0,0,49
18806,0,37651825786,37651825736,0,0,50
18807,0,37653829164,37653829126,0,0,37
18808,0,37655830806,37655830751,0,0,54
18809,0,37657832110,37657832136,0,0,-25
18810,0,37659835532,37659835518,0,0,13
18811,0,37661837539,37661837564,0,0,-24
18812,0,37663839721,37663839777,0,0,-56
18813,0,37665840955,37665840921,0,0,33
18814,0,37667843406,37667843441,0,0,-34
18815,0,37669847806,37669847789,0,0,16
18816,0,37671849892,37671849858,0,0,33
18817,0,37673852245,37673852226,0,0,19
18818,0,37675853564,37675853549,0,0,14
18819,0,37677855438,37677855430,0,0,8
18820,0,37679857767,37679857746,0,0,20
18821,0,37681860550,37681860512,0,0,37
18822,0,37683862256,37683862202,0,0,53
18823,0,37685864097,37685864041,0,0,56
18824,0,37687865420,37687865339,0,0,81
18825,0,37689867556,37689867513,0,0,42
18826,0,37691870137,37691870084,0,0,53
18827,0,37693873330,37693873286,0,0,44
18828,0,37695875507,37695875540,0,0,-32
18829,0,37697877914,37697877941,0,0,-26
18830,0,37699881089,37699881124,0,0,-34
18831,0,37701884128,37701884103,0,0,25
18832,0,37703885108,37703885081,0,0,26
18833,0,37705885519,37705885497,0,0,21
18834,0,37707889117,37707889063,0,0,53
18835,0,37709890831,37709890869,0,0,-37
18836,0,37711892757,37711892789,0,0,-32
18837,0,37713896161,37713896204,0,0,-42
18838,0,37715897967,37715898010,0,0,-42
18839,0,37717899722,37717899689,0,0,33
18840,0,37719900680,37719900665,0,0,14
18841,0,37721903460,37721903442,0,0,17
18842,0,37723906839,37723906815,0,0,23
18843,0,37725908545,37725908521,0,0,24
18844,0,37727909993,37727909939,0,0,53
18845,0,37729912998,37729912988,0,0,10
18846,0,37731914923,37731914856,0,0,67
18847,0,37733918614,37733918559,0,0,55
18848,0,37735918559,37735918580,0,0,-21
18849,0,37737920925,37737920950,0,0,-24
18850,0,37739923364,37739923316,0,0,47
18851,0,37741926307,37741926321,0,0,-14
18852,0,37743927803,37743927821,0,0,-17
18853,0,37745930044,37745930082,0,0,-37
18854,0,37747933226,37747933203,0,0,23
18855,0,37749935361,37749935319,0,0,42
18856,0,37751937516,37751937458,0,0,58
18857,0,37753938892,37753938864,0,0,27
18858,0,37755942625,37755942568,0,0,57
18859,0,37757944278,37757944304,0,0,-26
18860,0,37759946730,37759946743,0,0,-13
18861,0,37761948689,37761948704,0,0,-14
18862,0,37763949910,37763949867,0,0,43
18863,0,37765953678,37765953639,0,0,39
18864,0,37767955615,37767955588,0,0,26
18865,0,37769957869,37769957856,0,0,13
18866,0,37771959901,37771959887,0,0,13
18867,0,37773961362,37773961335,0,0,26
18868,0,37775964115,37775964151,0,0,-35
18869,0,37777965592,37777965629,0,0,-37
18870,0,37779968908,37779968854,0,0,53
18871,0,37781970900,37781970874,0,0,25
18872,0,37783972280,37783972221,0,0,58
18873,0,37785974474,37785974446,0,0,27
18874,0,37787977705,37787977721,0,0,-15
18875,0,37789980982,37789980945,0,0,37
18876,0,37791983678,37791983649,0,0,29
18877,0,37793984305,37793984298,0,0,7
18878,0,37795985676,37795985647,0,0,29
18879,0,37797990521,37797990486,0,0,35
18880,0,37799992483,37799992424,0,0,59
18881,0,37801993125,37801993093,0,0,32
18882,0,37803994870,37803994845,0,0,24
18883,0,37805997980,37805997936,0,0,44
18884,0,37808000693,37808000664,0,0,29
18885,0,37810002289,37810002251,0,0,38
18886,0,37812005421,37812005338,0,0,83
18887,0,37814006339,37814006301,0,0,37
18888,0,37816007903,37816007863,0,0,39
18889,0,37818011423,37818011392,0,0,31
18890,0,37820013593,37820013564,0,0,29
18891,0,37822015565,37822015514,0,0,50
18892,0,37824018421,37824018392,0,0,29
18893,0,37826020212,37826020172,0,0,40
18894,0,37828023170,37828023126,0,0,44
18895,0,37830026539,37830026500,0,0,38
18896,0,37832027758,37832027784,0,0,-26
18897,0,37834028768,37834028791,0,0,-22
18898,0,37836030111,37836030125,0,0,-14
18899,0,37838033491,37838033457,0,0,33
18900,0,37840036487,37840036474,0,0,13
18901,0,37842038461,37842038447,0,0,14
18902,0,37844040033,37844039952,0,0,80
18903,0,37846042235,37846042187,0,0,48
18904,0,37848044280,37848044223,0,0,57
18905,0,37850046317,37850046279,0,0,38
18906,0,37852049629,37852049565,0,0,63
18907,0,37854051211,37854051184,0,0,27
18908,0,37856052333,37856052370,0,0,-37
18909,0,37858055621,37858055595,0,0,25
18910,0,37860058459,37860058424,0,0,35
18911,0,37862060994,37862060972,0,0,22
18912,0,37864062556,37864062512,0,0,43
18913,0,37866065025,37866065002,0,0,22
18914,0,37868066806,37868066768,0,0,37
18915,0,37870068755,37870068732,0,0,23
18916,0,37872070383,37872070420,0,0,-37
18917,0,37874073687,37874073722,0,0,-34
18918,0,37876076026,37876076038,0,0,-12
18919,0,37878078042,37878078008,0,0,33
18920,0,37880079977,37880079930,0,0,47
18921,0,37882081359,37882081369,0,0,-10
18922,0,37884084865,37884084895,0,0,-29
18923,0,37886086938,37886086918,0,0,20
18924,0,37888088825,37888088810,0,0,15
18925,0,37890090409,37890090388,0,0,20
18926,0,37892093608,37892093586,0,0,22
18927,0,37894097495,37894097534,0,0,-39
18928,0,37896097682,37896097732,0,0,-49
18929,0,37898099220,37898099206,0,0,13
18930,0,37900102930,37900102878,0,0,51
18931,0,37902104634,37902104675,0,0,-40
18932,0,37904106633,37904106667,0,0,-33
18933,0,37906108231,37906108214,0,0,17
18934,0,37908111096,37908111057,0,0,39
18935,0,37910113139,37910113130,0,0,8
18936,0,37912115649,37912115612,0,0,36
18937,0,37914116937,37914116920,0,0,17
18938,0,37916120233,37916120255,0,0,-21
18939,0,37918122247,37918122294,0,0,-46
18940,0,37920124415,37920124442,0,0,-27
18941,0,37922126063,37922126031,0,0,31
18942,0,37924129422,37924129366,0,0,56
18943,0,37926131908,37926131887,0,0,20
18944,0,37928134514,37928134537,0,0,-22
18945,0,37930135638,37930135681,0,0,-42
18946,0,37932137977,37932137946,0,0,31
18947,0,37934140101,37934140142,0,0,-40
18948,0,37936142626,37936142641,0,0,-14
18949,0,37938145341,37938145366,0,0,-24
18950,0,37940147334,37940147287,0,0,47
18951,0,37942148759,37942148732,0,0,26
18952,0,37944150370,37944150337,0,0,32
18953,0,37946153447,37946153498,0,0,-50
18954,0,37948155972,37948155986,0,0,-14
18955,0,37950157843,37950157815,0,0,27
18956,0,37952160406,37952160366,0,0,40
18957,0,37954162415,37954162384,0,0,31
18958,0,37956164777,37956164745,0,0,31
18959,0,37958167566,37958167543,0,0,23
18960,0,37960170349,37960170385,0,0,-35
18961,0,37962171717,37962171732,0,0,-14
18962,0,37964173563,37964173511,0,0,51
18963,0,37966176179,37966176147,0,0,32
18964,0,37968178350,37968178303,0,0,47
18965,0,37970180319,37970180309,0,0,10
18966,0,37972182592,37972182599,0,0,-6
18967,0,37974183871,37974183914,0,0,-42
18968,0,37976187067,37976187092,0,0,-24
18969,0,37978189114,37978189139,0,0,-24
18970,0,37980191571,37980191584,0,0,-12
18971,0,37982193431,37982193451,0,0,-20
18972,0,37984194872,37984194885,0,0,-12
18973,0,37986197891,37986197858,0,0,32
18974,0,37988199422,37988199364,0,0,58
18975,0,37990203033,37990202998,0,0,35
18976,0,37992206279,37992206200,0,0,78
18977,0,37994207035,37994206983,0,0,51
18978,0,37996209268,37996209220,0,0,47
18979,0,37998211483,37998211455,0,0,27
18980,0,38000215146,38000215128,0,0,18
18981,0,38002215439,38002215415,0,0,24
18982,0,38004217020,38004216984,0,0,35
18983,0,38006219958,38006219923,0,0,34
18984,0,38008221877,38008221842,0,0,35
18985,0,38010225092,38010225047,0,0,44
18986,0,38012227451,38012227375,0,0,76
18987,0,38014229417,38014229377,0,0,40
18988,0,38016231998,38016231975,0,0,23
18989,0,38018234010,38018233975,0,0,35
18990,0,38020236176,38020236139,0,0,37
18991,0,38022238788,38022238761,0,0,26
18992,0,38024241553,38024241527,0,0,26
18993,0,38026242427,38026242462,0,0,-34
18994,0,38028244179,38028244159,0,0,20
18995,0,38030246785,38030246730,0,0,55
18996,0,38032248555,38032248504,0,0,50
18997,0,38034251491,38034251442,0,0,48
18998,0,38036253921,38036253844,0,0,76
18999,0,38038256102,38038256113,0,0,-11
19000,0,38040258206,38040258212,0,0,-6
19001,0,38042260613,38042260555,0,0,58
19002,0,38044262921,38044262856,0,0,65
19003,0,38046265103,38046265056,0,0,47
19004,0,38048266755,38048266722,0,0,33
19005,0,38050268314,38050268332,0,0,-17
19006,0,38052271623,38052271535,0,0,87
19007,0,38054274272,38054274224,0,0,47
19008,0,38056277235,38056277152,0,0,83
19009,0,38058278336,38058278268,0,0,67
19010,0,38060281042,38060281002,0,0,39
19011,0,38062282816,38062282773,0,0,42
19012,0,38064284721,38064284684,0,0,37
19013,0,38066286960,38066286906,0,0,53
19014,0,38068288694,38068288599,0,0,95
19015,0,38070291418,38070291386,0,0,31
19016,0,38072293638,38072293591,0,0,47
19017,0,38074296200,38074296159,0,0,40
19018,0,38076298159,38076298116,0,0,43
19019,0,38078300163,38078300125,0,0,37
19020,0,38080301979,38080301970,0,0,8
19021,0,38082304573,38082304557,0,0,15
19022,0,38084306304,38084306256,0,0,47
19023,0,38086309632,38086309610,0,0,22
19024,0,38088312831,38088312794,0,0,37
19025,0,38090314009,38090313963,0,0,46
19026,0,38092316552,38092316492,0,0,60
19027,0,38094318038,38094317996,0,0,41
19028,0,38096319292,38096319331,0,0,-39
19029,0,38098322617,38098322624,0,0,-6
19030,0,38100326068,38100326031,0,0,37
19031,0,38102327323,38102327286,0,0,36
19032,0,38104329321,38104329347,0,0,-25
19033,0,38106331506,38106331481,0,0,24
19034,0,38108333815,38108333797,0,0,17
19035,0,38110336384,38110336369,0,0,15
19036,0,38112338167,38112338130,0,0,37
19037,0,38114340292,38114340252,0,0,39
19038,0,38116341989,38116341930,0,0,59
19039,0,38118345415,38118345396,0,0,19
19040,0,38120348514,38120348467,0,0,47
19041,0,38122349559,38122349591,0,0,-31
19042,0,38124351526,38124351501,0,0,25
19043,0,38126353635,38126353601,0,0,33
19044,0,38128355804,38128355831,0,0,-26
19045,0,38130357742,38130357711,0,0,31
19046,0,38132360287,38132360256,0,0,31
19047,0,38134361821,38134361804,0,0,17
19048,0,38136364926,38136364865,0,0,61
19049,0,38138366970,38138366958,0,0,12
19050,0,38140368191,38140368153,0,0,37
19051,0,38142370832,38142370804,0,0,27
19052,0,38144373766,38144373746,0,0,20
19053,0,38146375870,38146375835,0,0,35
19054,0,38148377078,38148377017,0,0,60
19055,0,38150380044,38150380029,0,0,15
19056,0,38152384185,38152384158,0,0,26
19057,0,38154385002,38154385043,0,0,-41
19058,0,38156387604,38156387568,0,0,35
19059,0,38158389330,38158389312,0,0,17
19060,0,38160392106,38160392081,0,0,24
19061,0,38162393597,38162393571,0,0,26
19062,0,38164394924,38164394894,0,0,29
19063,0,38166397559,38166397602,0,0,-42
19064,0,38168399932,38168399968,0,0,-36
19065,0,38170402153,38170402122,0,0,31
19066,0,38172404623,38172404579,0,0,44
19067,0,38174406501,38174406474,0,0,26
19068,0,38176409553,38176409517,0,0,35
19069,0,38178411498,38178411476,0,0,21
19070,0,38180412759,38180412721,0,0,37
19071,0,38182416168,38182416182,0,0,-14
19072,0,38184419208,38184419241,0,0,-33
19073,0,38186420319,38186420354,0,0,-34
19074,0,38188421373,38188421411,0,0,-38
19075,0,38190423687,38190423719,0,0,-31
19076,0,38192426032,38192426019,0,0,13
19077,0,38194429561,38194429597,0,0,-36
19078,0,38196432108,38196432129,0,0,-20
19079,0,38198433458,38198433435,0,0,22
19080,0,38200436647,38200436611,0,0,35
19081,0,38202438582,38202438539,0,0,42
19082,0,38204440637,38204440588,0,0,48
19083,0,38206442704,38206442739,0,0,-34
19084,0,38208444942,38208444919,0,0,22
19085,0,38210446980,38210446955,0,0,25
19086,0,38212448852,38212448833,0,0,19
19087,0,38214452411,38214452388,0,0,22
19088,0,38216454741,38216454781,0,0,-39
19089,0,38218455059,38218455046,0,0,13
19090,0,38220458406,38220458382,0,0,23
19091,0,38222460635,38222460618,0,0,17
19092,0,38224462826,38224462788,0,0,37
19093,0,38226463696,38226463648,0,0,47
19094,0,38228466137,38228466147,0,0,-10
19095,0,38230470143,38230470177,0,0,-34
19096,0,38232471411,38232471377,0,0,33
19097,0,38234473132,38234473089,0,0,43
19098,0,38236476211,38236476168,0,0,43
19099,0,38238478395,38238478361,0,0,34
19100,0,38240479735,38240479679,0,0,56
19101,0,38242482644,38242482614,0,0,30
19102,0,38244484024,38244484004,0,0,20
19103,0,38246486146,38246486117,0,0,29
19104,0,38248490337,38248490310,0,0,26
19105,0,38250490725,38250490686,0,0,39
19106,0,38252493817,38252493833,0,0,-15
19107,0,38254495017,38254495003,0,0,13
19108,0,38256498155,38256498112,0,0,42
19109,0,38258499287,38258499249,0,0,37
19110,0,38260502047,38260502033,0,0,13
19111,0,38262504875,38262504850,0,0,24
19112,0,38264507061,38264507022,0,0,39
19113,0,38266508806,38266508761,0,0,45
19114,0,38268511615,38268511604,0,0,10
19115,0,38270513098,38270513114,0,0,-16
19116,0,38272516256,38272516268,0,0,-12
19117,0,38274518200,38274518135,0,0,65
19118,0,38276519836,38276519767,0,0,69
19119,0,38278523393,38278523342,0,0,51
19120,0,38280527171,38280527127,0,0,44
19121,0,38282528388,38282528348,0,0,40
19122,0,38284529864,38284529797,0,0,66
19123,0,38286531757,38286531777,0,0,-20
19124,0,38288534308,38288534337,0,0,-28
19125,0,38290536006,38290535982,0,0,24
19126,0,38292537374,38292537340,0,0,33
19127,0,38294540995,38294541009,0,0,-14
19128,0,38296542649,38296542674,0,0,-25
19129,0,38298543887,38298543840,0,0,47
19130,0,38300547730,38300547716,0,0,13
19131,0,38302549694,38302549700,0,0,-6
19132,0,38304551539,38304551503,0,0,36
19133,0,38306553273,38306553235,0,0,37
19134,0,38308556360,38308556288,0,0,71
19135,0,38310558987,38310558939,0,0,48
19136,0,38312560407,38312560413,0,0,-6
19137,0,38314562986,38314563010,0,0,-24
19138,0,38316565137,38316565146,0,0,-9
19139,0,38318567173,38318567132,0,0,40
19140,0,38320568471,38320568409,0,0,61
19141,0,38322570566,38322570521,0,0,45
19142,0,38324572824,38324572777,0,0,47
19143,0,38326575498,38326575449,0,0,49
19144,0,38328579171,38328579134,0,0,37
19145,0,38330581077,38330581040,0,0,37
19146,0,38332583193,38332583103,0,0,89
19147,0,38334585425,38334585444,0,0,-18
19148,0,38336587391,38336587339,0,0,51
19149,0,38338589595,38338589542,0,0,52
19150,0,38340592276,38340592195,0,0,80
19151,0,38342595321,38342595296,0,0,25
19152,0,38344597945,38344597928,0,0,17
19153,0,38346600002,38346599968,0,0,34
19154,0,38348600905,38348600847,0,0,57
19155,0,38350603129,38350603092,0,0,37
19156,0,38352605022,38352605000,0,0,21
19157,0,38354606681,38354606631,0,0,50
19158,0,38356609761,38356609701,0,0,60
19159,0,38358612026,38358611977,0,0,48
19160,0,38360613748,38360613705,0,0,43
19161,0,38362616016,38362615968,0,0,47
19162,0,38364619174,38364619120,0,0,53
19163,0,38366620623,38366620600,0,0,23
19164,0,38368622869,38368622909,0,0,-39
19165,0,38370625262,38370625247,0,0,15
19166,0,38372627448,38372627489,0,0,-41
19167,0,38374629671,38374629712,0,0,-40
19168,0,38376631734,38376631752,0,0,-17
19169,0,38378634042,38378634068,0,0,-25
19170,0,38380636433,38380636404,0,0,29
19171,0,38382638316,38382638305,0,0,11
19172,0,38384639760,38384639779,0,0,-19
19173,0,38386642882,38386642909,0,0,-26
19174,0,38388645431,38388645458,0,0,-26
19175,0,38390647225,38390647265,0,0,-39
19176,0,38392648613,38392648557,0,0,56
19177,0,38394651350,38394651334,0,0,15
19178,0,38396654789,38396654822,0,0,-33
19179,0,38398656592,38398656626,0,0,-34
19180,0,38400659503,38400659465,0,0,38
19181,0,38402659748,38402659721,0,0,26
19182,0,38404662963,38404662975,0,0,-11
19183,0,38406665601,38406665628,0,0,-26
19184,0,38408667850,38408667872,0,0,-22
19185,0,38410670625,38410670641,0,0,-15
19186,0,38412672458,38412672484,0,0,-25
19187,0,38414674211,38414674178,0,0,32
19188,0,38416676339,38416676291,0,0,48
19189,0,38418678552,38418678566,0,0,-14
19190,0,38420681570,38420681561,0,0,8
19191,0,38422682875,38422682817,0,0,57
19192,0,38424684090,38424684067,0,0,23
19193,0,38426686388,38426686363,0,0,25
19194,0,38428688707,38428688667,0,0,39
19195,0,38430691824,38430691815,0,0,8
19196,0,38432693890,38432693867,0,0,23
19197,0,38434695223,38434695208,0,0,15
19198,0,38436697982,38436697946,0,0,35
19199,0,38438700553,38438700582,0,0,-28
19200,0,38440701964,38440701955,0,0,9
19201,0,38442705557,38442705543,0,0,13
19202,0,38444707450,38444707431,0,0,19
19203,0,38446709562,38446709528,0,0,33
19204,0,38448711916,38448711883,0,0,32
19205,0,38450714253,38450714208,0,0,44
19206,0,38452716160,38452716115,0,0,44
19207,0,38454717685,38454717669,0,0,15
19208,0,38456720440,38456720408,0,0,31
19209,0,38458722303,38458722278,0,0,24
19210,0,38460725522,38460725462,0,0,60
19211,0,38462727192,38462727166,0,0,25
19212,0,38464729082,38464729062,0,0,19
19213,0,38466732226,38466732190,0,0,35
19214,0,38468734287,38468734238,0,0,49
19215,0,38470737959,38470737943,0,0,15
19216,0,38472739753,38472739806,0,0,-52
19217,0,38474742182,38474742173,0,0,8
19218,0,38476743031,38476743012,0,0,18
19219,0,38478745577,38478745552,0,0,24
19220,0,38480748231,38480748253,0,0,-22
19221,0,38482749934,38482749971,0,0,-36
19222,0,38484752235,38484752206,0,0,29
19223,0,38486754168,38486754153,0,0,15
19224,0,38488756702,38488756689,0,0,13
19225,0,38490758824,38490758811,0,0,13
19226,0,38492761159,38492761143,0,0,15
19227,0,38494762935,38494762900,0,0,35
19228,0,38496764770,38496764791,0,0,-20
19229,0,38498767751,38498767714,0,0,37
19230,0,38500771468,38500771453,0,0,14
19231,0,38502771917,38502771881,0,0,35
19232,0,38504774219,38504774226,0,0,-6
19233,0,38506778294,38506778328,0,0,-33
19234,0,38508778984,38508779031,0,0,-47
19235,0,38510780741,38510780754,0,0,-13
19236,0,38512783000,38512782950,0,0,49
19237,0,38514785570,38514785521,0,0,49
19238,0,38516788182,38516788195,0,0,-13
19239,0,38518789546,38518789469,0,0,76
19240,0,38520791144,38520791084,0,0,60
19241,0,38522794851,38522794777,0,0,73
19242,0,38524797171,38524797132,0,0,38
19243,0,38526798721,38526798705,0,0,16
19244,0,38528800936,38528800897,0,0,38
19245,0,38530802943,38530802907,0,0,35
19246,0,38532804518,38532804469,0,0,49
19247,0,38534808319,38534808279,0,0,40
19248,0,38536809985,38536809968,0,0,17
19249,0,38538813015,38538813026,0,0,-11
19250,0,38540814761,38540814714,0,0,47
19251,0,38542816426,38542816397,0,0,29
19252,0,38544818804,38544818786,0,0,17
19253,0,38546821230,38546821221,0,0,8
19254,0,38548823638,38548823600,0,0,37
19255,0,38550826282,38550826249,0,0,32
19256,0,38552828487,38552828450,0,0,37
19257,0,38554829197,38554829159,0,0,38
19258,0,38556832184,38556832123,0,0,60
19259,0,38558834251,38558834223,0,0,27
19260,0,38560836146,38560836098,0,0,47
19261,0,38562837842,38562837773,0,0,69
19262,0,38564840823,38564840777,0,0,45
19263,0,38566842343,38566842304,0,0,39
19264,0,38568843784,38568843752,0,0,31
19265,0,38570847642,38570847621,0,0,21
19266,0,38572849975,38572849915,0,0,59
19267,0,38574851860,38574851836,0,0,24
19268,0,38576853076,38576853029,0,0,47
19269,0,38578855576,38578855589,0,0,-13
19270,0,38580857607,38580857599,0,0,8
19271,0,38582859501,38582859519,0,0,-17
19272,0,38584861849,38584861874,0,0,-24
19273,0,38586864134,38586864165,0,0,-31
19274,0,38588866301,38588866312,0,0,-11
19275,0,38590869002,38590869012,0,0,-10
19276,0,38592871922,38592871948,0,0,-25
19277,0,38594873333,38594873324,0,0,8
19278,0,38596877157,38596877170,0,0,-13
19279,0,38598879088,38598879082,0,0,6
19280,0,38600882222,38600882240,0,0,-18
19281,0,38602883274,38602883295,0,0,-21
19282,0,38604885867,38604885814,0,0,53
19283,0,38606887622,38606887578,0,0,43
19284,0,38608890555,38608890498,0,0,57
19285,0,38610891970,38610891934,0,0,35
19286,0,38612893493,38612893442,0,0,50
19287,0,38614896943,38614896881,0,0,62
19288,0,38616899175,38616899147,0,0,27
19289,0,38618900890,38618900842,0,0,48
19290,0,38620902554,38620902468,0,0,85
19291,0,38622905406,38622905382,0,0,23
19292,0,38624907770,38624907761,0,0,8
19293,0,38626910018,38626909987,0,0,31
19294,0,38628912451,38628912402,0,0,49
19295,0,38630914377,38630914354,0,0,22
19296,0,38632916946,38632916923,0,0,23
19297,0,38634920013,38634919996,0,0,17
19298,0,38636921226,38636921199,0,0,26
19299,0,38638923330,38638923323,0,0,6
19300,0,38640926104,38640926141,0,0,-36
19301,0,38642927795,38642927811,0,0,-16
19302,0,38644929991,38644929919,0,0,72
19303,0,38646931939,38646931912,0,0,26
19304,0,38648933094,38648933073,0,0,20
19305,0,38650935911,38650935902,0,0,8
19306,0,38652939433,38652939388,0,0,45
19307,0,38654941232,38654941197,0,0,35
19308,0,38656942256,38656942220,0,0,35
19309,0,38658945348,38658945402,0,0,-54
19310,0,38660946516,38660946551,0,0,-35
19311,0,38662949999,38662949984,0,0,15
19312,0,38664953730,38664953716,0,0,13
19313,0,38666955812,38666955788,0,0,23
19314,0,38668956850,38668956820,0,0,29
19315,0,38670959058,38670959094,0,0,-36
19316,0,38672961208,38672961198,0,0,10
19317,0,38674962663,38674962708,0,0,-44
19318,0,38676966212,38676966165,0,0,47
19319,0,38678967928,38678967901,0,0,26
19320,0,38680970379,38680970349,0,0,30
19321,0,38682972543,38682972523,0,0,20
19322,0,38684974366,38684974339,0,0,26
19323,0,38686976818,38686976808,0,0,10
19324,0,38688978432,38688978470,0,0,-38
19325,0,38690980158,38690980179,0,0,-20
19326,0,38692983752,38692983760,0,0,-8
19327,0,38694985387,38694985414,0,0,-26
19328,0,38696987478,38696987501,0,0,-23
19329,0,38698988633,38698988656,0,0,-22
19330,0,38700994386,38700994352,0,0,33
19331,0,38702994260,38702994255,0,0,5
19332,0,38704995642,38704995604,0,0,37
19333,0,38706997968,38706997973,0,0,-4
19334,0,38709001117,38709001083,0,0,33
19335,0,38711003200,38711003238,0,0,-38
19336,0,38713004328,38713004318,0,0,10
19337,0,38715006433,38715006447,0,0,-13
19338,0,38717008949,38717008940,0,0,8
19339,0,38719011130,38719011174,0,0,-44
19340,0,38721014453,38721014489,0,0,-36
19341,0,38723016555,38723016529,0,0,25
19342,0,38725018202,38725018155,0,0,46
19343,0,38727021460,38727021438,0,0,22
19344,0,38729023323,38729023285,0,0,38
19345,0,38731024625,38731024605,0,0,20
19346,0,38733028231,38733028199,0,0,32
19347,0,38735030300,38735030269,0,0,31
19348,0,38737032799,38737032754,0,0,44
19349,0,38739034700,38739034672,0,0,27
19350,0,38741037507,38741037489,0,0,18
19351,0,38743038997,38743038966,0,0,31
19352,0,38745041058,38745041028,0,0,29
19353,0,38747042332,38747042305,0,0,27
19354,0,38749044471,38749044427,0,0,44
19355,0,38751046670,38751046631,0,0,38
19356,0,38753049326,38753049284,0,0,42
19357,0,38755052169,38755052121,0,0,48
19358,0,38757054057,38757054052,0,0,4
19359,0,38759057131,38759057071,0,0,60
19360,0,38761058834,38761058774,0,0,60
19361,0,38763060035,38763059980,0,0,54
19362,0,38765063862,38765063804,0,0,58
19363,0,38767065669,38767065629,0,0,39
19364,0,38769067824,38769067773,0,0,50
19365,0,38771070015,38771070007,0,0,7
19366,0,38773071366,38773071356,0,0,9
19367,0,38775074948,38775074901,0,0,47
19368,0,38777076880,38777076856,0,0,23
19369,0,38779079423,38779079396,0,0,26
19370,0,38781081380,38781081326,0,0,53
19371,0,38783083521,38783083489,0,0,32
19372,0,38785085807,38785085793,0,0,13
19373,0,38787087878,38787087927,0,0,-48
19374,0,38789090245,38789090196,0,0,49
19375,0,38791093488,38791093444,0,0,44
19376,0,38793095348,38793095324,0,0,23
19377,0,38795095568,38795095546,0,0,22
19378,0,38797099103,38797099098,0,0,4
19379,0,38799101316,38799101292,0,0,24
19380,0,38801104993,38801104985,0,0,8
19381,0,38803106318,38803106293,0,0,24
19382,0,38805108107,38805108117,0,0,-9
19383,0,38807110224,38807110177,0,0,47
19384,0,38809112244,38809112209,0,0,35
19385,0,38811113604,38811113568,0,0,35
19386,0,38813116647,38813116612,0,0,34
19387,0,38815117921,38815117910,0,0,11
19388,0,38817121075,38817121049,0,0,25
19389,0,38819122759,38819122732,0,0,27
19390,0,38821125622,38821125586,0,0,35
19391,0,38823126850,38823126819,0,0,31
19392,0,38825129625,38825129597,0,0,28
19393,0,38827131450,38827131423,0,0,26
19394,0,38829135301,38829135280,0,0,21
19395,0,38831137012,38831136974,0,0,38
19396,0,38833138912,38833138903,0,0,8
19397,0,38835140747,38835140761,0,0,-13
19398,0,38837143819,38837143791,0,0,27
19399,0,38839145647,38839145601,0,0,45
19400,0,38841147023,38841146948,0,0,75
19401,0,38843149416,38843149352,0,0,63
19402,0,38845152589,38845152604,0,0,-15
19403,0,38847154542,38847154556,0,0,-13
19404,0,38849156883,38849156862,0,0,20
19405,0,38851159191,38851159204,0,0,-13
19406,0,38853161450,38853161405,0,0,44
19407,0,38855164674,38855164632,0,0,42
19408,0,38857167033,38857166993,0,0,39
19409,0,38859168274,38859168291,0,0,-17
19410,0,38861171766,38861171777,0,0,-11
19411,0,38863172089,38863172106,0,0,-16
19412,0,38865173441,38865173432,0,0,8
19413,0,38867176185,38867176195,0,0,-10
19414,0,38869179285,38869179275,0,0,9
19415,0,38871182150,38871182164,0,0,-13
19416,0,38873183612,38873183605,0,0,6
19417,0,38875186037,38875186056,0,0,-18
19418,0,38877188357,38877188351,0,0,6
19419,0,38879190180,38879190203,0,0,-22
19420,0,38881192778,38881192737,0,0,41
19421,0,38883195469,38883195432,0,0,36
19422,0,38885197684,38885197615,0,0,69
19423,0,38887199133,38887199086,0,0,47
19424,0,38889201737,38889201695,0,0,42
19425,0,38891203930,38891203867,0,0,62
19426,0,38893207070,38893207042,0,0,28
19427,0,38895207866,38895207828,0,0,38
19428,0,38897209069,38897209033,0,0,35
19429,0,38899212044,38899212063,0,0,-19
19430,0,38901216399,38901216331,0,0,67
19431,0,38903216984,38903216952,0,0,31
19432,0,38905219429,38905219385,0,0,43
19433,0,38907222489,38907222450,0,0,39
19434,0,38909224788,38909224735,0,0,52
19435,0,38911225856,38911225825,0,0,30
19436,0,38913228098,38913228073,0,0,25
19437,0,38915230099,38915230145,0,0,-45
19438,0,38917231325,38917231292,0,0,33
19439,0,38919233557,38919233544,0,0,12
19440,0,38921235921,38921235888,0,0,33
19441,0,38923238345,38923238337,0,0,7
19442,0,38925242273,38925242242,0,0,30
19443,0,38927243044,38927243012,0,0,31
19444,0,38929246038,38929245979,0,0,59
19445,0,38931248434,38931248472,0,0,-38
19446,0,38933250120,38933250131,0,0,-11
19447,0,38935251280,38935251265,0,0,15
19448,0,38937253756,38937253714,0,0,41
19449,0,38939257401,38939257380,0,0,20
19450,0,38941259565,38941259519,0,0,45
19451,0,38943261435,38943261414,0,0,21
19452,0,38945263808,38945263771,0,0,37
19453,0,38947265830,38947265816,0,0,13
19454,0,38949268449,38949268402,0,0,47
19455,0,38951270469,38951270512,0,0,-42
19456,0,38953272282,38953272294,0,0,-12
19457,0,38955273820,38955273806,0,0,13
19458,0,38957278187,38957278172,0,0,15
19459,0,38959279167,38959279141,0,0,25
19460,0,38961281687,38961281635,0,0,51
19461,0,38963283593,38963283556,0,0,37
19462,0,38965285033,38965284979,0,0,53
19463,0,38967288287,38967288264,0,0,22
19464,0,38969290286,38969290262,0,0,23
19465,0,38971292400,38971292363,0,0,37
19466,0,38973294046,38973294000,0,0,46
19467,0,38975297073,38975297080,0,0,-7
19468,0,38977299250,38977299273,0,0,-22
19469,0,38979301925,38979301934,0,0,-8
19470,0,38981303573,38981303584,0,0,-11
19471,0,38983307640,38983307649,0,0,-8
19472,0,38985308991,38985309006,0,0,-15
19473,0,38987309170,38987309190,0,0,-19
19474,0,38989312475,38989312485,0,0,-9
19475,0,38991313676,38991313710,0,0,-34
19476,0,38993316953,38993316986,0,0,-33
19477,0,38995318563,38995318608,0,0,-45
19478,0,38997321582,38997321641,0,0,-58
19479,0,38999323648,38999323692,0,0,-44
19480,0,39001327576,39001327549,0,0,26
19481,0,39003328632,39003328669,0,0,-37
19482,0,39005330208,39005330169,0,0,39
19483,0,39007331888,39007331874,0,0,14
19484,0,39009335179,39009335159,0,0,20
19485,0,39011336951,39011336924,0,0,26
19486,0,39013338530,39013338516,0,0,13
19487,0,39015342667,39015342680,0,0,-13
19488,0,39017344457,39017344474,0,0,-17
19489,0,39019345343,39019345311,0,0,31
19490,0,39021349399,39021349372,0,0,26
19491,0,39023350800,39023350768,0,0,31
19492,0,39025352931,39025352896,0,0,34
19493,0,39027355023,39027354972,0,0,51
19494,0,39029357053,39029357068,0,0,-14
19495,0,39031359207,39031359170,0,0,37
19496,0,39033360370,39033360312,0,0,58
19497,0,39035363441,39035363407,0,0,33
19498,0,39037366049,39037365975,0,0,74
19499,0,39039368509,39039368474,0,0,35
19500,0,39041370492,39041370453,0,0,38
19501,0,39043372510,39043372443,0,0,66
19502,0,39045374114,39045374057,0,0,57
19503,0,39047377784,39047377739,0,0,44
19504,0,39049379979,39049379991,0,0,-11
19505,0,39051381325,39051381350,0,0,-24
19506,0,39053383080,39053383114,0,0,-34
19507,0,39055386978,39055386986,0,0,-8
19508,0,39057388420,39057388452,0,0,-31
19509,0,39059390550,39059390576,0,0,-26
19510,0,39061392707,39061392728,0,0,-20
19511,0,39063394975,39063395006,0,0,-31
19512,0,39065397348,39065397319,0,0,29
19513,0,39067400032,39067399995,0,0,37
19514,0,39069401620,39069401547,0,0,72
19515,0,39071403611,39071403577,0,0,33
19516,0,39073405103,39073405065,0,0,37
19517,0,39075408541,39075408494,0,0,47
19518,0,39077410692,39077410645,0,0,47
19519,0,39079412213,39079412183,0,0,30
19520,0,39081413756,39081413708,0,0,47
19521,0,39083416251,39083416200,0,0,50
19522,0,39085419422,39085419411,0,0,11
19523,0,39087421535,39087421512,0,0,23
19524,0,39089424071,39089424042,0,0,29
19525,0,39091426357,39091426328,0,0,29
19526,0,39093428316,39093428269,0,0,46
19527,0,39095430503,39095430471,0,0,31
19528,0,39097432976,39097432948,0,0,27
19529,0,39099435577,39099435536,0,0,40
19530,0,39101438403,39101438337,0,0,65
19531,0,39103439408,39103439379,0,0,29
19532,0,39105441513,39105441503,0,0,10
19533,0,39107443174,39107443130,0,0,43
19534,0,39109446259,39109446198,0,0,60
19535,0,39111449498,39111449483,0,0,15
19536,0,39113451247,39113451226,0,0,20
19537,0,39115451617,39115451580,0,0,37
19538,0,39117453728,39117453691,0,0,37
19539,0,39119457431,39119457411,0,0,20
19540,0,39121459347,39121459294,0,0,53
19541,0,39123460988,39123460959,0,0,28
19542,0,39125463928,39125463875,0,0,53
19543,0,39127466811,39127466777,0,0,33
19544,0,39129468586,39129468558,0,0,27
19545,0,39131470930,39131470899,0,0,30
19546,0,39133473017,39133472986,0,0,31
19547,0,39135474950,39135474919,0,0,31
19548,0,39137477810,39137477756,0,0,53
19549,0,39139479599,39139479613,0,0,-13
19550,0,39141482051,39141481980,0,0,70
19551,0,39143484314,39143484285,0,0,29
19552,0,39145486094,39145486011,0,0,83
19553,0,39147487401,39147487355,0,0,45
19554,0,39149490755,39149490722,0,0,33
19555,0,39151494276,39151494231,0,0,44
19556,0,39153495660,39153495622,0,0,38
19557,0,39155497022,39155496959,0,0,62
19558,0,39157498568,39157498511,0,0,56
19559,0,39159501617,39159501580,0,0,37
19560,0,39161504069,39161504027,0,0,41
19561,0,39163506079,39163506095,0,0,-15
19562,0,39165507327,39165507355,0,0,-28
19563,0,39167510832,39167510867,0,0,-34
19564,0,39169513048,39169513071,0,0,-22
19565,0,39171515026,39171515069,0,0,-42
19566,0,39173517658,39173517601,0,0,57
19567,0,39175520481,39175520438,0,0,43
19568,0,39177522467,39177522447,0,0,19
19569,0,39179522983,39179522948,0,0,35
19570,0,39181526361,39181526324,0,0,37
19571,0,39183530124,39183530109,0,0,15
19572,0,39185530549,39185530533,0,0,15
19573,0,39187531880,39187531834,0,0,45
19574,0,39189535026,39189534970,0,0,56
19575,0,39191537948,39191537937,0,0,11
19576,0,39193539559,39193539536,0,0,23
19577,0,39195542605,39195542586,0,0,19
19578,0,39197543944,39197543955,0,0,-11
19579,0,39199546242,39199546292,0,0,-49
19580,0,39201550082,39201550118,0,0,-35
19581,0,39203550769,39203550814,0,0,-44
19582,0,39205553455,39205553424,0,0,30
19583,0,39207555711,39207555701,0,0,10
19584,0,39209557370,39209557316,0,0,53
19585,0,39211560193,39211560181,0,0,12
19586,0,39213562332,39213562313,0,0,18
19587,0,39215565370,39215565350,0,0,20
19588,0,39217567200,39217567168,0,0,31
19589,0,39219568748,39219568782,0,0,-34
19590,0,39221570979,39221571006,0,0,-26
19591,0,39223573020,39223573058,0,0,-38
19592,0,39225575645,39225575668,0,0,-22
19593,0,39227577405,39227577436,0,0,-31
19594,0,39229579748,39229579761,0,0,-13
19595,0,39231581916,39231581943,0,0,-26
19596,0,39233584542,39233584507,0,0,35
19597,0,39235586706,39235586696,0,0,9
19598,0,39237588824,39237588790,0,0,33
19599,0,39239590504,39239590495,0,0,8
19600,0,39241592257,39241592228,0,0,29
19601,0,39243595258,39243595238,0,0,19
19602,0,39245597269,39245597229,0,0,40
19603,0,39247599834,39247599857,0,0,-22
19604,0,39249602287,39249602301,0,0,-13
19605,0,39251604267,39251604299,0,0,-32
19606,0,39253606222,39253606233,0,0,-10
19607,0,39255608685,39255608701,0,0,-15
19608,0,39257610785,39257610738,0,0,47
19609,0,39259612949,39259612901,0,0,47
19610,0,39261615411,39261615380,0,0,30
19611,0,39263616447,39263616411,0,0,35
19612,0,39265619438,39265619410,0,0,27
19613,0,39267621006,39267620977,0,0,29
19614,0,39269624548,39269624469,0,0,79
19615,0,39271626417,39271626374,0,0,42
19616,0,39273627950,39273627876,0,0,74
19617,0,39275629943,39275629912,0,0,30
19618,0,39277633121,39277633096,0,0,24
19619,0,39279636556,39279636585,0,0,-29
19620,0,39281637905,39281637942,0,0,-36
19621,0,39283639419,39283639382,0,0,37
19622,0,39285641372,39285641319,0,0,53
19623,0,39287644178,39287644141,0,0,37
19624,0,39289646395,39289646341,0,0,53
19625,0,39291648734,39291648676,0,0,57
19626,0,39293651068,39293651002,0,0,66
19627,0,39295653102,39295653071,0,0,30
19628,0,39297655507,39297655467,0,0,40
19629,0,39299657721,39299657755,0,0,-34
19630,0,39301661141,39301661069,0,0,72
19631,0,39303662811,39303662759,0,0,51
19632,0,39305663835,39305663797,0,0,38
19633,0,39307665080,39307665035,0,0,45
19634,0,39309667812,39309667784,0,0,27
19635,0,39311671006,39311670950,0,0,55
19636,0,39313674506,39313674480,0,0,25
19637,0,39315675525,39315675480,0,0,44
19638,0,39317677692,39317677635,0,0,57
19639,0,39319679762,39319679708,0,0,53
19640,0,39321681990,39321681934,0,0,55
19641,0,39323684121,39323684061,0,0,59
19642,0,39325686566,39325686502,0,0,63
19643,0,39327688402,39327688358,0,0,43
19644,0,39329689874,39329689836,0,0,37
19645,0,39331692859,39331692893,0,0,-33
19646,0,39333694138,39333694175,0,0,-36
19647,0,39335697028,39335697065,0,0,-36
19648,0,39337699886,39337699837,0,0,49
19649,0,39339701807,39339701788,0,0,18
19650,0,39341703400,39341703359,0,0,40
19651,0,39343706346,39343706332,0,0,14
19652,0,39345709973,39345710008,0,0,-34
19653,0,39347711085,39347711112,0,0,-26
19654,0,39349713543,39349713560,0,0,-17
19655,0,39351715753,39351715774,0,0,-20
19656,0,39353717616,39353717588,0,0,27
19657,0,39355719870,39355719821,0,0,49
19658,0,39357721996,39357721957,0,0,38
19659,0,39359724180,39359724145,0,0,35
19660,0,39361726639,39361726617,0,0,21
19661,0,39363728585,39363728559,0,0,25
19662,0,39365731306,39365731335,0,0,-29
19663,0,39367733258,39367733283,0,0,-25
19664,0,39369734894,39369734949,0,0,-55
19665,0,39371736298,39371736334,0,0,-36
19666,0,39373738878,39373738918,0,0,-39
19667,0,39375742014,39375741971,0,0,42
19668,0,39377744067,39377744049,0,0,18
19669,0,39379745319,39379745256,0,0,62
19670,0,39381747623,39381747588,0,0,35
19671,0,39383750820,39383750775,0,0,44
19672,0,39385752521,39385752548,0,0,-26
19673,0,39387753883,39387753917,0,0,-34
19674,0,39389756277,39389756302,0,0,-24
19675,0,39391758451,39391758408,0,0,43
19676,0,39393761147,39393761120,0,0,26
19677,0,39395764406,39395764384,0,0,22
19678,0,39397766418,39397766433,0,0,-14
19679,0,39399768506,39399768529,0,0,-22
19680,0,39401771800,39401771741,0,0,59
19681,0,39403773163,39403773125,0,0,37
19682,0,39405775123,39405775089,0,0,33
19683,0,39407776486,39407776517,0,0,-31
19684,0,39409779505,39409779476,0,0,29
19685,0,39411780912,39411780887,0,0,25
19686,0,39413783157,39413783119,0,0,37
19687,0,39415785310,39415785329,0,0,-19
19688,0,39417787565,39417787633,0,0,-68
19689,0,39419789500,39419789534,0,0,-34
19690,0,39421792395,39421792425,0,0,-30
19691,0,39423795305,39423795332,0,0,-26
19692,0,39425796585,39425796555,0,0,29
19693,0,39427800285,39427800251,0,0,34
19694,0,39429801880,39429801833,0,0,47
19695,0,39431803774,39431803730,0,0,44
19696,0,39433806496,39433806516,0,0,-19
19697,0,39435809112,39435809127,0,0,-15
19698,0,39437811272,39437811240,0,0,32
19699,0,39439813398,39439813373,0,0,25
19700,0,39441817008,39441816955,0,0,53
19701,0,39443817306,39443817245,0,0,60
19702,0,39445819627,39445819547,0,0,80
19703,0,39447822375,39447822361,0,0,14
19704,0,39449824196,39449824152,0,0,43
19705,0,39451825437,39451825423,0,0,13
19706,0,39453827910,39453827919,0,0,-8
19707,0,39455830642,39455830671,0,0,-29
19708,0,39457833186,39457833136,0,0,49
19709,0,39459835858,39459835872,0,0,-13
19710,0,39461838448,39461838443,0,0,4
19711,0,39463840287,39463840240,0,0,46
19712,0,39465842058,39465842008,0,0,49
19713,0,39467844562,39467844523,0,0,38
19714,0,39469847051,39469846983,0,0,67
19715,0,39471848546,39471848523,0,0,22
19716,0,39473851185,39473851196,0,0,-11
19717,0,39475853105,39475853076,0,0,29
19718,0,39477854623,39477854666,0,0,-42
19719,0,39479858029,39479858064,0,0,-34
19720,0,39481860026,39481860063,0,0,-36
19721,0,39483862182,39483862242,0,0,-59
19722,0,39485864323,39485864379,0,0,-56
19723,0,39487866602,39487866593,0,0,8
19724,0,39489868594,39489868573,0,0,20
19725,0,39491870265,39491870242,0,0,23
19726,0,39493873149,39493873115,0,0,33
19727,0,39495874948,39495874910,0,0,38
19728,0,39497877849,39497877882,0,0,-33
19729,0,39499879604,39499879584,0,0,20
19730,0,39501882272,39501882310,0,0,-37
19731,0,39503884077,39503884124,0,0,-47
19732,0,39505886415,39505886368,0,0,46
19733,0,39507887434,39507887473,0,0,-38
19734,0,39509890056,39509890033,0,0,22
19735,0,39511893795,39511893756,0,0,38
19736,0,39513895612,39513895605,0,0,6
19737,0,39515896696,39515896674,0,0,21
19738,0,39517898802,39517898749,0,0,52
19739,0,39519901366,39519901401,0,0,-35
19740,0,39521904158,39521904116,0,0,42
19741,0,39523905930,39523905923,0,0,6
19742,0,39525909035,39525909020,0,0,14
19743,0,39527910762,39527910725,0,0,37
19744,0,39529912496,39529912441,0,0,55
19745,0,39531915593,39531915633,0,0,-39
19746,0,39533917732,39533917739,0,0,-6
19747,0,39535920269,39535920244,0,0,25
19748,0,39537923418,39537923377,0,0,41
19749,0,39539924639,39539924595,0,0,43
19750,0,39541926742,39541926696,0,0,46
19751,0,39543928718,39543928744,0,0,-26
19752,0,39545931256,39545931286,0,0,-30
19753,0,39547933257,39547933223,0,0,33
19754,0,39549935642,39549935602,0,0,39
19755,0,39551937615,39551937579,0,0,35
19756,0,39553940371,39553940339,0,0,32
19757,0,39555942204,39555942153,0,0,50
19758,0,39557944585,39557944533,0,0,51
19759,0,39559946898,39559946856,0,0,41
19760,0,39561949378,39561949363,0,0,15
19761,0,39563951241,39563951217,0,0,24
19762,0,39565953655,39565953622,0,0,32
19763,0,39567955328,39567955314,0,0,13
19764,0,39569957822,39569957784,0,0,38
19765,0,39571960125,39571960091,0,0,33
19766,0,39573962186,39573962123,0,0,62
19767,0,39575963237,39575963263,0,0,-26
19768,0,39577965695,39577965734,0,0,-38
19769,0,39579968788,39579968739,0,0,49
19770,0,39581969955,39581969907,0,0,47
19771,0,39583972038,39583972023,0,0,15
19772,0,39585974179,39585974152,0,0,27
19773,0,39587977294,39587977274,0,0,19
19774,0,39589979696,39589979658,0,0,38
19775,0,39591981128,39591981077,0,0,50
19776,0,39593983653,39593983600,0,0,53
19777,0,39595986512,39595986501,0,0,11
19778,0,39597988137,39597988089,0,0,47
19779,0,39599990938,39599990981,0,0,-42
19780,0,39601995045,39601995076,0,0,-31
19781,0,39603996316,39603996327,0,0,-11
19782,0,39605998080,39605998071,0,0,8
19783,0,39607999579,39607999619,0,0,-40
19784,0,39610000970,39610000983,0,0,-13
19785,0,39612003581,39612003538,0,0,42
19786,0,39614006860,39614006889,0,0,-29
19787,0,39616009103,39616009080,0,0,22
19788,0,39618011103,39618011089,0,0,13
19789,0,39620012777,39620012752,0,0,24
19790,0,39622015732,39622015723,0,0,8
19791,0,39624019071,39624019096,0,0,-24
19792,0,39626021154,39626021145,0,0,8
19793,0,39628022433,39628022481,0,0,-48
19794,0,39630024607,39630024640,0,0,-32
19795,0,39632026652,39632026613,0,0,38
19796,0,39634029589,39634029546,0,0,43
19797,0,39636030323,39636030301,0,0,22
19798,0,39638033692,39638033654,0,0,37
19799,0,39640035460,39640035442,0,0,18
19800,0,39642036921,39642036893,0,0,28
19801,0,39644040090,39644040052,0,0,38
19802,0,39646041451,39646041433,0,0,17
19803,0,39648044502,39648044521,0,0,-18
19804,0,39650046570,39650046615,0,0,-44
19805,0,39652047682,39652047698,0,0,-15
19806,0,39654051104,39654051127,0,0,-22
19807,0,39656054206,39656054229,0,0,-22
19808,0,39658054686,39658054719,0,0,-32
19809,0,39660057549,39660057523,0,0,25
19810,0,39662059574,39662059547,0,0,26
19811,0,39664062692,39664062666,0,0,25
19812,0,39666067031,39666066994,0,0,37
19813,0,39668066865,39668066851,0,0,13
19814,0,39670068874,39670068823,0,0,51
19815,0,39672069961,39672069934,0,0,27
19816,0,39674072197,39674072165,0,0,31
19817,0,39676074488,39676074523,0,0,-35
19818,0,39678076806,39678076822,0,0,-16
19819,0,39680079266,39680079227,0,0,38
19820,0,39682082354,39682082311,0,0,42
19821,0,39684084986,39684084948,0,0,37
19822,0,39686087038,39686086962,0,0,75
19823,0,39688090078,39688090029,0,0,49
19824,0,39690092887,39690092829,0,0,58
19825,0,39692093628,39692093638,0,0,-10
19826,0,39694095591,39694095614,0,0,-22
19827,0,39696096571,39696096602,0,0,-30
19828,0,39698100132,39698100155,0,0,-22
19829,0,39700103458,39700103411,0,0,47
19830,0,39702106733,39702106664,0,0,69
19831,0,39704107060,39704107013,0,0,47
19832,0,39706109080,39706109051,0,0,29
19833,0,39708111467,39708111429,0,0,38
19834,0,39710113856,39710113806,0,0,49
19835,0,39712116044,39712116011,0,0,33
19836,0,39714117845,39714117818,0,0,26
19837,0,39716119289,39716119267,0,0,22
19838,0,39718122296,39718122289,0,0,6
19839,0,39720123579,39720123554,0,0,24
19840,0,39722126702,39722126695,0,0,6
19841,0,39724127678,39724127653,0,0,24
19842,0,39726130840,39726130808,0,0,31
19843,0,39728133557,39728133542,0,0,15
19844,0,39730136424,39730136368,0,0,55
19845,0,39732139292,39732139265,0,0,27
19846,0,39734140437,39734140453,0,0,-16
19847,0,39736142464,39736142479,0,0,-15
19848,0,39738144498,39738144519,0,0,-20
19849,0,39740146381,39740146317,0,0,63
19850,0,39742149405,39742149327,0,0,78
19851,0,39744150863,39744150838,0,0,24
19852,0,39746152518,39746152506,0,0,11
19853,0,39748155455,39748155419,0,0,35
19854,0,39750157089,39750157060,0,0,28
19855,0,39752161312,39752161301,0,0,11
19856,0,39754162450,39754162429,0,0,21
19857,0,39756164329,39756164378,0,0,-49
19858,0,39758166476,39758166508,0,0,-32
19859,0,39760169262,39760169230,0,0,32
19860,0,39762171226,39762171188,0,0,38
19861,0,39764173894,39764173857,0,0,37
19862,0,39766175802,39766175820,0,0,-17
19863,0,39768177761,39768177786,0,0,-24
19864,0,39770179108,39770179152,0,0,-43
19865,0,39772182139,39772182130,0,0,8
19866,0,39774185184,39774185161,0,0,23
19867,0,39776186647,39776186632,0,0,15
19868,0,39778188434,39778188389,0,0,44
19869,0,39780191474,39780191430,0,0,43
19870,0,39782193420,39782193355,0,0,65
19871,0,39784194491,39784194447,0,0,44
19872,0,39786196939,39786196902,0,0,37
19873,0,39788199469,39788199426,0,0,43
19874,0,39790202444,39790202453,0,0,-8
19875,0,39792203534,39792203491,0,0,43
19876,0,39794205811,39794205761,0,0,49
19877,0,39796209430,39796209386,0,0,43
19878,0,39798211503,39798211446,0,0,56
19879,0,39800213505,39800213458,0,0,47
19880,0,39802216116,39802216029,0,0,87
19881,0,39804218235,39804218191,0,0,44
19882,0,39806220813,39806220830,0,0,-16
19883,0,39808222476,39808222469,0,0,6
19884,0,39810224979,39810224936,0,0,43
19885,0,39812226802,39812226783,0,0,19
19886,0,39814228993,39814228921,0,0,72
19887,0,39816232202,39816232178,0,0,24
19888,0,39818233605,39818233578,0,0,26
19889,0,39820235614,39820235557,0,0,57
19890,0,39822237576,39822237545,0,0,31
19891,0,39824240258,39824240229,0,0,29
19892,0,39826242721,39826242699,0,0,22
19893,0,39828245702,39828245671,0,0,31
19894,0,39830247342,39830247288,0,0,53
19895,0,39832250208,39832250159,0,0,49
19896,0,39834252083,39834252118,0,0,-34
19897,0,39836252455,39836252474,0,0,-19
19898,0,39838254633,39838254650,0,0,-16
19899,0,39840256683,39840256628,0,0,54
19900,0,39842259469,39842259461,0,0,8
19901,0,39844262829,39844262861,0,0,-31
19902,0,39846265339,39846265382,0,0,-42
19903,0,39848267384,39848267426,0,0,-42
19904,0,39850269111,39850269069,0,0,42
19905,0,39852270008,39852269966,0,0,41
19906,0,39854273073,39854273026,0,0,47
19907,0,39856276103,39856276057,0,0,46
19908,0,39858277995,39858278026,0,0,-31
19909,0,39860280505,39860280537,0,0,-32
19910,0,39862282671,39862282687,0,0,-15
19911,0,39864284951,39864284979,0,0,-28
19912,0,39866287175,39866287152,0,0,22
19913,0,39868289032,39868288984,0,0,47
19914,0,39870290562,39870290534,0,0,27
19915,0,39872293639,39872293605,0,0,33
19916,0,39874296074,39874296060,0,0,13
19917,0,39876298433,39876298403,0,0,29
19918,0,39878300460,39878300426,0,0,33
19919,0,39880302849,39880302805,0,0,43
19920,0,39882305057,39882305022,0,0,34
19921,0,39884307382,39884307340,0,0,41
19922,0,39886309734,39886309697,0,0,37
19923,0,39888311701,39888311676,0,0,24
19924,0,39890313940,39890314001,0,0,-60
19925,0,39892316816,39892316792,0,0,24
19926,0,39894317494,39894317514,0,0,-20
19927,0,39896320526,39896320552,0,0,-25
19928,0,39898323060,39898323025,0,0,35
19929,0,39900324850,39900324817,0,0,33
19930,0,39902328652,39902328613,0,0,39
19931,0,39904328773,39904328802,0,0,-28
19932,0,39906330530,39906330569,0,0,-39
19933,0,39908333928,39908333892,0,0,35
19934,0,39910336582,39910336552,0,0,29
19935,0,39912338015,39912338042,0,0,-26
19936,0,39914339448,39914339397,0,0,50
19937,0,39916342502,39916342459,0,0,42
19938,0,39918343905,39918343868,0,0,36
19939,0,39920347049,39920347013,0,0,35
19940,0,39922349384,39922349343,0,0,40
19941,0,39924352805,39924352766,0,0,38
19942,0,39926353663,39926353592,0,0,71
19943,0,39928354968,39928354939,0,0,29
19944,0,39930358647,39930358570,0,0,77
19945,0,39932360973,39932360934,0,0,38
19946,0,39934362635,39934362611,0,0,24
19947,0,39936364744,39936364725,0,0,19
19948,0,39938367559,39938367519,0,0,40
19949,0,39940369684,39940369665,0,0,18
19950,0,39942371641,39942371594,0,0,47
19951,0,39944374885,39944374866,0,0,19
19952,0,39946376927,39946376883,0,0,43
19953,0,39948377282,39948377267,0,0,14
19954,0,39950379922,39950379883,0,0,38
19955,0,39952382730,39952382716,0,0,13
19956,0,39954385267,39954385215,0,0,52
19957,0,39956388423,39956388412,0,0,11
19958,0,39958389867,39958389835,0,0,31
19959,0,39960391485,39960391476,0,0,8
19960,0,39962393731,39962393702,0,0,29
19961,0,39964395788,39964395749,0,0,39
19962,0,39966397704,39966397647,0,0,57
19963,0,39968400608,39968400584,0,0,24
19964,0,39970402959,39970402980,0,0,-21
19965,0,39972405213,39972405193,0,0,20
19966,0,39974407829,39974407813,0,0,15
19967,0,39976410293,39976410256,0,0,36
19968,0,39978412291,39978412264,0,0,26
19969,0,39980414062,39980414101,0,0,-39
19970,0,39982416746,39982416785,0,0,-38
19971,0,39984418424,39984418479,0,0,-55
19972,0,39986420980,39986421029,0,0,-48
19973,0,39988424059,39988424100,0,0,-40
19974,0,39990425123,39990425080,0,0,42
19975,0,39992427229,39992427194,0,0,35
19976,0,39994429296,39994429258,0,0,38
19977,0,39996430981,39996431020,0,0,-39
19978,0,39998434068,39998434056,0,0,12
19979,0,40000436319,40000436365,0,0,-46
19980,0,40002439594,40002439640,0,0,-45
19981,0,40004440590,40004440566,0,0,23
19982,0,40006442786,40006442730,0,0,56
19983,0,40008444065,40008444038,0,0,27
19984,0,40010446892,40010446871,0,0,20
19985,0,40012448726,40012448734,0,0,-7
19986,0,40014452490,40014452523,0,0,-33
19987,0,40016453815,40016453775,0,0,40
19988,0,40018455826,40018455813,0,0,13
19989,0,40020458320,40020458347,0,0,-26
19990,0,40022460397,40022460434,0,0,-36
19991,0,40024461907,40024461935,0,0,-27
19992,0,40026464759,40026464811,0,0,-51
19993,0,40028466304,40028466272,0,0,31
19994,0,40030469164,40030469126,0,0,37
19995,0,40032470774,40032470813,0,0,-38
19996,0,40034473982,40034473952,0,0,29
19997,0,40036476265,40036476217,0,0,47
19998,0,40038478521,40038478467,0,0,53
19999,0,40040479137,40040479107,0,0,29
20000,0,40042481452,40042481475,0,0,-22
