pkt_id,tx_ts_ns,rx1_ts_ns,rx2_ts_ns,latency_rx1_ns,latency_rx2_ns,diff_latency_ns
1,0,53,0,0,0,53
2,0,2004954,2004885,0,0,69
3,0,3996482,3996440,0,0,41
4,0,5998274,5998212,0,0,62
5,0,8002262,8002226,0,0,35
6,0,10002163,10002131,0,0,31
7,0,12004471,12004460,0,0,11
8,0,14006722,14006677,0,0,44
9,0,16008678,16008643,0,0,35
10,0,18011379,18011334,0,0,44
11,0,20014033,20014008,0,0,24
12,0,22015402,22015444,0,0,-42
13,0,24017425,24017447,0,0,-22
14,0,26020303,26020330,0,0,-27
15,0,28021860,28021825,0,0,34
16,0,30024080,30024059,0,0,21
17,0,32027534,32027498,0,0,36
18,0,34028761,34028729,0,0,31
19,0,36030698,36030685,0,0,13
20,0,38033129,38033087,0,0,42
21,0,40035342,40035321,0,0,20
22,0,42037849,42037824,0,0,24
23,0,44040199,44040194,0,0,4
24,0,46043350,46043289,0,0,60
25,0,48044497,48044497,0,0,0
26,0,50047189,50047179,0,0,9
27,0,52049750,52049720,0,0,29
28,0,54050995,54050962,0,0,32
29,0,56053480,56053456,0,0,24
30,0,58055245,58055222,0,0,23
31,0,60057820,60057794,0,0,26
32,0,62060240,62060219,0,0,21
33,0,64063766,64063741,0,0,24
34,0,66063910,66063847,0,0,62
35,0,68066639,68066609,0,0,29
36,0,70068695,70068671,0,0,24
37,0,72070780,72070792,0,0,-11
38,0,74072831,74072840,0,0,-9
39,0,76075084,76075099,0,0,-15
40,0,78077419,78077404,0,0,15
41,0,80079586,80079507,0,0,78
42,0,82082680,82082597,0,0,83
43,0,84085055,84085003,0,0,51
44,0,86085921,86085829,0,0,92
45,0,88087316,88087274,0,0,41
46,0,90090480,90090445,0,0,34
47,0,92091687,92091666,0,0,20
48,0,94094025,94093985,0,0,40
49,0,96097142,96097098,0,0,44
50,0,98098381,98098341,0,0,39
51,0,100100658,100100626,0,0,31
52,0,102104059,102104044,0,0,15
53,0,104106274,104106300,0,0,-26
54,0,106108582,106108537,0,0,45
55,0,108112350,108112342,0,0,8
56,0,110112846,110112770,0,0,75
57,0,112115170,112115125,0,0,45
58,0,114118244,114118206,0,0,38
59,0,116120298,116120261,0,0,36
60,0,118121696,118121687,0,0,8
61,0,120125737,120125698,0,0,39
62,0,122126249,122126217,0,0,31
63,0,124128389,124128418,0,0,-29
64,0,126130865,126130892,0,0,-27
65,0,128133844,128133867,0,0,-23
66,0,130135038,130135023,0,0,14
67,0,132137467,132137483,0,0,-16
68,0,134139600,134139546,0,0,53
69,0,136141521,136141473,0,0,48
70,0,138143029,138142881,0,0,147
71,0,140146189,140146157,0,0,31
72,0,142148603,142148552,0,0,50
73,0,144150510,144150471,0,0,38
74,0,146151827,146151758,0,0,69
75,0,148154449,148154413,0,0,36
76,0,150157537,150157512,0,0,24
77,0,152159603,152159569,0,0,33
78,0,154162373,154162329,0,0,44
79,0,156163785,156163734,0,0,51
80,0,158166036,158165971,0,0,65
81,0,160169500,160169460,0,0,39
82,0,162171031,162170971,0,0,60
83,0,164172622,164172651,0,0,-29
84,0,166174141,166174114,0,0,27
85,0,168177087,168177106,0,0,-18
86,0,170178575,170178593,0,0,-17
87,0,172181843,172181850,0,0,-6
88,0,174184041,174183991,0,0,50
89,0,176186255,176186205,0,0,49
90,0,178188486,178188492,0,0,-5
91,0,180190880,180190888,0,0,-7
92,0,182193127,182193143,0,0,-16
93,0,184195383,184195393,0,0,-10
94,0,186197039,186197050,0,0,-11
95,0,188199078,188199044,0,0,34
96,0,190201933,190201865,0,0,67
97,0,192205167,192205113,0,0,53
98,0,194206510,194206426,0,0,83
99,0,196209035,196208981,0,0,54
100,0,198211340,198211262,0,0,78
101,0,200213209,200213119,0,0,89
102,0,202215170,202215162,0,0,7
103,0,204217534,204217560,0,0,-25
104,0,206219641,206219651,0,0,-9
105,0,208223170,208223202,0,0,-31
106,0,210224121,210224076,0,0,45
107,0,212226761,212226723,0,0,38
108,0,214228875,214228835,0,0,39
109,0,216230770,216230721,0,0,48
110,0,218233103,218233008,0,0,94
111,0,220235568,220235530,0,0,38
112,0,222237676,222237617,0,0,58
113,0,224241119,224241080,0,0,39
114,0,226242345,226242301,0,0,43
115,0,228244123,228244143,0,0,-20
116,0,230246538,230246559,0,0,-20
117,0,232248481,232248498,0,0,-16
118,0,234250993,234250999,0,0,-6
119,0,236253012,236253000,0,0,11
120,0,238255330,238255275,0,0,55
121,0,240257865,240257832,0,0,32
122,0,242259569,242259549,0,0,20
123,0,244262240,244262222,0,0,17
124,0,246264169,246264095,0,0,74
125,0,248266197,248266146,0,0,51
126,0,250268208,250268191,0,0,17
127,0,252271147,252271160,0,0,-13
128,0,254273251,254273272,0,0,-21
129,0,256276759,256276800,0,0,-40
130,0,258277769,258277802,0,0,-33
131,0,260279986,260279993,0,0,-6
132,0,262282393,262282397,0,0,-3
133,0,264284096,264284110,0,0,-13
134,0,266287658,266287600,0,0,58
135,0,268289773,268289818,0,0,-44
136,0,270290841,270290884,0,0,-42
137,0,272293447,272293469,0,0,-22
138,0,274295734,274295696,0,0,38
139,0,276297138,276297177,0,0,-39
140,0,278298807,278298842,0,0,-35
141,0,280302039,280302080,0,0,-40
142,0,282304356,282304395,0,0,-38
143,0,284306584,284306626,0,0,-42
144,0,286308881,286308865,0,0,16
145,0,288312146,288312116,0,0,29
146,0,290313146,290313118,0,0,28
147,0,292315084,292315125,0,0,-40
148,0,294316932,294316921,0,0,11
149,0,296319847,296319791,0,0,56
150,0,298321752,298321729,0,0,22
151,0,300323186,300323138,0,0,48
152,0,302326869,302326795,0,0,74
153,0,304328714,304328667,0,0,46
154,0,306331280,306331233,0,0,47
155,0,308334594,308334548,0,0,46
156,0,310336131,310336071,0,0,60
157,0,312337516,312337507,0,0,8
158,0,314339891,314339879,0,0,11
159,0,316342159,316342144,0,0,15
160,0,318344603,318344585,0,0,17
161,0,320347630,320347624,0,0,6
162,0,322348602,322348575,0,0,26
163,0,324351316,324351301,0,0,14
164,0,326353467,326353493,0,0,-25
165,0,328356142,328356125,0,0,16
166,0,330357820,330357779,0,0,40
167,0,332359440,332359392,0,0,47
168,0,334361013,334360973,0,0,40
169,0,336364644,336364666,0,0,-21
170,0,338366532,338366473,0,0,58
171,0,340368542,340368503,0,0,39
172,0,342370960,342370901,0,0,59
173,0,344372739,344372690,0,0,48
174,0,346374656,346374615,0,0,41
175,0,348378100,348378125,0,0,-24
176,0,350379801,350379748,0,0,53
177,0,352382060,352382035,0,0,24
178,0,354384731,354384707,0,0,23
179,0,356386382,356386348,0,0,33
180,0,358388724,358388674,0,0,49
181,0,360390743,360390710,0,0,33
182,0,362392321,362392287,0,0,34
183,0,364395382,364395332,0,0,49
184,0,366397785,366397747,0,0,38
185,0,368399914,368399873,0,0,40
186,0,370402325,370402290,0,0,35
187,0,372404199,372404184,0,0,15
188,0,374406971,374406961,0,0,9
189,0,376408784,376408726,0,0,58
190,0,378410528,378410489,0,0,39
191,0,380412714,380412746,0,0,-31
192,0,382415567,382415603,0,0,-35
193,0,384418256,384418277,0,0,-20
194,0,386419315,386419319,0,0,-3
195,0,388422412,388422453,0,0,-40
196,0,390424739,390424725,0,0,14
197,0,392426481,392426500,0,0,-18
198,0,394428658,394428610,0,0,48
199,0,396430936,396430888,0,0,47
200,0,398433332,398433280,0,0,51
201,0,400435456,400435418,0,0,38
202,0,402437913,402437875,0,0,38
203,0,404439763,404439731,0,0,31
204,0,406442274,406442193,0,0,80
205,0,408445542,408445571,0,0,-29
206,0,410446191,410446203,0,0,-11
207,0,412448792,412448826,0,0,-33
208,0,414451733,414451672,0,0,60
209,0,416453330,416453307,0,0,23
210,0,418456404,418456388,0,0,15
211,0,420457597,420457611,0,0,-13
212,0,422460284,422460309,0,0,-24
213,0,424462139,424462172,0,0,-33
214,0,426464523,426464458,0,0,65
215,0,428466738,428466707,0,0,30
216,0,430468862,430468804,0,0,58
217,0,432471126,432471091,0,0,35
218,0,434473424,434473375,0,0,49
219,0,436476047,436476021,0,0,26
220,0,438478166,438478120,0,0,46
221,0,440480034,440480022,0,0,12
222,0,442482300,442482273,0,0,26
223,0,444484361,444484306,0,0,54
224,0,446486678,446486650,0,0,28
225,0,448488800,448488754,0,0,45
226,0,450491699,450491705,0,0,-5
227,0,452492444,452492310,0,0,134
228,0,454495582,454495577,0,0,4
229,0,456498258,456498200,0,0,58
230,0,458500058,458500000,0,0,58
231,0,460502446,460502415,0,0,31
232,0,462505312,462505304,0,0,8
233,0,464507878,464507826,0,0,51
234,0,466509128,466509098,0,0,29
235,0,468511690,468511646,0,0,44
236,0,470513808,470513762,0,0,45
237,0,472515318,472515291,0,0,26
238,0,474516721,474516679,0,0,41
239,0,476520296,476520323,0,0,-26
240,0,478522943,478522936,0,0,7
241,0,480523841,480523857,0,0,-15
242,0,482527024,482527038,0,0,-13
243,0,484529114,484529105,0,0,8
244,0,486531103,486531110,0,0,-7
245,0,488533531,488533493,0,0,38
246,0,490536451,490536466,0,0,-14
247,0,492538635,492538597,0,0,38
248,0,494540094,494540070,0,0,23
249,0,496541993,496541972,0,0,21
250,0,498544744,498544701,0,0,43
251,0,500548405,500548394,0,0,11
252,0,502549388,502549325,0,0,62
253,0,504551074,504551036,0,0,38
254,0,506553615,506553595,0,0,20
255,0,508556820,508556791,0,0,29
256,0,510558106,510558065,0,0,40
257,0,512560153,512560140,0,0,13
258,0,514563196,514563170,0,0,25
259,0,516565184,516565140,0,0,43
260,0,518567117,518567075,0,0,42
261,0,520569281,520569299,0,0,-17
262,0,522571337,522571350,0,0,-13
263,0,524572355,524572248,0,0,106
264,0,526575694,526575687,0,0,7
265,0,528578103,528578095,0,0,8
266,0,530580710,530580657,0,0,52
267,0,532582950,532582931,0,0,19
268,0,534584678,534584635,0,0,42
269,0,536587036,536587053,0,0,-17
270,0,538589351,538589343,0,0,8
271,0,540591297,540591289,0,0,8
272,0,542594130,542594095,0,0,35
273,0,544595703,544595677,0,0,25
274,0,546597650,546597626,0,0,24
275,0,548599225,548599206,0,0,18
276,0,550602970,550602922,0,0,47
277,0,552604487,552604469,0,0,17
278,0,554607262,554607236,0,0,25
279,0,556608804,556608761,0,0,42
280,0,558611290,558611281,0,0,8
281,0,560614071,560614050,0,0,20
282,0,562615510,562615502,0,0,7
283,0,564617688,564617732,0,0,-44
284,0,566620173,566620184,0,0,-10
285,0,568622402,568622348,0,0,53
286,0,570624635,570624615,0,0,20
287,0,572627179,572627113,0,0,66
288,0,574629305,574629276,0,0,28
289,0,576631505,576631513,0,0,-7
290,0,578634591,578634600,0,0,-9
291,0,580635785,580635795,0,0,-10
292,0,582638485,582638473,0,0,11
293,0,584639887,584639909,0,0,-22
294,0,586641352,586641358,0,0,-6
295,0,588644802,588644813,0,0,-10
296,0,590646846,590646761,0,0,84
297,0,592649077,592649051,0,0,26
298,0,594651188,594651126,0,0,62
299,0,596652927,596652867,0,0,59
300,0,598654784,598654734,0,0,49
301,0,600658182,600658163,0,0,18
302,0,602660727,602660696,0,0,31
303,0,604662116,604662081,0,0,35
304,0,606664040,606663973,0,0,67
305,0,608668361,608668317,0,0,43
306,0,610670395,610670365,0,0,29
307,0,612671208,612671216,0,0,-7
308,0,614674393,614674427,0,0,-33
309,0,616676911,616676919,0,0,-7
310,0,618678543,618678460,0,0,83
311,0,620680293,620680253,0,0,39
312,0,622682330,622682249,0,0,80
313,0,624684505,624684459,0,0,45
314,0,626686293,626686256,0,0,37
315,0,628689198,628689132,0,0,66
316,0,630691714,630691631,0,0,83
317,0,632693496,632693436,0,0,60
318,0,634696352,634696314,0,0,38
319,0,636697772,636697724,0,0,47
320,0,638699608,638699555,0,0,53
321,0,640702614,640702568,0,0,46
322,0,642704771,642704725,0,0,46
323,0,644707726,644707701,0,0,24
324,0,646710118,646710033,0,0,85
325,0,648711159,648711112,0,0,47
326,0,650713350,650713340,0,0,10
327,0,652716734,652716725,0,0,8
328,0,654717921,654717894,0,0,26
329,0,656720155,656720181,0,0,-25
330,0,658722615,658722649,0,0,-33
331,0,660724871,660724816,0,0,54
332,0,662727042,662727058,0,0,-15
333,0,664729116,664729146,0,0,-29
334,0,666732020,666732034,0,0,-13
335,0,668733845,668733814,0,0,31
336,0,670736296,670736258,0,0,38
337,0,672737962,672737924,0,0,38
338,0,674741150,674741120,0,0,29
339,0,676742144,676742120,0,0,24
340,0,678744141,678744109,0,0,32
341,0,680746883,680746868,0,0,15
342,0,682749922,682749875,0,0,47
343,0,684751507,684751477,0,0,29
344,0,686753739,686753691,0,0,47
345,0,688755901,688755869,0,0,32
346,0,690758456,690758424,0,0,32
347,0,692760706,692760691,0,0,15
348,0,694762688,694762725,0,0,-36
349,0,696764848,696764831,0,0,17
350,0,698766996,698766952,0,0,43
351,0,700769156,700769140,0,0,15
352,0,702771366,702771330,0,0,35
353,0,704774371,704774345,0,0,26
354,0,706776985,706776963,0,0,22
355,0,708780666,708780636,0,0,29
356,0,710781366,710781339,0,0,26
357,0,712782937,712782910,0,0,26
358,0,714785257,714785213,0,0,44
359,0,716787127,716787168,0,0,-41
360,0,718789480,718789442,0,0,38
361,0,720791663,720791648,0,0,15
362,0,722793652,722793606,0,0,45
363,0,724796334,724796310,0,0,24
364,0,726798568,726798553,0,0,15
365,0,728800873,728800899,0,0,-26
366,0,730802674,730802638,0,0,35
367,0,732804926,732804898,0,0,27
368,0,734807776,734807797,0,0,-21
369,0,736809326,736809277,0,0,49
370,0,738812131,738812086,0,0,44
371,0,740812613,740812581,0,0,31
372,0,742816221,742816179,0,0,42
373,0,744818161,744818116,0,0,44
374,0,746820337,746820300,0,0,37
375,0,748822252,748822217,0,0,35
376,0,750823487,750823411,0,0,76
377,0,752825751,752825699,0,0,51
378,0,754828010,754827941,0,0,68
379,0,756830274,756830231,0,0,42
380,0,758834582,758834512,0,0,69
381,0,760837183,760837208,0,0,-24
382,0,762838139,762838103,0,0,36
383,0,764840056,764840017,0,0,38
384,0,766842357,766842339,0,0,17
385,0,768844732,768844685,0,0,46
386,0,770847301,770847269,0,0,31
387,0,772850296,772850238,0,0,58
388,0,774851846,774851856,0,0,-9
389,0,776853650,776853598,0,0,51
390,0,778855575,778855592,0,0,-16
391,0,780857017,780856948,0,0,68
392,0,782860207,782860136,0,0,71
393,0,784861997,784861959,0,0,38
394,0,786865060,786865001,0,0,58
395,0,788867258,788867237,0,0,21
396,0,790869411,790869377,0,0,33
397,0,792871285,792871276,0,0,9
398,0,794872928,794872899,0,0,28
399,0,796876192,796876182,0,0,10
400,0,798879303,798879254,0,0,48
401,0,800881865,800881850,0,0,14
402,0,802882653,802882626,0,0,27
403,0,804885038,804885021,0,0,17
404,0,806887065,806887072,0,0,-6
405,0,808891074,808891051,0,0,23
406,0,810891310,810891349,0,0,-39
407,0,812892518,812892496,0,0,21
408,0,814895395,814895362,0,0,33
409,0,816898177,816898139,0,0,38
410,0,818900720,818900744,0,0,-24
411,0,820902905,820902885,0,0,20
412,0,822905207,822905235,0,0,-28
413,0,824906773,824906784,0,0,-11
414,0,826908739,826908765,0,0,-26
415,0,828911354,828911307,0,0,46
416,0,830914964,830914959,0,0,5
417,0,832916943,832916919,0,0,24
418,0,834918445,834918407,0,0,38
419,0,836921995,836921988,0,0,7
420,0,838922752,838922694,0,0,58
421,0,840925443,840925395,0,0,47
422,0,842927619,842927545,0,0,74
423,0,844929613,844929559,0,0,53
424,0,846931658,846931602,0,0,56
425,0,848934123,848934080,0,0,43
426,0,850935777,850935712,0,0,65
427,0,852937199,852937214,0,0,-15
428,0,854940738,854940757,0,0,-18
429,0,856942318,856942325,0,0,-6
430,0,858944127,858944112,0,0,15
431,0,860946939,860946898,0,0,40
432,0,862948083,862948017,0,0,65
433,0,864950534,864950499,0,0,35
434,0,866954213,866954231,0,0,-17
435,0,868956787,868956751,0,0,35
436,0,870957546,870957508,0,0,37
437,0,872960700,872960669,0,0,30
438,0,874962548,874962497,0,0,51
439,0,876964662,876964611,0,0,51
440,0,878966635,878966568,0,0,67
441,0,880969790,880969753,0,0,36
442,0,882972014,882972047,0,0,-32
443,0,884973477,884973444,0,0,32
444,0,886975240,886975213,0,0,26
445,0,888978205,888978170,0,0,34
446,0,890980402,890980355,0,0,46
447,0,892983081,892983043,0,0,38
448,0,894984677,894984629,0,0,47
449,0,896986449,896986405,0,0,44
450,0,898989478,898989469,0,0,9
451,0,900992076,900992046,0,0,30
452,0,902993818,902993800,0,0,17
453,0,904995856,904995813,0,0,42
454,0,906997213,906997175,0,0,38
455,0,909001745,909001735,0,0,9
456,0,911002723,911002674,0,0,49
457,0,913004797,913004824,0,0,-26
458,0,915006421,915006391,0,0,30
459,0,917009305,917009266,0,0,39
460,0,919012165,919012144,0,0,20
461,0,921014131,921014099,0,0,31
462,0,923016426,923016393,0,0,32
463,0,925018368,925018355,0,0,13
464,0,927019993,927019942,0,0,51
465,0,929021988,929021961,0,0,27
466,0,931025026,931025020,0,0,6
467,0,933027190,933027168,0,0,22
468,0,935029675,935029641,0,0,33
469,0,937031105,937031065,0,0,40
470,0,939032791,939032802,0,0,-11
471,0,941035184,941035157,0,0,26
472,0,943038150,943038104,0,0,46
473,0,945039692,945039642,0,0,49
474,0,947042858,947042849,0,0,8
475,0,949045262,949045251,0,0,11
476,0,951047453,951047422,0,0,31
477,0,953049296,953049248,0,0,48
478,0,955050496,955050457,0,0,39
479,0,957053328,957053278,0,0,49
480,0,959057088,959057053,0,0,35
481,0,961059620,961059647,0,0,-27
482,0,963060611,963060625,0,0,-13
483,0,965064103,965064076,0,0,26
484,0,967065444,967065400,0,0,44
485,0,969067081,969067039,0,0,42
486,0,971068468,971068410,0,0,58
487,0,973071515,973071470,0,0,44
488,0,975073435,975073380,0,0,54
489,0,977077152,977077108,0,0,43
490,0,979079270,979079316,0,0,-46
491,0,981080643,981080685,0,0,-42
492,0,983082924,983082899,0,0,24
493,0,985085272,985085245,0,0,26
494,0,987087685,987087706,0,0,-20
495,0,989089588,989089625,0,0,-36
496,0,991091647,991091593,0,0,53
497,0,993093945,993093898,0,0,46
498,0,995096313,995096275,0,0,38
499,0,997099249,997099214,0,0,35
500,0,999100498,999100541,0,0,-42
501,0,1001103321,1001103278,0,0,42
502,0,1003105384,1003105329,0,0,54
503,0,1005107042,1005107061,0,0,-18
504,0,1007108864,1007108806,0,0,58
505,0,1009113946,1009113914,0,0,31
506,0,1011115170,1011115132,0,0,38
507,0,1013116341,1013116301,0,0,39
508,0,1015118038,1015117979,0,0,59
509,0,1017119854,1017119811,0,0,43
510,0,1019122783,1019122743,0,0,40
511,0,1021124696,1021124672,0,0,23
512,0,1023126895,1023126835,0,0,59
513,0,1025129375,1025129390,0,0,-14
514,0,1027130986,1027131020,0,0,-33
515,0,1029134636,1029134651,0,0,-15
516,0,1031137722,1031137704,0,0,17
517,0,1033138864,1033138903,0,0,-39
518,0,1035140667,1035140642,0,0,24
519,0,1037142456,1037142429,0,0,27
520,0,1039144262,1039144213,0,0,49
521,0,1041147037,1041147031,0,0,6
522,0,1043149173,1043149152,0,0,20
523,0,1045151979,1045151970,0,0,8
524,0,1047154464,1047154415,0,0,48
525,0,1049155992,1049155948,0,0,44
526,0,1051157689,1051157638,0,0,51
527,0,1053161307,1053161262,0,0,44
528,0,1055164089,1055164100,0,0,-10
529,0,1057166391,1057166415,0,0,-24
530,0,1059167685,1059167698,0,0,-12
531,0,1061169501,1061169517,0,0,-15
532,0,1063172114,1063172149,0,0,-35
533,0,1065173789,1065173820,0,0,-30
534,0,1067175826,1067175803,0,0,22
535,0,1069178041,1069178089,0,0,-48
536,0,1071179993,1071180027,0,0,-33
537,0,1073183056,1073183019,0,0,36
538,0,1075185210,1075185242,0,0,-31
539,0,1077187188,1077187179,0,0,8
540,0,1079189698,1079189712,0,0,-13
541,0,1081192065,1081192089,0,0,-24
542,0,1083193932,1083193975,0,0,-42
543,0,1085196249,1085196211,0,0,37
544,0,1087198779,1087198739,0,0,39
545,0,1089200801,1089200796,0,0,4
546,0,1091202921,1091202895,0,0,26
547,0,1093205390,1093205375,0,0,15
548,0,1095209119,1095209108,0,0,11
549,0,1097209534,1097209559,0,0,-25
550,0,1099212243,1099212186,0,0,56
551,0,1101214166,1101214107,0,0,59
552,0,1103216651,1103216596,0,0,55
553,0,1105218217,1105218166,0,0,51
554,0,1107220103,1107220045,0,0,58
555,0,1109225090,1109225039,0,0,51
556,0,1111226675,1111226681,0,0,-6
557,0,1113227355,1113227316,0,0,39
558,0,1115229706,1115229666,0,0,40
559,0,1117232214,1117232177,0,0,36
560,0,1119234706,1119234616,0,0,89
561,0,1121236377,1121236333,0,0,43
562,0,1123238692,1123238644,0,0,47
563,0,1125240970,1125240916,0,0,54
564,0,1127244215,1127244187,0,0,28
565,0,1129245055,1129245025,0,0,29
566,0,1131246519,1131246465,0,0,54
567,0,1133250017,1133249977,0,0,40
568,0,1135251797,1135251773,0,0,24
569,0,1137252993,1137252964,0,0,29
570,0,1139255598,1139255574,0,0,24
571,0,1141258591,1141258566,0,0,24
572,0,1143261006,1143260997,0,0,8
573,0,1145263150,1145263188,0,0,-38
574,0,1147265835,1147265812,0,0,23
575,0,1149267949,1149267919,0,0,29
576,0,1151269865,1151269829,0,0,36
577,0,1153271946,1153271931,0,0,15
578,0,1155274130,1155274094,0,0,36
579,0,1157277057,1157277035,0,0,21
580,0,1159279793,1159279771,0,0,21
581,0,1161281578,1161281537,0,0,40
582,0,1163283431,1163283373,0,0,58
583,0,1165285099,1165285083,0,0,16
584,0,1167286679,1167286624,0,0,54
585,0,1169289255,1169289220,0,0,34
586,0,1171291107,1171291080,0,0,27
587,0,1173294393,1173294362,0,0,31
588,0,1175296476,1175296449,0,0,26
589,0,1177298433,1177298386,0,0,47
590,0,1179300444,1179300398,0,0,45
591,0,1181303006,1181302955,0,0,51
592,0,1183305289,1183305231,0,0,58
593,0,1185308093,1185308056,0,0,37
594,0,1187309440,1187309456,0,0,-15
595,0,1189311320,1189311451,0,0,-130
596,0,1191315669,1191315646,0,0,23
597,0,1193316495,1193316533,0,0,-38
598,0,1195318597,1195318531,0,0,66
599,0,1197320672,1197320643,0,0,29
600,0,1199322260,1199322195,0,0,65
601,0,1201324798,1201324766,0,0,32
602,0,1203326689,1203326651,0,0,38
603,0,1205329661,1205329624,0,0,36
604,0,1207332640,1207332604,0,0,35
605,0,1209336119,1209336091,0,0,28
606,0,1211336770,1211336724,0,0,45
607,0,1213338942,1213338888,0,0,53
608,0,1215340797,1215340737,0,0,60
609,0,1217342427,1217342399,0,0,28
610,0,1219344412,1219344377,0,0,35
611,0,1221347750,1221347705,0,0,45
612,0,1223351337,1223351324,0,0,13
613,0,1225351854,1225351846,0,0,8
614,0,1227353446,1227353388,0,0,58
615,0,1229356283,1229356248,0,0,34
616,0,1231358604,1231358562,0,0,42
617,0,1233360478,1233360447,0,0,30
618,0,1235362330,1235362305,0,0,24
619,0,1237365413,1237365375,0,0,38
620,0,1239367955,1239367988,0,0,-32
621,0,1241369339,1241369355,0,0,-16
622,0,1243371060,1243371083,0,0,-22
623,0,1245373555,1245373603,0,0,-48
624,0,1247375561,1247375539,0,0,22
625,0,1249379319,1249379305,0,0,13
626,0,1251380849,1251380804,0,0,44
627,0,1253383487,1253383456,0,0,30
628,0,1255386469,1255386447,0,0,22
629,0,1257387254,1257387233,0,0,21
630,0,1259388921,1259388865,0,0,55
631,0,1261392703,1261392661,0,0,41
632,0,1263394849,1263394792,0,0,56
633,0,1265396583,1265396570,0,0,13
634,0,1267399108,1267399095,0,0,13
635,0,1269400596,1269400581,0,0,15
636,0,1271402361,1271402324,0,0,36
637,0,1273404858,1273404906,0,0,-48
638,0,1275406665,1275406639,0,0,25
639,0,1277409576,1277409567,0,0,8
640,0,1279411025,1279411067,0,0,-42
641,0,1281414310,1281414285,0,0,25
642,0,1283415571,1283415563,0,0,8
643,0,1285419287,1285419330,0,0,-42
644,0,1287422177,1287422208,0,0,-30
645,0,1289423294,1289423283,0,0,11
646,0,1291426049,1291426036,0,0,13
647,0,1293427688,1293427670,0,0,17
648,0,1295429993,1295429955,0,0,38
649,0,1297431826,1297431820,0,0,6
650,0,1299433811,1299433806,0,0,4
651,0,1301436615,1301436609,0,0,6
652,0,1303438871,1303438838,0,0,33
653,0,1305441110,1305441087,0,0,22
654,0,1307444268,1307444229,0,0,38
655,0,1309447808,1309447788,0,0,20
656,0,1311447982,1311447946,0,0,36
657,0,1313450151,1313450137,0,0,14
658,0,1315452339,1315452324,0,0,14
659,0,1317454712,1317454685,0,0,26
660,0,1319457563,1319457572,0,0,-8
661,0,1321458400,1321458433,0,0,-33
662,0,1323460212,1323460249,0,0,-36
663,0,1325463269,1325463295,0,0,-25
664,0,1327466119,1327466133,0,0,-14
665,0,1329467567,1329467582,0,0,-15
666,0,1331469085,1331469044,0,0,40
667,0,1333471959,1333471922,0,0,37
668,0,1335474144,1335474121,0,0,22
669,0,1337476256,1337476233,0,0,22
670,0,1339479165,1339479134,0,0,30
671,0,1341481049,1341481025,0,0,24
672,0,1343483307,1343483337,0,0,-29
673,0,1345485267,1345485236,0,0,30
674,0,1347486876,1347486838,0,0,38
675,0,1349489769,1349489759,0,0,9
676,0,1351493144,1351493102,0,0,42
677,0,1353494735,1353494688,0,0,47
678,0,1355496716,1355496665,0,0,51
679,0,1357498858,1357498819,0,0,38
680,0,1359501258,1359501216,0,0,42
681,0,1361503476,1361503501,0,0,-24
682,0,1363505568,1363505563,0,0,4
683,0,1365507919,1365507923,0,0,-4
684,0,1367509996,1367509948,0,0,47
685,0,1369512429,1369512465,0,0,-35
686,0,1371513965,1371514004,0,0,-38
687,0,1373515628,1373515616,0,0,11
688,0,1375520627,1375520571,0,0,56
689,0,1377522494,1377522458,0,0,35
690,0,1379523487,1379523460,0,0,26
691,0,1381525582,1381525542,0,0,39
692,0,1383528825,1383528806,0,0,18
693,0,1385529584,1385529617,0,0,-32
694,0,1387531271,1387531282,0,0,-10
695,0,1389534053,1389534094,0,0,-40
696,0,1391535692,1391535645,0,0,46
697,0,1393538883,1393538827,0,0,55
698,0,1395541725,1395541674,0,0,51
699,0,1397543024,1397543000,0,0,24
700,0,1399544611,1399544552,0,0,58
701,0,1401547382,1401547319,0,0,63
702,0,1403549426,1403549367,0,0,59
703,0,1405552783,1405552716,0,0,66
704,0,1407554579,1407554471,0,0,107
705,0,1409558240,1409558152,0,0,88
706,0,1411559303,1411559295,0,0,8
707,0,1413561444,1413561458,0,0,-13
708,0,1415563802,1415563813,0,0,-11
709,0,1417566722,1417566672,0,0,49
710,0,1419568042,1419567988,0,0,53
711,0,1421570078,1421570020,0,0,58
712,0,1423572377,1423572291,0,0,85
713,0,1425574260,1425574220,0,0,40
714,0,1427576112,1427576143,0,0,-30
715,0,1429579350,1429579293,0,0,57
716,0,1431581671,1431581629,0,0,42
717,0,1433583236,1433583179,0,0,56
718,0,1435584942,1435584907,0,0,34
719,0,1437588003,1437588029,0,0,-25
720,0,1439589919,1439589910,0,0,9
721,0,1441591561,1441591575,0,0,-13
722,0,1443594346,1443594365,0,0,-18
723,0,1445595793,1445595750,0,0,43
724,0,1447599096,1447599059,0,0,36
725,0,1449602325,1449602344,0,0,-19
726,0,1451604134,1451604112,0,0,22
727,0,1453605894,1453605844,0,0,50
728,0,1455608073,1455607996,0,0,76
729,0,1457609873,1457609824,0,0,49
730,0,1459611458,1459611415,0,0,42
731,0,1461614586,1461614531,0,0,55
732,0,1463617638,1463617598,0,0,39
733,0,1465619125,1465619104,0,0,21
734,0,1467621390,1467621355,0,0,35
735,0,1469623652,1469623683,0,0,-30
736,0,1471625634,1471625640,0,0,-5
737,0,1473627503,1473627527,0,0,-23
738,0,1475629373,1475629408,0,0,-35
739,0,1477633217,1477633231,0,0,-13
740,0,1479636204,1479636170,0,0,33
741,0,1481637966,1481637953,0,0,12
742,0,1483639206,1483639146,0,0,60
743,0,1485640974,1485640965,0,0,8
744,0,1487642548,1487642528,0,0,20
745,0,1489646065,1489646057,0,0,8
746,0,1491649095,1491649026,0,0,69
747,0,1493650975,1493650953,0,0,22
748,0,1495652249,1495652210,0,0,38
749,0,1497653626,1497653611,0,0,14
750,0,1499656642,1499656617,0,0,24
751,0,1501657889,1501657914,0,0,-24
752,0,1503661718,1503661658,0,0,60
753,0,1505664186,1505664154,0,0,32
754,0,1507665983,1507665955,0,0,28
755,0,1509669955,1509669905,0,0,49
756,0,1511670311,1511670283,0,0,28
757,0,1513673254,1513673212,0,0,42
758,0,1515673607,1515673587,0,0,20
759,0,1517677495,1517677474,0,0,21
760,0,1519679193,1519679158,0,0,34
761,0,1521681276,1521681248,0,0,28
762,0,1523684022,1523683994,0,0,28
763,0,1525685536,1525685523,0,0,13
764,0,1527688237,1527688203,0,0,33
765,0,1529690130,1529690098,0,0,31
766,0,1531692512,1531692476,0,0,35
767,0,1533694138,1533694169,0,0,-31
768,0,1535696396,1535696359,0,0,36
769,0,1537699476,1537699437,0,0,39
770,0,1539701592,1539701552,0,0,40
771,0,1541704057,1541704096,0,0,-39
772,0,1543706285,1543706298,0,0,-13
773,0,1545708664,1545708698,0,0,-34
774,0,1547709644,1547709688,0,0,-44
775,0,1549712235,1549712206,0,0,29
776,0,1551713958,1551713944,0,0,13
777,0,1553716955,1553716993,0,0,-38
778,0,1555718954,1555718921,0,0,33
779,0,1557720379,1557720351,0,0,27
780,0,1559723323,1559723300,0,0,23
781,0,1561724303,1561724339,0,0,-35
782,0,1563727378,1563727370,0,0,8
783,0,1565730577,1565730532,0,0,45
784,0,1567732992,1567733011,0,0,-19
785,0,1569734530,1569734584,0,0,-53
786,0,1571735705,1571735675,0,0,29
787,0,1573738159,1573738116,0,0,43
788,0,1575741827,1575741849,0,0,-22
789,0,1577744247,1577744283,0,0,-35
790,0,1579744929,1579744891,0,0,38
791,0,1581748204,1581748185,0,0,18
792,0,1583750242,1583750264,0,0,-21
793,0,1585752539,1585752593,0,0,-53
794,0,1587754741,1587754713,0,0,27
795,0,1589756696,1589756686,0,0,9
796,0,1591758415,1591758480,0,0,-65
797,0,1593761679,1593761665,0,0,14
798,0,1595763608,1595763570,0,0,38
799,0,1597765613,1597765605,0,0,7
800,0,1599768285,1599768255,0,0,30
801,0,1601770140,1601770103,0,0,37
802,0,1603772314,1603772290,0,0,23
803,0,1605775480,1605775438,0,0,42
804,0,1607777423,1607777381,0,0,42
805,0,1609781646,1609781626,0,0,20
806,0,1611781543,1611781492,0,0,51
807,0,1613783503,1613783470,0,0,33
808,0,1615785851,1615785824,0,0,27
809,0,1617787892,1617787840,0,0,51
810,0,1619789038,1619789000,0,0,38
811,0,1621791501,1621791465,0,0,35
812,0,1623794925,1623794866,0,0,59
813,0,1625797056,1625797008,0,0,47
814,0,1627799374,1627799346,0,0,28
815,0,1629801381,1629801370,0,0,11
816,0,1631804406,1631804335,0,0,71
817,0,1633805784,1633805798,0,0,-13
818,0,1635807006,1635806978,0,0,28
819,0,1637810338,1637810287,0,0,51
820,0,1639813721,1639813671,0,0,49
821,0,1641816812,1641816742,0,0,69
822,0,1643817300,1643817224,0,0,76
823,0,1645819282,1645819222,0,0,59
824,0,1647821628,1647821561,0,0,66
825,0,1649823623,1649823575,0,0,47
826,0,1651826287,1651826222,0,0,65
827,0,1653828011,1653828028,0,0,-16
828,0,1655830684,1655830676,0,0,7
829,0,1657832476,1657832429,0,0,47
830,0,1659833931,1659833907,0,0,24
831,0,1661836955,1661836897,0,0,58
832,0,1663839472,1663839418,0,0,53
833,0,1665841475,1665841438,0,0,37
834,0,1667844556,1667844496,0,0,59
835,0,1669846761,1669846730,0,0,31
836,0,1671849546,1671849495,0,0,50
837,0,1673851882,1673851791,0,0,90
838,0,1675852648,1675852629,0,0,19
839,0,1677854770,1677854723,0,0,47
840,0,1679857662,1679857601,0,0,60
841,0,1681859165,1681859179,0,0,-14
842,0,1683862074,1683861984,0,0,89
843,0,1685863991,1685863932,0,0,58
844,0,1687866197,1687866157,0,0,40
845,0,1689867950,1689867896,0,0,53
846,0,1691869938,1691869862,0,0,75
847,0,1693872684,1693872642,0,0,42
848,0,1695876014,1695875925,0,0,89
849,0,1697877956,1697877900,0,0,56
850,0,1699878366,1699878378,0,0,-12
851,0,1701881371,1701881393,0,0,-22
852,0,1703884344,1703884321,0,0,22
853,0,1705887381,1705887368,0,0,12
854,0,1707888586,1707888576,0,0,9
855,0,1709891703,1709891734,0,0,-31
856,0,1711892765,1711892775,0,0,-10
857,0,1713894480,1713894505,0,0,-24
858,0,1715896234,1715896208,0,0,25
859,0,1717899750,1717899772,0,0,-22
860,0,1719901911,1719901883,0,0,28
861,0,1721903659,1721903626,0,0,32
862,0,1723905217,1723905159,0,0,58
863,0,1725908184,1725908147,0,0,36
864,0,1727910659,1727910589,0,0,69
865,0,1729913013,1729912973,0,0,40
866,0,1731914579,1731914544,0,0,35
867,0,1733916429,1733916391,0,0,37
868,0,1735920168,1735920148,0,0,19
869,0,1737922487,1737922452,0,0,34
870,0,1739923746,1739923735,0,0,11
871,0,1741925841,1741925872,0,0,-31
872,0,1743929092,1743929107,0,0,-15
873,0,1745930661,1745930629,0,0,32
874,0,1747932723,1747932729,0,0,-5
875,0,1749935593,1749935566,0,0,26
876,0,1751937298,1751937278,0,0,19
877,0,1753939637,1753939616,0,0,20
878,0,1755942039,1755941993,0,0,45
879,0,1757943804,1757943746,0,0,58
880,0,1759947230,1759947071,0,0,158
881,0,1761948424,1761948411,0,0,13
882,0,1763950354,1763950332,0,0,21
883,0,1765952427,1765952412,0,0,15
884,0,1767954072,1767954060,0,0,12
885,0,1769957261,1769957302,0,0,-40
886,0,1771959361,1771959420,0,0,-58
887,0,1773962235,1773962176,0,0,59
888,0,1775964536,1775964510,0,0,25
889,0,1777965913,1777965882,0,0,31
890,0,1779966984,1779966961,0,0,22
891,0,1781969455,1781969430,0,0,24
892,0,1783972907,1783972943,0,0,-36
893,0,1785975388,1785975411,0,0,-22
894,0,1787978195,1787978185,0,0,9
895,0,1789980461,1789980439,0,0,22
896,0,1791982208,1791982194,0,0,13
897,0,1793984566,1793984500,0,0,66
898,0,1795986125,1795986082,0,0,42
899,0,1797989025,1797988963,0,0,62
900,0,1799990901,1799990846,0,0,55
901,0,1801993843,1801993816,0,0,26
902,0,1803997658,1803997611,0,0,46
903,0,1805997002,1805996981,0,0,21
904,0,1808000030,1808000009,0,0,20
905,0,1810003414,1810003387,0,0,26
906,0,1812004444,1812004438,0,0,6
907,0,1814005698,1814005673,0,0,25
908,0,1816007570,1816007541,0,0,28
909,0,1818010631,1818010662,0,0,-31
910,0,1820012943,1820012867,0,0,75
911,0,1822015125,1822015109,0,0,16
912,0,1824017078,1824017127,0,0,-48
913,0,1826019455,1826019440,0,0,14
914,0,1828022027,1828022061,0,0,-33
915,0,1830023905,1830023930,0,0,-25
916,0,1832026467,1832026492,0,0,-24
917,0,1834028563,1834028608,0,0,-44
918,0,1836030767,1836030807,0,0,-40
919,0,1838032698,1838032735,0,0,-36
920,0,1840035212,1840035172,0,0,40
921,0,1842037213,1842037201,0,0,11
922,0,1844040068,1844040027,0,0,40
923,0,1846041626,1846041602,0,0,24
924,0,1848043764,1848043743,0,0,20
925,0,1850045306,1850045295,0,0,11
926,0,1852048890,1852048833,0,0,56
927,0,1854051104,1854051091,0,0,13
928,0,1856052477,1856052449,0,0,27
929,0,1858054178,1858054215,0,0,-37
930,0,1860057577,1860057568,0,0,8
931,0,1862060126,1862060173,0,0,-46
932,0,1864062260,1864062282,0,0,-21
933,0,1866063923,1866063956,0,0,-32
934,0,1868066026,1868066017,0,0,8
935,0,1870067916,1870067883,0,0,33
936,0,1872071402,1872071415,0,0,-13
937,0,1874072729,1874072761,0,0,-32
938,0,1876074991,1876074985,0,0,5
939,0,1878077229,1878077242,0,0,-13
940,0,1880079361,1880079377,0,0,-15
941,0,1882080529,1882080548,0,0,-18
942,0,1884082792,1884082739,0,0,53
943,0,1886085479,1886085498,0,0,-19
944,0,1888088667,1888088627,0,0,39
945,0,1890090289,1890090220,0,0,68
946,0,1892092512,1892092435,0,0,76
947,0,1894094816,1894094739,0,0,76
948,0,1896096361,1896096330,0,0,31
949,0,1898099194,1898099168,0,0,26
950,0,1900102129,1900102058,0,0,71
951,0,1902104014,1902103988,0,0,26
952,0,1904106930,1904106921,0,0,8
953,0,1906109033,1906109017,0,0,15
954,0,1908111407,1908111332,0,0,74
955,0,1910114819,1910114749,0,0,69
956,0,1912115357,1912115310,0,0,47
957,0,1914117120,1914117067,0,0,52
958,0,1916118605,1916118554,0,0,51
959,0,1918121651,1918121627,0,0,24
960,0,1920124187,1920124159,0,0,28
961,0,1922126346,1922126310,0,0,35
962,0,1924128482,1924128404,0,0,78
963,0,1926131359,1926131377,0,0,-17
964,0,1928132977,1928132911,0,0,66
965,0,1930135105,1930135056,0,0,48
966,0,1932137002,1932136993,0,0,8
967,0,1934138819,1934138831,0,0,-11
968,0,1936141986,1936141977,0,0,9
969,0,1938144050,1938144084,0,0,-33
970,0,1940146817,1940146759,0,0,58
971,0,1942148489,1942148460,0,0,29
972,0,1944150692,1944150687,0,0,4
973,0,1946153340,1946153314,0,0,25
974,0,1948155274,1948155215,0,0,59
975,0,1950157150,1950157105,0,0,45
976,0,1952158722,1952158758,0,0,-35
977,0,1954161930,1954161978,0,0,-48
978,0,1956163989,1956163959,0,0,29
979,0,1958166419,1958166383,0,0,35
980,0,1960168577,1960168510,0,0,66
981,0,1962170710,1962170664,0,0,46
982,0,1964174003,1964173942,0,0,60
983,0,1966174958,1966174905,0,0,52
984,0,1968176522,1968176447,0,0,75
985,0,1970179750,1970179692,0,0,58
986,0,1972181843,1972181788,0,0,55
987,0,1974184398,1974184353,0,0,44
988,0,1976186589,1976186525,0,0,64
989,0,1978188701,1978188673,0,0,27
990,0,1980191462,1980191417,0,0,44
991,0,1982193035,1982193053,0,0,-18
992,0,1984195629,1984195570,0,0,58
993,0,1986197590,1986197543,0,0,46
994,0,1988200000,1988199939,0,0,60
995,0,1990202851,1990202775,0,0,76
996,0,1992205148,1992205124,0,0,23
997,0,1994206169,1994206158,0,0,11
998,0,1996208691,1996208643,0,0,47
999,0,1998210808,1998210784,0,0,24
1000,0,2000212965,2000212904,0,0,60
1001,0,2002215265,2002215257,0,0,8
1002,0,2004217482,2004217423,0,0,58
1003,0,2006218907,2006218934,0,0,-27
1004,0,2008222008,2008222042,0,0,-33
1005,0,2010225647,2010225684,0,0,-36
1006,0,2012226525,2012226550,0,0,-25
1007,0,2014228703,2014228734,0,0,-31
1008,0,2016231337,2016231359,0,0,-22
1009,0,2018232830,2018232869,0,0,-38
1010,0,2020234382,2020234357,0,0,24
1011,0,2022238105,2022238126,0,0,-20
1012,0,2024239548,2024239514,0,0,33
1013,0,2026241679,2026241671,0,0,7
1014,0,2028245201,2028245152,0,0,49
1015,0,2030246334,2030246307,0,0,26
1016,0,2032248703,2032248663,0,0,40
1017,0,2034250721,2034250712,0,0,8
1018,0,2036252170,2036252141,0,0,29
1019,0,2038255201,2038255231,0,0,-30
1020,0,2040257550,2040257589,0,0,-39
1021,0,2042259761,2042259744,0,0,17
1022,0,2044261894,2044261857,0,0,37
1023,0,2046264126,2046264151,0,0,-24
1024,0,2048266748,2048266764,0,0,-15
1025,0,2050269017,2050268988,0,0,29
1026,0,2052270831,2052270854,0,0,-23
1027,0,2054273307,2054273339,0,0,-31
1028,0,2056275638,2056275601,0,0,37
1029,0,2058277700,2058277660,0,0,39
1030,0,2060281174,2060281139,0,0,35
1031,0,2062282052,2062282038,0,0,13
1032,0,2064284217,2064284170,0,0,47
1033,0,2066286827,2066286803,0,0,24
1034,0,2068288770,2068288731,0,0,39
1035,0,2070289891,2070289855,0,0,35
1036,0,2072292910,2072292877,0,0,33
1037,0,2074294451,2074294417,0,0,33
1038,0,2076297714,2076297692,0,0,21
1039,0,2078300062,2078300097,0,0,-34
1040,0,2080302956,2080302941,0,0,14
1041,0,2082305049,2082305089,0,0,-40
1042,0,2084305854,2084305822,0,0,31
1043,0,2086308767,2086308723,0,0,43
1044,0,2088311865,2088311874,0,0,-8
1045,0,2090312908,2090312894,0,0,14
1046,0,2092315654,2092315616,0,0,38
1047,0,2094317463,2094317518,0,0,-54
1048,0,2096320228,2096320211,0,0,16
1049,0,2098322254,2098322292,0,0,-38
1050,0,2100324350,2100324379,0,0,-28
1051,0,2102326633,2102326671,0,0,-38
1052,0,2104328464,2104328433,0,0,30
1053,0,2106330042,2106329998,0,0,43
1054,0,2108333542,2108333516,0,0,25
1055,0,2110336861,2110336856,0,0,5
1056,0,2112337649,2112337640,0,0,9
1057,0,2114340275,2114340301,0,0,-25
1058,0,2116341997,2116342014,0,0,-16
1059,0,2118344764,2118344813,0,0,-49
1060,0,2120346663,2120346676,0,0,-13
1061,0,2122348899,2122348852,0,0,47
1062,0,2124350972,2124350899,0,0,72
1063,0,2126353098,2126353047,0,0,51
1064,0,2128355359,2128355262,0,0,96
1065,0,2130358038,2130357983,0,0,55
1066,0,2132359515,2132359464,0,0,51
1067,0,2134361075,2134361023,0,0,51
1068,0,2136364952,2136364912,0,0,40
1069,0,2138367267,2138367228,0,0,38
1070,0,2140368788,2140368728,0,0,60
1071,0,2142370559,2142370526,0,0,33
1072,0,2144372053,2144372024,0,0,28
1073,0,2146374274,2146374219,0,0,54
1074,0,2148376685,2148376644,0,0,40
1075,0,2150379887,2150379836,0,0,51
1076,0,2152382134,2152382102,0,0,31
1077,0,2154383782,2154383741,0,0,41
1078,0,2156385344,2156385310,0,0,34
1079,0,2158388740,2158388706,0,0,33
1080,0,2160390987,2160390949,0,0,38
1081,0,2162392710,2162392676,0,0,33
1082,0,2164394286,2164394257,0,0,29
1083,0,2166397589,2166397575,0,0,14
1084,0,2168400004,2168399957,0,0,47
1085,0,2170402265,2170402238,0,0,26
1086,0,2172404725,2172404687,0,0,37
1087,0,2174407006,2174406982,0,0,24
1088,0,2176409483,2176409421,0,0,62
1089,0,2178410848,2178410818,0,0,29
1090,0,2180412484,2180412475,0,0,8
1091,0,2182415540,2182415546,0,0,-5
1092,0,2184417530,2184417555,0,0,-24
1093,0,2186418597,2186418604,0,0,-6
1094,0,2188420813,2188420837,0,0,-24
1095,0,2190424424,2190424459,0,0,-35
1096,0,2192426532,2192426449,0,0,82
1097,0,2194429253,2194429211,0,0,42
1098,0,2196430458,2196430419,0,0,39
1099,0,2198431766,2198431736,0,0,29
1100,0,2200434770,2200434809,0,0,-38
1101,0,2202437809,2202437849,0,0,-40
1102,0,2204440088,2204440052,0,0,35
1103,0,2206442076,2206442019,0,0,56
1104,0,2208444341,2208444285,0,0,56
1105,0,2210448171,2210448134,0,0,36
1106,0,2212449677,2212449612,0,0,65
1107,0,2214450955,2214450919,0,0,36
1108,0,2216453530,2216453492,0,0,38
1109,0,2218455453,2218455407,0,0,46
1110,0,2220457602,2220457514,0,0,87
1111,0,2222459779,2222459735,0,0,43
1112,0,2224461658,2224461584,0,0,74
1113,0,2226464470,2226464435,0,0,35
1114,0,2228466728,2228466685,0,0,42
1115,0,2230468844,2230468810,0,0,34
1116,0,2232469791,2232469744,0,0,47
1117,0,2234472310,2234472256,0,0,53
1118,0,2236475768,2236475694,0,0,74
1119,0,2238477222,2238477196,0,0,25
1120,0,2240479377,2240479322,0,0,55
1121,0,2242482133,2242482082,0,0,51
1122,0,2244484615,2244484600,0,0,14
1123,0,2246487268,2246487274,0,0,-6
1124,0,2248489496,2248489519,0,0,-22
1125,0,2250491078,2250491091,0,0,-13
1126,0,2252493351,2252493273,0,0,78
1127,0,2254495378,2254495345,0,0,33
1128,0,2256498566,2256498518,0,0,47
1129,0,2258499766,2258499735,0,0,31
1130,0,2260501435,2260501385,0,0,49
1131,0,2262503209,2262503232,0,0,-22
1132,0,2264505884,2264505842,0,0,42
1133,0,2266509312,2266509265,0,0,47
1134,0,2268511539,2268511516,0,0,22
1135,0,2270513182,2270513173,0,0,9
1136,0,2272516229,2272516200,0,0,29
1137,0,2274517709,2274517725,0,0,-16
1138,0,2276520507,2276520477,0,0,29
1139,0,2278522217,2278522179,0,0,38
1140,0,2280524537,2280524556,0,0,-19
1141,0,2282526648,2282526690,0,0,-42
1142,0,2284528906,2284528923,0,0,-16
1143,0,2286531166,2286531179,0,0,-13
1144,0,2288533791,2288533822,0,0,-31
1145,0,2290535633,2290535660,0,0,-26
1146,0,2292538188,2292538150,0,0,37
1147,0,2294540321,2294540343,0,0,-22
1148,0,2296542769,2296542788,0,0,-19
1149,0,2298544130,2298544107,0,0,22
1150,0,2300545789,2300545752,0,0,37
1151,0,2302548910,2302548882,0,0,28
1152,0,2304550372,2304550378,0,0,-6
1153,0,2306553489,2306553461,0,0,27
1154,0,2308555703,2308555652,0,0,51
1155,0,2310560430,2310560413,0,0,17
1156,0,2312561826,2312561800,0,0,25
1157,0,2314562637,2314562608,0,0,28
1158,0,2316564503,2316564494,0,0,8
1159,0,2318566584,2318566618,0,0,-34
1160,0,2320569120,2320569149,0,0,-29
1161,0,2322570998,2322571024,0,0,-25
1162,0,2324573139,2324573107,0,0,31
1163,0,2326576316,2326576352,0,0,-36
1164,0,2328577998,2328577957,0,0,40
1165,0,2330579688,2330579677,0,0,11
1166,0,2332581502,2332581462,0,0,39
1167,0,2334584997,2334584971,0,0,26
1168,0,2336587830,2336587791,0,0,39
1169,0,2338589806,2338589791,0,0,15
1170,0,2340590003,2340589965,0,0,38
1171,0,2342593552,2342593546,0,0,6
1172,0,2344597425,2344597380,0,0,44
1173,0,2346598152,2346598125,0,0,26
1174,0,2348599981,2348599936,0,0,44
1175,0,2350602763,2350602728,0,0,35
1176,0,2352604755,2352604707,0,0,47
1177,0,2354607501,2354607472,0,0,28
1178,0,2356609022,2356608956,0,0,66
1179,0,2358611229,2358611173,0,0,55
1180,0,2360613433,2360613423,0,0,9
1181,0,2362615582,2362615608,0,0,-26
1182,0,2364618782,2364618821,0,0,-38
1183,0,2366622235,2366622223,0,0,12
1184,0,2368623313,2368623361,0,0,-48
1185,0,2370624755,2370624788,0,0,-33
1186,0,2372626867,2372626818,0,0,48
1187,0,2374629216,2374629205,0,0,11
1188,0,2376631496,2376631452,0,0,43
1189,0,2378634019,2378634001,0,0,17
1190,0,2380635835,2380635777,0,0,58
1191,0,2382637843,2382637804,0,0,39
1192,0,2384640550,2384640516,0,0,33
1193,0,2386642970,2386642930,0,0,40
1194,0,2388645489,2388645532,0,0,-42
1195,0,2390647873,2390647889,0,0,-15
1196,0,2392649543,2392649573,0,0,-29
1197,0,2394651905,2394651856,0,0,49
1198,0,2396653274,2396653288,0,0,-13
1199,0,2398654587,2398654613,0,0,-25
1200,0,2400658497,2400658534,0,0,-37
1201,0,2402660808,2402660835,0,0,-27
1202,0,2404662804,2404662837,0,0,-33
1203,0,2406664739,2406664777,0,0,-38
1204,0,2408667406,2408667431,0,0,-24
1205,0,2410670321,2410670269,0,0,51
1206,0,2412671199,2412671104,0,0,94
1207,0,2414673712,2414673674,0,0,38
1208,0,2416677344,2416677268,0,0,76
1209,0,2418678179,2418678121,0,0,58
1210,0,2420680418,2420680357,0,0,61
1211,0,2422682544,2422682510,0,0,34
1212,0,2424684788,2424684811,0,0,-22
1213,0,2426686820,2426686835,0,0,-15
1214,0,2428689454,2428689442,0,0,11
1215,0,2430691361,2430691330,0,0,31
1216,0,2432693555,2432693489,0,0,65
1217,0,2434695896,2434695878,0,0,17
1218,0,2436698698,2436698710,0,0,-11
1219,0,2438701422,2438701437,0,0,-15
1220,0,2440704105,2440704130,0,0,-24
1221,0,2442704740,2442704765,0,0,-24
1222,0,2444707053,2444706989,0,0,64
1223,0,2446708876,2446708845,0,0,31
1224,0,2448711477,2448711469,0,0,7
1225,0,2450713457,2450713421,0,0,35
1226,0,2452716292,2452716253,0,0,38
1227,0,2454717964,2454717923,0,0,40
1228,0,2456720675,2456720623,0,0,51
1229,0,2458722075,2458722029,0,0,46
1230,0,2460723634,2460723599,0,0,35
1231,0,2462726567,2462726552,0,0,14
1232,0,2464728081,2464728013,0,0,67
1233,0,2466731867,2466731847,0,0,19
1234,0,2468733589,2468733615,0,0,-26
1235,0,2470736144,2470736121,0,0,23
1236,0,2472738669,2472738642,0,0,26
1237,0,2474740403,2474740419,0,0,-15
1238,0,2476743072,2476743160,0,0,-87
1239,0,2478745302,2478745332,0,0,-30
1240,0,2480748073,2480748082,0,0,-8
1241,0,2482749069,2482749096,0,0,-26
1242,0,2484751421,2484751363,0,0,58
1243,0,2486753689,2486753711,0,0,-22
1244,0,2488755797,2488755805,0,0,-8
1245,0,2490758027,2490757997,0,0,30
1246,0,2492760196,2492760222,0,0,-25
1247,0,2494762696,2494762691,0,0,5
1248,0,2496764857,2496764819,0,0,38
1249,0,2498766880,2498766842,0,0,38
1250,0,2500769132,2500769078,0,0,53
1251,0,2502771683,2502771658,0,0,24
1252,0,2504774337,2504774312,0,0,24
1253,0,2506775658,2506775629,0,0,29
1254,0,2508777000,2508776966,0,0,33
1255,0,2510781839,2510781797,0,0,42
1256,0,2512783744,2512783669,0,0,74
1257,0,2514785739,2514785700,0,0,39
1258,0,2516788496,2516788452,0,0,43
1259,0,2518789207,2518789168,0,0,38
1260,0,2520791751,2520791709,0,0,42
1261,0,2522793440,2522793434,0,0,6
1262,0,2524795862,2524795817,0,0,44
1263,0,2526798835,2526798791,0,0,44
1264,0,2528799332,2528799301,0,0,31
1265,0,2530802224,2530802177,0,0,47
1266,0,2532804016,2532803963,0,0,53
1267,0,2534807034,2534806989,0,0,44
1268,0,2536809202,2536809156,0,0,46
1269,0,2538811519,2538811483,0,0,35
1270,0,2540813880,2540813835,0,0,44
1271,0,2542816367,2542816350,0,0,16
1272,0,2544820072,2544820023,0,0,49
1273,0,2546821407,2546821370,0,0,36
1274,0,2548822386,2548822420,0,0,-33
1275,0,2550823503,2550823489,0,0,13
1276,0,2552826161,2552826115,0,0,46
1277,0,2554829656,2554829689,0,0,-33
1278,0,2556832042,2556832071,0,0,-29
1279,0,2558833631,2558833605,0,0,25
1280,0,2560835763,2560835720,0,0,42
1281,0,2562837646,2562837678,0,0,-31
1282,0,2564840296,2564840268,0,0,27
1283,0,2566843600,2566843573,0,0,26
1284,0,2568846387,2568846359,0,0,27
1285,0,2570846999,2570846971,0,0,27
1286,0,2572849361,2572849351,0,0,9
1287,0,2574852040,2574852026,0,0,13
1288,0,2576854934,2576854889,0,0,44
1289,0,2578855853,2578855828,0,0,24
1290,0,2580858017,2580858011,0,0,5
1291,0,2582859487,2582859463,0,0,23
1292,0,2584862662,2584862647,0,0,15
1293,0,2586864820,2586864808,0,0,11
1294,0,2588867231,2588867220,0,0,11
1295,0,2590869208,2590869193,0,0,15
1296,0,2592871802,2592871758,0,0,43
1297,0,2594873566,2594873531,0,0,35
1298,0,2596875297,2596875357,0,0,-60
1299,0,2598878080,2598878123,0,0,-42
1300,0,2600880428,2600880490,0,0,-62
1301,0,2602882469,2602882512,0,0,-42
1302,0,2604884224,2604884204,0,0,19
1303,0,2606887261,2606887244,0,0,16
1304,0,2608890866,2608890826,0,0,39
1305,0,2610892234,2610892224,0,0,9
1306,0,2612893092,2612893083,0,0,9
1307,0,2614895851,2614895837,0,0,14
1308,0,2616898635,2616898600,0,0,35
1309,0,2618900467,2618900480,0,0,-13
1310,0,2620903233,2620903193,0,0,40
1311,0,2622904847,2622904795,0,0,51
1312,0,2624907171,2624907132,0,0,38
1313,0,2626909652,2626909617,0,0,34
1314,0,2628911977,2628911970,0,0,6
1315,0,2630915256,2630915247,0,0,9
1316,0,2632916977,2632917011,0,0,-33
1317,0,2634917920,2634917915,0,0,4
1318,0,2636919647,2636919571,0,0,75
1319,0,2638923411,2638923364,0,0,47
1320,0,2640926446,2640926391,0,0,54
1321,0,2642927032,2642926998,0,0,33
1322,0,2644929721,2644929674,0,0,47
1323,0,2646931978,2646931948,0,0,29
1324,0,2648934047,2648933988,0,0,59
1325,0,2650935893,2650935867,0,0,26
1326,0,2652937294,2652937266,0,0,28
1327,0,2654940460,2654940426,0,0,33
1328,0,2656943589,2656943530,0,0,58
1329,0,2658945883,2658945835,0,0,47
1330,0,2660947247,2660947201,0,0,45
1331,0,2662949716,2662949752,0,0,-35
1332,0,2664951689,2664951724,0,0,-35
1333,0,2666953485,2666953428,0,0,57
1334,0,2668955975,2668955905,0,0,70
1335,0,2670959108,2670959058,0,0,49
1336,0,2672960732,2672960672,0,0,60
1337,0,2674962705,2674962661,0,0,44
1338,0,2676965081,2676965038,0,0,43
1339,0,2678966964,2678966975,0,0,-11
1340,0,2680968428,2680968373,0,0,54
1341,0,2682971251,2682971203,0,0,48
1342,0,2684972810,2684972758,0,0,51
1343,0,2686975950,2686975975,0,0,-24
1344,0,2688977731,2688977746,0,0,-14
1345,0,2690980658,2690980610,0,0,48
1346,0,2692982874,2692982814,0,0,60
1347,0,2694984878,2694984836,0,0,41
1348,0,2696988226,2696988200,0,0,26
1349,0,2698990310,2698990260,0,0,49
1350,0,2700990914,2700990862,0,0,51
1351,0,2702994119,2702994087,0,0,31
1352,0,2704997326,2704997260,0,0,65
1353,0,2706998653,2706998619,0,0,33
1354,0,2709000686,2709000642,0,0,43
1355,0,2711004335,2711004322,0,0,13
1356,0,2713005417,2713005376,0,0,41
1357,0,2715007173,2715007107,0,0,65
1358,0,2717009775,2717009740,0,0,35
1359,0,2719011663,2719011613,0,0,49
1360,0,2721014020,2721013964,0,0,56
1361,0,2723016406,2723016357,0,0,49
1362,0,2725018672,2725018617,0,0,54
1363,0,2727021319,2727021310,0,0,8
1364,0,2729023101,2729023076,0,0,24
1365,0,2731024753,2731024770,0,0,-16
1366,0,2733026516,2733026460,0,0,56
1367,0,2735030014,2735029996,0,0,17
1368,0,2737032798,2737032761,0,0,37
1369,0,2739034662,2739034630,0,0,32
1370,0,2741035804,2741035739,0,0,65
1371,0,2743037322,2743037350,0,0,-28
1372,0,2745041537,2745041557,0,0,-20
1373,0,2747044343,2747044307,0,0,35
1374,0,2749045494,2749045462,0,0,31
1375,0,2751047294,2751047256,0,0,38
1376,0,2753049480,2753049422,0,0,58
1377,0,2755051544,2755051514,0,0,29
1378,0,2757053574,2757053564,0,0,9
1379,0,2759056531,2759056494,0,0,36
1380,0,2761058603,2761058595,0,0,8
1381,0,2763060489,2763060463,0,0,26
1382,0,2765062528,2765062473,0,0,54
1383,0,2767063619,2767063605,0,0,13
1384,0,2769066240,2769066176,0,0,64
1385,0,2771069152,2771069116,0,0,35
1386,0,2773070715,2773070734,0,0,-18
1387,0,2775074139,2775074118,0,0,20
1388,0,2777076062,2777076033,0,0,29
1389,0,2779077285,2779077261,0,0,23
1390,0,2781079629,2781079614,0,0,14
1391,0,2783083434,2783083388,0,0,46
1392,0,2785085536,2785085484,0,0,51
1393,0,2787087165,2787087132,0,0,33
1394,0,2789088489,2789088453,0,0,36
1395,0,2791092173,2791092137,0,0,36
1396,0,2793093968,2793093919,0,0,48
1397,0,2795096262,2795096221,0,0,40
1398,0,2797098632,2797098603,0,0,29
1399,0,2799100842,2799100803,0,0,39
1400,0,2801103313,2801103258,0,0,55
1401,0,2803105917,2803105879,0,0,38
1402,0,2805106040,2805106000,0,0,39
1403,0,2807108701,2807108662,0,0,39
1404,0,2809112381,2809112371,0,0,9
1405,0,2811115976,2811115960,0,0,15
1406,0,2813116187,2813116146,0,0,41
1407,0,2815118518,2815118466,0,0,51
1408,0,2817120640,2817120592,0,0,47
1409,0,2819123253,2819123230,0,0,23
1410,0,2821125913,2821125869,0,0,44
1411,0,2823127860,2823127813,0,0,47
1412,0,2825129733,2825129703,0,0,29
1413,0,2827131757,2827131714,0,0,42
1414,0,2829133969,2829133928,0,0,41
1415,0,2831136667,2831136615,0,0,51
1416,0,2833139341,2833139247,0,0,94
1417,0,2835142262,2835142221,0,0,40
1418,0,2837143434,2837143470,0,0,-35
1419,0,2839145179,2839145215,0,0,-35
1420,0,2841147766,2841147786,0,0,-20
1421,0,2843149299,2843149294,0,0,4
1422,0,2845150811,2845150786,0,0,25
1423,0,2847153768,2847153743,0,0,24
1424,0,2849155296,2849155330,0,0,-33
1425,0,2851158359,2851158335,0,0,24
1426,0,2853160086,2853160051,0,0,34
1427,0,2855162788,2855162775,0,0,12
1428,0,2857165528,2857165516,0,0,11
1429,0,2859167792,2859167777,0,0,14
1430,0,2861170411,2861170402,0,0,8
1431,0,2863172321,2863172294,0,0,26
1432,0,2865174461,2865174423,0,0,38
1433,0,2867178121,2867178110,0,0,11
1434,0,2869179298,2869179253,0,0,44
1435,0,2871180492,2871180485,0,0,6
1436,0,2873182602,2873182589,0,0,13
1437,0,2875185047,2875185028,0,0,19
1438,0,2877186435,2877186405,0,0,30
1439,0,2879189557,2879189537,0,0,20
1440,0,2881192125,2881192086,0,0,39
1441,0,2883194155,2883194130,0,0,25
1442,0,2885196629,2885196667,0,0,-38
1443,0,2887199604,2887199542,0,0,61
1444,0,2889201944,2889201903,0,0,40
1445,0,2891203152,2891203104,0,0,48
1446,0,2893205443,2893205403,0,0,40
1447,0,2895207566,2895207528,0,0,38
1448,0,2897210392,2897210332,0,0,59
1449,0,2899213491,2899213507,0,0,-16
1450,0,2901214005,2901213982,0,0,23
1451,0,2903216434,2903216444,0,0,-9
1452,0,2905218602,2905218613,0,0,-11
1453,0,2907220940,2907220905,0,0,35
1454,0,2909222996,2909222941,0,0,54
1455,0,2911226723,2911226681,0,0,42
1456,0,2913227465,2913227383,0,0,81
1457,0,2915229777,2915229788,0,0,-10
1458,0,2917231887,2917231902,0,0,-15
1459,0,2919234209,2919234246,0,0,-36
1460,0,2921236646,2921236686,0,0,-40
1461,0,2923238658,2923238618,0,0,39
1462,0,2925241395,2925241332,0,0,63
1463,0,2927243082,2927243058,0,0,23
1464,0,2929245892,2929245883,0,0,8
1465,0,2931248464,2931248422,0,0,42
1466,0,2933249729,2933249652,0,0,76
1467,0,2935252094,2935252077,0,0,16
1468,0,2937254791,2937254782,0,0,9
1469,0,2939256062,2939256038,0,0,24
1470,0,2941257892,2941257857,0,0,34
1471,0,2943260621,2943260577,0,0,43
1472,0,2945261970,2945261912,0,0,58
1473,0,2947265644,2947265620,0,0,24
1474,0,2949267676,2949267629,0,0,46
1475,0,2951270606,2951270564,0,0,42
1476,0,2953273224,2953273176,0,0,47
1477,0,2955274285,2955274276,0,0,8
1478,0,2957276409,2957276337,0,0,72
1479,0,2959278388,2959278343,0,0,44
1480,0,2961280633,2961280638,0,0,-4
1481,0,2963284202,2963284238,0,0,-35
1482,0,2965285487,2965285449,0,0,38
1483,0,2967287496,2967287454,0,0,42
1484,0,2969289987,2969289952,0,0,35
1485,0,2971291627,2971291604,0,0,22
1486,0,2973293858,2973293829,0,0,29
1487,0,2975296420,2975296401,0,0,19
1488,0,2977299406,2977299382,0,0,24
1489,0,2979301093,2979301051,0,0,41
1490,0,2981303200,2981303164,0,0,35
1491,0,2983305336,2983305311,0,0,24
1492,0,2985307538,2985307480,0,0,57
1493,0,2987309339,2987309292,0,0,47
1494,0,2989311761,2989311712,0,0,48
1495,0,2991314283,2991314246,0,0,37
1496,0,2993316919,2993316843,0,0,75
1497,0,2995319805,2995319797,0,0,8
1498,0,2997320976,2997320928,0,0,48
1499,0,2999322993,2999322959,0,0,33
1500,0,3001326449,3001326359,0,0,89
1501,0,3003328120,3003328092,0,0,27
1502,0,3005328894,3005328851,0,0,42
1503,0,3007332029,3007331995,0,0,33
1504,0,3009334846,3009334786,0,0,60
1505,0,3011338510,3011338479,0,0,31
1506,0,3013339091,3013339112,0,0,-21
1507,0,3015340948,3015340982,0,0,-34
1508,0,3017343382,3017343399,0,0,-17
1509,0,3019345065,3019345081,0,0,-15
1510,0,3021347219,3021347165,0,0,53
1511,0,3023349596,3023349582,0,0,14
1512,0,3025351061,3025351096,0,0,-35
1513,0,3027354249,3027354204,0,0,44
1514,0,3029356563,3029356532,0,0,30
1515,0,3031358858,3031358836,0,0,21
1516,0,3033361269,3033361224,0,0,44
1517,0,3035362906,3035362894,0,0,12
1518,0,3037364568,3037364534,0,0,34
1519,0,3039367681,3039367653,0,0,27
1520,0,3041369897,3041369880,0,0,16
1521,0,3043371855,3043371907,0,0,-51
1522,0,3045373844,3045373866,0,0,-22
1523,0,3047376518,3047376534,0,0,-16
1524,0,3049379282,3049379253,0,0,29
1525,0,3051380964,3051380927,0,0,37
1526,0,3053383341,3053383285,0,0,56
1527,0,3055386006,3055385967,0,0,39
1528,0,3057387782,3057387746,0,0,36
1529,0,3059389759,3059389695,0,0,64
1530,0,3061391375,3061391305,0,0,69
1531,0,3063394329,3063394263,0,0,65
1532,0,3065397720,3065397675,0,0,44
1533,0,3067399325,3067399364,0,0,-38
1534,0,3069399974,3069399999,0,0,-24
1535,0,3071403349,3071403375,0,0,-25
1536,0,3073405648,3073405588,0,0,59
1537,0,3075407568,3075407532,0,0,36
1538,0,3077410369,3077410301,0,0,67
1539,0,3079413005,3079412986,0,0,18
1540,0,3081415305,3081415281,0,0,23
1541,0,3083416216,3083416191,0,0,25
1542,0,3085418029,3085418007,0,0,21
1543,0,3087421546,3087421548,0,0,-2
1544,0,3089423701,3089423671,0,0,29
1545,0,3091426307,3091426282,0,0,24
1546,0,3093426904,3093426876,0,0,28
1547,0,3095429959,3095429903,0,0,56
1548,0,3097431872,3097431829,0,0,43
1549,0,3099432800,3099432741,0,0,59
1550,0,3101435750,3101435721,0,0,29
1551,0,3103437800,3103437755,0,0,45
1552,0,3105441388,3105441307,0,0,80
1553,0,3107443351,3107443300,0,0,51
1554,0,3109445442,3109445417,0,0,24
1555,0,3111448797,3111448755,0,0,42
1556,0,3113450271,3113450252,0,0,19
1557,0,3115452061,3115452047,0,0,14
1558,0,3117454644,3117454579,0,0,64
1559,0,3119456593,3119456558,0,0,35
1560,0,3121459795,3121459771,0,0,23
1561,0,3123462366,3123462345,0,0,21
1562,0,3125463714,3125463669,0,0,44
1563,0,3127465318,3127465292,0,0,25
1564,0,3129467225,3129467193,0,0,32
1565,0,3131470394,3131470435,0,0,-40
1566,0,3133472380,3133472348,0,0,31
1567,0,3135474900,3135474863,0,0,36
1568,0,3137476876,3137476852,0,0,24
1569,0,3139479146,3139479116,0,0,29
1570,0,3141480737,3141480719,0,0,17
1571,0,3143482615,3143482584,0,0,31
1572,0,3145485723,3145485679,0,0,43
1573,0,3147488278,3147488239,0,0,39
1574,0,3149490338,3149490298,0,0,40
1575,0,3151492013,3151491972,0,0,41
1576,0,3153493408,3153493330,0,0,78
1577,0,3155496728,3155496688,0,0,39
1578,0,3157498848,3157498802,0,0,45
1579,0,3159501238,3159501180,0,0,58
1580,0,3161503503,3161503494,0,0,8
1581,0,3163506273,3163506314,0,0,-40
1582,0,3165507847,3165507861,0,0,-13
1583,0,3167509594,3167509613,0,0,-19
1584,0,3169511573,3169511485,0,0,87
1585,0,3171514893,3171514869,0,0,23
1586,0,3173516817,3173516797,0,0,20
1587,0,3175519548,3175519516,0,0,31
1588,0,3177521166,3177521144,0,0,21
1589,0,3179523689,3179523640,0,0,49
1590,0,3181526132,3181526085,0,0,47
1591,0,3183527568,3183527537,0,0,30
1592,0,3185528855,3185528831,0,0,24
1593,0,3187531347,3187531379,0,0,-31
1594,0,3189535097,3189535092,0,0,5
1595,0,3191536973,3191537005,0,0,-32
1596,0,3193539061,3193539035,0,0,26
1597,0,3195541197,3195541224,0,0,-27
1598,0,3197543170,3197543197,0,0,-27
1599,0,3199545040,3199545071,0,0,-31
1600,0,3201548071,3201548103,0,0,-31
1601,0,3203550205,3203550225,0,0,-20
1602,0,3205553015,3205553026,0,0,-11
1603,0,3207555772,3207555808,0,0,-36
1604,0,3209557770,3209557808,0,0,-38
1605,0,3211560192,3211560164,0,0,28
1606,0,3213560503,3213560449,0,0,53
1607,0,3215563386,3215563357,0,0,28
1608,0,3217565494,3217565469,0,0,24
1609,0,3219567046,3219567006,0,0,39
1610,0,3221571211,3221571161,0,0,49
1611,0,3223572291,3223572247,0,0,43
1612,0,3225574784,3225574710,0,0,74
1613,0,3227576871,3227576830,0,0,41
1614,0,3229579096,3229579071,0,0,24
1615,0,3231581181,3231581134,0,0,46
1616,0,3233583604,3233583553,0,0,51
1617,0,3235586094,3235586082,0,0,11
1618,0,3237588818,3237588757,0,0,60
1619,0,3239591582,3239591530,0,0,51
1620,0,3241592572,3241592550,0,0,22
1621,0,3243594721,3243594685,0,0,35
1622,0,3245597094,3245597105,0,0,-11
1623,0,3247599274,3247599243,0,0,31
1624,0,3249601338,3249601305,0,0,33
1625,0,3251603550,3251603507,0,0,42
1626,0,3253606901,3253606919,0,0,-18
1627,0,3255607887,3255607859,0,0,27
1628,0,3257610067,3257610019,0,0,48
1629,0,3259612626,3259612600,0,0,26
1630,0,3261614422,3261614395,0,0,26
1631,0,3263615860,3263615817,0,0,43
1632,0,3265619523,3265619503,0,0,20
1633,0,3267621270,3267621220,0,0,49
1634,0,3269623761,3269623678,0,0,83
1635,0,3271626944,3271626897,0,0,47
1636,0,3273629141,3273629128,0,0,13
1637,0,3275630121,3275630089,0,0,31
1638,0,3277633154,3277633128,0,0,25
1639,0,3279634661,3279634643,0,0,17
1640,0,3281636912,3281636874,0,0,38
1641,0,3283639132,3283639098,0,0,33
1642,0,3285642518,3285642498,0,0,19
1643,0,3287643874,3287643851,0,0,22
1644,0,3289645891,3289645901,0,0,-10
1645,0,3291648230,3291648269,0,0,-39
1646,0,3293650433,3293650382,0,0,51
1647,0,3295652704,3295652675,0,0,29
1648,0,3297655284,3297655233,0,0,51
1649,0,3299657554,3299657510,0,0,43
1650,0,3301658627,3301658598,0,0,29
1651,0,3303659962,3303659936,0,0,26
1652,0,3305662663,3305662712,0,0,-49
1653,0,3307665640,3307665605,0,0,34
1654,0,3309668204,3309668158,0,0,45
1655,0,3311672013,3311671997,0,0,16
1656,0,3313672714,3313672694,0,0,20
1657,0,3315675044,3315675017,0,0,27
1658,0,3317678348,3317678296,0,0,51
1659,0,3319678985,3319678954,0,0,31
1660,0,3321681192,3321681151,0,0,40
1661,0,3323682299,3323682285,0,0,14
1662,0,3325684851,3325684934,0,0,-82
1663,0,3327687880,3327687844,0,0,36
1664,0,3329690380,3329690369,0,0,11
1665,0,3331693173,3331693140,0,0,32
1666,0,3333694932,3333694901,0,0,31
1667,0,3335696638,3335696679,0,0,-40
1668,0,3337698541,3337698550,0,0,-9
1669,0,3339701597,3339701589,0,0,7
1670,0,3341703777,3341703737,0,0,40
1671,0,3343705555,3343705546,0,0,9
1672,0,3345706990,3345706935,0,0,54
1673,0,3347710500,3347710494,0,0,5
1674,0,3349713509,3349713544,0,0,-35
1675,0,3351714516,3351714483,0,0,33
1676,0,3353717650,3353717689,0,0,-38
1677,0,3355719462,3355719512,0,0,-49
1678,0,3357721503,3357721534,0,0,-31
1679,0,3359723480,3359723522,0,0,-42
1680,0,3361725956,3361725923,0,0,32
1681,0,3363728002,3363727980,0,0,22
1682,0,3365730373,3365730362,0,0,11
1683,0,3367732186,3367732158,0,0,27
1684,0,3369734079,3369734053,0,0,25
1685,0,3371736604,3371736590,0,0,14
1686,0,3373738405,3373738419,0,0,-13
1687,0,3375741251,3375741238,0,0,13
1688,0,3377744465,3377744451,0,0,14
1689,0,3379746669,3379746626,0,0,42
1690,0,3381748328,3381748269,0,0,58
1691,0,3383750518,3383750494,0,0,24
1692,0,3385752955,3385752928,0,0,26
1693,0,3387755281,3387755318,0,0,-36
1694,0,3389757326,3389757355,0,0,-29
1695,0,3391759667,3391759654,0,0,13
1696,0,3393761352,3393761301,0,0,51
1697,0,3395764408,3395764389,0,0,19
1698,0,3397765964,3397765932,0,0,31
1699,0,3399769684,3399769638,0,0,45
1700,0,3401771653,3401771635,0,0,17
1701,0,3403772483,3403772438,0,0,44
1702,0,3405775008,3405774950,0,0,58
1703,0,3407777526,3407777501,0,0,25
1704,0,3409779476,3409779418,0,0,58
1705,0,3411782833,3411782809,0,0,23
1706,0,3413784585,3413784543,0,0,42
1707,0,3415785778,3415785706,0,0,71
1708,0,3417788842,3417788797,0,0,44
1709,0,3419790312,3419790275,0,0,36
1710,0,3421792541,3421792513,0,0,27
1711,0,3423794865,3423794827,0,0,38
1712,0,3425797161,3425797174,0,0,-13
1713,0,3427799473,3427799503,0,0,-30
1714,0,3429802426,3429802443,0,0,-17
1715,0,3431804930,3431804961,0,0,-31
1716,0,3433805854,3433805835,0,0,19
1717,0,3435808820,3435808805,0,0,14
1718,0,3437810467,3437810458,0,0,8
1719,0,3439812698,3439812664,0,0,33
1720,0,3441815011,3441814957,0,0,53
1721,0,3443816911,3443816887,0,0,23
1722,0,3445819640,3445819591,0,0,48
1723,0,3447821757,3447821682,0,0,74
1724,0,3449823487,3449823397,0,0,89
1725,0,3451824976,3451824907,0,0,68
1726,0,3453828299,3453828250,0,0,49
1727,0,3455830299,3455830242,0,0,56
1728,0,3457832865,3457832788,0,0,76
1729,0,3459835548,3459835477,0,0,70
1730,0,3461837815,3461837757,0,0,58
1731,0,3463840026,3463839981,0,0,45
1732,0,3465841642,3465841635,0,0,6
1733,0,3467844629,3467844566,0,0,63
1734,0,3469846083,3469846017,0,0,65
1735,0,3471848312,3471848265,0,0,46
1736,0,3473850531,3473850443,0,0,87
1737,0,3475851290,3475851239,0,0,51
1738,0,3477854817,3477854755,0,0,62
1739,0,3479857016,3479856968,0,0,48
1740,0,3481859047,3481859007,0,0,39
1741,0,3483860547,3483860489,0,0,58
1742,0,3485862809,3485862763,0,0,46
1743,0,3487865633,3487865581,0,0,52
1744,0,3489867719,3489867712,0,0,7
1745,0,3491870352,3491870292,0,0,59
1746,0,3493872792,3493872752,0,0,39
1747,0,3495875249,3495875200,0,0,48
1748,0,3497877379,3497877343,0,0,35
1749,0,3499878806,3499878766,0,0,40
1750,0,3501880787,3501880739,0,0,47
1751,0,3503883973,3503883922,0,0,51
1752,0,3505887577,3505887564,0,0,12
1753,0,3507888791,3507888757,0,0,34
1754,0,3509889478,3509889413,0,0,64
1755,0,3511893633,3511893676,0,0,-43
1756,0,3513895006,3513894934,0,0,71
1757,0,3515898248,3515898225,0,0,22
1758,0,3517899354,3517899312,0,0,41
1759,0,3519901478,3519901456,0,0,21
1760,0,3521904013,3521903954,0,0,58
1761,0,3523905896,3523905840,0,0,55
1762,0,3525907602,3525907547,0,0,55
1763,0,3527911341,3527911358,0,0,-17
1764,0,3529913752,3529913712,0,0,40
1765,0,3531914571,3531914548,0,0,23
1766,0,3533916493,3533916460,0,0,33
1767,0,3535919029,3535918993,0,0,35
1768,0,3537920573,3537920564,0,0,8
1769,0,3539923921,3539923912,0,0,8
1770,0,3541926285,3541926250,0,0,35
1771,0,3543929780,3543929748,0,0,31
1772,0,3545930957,3545930993,0,0,-35
1773,0,3547933207,3547933219,0,0,-11
1774,0,3549935040,3549935076,0,0,-36
1775,0,3551936752,3551936769,0,0,-17
1776,0,3553938545,3553938535,0,0,9
1777,0,3555941638,3555941683,0,0,-44
1778,0,3557944099,3557944114,0,0,-14
1779,0,3559946348,3559946378,0,0,-29
1780,0,3561948030,3561948015,0,0,15
1781,0,3563949586,3563949557,0,0,29
1782,0,3565952808,3565952907,0,0,-99
1783,0,3567954681,3567954644,0,0,36
1784,0,3569956314,3569956305,0,0,8
1785,0,3571959896,3571959865,0,0,31
1786,0,3573961616,3573961574,0,0,42
1787,0,3575965060,3575965035,0,0,25
1788,0,3577966662,3577966634,0,0,28
1789,0,3579968592,3579968564,0,0,27
1790,0,3581971283,3581971270,0,0,12
1791,0,3583973002,3583972984,0,0,18
1792,0,3585975082,3585975042,0,0,39
1793,0,3587977523,3587977505,0,0,17
1794,0,3589979700,3589979677,0,0,22
1795,0,3591982531,3591982514,0,0,16
1796,0,3593985177,3593985123,0,0,53
1797,0,3595986277,3595986298,0,0,-20
1798,0,3597989142,3597989124,0,0,17
1799,0,3599990496,3599990481,0,0,14
1800,0,3601992871,3601992848,0,0,23
1801,0,3603994985,3603995024,0,0,-38
1802,0,3605997699,3605997744,0,0,-44
1803,0,3608000713,3608000693,0,0,20
1804,0,3610001811,3610001757,0,0,53
1805,0,3612005046,3612005011,0,0,35
1806,0,3614006808,3614006859,0,0,-50
1807,0,3616008490,3616008523,0,0,-33
1808,0,3618011127,3618011136,0,0,-8
1809,0,3620012723,3620012698,0,0,24
1810,0,3622015404,3622015388,0,0,16
1811,0,3624016926,3624016912,0,0,14
1812,0,3626018784,3626018754,0,0,29
1813,0,3628021434,3628021387,0,0,47
1814,0,3630023345,3630023387,0,0,-42
1815,0,3632026184,3632026203,0,0,-18
1816,0,3634028660,3634028674,0,0,-13
1817,0,3636031165,3636031194,0,0,-29
1818,0,3638033138,3638033177,0,0,-39
1819,0,3640035813,3640035846,0,0,-32
1820,0,3642036483,3642036510,0,0,-26
1821,0,3644039620,3644039572,0,0,48
1822,0,3646041801,3646041766,0,0,34
1823,0,3648043916,3648043878,0,0,38
1824,0,3650047085,3650047060,0,0,24
1825,0,3652050221,3652050182,0,0,39
1826,0,3654050841,3654050793,0,0,47
1827,0,3656052799,3656052764,0,0,35
1828,0,3658055734,3658055680,0,0,54
1829,0,3660057527,3660057496,0,0,30
1830,0,3662059687,3662059650,0,0,36
1831,0,3664061678,3664061652,0,0,26
1832,0,3666064210,3666064175,0,0,34
1833,0,3668066137,3668066110,0,0,26
1834,0,3670068495,3670068477,0,0,17
1835,0,3672070889,3672070858,0,0,31
1836,0,3674073262,3674073233,0,0,29
1837,0,3676074931,3676074881,0,0,49
1838,0,3678076475,3678076451,0,0,24
1839,0,3680079484,3680079438,0,0,46
1840,0,3682082188,3682082151,0,0,36
1841,0,3684084258,3684084294,0,0,-35
1842,0,3686086372,3686086343,0,0,28
1843,0,3688088583,3688088481,0,0,101
1844,0,3690090620,3690090559,0,0,60
1845,0,3692093272,3692093213,0,0,58
1846,0,3694095551,3694095507,0,0,44
1847,0,3696097771,3696097710,0,0,61
1848,0,3698099757,3698099680,0,0,77
1849,0,3700101638,3700101576,0,0,61
1850,0,3702103083,3702102986,0,0,97
1851,0,3704106818,3704106802,0,0,16
1852,0,3706108507,3706108434,0,0,73
1853,0,3708110735,3708110700,0,0,35
1854,0,3710113086,3710113028,0,0,58
1855,0,3712116170,3712116119,0,0,51
1856,0,3714117308,3714117249,0,0,58
1857,0,3716120592,3716120552,0,0,40
1858,0,3718121939,3718121873,0,0,66
1859,0,3720124948,3720124915,0,0,33
1860,0,3722126690,3722126616,0,0,74
1861,0,3724128256,3724128230,0,0,26
1862,0,3726129893,3726129852,0,0,40
1863,0,3728132805,3728132811,0,0,-6
1864,0,3730135339,3730135272,0,0,67
1865,0,3732138101,3732138056,0,0,44
1866,0,3734139764,3734139791,0,0,-26
1867,0,3736142737,3736142756,0,0,-18
1868,0,3738144658,3738144595,0,0,63
1869,0,3740146186,3740146141,0,0,45
1870,0,3742147808,3742147766,0,0,42
1871,0,3744151012,3744150972,0,0,40
1872,0,3746153092,3746153025,0,0,67
1873,0,3748154818,3748154779,0,0,38
1874,0,3750156192,3750156148,0,0,44
1875,0,3752158373,3752158350,0,0,23
1876,0,3754160798,3754160768,0,0,29
1877,0,3756163713,3756163687,0,0,26
1878,0,3758165366,3758165312,0,0,53
1879,0,3760168559,3760168513,0,0,45
1880,0,3762170695,3762170687,0,0,8
1881,0,3764173030,3764172988,0,0,42
1882,0,3766175146,3766175115,0,0,31
1883,0,3768177672,3768177611,0,0,61
1884,0,3770180947,3770180890,0,0,56
1885,0,3772182161,3772182176,0,0,-15
1886,0,3774184219,3774184240,0,0,-20
1887,0,3776186176,3776186146,0,0,29
1888,0,3778188368,3778188308,0,0,60
1889,0,3780189609,3780189543,0,0,66
1890,0,3782192072,3782192053,0,0,19
1891,0,3784195747,3784195792,0,0,-44
1892,0,3786197725,3786197746,0,0,-20
1893,0,3788199343,3788199352,0,0,-8
1894,0,3790201343,3790201298,0,0,44
1895,0,3792203729,3792203696,0,0,33
1896,0,3794205221,3794205206,0,0,15
1897,0,3796207134,3796207191,0,0,-56
1898,0,3798209530,3798209502,0,0,28
1899,0,3800211631,3800211616,0,0,14
1900,0,3802215143,3802215093,0,0,49
1901,0,3804217065,3804217107,0,0,-42
1902,0,3806219051,3806219058,0,0,-7
1903,0,3808222468,3808222462,0,0,5
1904,0,3810224114,3810224090,0,0,24
1905,0,3812227784,3812227777,0,0,7
1906,0,3814228789,3814228829,0,0,-39
1907,0,3816230552,3816230584,0,0,-32
1908,0,3818231960,3818231986,0,0,-25
1909,0,3820234916,3820234935,0,0,-18
1910,0,3822237127,3822237061,0,0,65
1911,0,3824239969,3824239939,0,0,30
1912,0,3826242269,3826242215,0,0,53
1913,0,3828244550,3828244520,0,0,29
1914,0,3830246631,3830246604,0,0,27
1915,0,3832248906,3832248868,0,0,38
1916,0,3834252242,3834252224,0,0,17
1917,0,3836253476,3836253408,0,0,67
1918,0,3838255691,3838255684,0,0,6
1919,0,3840257467,3840257418,0,0,49
1920,0,3842260105,3842260058,0,0,47
1921,0,3844265029,3844264973,0,0,56
1922,0,3846264983,3846264948,0,0,35
1923,0,3848267469,3848267449,0,0,20
1924,0,3850270020,3850269970,0,0,49
1925,0,3852271150,3852271125,0,0,24
1926,0,3854272973,3854272948,0,0,24
1927,0,3856275516,3856275500,0,0,16
1928,0,3858277606,3858277617,0,0,-11
1929,0,3860279716,3860279730,0,0,-14
1930,0,3862281980,3862281919,0,0,61
1931,0,3864284820,3864284861,0,0,-41
1932,0,3866287699,3866287733,0,0,-33
1933,0,3868288863,3868288890,0,0,-26
1934,0,3870291198,3870291240,0,0,-42
1935,0,3872293118,3872293080,0,0,38
1936,0,3874295800,3874295741,0,0,58
1937,0,3876297399,3876297431,0,0,-32
1938,0,3878299577,3878299543,0,0,33
1939,0,3880301053,3880301037,0,0,15
1940,0,3882304481,3882304456,0,0,24
1941,0,3884306089,3884306144,0,0,-54
1942,0,3886308199,3886308232,0,0,-33
1943,0,3888311584,3888311617,0,0,-33
1944,0,3890313156,3890313182,0,0,-25
1945,0,3892315298,3892315355,0,0,-57
1946,0,3894317726,3894317755,0,0,-28
1947,0,3896320002,3896320044,0,0,-42
1948,0,3898322867,3898322833,0,0,34
1949,0,3900323387,3900323364,0,0,23
1950,0,3902326310,3902326266,0,0,44
1951,0,3904327682,3904327657,0,0,24
1952,0,3906331231,3906331291,0,0,-60
1953,0,3908332925,3908332907,0,0,17
1954,0,3910334458,3910334418,0,0,40
1955,0,3912339642,3912339598,0,0,44
1956,0,3914340970,3914340919,0,0,51
1957,0,3916341970,3916342008,0,0,-38
1958,0,3918343084,3918343129,0,0,-44
1959,0,3920345838,3920345863,0,0,-24
1960,0,3922348890,3922348922,0,0,-31
1961,0,3924351546,3924351578,0,0,-32
1962,0,3926353667,3926353642,0,0,24
1963,0,3928355991,3928355913,0,0,78
1964,0,3930358615,3930358537,0,0,77
1965,0,3932360209,3932360228,0,0,-18
1966,0,3934362186,3934362197,0,0,-11
1967,0,3936364176,3936364128,0,0,48
1968,0,3938367352,3938367295,0,0,56
1969,0,3940368905,3940368894,0,0,11
1970,0,3942371890,3942371829,0,0,60
1971,0,3944373882,3944373838,0,0,44
1972,0,3946374320,3946374290,0,0,29
1973,0,3948376779,3948376789,0,0,-9
1974,0,3950380123,3950380057,0,0,66
1975,0,3952382501,3952382453,0,0,47
1976,0,3954384392,3954384343,0,0,49
1977,0,3956386447,3956386400,0,0,46
1978,0,3958387932,3958387902,0,0,30
1979,0,3960391175,3960391138,0,0,37
1980,0,3962394633,3962394604,0,0,28
1981,0,3964395552,3964395504,0,0,48
1982,0,3966398202,3966398180,0,0,21
1983,0,3968400366,3968400329,0,0,36
1984,0,3970402166,3970402157,0,0,8
1985,0,3972404332,3972404309,0,0,23
1986,0,3974406486,3974406462,0,0,24
1987,0,3976409031,3976409004,0,0,27
1988,0,3978411312,3978411306,0,0,6
1989,0,3980413078,3980413094,0,0,-15
1990,0,3982414478,3982414492,0,0,-13
1991,0,3984418067,3984418021,0,0,46
1992,0,3986420281,3986420215,0,0,66
1993,0,3988422293,3988422241,0,0,51
1994,0,3990424611,3990424563,0,0,48
1995,0,3992426414,3992426429,0,0,-14
1996,0,3994429194,3994429165,0,0,29
1997,0,3996431735,3996431697,0,0,38
1998,0,3998433107,3998433071,0,0,35
1999,0,4000434887,4000434849,0,0,38
2000,0,4002438368,4002438388,0,0,-20
2001,0,4004439864,4004439814,0,0,49
2002,0,4006442393,4006442339,0,0,53
2003,0,4008444537,4008444483,0,0,53
2004,0,4010446662,4010446613,0,0,49
2005,0,4012449968,4012449975,0,0,-6
2006,0,4014451017,4014450939,0,0,78
2007,0,4016454047,4016453970,0,0,77
2008,0,4018455469,4018455420,0,0,49
2009,0,4020458031,4020457971,0,0,60
2010,0,4022460019,4022459980,0,0,38
2011,0,4024462386,4024462340,0,0,45
2012,0,4026465791,4026465703,0,0,88
2013,0,4028467213,4028467175,0,0,38
2014,0,4030469539,4030469492,0,0,46
2015,0,4032471453,4032471408,0,0,44
2016,0,4034474004,4034473917,0,0,86
2017,0,4036475728,4036475683,0,0,45
2018,0,4038478159,4038478094,0,0,65
2019,0,4040481891,4040481847,0,0,43
2020,0,4042484673,4042484620,0,0,52
2021,0,4044484766,4044484723,0,0,42
2022,0,4046486408,4046486388,0,0,20
2023,0,4048487874,4048487854,0,0,20
2024,0,4050491127,4050491103,0,0,24
2025,0,4052493833,4052493872,0,0,-39
2026,0,4054496371,4054496314,0,0,56
2027,0,4056497997,4056497979,0,0,17
2028,0,4058501262,4058501231,0,0,31
2029,0,4060502094,4060502060,0,0,34
2030,0,4062503116,4062503080,0,0,35
2031,0,4064505882,4064505866,0,0,15
2032,0,4066509610,4066509562,0,0,47
2033,0,4068511334,4068511319,0,0,15
2034,0,4070513658,4070513631,0,0,27
2035,0,4072515486,4072515478,0,0,8
2036,0,4074518038,4074518011,0,0,26
2037,0,4076520442,4076520413,0,0,28
2038,0,4078522858,4078522847,0,0,11
2039,0,4080524609,4080524603,0,0,6
2040,0,4082526582,4082526559,0,0,23
2041,0,4084527808,4084527768,0,0,40
2042,0,4086531564,4086531557,0,0,7
2043,0,4088533240,4088533199,0,0,40
2044,0,4090535869,4090535862,0,0,6
2045,0,4092537996,4092538038,0,0,-42
2046,0,4094540361,4094540316,0,0,44
2047,0,4096542471,4096542505,0,0,-33
2048,0,4098545067,4098545029,0,0,37
2049,0,4100546906,4100546915,0,0,-8
2050,0,4102548883,4102548913,0,0,-29
2051,0,4104551653,4104551710,0,0,-57
2052,0,4106553582,4106553618,0,0,-35
2053,0,4108555218,4108555271,0,0,-53
2054,0,4110556984,4110557013,0,0,-29
2055,0,4112561611,4112561660,0,0,-48
2056,0,4114562653,4114562664,0,0,-10
2057,0,4116564316,4116564355,0,0,-38
2058,0,4118565727,4118565769,0,0,-42
2059,0,4120568903,4120568936,0,0,-33
2060,0,4122571781,4122571813,0,0,-32
2061,0,4124573081,4124573058,0,0,23
2062,0,4126574791,4126574753,0,0,38
2063,0,4128577398,4128577370,0,0,27
2064,0,4130579300,4130579255,0,0,44
2065,0,4132582495,4132582462,0,0,32
2066,0,4134584488,4134584451,0,0,36
2067,0,4136587019,4136586995,0,0,24
2068,0,4138588977,4138588953,0,0,23
2069,0,4140591195,4140591167,0,0,28
2070,0,4142593461,4142593433,0,0,27
2071,0,4144595602,4144595567,0,0,34
2072,0,4146597622,4146597634,0,0,-12
2073,0,4148599478,4148599525,0,0,-46
2074,0,4150602719,4150602760,0,0,-40
2075,0,4152604767,4152604812,0,0,-44
2076,0,4154607345,4154607307,0,0,37
2077,0,4156610211,4156610205,0,0,6
2078,0,4158611386,4158611443,0,0,-57
2079,0,4160613206,4160613187,0,0,18
2080,0,4162614837,4162614800,0,0,37
2081,0,4164617916,4164617900,0,0,15
2082,0,4166621154,4166621103,0,0,51
2083,0,4168624323,4168624247,0,0,75
2084,0,4170625538,4170625519,0,0,19
2085,0,4172626985,4172627004,0,0,-19
2086,0,4174629097,4174629118,0,0,-20
2087,0,4176631286,4176631295,0,0,-8
2088,0,4178633576,4178633584,0,0,-8
2089,0,4180635569,4180635514,0,0,55
2090,0,4182637750,4182637680,0,0,69
2091,0,4184639759,4184639729,0,0,29
2092,0,4186641498,4186641523,0,0,-24
2093,0,4188644772,4188644719,0,0,52
2094,0,4190647364,4190647328,0,0,35
2095,0,4192649622,4192649593,0,0,28
2096,0,4194651680,4194651664,0,0,16
2097,0,4196653333,4196653287,0,0,45
2098,0,4198655461,4198655445,0,0,15
2099,0,4200657914,4200657962,0,0,-48
2100,0,4202660826,4202660792,0,0,33
2101,0,4204662862,4204662852,0,0,9
2102,0,4206664703,4206664685,0,0,18
2103,0,4208666939,4208666921,0,0,17
2104,0,4210669185,4210669175,0,0,9
2105,0,4212672821,4212672806,0,0,14
2106,0,4214673448,4214673415,0,0,33
2107,0,4216675366,4216675321,0,0,45
2108,0,4218677162,4218677080,0,0,81
2109,0,4220681039,4220681024,0,0,14
2110,0,4222681460,4222681402,0,0,58
2111,0,4224684303,4224684255,0,0,48
2112,0,4226686204,4226686164,0,0,40
2113,0,4228689732,4228689694,0,0,38
2114,0,4230691314,4230691296,0,0,18
2115,0,4232694213,4232694184,0,0,29
2116,0,4234695784,4234695707,0,0,76
2117,0,4236697856,4236697818,0,0,37
2118,0,4238699335,4238699318,0,0,17
2119,0,4240702270,4240702246,0,0,24
2120,0,4242703732,4242703691,0,0,41
2121,0,4244706676,4244706652,0,0,23
2122,0,4246708999,4246708968,0,0,30
2123,0,4248711821,4248711779,0,0,42
2124,0,4250713923,4250713918,0,0,5
2125,0,4252716446,4252716465,0,0,-18
2126,0,4254716865,4254716815,0,0,49
2127,0,4256719905,4256719861,0,0,43
2128,0,4258723573,4258723519,0,0,54
2129,0,4260725973,4260725916,0,0,56
2130,0,4262726674,4262726632,0,0,41
2131,0,4264728260,4264728208,0,0,52
2132,0,4266731591,4266731546,0,0,44
2133,0,4268733594,4268733549,0,0,44
2134,0,4270736364,4270736294,0,0,69
2135,0,4272738084,4272738044,0,0,39
2136,0,4274740236,4274740171,0,0,65
2137,0,4276742496,4276742446,0,0,49
2138,0,4278744812,4278744761,0,0,51
2139,0,4280746943,4280746897,0,0,45
2140,0,4282750686,4282750637,0,0,49
2141,0,4284753274,4284753204,0,0,69
2142,0,4286752580,4286752612,0,0,-31
2143,0,4288755817,4288755782,0,0,35
2144,0,4290758097,4290758015,0,0,81
2145,0,4292760318,4292760251,0,0,66
2146,0,4294762642,4294762581,0,0,61
2147,0,4296764995,4296765009,0,0,-14
2148,0,4298767209,4298767224,0,0,-14
2149,0,4300769378,4300769388,0,0,-9
2150,0,4302771535,4302771558,0,0,-22
2151,0,4304774075,4304774098,0,0,-22
2152,0,4306776349,4306776282,0,0,67
2153,0,4308777966,4308777890,0,0,76
2154,0,4310779303,4310779235,0,0,67
2155,0,4312783989,4312783935,0,0,53
2156,0,4314785246,4314785256,0,0,-10
2157,0,4316787908,4316787915,0,0,-6
2158,0,4318789504,4318789521,0,0,-16
2159,0,4320791276,4320791237,0,0,39
2160,0,4322793474,4322793422,0,0,51
2161,0,4324795800,4324795750,0,0,49
2162,0,4326797907,4326797856,0,0,51
2163,0,4328799274,4328799240,0,0,33
2164,0,4330802807,4330802754,0,0,53
2165,0,4332805207,4332805186,0,0,21
2166,0,4334807207,4334807179,0,0,27
2167,0,4336809438,4336809410,0,0,28
2168,0,4338811666,4338811608,0,0,57
2169,0,4340813726,4340813698,0,0,28
2170,0,4342816161,4342816137,0,0,24
2171,0,4344818451,4344818424,0,0,27
2172,0,4346820892,4346820924,0,0,-31
2173,0,4348823514,4348823484,0,0,29
2174,0,4350823719,4350823707,0,0,12
2175,0,4352826152,4352826116,0,0,35
2176,0,4354829544,4354829503,0,0,40
2177,0,4356831555,4356831535,0,0,19
2178,0,4358833635,4358833599,0,0,35
2179,0,4360835473,4360835452,0,0,20
2180,0,4362838012,4362837977,0,0,34
2181,0,4364839758,4364839730,0,0,28
2182,0,4366842470,4366842444,0,0,26
2183,0,4368843825,4368843790,0,0,35
2184,0,4370847073,4370847128,0,0,-55
2185,0,4372849377,4372849442,0,0,-65
2186,0,4374851559,4374851566,0,0,-7
2187,0,4376854508,4376854496,0,0,11
2188,0,4378857033,4378857018,0,0,15
2189,0,4380860783,4380860776,0,0,6
2190,0,4382860613,4382860593,0,0,19
2191,0,4384862119,4384862092,0,0,26
2192,0,4386863986,4386863937,0,0,49
2193,0,4388867332,4388867310,0,0,21
2194,0,4390869132,4390869125,0,0,7
2195,0,4392870925,4392870879,0,0,46
2196,0,4394873583,4394873532,0,0,50
2197,0,4396875312,4396875236,0,0,75
2198,0,4398878442,4398878391,0,0,51
2199,0,4400880095,4400880044,0,0,51
2200,0,4402881866,4402881828,0,0,38
2201,0,4404884742,4404884686,0,0,56
2202,0,4406885993,4406885951,0,0,42
2203,0,4408888434,4408888395,0,0,39
2204,0,4410891630,4410891676,0,0,-46
2205,0,4412895112,4412895165,0,0,-52
2206,0,4414896006,4414895970,0,0,35
2207,0,4416898390,4416898379,0,0,11
2208,0,4418901305,4418901297,0,0,8
2209,0,4420902799,4420902849,0,0,-50
2210,0,4422905021,4422905002,0,0,19
2211,0,4424907899,4424907851,0,0,48
2212,0,4426909480,4426909470,0,0,9
2213,0,4428911453,4428911469,0,0,-16
2214,0,4430913141,4430913146,0,0,-4
2215,0,4432916249,4432916196,0,0,52
2216,0,4434918649,4434918604,0,0,45
2217,0,4436920651,4436920676,0,0,-24
2218,0,4438922851,4438922862,0,0,-11
2219,0,4440924648,4440924682,0,0,-33
2220,0,4442926589,4442926608,0,0,-18
2221,0,4444930367,4444930399,0,0,-31
2222,0,4446931620,4446931636,0,0,-16
2223,0,4448933806,4448933838,0,0,-31
2224,0,4450936311,4450936328,0,0,-17
2225,0,4452937914,4452937937,0,0,-22
2226,0,4454939712,4454939739,0,0,-27
2227,0,4456943435,4456943385,0,0,49
2228,0,4458945292,4458945229,0,0,63
2229,0,4460947148,4460947094,0,0,53
2230,0,4462949453,4462949375,0,0,78
2231,0,4464951910,4464951864,0,0,46
2232,0,4466954134,4466954096,0,0,38
2233,0,4468956016,4468956040,0,0,-23
2234,0,4470958485,4470958475,0,0,9
2235,0,4472960420,4472960376,0,0,44
2236,0,4474963564,4474963487,0,0,77
2237,0,4476966182,4476966171,0,0,10
2238,0,4478967207,4478967233,0,0,-25
2239,0,4480969303,4480969315,0,0,-12
2240,0,4482971820,4482971784,0,0,35
2241,0,4484974131,4484974073,0,0,58
2242,0,4486976628,4486976598,0,0,29
2243,0,4488979054,4488979028,0,0,26
2244,0,4490981074,4490981060,0,0,14
2245,0,4492982939,4492982966,0,0,-26
2246,0,4494985867,4494985886,0,0,-18
2247,0,4496987975,4496987946,0,0,29
2248,0,4498989624,4498989578,0,0,45
2249,0,4500991878,4500991853,0,0,24
2250,0,4502993828,4502993750,0,0,78
2251,0,4504995299,4504995273,0,0,26
2252,0,4506998386,4506998365,0,0,21
2253,0,4509000273,4509000251,0,0,21
2254,0,4511002791,4511002750,0,0,40
2255,0,4513006185,4513006167,0,0,17
2256,0,4515007215,4515007168,0,0,46
2257,0,4517009611,4517009593,0,0,17
2258,0,4519011337,4519011298,0,0,38
2259,0,4521012663,4521012650,0,0,13
2260,0,4523016065,4523016028,0,0,36
2261,0,4525019390,4525019333,0,0,56
2262,0,4527020990,4527020923,0,0,66
2263,0,4529022726,4529022699,0,0,26
2264,0,4531025094,4531025130,0,0,-35
2265,0,4533027635,4533027596,0,0,39
2266,0,4535030382,4535030334,0,0,47
2267,0,4537031687,4537031658,0,0,29
2268,0,4539034775,4539034761,0,0,13
2269,0,4541036707,4541036682,0,0,24
2270,0,4543039859,4543039831,0,0,28
2271,0,4545040429,4545040394,0,0,35
2272,0,4547041858,4547041821,0,0,36
2273,0,4549045226,4549045249,0,0,-23
2274,0,4551047403,4551047433,0,0,-30
2275,0,4553050129,4553050107,0,0,21
2276,0,4555051866,4555051812,0,0,53
2277,0,4557054096,4557054066,0,0,29
2278,0,4559056499,4559056473,0,0,26
2279,0,4561058910,4561058921,0,0,-11
2280,0,4563060961,4563060993,0,0,-31
2281,0,4565063112,4565063076,0,0,35
2282,0,4567065105,4567065056,0,0,49
2283,0,4569067451,4569067403,0,0,48
2284,0,4571070487,4571070443,0,0,43
2285,0,4573073262,4573073233,0,0,29
2286,0,4575075156,4575075179,0,0,-23
2287,0,4577076194,4577076146,0,0,48
2288,0,4579079361,4579079303,0,0,58
2289,0,4581080593,4581080558,0,0,34
2290,0,4583082768,4583082737,0,0,31
2291,0,4585084766,4585084715,0,0,51
2292,0,4587086750,4587086685,0,0,64
2293,0,4589090222,4589090187,0,0,34
2294,0,4591091725,4591091667,0,0,58
2295,0,4593093919,4593093900,0,0,18
2296,0,4595096114,4595096064,0,0,49
2297,0,4597097792,4597097777,0,0,14
2298,0,4599101214,4599101216,0,0,-2
2299,0,4601102919,4601102910,0,0,8
2300,0,4603105366,4603105308,0,0,58
2301,0,4605107296,4605107267,0,0,29
2302,0,4607109756,4607109715,0,0,40
2303,0,4609111904,4609111864,0,0,40
2304,0,4611114770,4611114719,0,0,51
2305,0,4613117852,4613117814,0,0,38
2306,0,4615119311,4615119262,0,0,48
2307,0,4617120438,4617120480,0,0,-42
2308,0,4619122642,4619122602,0,0,39
2309,0,4621124906,4621124960,0,0,-53
2310,0,4623126639,4623126604,0,0,34
2311,0,4625129541,4625129516,0,0,25
2312,0,4627132682,4627132647,0,0,35
2313,0,4629133801,4629133840,0,0,-38
2314,0,4631135076,4631135112,0,0,-36
2315,0,4633137456,4633137505,0,0,-48
2316,0,4635140863,4635140829,0,0,33
2317,0,4637143107,4637143081,0,0,26
2318,0,4639146031,4639146022,0,0,9
2319,0,4641146447,4641146410,0,0,37
2320,0,4643149896,4643149876,0,0,20
2321,0,4645152321,4645152303,0,0,17
2322,0,4647154620,4647154640,0,0,-19
2323,0,4649156992,4649156979,0,0,13
2324,0,4651158691,4651158643,0,0,47
2325,0,4653160411,4653160399,0,0,12
2326,0,4655162370,4655162359,0,0,11
2327,0,4657165062,4657165041,0,0,21
2328,0,4659167686,4659167671,0,0,14
2329,0,4661169734,4661169724,0,0,9
2330,0,4663172417,4663172391,0,0,26
2331,0,4665174023,4665173978,0,0,44
2332,0,4667176625,4667176570,0,0,54
2333,0,4669178546,4669178508,0,0,38
2334,0,4671181305,4671181253,0,0,51
2335,0,4673183192,4673183141,0,0,51
2336,0,4675186098,4675186089,0,0,8
2337,0,4677188910,4677188866,0,0,44
2338,0,4679189921,4679189864,0,0,57
2339,0,4681192277,4681192240,0,0,36
2340,0,4683194031,4683193970,0,0,61
2341,0,4685197468,4685197478,0,0,-10
2342,0,4687200195,4687200231,0,0,-35
2343,0,4689200664,4689200632,0,0,31
2344,0,4691203289,4691203229,0,0,59
2345,0,4693205087,4693205037,0,0,49
2346,0,4695206689,4695206651,0,0,38
2347,0,4697210372,4697210323,0,0,48
2348,0,4699211992,4699211977,0,0,15
2349,0,4701214408,4701214365,0,0,43
2350,0,4703216782,4703216761,0,0,20
2351,0,4705218169,4705218199,0,0,-29
2352,0,4707219892,4707219914,0,0,-22
2353,0,4709223133,4709223098,0,0,35
2354,0,4711225377,4711225383,0,0,-5
2355,0,4713228848,4713228782,0,0,66
2356,0,4715230127,4715230072,0,0,54
2357,0,4717232154,4717232096,0,0,58
2358,0,4719234345,4719234290,0,0,54
2359,0,4721236370,4721236312,0,0,58
2360,0,4723239480,4723239401,0,0,78
2361,0,4725241449,4725241404,0,0,44
2362,0,4727243667,4727243624,0,0,42
2363,0,4729245418,4729245364,0,0,54
2364,0,4731247521,4731247424,0,0,96
2365,0,4733249683,4733249645,0,0,38
2366,0,4735252381,4735252354,0,0,26
2367,0,4737253952,4737253893,0,0,59
2368,0,4739255573,4739255519,0,0,54
2369,0,4741258948,4741258955,0,0,-7
2370,0,4743260888,4743260903,0,0,-15
2371,0,4745263402,4745263422,0,0,-20
2372,0,4747265444,4747265386,0,0,58
2373,0,4749267832,4749267802,0,0,29
2374,0,4751269986,4751269966,0,0,19
2375,0,4753271921,4753271899,0,0,21
2376,0,4755274063,4755274083,0,0,-20
2377,0,4757275176,4757275142,0,0,33
2378,0,4759277787,4759277819,0,0,-31
2379,0,4761281097,4761281109,0,0,-11
2380,0,4763283671,4763283697,0,0,-26
2381,0,4765285291,4765285248,0,0,42
2382,0,4767288376,4767288343,0,0,33
2383,0,4769288471,4769288427,0,0,44
2384,0,4771291293,4771291237,0,0,56
2385,0,4773294062,4773294024,0,0,38
2386,0,4775295784,4775295725,0,0,58
2387,0,4777298820,4777298789,0,0,31
2388,0,4779301302,4779301294,0,0,7
2389,0,4781302956,4781302920,0,0,35
2390,0,4783304336,4783304269,0,0,66
2391,0,4785307527,4785307505,0,0,21
2392,0,4787310503,4787310472,0,0,31
2393,0,4789312069,4789312058,0,0,11
2394,0,4791315251,4791315206,0,0,45
2395,0,4793317648,4793317606,0,0,41
2396,0,4795319107,4795319139,0,0,-31
2397,0,4797320939,4797320914,0,0,24
2398,0,4799324606,4799324573,0,0,33
2399,0,4801325285,4801325240,0,0,44
2400,0,4803327743,4803327737,0,0,6
2401,0,4805330580,4805330552,0,0,28
2402,0,4807332078,4807332062,0,0,15
2403,0,4809335057,4809335022,0,0,34
2404,0,4811336930,4811336858,0,0,71
2405,0,4813340067,4813340110,0,0,-42
2406,0,4815341713,4815341674,0,0,38
2407,0,4817343453,4817343420,0,0,33
2408,0,4819346041,4819346009,0,0,31
2409,0,4821347472,4821347437,0,0,35
2410,0,4823348663,4823348633,0,0,29
2411,0,4825350948,4825350982,0,0,-34
2412,0,4827355242,4827355265,0,0,-23
2413,0,4829356801,4829356843,0,0,-42
2414,0,4831360089,4831360121,0,0,-31
2415,0,4833361279,4833361308,0,0,-29
2416,0,4835364009,4835364040,0,0,-31
2417,0,4837366220,4837366204,0,0,15
2418,0,4839367658,4839367632,0,0,26
2419,0,4841370110,4841370071,0,0,39
2420,0,4843372139,4843372163,0,0,-24
2421,0,4845374334,4845374312,0,0,22
2422,0,4847377143,4847377112,0,0,31
2423,0,4849378865,4849378831,0,0,33
2424,0,4851381240,4851381173,0,0,67
2425,0,4853383229,4853383191,0,0,38
2426,0,4855386461,4855386417,0,0,44
2427,0,4857388555,4857388516,0,0,38
2428,0,4859389773,4859389734,0,0,38
2429,0,4861392263,4861392213,0,0,50
2430,0,4863395006,4863394968,0,0,38
2431,0,4865397606,4865397539,0,0,66
2432,0,4867399131,4867399073,0,0,58
2433,0,4869400984,4869400932,0,0,51
2434,0,4871403482,4871403441,0,0,40
2435,0,4873406513,4873406471,0,0,42
2436,0,4875409593,4875409539,0,0,54
2437,0,4877410492,4877410505,0,0,-13
2438,0,4879410982,4879410947,0,0,34
2439,0,4881413485,4881413438,0,0,46
2440,0,4883416574,4883416497,0,0,76
2441,0,4885418353,4885418315,0,0,38
2442,0,4887420334,4887420314,0,0,20
2443,0,4889423788,4889423779,0,0,9
2444,0,4891426298,4891426245,0,0,52
2445,0,4893427503,4893427486,0,0,16
2446,0,4895429186,4895429222,0,0,-35
2447,0,4897433514,4897433548,0,0,-33
2448,0,4899435342,4899435333,0,0,8
2449,0,4901437668,4901437649,0,0,18
2450,0,4903438819,4903438793,0,0,26
2451,0,4905440950,4905440925,0,0,24
2452,0,4907443363,4907443331,0,0,31
2453,0,4909445766,4909445782,0,0,-15
2454,0,4911448516,4911448481,0,0,34
2455,0,4913451504,4913451467,0,0,36
2456,0,4915452411,4915452374,0,0,36
2457,0,4917454462,4917454434,0,0,28
2458,0,4919456750,4919456733,0,0,17
2459,0,4921458746,4921458720,0,0,26
2460,0,4923461393,4923461354,0,0,39
2461,0,4925463034,4925463013,0,0,20
2462,0,4927465035,4927465077,0,0,-42
2463,0,4929468925,4929468975,0,0,-50
2464,0,4931470778,4931470740,0,0,38
2465,0,4933472641,4933472617,0,0,23
2466,0,4935474608,4935474553,0,0,55
2467,0,4937476656,4937476609,0,0,47
2468,0,4939479173,4939479088,0,0,85
2469,0,4941481245,4941481191,0,0,53
2470,0,4943483879,4943483905,0,0,-25
2471,0,4945485431,4945485453,0,0,-22
2472,0,4947487862,4947487851,0,0,10
2473,0,4949489921,4949489948,0,0,-26
2474,0,4951492793,4951492719,0,0,73
2475,0,4953494490,4953494424,0,0,66
2476,0,4955497244,4955497177,0,0,67
2477,0,4957499229,4957499197,0,0,31
2478,0,4959500860,4959500818,0,0,41
2479,0,4961503539,4961503494,0,0,45
2480,0,4963506051,4963505993,0,0,58
2481,0,4965507735,4965507750,0,0,-14
2482,0,4967510216,4967510234,0,0,-17
2483,0,4969511971,4969511921,0,0,50
2484,0,4971513195,4971513177,0,0,17
2485,0,4973515770,4973515739,0,0,31
2486,0,4975518926,4975518860,0,0,66
2487,0,4977521518,4977521482,0,0,35
2488,0,4979523557,4979523482,0,0,75
2489,0,4981525817,4981525782,0,0,35
2490,0,4983527895,4983527833,0,0,61
2491,0,4985529946,4985529901,0,0,44
2492,0,4987534163,4987534098,0,0,64
2493,0,4989535862,4989535808,0,0,53
2494,0,4991537007,4991536965,0,0,42
2495,0,4993539789,4993539766,0,0,23
2496,0,4995541257,4995541215,0,0,41
2497,0,4997543914,4997543858,0,0,56
2498,0,4999546078,4999546051,0,0,27
2499,0,5001548760,5001548728,0,0,31
2500,0,5003551352,5003551287,0,0,65
2501,0,5005552053,5005552013,0,0,40
2502,0,5007554135,5007554123,0,0,12
2503,0,5009556550,5009556531,0,0,19
2504,0,5011557629,5011557593,0,0,35
2505,0,5013561490,5013561467,0,0,23
2506,0,5015563489,5015563501,0,0,-11
2507,0,5017565710,5017565698,0,0,11
2508,0,5019567861,5019567828,0,0,33
2509,0,5021570184,5021570156,0,0,27
2510,0,5023572550,5023572510,0,0,40
2511,0,5025576197,5025576228,0,0,-30
2512,0,5027577573,5027577525,0,0,47
2513,0,5029579621,5029579583,0,0,38
2514,0,5031581136,5031581149,0,0,-13
2515,0,5033583404,5033583415,0,0,-11
2516,0,5035585975,5035586008,0,0,-32
2517,0,5037587728,5037587741,0,0,-12
2518,0,5039590043,5039590083,0,0,-40
2519,0,5041593365,5041593325,0,0,39
2520,0,5043594770,5043594712,0,0,57
2521,0,5045596569,5045596530,0,0,39
2522,0,5047598426,5047598390,0,0,36
2523,0,5049601365,5049601330,0,0,35
2524,0,5051603445,5051603429,0,0,16
2525,0,5053605312,5053605290,0,0,21
2526,0,5055607528,5055607501,0,0,27
2527,0,5057611268,5057611236,0,0,31
2528,0,5059612038,5059611977,0,0,60
2529,0,5061614048,5061614010,0,0,38
2530,0,5063617233,5063617202,0,0,31
2531,0,5065620259,5065620221,0,0,38
2532,0,5067622728,5067622672,0,0,55
2533,0,5069624013,5069623968,0,0,44
2534,0,5071625948,5071625977,0,0,-28
2535,0,5073627855,5073627888,0,0,-33
2536,0,5075630248,5075630258,0,0,-10
2537,0,5077632574,5077632549,0,0,24
2538,0,5079635087,5079635044,0,0,43
2539,0,5081636660,5081636631,0,0,29
2540,0,5083638089,5083638049,0,0,40
2541,0,5085640939,5085640918,0,0,20
2542,0,5087642659,5087642624,0,0,35
2543,0,5089645506,5089645478,0,0,28
2544,0,5091647381,5091647406,0,0,-24
2545,0,5093650312,5093650283,0,0,29
2546,0,5095652703,5095652714,0,0,-11
2547,0,5097654462,5097654411,0,0,51
2548,0,5099655815,5099655783,0,0,31
2549,0,5101658827,5101658784,0,0,43
2550,0,5103660955,5103660916,0,0,39
2551,0,5105663511,5105663467,0,0,43
2552,0,5107665934,5107665889,0,0,44
2553,0,5109668045,5109667998,0,0,47
2554,0,5111670319,5111670267,0,0,51
2555,0,5113673484,5113673448,0,0,35
2556,0,5115674066,5115674006,0,0,59
2557,0,5117677279,5117677300,0,0,-20
2558,0,5119679169,5119679190,0,0,-20
2559,0,5121681168,5121681128,0,0,40
2560,0,5123683848,5123683772,0,0,76
2561,0,5125685674,5125685638,0,0,35
2562,0,5127687235,5127687215,0,0,20
2563,0,5129690984,5129690985,0,0,0
2564,0,5131693054,5131693022,0,0,32
2565,0,5133694772,5133694751,0,0,20
2566,0,5135696633,5135696709,0,0,-75
2567,0,5137698091,5137698081,0,0,9
2568,0,5139701208,5139701188,0,0,19
2569,0,5141703174,5141703139,0,0,34
2570,0,5143705856,5143705821,0,0,34
2571,0,5145707704,5145707658,0,0,46
2572,0,5147709172,5147709107,0,0,64
2573,0,5149711111,5149711062,0,0,48
2574,0,5151713584,5151713598,0,0,-14
2575,0,5153716757,5153716768,0,0,-11
2576,0,5155719269,5155719287,0,0,-18
2577,0,5157721262,5157721218,0,0,43
2578,0,5159722563,5159722542,0,0,20
2579,0,5161725400,5161725391,0,0,8
2580,0,5163727105,5163727065,0,0,40
2581,0,5165730083,5165730063,0,0,20
2582,0,5167731869,5167731843,0,0,26
2583,0,5169734707,5169734692,0,0,15
2584,0,5171736895,5171736922,0,0,-26
2585,0,5173739135,5173739176,0,0,-40
2586,0,5175741642,5175741683,0,0,-40
2587,0,5177743765,5177743807,0,0,-42
2588,0,5179746258,5179746269,0,0,-11
2589,0,5181748110,5181748158,0,0,-48
2590,0,5183750346,5183750382,0,0,-36
2591,0,5185753017,5185753058,0,0,-40
2592,0,5187755978,5187755991,0,0,-12
2593,0,5189756824,5189756871,0,0,-47
2594,0,5191758496,5191758451,0,0,44
2595,0,5193762204,5193762157,0,0,47
2596,0,5195764221,5195764165,0,0,56
2597,0,5197766002,5197765942,0,0,59
2598,0,5199768111,5199768053,0,0,58
2599,0,5201770570,5201770525,0,0,45
2600,0,5203772439,5203772388,0,0,51
2601,0,5205774680,5205774645,0,0,34
2602,0,5207776139,5207776075,0,0,64
2603,0,5209779770,5209779796,0,0,-25
2604,0,5211781520,5211781512,0,0,8
2605,0,5213785570,5213785536,0,0,34
2606,0,5215785773,5215785765,0,0,7
2607,0,5217788894,5217788902,0,0,-7
2608,0,5219792664,5219792671,0,0,-7
2609,0,5221793542,5221793501,0,0,41
2610,0,5223794703,5223794714,0,0,-11
2611,0,5225796905,5225796931,0,0,-25
2612,0,5227799610,5227799642,0,0,-31
2613,0,5229801447,5229801376,0,0,71
2614,0,5231803566,5231803527,0,0,39
2615,0,5233805896,5233805851,0,0,44
2616,0,5235808352,5235808269,0,0,82
2617,0,5237810741,5237810713,0,0,27
2618,0,5239812709,5239812663,0,0,45
2619,0,5241814960,5241814919,0,0,41
2620,0,5243817033,5243817013,0,0,20
2621,0,5245819281,5245819237,0,0,44
2622,0,5247820934,5247820923,0,0,11
2623,0,5249823624,5249823601,0,0,23
2624,0,5251826298,5251826284,0,0,14
2625,0,5253828681,5253828647,0,0,33
2626,0,5255830709,5255830669,0,0,39
2627,0,5257833058,5257833033,0,0,24
2628,0,5259835490,5259835439,0,0,51
2629,0,5261836912,5261836901,0,0,11
2630,0,5263838289,5263838264,0,0,25
2631,0,5265841739,5265841712,0,0,27
2632,0,5267844034,5267843977,0,0,56
2633,0,5269846293,5269846252,0,0,40
2634,0,5271848422,5271848396,0,0,26
2635,0,5273850747,5273850713,0,0,33
2636,0,5275852694,5275852632,0,0,62
2637,0,5277854665,5277854631,0,0,33
2638,0,5279856709,5279856678,0,0,30
2639,0,5281859444,5281859475,0,0,-30
2640,0,5283863134,5283863099,0,0,34
2641,0,5285864094,5285864062,0,0,31
2642,0,5287866557,5287866529,0,0,28
2643,0,5289868151,5289868103,0,0,48
2644,0,5291870773,5291870728,0,0,44
2645,0,5293872778,5293872737,0,0,41
2646,0,5295875265,5295875234,0,0,31
2647,0,5297876583,5297876605,0,0,-22
2648,0,5299878528,5299878555,0,0,-27
2649,0,5301881725,5301881699,0,0,26
2650,0,5303884206,5303884150,0,0,56
2651,0,5305886429,5305886379,0,0,49
2652,0,5307888735,5307888700,0,0,35
2653,0,5309890503,5309890476,0,0,27
2654,0,5311893326,5311893293,0,0,33
2655,0,5313895885,5313895847,0,0,38
2656,0,5315897200,5315897221,0,0,-20
2657,0,5317898676,5317898680,0,0,-4
2658,0,5319901207,5319901240,0,0,-32
2659,0,5321905021,5321905055,0,0,-33
2660,0,5323907511,5323907467,0,0,44
2661,0,5325908006,5325907975,0,0,31
2662,0,5327909462,5327909448,0,0,13
2663,0,5329913006,5329912987,0,0,19
2664,0,5331915711,5331915671,0,0,39
2665,0,5333917168,5333917098,0,0,69
2666,0,5335919710,5335919681,0,0,29
2667,0,5337921779,5337921745,0,0,33
2668,0,5339923867,5339923846,0,0,20
2669,0,5341926503,5341926474,0,0,28
2670,0,5343928483,5343928537,0,0,-53
2671,0,5345930380,5345930348,0,0,32
2672,0,5347933004,5347932975,0,0,29
2673,0,5349935131,5349935157,0,0,-26
2674,0,5351937460,5351937435,0,0,24
2675,0,5353939256,5353939229,0,0,26
2676,0,5355941656,5355941609,0,0,46
2677,0,5357944023,5357944000,0,0,22
2678,0,5359947273,5359947235,0,0,38
2679,0,5361949393,5361949295,0,0,98
2680,0,5363950705,5363950657,0,0,47
2681,0,5365953103,5365953061,0,0,41
2682,0,5367955287,5367955266,0,0,20
2683,0,5369957682,5369957670,0,0,11
2684,0,5371959754,5371959788,0,0,-33
2685,0,5373961787,5373961779,0,0,7
2686,0,5375964746,5375964795,0,0,-49
2687,0,5377967396,5377967364,0,0,32
2688,0,5379970238,5379970206,0,0,31
2689,0,5381971579,5381971540,0,0,38
2690,0,5383972868,5383972850,0,0,17
2691,0,5385975593,5385975565,0,0,28
2692,0,5387978460,5387978422,0,0,37
2693,0,5389979974,5389979943,0,0,31
2694,0,5391980766,5391980726,0,0,40
2695,0,5393983800,5393983777,0,0,23
2696,0,5395986617,5395986657,0,0,-40
2697,0,5397988675,5397988698,0,0,-22
2698,0,5399990752,5399990739,0,0,13
2699,0,5401992595,5401992557,0,0,37
2700,0,5403993968,5403994013,0,0,-44
2701,0,5405996885,5405996932,0,0,-47
2702,0,5407999140,5407999114,0,0,26
2703,0,5410001966,5410001940,0,0,25
2704,0,5412005314,5412005298,0,0,15
2705,0,5414007719,5414007695,0,0,23
2706,0,5416008166,5416008135,0,0,31
2707,0,5418009506,5418009540,0,0,-33
2708,0,5420012932,5420012946,0,0,-13
2709,0,5422015301,5422015328,0,0,-26
2710,0,5424017565,5424017527,0,0,38
2711,0,5426019476,5426019449,0,0,26
2712,0,5428021679,5428021685,0,0,-5
2713,0,5430023803,5430023761,0,0,42
2714,0,5432025011,5432024989,0,0,22
2715,0,5434027312,5434027274,0,0,38
2716,0,5436031268,5436031235,0,0,33
2717,0,5438032800,5438032786,0,0,14
2718,0,5440035091,5440035070,0,0,20
2719,0,5442037188,5442037163,0,0,25
2720,0,5444039422,5444039364,0,0,58
2721,0,5446041294,5446041285,0,0,8
2722,0,5448044513,5448044477,0,0,35
2723,0,5450046972,5450046938,0,0,33
2724,0,5452048777,5452048693,0,0,84
2725,0,5454050535,5454050507,0,0,27
2726,0,5456051712,5456051665,0,0,47
2727,0,5458053802,5458053768,0,0,33
2728,0,5460056130,5460056091,0,0,39
2729,0,5462058557,5462058530,0,0,27
2730,0,5464061808,5464061788,0,0,20
2731,0,5466063811,5466063774,0,0,36
2732,0,5468065173,5468065114,0,0,58
2733,0,5470068127,5470068085,0,0,42
2734,0,5472069466,5472069438,0,0,27
2735,0,5474071746,5474071732,0,0,13
2736,0,5476075686,5476075696,0,0,-10
2737,0,5478077096,5478077134,0,0,-38
2738,0,5480078617,5480078651,0,0,-33
2739,0,5482081746,5482081775,0,0,-29
2740,0,5484084782,5484084743,0,0,38
2741,0,5486085997,5486085947,0,0,49
2742,0,5488087442,5488087396,0,0,46
2743,0,5490090832,5490090784,0,0,47
2744,0,5492092846,5492092815,0,0,31
2745,0,5494095541,5494095497,0,0,44
2746,0,5496097334,5496097355,0,0,-20
2747,0,5498099577,5498099591,0,0,-13
2748,0,5500102076,5500102101,0,0,-24
2749,0,5502104129,5502104070,0,0,58
2750,0,5504106440,5504106364,0,0,76
2751,0,5506108746,5506108688,0,0,58
2752,0,5508110631,5508110563,0,0,68
2753,0,5510112862,5510112792,0,0,69
2754,0,5512114638,5512114581,0,0,57
2755,0,5514119959,5514119905,0,0,54
2756,0,5516121060,5516121048,0,0,11
2757,0,5518122254,5518122188,0,0,65
2758,0,5520124126,5520124077,0,0,49
2759,0,5522126310,5522126263,0,0,46
2760,0,5524128907,5524128825,0,0,81
2761,0,5526130798,5526130808,0,0,-10
2762,0,5528133680,5528133671,0,0,9
2763,0,5530135950,5530135925,0,0,24
2764,0,5532137429,5532137387,0,0,41
2765,0,5534139586,5534139548,0,0,38
2766,0,5536142275,5536142221,0,0,53
2767,0,5538144858,5538144809,0,0,48
2768,0,5540147283,5540147267,0,0,15
2769,0,5542149543,5542149555,0,0,-11
2770,0,5544150978,5544150993,0,0,-15
2771,0,5546152881,5546152833,0,0,47
2772,0,5548155570,5548155505,0,0,65
2773,0,5550157357,5550157312,0,0,44
2774,0,5552159885,5552159871,0,0,13
2775,0,5554161625,5554161588,0,0,37
2776,0,5556163294,5556163230,0,0,64
2777,0,5558166928,5558166951,0,0,-23
2778,0,5560169549,5560169577,0,0,-27
2779,0,5562171739,5562171749,0,0,-10
2780,0,5564172817,5564172849,0,0,-31
2781,0,5566173984,5566173955,0,0,29
2782,0,5568177617,5568177575,0,0,41
2783,0,5570180887,5570180849,0,0,38
2784,0,5572182868,5572182840,0,0,27
2785,0,5574186087,5574186076,0,0,11
2786,0,5576186684,5576186651,0,0,33
2787,0,5578188572,5578188595,0,0,-22
2788,0,5580191299,5580191307,0,0,-8
2789,0,5582192861,5582192898,0,0,-36
2790,0,5584194696,5584194705,0,0,-8
2791,0,5586197707,5586197742,0,0,-35
2792,0,5588199785,5588199791,0,0,-6
2793,0,5590202467,5590202478,0,0,-11
2794,0,5592203899,5592203867,0,0,32
2795,0,5594205488,5594205462,0,0,26
2796,0,5596208684,5596208647,0,0,36
2797,0,5598211373,5598211413,0,0,-39
2798,0,5600213283,5600213321,0,0,-38
2799,0,5602215139,5602215165,0,0,-25
2800,0,5604218334,5604218369,0,0,-35
2801,0,5606221314,5606221347,0,0,-33
2802,0,5608221782,5608221748,0,0,34
2803,0,5610223864,5610223844,0,0,19
2804,0,5612227033,5612227078,0,0,-44
2805,0,5614230346,5614230370,0,0,-24
2806,0,5616231321,5616231340,0,0,-18
2807,0,5618232938,5618232966,0,0,-28
2808,0,5620235382,5620235420,0,0,-38
2809,0,5622238107,5622238072,0,0,34
2810,0,5624240026,5624240000,0,0,26
2811,0,5626242240,5626242280,0,0,-40
2812,0,5628244434,5628244394,0,0,40
2813,0,5630246348,5630246325,0,0,22
2814,0,5632249049,5632249017,0,0,32
2815,0,5634250737,5634250732,0,0,5
2816,0,5636253977,5636253939,0,0,38
2817,0,5638257403,5638257378,0,0,24
2818,0,5640257831,5640257810,0,0,21
2819,0,5642260350,5642260328,0,0,21
2820,0,5644262647,5644262594,0,0,53
2821,0,5646264373,5646264368,0,0,4
2822,0,5648266413,5648266397,0,0,15
2823,0,5650268459,5650268429,0,0,29
2824,0,5652269732,5652269703,0,0,28
2825,0,5654272819,5654272785,0,0,33
2826,0,5656275703,5656275714,0,0,-10
2827,0,5658277903,5658277940,0,0,-37
2828,0,5660279799,5660279807,0,0,-8
2829,0,5662281926,5662281959,0,0,-32
2830,0,5664284585,5664284621,0,0,-35
2831,0,5666287128,5666287176,0,0,-48
2832,0,5668289429,5668289434,0,0,-5
2833,0,5670292107,5670292068,0,0,38
2834,0,5672293467,5672293451,0,0,16
2835,0,5674296067,5674296035,0,0,32
2836,0,5676298312,5676298263,0,0,48
2837,0,5678299991,5678299968,0,0,23
2838,0,5680302069,5680302100,0,0,-31
2839,0,5682304088,5682304073,0,0,15
2840,0,5684306584,5684306573,0,0,11
2841,0,5686308363,5686308348,0,0,14
2842,0,5688310135,5688310111,0,0,24
2843,0,5690313625,5690313592,0,0,33
2844,0,5692315798,5692315782,0,0,16
2845,0,5694317413,5694317438,0,0,-24
2846,0,5696318894,5696318860,0,0,33
2847,0,5698322042,5698322007,0,0,35
2848,0,5700324964,5700324921,0,0,42
2849,0,5702327404,5702327438,0,0,-33
2850,0,5704328524,5704328548,0,0,-23
2851,0,5706330725,5706330762,0,0,-36
2852,0,5708333722,5708333741,0,0,-19
2853,0,5710334925,5710334896,0,0,28
2854,0,5712336954,5712336922,0,0,31
2855,0,5714341336,5714341375,0,0,-38
2856,0,5716342482,5716342514,0,0,-32
2857,0,5718344786,5718344812,0,0,-25
2858,0,5720346903,5720346937,0,0,-33
2859,0,5722349114,5722349087,0,0,26
2860,0,5724351532,5724351468,0,0,64
2861,0,5726353175,5726353132,0,0,42
2862,0,5728355911,5728355977,0,0,-65
2863,0,5730357422,5730357371,0,0,51
2864,0,5732359030,5732359020,0,0,9
2865,0,5734362279,5734362295,0,0,-15
2866,0,5736364421,5736364433,0,0,-12
2867,0,5738366759,5738366760,0,0,-1
2868,0,5740369343,5740369282,0,0,61
2869,0,5742370689,5742370599,0,0,89
2870,0,5744372540,5744372474,0,0,65
2871,0,5746375768,5746375680,0,0,87
2872,0,5748377785,5748377792,0,0,-6
2873,0,5750380011,5750379945,0,0,66
2874,0,5752381983,5752381943,0,0,39
2875,0,5754383431,5754383393,0,0,38
2876,0,5756386608,5756386568,0,0,39
2877,0,5758389531,5758389512,0,0,18
2878,0,5760391530,5760391463,0,0,66
2879,0,5762393206,5762393179,0,0,26
2880,0,5764395470,5764395442,0,0,27
2881,0,5766398649,5766398616,0,0,33
2882,0,5768400242,5768400278,0,0,-36
2883,0,5770402981,5770402942,0,0,38
2884,0,5772405884,5772405846,0,0,38
2885,0,5774406818,5774406831,0,0,-12
2886,0,5776408846,5776408820,0,0,26
2887,0,5778411031,5778410983,0,0,48
2888,0,5780413409,5780413368,0,0,40
2889,0,5782416400,5782416352,0,0,47
2890,0,5784418204,5784418150,0,0,53
2891,0,5786419861,5786419811,0,0,49
2892,0,5788422748,5788422737,0,0,11
2893,0,5790424492,5790424503,0,0,-11
2894,0,5792426941,5792426890,0,0,51
2895,0,5794428979,5794428928,0,0,51
2896,0,5796430937,5796430888,0,0,49
2897,0,5798434426,5798434370,0,0,56
2898,0,5800435377,5800435398,0,0,-20
2899,0,5802437287,5802437307,0,0,-20
2900,0,5804439939,5804439869,0,0,69
2901,0,5806442680,5806442631,0,0,49
2902,0,5808444124,5808444066,0,0,58
2903,0,5810445887,5810445838,0,0,48
2904,0,5812448939,5812448898,0,0,40
2905,0,5814451489,5814451471,0,0,17
2906,0,5816453904,5816453883,0,0,21
2907,0,5818455332,5818455287,0,0,44
2908,0,5820456844,5820456787,0,0,56
2909,0,5822459824,5822459839,0,0,-15
2910,0,5824461240,5824461267,0,0,-27
2911,0,5826464471,5826464429,0,0,42
2912,0,5828466945,5828466862,0,0,82
2913,0,5830470124,5830470082,0,0,42
2914,0,5832471102,5832471085,0,0,16
2915,0,5834474127,5834474103,0,0,24
2916,0,5836475203,5836475134,0,0,68
2917,0,5838476815,5838476787,0,0,27
2918,0,5840480045,5840480067,0,0,-22
2919,0,5842482074,5842482105,0,0,-30
2920,0,5844484740,5844484765,0,0,-24
2921,0,5846486755,5846486736,0,0,19
2922,0,5848488919,5848488896,0,0,23
2923,0,5850491485,5850491458,0,0,26
2924,0,5852493338,5852493287,0,0,51
2925,0,5854495732,5854495775,0,0,-42
2926,0,5856498116,5856498086,0,0,29
2927,0,5858500159,5858500136,0,0,23
2928,0,5860503292,5860503284,0,0,8
2929,0,5862506976,5862506970,0,0,6
2930,0,5864507315,5864507285,0,0,29
2931,0,5866508659,5866508633,0,0,25
2932,0,5868510213,5868510184,0,0,29
2933,0,5870513370,5870513346,0,0,24
2934,0,5872515658,5872515622,0,0,35
2935,0,5874517712,5874517684,0,0,28
2936,0,5876519487,5876519438,0,0,48
2937,0,5878522283,5878522263,0,0,19
2938,0,5880524570,5880524544,0,0,25
2939,0,5882526394,5882526361,0,0,32
2940,0,5884528263,5884528224,0,0,38
2941,0,5886531645,5886531610,0,0,35
2942,0,5888533689,5888533640,0,0,49
2943,0,5890535791,5890535757,0,0,33
2944,0,5892537923,5892537874,0,0,48
2945,0,5894540095,5894540069,0,0,26
2946,0,5896543289,5896543253,0,0,35
2947,0,5898544876,5898544867,0,0,9
2948,0,5900547191,5900547141,0,0,49
2949,0,5902549664,5902549620,0,0,43
2950,0,5904551853,5904551790,0,0,62
2951,0,5906553552,5906553541,0,0,11
2952,0,5908555405,5908555450,0,0,-44
2953,0,5910557348,5910557323,0,0,24
2954,0,5912560536,5912560491,0,0,44
2955,0,5914563806,5914563792,0,0,14
2956,0,5916564797,5916564806,0,0,-8
2957,0,5918567031,5918567018,0,0,12
2958,0,5920569644,5920569588,0,0,55
2959,0,5922571610,5922571599,0,0,11
2960,0,5924573940,5924573902,0,0,38
2961,0,5926575923,5926575904,0,0,19
2962,0,5928579045,5928579011,0,0,33
2963,0,5930580734,5930580722,0,0,12
2964,0,5932582665,5932582613,0,0,51
2965,0,5934585636,5934585617,0,0,19
2966,0,5936588069,5936588024,0,0,44
2967,0,5938588968,5938588948,0,0,20
2968,0,5940591603,5940591577,0,0,26
2969,0,5942593473,5942593426,0,0,46
2970,0,5944595859,5944595842,0,0,17
2971,0,5946597759,5946597791,0,0,-31
2972,0,5948600040,5948600029,0,0,11
2973,0,5950601338,5950601321,0,0,16
2974,0,5952604856,5952604832,0,0,24
2975,0,5954606469,5954606435,0,0,33
2976,0,5956608156,5956608096,0,0,59
2977,0,5958611620,5958611605,0,0,14
2978,0,5960613536,5960613506,0,0,29
2979,0,5962616643,5962616619,0,0,24
2980,0,5964619738,5964619689,0,0,48
2981,0,5966620289,5966620259,0,0,29
2982,0,5968622767,5968622707,0,0,59
2983,0,5970624420,5970624402,0,0,18
2984,0,5972626463,5972626487,0,0,-23
2985,0,5974628961,5974628903,0,0,58
2986,0,5976631137,5976631054,0,0,82
2987,0,5978634020,5978633960,0,0,60
2988,0,5980636017,5980635934,0,0,83
2989,0,5982637869,5982637811,0,0,58
2990,0,5984639233,5984639197,0,0,36
2991,0,5986642185,5986642125,0,0,59
2992,0,5988643971,5988643889,0,0,82
2993,0,5990646838,5990646784,0,0,53
2994,0,5992649660,5992649698,0,0,-38
2995,0,5994651417,5994651390,0,0,27
2996,0,5996654062,5996654064,0,0,-2
2997,0,5998655385,5998655340,0,0,44
2998,0,6000656804,6000656748,0,0,55
2999,0,6002658869,6002658830,0,0,39
3000,0,6004662266,6004662229,0,0,37
3001,0,6006664643,6006664595,0,0,48
3002,0,6008667168,6008667145,0,0,23
3003,0,6010669078,6010669042,0,0,35
3004,0,6012671866,6012671828,0,0,38
3005,0,6014675240,6014675215,0,0,24
3006,0,6016676640,6016676587,0,0,52
3007,0,6018678520,6018678496,0,0,24
3008,0,6020680241,6020680187,0,0,53
3009,0,6022682466,6022682509,0,0,-42
3010,0,6024685501,6024685446,0,0,54
3011,0,6026686129,6026686145,0,0,-15
3012,0,6028689661,6028689613,0,0,47
3013,0,6030691458,6030691421,0,0,37
3014,0,6032693759,6032693715,0,0,43
3015,0,6034695770,6034695710,0,0,60
3016,0,6036698016,6036697961,0,0,55
3017,0,6038700193,6038700133,0,0,60
3018,0,6040702842,6040702861,0,0,-18
3019,0,6042704677,6042704653,0,0,23
3020,0,6044707357,6044707306,0,0,51
3021,0,6046709687,6046709660,0,0,27
3022,0,6048711988,6048711939,0,0,49
3023,0,6050714050,6050714020,0,0,30
3024,0,6052716417,6052716407,0,0,9
3025,0,6054718398,6054718428,0,0,-29
3026,0,6056721491,6056721510,0,0,-18
3027,0,6058722973,6058722930,0,0,42
3028,0,6060724175,6060724124,0,0,51
3029,0,6062725559,6062725499,0,0,60
3030,0,6064728487,6064728408,0,0,78
3031,0,6066731671,6066731624,0,0,47
3032,0,6068733701,6068733649,0,0,51
3033,0,6070736077,6070736012,0,0,65
3034,0,6072738480,6072738426,0,0,53
3035,0,6074740213,6074740175,0,0,37
3036,0,6076742367,6076742325,0,0,42
3037,0,6078743579,6078743531,0,0,48
3038,0,6080745876,6080745835,0,0,40
3039,0,6082748345,6082748291,0,0,53
3040,0,6084752321,6084752262,0,0,58
3041,0,6086753813,6086753739,0,0,73
3042,0,6088756762,6088756725,0,0,37
3043,0,6090757619,6090757604,0,0,15
3044,0,6092760824,6092760785,0,0,38
3045,0,6094762541,6094762519,0,0,22
3046,0,6096764679,6096764631,0,0,47
3047,0,6098765727,6098765712,0,0,15
3048,0,6100768393,6100768385,0,0,8
3049,0,6102771332,6102771304,0,0,27
3050,0,6104772897,6104772928,0,0,-30
3051,0,6106775653,6106775622,0,0,31
3052,0,6108777215,6108777177,0,0,38
3053,0,6110779934,6110779926,0,0,7
3054,0,6112781690,6112781584,0,0,106
3055,0,6114786137,6114786098,0,0,39
3056,0,6116787698,6116787691,0,0,6
3057,0,6118788957,6118788988,0,0,-31
3058,0,6120791631,6120791663,0,0,-32
3059,0,6122793813,6122793840,0,0,-27
3060,0,6124795966,6124796003,0,0,-36
3061,0,6126798198,6126798249,0,0,-50
3062,0,6128800776,6128800710,0,0,65
3063,0,6130802910,6130802883,0,0,27
3064,0,6132804916,6132804955,0,0,-38
3065,0,6134806882,6134806915,0,0,-33
3066,0,6136808357,6136808381,0,0,-23
3067,0,6138811301,6138811343,0,0,-42
3068,0,6140812645,6140812679,0,0,-33
3069,0,6142815796,6142815761,0,0,34
3070,0,6144816928,6144816893,0,0,35
3071,0,6146819349,6146819324,0,0,24
3072,0,6148822816,6148822750,0,0,65
3073,0,6150825269,6150825240,0,0,28
3074,0,6152828041,6152828017,0,0,24
3075,0,6154830193,6154830179,0,0,14
3076,0,6156832814,6156832779,0,0,34
3077,0,6158834205,6158834168,0,0,37
3078,0,6160835878,6160835851,0,0,26
3079,0,6162837968,6162837943,0,0,24
3080,0,6164839420,6164839393,0,0,26
3081,0,6166842289,6166842251,0,0,38
3082,0,6168844865,6168844824,0,0,41
3083,0,6170848567,6170848543,0,0,23
3084,0,6172849448,6172849422,0,0,25
3085,0,6174851215,6174851199,0,0,15
3086,0,6176853317,6176853275,0,0,42
3087,0,6178855976,6178855941,0,0,35
3088,0,6180859373,6180859337,0,0,35
3089,0,6182861155,6182861177,0,0,-22
3090,0,6184862625,6184862668,0,0,-42
3091,0,6186865293,6186865278,0,0,14
3092,0,6188867457,6188867442,0,0,14
3093,0,6190869375,6190869350,0,0,24
3094,0,6192871965,6192871923,0,0,42
3095,0,6194873649,6194873614,0,0,35
3096,0,6196876784,6196876769,0,0,14
3097,0,6198878529,6198878512,0,0,16
3098,0,6200880600,6200880584,0,0,15
3099,0,6202882055,6202882095,0,0,-40
3100,0,6204884164,6204884199,0,0,-35
3101,0,6206887620,6206887652,0,0,-32
3102,0,6208888846,6208888905,0,0,-59
3103,0,6210890350,6210890370,0,0,-19
3104,0,6212892453,6212892504,0,0,-50
3105,0,6214896261,6214896278,0,0,-17
3106,0,6216898440,6216898449,0,0,-9
3107,0,6218901077,6218901002,0,0,75
3108,0,6220903096,6220903044,0,0,51
3109,0,6222904956,6222904891,0,0,65
3110,0,6224907009,6224906961,0,0,47
3111,0,6226908284,6226908215,0,0,68
3112,0,6228910853,6228910869,0,0,-15
3113,0,6230914346,6230914319,0,0,26
3114,0,6232916893,6232916838,0,0,55
3115,0,6234918253,6234918224,0,0,28
3116,0,6236920413,6236920391,0,0,22
3117,0,6238921995,6238921950,0,0,44
3118,0,6240924821,6240924857,0,0,-35
3119,0,6242925770,6242925731,0,0,39
3120,0,6244928896,6244928850,0,0,46
3121,0,6246931851,6246931879,0,0,-28
3122,0,6248934055,6248934085,0,0,-29
3123,0,6250937496,6250937472,0,0,23
3124,0,6252938662,6252938629,0,0,32
3125,0,6254940332,6254940318,0,0,14
3126,0,6256941617,6256941569,0,0,47
3127,0,6258943908,6258943853,0,0,54
3128,0,6260947119,6260947130,0,0,-10
3129,0,6262949773,6262949815,0,0,-42
3130,0,6264951831,6264951849,0,0,-17
3131,0,6266953471,6266953501,0,0,-30
3132,0,6268955283,6268955253,0,0,29
3133,0,6270958401,6270958395,0,0,5
3134,0,6272960946,6272960896,0,0,49
3135,0,6274962966,6274962958,0,0,8
3136,0,6276965002,6276964968,0,0,33
3137,0,6278967177,6278967143,0,0,33
3138,0,6280969873,6280969804,0,0,68
3139,0,6282973743,6282973713,0,0,29
3140,0,6284975261,6284975275,0,0,-13
3141,0,6286975779,6286975822,0,0,-42
3142,0,6288976611,6288976643,0,0,-32
3143,0,6290979649,6290979671,0,0,-22
3144,0,6292982912,6292982946,0,0,-33
3145,0,6294985021,6294985058,0,0,-36
3146,0,6296987815,6296987834,0,0,-18
3147,0,6298989332,6298989348,0,0,-15
3148,0,6300991993,6300991967,0,0,25
3149,0,6302994229,6302994172,0,0,57
3150,0,6304995985,6304995940,0,0,44
3151,0,6306997554,6306997508,0,0,45
3152,0,6309000746,6309000671,0,0,74
3153,0,6311003397,6311003374,0,0,22
3154,0,6313005330,6313005292,0,0,38
3155,0,6315009915,6315009865,0,0,50
3156,0,6317009853,6317009825,0,0,27
3157,0,6319011995,6319011976,0,0,19
3158,0,6321014402,6321014343,0,0,59
3159,0,6323016056,6323016006,0,0,49
3160,0,6325018429,6325018437,0,0,-8
3161,0,6327020829,6327020791,0,0,38
3162,0,6329023010,6329023018,0,0,-8
3163,0,6331025081,6331025042,0,0,39
3164,0,6333027650,6333027587,0,0,62
3165,0,6335029554,6335029494,0,0,59
3166,0,6337032014,6337031966,0,0,48
3167,0,6339034504,6339034460,0,0,43
3168,0,6341036307,6341036260,0,0,46
3169,0,6343038170,6343038106,0,0,63
3170,0,6345039667,6345039678,0,0,-11
3171,0,6347043239,6347043201,0,0,38
3172,0,6349045487,6349045415,0,0,71
3173,0,6351047428,6351047453,0,0,-25
3174,0,6353049948,6353049960,0,0,-12
3175,0,6355051979,6355052013,0,0,-34
3176,0,6357054348,6357054364,0,0,-15
3177,0,6359056514,6359056528,0,0,-13
3178,0,6361059364,6361059374,0,0,-10
3179,0,6363061592,6363061541,0,0,51
3180,0,6365063096,6365063026,0,0,69
3181,0,6367064950,6367064973,0,0,-22
3182,0,6369066204,6369066247,0,0,-42
3183,0,6371069842,6371069811,0,0,31
3184,0,6373071532,6373071495,0,0,37
3185,0,6375072937,6375072888,0,0,48
3186,0,6377076626,6377076584,0,0,41
3187,0,6379079773,6379079748,0,0,25
3188,0,6381081020,6381081033,0,0,-12
3189,0,6383082716,6383082739,0,0,-22
3190,0,6385084136,6385084127,0,0,8
3191,0,6387087492,6387087451,0,0,41
3192,0,6389089909,6389089941,0,0,-32
3193,0,6391091550,6391091555,0,0,-5
3194,0,6393093265,6393093303,0,0,-37
3195,0,6395096389,6395096345,0,0,44
3196,0,6397099316,6397099288,0,0,27
3197,0,6399100608,6399100557,0,0,51
3198,0,6401103306,6401103339,0,0,-33
3199,0,6403104768,6403104777,0,0,-8
3200,0,6405106641,6405106596,0,0,44
3201,0,6407109624,6407109576,0,0,48
3202,0,6409111572,6409111606,0,0,-33
3203,0,6411114933,6411114973,0,0,-39
3204,0,6413117543,6413117573,0,0,-30
3205,0,6415119795,6415119839,0,0,-43
3206,0,6417120843,6417120851,0,0,-8
3207,0,6419122873,6419122912,0,0,-38
3208,0,6421125174,6421125206,0,0,-31
3209,0,6423127674,6423127674,0,0,0
3210,0,6425129519,6425129559,0,0,-39
3211,0,6427131652,6427131684,0,0,-31
3212,0,6429133152,6429133195,0,0,-42
3213,0,6431136285,6431136263,0,0,21
3214,0,6433138856,6433138835,0,0,20
3215,0,6435141620,6435141592,0,0,27
3216,0,6437144362,6437144318,0,0,44
3217,0,6439144937,6439144929,0,0,8
3218,0,6441146505,6441146471,0,0,33
3219,0,6443150155,6443150123,0,0,32
3220,0,6445152557,6445152490,0,0,66
3221,0,6447153743,6447153777,0,0,-33
3222,0,6449155222,6449155247,0,0,-24
3223,0,6451158457,6451158395,0,0,62
3224,0,6453161253,6453161244,0,0,8
3225,0,6455163350,6455163305,0,0,44
3226,0,6457165544,6457165529,0,0,15
3227,0,6459167556,6459167516,0,0,39
3228,0,6461169640,6461169616,0,0,23
3229,0,6463171534,6463171519,0,0,15
3230,0,6465173346,6465173378,0,0,-32
3231,0,6467176804,6467176868,0,0,-64
3232,0,6469178559,6469178523,0,0,35
3233,0,6471180703,6471180683,0,0,20
3234,0,6473183517,6473183489,0,0,28
3235,0,6475187292,6475187267,0,0,24
3236,0,6477188809,6477188795,0,0,14
3237,0,6479189513,6479189468,0,0,44
3238,0,6481190987,6481190957,0,0,29
3239,0,6483194313,6483194274,0,0,39
3240,0,6485196851,6485196794,0,0,56
3241,0,6487198707,6487198652,0,0,54
3242,0,6489201058,6489201010,0,0,47
3243,0,6491203016,6491202967,0,0,49
3244,0,6493205374,6493205338,0,0,35
3245,0,6495207502,6495207445,0,0,56
3246,0,6497209778,6497209727,0,0,51
3247,0,6499211900,6499211874,0,0,26
3248,0,6501215216,6501215161,0,0,55
3249,0,6503217447,6503217476,0,0,-29
3250,0,6505218604,6505218633,0,0,-29
3251,0,6507221094,6507221112,0,0,-17
3252,0,6509224853,6509224888,0,0,-34
3253,0,6511226167,6511226159,0,0,8
3254,0,6513227832,6513227811,0,0,20
3255,0,6515230964,6515230989,0,0,-24
3256,0,6517232683,6517232701,0,0,-18
3257,0,6519234389,6519234397,0,0,-7
3258,0,6521236622,6521236561,0,0,60
3259,0,6523238308,6523238266,0,0,42
3260,0,6525239954,6525239976,0,0,-22
3261,0,6527243296,6527243307,0,0,-11
3262,0,6529245352,6529245384,0,0,-31
3263,0,6531247250,6531247211,0,0,39
3264,0,6533249021,6533249010,0,0,11
3265,0,6535252052,6535252060,0,0,-8
3266,0,6537254437,6537254453,0,0,-16
3267,0,6539256797,6539256761,0,0,36
3268,0,6541259975,6541259920,0,0,55
3269,0,6543261286,6543261248,0,0,38
3270,0,6545263200,6545263170,0,0,29
3271,0,6547265410,6547265374,0,0,35
3272,0,6549268605,6549268560,0,0,44
3273,0,6551270685,6551270680,0,0,4
3274,0,6553272632,6553272588,0,0,43
3275,0,6555274330,6555274295,0,0,34
3276,0,6557276826,6557276804,0,0,21
3277,0,6559278637,6559278619,0,0,17
3278,0,6561281278,6561281246,0,0,32
3279,0,6563283254,6563283212,0,0,42
3280,0,6565286132,6565286106,0,0,26
3281,0,6567287513,6567287465,0,0,47
3282,0,6569289447,6569289412,0,0,34
3283,0,6571291142,6571291168,0,0,-25
3284,0,6573295571,6573295548,0,0,23
3285,0,6575296182,6575296130,0,0,51
3286,0,6577298176,6577298137,0,0,39
3287,0,6579300961,6579300923,0,0,38
3288,0,6581303653,6581303615,0,0,38
3289,0,6583305510,6583305559,0,0,-49
3290,0,6585308179,6585308217,0,0,-38
3291,0,6587310420,6587310450,0,0,-30
3292,0,6589312278,6589312305,0,0,-26
3293,0,6591314411,6591314442,0,0,-31
3294,0,6593316236,6593316208,0,0,27
3295,0,6595317306,6595317262,0,0,44
3296,0,6597320011,6597319964,0,0,47
3297,0,6599322964,6599322931,0,0,32
3298,0,6601324624,6601324575,0,0,49
3299,0,6603328713,6603328698,0,0,14
3300,0,6605332399,6605332337,0,0,62
3301,0,6607331677,6607331686,0,0,-8
3302,0,6609333582,6609333617,0,0,-35
3303,0,6611336467,6611336483,0,0,-16
3304,0,6613339433,6613339470,0,0,-36
3305,0,6615343000,6615343016,0,0,-16
3306,0,6617343350,6617343341,0,0,8
3307,0,6619345365,6619345390,0,0,-24
3308,0,6621347704,6621347685,0,0,19
3309,0,6623350406,6623350368,0,0,37
3310,0,6625352598,6625352552,0,0,46
3311,0,6627354132,6627354092,0,0,40
3312,0,6629357275,6629357238,0,0,37
3313,0,6631359132,6631359094,0,0,38
3314,0,6633361165,6633361114,0,0,51
3315,0,6635363233,6635363195,0,0,38
3316,0,6637365884,6637365860,0,0,23
3317,0,6639367852,6639367837,0,0,15
3318,0,6641370169,6641370114,0,0,54
3319,0,6643372229,6643372204,0,0,24
3320,0,6645374886,6645374851,0,0,35
3321,0,6647376661,6647376633,0,0,27
3322,0,6649378765,6649378733,0,0,31
3323,0,6651380983,6651381010,0,0,-26
3324,0,6653384090,6653384080,0,0,9
3325,0,6655386128,6655386102,0,0,25
3326,0,6657388151,6657388182,0,0,-31
3327,0,6659389709,6659389734,0,0,-24
3328,0,6661391560,6661391594,0,0,-33
3329,0,6663394763,6663394743,0,0,20
3330,0,6665396882,6665396826,0,0,55
3331,0,6667399011,6667398993,0,0,18
3332,0,6669402514,6669402478,0,0,36
3333,0,6671402948,6671402923,0,0,25
3334,0,6673404444,6673404407,0,0,36
3335,0,6675407168,6675407143,0,0,24
3336,0,6677409058,6677409029,0,0,28
3337,0,6679412802,6679412786,0,0,15
3338,0,6681414928,6681414913,0,0,15
3339,0,6683417122,6683417112,0,0,9
3340,0,6685419286,6685419295,0,0,-8
3341,0,6687421298,6687421339,0,0,-40
3342,0,6689423416,6689423395,0,0,21
3343,0,6691425737,6691425713,0,0,23
3344,0,6693427952,6693427934,0,0,17
3345,0,6695430229,6695430219,0,0,10
3346,0,6697432241,6697432242,0,0,-1
3347,0,6699434244,6699434229,0,0,15
3348,0,6701438087,6701438072,0,0,15
3349,0,6703439251,6703439216,0,0,34
3350,0,6705441167,6705441189,0,0,-22
3351,0,6707443440,6707443404,0,0,35
3352,0,6709445951,6709445907,0,0,44
3353,0,6711447729,6711447719,0,0,10
3354,0,6713450494,6713450501,0,0,-6
3355,0,6715453380,6715453394,0,0,-13
3356,0,6717453860,6717453812,0,0,48
3357,0,6719457235,6719457180,0,0,54
3358,0,6721458840,6721458773,0,0,67
3359,0,6723459914,6723459867,0,0,46
3360,0,6725462298,6725462273,0,0,25
3361,0,6727465595,6727465546,0,0,49
3362,0,6729467866,6729467836,0,0,29
3363,0,6731470875,6731470837,0,0,38
3364,0,6733473358,6733473312,0,0,46
3365,0,6735474286,6735474320,0,0,-33
3366,0,6737476089,6737476081,0,0,7
3367,0,6739479208,6739479182,0,0,26
3368,0,6741481563,6741481537,0,0,26
3369,0,6743483451,6743483436,0,0,14
3370,0,6745485274,6745485303,0,0,-28
3371,0,6747486687,6747486660,0,0,26
3372,0,6749490560,6749490510,0,0,49
3373,0,6751492724,6751492658,0,0,66
3374,0,6753494663,6753494597,0,0,65
3375,0,6755496667,6755496641,0,0,25
3376,0,6757498951,6757498924,0,0,26
3377,0,6759501392,6759501362,0,0,29
3378,0,6761503753,6761503716,0,0,36
3379,0,6763505505,6763505464,0,0,41
3380,0,6765508379,6765508330,0,0,49
3381,0,6767510042,6767510006,0,0,35
3382,0,6769512433,6769512374,0,0,58
3383,0,6771514442,6771514393,0,0,49
3384,0,6773517249,6773517185,0,0,63
3385,0,6775519143,6775519166,0,0,-22
3386,0,6777522327,6777522340,0,0,-13
3387,0,6779524590,6779524606,0,0,-15
3388,0,6781525916,6781525829,0,0,87
3389,0,6783528316,6783528258,0,0,58
3390,0,6785530255,6785530198,0,0,56
3391,0,6787532561,6787532536,0,0,24
3392,0,6789534631,6789534591,0,0,40
3393,0,6791536608,6791536577,0,0,31
3394,0,6793538504,6793538473,0,0,31
3395,0,6795542123,6795542093,0,0,30
3396,0,6797545217,6797545208,0,0,9
3397,0,6799545441,6799545397,0,0,44
3398,0,6801546732,6801546741,0,0,-8
3399,0,6803548880,6803548922,0,0,-42
3400,0,6805551899,6805551860,0,0,39
3401,0,6807554649,6807554617,0,0,31
3402,0,6809557559,6809557590,0,0,-30
3403,0,6811559643,6811559605,0,0,38
3404,0,6813561476,6813561431,0,0,44
3405,0,6815565212,6815565175,0,0,36
3406,0,6817565986,6817565945,0,0,40
3407,0,6819568256,6819568211,0,0,44
3408,0,6821570988,6821571002,0,0,-13
3409,0,6823572680,6823572705,0,0,-25
3410,0,6825574580,6825574628,0,0,-47
3411,0,6827576824,6827576849,0,0,-24
3412,0,6829580139,6829580164,0,0,-24
3413,0,6831581129,6831581137,0,0,-8
3414,0,6833583183,6833583215,0,0,-31
3415,0,6835585882,6835585921,0,0,-38
3416,0,6837588150,6837588103,0,0,47
3417,0,6839590361,6839590339,0,0,21
3418,0,6841592683,6841592710,0,0,-26
3419,0,6843594928,6843594959,0,0,-31
3420,0,6845596851,6845596885,0,0,-33
3421,0,6847599523,6847599490,0,0,32
3422,0,6849600910,6849600865,0,0,44
3423,0,6851602600,6851602564,0,0,35
3424,0,6853606476,6853606441,0,0,35
3425,0,6855608484,6855608438,0,0,45
3426,0,6857610649,6857610692,0,0,-42
3427,0,6859612244,6859612268,0,0,-23
3428,0,6861614689,6861614701,0,0,-11
3429,0,6863616871,6863616899,0,0,-28
3430,0,6865619430,6865619378,0,0,51
3431,0,6867621400,6867621388,0,0,11
3432,0,6869623946,6869623927,0,0,19
3433,0,6871625977,6871625948,0,0,28
3434,0,6873628029,6873628009,0,0,19
3435,0,6875630181,6875630161,0,0,19
3436,0,6877632324,6877632285,0,0,39
3437,0,6879633341,6879633294,0,0,46
3438,0,6881636126,6881636081,0,0,44
3439,0,6883639099,6883639058,0,0,41
3440,0,6885641949,6885641916,0,0,33
3441,0,6887643541,6887643508,0,0,33
3442,0,6889645969,6889645938,0,0,31
3443,0,6891648244,6891648266,0,0,-22
3444,0,6893650559,6893650587,0,0,-27
3445,0,6895653099,6895653105,0,0,-6
3446,0,6897653772,6897653754,0,0,17
3447,0,6899657006,6899657019,0,0,-12
3448,0,6901659592,6901659582,0,0,10
3449,0,6903661576,6903661618,0,0,-42
3450,0,6905663680,6905663700,0,0,-20
3451,0,6907665850,6907665792,0,0,58
3452,0,6909668797,6909668722,0,0,74
3453,0,6911670411,6911670375,0,0,35
3454,0,6913672301,6913672254,0,0,47
3455,0,6915675066,6915675017,0,0,49
3456,0,6917677074,6917677104,0,0,-30
3457,0,6919679155,6919679161,0,0,-5
3458,0,6921681770,6921681712,0,0,58
3459,0,6923684521,6923684486,0,0,34
3460,0,6925687086,6925687016,0,0,69
3461,0,6927688952,6927688903,0,0,48
3462,0,6929689236,6929689205,0,0,31
3463,0,6931692451,6931692463,0,0,-12
3464,0,6933694902,6933694861,0,0,40
3465,0,6935696719,6935696684,0,0,34
3466,0,6937698642,6937698622,0,0,20
3467,0,6939701127,6939701128,0,0,-1
3468,0,6941702904,6941702875,0,0,29
3469,0,6943706141,6943706130,0,0,11
3470,0,6945708503,6945708464,0,0,39
3471,0,6947709704,6947709668,0,0,35
3472,0,6949711595,6949711569,0,0,26
3473,0,6951715559,6951715546,0,0,13
3474,0,6953718400,6953718375,0,0,24
3475,0,6955719123,6955719105,0,0,17
3476,0,6957721932,6957721896,0,0,35
3477,0,6959724687,6959724671,0,0,15
3478,0,6961725958,6961725912,0,0,45
3479,0,6963728080,6963728044,0,0,35
3480,0,6965731094,6965731058,0,0,35
3481,0,6967732860,6967732831,0,0,28
3482,0,6969734911,6969734902,0,0,8
3483,0,6971736746,6971736739,0,0,6
3484,0,6973738341,6973738361,0,0,-20
3485,0,6975741889,6975741874,0,0,15
3486,0,6977743980,6977743938,0,0,42
3487,0,6979746046,6979746024,0,0,21
3488,0,6981748253,6981748215,0,0,37
3489,0,6983750461,6983750423,0,0,38
3490,0,6985752624,6985752543,0,0,81
3491,0,6987755134,6987755122,0,0,12
3492,0,6989756977,6989756915,0,0,61
3493,0,6991760101,6991760056,0,0,44
3494,0,6993760716,6993760644,0,0,71
3495,0,6995763916,6995763860,0,0,56
3496,0,6997766328,6997766269,0,0,58
3497,0,6999768559,6999768514,0,0,44
3498,0,7001770476,7001770491,0,0,-14
3499,0,7003772837,7003772779,0,0,58
3500,0,7005775378,7005775304,0,0,74
3501,0,7007777643,7007777607,0,0,35
3502,0,7009779215,7009779154,0,0,61
3503,0,7011781582,7011781553,0,0,28
3504,0,7013783827,7013783842,0,0,-15
3505,0,7015787638,7015787586,0,0,51
3506,0,7017788294,7017788238,0,0,56
3507,0,7019790826,7019790800,0,0,26
3508,0,7021792517,7021792496,0,0,21
3509,0,7023795613,7023795573,0,0,39
3510,0,7025796337,7025796361,0,0,-24
3511,0,7027798934,7027798945,0,0,-11
3512,0,7029800917,7029800889,0,0,27
3513,0,7031803583,7031803554,0,0,29
3514,0,7033804926,7033804951,0,0,-24
3515,0,7035808630,7035808664,0,0,-33
3516,0,7037810422,7037810449,0,0,-26
3517,0,7039812956,7039812988,0,0,-32
3518,0,7041815233,7041815197,0,0,36
3519,0,7043817498,7043817461,0,0,37
3520,0,7045819705,7045819678,0,0,26
3521,0,7047821436,7047821394,0,0,42
3522,0,7049822975,7049822917,0,0,57
3523,0,7051827241,7051827277,0,0,-35
3524,0,7053829123,7053829132,0,0,-8
3525,0,7055830514,7055830541,0,0,-26
3526,0,7057832827,7057832860,0,0,-32
3527,0,7059835078,7059835033,0,0,44
3528,0,7061837120,7061837084,0,0,35
3529,0,7063839955,7063839917,0,0,38
3530,0,7065842094,7065842071,0,0,22
3531,0,7067843681,7067843643,0,0,38
3532,0,7069845966,7069845904,0,0,61
3533,0,7071848178,7071848152,0,0,26
3534,0,7073850564,7073850519,0,0,44
3535,0,7075852692,7075852650,0,0,42
3536,0,7077854911,7077854876,0,0,34
3537,0,7079856775,7079856746,0,0,29
3538,0,7081858412,7081858376,0,0,35
3539,0,7083861645,7083861590,0,0,55
3540,0,7085863625,7085863589,0,0,35
3541,0,7087865788,7087865815,0,0,-26
3542,0,7089867234,7089867265,0,0,-30
3543,0,7091870370,7091870394,0,0,-24
3544,0,7093872564,7093872578,0,0,-13
3545,0,7095873967,7095873999,0,0,-32
3546,0,7097877105,7097877133,0,0,-28
3547,0,7099879459,7099879428,0,0,31
3548,0,7101881871,7101881831,0,0,39
3549,0,7103884116,7103884093,0,0,23
3550,0,7105886420,7105886365,0,0,54
3551,0,7107888168,7107888128,0,0,40
3552,0,7109890527,7109890478,0,0,48
3553,0,7111892964,7111892947,0,0,16
3554,0,7113895633,7113895579,0,0,53
3555,0,7115899728,7115899712,0,0,16
3556,0,7117900962,7117900914,0,0,47
3557,0,7119903486,7119903436,0,0,49
3558,0,7121904090,7121904058,0,0,31
3559,0,7123906283,7123906233,0,0,49
3560,0,7125908525,7125908503,0,0,21
3561,0,7127911134,7127911110,0,0,24
3562,0,7129913192,7129913159,0,0,32
3563,0,7131915625,7131915599,0,0,26
3564,0,7133917331,7133917292,0,0,39
3565,0,7135919696,7135919660,0,0,35
3566,0,7137922080,7137922040,0,0,40
3567,0,7139924137,7139924099,0,0,38
3568,0,7141926912,7141926946,0,0,-34
3569,0,7143928830,7143928849,0,0,-18
3570,0,7145931073,7145931026,0,0,47
3571,0,7147932860,7147932805,0,0,55
3572,0,7149935106,7149935074,0,0,32
3573,0,7151937690,7151937669,0,0,21
3574,0,7153940112,7153940097,0,0,14
3575,0,7155942026,7155941995,0,0,31
3576,0,7157944617,7157944556,0,0,60
3577,0,7159946045,7159946000,0,0,44
3578,0,7161948320,7161948290,0,0,29
3579,0,7163950582,7163950555,0,0,27
3580,0,7165953029,7165952954,0,0,75
3581,0,7167955073,7167955024,0,0,48
3582,0,7169957860,7169957821,0,0,38
3583,0,7171959401,7171959426,0,0,-24
3584,0,7173961053,7173961068,0,0,-15
3585,0,7175963882,7175963933,0,0,-51
3586,0,7177966373,7177966383,0,0,-10
3587,0,7179968191,7179968229,0,0,-38
3588,0,7181970737,7181970779,0,0,-42
3589,0,7183973927,7183973898,0,0,28
3590,0,7185975557,7185975524,0,0,32
3591,0,7187977091,7187977080,0,0,11
3592,0,7189979566,7189979554,0,0,11
3593,0,7191981712,7191981646,0,0,66
3594,0,7193984341,7193984269,0,0,72
3595,0,7195986764,7195986716,0,0,47
3596,0,7197988941,7197988892,0,0,48
3597,0,7199990500,7199990474,0,0,25
3598,0,7201991787,7201991776,0,0,11
3599,0,7203995303,7203995310,0,0,-6
3600,0,7205997620,7205997562,0,0,58
3601,0,7207999470,7207999429,0,0,41
3602,0,7210002059,7210002024,0,0,34
3603,0,7212003858,7212003827,0,0,30
3604,0,7214006777,7214006740,0,0,36
3605,0,7216010680,7216010653,0,0,26
3606,0,7218010678,7218010697,0,0,-18
3607,0,7220012622,7220012664,0,0,-42
3608,0,7222015071,7222015114,0,0,-42
3609,0,7224018118,7224018132,0,0,-14
3610,0,7226018750,7226018791,0,0,-40
3611,0,7228021848,7228021830,0,0,17
3612,0,7230024092,7230024073,0,0,19
3613,0,7232026352,7232026328,0,0,24
3614,0,7234029955,7234029919,0,0,35
3615,0,7236032483,7236032461,0,0,21
3616,0,7238033069,7238033103,0,0,-33
3617,0,7240035335,7240035360,0,0,-24
3618,0,7242037459,7242037481,0,0,-22
3619,0,7244040617,7244040653,0,0,-35
3620,0,7246043552,7246043482,0,0,69
3621,0,7248044301,7248044256,0,0,44
3622,0,7250047623,7250047575,0,0,47
3623,0,7252048456,7252048415,0,0,41
3624,0,7254050694,7254050666,0,0,28
3625,0,7256053672,7256053643,0,0,29
3626,0,7258054978,7258054887,0,0,91
3627,0,7260055992,7260055959,0,0,32
3628,0,7262059648,7262059614,0,0,33
3629,0,7264063240,7264063202,0,0,38
3630,0,7266064753,7266064704,0,0,49
3631,0,7268066314,7268066329,0,0,-15
3632,0,7270068589,7270068620,0,0,-31
3633,0,7272070956,7272070965,0,0,-8
3634,0,7274073284,7274073306,0,0,-22
3635,0,7276075127,7276075139,0,0,-12
3636,0,7278077194,7278077223,0,0,-29
3637,0,7280078244,7280078276,0,0,-31
3638,0,7282081871,7282081882,0,0,-10
3639,0,7284084596,7284084630,0,0,-33
3640,0,7286086271,7286086260,0,0,10
3641,0,7288088476,7288088518,0,0,-42
3642,0,7290091393,7290091366,0,0,26
3643,0,7292092891,7292092916,0,0,-25
3644,0,7294095460,7294095474,0,0,-14
3645,0,7296097530,7296097549,0,0,-19
3646,0,7298100107,7298100060,0,0,46
3647,0,7300102241,7300102211,0,0,29
3648,0,7302104578,7302104548,0,0,29
3649,0,7304106414,7304106369,0,0,44
3650,0,7306108685,7306108649,0,0,35
3651,0,7308111268,7308111259,0,0,8
3652,0,7310113426,7310113405,0,0,21
3653,0,7312115506,7312115479,0,0,26
3654,0,7314118301,7314118254,0,0,47
3655,0,7316120582,7316120558,0,0,24
3656,0,7318121737,7318121701,0,0,36
3657,0,7320122669,7320122640,0,0,29
3658,0,7322125665,7322125658,0,0,6
3659,0,7324128566,7324128521,0,0,45
3660,0,7326130634,7326130595,0,0,39
3661,0,7328131935,7328131969,0,0,-33
3662,0,7330136076,7330136118,0,0,-42
3663,0,7332138422,7332138387,0,0,35
3664,0,7334139531,7334139453,0,0,78
3665,0,7336141338,7336141297,0,0,40
3666,0,7338144413,7338144375,0,0,38
3667,0,7340146820,7340146782,0,0,38
3668,0,7342149532,7342149495,0,0,36
3669,0,7344151888,7344151854,0,0,33
3670,0,7346154407,7346154422,0,0,-14
3671,0,7348155863,7348155883,0,0,-20
3672,0,7350157391,7350157351,0,0,40
3673,0,7352159689,7352159648,0,0,40
3674,0,7354161995,7354161964,0,0,31
3675,0,7356164647,7356164620,0,0,27
3676,0,7358166584,7358166560,0,0,24
3677,0,7360168024,7360167982,0,0,42
3678,0,7362169748,7362169710,0,0,38
3679,0,7364173537,7364173494,0,0,42
3680,0,7366175666,7366175687,0,0,-20
3681,0,7368177653,7368177607,0,0,46
3682,0,7370179635,7370179601,0,0,34
3683,0,7372182907,7372182898,0,0,8
3684,0,7374185135,7374185062,0,0,72
3685,0,7376186329,7376186282,0,0,47
3686,0,7378188805,7378188739,0,0,66
3687,0,7380190877,7380190860,0,0,16
3688,0,7382193245,7382193227,0,0,17
3689,0,7384195680,7384195659,0,0,20
3690,0,7386198436,7386198384,0,0,51
3691,0,7388200941,7388200907,0,0,33
3692,0,7390202287,7390202305,0,0,-17
3693,0,7392204274,7392204311,0,0,-36
3694,0,7394206774,7394206781,0,0,-6
3695,0,7396208564,7396208539,0,0,24
3696,0,7398211099,7398211022,0,0,77
3697,0,7400213348,7400213382,0,0,-34
3698,0,7402215848,7402215811,0,0,37
3699,0,7404217487,7404217531,0,0,-43
3700,0,7406219507,7406219483,0,0,24
3701,0,7408221420,7408221404,0,0,16
3702,0,7410225305,7410225276,0,0,29
3703,0,7412226813,7412226776,0,0,37
3704,0,7414228233,7414228173,0,0,60
3705,0,7416232000,7416231965,0,0,35
3706,0,7418234294,7418234283,0,0,11
3707,0,7420235128,7420235093,0,0,35
3708,0,7422236490,7422236468,0,0,22
3709,0,7424240510,7424240545,0,0,-35
3710,0,7426242577,7426242561,0,0,15
3711,0,7428244000,7428243973,0,0,27
3712,0,7430245573,7430245543,0,0,29
3713,0,7432248901,7432248892,0,0,8
3714,0,7434250874,7434250856,0,0,17
3715,0,7436254658,7436254646,0,0,11
3716,0,7438257078,7438257040,0,0,38
3717,0,7440257926,7440257920,0,0,6
3718,0,7442260855,7442260868,0,0,-13
3719,0,7444262035,7444262024,0,0,11
3720,0,7446264318,7446264289,0,0,29
3721,0,7448266472,7448266464,0,0,8
3722,0,7450269173,7450269112,0,0,60
3723,0,7452271346,7452271327,0,0,19
3724,0,7454273294,7454273235,0,0,59
3725,0,7456275832,7456275794,0,0,38
3726,0,7458277534,7458277510,0,0,24
3727,0,7460280566,7460280532,0,0,33
3728,0,7462283171,7462283193,0,0,-21
3729,0,7464285271,7464285326,0,0,-55
3730,0,7466286640,7466286607,0,0,33
3731,0,7468288964,7468288947,0,0,16
3732,0,7470290975,7470290932,0,0,42
3733,0,7472293203,7472293171,0,0,31
3734,0,7474296372,7474296354,0,0,17
3735,0,7476296570,7476296551,0,0,19
3736,0,7478300389,7478300351,0,0,38
3737,0,7480302130,7480302106,0,0,23
3738,0,7482304212,7482304194,0,0,17
3739,0,7484306634,7484306675,0,0,-40
3740,0,7486309028,7486309070,0,0,-42
3741,0,7488311167,7488311139,0,0,27
3742,0,7490313698,7490313651,0,0,47
3743,0,7492315841,7492315798,0,0,42
3744,0,7494317851,7494317824,0,0,26
3745,0,7496319863,7496319877,0,0,-13
3746,0,7498322323,7498322273,0,0,49
3747,0,7500324555,7500324506,0,0,49
3748,0,7502327069,7502326988,0,0,81
3749,0,7504329013,7504328971,0,0,41
3750,0,7506330906,7506330855,0,0,51
3751,0,7508333873,7508333834,0,0,38
3752,0,7510335401,7510335357,0,0,44
3753,0,7512337302,7512337330,0,0,-27
3754,0,7514339057,7514339026,0,0,31
3755,0,7516343890,7516343853,0,0,36
3756,0,7518344599,7518344548,0,0,51
3757,0,7520346719,7520346681,0,0,38
3758,0,7522349035,7522349027,0,0,8
3759,0,7524351394,7524351367,0,0,26
3760,0,7526353281,7526353223,0,0,58
3761,0,7528355429,7528355391,0,0,38
3762,0,7530357943,7530357912,0,0,31
3763,0,7532360119,7532360149,0,0,-30
3764,0,7534362028,7534361997,0,0,31
3765,0,7536364058,7536364044,0,0,14
3766,0,7538368159,7538368139,0,0,20
3767,0,7540369691,7540369660,0,0,31
3768,0,7542372387,7542372420,0,0,-33
3769,0,7544373215,7544373152,0,0,62
3770,0,7546375259,7546375269,0,0,-9
3771,0,7548377123,7548377065,0,0,58
3772,0,7550380872,7550380842,0,0,29
3773,0,7552382210,7552382149,0,0,60
3774,0,7554384597,7554384530,0,0,66
3775,0,7556386552,7556386483,0,0,68
3776,0,7558387979,7558387923,0,0,56
3777,0,7560390878,7560390829,0,0,49
3778,0,7562392471,7562392416,0,0,55
3779,0,7564396542,7564396567,0,0,-24
3780,0,7566399620,7566399598,0,0,21
3781,0,7568400192,7568400183,0,0,8
3782,0,7570403334,7570403260,0,0,74
3783,0,7572404666,7572404608,0,0,57
3784,0,7574407136,7574407076,0,0,59
3785,0,7576409543,7576409485,0,0,58
3786,0,7578411637,7578411575,0,0,62
3787,0,7580413315,7580413262,0,0,52
3788,0,7582415572,7582415515,0,0,56
3789,0,7584417838,7584417793,0,0,44
3790,0,7586420935,7586420884,0,0,51
3791,0,7588423328,7588423292,0,0,35
3792,0,7590424691,7590424624,0,0,66
3793,0,7592426155,7592426116,0,0,38
3794,0,7594428921,7594428883,0,0,38
3795,0,7596431430,7596431379,0,0,50
3796,0,7598433415,7598433386,0,0,28
3797,0,7600435476,7600435441,0,0,34
3798,0,7602437970,7602437934,0,0,35
3799,0,7604441031,7604441002,0,0,29
3800,0,7606442194,7606442148,0,0,46
3801,0,7608444325,7608444300,0,0,25
3802,0,7610446008,7610445993,0,0,15
3803,0,7612449154,7612449133,0,0,20
3804,0,7614452086,7614452076,0,0,9
3805,0,7616455997,7616455970,0,0,27
3806,0,7618455266,7618455233,0,0,32
3807,0,7620456793,7620456768,0,0,24
3808,0,7622460081,7622460051,0,0,29
3809,0,7624461878,7624461859,0,0,19
3810,0,7626464123,7626464104,0,0,18
3811,0,7628467023,7628466991,0,0,31
3812,0,7630469367,7630469320,0,0,47
3813,0,7632470816,7632470757,0,0,58
3814,0,7634472867,7634472806,0,0,60
3815,0,7636476433,7636476460,0,0,-26
3816,0,7638476573,7638476552,0,0,20
3817,0,7640478908,7640478874,0,0,33
3818,0,7642481641,7642481596,0,0,44
3819,0,7644484163,7644484128,0,0,34
3820,0,7646485570,7646485512,0,0,58
3821,0,7648487491,7648487523,0,0,-32
3822,0,7650490387,7650490400,0,0,-12
3823,0,7652494408,7652494378,0,0,29
3824,0,7654496986,7654496958,0,0,28
3825,0,7656497642,7656497617,0,0,24
3826,0,7658499277,7658499374,0,0,-96
3827,0,7660501888,7660501921,0,0,-32
3828,0,7662503703,7662503736,0,0,-33
3829,0,7664507168,7664507193,0,0,-25
3830,0,7666509134,7666509099,0,0,35
3831,0,7668511427,7668511461,0,0,-33
3832,0,7670513925,7670513937,0,0,-11
3833,0,7672515569,7672515590,0,0,-20
3834,0,7674518002,7674518053,0,0,-51
3835,0,7676520059,7676520094,0,0,-34
3836,0,7678522966,7678522982,0,0,-15
3837,0,7680524903,7680524890,0,0,13
3838,0,7682527360,7682527322,0,0,38
3839,0,7684529008,7684528977,0,0,31
3840,0,7686531507,7686531486,0,0,21
3841,0,7688533599,7688533580,0,0,18
3842,0,7690536426,7690536382,0,0,43
3843,0,7692539001,7692538982,0,0,19
3844,0,7694541386,7694541356,0,0,29
3845,0,7696542317,7696542296,0,0,21
3846,0,7698544376,7698544411,0,0,-35
3847,0,7700546660,7700546638,0,0,21
3848,0,7702549502,7702549477,0,0,24
3849,0,7704551190,7704551163,0,0,26
3850,0,7706553619,7706553584,0,0,35
3851,0,7708555721,7708555695,0,0,25
3852,0,7710558228,7710558193,0,0,35
3853,0,7712559981,7712559955,0,0,25
3854,0,7714561649,7714561615,0,0,33
3855,0,7716566043,7716566026,0,0,16
3856,0,7718567262,7718567232,0,0,29
3857,0,7720569661,7720569711,0,0,-49
3858,0,7722571200,7722571211,0,0,-10
3859,0,7724574097,7724574089,0,0,8
3860,0,7726576135,7726576121,0,0,13
3861,0,7728578379,7728578335,0,0,44
3862,0,7730580498,7730580445,0,0,53
3863,0,7732583276,7732583321,0,0,-44
3864,0,7734584691,7734584751,0,0,-60
3865,0,7736586776,7736586801,0,0,-24
3866,0,7738589300,7738589332,0,0,-32
3867,0,7740591339,7740591376,0,0,-37
3868,0,7742594116,7742594051,0,0,65
3869,0,7744595789,7744595741,0,0,48
3870,0,7746597950,7746597986,0,0,-36
3871,0,7748600094,7748600067,0,0,26
3872,0,7750602612,7750602587,0,0,24
3873,0,7752604824,7752604795,0,0,29
3874,0,7754606041,7754606002,0,0,39
3875,0,7756610195,7756610200,0,0,-5
3876,0,7758612280,7758612262,0,0,17
3877,0,7760614168,7760614159,0,0,8
3878,0,7762616098,7762616033,0,0,65
3879,0,7764619310,7764619278,0,0,31
3880,0,7766621003,7766620958,0,0,44
3881,0,7768622384,7768622364,0,0,20
3882,0,7770625063,7770625027,0,0,35
3883,0,7772626880,7772626841,0,0,39
3884,0,7774629356,7774629299,0,0,56
3885,0,7776631642,7776631620,0,0,22
3886,0,7778633403,7778633370,0,0,32
3887,0,7780634462,7780634472,0,0,-10
3888,0,7782638019,7782637994,0,0,24
3889,0,7784641255,7784641202,0,0,53
3890,0,7786642737,7786642687,0,0,49
3891,0,7788644887,7788644821,0,0,65
3892,0,7790647125,7790647136,0,0,-11
3893,0,7792649337,7792649269,0,0,67
3894,0,7794651874,7794651781,0,0,92
3895,0,7796654712,7796654679,0,0,33
3896,0,7798656328,7798656206,0,0,121
3897,0,7800657867,7800657896,0,0,-28
3898,0,7802659346,7802659379,0,0,-32
3899,0,7804662797,7804662830,0,0,-33
3900,0,7806665161,7806665176,0,0,-14
3901,0,7808666616,7808666633,0,0,-17
3902,0,7810668236,7810668257,0,0,-20
3903,0,7812671782,7812671728,0,0,53
3904,0,7814673615,7814673586,0,0,29
3905,0,7816677777,7816677739,0,0,38
3906,0,7818678384,7818678336,0,0,48
3907,0,7820681012,7820680982,0,0,30
3908,0,7822683179,7822683168,0,0,11
3909,0,7824684838,7824684858,0,0,-20
3910,0,7826687361,7826687318,0,0,43
3911,0,7828690323,7828690269,0,0,54
3912,0,7830692119,7830692043,0,0,76
3913,0,7832693884,7832693827,0,0,56
3914,0,7834695996,7834695944,0,0,51
3915,0,7836698511,7836698453,0,0,57
3916,0,7838700838,7838700781,0,0,56
3917,0,7840702552,7840702520,0,0,31
3918,0,7842705254,7842705196,0,0,58
3919,0,7844707368,7844707316,0,0,51
3920,0,7846709468,7846709387,0,0,80
3921,0,7848711224,7848711226,0,0,-2
3922,0,7850712130,7850712154,0,0,-23
3923,0,7852715091,7852715125,0,0,-33
3924,0,7854718274,7854718304,0,0,-29
3925,0,7856720325,7856720364,0,0,-38
3926,0,7858722619,7858722662,0,0,-42
3927,0,7860724286,7860724307,0,0,-20
3928,0,7862727335,7862727318,0,0,17
3929,0,7864729150,7864729102,0,0,48
3930,0,7866730351,7866730296,0,0,55
3931,0,7868733701,7868733671,0,0,29
3932,0,7870736772,7870736693,0,0,78
3933,0,7872737858,7872737836,0,0,22
3934,0,7874739202,7874739158,0,0,44
3935,0,7876741343,7876741315,0,0,28
3936,0,7878744214,7878744173,0,0,41
3937,0,7880747687,7880747653,0,0,33
3938,0,7882749892,7882749844,0,0,47
3939,0,7884752252,7884752266,0,0,-13
3940,0,7886753779,7886753743,0,0,35
3941,0,7888756103,7888756072,0,0,31
3942,0,7890758167,7890758143,0,0,24
3943,0,7892760058,7892760029,0,0,29
3944,0,7894762941,7894762929,0,0,11
3945,0,7896765040,7896764992,0,0,48
3946,0,7898767656,7898767628,0,0,28
3947,0,7900769184,7900769173,0,0,11
3948,0,7902771848,7902771826,0,0,22
3949,0,7904773716,7904773695,0,0,21
3950,0,7906776116,7906776063,0,0,52
3951,0,7908778657,7908778644,0,0,13
3952,0,7910780229,7910780170,0,0,58
3953,0,7912781483,7912781508,0,0,-25
3954,0,7914785049,7914785027,0,0,21
3955,0,7916788824,7916788865,0,0,-40
3956,0,7918790301,7918790323,0,0,-21
3957,0,7920792651,7920792674,0,0,-22
3958,0,7922793693,7922793671,0,0,21
3959,0,7924795895,7924795874,0,0,21
3960,0,7926798189,7926798152,0,0,37
3961,0,7928801108,7928801089,0,0,19
3962,0,7930802730,7930802711,0,0,18
3963,0,7932804655,7932804627,0,0,27
3964,0,7934808016,7934807945,0,0,71
3965,0,7936809725,7936809711,0,0,14
3966,0,7938812350,7938812320,0,0,29
3967,0,7940813645,7940813591,0,0,53
3968,0,7942815074,7942815103,0,0,-29
3969,0,7944818566,7944818527,0,0,39
3970,0,7946820980,7946820916,0,0,64
3971,0,7948823004,7948822977,0,0,26
3972,0,7950825310,7950825282,0,0,27
3973,0,7952827142,7952827100,0,0,42
3974,0,7954829800,7954829829,0,0,-29
3975,0,7956832136,7956832170,0,0,-34
3976,0,7958834790,7958834766,0,0,23
3977,0,7960835844,7960835806,0,0,38
3978,0,7962837279,7962837271,0,0,8
3979,0,7964840514,7964840478,0,0,35
3980,0,7966841860,7966841824,0,0,36
3981,0,7968844730,7968844707,0,0,23
3982,0,7970846200,7970846148,0,0,51
3983,0,7972849959,7972849944,0,0,14
3984,0,7974851715,7974851648,0,0,67
3985,0,7976853867,7976853849,0,0,17
3986,0,7978855748,7978855734,0,0,14
3987,0,7980857421,7980857386,0,0,34
3988,0,7982860687,7982860651,0,0,35
3989,0,7984862622,7984862595,0,0,26
3990,0,7986864287,7986864260,0,0,26
3991,0,7988867423,7988867415,0,0,7
3992,0,7990870216,7990870170,0,0,46
3993,0,7992870662,7992870636,0,0,25
3994,0,7994873395,7994873390,0,0,5
3995,0,7996876265,7996876238,0,0,26
3996,0,7998878314,7998878257,0,0,56
3997,0,8000880867,8000880829,0,0,38
3998,0,8002882643,8002882688,0,0,-44
3999,0,8004884916,8004884872,0,0,43
4000,0,8006886989,8006886938,0,0,51
4001,0,8008888239,8008888187,0,0,51
4002,0,8010891249,8010891188,0,0,60
4003,0,8012894144,8012894105,0,0,39
4004,0,8014895987,8014895953,0,0,33
4005,0,8016899445,8016899419,0,0,26
4006,0,8018900665,8018900620,0,0,44
4007,0,8020902393,8020902361,0,0,32
4008,0,8022905628,8022905613,0,0,15
4009,0,8024907260,8024907186,0,0,74
4010,0,8026909244,8026909204,0,0,40
4011,0,8028910465,8028910479,0,0,-14
4012,0,8030913420,8030913442,0,0,-22
4013,0,8032916164,8032916071,0,0,92
4014,0,8034918652,8034918613,0,0,38
4015,0,8036920495,8036920510,0,0,-15
4016,0,8038922757,8038922761,0,0,-4
4017,0,8040925098,8040925130,0,0,-31
4018,0,8042927519,8042927554,0,0,-34
4019,0,8044929087,8044929101,0,0,-13
4020,0,8046930693,8046930645,0,0,47
4021,0,8048933909,8048933869,0,0,39
4022,0,8050936653,8050936615,0,0,38
4023,0,8052938524,8052938490,0,0,33
4024,0,8054941766,8054941725,0,0,40
4025,0,8056942486,8056942501,0,0,-15
4026,0,8058944199,8058944178,0,0,20
4027,0,8060947276,8060947246,0,0,30
4028,0,8062950035,8062949979,0,0,56
4029,0,8064951784,8064951800,0,0,-15
4030,0,8066953851,8066953813,0,0,38
4031,0,8068955387,8068955349,0,0,38
4032,0,8070958681,8070958673,0,0,8
4033,0,8072960966,8072960907,0,0,58
4034,0,8074962866,8074962775,0,0,91
4035,0,8076966198,8076966154,0,0,44
4036,0,8078968085,8078968051,0,0,33
4037,0,8080968341,8080968353,0,0,-12
4038,0,8082970930,8082970896,0,0,33
4039,0,8084973635,8084973588,0,0,47
4040,0,8086976105,8086976051,0,0,54
4041,0,8088978424,8088978368,0,0,55
4042,0,8090980533,8090980509,0,0,24
4043,0,8092983269,8092983233,0,0,35
4044,0,8094984827,8094984785,0,0,42
4045,0,8096986089,8096986131,0,0,-42
4046,0,8098988967,8098988997,0,0,-29
4047,0,8100991721,8100991754,0,0,-33
4048,0,8102994997,8102995027,0,0,-30
4049,0,8104997331,8104997293,0,0,38
4050,0,8106998095,8106998107,0,0,-11
4051,0,8109000174,8109000191,0,0,-16
4052,0,8111002874,8111002882,0,0,-7
4053,0,8113004651,8113004596,0,0,54
4054,0,8115006596,8115006550,0,0,46
4055,0,8117010787,8117010733,0,0,53
4056,0,8119011986,8119011905,0,0,80
4057,0,8121013943,8121013883,0,0,60
4058,0,8123015152,8123015102,0,0,49
4059,0,8125018456,8125018405,0,0,51
4060,0,8127020955,8127020916,0,0,38
4061,0,8129023097,8129023072,0,0,24
4062,0,8131025232,8131025181,0,0,51
4063,0,8133027612,8133027568,0,0,44
4064,0,8135030103,8135030059,0,0,43
4065,0,8137031716,8137031701,0,0,15
4066,0,8139034220,8139034182,0,0,38
4067,0,8141036085,8141036059,0,0,25
4068,0,8143039169,8143039137,0,0,32
4069,0,8145040631,8145040598,0,0,33
4070,0,8147043185,8147043147,0,0,38
4071,0,8149045582,8149045555,0,0,26
4072,0,8151048339,8151048355,0,0,-15
4073,0,8153049284,8153049312,0,0,-27
4074,0,8155050775,8155050813,0,0,-38
4075,0,8157054228,8157054210,0,0,17
4076,0,8159056492,8159056476,0,0,16
4077,0,8161058206,8161058168,0,0,38
4078,0,8163059778,8163059797,0,0,-19
4079,0,8165063231,8165063182,0,0,49
4080,0,8167065341,8167065285,0,0,55
4081,0,8169067665,8169067635,0,0,29
4082,0,8171069466,8171069422,0,0,43
4083,0,8173071444,8173071413,0,0,30
4084,0,8175074165,8175074139,0,0,25
4085,0,8177076221,8177076163,0,0,58
4086,0,8179078694,8179078647,0,0,47
4087,0,8181080649,8181080628,0,0,21
4088,0,8183083348,8183083300,0,0,47
4089,0,8185085897,8185085875,0,0,22
4090,0,8187087643,8187087665,0,0,-22
4091,0,8189090048,8189090075,0,0,-26
4092,0,8191092272,8191092264,0,0,8
4093,0,8193094112,8193094067,0,0,44
4094,0,8195096624,8195096592,0,0,32
4095,0,8197098453,8197098422,0,0,31
4096,0,8199101011,8199101031,0,0,-20
4097,0,8201103369,8201103395,0,0,-26
4098,0,8203105664,8203105714,0,0,-50
4099,0,8205108340,8205108372,0,0,-31
4100,0,8207110402,8207110429,0,0,-27
4101,0,8209110701,8209110719,0,0,-17
4102,0,8211113439,8211113483,0,0,-43
4103,0,8213116487,8213116478,0,0,9
4104,0,8215119611,8215119573,0,0,38
4105,0,8217121989,8217121952,0,0,37
4106,0,8219121920,8219121898,0,0,22
4107,0,8221125540,8221125512,0,0,28
4108,0,8223127894,8223127869,0,0,24
4109,0,8225129903,8225129862,0,0,41
4110,0,8227131626,8227131596,0,0,29
4111,0,8229132879,8229132837,0,0,42
4112,0,8231135573,8231135523,0,0,49
4113,0,8233138990,8233138975,0,0,14
4114,0,8235140857,8235140829,0,0,27
4115,0,8237142824,8237142867,0,0,-43
4116,0,8239145415,8239145379,0,0,36
4117,0,8241147284,8241147267,0,0,16
4118,0,8243148795,8243148736,0,0,59
4119,0,8245151814,8245151786,0,0,27
4120,0,8247154613,8247154562,0,0,51
4121,0,8249157280,8249157266,0,0,14
4122,0,8251157787,8251157757,0,0,30
4123,0,8253160811,8253160790,0,0,21
4124,0,8255163089,8255163028,0,0,60
4125,0,8257165525,8257165493,0,0,31
4126,0,8259167595,8259167583,0,0,11
4127,0,8261170381,8261170359,0,0,21
4128,0,8263171987,8263171961,0,0,25
4129,0,8265173894,8265173828,0,0,66
4130,0,8267175285,8267175213,0,0,71
4131,0,8269177701,8269177644,0,0,56
4132,0,8271180779,8271180704,0,0,75
4133,0,8273182933,8273182867,0,0,66
4134,0,8275184033,8275183972,0,0,61
4135,0,8277186595,8277186530,0,0,65
4136,0,8279190188,8279190195,0,0,-6
4137,0,8281193305,8281193280,0,0,24
4138,0,8283194029,8283194011,0,0,17
4139,0,8285195375,8285195360,0,0,14
4140,0,8287198748,8287198723,0,0,24
4141,0,8289200962,8289200923,0,0,39
4142,0,8291203040,8291202999,0,0,40
4143,0,8293205645,8293205599,0,0,46
4144,0,8295207679,8295207703,0,0,-23
4145,0,8297209895,8297209845,0,0,49
4146,0,8299212292,8299212329,0,0,-36
4147,0,8301214458,8301214415,0,0,42
4148,0,8303216616,8303216590,0,0,26
4149,0,8305218631,8305218590,0,0,41
4150,0,8307221303,8307221274,0,0,29
4151,0,8309223088,8309223054,0,0,33
4152,0,8311225441,8311225395,0,0,45
4153,0,8313228512,8313228477,0,0,34
4154,0,8315230327,8315230283,0,0,43
4155,0,8317233261,8317233233,0,0,28
4156,0,8319234080,8319234025,0,0,55
4157,0,8321235211,8321235251,0,0,-40
4158,0,8323237889,8323237876,0,0,13
4159,0,8325240862,8325240818,0,0,43
4160,0,8327243298,8327243262,0,0,36
4161,0,8329244991,8329244955,0,0,35
4162,0,8331246667,8331246658,0,0,9
4163,0,8333250914,8333250894,0,0,20
4164,0,8335253362,8335253314,0,0,48
4165,0,8337254698,8337254660,0,0,38
4166,0,8339256964,8339256895,0,0,69
4167,0,8341258934,8341258893,0,0,41
4168,0,8343261552,8343261528,0,0,23
4169,0,8345264705,8345264661,0,0,44
4170,0,8347265871,8347265824,0,0,47
4171,0,8349267286,8349267246,0,0,40
4172,0,8351268974,8351268936,0,0,38
4173,0,8353272083,8353272048,0,0,34
4174,0,8355274434,8355274386,0,0,48
4175,0,8357276359,8357276373,0,0,-13
4176,0,8359279029,8359279018,0,0,11
4177,0,8361280894,8361280852,0,0,42
4178,0,8363283552,8363283564,0,0,-11
4179,0,8365285605,8365285621,0,0,-15
4180,0,8367287883,8367287825,0,0,58
4181,0,8369290024,8369289989,0,0,34
4182,0,8371292943,8371292865,0,0,78
4183,0,8373294265,8373294210,0,0,54
4184,0,8375297336,8375297342,0,0,-6
4185,0,8377300655,8377300606,0,0,48
4186,0,8379301339,8379301354,0,0,-15
4187,0,8381303921,8381303926,0,0,-5
4188,0,8383305864,8383305880,0,0,-15
4189,0,8385308337,8385308353,0,0,-16
4190,0,8387309867,8387309876,0,0,-8
4191,0,8389311897,8389311910,0,0,-13
4192,0,8391313889,8391313903,0,0,-13
4193,0,8393315955,8393315986,0,0,-30
4194,0,8395317992,8395317999,0,0,-6
4195,0,8397321501,8397321473,0,0,28
4196,0,8399323146,8399323098,0,0,47
4197,0,8401325011,8401324993,0,0,17
4198,0,8403326701,8403326645,0,0,56
4199,0,8405329973,8405329921,0,0,51
4200,0,8407332144,8407332108,0,0,35
4201,0,8409335435,8409335384,0,0,51
4202,0,8411336796,8411336741,0,0,55
4203,0,8413339251,8413339273,0,0,-22
4204,0,8415341433,8415341372,0,0,61
4205,0,8417344796,8417344775,0,0,20
4206,0,8419345392,8419345341,0,0,51
4207,0,8421346681,8421346635,0,0,46
4208,0,8423350884,8423350833,0,0,51
4209,0,8425353314,8425353287,0,0,26
4210,0,8427354760,8427354705,0,0,55
4211,0,8429356054,8429356004,0,0,49
4212,0,8431357764,8431357716,0,0,47
4213,0,8433360739,8433360687,0,0,51
4214,0,8435362463,8435362494,0,0,-31
4215,0,8437365597,8437365575,0,0,21
4216,0,8439368045,8439368007,0,0,38
4217,0,8441371143,8441371092,0,0,51
4218,0,8443372288,8443372246,0,0,42
4219,0,8445374275,8445374245,0,0,29
4220,0,8447376989,8447376941,0,0,48
4221,0,8449378557,8449378591,0,0,-33
4222,0,8451380578,8451380607,0,0,-29
4223,0,8453383555,8453383533,0,0,21
4224,0,8455385703,8455385653,0,0,49
4225,0,8457387629,8457387614,0,0,14
4226,0,8459389225,8459389256,0,0,-31
4227,0,8461392103,8461392092,0,0,11
4228,0,8463395351,8463395306,0,0,44
4229,0,8465397866,8465397845,0,0,20
4230,0,8467399801,8467399757,0,0,44
4231,0,8469402047,8469402030,0,0,17
4232,0,8471404156,8471404112,0,0,44
4233,0,8473406658,8473406632,0,0,26
4234,0,8475408005,8475407991,0,0,13
4235,0,8477409800,8477409836,0,0,-35
4236,0,8479412038,8479411983,0,0,55
4237,0,8481413058,8481413040,0,0,17
4238,0,8483415704,8483415684,0,0,20
4239,0,8485419177,8485419152,0,0,24
4240,0,8487421692,8487421642,0,0,49
4241,0,8489423629,8489423581,0,0,48
4242,0,8491426554,8491426492,0,0,61
4243,0,8493429220,8493429172,0,0,47
4244,0,8495430163,8495430121,0,0,41
4245,0,8497431793,8497431764,0,0,29
4246,0,8499433317,8499433285,0,0,31
4247,0,8501435732,8501435704,0,0,27
4248,0,8503439147,8503439089,0,0,58
4249,0,8505442452,8505442444,0,0,8
4250,0,8507443856,8507443842,0,0,14
4251,0,8509445346,8509445336,0,0,9
4252,0,8511447238,8511447223,0,0,14
4253,0,8513450177,8513450163,0,0,14
4254,0,8515452433,8515452407,0,0,26
4255,0,8517456067,8517456059,0,0,8
4256,0,8519457330,8519457316,0,0,13
4257,0,8521459206,8521459173,0,0,33
4258,0,8523461186,8523461121,0,0,65
4259,0,8525463827,8525463793,0,0,34
4260,0,8527466046,8527465996,0,0,49
4261,0,8529467721,8529467683,0,0,38
4262,0,8531469175,8531469130,0,0,44
4263,0,8533472072,8533472038,0,0,34
4264,0,8535473662,8535473602,0,0,60
4265,0,8537477410,8537477366,0,0,44
4266,0,8539477581,8539477546,0,0,35
4267,0,8541479741,8541479699,0,0,42
4268,0,8543482164,8543482127,0,0,36
4269,0,8545484532,8545484486,0,0,46
4270,0,8547487571,8547487537,0,0,34
4271,0,8549489067,8549489037,0,0,30
4272,0,8551492518,8551492494,0,0,23
4273,0,8553494851,8553494811,0,0,40
4274,0,8555496739,8555496699,0,0,40
4275,0,8557499082,8557499024,0,0,58
4276,0,8559501047,8559500997,0,0,49
4277,0,8561502512,8561502475,0,0,36
4278,0,8563506299,8563506240,0,0,58
4279,0,8565508469,8565508442,0,0,26
4280,0,8567510663,8567510597,0,0,66
4281,0,8569513593,8569513558,0,0,35
4282,0,8571514441,8571514401,0,0,40
4283,0,8573515391,8573515352,0,0,38
4284,0,8575518433,8575518485,0,0,-51
4285,0,8577521194,8577521217,0,0,-23
4286,0,8579522496,8579522527,0,0,-30
4287,0,8581526309,8581526249,0,0,59
4288,0,8583528238,8583528208,0,0,29
4289,0,8585530694,8585530705,0,0,-10
4290,0,8587532253,8587532198,0,0,54
4291,0,8589533808,8589533770,0,0,38
4292,0,8591537036,8591536988,0,0,48
4293,0,8593539146,8593539126,0,0,20
4294,0,8595541071,8595541043,0,0,28
4295,0,8597542615,8597542567,0,0,47
4296,0,8599545712,8599545634,0,0,78
4297,0,8601547652,8601547626,0,0,26
4298,0,8603550550,8603550512,0,0,38
4299,0,8605552369,8605552330,0,0,39
4300,0,8607554639,8607554651,0,0,-12
4301,0,8609557124,8609557105,0,0,19
4302,0,8611559038,8611559003,0,0,34
4303,0,8613561202,8613561176,0,0,25
4304,0,8615564058,8615564013,0,0,44
4305,0,8617567150,8617567186,0,0,-35
4306,0,8619568509,8619568481,0,0,27
4307,0,8621570002,8621569972,0,0,30
4308,0,8623572528,8623572492,0,0,35
4309,0,8625574858,8625574820,0,0,38
4310,0,8627576548,8627576525,0,0,23
4311,0,8629578752,8629578716,0,0,35
4312,0,8631581539,8631581579,0,0,-40
4313,0,8633583487,8633583442,0,0,44
4314,0,8635586102,8635586094,0,0,7
4315,0,8637588384,8637588368,0,0,15
4316,0,8639590214,8639590197,0,0,17
4317,0,8641593565,8641593514,0,0,51
4318,0,8643595629,8643595591,0,0,38
4319,0,8645596578,8645596553,0,0,24
4320,0,8647598229,8647598195,0,0,33
4321,0,8649601623,8649601582,0,0,40
4322,0,8651603532,8651603502,0,0,29
4323,0,8653606541,8653606492,0,0,49
4324,0,8655608063,8655608031,0,0,32
4325,0,8657609988,8657609951,0,0,37
4326,0,8659612121,8659612080,0,0,40
4327,0,8661614853,8661614817,0,0,35
4328,0,8663616486,8663616498,0,0,-11
4329,0,8665617835,8665617787,0,0,48
4330,0,8667621537,8667621510,0,0,26
4331,0,8669623669,8669623631,0,0,38
4332,0,8671625750,8671625684,0,0,66
4333,0,8673628400,8673628344,0,0,55
4334,0,8675630155,8675630084,0,0,71
4335,0,8677632210,8677632173,0,0,36
4336,0,8679634300,8679634307,0,0,-6
4337,0,8681637150,8681637185,0,0,-34
4338,0,8683638867,8683638917,0,0,-50
4339,0,8685640103,8685640081,0,0,22
4340,0,8687642498,8687642453,0,0,45
4341,0,8689646089,8689646062,0,0,27
4342,0,8691648076,8691648051,0,0,24
4343,0,8693649886,8693649859,0,0,26
4344,0,8695651405,8695651350,0,0,55
4345,0,8697654812,8697654762,0,0,49
4346,0,8699656793,8699656818,0,0,-25
4347,0,8701657656,8701657688,0,0,-31
4348,0,8703660377,8703660397,0,0,-20
4349,0,8705663415,8705663447,0,0,-31
4350,0,8707665094,8707665060,0,0,34
4351,0,8709667677,8709667638,0,0,39
4352,0,8711669271,8711669234,0,0,37
4353,0,8713672370,8713672355,0,0,15
4354,0,8715674011,8715673957,0,0,53
4355,0,8717679968,8717679937,0,0,31
4356,0,8719680523,8719680535,0,0,-12
4357,0,8721681217,8721681254,0,0,-36
4358,0,8723682456,8723682410,0,0,46
4359,0,8725684492,8725684468,0,0,23
4360,0,8727686990,8727686939,0,0,51
4361,0,8729689283,8729689255,0,0,28
4362,0,8731693153,8731693130,0,0,23
4363,0,8733695665,8733695640,0,0,24
4364,0,8735698312,8735698346,0,0,-33
4365,0,8737698776,8737698752,0,0,24
4366,0,8739700505,8739700489,0,0,15
4367,0,8741704186,8741704163,0,0,23
4368,0,8743706892,8743706874,0,0,18
4369,0,8745709568,8745709534,0,0,33
4370,0,8747711047,8747711047,0,0,0
4371,0,8749713031,8749713006,0,0,24
4372,0,8751715057,8751715036,0,0,20
4373,0,8753717044,8753717026,0,0,17
4374,0,8755720097,8755720069,0,0,27
4375,0,8757722339,8757722311,0,0,27
4376,0,8759724450,8759724411,0,0,38
4377,0,8761726175,8761726152,0,0,23
4378,0,8763729145,8763729082,0,0,62
4379,0,8765730632,8765730588,0,0,43
4380,0,8767733055,8767732997,0,0,57
4381,0,8769734861,8769734831,0,0,29
4382,0,8771737530,8771737476,0,0,53
4383,0,8773739358,8773739310,0,0,47
4384,0,8775741833,8775741800,0,0,33
4385,0,8777743584,8777743568,0,0,16
4386,0,8779746804,8779746747,0,0,56
4387,0,8781749642,8781749606,0,0,35
4388,0,8783750969,8783750903,0,0,66
4389,0,8785752734,8785752759,0,0,-24
4390,0,8787754846,8787754881,0,0,-35
4391,0,8789757118,8789757146,0,0,-27
4392,0,8791759294,8791759312,0,0,-17
4393,0,8793761763,8793761792,0,0,-29
4394,0,8795764940,8795764973,0,0,-32
4395,0,8797766258,8797766249,0,0,8
4396,0,8799768054,8799768079,0,0,-24
4397,0,8801769461,8801769402,0,0,59
4398,0,8803772686,8803772645,0,0,40
4399,0,8805774524,8805774474,0,0,49
4400,0,8807776824,8807776759,0,0,65
4401,0,8809779600,8809779565,0,0,34
4402,0,8811781643,8811781595,0,0,48
4403,0,8813783817,8813783824,0,0,-6
4404,0,8815786098,8815786064,0,0,34
4405,0,8817789507,8817789482,0,0,24
4406,0,8819791072,8819791032,0,0,40
4407,0,8821793006,8821792972,0,0,34
4408,0,8823795233,8823795148,0,0,84
4409,0,8825796927,8825796890,0,0,36
4410,0,8827799732,8827799655,0,0,76
4411,0,8829802296,8829802260,0,0,35
4412,0,8831804510,8831804463,0,0,47
4413,0,8833806537,8833806483,0,0,53
4414,0,8835808343,8835808303,0,0,40
4415,0,8837810463,8837810402,0,0,61
4416,0,8839812960,8839812920,0,0,40
4417,0,8841815209,8841815189,0,0,20
4418,0,8843817285,8843817251,0,0,34
4419,0,8845820221,8845820240,0,0,-18
4420,0,8847822785,8847822799,0,0,-13
4421,0,8849823869,8849823892,0,0,-23
4422,0,8851826117,8851826145,0,0,-27
4423,0,8853828188,8853828222,0,0,-33
4424,0,8855830285,8855830307,0,0,-22
4425,0,8857831734,8857831714,0,0,20
4426,0,8859834897,8859834860,0,0,37
4427,0,8861837638,8861837587,0,0,51
4428,0,8863839456,8863839429,0,0,27
4429,0,8865841353,8865841313,0,0,40
4430,0,8867843276,8867843235,0,0,41
4431,0,8869846353,8869846308,0,0,44
4432,0,8871848552,8871848542,0,0,9
4433,0,8873850571,8873850602,0,0,-30
4434,0,8875852905,8875852948,0,0,-42
4435,0,8877854824,8877854854,0,0,-29
4436,0,8879857312,8879857336,0,0,-24
4437,0,8881859276,8881859282,0,0,-6
4438,0,8883861739,8883861703,0,0,35
4439,0,8885864211,8885864247,0,0,-35
4440,0,8887866522,8887866562,0,0,-40
4441,0,8889868167,8889868123,0,0,44
4442,0,8891871701,8891871624,0,0,76
4443,0,8893873114,8893873079,0,0,35
4444,0,8895875901,8895875880,0,0,20
4445,0,8897878549,8897878575,0,0,-26
4446,0,8899879917,8899879958,0,0,-40
4447,0,8901881680,8901881712,0,0,-32
4448,0,8903884055,8903884187,0,0,-132
4449,0,8905886317,8905886350,0,0,-32
4450,0,8907888533,8907888562,0,0,-29
4451,0,8909891253,8909891285,0,0,-31
4452,0,8911892912,8911892903,0,0,8
4453,0,8913895025,8913895047,0,0,-22
4454,0,8915897063,8915897081,0,0,-17
4455,0,8917900926,8917900957,0,0,-31
4456,0,8919901821,8919901847,0,0,-26
4457,0,8921904161,8921904128,0,0,33
4458,0,8923907094,8923907068,0,0,25
4459,0,8925907936,8925907905,0,0,30
4460,0,8927909498,8927909446,0,0,51
4461,0,8929911648,8929911620,0,0,28
4462,0,8931914257,8931914221,0,0,35
4463,0,8933917388,8933917375,0,0,12
4464,0,8935919434,8935919400,0,0,33
4465,0,8937922388,8937922350,0,0,38
4466,0,8939924049,8939924077,0,0,-28
4467,0,8941926002,8941925984,0,0,17
4468,0,8943928062,8943928009,0,0,52
4469,0,8945929890,8945929855,0,0,35
4470,0,8947933630,8947933596,0,0,33
4471,0,8949934981,8949934948,0,0,33
4472,0,8951937637,8951937649,0,0,-11
4473,0,8953939377,8953939325,0,0,51
4474,0,8955940623,8955940557,0,0,65
4475,0,8957944453,8957944372,0,0,80
4476,0,8959946321,8959946235,0,0,85
4477,0,8961948144,8961948087,0,0,56
4478,0,8963950099,8963950077,0,0,22
4479,0,8965952912,8965952887,0,0,24
4480,0,8967955585,8967955577,0,0,8
4481,0,8969957503,8969957443,0,0,59
4482,0,8971959593,8971959532,0,0,60
4483,0,8973962408,8973962423,0,0,-14
4484,0,8975963956,8975963975,0,0,-18
4485,0,8977966481,8977966506,0,0,-24
4486,0,8979968615,8979968577,0,0,38
4487,0,8981971244,8981971203,0,0,40
4488,0,8983973265,8983973259,0,0,5
4489,0,8985975265,8985975310,0,0,-45
4490,0,8987977181,8987977170,0,0,11
4491,0,8989979552,8989979537,0,0,15
4492,0,8991982390,8991982342,0,0,47
4493,0,8993984089,8993984076,0,0,12
4494,0,8995986349,8995986331,0,0,17
4495,0,8997987510,8997987504,0,0,5
4496,0,8999991202,8999991170,0,0,31
4497,0,9001993022,9001992987,0,0,35
4498,0,9003995166,9003995157,0,0,8
4499,0,9005997410,9005997380,0,0,29
4500,0,9007999313,9007999299,0,0,13
4501,0,9010000723,9010000687,0,0,35
4502,0,9012004518,9012004503,0,0,15
4503,0,9014006365,9014006350,0,0,15
4504,0,9016008498,9016008533,0,0,-34
4505,0,9018011865,9018011914,0,0,-48
4506,0,9020012446,9020012452,0,0,-6
4507,0,9022016694,9022016728,0,0,-33
4508,0,9024017582,9024017548,0,0,33
4509,0,9026019782,9026019815,0,0,-32
4510,0,9028021660,9028021645,0,0,14
4511,0,9030022672,9030022656,0,0,16
4512,0,9032025304,9032025258,0,0,46
4513,0,9034028222,9034028198,0,0,23
4514,0,9036029679,9036029644,0,0,35
4515,0,9038033923,9038033862,0,0,60
4516,0,9040036173,9040036115,0,0,58
4517,0,9042037424,9042037388,0,0,35
4518,0,9044039367,9044039307,0,0,59
4519,0,9046040757,9046040705,0,0,51
4520,0,9048044426,9048044384,0,0,41
4521,0,9050046251,9050046197,0,0,53
4522,0,9052048463,9052048470,0,0,-6
4523,0,9054050694,9054050701,0,0,-7
4524,0,9056052875,9056052890,0,0,-15
4525,0,9058054985,9058054930,0,0,54
4526,0,9060057011,9060056948,0,0,62
4527,0,9062059773,9062059730,0,0,42
4528,0,9064062655,9064062674,0,0,-18
4529,0,9066063793,9066063817,0,0,-24
4530,0,9068065444,9068065458,0,0,-13
4531,0,9070068782,9070068737,0,0,44
4532,0,9072070723,9072070674,0,0,49
4533,0,9074071678,9074071694,0,0,-15
4534,0,9076074443,9076074489,0,0,-46
4535,0,9078077467,9078077495,0,0,-27
4536,0,9080079993,9080079961,0,0,31
4537,0,9082081794,9082081768,0,0,25
4538,0,9084084147,9084084086,0,0,60
4539,0,9086087447,9086087417,0,0,29
4540,0,9088088932,9088088898,0,0,33
4541,0,9090090395,9090090357,0,0,38
4542,0,9092091707,9092091683,0,0,23
4543,0,9094094435,9094094395,0,0,40
4544,0,9096098058,9096098020,0,0,38
4545,0,9098100206,9098100174,0,0,31
4546,0,9100101852,9100101815,0,0,37
4547,0,9102103952,9102103978,0,0,-26
4548,0,9104105242,9104105274,0,0,-32
4549,0,9106107062,9106107094,0,0,-32
4550,0,9108110177,9108110119,0,0,57
4551,0,9110112946,9110112914,0,0,32
4552,0,9112115370,9112115393,0,0,-22
4553,0,9114117747,9114117710,0,0,36
4554,0,9116119732,9116119707,0,0,24
4555,0,9118123259,9118123242,0,0,16
4556,0,9120124361,9120124336,0,0,24
4557,0,9122126298,9122126309,0,0,-10
4558,0,9124128705,9124128742,0,0,-36
4559,0,9126130647,9126130632,0,0,14
4560,0,9128133674,9128133621,0,0,52
4561,0,9130136325,9130136289,0,0,35
4562,0,9132138730,9132138695,0,0,34
4563,0,9134139890,9134139852,0,0,38
4564,0,9136142516,9136142449,0,0,67
4565,0,9138144188,9138144148,0,0,40
4566,0,9140146668,9140146628,0,0,40
4567,0,9142148705,9142148696,0,0,9
4568,0,9144150654,9144150602,0,0,51
4569,0,9146152349,9146152375,0,0,-25
4570,0,9148155481,9148155430,0,0,51
4571,0,9150158402,9150158365,0,0,37
4572,0,9152160196,9152160170,0,0,26
4573,0,9154161980,9154161948,0,0,32
4574,0,9156164213,9156164181,0,0,31
4575,0,9158166571,9158166550,0,0,21
4576,0,9160168885,9160168865,0,0,20
4577,0,9162170787,9162170752,0,0,35
4578,0,9164173188,9164173231,0,0,-42
4579,0,9166176229,9166176260,0,0,-31
4580,0,9168178824,9168178801,0,0,23
4581,0,9170180206,9170180179,0,0,26
4582,0,9172181858,9172181833,0,0,24
4583,0,9174184310,9174184287,0,0,22
4584,0,9176186447,9176186400,0,0,46
4585,0,9178188586,9178188537,0,0,48
4586,0,9180191275,9180191230,0,0,44
4587,0,9182194382,9182194357,0,0,24
4588,0,9184195205,9184195191,0,0,14
4589,0,9186196295,9186196330,0,0,-35
4590,0,9188198993,9188198973,0,0,19
4591,0,9190201988,9190201950,0,0,38
4592,0,9192204126,9192204076,0,0,50
4593,0,9194206435,9194206405,0,0,29
4594,0,9196209249,9196209231,0,0,17
4595,0,9198210948,9198210895,0,0,52
4596,0,9200212965,9200212984,0,0,-18
4597,0,9202214932,9202214904,0,0,27
4598,0,9204217849,9204217811,0,0,38
4599,0,9206220111,9206220055,0,0,56
4600,0,9208222281,9208222274,0,0,6
4601,0,9210224130,9210224119,0,0,11
4602,0,9212226702,9212226637,0,0,65
4603,0,9214230254,9214230217,0,0,36
4604,0,9216231471,9216231424,0,0,47
4605,0,9218234732,9218234696,0,0,35
4606,0,9220235548,9220235507,0,0,41
4607,0,9222237835,9222237775,0,0,59
4608,0,9224239748,9224239735,0,0,12
4609,0,9226242355,9226242329,0,0,26
4610,0,9228244262,9228244237,0,0,25
4611,0,9230246726,9230246695,0,0,31
4612,0,9232249118,9232249087,0,0,31
4613,0,9234251510,9234251501,0,0,8
4614,0,9236253292,9236253307,0,0,-15
4615,0,9238254950,9238254940,0,0,10
4616,0,9240257000,9240256973,0,0,26
4617,0,9242259856,9242259862,0,0,-6
4618,0,9244262393,9244262422,0,0,-28
4619,0,9246263986,9246264000,0,0,-13
4620,0,9248267056,9248267014,0,0,42
4621,0,9250269038,9250268988,0,0,50
4622,0,9252271110,9252271032,0,0,77
4623,0,9254273876,9254273846,0,0,29
4624,0,9256276357,9256276329,0,0,28
4625,0,9258279092,9258279071,0,0,20
4626,0,9260280233,9260280196,0,0,37
4627,0,9262282056,9262282042,0,0,14
4628,0,9264284473,9264284449,0,0,23
4629,0,9266286286,9266286278,0,0,8
4630,0,9268288400,9268288390,0,0,9
4631,0,9270291900,9270291880,0,0,19
4632,0,9272294498,9272294465,0,0,33
4633,0,9274295223,9274295186,0,0,36
4634,0,9276297233,9276297193,0,0,40
4635,0,9278299743,9278299725,0,0,17
4636,0,9280302285,9280302265,0,0,20
4637,0,9282304923,9282304879,0,0,43
4638,0,9284306771,9284306766,0,0,4
4639,0,9286308891,9286308876,0,0,15
4640,0,9288312150,9288312099,0,0,51
4641,0,9290313881,9290313861,0,0,20
4642,0,9292314932,9292314874,0,0,58
4643,0,9294318567,9294318516,0,0,51
4644,0,9296320815,9296320730,0,0,85
4645,0,9298321147,9298321105,0,0,42
4646,0,9300324007,9300323959,0,0,47
4647,0,9302325423,9302325373,0,0,50
4648,0,9304328566,9304328521,0,0,45
4649,0,9306329454,9306329417,0,0,36
4650,0,9308332060,9308332008,0,0,51
4651,0,9310334645,9310334611,0,0,34
4652,0,9312338749,9312338681,0,0,67
4653,0,9314339411,9314339345,0,0,65
4654,0,9316341505,9316341432,0,0,72
4655,0,9318345806,9318345763,0,0,42
4656,0,9320347045,9320346996,0,0,49
4657,0,9322349047,9322349004,0,0,43
4658,0,9324351047,9324351006,0,0,41
4659,0,9326353675,9326353638,0,0,36
4660,0,9328355996,9328355966,0,0,29
4661,0,9330357633,9330357602,0,0,31
4662,0,9332360317,9332360281,0,0,35
4663,0,9334361981,9334361926,0,0,54
4664,0,9336363744,9336363701,0,0,42
4665,0,9338366775,9338366731,0,0,44
4666,0,9340369024,9340369058,0,0,-33
4667,0,9342371143,9342371159,0,0,-15
4668,0,9344374658,9344374700,0,0,-42
4669,0,9346375410,9346375435,0,0,-25
4670,0,9348377941,9348377955,0,0,-14
4671,0,9350379966,9350379938,0,0,27
4672,0,9352382698,9352382660,0,0,38
4673,0,9354384775,9354384720,0,0,55
4674,0,9356386923,9356386901,0,0,21
4675,0,9358389274,9358389253,0,0,21
4676,0,9360391615,9360391547,0,0,68
4677,0,9362393391,9362393364,0,0,26
4678,0,9364395766,9364395701,0,0,65
4679,0,9366397964,9366397934,0,0,29
4680,0,9368400233,9368400186,0,0,46
4681,0,9370402238,9370402200,0,0,38
4682,0,9372403694,9372403631,0,0,62
4683,0,9374406530,9374406511,0,0,19
4684,0,9376409143,9376409116,0,0,26
4685,0,9378410820,9378410913,0,0,-93
4686,0,9380412305,9380412330,0,0,-24
4687,0,9382415883,9382415874,0,0,8
4688,0,9384418671,9384418640,0,0,30
4689,0,9386420391,9386420356,0,0,34
4690,0,9388422350,9388422303,0,0,47
4691,0,9390424759,9390424733,0,0,26
4692,0,9392427076,9392427003,0,0,72
4693,0,9394429631,9394429611,0,0,20
4694,0,9396431422,9396431391,0,0,31
4695,0,9398433406,9398433374,0,0,32
4696,0,9400435869,9400435817,0,0,51
4697,0,9402438161,9402438119,0,0,42
4698,0,9404440793,9404440757,0,0,35
4699,0,9406442328,9406442289,0,0,39
4700,0,9408445990,9408445938,0,0,51
4701,0,9410446640,9410446614,0,0,26
4702,0,9412449754,9412449701,0,0,52
4703,0,9414451258,9414451211,0,0,46
4704,0,9416453808,9416453759,0,0,49
4705,0,9418457566,9418457543,0,0,22
4706,0,9420457806,9420457768,0,0,38
4707,0,9422460058,9422460020,0,0,38
4708,0,9424462772,9424462719,0,0,53
4709,0,9426464747,9426464726,0,0,20
4710,0,9428466861,9428466901,0,0,-40
4711,0,9430469489,9430469451,0,0,38
4712,0,9432471323,9432471330,0,0,-6
4713,0,9434473496,9434473456,0,0,40
4714,0,9436476025,9436476001,0,0,24
4715,0,9438477728,9438477696,0,0,31
4716,0,9440481067,9440481021,0,0,46
4717,0,9442483683,9442483644,0,0,38
4718,0,9444484806,9444484758,0,0,48
4719,0,9446486953,9446486934,0,0,19
4720,0,9448489200,9448489186,0,0,14
4721,0,9450490980,9450490964,0,0,16
4722,0,9452492165,9452492146,0,0,19
4723,0,9454494608,9454494566,0,0,42
4724,0,9456497904,9456497890,0,0,13
4725,0,9458500494,9458500470,0,0,23
4726,0,9460502609,9460502600,0,0,9
4727,0,9462505054,9462505043,0,0,11
4728,0,9464506863,9464506847,0,0,15
4729,0,9466508516,9466508479,0,0,36
4730,0,9468510238,9468510271,0,0,-32
4731,0,9470513730,9470513807,0,0,-76
4732,0,9472516637,9472516674,0,0,-36
4733,0,9474517934,9474517973,0,0,-38
4734,0,9476520386,9476520429,0,0,-43
4735,0,9478522386,9478522509,0,0,-122
4736,0,9480524729,9480524743,0,0,-13
4737,0,9482526442,9482526472,0,0,-29
4738,0,9484527846,9484527833,0,0,12
4739,0,9486530800,9486530766,0,0,33
4740,0,9488533626,9488533600,0,0,26
4741,0,9490535952,9490535914,0,0,38
4742,0,9492537986,9492537950,0,0,35
4743,0,9494540301,9494540285,0,0,15
4744,0,9496542290,9496542343,0,0,-52
4745,0,9498544817,9498544848,0,0,-30
4746,0,9500547184,9500547254,0,0,-70
4747,0,9502549338,9502549327,0,0,11
4748,0,9504552819,9504552775,0,0,44
4749,0,9506553666,9506553655,0,0,11
4750,0,9508555718,9508555678,0,0,39
4751,0,9510558129,9510558106,0,0,22
4752,0,9512560248,9512560284,0,0,-35
4753,0,9514562726,9514562715,0,0,11
4754,0,9516565217,9516565191,0,0,26
4755,0,9518568533,9518568567,0,0,-33
4756,0,9520569258,9520569193,0,0,65
4757,0,9522571677,9522571635,0,0,42
4758,0,9524573597,9524573582,0,0,15
4759,0,9526575760,9526575732,0,0,27
4760,0,9528578701,9528578673,0,0,27
4761,0,9530580363,9530580325,0,0,38
4762,0,9532582741,9532582707,0,0,33
4763,0,9534585057,9534585024,0,0,32
4764,0,9536587945,9536587925,0,0,19
4765,0,9538588898,9538588872,0,0,26
4766,0,9540590730,9540590697,0,0,32
4767,0,9542593634,9542593590,0,0,44
4768,0,9544595975,9544595915,0,0,59
4769,0,9546598400,9546598406,0,0,-6
4770,0,9548600487,9548600437,0,0,50
4771,0,9550602725,9550602687,0,0,38
4772,0,9552605087,9552605078,0,0,8
4773,0,9554607188,9554607150,0,0,38
4774,0,9556609582,9556609534,0,0,47
4775,0,9558611627,9558611595,0,0,32
4776,0,9560613739,9560613702,0,0,37
4777,0,9562615350,9562615322,0,0,28
4778,0,9564617153,9564617139,0,0,14
4779,0,9566619929,9566619883,0,0,46
4780,0,9568622416,9568622368,0,0,48
4781,0,9570624698,9570624739,0,0,-40
4782,0,9572627075,9572627040,0,0,35
4783,0,9574629137,9574629099,0,0,37
4784,0,9576631181,9576631201,0,0,-20
4785,0,9578632674,9578632653,0,0,21
4786,0,9580636289,9580636302,0,0,-13
4787,0,9582638203,9582638208,0,0,-5
4788,0,9584640732,9584640782,0,0,-50
4789,0,9586642488,9586642525,0,0,-36
4790,0,9588644857,9588644891,0,0,-33
4791,0,9590646762,9590646732,0,0,30
4792,0,9592648931,9592648878,0,0,53
4793,0,9594651702,9594651718,0,0,-15
4794,0,9596653492,9596653504,0,0,-11
4795,0,9598655026,9598655048,0,0,-21
4796,0,9600657901,9600657835,0,0,66
4797,0,9602660674,9602660624,0,0,50
4798,0,9604662870,9604662822,0,0,48
4799,0,9606664777,9606664716,0,0,60
4800,0,9608666945,9608666892,0,0,52
4801,0,9610669111,9610669059,0,0,51
4802,0,9612671680,9612671624,0,0,55
4803,0,9614674509,9614674445,0,0,63
4804,0,9616676865,9616676838,0,0,27
4805,0,9618679314,9618679331,0,0,-16
4806,0,9620680573,9620680573,0,0,0
4807,0,9622682828,9622682842,0,0,-13
4808,0,9624685511,9624685471,0,0,39
4809,0,9626687029,9626687053,0,0,-24
4810,0,9628689352,9628689370,0,0,-17
4811,0,9630691762,9630691797,0,0,-35
4812,0,9632693732,9632693663,0,0,68
4813,0,9634695900,9634695846,0,0,53
4814,0,9636698253,9636698175,0,0,77
4815,0,9638700327,9638700287,0,0,39
4816,0,9640702882,9640702829,0,0,52
4817,0,9642704929,9642704883,0,0,46
4818,0,9644707006,9644706971,0,0,35
4819,0,9646709591,9646709552,0,0,38
4820,0,9648711582,9648711534,0,0,47
4821,0,9650713719,9650713675,0,0,44
4822,0,9652716127,9652716120,0,0,6
4823,0,9654718122,9654718075,0,0,47
4824,0,9656720640,9656720613,0,0,26
4825,0,9658722661,9658722633,0,0,27
4826,0,9660725332,9660725358,0,0,-25
4827,0,9662727179,9662727147,0,0,32
4828,0,9664729865,9664729823,0,0,42
4829,0,9666732306,9666732306,0,0,0
4830,0,9668732948,9668732901,0,0,46
4831,0,9670735944,9670735900,0,0,44
4832,0,9672738193,9672738211,0,0,-17
4833,0,9674740802,9674740844,0,0,-42
4834,0,9676742570,9676742523,0,0,47
4835,0,9678745311,9678745260,0,0,51
4836,0,9680747167,9680747118,0,0,49
4837,0,9682749026,9682748986,0,0,40
4838,0,9684750566,9684750573,0,0,-6
4839,0,9686753812,9686753846,0,0,-33
4840,0,9688756050,9688756101,0,0,-51
4841,0,9690758110,9690758083,0,0,27
4842,0,9692761125,9692761079,0,0,45
4843,0,9694762861,9694762897,0,0,-35
4844,0,9696764646,9696764657,0,0,-11
4845,0,9698767169,9698767131,0,0,38
4846,0,9700769181,9700769123,0,0,57
4847,0,9702770255,9702770224,0,0,31
4848,0,9704774018,9704773996,0,0,22
4849,0,9706777439,9706777415,0,0,24
4850,0,9708778880,9708778856,0,0,24
4851,0,9710780436,9710780416,0,0,20
4852,0,9712782650,9712782711,0,0,-60
4853,0,9714784773,9714784756,0,0,16
4854,0,9716787480,9716787435,0,0,44
4855,0,9718790667,9718790652,0,0,15
4856,0,9720791783,9720791746,0,0,36
4857,0,9722793575,9722793551,0,0,23
4858,0,9724795273,9724795255,0,0,17
4859,0,9726798107,9726798084,0,0,23
4860,0,9728800374,9728800346,0,0,28
4861,0,9730803901,9730803885,0,0,15
4862,0,9732804839,9732804822,0,0,16
4863,0,9734807307,9734807302,0,0,5
4864,0,9736809456,9736809433,0,0,22
4865,0,9738811331,9738811314,0,0,16
4866,0,9740813237,9740813278,0,0,-40
4867,0,9742815944,9742815925,0,0,18
4868,0,9744818923,9744818875,0,0,48
4869,0,9746820500,9746820483,0,0,17
4870,0,9748822769,9748822763,0,0,6
4871,0,9750824686,9750824712,0,0,-25
4872,0,9752826001,9752826009,0,0,-8
4873,0,9754829704,9754829752,0,0,-48
4874,0,9756831523,9756831558,0,0,-35
4875,0,9758833715,9758833682,0,0,33
4876,0,9760836446,9760836455,0,0,-8
4877,0,9762839081,9762839059,0,0,22
4878,0,9764839621,9764839607,0,0,13
4879,0,9766842678,9766842647,0,0,31
4880,0,9768845246,9768845202,0,0,44
4881,0,9770846908,9770846864,0,0,44
4882,0,9772848193,9772848222,0,0,-29
4883,0,9774850877,9774850853,0,0,23
4884,0,9776854050,9776854036,0,0,13
4885,0,9778855636,9778855609,0,0,26
4886,0,9780857120,9780857108,0,0,11
4887,0,9782859698,9782859680,0,0,17
4888,0,9784863292,9784863263,0,0,29
4889,0,9786864734,9786864687,0,0,46
4890,0,9788866227,9788866208,0,0,19
4891,0,9790869341,9790869313,0,0,27
4892,0,9792871746,9792871720,0,0,26
4893,0,9794874960,9794874916,0,0,44
4894,0,9796876155,9796876111,0,0,43
4895,0,9798878480,9798878454,0,0,26
4896,0,9800880689,9800880669,0,0,20
4897,0,9802882550,9802882588,0,0,-38
4898,0,9804884188,9804884197,0,0,-8
4899,0,9806887452,9806887465,0,0,-12
4900,0,9808889590,9808889606,0,0,-16
4901,0,9810892282,9810892316,0,0,-33
4902,0,9812894182,9812894146,0,0,35
4903,0,9814895767,9814895737,0,0,30
4904,0,9816897314,9816897271,0,0,43
4905,0,9818902072,9818902034,0,0,38
4906,0,9820903089,9820903021,0,0,68
4907,0,9822904977,9822904938,0,0,38
4908,0,9824907446,9824907402,0,0,43
4909,0,9826910120,9826910134,0,0,-13
4910,0,9828910802,9828910739,0,0,63
4911,0,9830913869,9830913892,0,0,-22
4912,0,9832916063,9832916076,0,0,-12
4913,0,9834918053,9834918069,0,0,-15
4914,0,9836919603,9836919543,0,0,59
4915,0,9838922690,9838922624,0,0,65
4916,0,9840924194,9840924210,0,0,-15
4917,0,9842927425,9842927432,0,0,-6
4918,0,9844929357,9844929369,0,0,-12
4919,0,9846930557,9846930574,0,0,-16
4920,0,9848934185,9848934133,0,0,51
4921,0,9850936164,9850936122,0,0,42
4922,0,9852938316,9852938286,0,0,29
4923,0,9854940538,9854940505,0,0,33
4924,0,9856942979,9856943011,0,0,-32
4925,0,9858946413,9858946450,0,0,-36
4926,0,9860947557,9860947566,0,0,-8
4927,0,9862949587,9862949616,0,0,-29
4928,0,9864951826,9864951780,0,0,45
4929,0,9866954417,9866954372,0,0,44
4930,0,9868956228,9868956184,0,0,43
4931,0,9870958468,9870958419,0,0,49
4932,0,9872960707,9872960697,0,0,9
4933,0,9874963089,9874963082,0,0,7
4934,0,9876965577,9876965583,0,0,-6
4935,0,9878967401,9878967418,0,0,-17
4936,0,9880969106,9880969132,0,0,-26
4937,0,9882970658,9882970597,0,0,60
4938,0,9884972912,9884972888,0,0,24
4939,0,9886976284,9886976224,0,0,59
4940,0,9888978498,9888978438,0,0,60
4941,0,9890981738,9890981685,0,0,53
4942,0,9892982999,9892983006,0,0,-6
4943,0,9894985576,9894985591,0,0,-15
4944,0,9896987696,9896987725,0,0,-28
4945,0,9898989994,9898990040,0,0,-45
4946,0,9900991705,9900991723,0,0,-17
4947,0,9902994008,9902994040,0,0,-31
4948,0,9904996493,9904996478,0,0,14
4949,0,9906998339,9906998388,0,0,-49
4950,0,9908999934,9908999896,0,0,38
4951,0,9911002977,9911002933,0,0,43
4952,0,9913005360,9913005323,0,0,36
4953,0,9915007391,9915007348,0,0,42
4954,0,9917009738,9917009766,0,0,-28
4955,0,9919013203,9919013212,0,0,-8
4956,0,9921014065,9921013995,0,0,69
4957,0,9923017312,9923017253,0,0,59
4958,0,9925018660,9925018620,0,0,39
4959,0,9927020804,9927020747,0,0,56
4960,0,9929023568,9929023547,0,0,20
4961,0,9931025070,9931025060,0,0,9
4962,0,9933027132,9933027099,0,0,33
4963,0,9935029686,9935029651,0,0,34
4964,0,9937033393,9937033364,0,0,28
4965,0,9939034328,9939034294,0,0,34
4966,0,9941037024,9941037041,0,0,-16
4967,0,9943038203,9943038184,0,0,19
4968,0,9945040112,9945040067,0,0,45
4969,0,9947043015,9947043071,0,0,-56
4970,0,9949044981,9949045038,0,0,-57
4971,0,9951046564,9951046603,0,0,-38
4972,0,9953049831,9953049840,0,0,-8
4973,0,9955052985,9955053027,0,0,-42
4974,0,9957054188,9957054191,0,0,-2
4975,0,9959056123,9959056174,0,0,-50
4976,0,9961058725,9961058699,0,0,25
4977,0,9963060818,9963060807,0,0,11
4978,0,9965063127,9965063162,0,0,-35
4979,0,9967065331,9967065352,0,0,-21
4980,0,9969067742,9969067707,0,0,35
4981,0,9971069759,9971069731,0,0,28
4982,0,9973072672,9973072637,0,0,35
4983,0,9975074343,9975074323,0,0,19
4984,0,9977076548,9977076510,0,0,38
4985,0,9979079026,9979079013,0,0,13
4986,0,9981080923,9981080889,0,0,34
4987,0,9983083611,9983083662,0,0,-51
4988,0,9985085152,9985085204,0,0,-51
4989,0,9987087537,9987087582,0,0,-44
4990,0,9989091032,9989090996,0,0,35
4991,0,9991092564,9991092548,0,0,15
4992,0,9993094573,9993094545,0,0,28
4993,0,9995096636,9995096622,0,0,14
4994,0,9997098889,9997098860,0,0,29
4995,0,9999101676,9999101647,0,0,28
4996,0,10001104102,10001104041,0,0,60
4997,0,10003105478,10003105445,0,0,32
4998,0,10005107551,10005107537,0,0,13
4999,0,10007109390,10007109412,0,0,-22
5000,0,10009111101,10009111137,0,0,-35
5001,0,10011114601,10011114563,0,0,38
5002,0,10013116402,10013116359,0,0,42
5003,0,10015119624,10015119667,0,0,-42
5004,0,10017121900,10017121932,0,0,-31
5005,0,10019124592,10019124625,0,0,-33
5006,0,10021126401,10021126433,0,0,-32
5007,0,10023128037,10023128085,0,0,-48
5008,0,10025130769,10025130808,0,0,-38
5009,0,10027133258,10027133228,0,0,29
5010,0,10029133865,10029133912,0,0,-47
5011,0,10031135473,10031135451,0,0,22
5012,0,10033139067,10033139046,0,0,21
5013,0,10035140734,10035140720,0,0,13
5014,0,10037141858,10037141840,0,0,17
5015,0,10039144732,10039144715,0,0,16
5016,0,10041148496,10041148471,0,0,25
5017,0,10043149914,10043149908,0,0,6
5018,0,10045152182,10045152165,0,0,17
5019,0,10047154968,10047154960,0,0,8
5020,0,10049156976,10049156934,0,0,42
5021,0,10051158939,10051158900,0,0,39
5022,0,10053162243,10053162223,0,0,20
5023,0,10055163067,10055163054,0,0,12
5024,0,10057165236,10057165195,0,0,40
5025,0,10059167985,10059167941,0,0,43
5026,0,10061170006,10061169958,0,0,47
5027,0,10063171779,10063171811,0,0,-31
5028,0,10065173829,10065173861,0,0,-32
5029,0,10067176693,10067176725,0,0,-32
5030,0,10069179172,10069179143,0,0,28
5031,0,10071180525,10071180490,0,0,34
5032,0,10073182190,10073182204,0,0,-13
5033,0,10075185415,10075185437,0,0,-22
5034,0,10077188220,10077188231,0,0,-11
5035,0,10079190504,10079190521,0,0,-16
5036,0,10081192351,10081192287,0,0,63
5037,0,10083194251,10083194204,0,0,47
5038,0,10085198510,10085198438,0,0,71
5039,0,10087199375,10087199307,0,0,67
5040,0,10089201505,10089201438,0,0,66
5041,0,10091202846,10091202797,0,0,48
5042,0,10093204021,10093203990,0,0,31
5043,0,10095206620,10095206564,0,0,56
5044,0,10097209928,10097209887,0,0,41
5045,0,10099211402,10099211355,0,0,46
5046,0,10101212878,10101212847,0,0,31
5047,0,10103215731,10103215773,0,0,-42
5048,0,10105218632,10105218653,0,0,-20
5049,0,10107221222,10107221188,0,0,33
5050,0,10109223361,10109223376,0,0,-14
5051,0,10111225768,10111225804,0,0,-35
5052,0,10113227874,10113227906,0,0,-31
5053,0,10115230207,10115230182,0,0,24
5054,0,10117233230,10117233169,0,0,60
5055,0,10119236190,10119236170,0,0,19
5056,0,10121236579,10121236508,0,0,70
5057,0,10123238901,10123238876,0,0,24
5058,0,10125241378,10125241395,0,0,-17
5059,0,10127244094,10127244040,0,0,54
5060,0,10129247245,10129247170,0,0,75
5061,0,10131248105,10131248056,0,0,48
5062,0,10133249905,10133249822,0,0,83
5063,0,10135251182,10135251200,0,0,-17
5064,0,10137254252,10137254210,0,0,42
5065,0,10139256791,10139256763,0,0,27
5066,0,10141258862,10141258894,0,0,-31
5067,0,10143260710,10143260736,0,0,-25
5068,0,10145262771,10145262733,0,0,38
5069,0,10147265333,10147265278,0,0,54
5070,0,10149267617,10149267567,0,0,50
5071,0,10151269678,10151269658,0,0,20
5072,0,10153271251,10153271258,0,0,-7
5073,0,10155275089,10155275098,0,0,-9
5074,0,10157276678,10157276693,0,0,-14
5075,0,10159278756,10159278704,0,0,51
5076,0,10161282749,10161282692,0,0,56
5077,0,10163283678,10163283618,0,0,59
5078,0,10165285750,10165285701,0,0,49
5079,0,10167287575,10167287514,0,0,61
5080,0,10169289827,10169289763,0,0,64
5081,0,10171292279,10171292242,0,0,36
5082,0,10173294452,10173294404,0,0,48
5083,0,10175296325,10175296292,0,0,33
5084,0,10177297706,10177297658,0,0,47
5085,0,10179301219,10179301167,0,0,51
5086,0,10181304370,10181304379,0,0,-8
5087,0,10183305310,10183305251,0,0,58
5088,0,10185306912,10185306886,0,0,25
5089,0,10187309620,10187309662,0,0,-42
5090,0,10189311483,10189311456,0,0,26
5091,0,10191314694,10191314653,0,0,40
5092,0,10193317162,10193317128,0,0,34
5093,0,10195318973,10195318953,0,0,19
5094,0,10197321574,10197321498,0,0,75
5095,0,10199323116,10199323108,0,0,7
5096,0,10201325925,10201325904,0,0,20
5097,0,10203328370,10203328400,0,0,-29
5098,0,10205330431,10205330393,0,0,38
5099,0,10207332826,10207332800,0,0,25
5100,0,10209334637,10209334570,0,0,66
5101,0,10211336665,10211336640,0,0,24
5102,0,10213339177,10213339126,0,0,51
5103,0,10215341233,10215341209,0,0,24
5104,0,10217343826,10217343778,0,0,47
5105,0,10219347345,10219347312,0,0,33
5106,0,10221347622,10221347584,0,0,38
5107,0,10223350429,10223350401,0,0,27
5108,0,10225352810,10225352782,0,0,27
5109,0,10227354520,10227354546,0,0,-26
5110,0,10229356775,10229356759,0,0,15
5111,0,10231359341,10231359309,0,0,31
5112,0,10233361159,10233361128,0,0,31
5113,0,10235363363,10235363341,0,0,21
5114,0,10237365824,10237365798,0,0,26
5115,0,10239368853,10239368820,0,0,32
5116,0,10241371550,10241371512,0,0,38
5117,0,10243372092,10243372059,0,0,33
5118,0,10245374109,10245374114,0,0,-5
5119,0,10247375321,10247375288,0,0,32
5120,0,10249378378,10249378433,0,0,-54
5121,0,10251380876,10251380924,0,0,-48
5122,0,10253382375,10253382416,0,0,-40
5123,0,10255386388,10255386373,0,0,14
5124,0,10257389080,10257389122,0,0,-42
5125,0,10259389682,10259389717,0,0,-35
5126,0,10261391802,10261391816,0,0,-13
5127,0,10263394199,10263394175,0,0,24
5128,0,10265396162,10265396134,0,0,28
5129,0,10267399261,10267399280,0,0,-18
5130,0,10269401292,10269401318,0,0,-26
5131,0,10271404060,10271404070,0,0,-9
5132,0,10273405877,10273405899,0,0,-22
5133,0,10275407556,10275407575,0,0,-18
5134,0,10277410461,10277410411,0,0,49
5135,0,10279412184,10279412155,0,0,28
5136,0,10281414847,10281414830,0,0,17
5137,0,10283417058,10283417017,0,0,40
5138,0,10285418938,10285418910,0,0,27
5139,0,10287421179,10287421152,0,0,26
5140,0,10289424029,10289424017,0,0,11
5141,0,10291425386,10291425429,0,0,-42
5142,0,10293427312,10293427355,0,0,-42
5143,0,10295429838,10295429879,0,0,-40
5144,0,10297431327,10297431357,0,0,-29
5145,0,10299434514,10299434472,0,0,42
5146,0,10301436661,10301436682,0,0,-20
5147,0,10303439221,10303439258,0,0,-36
5148,0,10305441618,10305441603,0,0,15
5149,0,10307443525,10307443512,0,0,12
5150,0,10309446966,10309446912,0,0,54
5151,0,10311447783,10311447755,0,0,28
5152,0,10313450719,10313450641,0,0,78
5153,0,10315452862,10315452878,0,0,-16
5154,0,10317455060,10317455000,0,0,60
5155,0,10319459190,10319459139,0,0,51
5156,0,10321459946,10321459892,0,0,53
5157,0,10323461098,10323461030,0,0,67
5158,0,10325462760,10325462702,0,0,58
5159,0,10327465937,10327465957,0,0,-19
5160,0,10329468128,10329468141,0,0,-12
5161,0,10331470346,10331470388,0,0,-42
5162,0,10333472829,10333472820,0,0,8
5163,0,10335474586,10335474563,0,0,23
5164,0,10337476402,10337476378,0,0,23
5165,0,10339478096,10339478059,0,0,36
5166,0,10341481200,10341481128,0,0,71
5167,0,10343483882,10343483851,0,0,31
5168,0,10345487144,10345487110,0,0,33
5169,0,10347488853,10347488824,0,0,29
5170,0,10349490210,10349490173,0,0,37
5171,0,10351492755,10351492730,0,0,24
5172,0,10353495613,10353495584,0,0,29
5173,0,10355497930,10355497914,0,0,15
5174,0,10357499560,10357499487,0,0,72
5175,0,10359501013,10359501047,0,0,-33
5176,0,10361502566,10361502600,0,0,-34
5177,0,10363506015,10363506026,0,0,-11
5178,0,10365508188,10365508146,0,0,41
5179,0,10367510111,10367510089,0,0,21
5180,0,10369512504,10369512468,0,0,35
5181,0,10371514463,10371514455,0,0,8
5182,0,10373515721,10373515649,0,0,72
5183,0,10375518727,10375518667,0,0,59
5184,0,10377520092,10377520049,0,0,43
5185,0,10379522283,10379522313,0,0,-30
5186,0,10381525229,10381525189,0,0,39
5187,0,10383528064,10383528020,0,0,43
5188,0,10385530549,10385530492,0,0,56
5189,0,10387532501,10387532458,0,0,42
5190,0,10389534805,10389534760,0,0,44
5191,0,10391537298,10391537272,0,0,26
5192,0,10393539245,10393539188,0,0,56
5193,0,10395541120,10395541148,0,0,-28
5194,0,10397542674,10397542647,0,0,27
5195,0,10399545921,10399545869,0,0,51
5196,0,10401547846,10401547811,0,0,34
5197,0,10403549227,10403549246,0,0,-18
5198,0,10405552247,10405552174,0,0,73
5199,0,10407554997,10407555012,0,0,-15
5200,0,10409557358,10409557316,0,0,41
5201,0,10411558951,10411558904,0,0,47
5202,0,10413560196,10413560145,0,0,51
5203,0,10415563840,10415563788,0,0,51
5204,0,10417566359,10417566314,0,0,44
5205,0,10419569838,10419569788,0,0,49
5206,0,10421569963,10421569925,0,0,38
5207,0,10423571907,10423571856,0,0,51
5208,0,10425574705,10425574658,0,0,47
5209,0,10427576938,10427576948,0,0,-10
5210,0,10429579939,10429579930,0,0,9
5211,0,10431581776,10431581786,0,0,-10
5212,0,10433583368,10433583379,0,0,-10
5213,0,10435584575,10435584530,0,0,45
5214,0,10437587370,10437587289,0,0,80
5215,0,10439590970,10439590921,0,0,49
5216,0,10441591813,10441591770,0,0,43
5217,0,10443594421,10443594435,0,0,-14
5218,0,10445596011,10445596023,0,0,-11
5219,0,10447599746,10447599716,0,0,29
5220,0,10449601471,10449601410,0,0,61
5221,0,10451603592,10451603550,0,0,41
5222,0,10453605671,10453605605,0,0,65
5223,0,10455606968,10455606916,0,0,51
5224,0,10457610561,10457610532,0,0,28
5225,0,10459612505,10459612430,0,0,75
5226,0,10461614816,10461614829,0,0,-12
5227,0,10463616520,10463616512,0,0,8
5228,0,10465618586,10465618613,0,0,-26
5229,0,10467621937,10467621960,0,0,-22
5230,0,10469623814,10469623808,0,0,6
5231,0,10471626923,10471626885,0,0,38
5232,0,10473628677,10473628644,0,0,33
5233,0,10475630428,10475630408,0,0,19
5234,0,10477632801,10477632776,0,0,24
5235,0,10479634667,10479634646,0,0,21
5236,0,10481636907,10481636898,0,0,8
5237,0,10483639698,10483639674,0,0,24
5238,0,10485642121,10485642075,0,0,46
5239,0,10487643584,10487643553,0,0,31
5240,0,10489645889,10489645857,0,0,31
5241,0,10491648053,10491648020,0,0,32
5242,0,10493650588,10493650518,0,0,69
5243,0,10495652881,10495652844,0,0,36
5244,0,10497655759,10497655701,0,0,58
5245,0,10499656866,10499656836,0,0,29
5246,0,10501658239,10501658173,0,0,66
5247,0,10503663099,10503663091,0,0,8
5248,0,10505664275,10505664245,0,0,29
5249,0,10507666379,10507666333,0,0,45
5250,0,10509668298,10509668276,0,0,22
5251,0,10511670907,10511670887,0,0,20
5252,0,10513672965,10513673011,0,0,-46
5253,0,10515674828,10515674809,0,0,18
5254,0,10517677081,10517677110,0,0,-29
5255,0,10519680584,10519680572,0,0,11
5256,0,10521681682,10521681652,0,0,29
5257,0,10523683849,10523683831,0,0,17
5258,0,10525686089,10525686038,0,0,51
5259,0,10527687722,10527687723,0,0,0
5260,0,10529689530,10529689501,0,0,29
5261,0,10531692738,10531692786,0,0,-47
5262,0,10533695350,10533695304,0,0,46
5263,0,10535698188,10535698152,0,0,36
5264,0,10537699931,10537699943,0,0,-11
5265,0,10539701503,10539701510,0,0,-6
5266,0,10541703962,10541703972,0,0,-9
5267,0,10543706267,10543706293,0,0,-26
5268,0,10545708408,10545708424,0,0,-16
5269,0,10547710572,10547710516,0,0,55
5270,0,10549712649,10549712579,0,0,69
5271,0,10551714934,10551714942,0,0,-7
5272,0,10553716761,10553716741,0,0,20
5273,0,10555718355,10555718427,0,0,-71
5274,0,10557721726,10557721764,0,0,-37
5275,0,10559724145,10559724184,0,0,-38
5276,0,10561726501,10561726486,0,0,15
5277,0,10563727995,10563727969,0,0,25
5278,0,10565729864,10565729843,0,0,20
5279,0,10567733346,10567733332,0,0,13
5280,0,10569733872,10569733847,0,0,25
5281,0,10571737208,10571737159,0,0,49
5282,0,10573739678,10573739629,0,0,48
5283,0,10575742377,10575742342,0,0,34
5284,0,10577745075,10577745028,0,0,47
5285,0,10579746195,10579746159,0,0,35
5286,0,10581749183,10581749119,0,0,63
5287,0,10583751811,10583751773,0,0,37
5288,0,10585752680,10585752690,0,0,-10
5289,0,10587755655,10587755611,0,0,44
5290,0,10589756887,10589756841,0,0,46
5291,0,10591757948,10591757913,0,0,34
5292,0,10593760966,10593760932,0,0,34
5293,0,10595764152,10595764110,0,0,42
5294,0,10597766266,10597766217,0,0,49
5295,0,10599768171,10599768160,0,0,11
5296,0,10601771339,10601771280,0,0,59
5297,0,10603771749,10603771710,0,0,39
5298,0,10605774696,10605774658,0,0,38
5299,0,10607776435,10607776392,0,0,43
5300,0,10609779778,10609779739,0,0,39
5301,0,10611781807,10611781749,0,0,58
5302,0,10613784071,10613784004,0,0,67
5303,0,10615786022,10615786027,0,0,-4
5304,0,10617788986,10617789014,0,0,-27
5305,0,10619792478,10619792505,0,0,-27
5306,0,10621792952,10621792897,0,0,54
5307,0,10623795134,10623795074,0,0,59
5308,0,10625797215,10625797175,0,0,40
5309,0,10627799440,10627799411,0,0,29
5310,0,10629802185,10629802101,0,0,83
5311,0,10631804195,10631804157,0,0,38
5312,0,10633806929,10633806898,0,0,31
5313,0,10635808136,10635808105,0,0,31
5314,0,10637809715,10637809683,0,0,31
5315,0,10639813478,10639813420,0,0,58
5316,0,10641815227,10641815155,0,0,71
5317,0,10643818318,10643818288,0,0,29
5318,0,10645820332,10645820274,0,0,58
5319,0,10647821721,10647821675,0,0,46
5320,0,10649824204,10649824165,0,0,39
5321,0,10651826047,10651826031,0,0,15
5322,0,10653828761,10653828719,0,0,42
5323,0,10655830816,10655830782,0,0,33
5324,0,10657833044,10657833002,0,0,42
5325,0,10659834976,10659835003,0,0,-26
5326,0,10661837325,10661837274,0,0,51
5327,0,10663840530,10663840552,0,0,-22
5328,0,10665844525,10665844501,0,0,24
5329,0,10667844186,10667844144,0,0,41
5330,0,10669846699,10669846664,0,0,35
5331,0,10671848332,10671848288,0,0,43
5332,0,10673850708,10673850748,0,0,-40
5333,0,10675852524,10675852566,0,0,-41
5334,0,10677854433,10677854463,0,0,-29
5335,0,10679857004,10679857031,0,0,-26
5336,0,10681858979,10681859018,0,0,-38
5337,0,10683862188,10683862206,0,0,-17
5338,0,10685863762,10685863791,0,0,-29
5339,0,10687865689,10687865654,0,0,34
5340,0,10689868471,10689868433,0,0,38
5341,0,10691870896,10691870858,0,0,38
5342,0,10693872823,10693872775,0,0,47
5343,0,10695875049,10695875022,0,0,26
5344,0,10697878730,10697878683,0,0,46
5345,0,10699879552,10699879520,0,0,32
5346,0,10701881573,10701881521,0,0,51
5347,0,10703883215,10703883173,0,0,41
5348,0,10705886386,10705886328,0,0,58
5349,0,10707888296,10707888250,0,0,45
5350,0,10709890905,10709890859,0,0,46
5351,0,10711893238,10711893200,0,0,38
5352,0,10713895066,10713895019,0,0,47
5353,0,10715897196,10715897156,0,0,40
5354,0,10717899641,10717899601,0,0,40
5355,0,10719902946,10719902896,0,0,49
5356,0,10721904019,10721903959,0,0,60
5357,0,10723905843,10723905806,0,0,36
5358,0,10725907623,10725907579,0,0,43
5359,0,10727910550,10727910496,0,0,53
5360,0,10729914134,10729914110,0,0,24
5361,0,10731915074,10731915122,0,0,-47
5362,0,10733917664,10733917698,0,0,-33
5363,0,10735919667,10735919694,0,0,-26
5364,0,10737922041,10737922064,0,0,-22
5365,0,10739924256,10739924230,0,0,26
5366,0,10741926109,10741926069,0,0,39
5367,0,10743928404,10743928385,0,0,18
5368,0,10745930628,10745930600,0,0,28
5369,0,10747932896,10747932887,0,0,9
5370,0,10749935269,10749935231,0,0,37
5371,0,10751937319,10751937304,0,0,14
5372,0,10753940280,10753940242,0,0,38
5373,0,10755941749,10755941732,0,0,16
5374,0,10757944409,10757944418,0,0,-8
5375,0,10759946566,10759946593,0,0,-26
5376,0,10761949494,10761949552,0,0,-57
5377,0,10763950841,10763950884,0,0,-42
5378,0,10765952824,10765952813,0,0,11
5379,0,10767955668,10767955640,0,0,28
5380,0,10769957943,10769957905,0,0,38
5381,0,10771960014,10771959984,0,0,29
5382,0,10773961563,10773961518,0,0,44
5383,0,10775962863,10775962817,0,0,45
5384,0,10777966393,10777966383,0,0,9
5385,0,10779968018,10779967985,0,0,33
5386,0,10781970168,10781970119,0,0,49
5387,0,10783972813,10783972795,0,0,18
5388,0,10785975134,10785975123,0,0,11
5389,0,10787976977,10787976966,0,0,11
5390,0,10789978768,10789978715,0,0,52
5391,0,10791982007,10791981996,0,0,11
5392,0,10793985132,10793985118,0,0,14
5393,0,10795986386,10795986375,0,0,11
5394,0,10797988534,10797988525,0,0,8
5395,0,10799990646,10799990625,0,0,20
5396,0,10801992978,10801992967,0,0,11
5397,0,10803995155,10803995137,0,0,18
5398,0,10805997269,10805997217,0,0,51
5399,0,10807998256,10807998241,0,0,14
5400,0,10810001278,10810001224,0,0,53
5401,0,10812004378,10812004342,0,0,35
5402,0,10814006674,10814006604,0,0,69
5403,0,10816008035,10816007994,0,0,41
5404,0,10818010076,10818010024,0,0,51
5405,0,10820014531,10820014483,0,0,47
5406,0,10822015173,10822015114,0,0,58
5407,0,10824017631,10824017573,0,0,58
5408,0,10826020377,10826020340,0,0,37
5409,0,10828020681,10828020701,0,0,-19
5410,0,10830022849,10830022867,0,0,-17
5411,0,10832025588,10832025633,0,0,-45
5412,0,10834028775,10834028788,0,0,-13
5413,0,10836030629,10836030658,0,0,-29
5414,0,10838033203,10838033225,0,0,-22
5415,0,10840035579,10840035614,0,0,-34
5416,0,10842037507,10842037519,0,0,-12
5417,0,10844040098,10844040087,0,0,11
5418,0,10846042172,10846042125,0,0,47
5419,0,10848044882,10848044849,0,0,33
5420,0,10850046469,10850046492,0,0,-22
5421,0,10852048341,10852048382,0,0,-40
5422,0,10854049429,10854049371,0,0,58
5423,0,10856051547,10856051536,0,0,11
5424,0,10858055333,10858055269,0,0,64
5425,0,10860057032,10860056991,0,0,40
5426,0,10862059016,10862058971,0,0,44
5427,0,10864062089,10864062105,0,0,-15
5428,0,10866064332,10866064346,0,0,-13
5429,0,10868066114,10868066133,0,0,-18
5430,0,10870067748,10870067761,0,0,-12
5431,0,10872070595,10872070630,0,0,-35
5432,0,10874073336,10874073363,0,0,-26
5433,0,10876075515,10876075541,0,0,-26
5434,0,10878077713,10878077694,0,0,19
5435,0,10880079709,10880079734,0,0,-25
5436,0,10882082193,10882082152,0,0,40
5437,0,10884083988,10884084022,0,0,-33
5438,0,10886087201,10886087210,0,0,-8
5439,0,10888088708,10888088674,0,0,34
5440,0,10890092058,10890092030,0,0,27
5441,0,10892092775,10892092817,0,0,-42
5442,0,10894094379,10894094409,0,0,-30
5443,0,10896098480,10896098509,0,0,-29
5444,0,10898100728,10898100686,0,0,42
5445,0,10900101968,10900101933,0,0,34
5446,0,10902104400,10902104386,0,0,13
5447,0,10904106215,10904106175,0,0,40
5448,0,10906108537,10906108507,0,0,29
5449,0,10908110933,10908110942,0,0,-8
5450,0,10910113845,10910113833,0,0,11
5451,0,10912115066,10912115076,0,0,-10
5452,0,10914116549,10914116566,0,0,-16
5453,0,10916119885,10916119847,0,0,37
5454,0,10918122192,10918122150,0,0,42
5455,0,10920125661,10920125614,0,0,47
5456,0,10922127191,10922127169,0,0,21
5457,0,10924127750,10924127735,0,0,15
5458,0,10926131020,10926131049,0,0,-28
5459,0,10928133629,10928133658,0,0,-29
5460,0,10930135408,10930135417,0,0,-8
5461,0,10932137106,10932137131,0,0,-24
5462,0,10934138730,10934138718,0,0,11
5463,0,10936141894,10936141930,0,0,-35
5464,0,10938144027,10938143977,0,0,49
5465,0,10940145203,10940145182,0,0,21
5466,0,10942148064,10942148008,0,0,56
5467,0,10944150751,10944150736,0,0,15
5468,0,10946153176,10946153152,0,0,23
5469,0,10948155260,10948155224,0,0,35
5470,0,10950157402,10950157364,0,0,38
5471,0,10952159044,10952159017,0,0,26
5472,0,10954163791,10954163804,0,0,-13
5473,0,10956164696,10956164670,0,0,25
5474,0,10958166903,10958166860,0,0,42
5475,0,10960169914,10960169876,0,0,38
5476,0,10962172860,10962172817,0,0,42
5477,0,10964174640,10964174598,0,0,41
5478,0,10966175117,10966175092,0,0,25
5479,0,10968176699,10968176657,0,0,42
5480,0,10970179899,10970179885,0,0,14
5481,0,10972182035,10972182015,0,0,19
5482,0,10974184169,10974184152,0,0,17
5483,0,10976186391,10976186353,0,0,38
5484,0,10978188489,10978188440,0,0,48
5485,0,10980189481,10980189440,0,0,40
5486,0,10982191942,10982191898,0,0,43
5487,0,10984194606,10984194568,0,0,37
5488,0,10986199116,10986199070,0,0,45
5489,0,10988202108,10988202070,0,0,38
5490,0,10990202107,10990202077,0,0,30
5491,0,10992204289,10992204270,0,0,18
5492,0,10994206582,10994206543,0,0,38
5493,0,10996209540,10996209502,0,0,38
5494,0,10998211608,10998211548,0,0,60
5495,0,11000214079,11000214046,0,0,33
5496,0,11002216845,11002216834,0,0,11
5497,0,11004217875,11004217885,0,0,-10
5498,0,11006220424,11006220370,0,0,53
5499,0,11008221718,11008221692,0,0,26
5500,0,11010223170,11010223135,0,0,34
5501,0,11012226150,11012226116,0,0,33
5502,0,11014227927,11014227901,0,0,25
5503,0,11016231206,11016231147,0,0,59
5504,0,11018233946,11018233891,0,0,55
5505,0,11020237448,11020237411,0,0,36
5506,0,11022236733,11022236679,0,0,53
5507,0,11024240431,11024240399,0,0,32
5508,0,11026242753,11026242698,0,0,54
5509,0,11028243685,11028243627,0,0,58
5510,0,11030246078,11030246006,0,0,71
5511,0,11032248642,11032248618,0,0,24
5512,0,11034250917,11034250910,0,0,7
5513,0,11036252957,11036252991,0,0,-33
5514,0,11038254788,11038254816,0,0,-28
5515,0,11040257633,11040257666,0,0,-33
5516,0,11042260110,11042260135,0,0,-25
5517,0,11044262233,11044262224,0,0,8
5518,0,11046264553,11046264534,0,0,19
5519,0,11048266607,11048266596,0,0,11
5520,0,11050268649,11050268614,0,0,35
5521,0,11052272039,11052272034,0,0,4
5522,0,11054273204,11054273186,0,0,17
5523,0,11056275312,11056275288,0,0,23
5524,0,11058277857,11058277809,0,0,47
5525,0,11060279682,11060279734,0,0,-51
5526,0,11062281077,11062281125,0,0,-48
5527,0,11064284100,11064284065,0,0,35
5528,0,11066286000,11066285962,0,0,37
5529,0,11068288608,11068288593,0,0,15
5530,0,11070289907,11070289880,0,0,27
5531,0,11072291943,11072291932,0,0,11
5532,0,11074294659,11074294620,0,0,39
5533,0,11076298118,11076298096,0,0,21
5534,0,11078300270,11078300245,0,0,24
5535,0,11080302230,11080302205,0,0,24
5536,0,11082304056,11082304037,0,0,19
5537,0,11084306505,11084306451,0,0,53
5538,0,11086308069,11086308020,0,0,49
5539,0,11088312039,11088312000,0,0,39
5540,0,11090314223,11090314161,0,0,62
5541,0,11092315505,11092315510,0,0,-5
5542,0,11094317933,11094317894,0,0,39
5543,0,11096320357,11096320305,0,0,51
5544,0,11098322402,11098322377,0,0,24
5545,0,11100324337,11100324278,0,0,58
5546,0,11102326080,11102326011,0,0,69
5547,0,11104329249,11104329183,0,0,66
5548,0,11106330984,11106330938,0,0,45
5549,0,11108333177,11108333152,0,0,24
5550,0,11110334310,11110334281,0,0,29
5551,0,11112336492,11112336440,0,0,52
5552,0,11114339447,11114339396,0,0,51
5553,0,11116343012,11116342979,0,0,33
5554,0,11118343596,11118343560,0,0,35
5555,0,11120347807,11120347828,0,0,-20
5556,0,11122349097,11122349111,0,0,-13
5557,0,11124351212,11124351185,0,0,26
5558,0,11126353219,11126353233,0,0,-13
5559,0,11128355904,11128355939,0,0,-35
5560,0,11130357959,11130357991,0,0,-31
5561,0,11132361075,11132361058,0,0,16
5562,0,11134363289,11134363324,0,0,-35
5563,0,11136365220,11136365191,0,0,29
5564,0,11138366977,11138366939,0,0,37
5565,0,11140368937,11140368901,0,0,35
5566,0,11142371024,11142371062,0,0,-38
5567,0,11144373490,11144373527,0,0,-36
5568,0,11146375323,11146375352,0,0,-28
5569,0,11148378226,11148378260,0,0,-33
5570,0,11150380042,11150380007,0,0,35
5571,0,11152383028,11152382996,0,0,31
5572,0,11154384932,11154384907,0,0,24
5573,0,11156386715,11156386674,0,0,41
5574,0,11158389104,11158389095,0,0,8
5575,0,11160391006,11160391015,0,0,-8
5576,0,11162393428,11162393457,0,0,-29
5577,0,11164395595,11164395633,0,0,-38
5578,0,11166397813,11166397758,0,0,54
5579,0,11168399756,11168399741,0,0,15
5580,0,11170401208,11170401231,0,0,-23
5581,0,11172404228,11172404170,0,0,58
5582,0,11174406111,11174406093,0,0,17
5583,0,11176408500,11176408448,0,0,51
5584,0,11178410137,11178410160,0,0,-22
5585,0,11180413878,11180413920,0,0,-42
5586,0,11182415878,11182415831,0,0,46
5587,0,11184418192,11184418159,0,0,33
5588,0,11186420163,11186420089,0,0,74
5589,0,11188422018,11188421986,0,0,31
5590,0,11190423688,11190423649,0,0,39
5591,0,11192426639,11192426607,0,0,31
5592,0,11194429187,11194429212,0,0,-24
5593,0,11196431290,11196431332,0,0,-42
5594,0,11198433462,11198433454,0,0,8
5595,0,11200435907,11200435938,0,0,-30
5596,0,11202437932,11202437943,0,0,-10
5597,0,11204440227,11204440186,0,0,41
5598,0,11206442498,11206442471,0,0,26
5599,0,11208444907,11208444868,0,0,39
5600,0,11210446786,11210446719,0,0,66
5601,0,11212448689,11212448667,0,0,21
5602,0,11214450468,11214450424,0,0,44
5603,0,11216454768,11216454737,0,0,31
5604,0,11218457039,11218457004,0,0,35
5605,0,11220460247,11220460283,0,0,-36
5606,0,11222461262,11222461269,0,0,-6
5607,0,11224462368,11224462349,0,0,19
5608,0,11226464774,11226464725,0,0,48
5609,0,11228467468,11228467431,0,0,36
5610,0,11230469791,11230469756,0,0,34
5611,0,11232471126,11232471080,0,0,46
5612,0,11234473051,11234473017,0,0,34
5613,0,11236474440,11236474415,0,0,24
5614,0,11238477065,11238477046,0,0,18
5615,0,11240479771,11240479748,0,0,23
5616,0,11242481424,11242481378,0,0,45
5617,0,11244485451,11244485411,0,0,40
5618,0,11246486015,11246485995,0,0,20
5619,0,11248489519,11248489471,0,0,47
5620,0,11250491501,11250491453,0,0,48
5621,0,11252492900,11252492851,0,0,49
5622,0,11254494988,11254494952,0,0,35
5623,0,11256497833,11256497767,0,0,65
5624,0,11258500179,11258500146,0,0,33
5625,0,11260502465,11260502410,0,0,55
5626,0,11262504724,11262504665,0,0,59
5627,0,11264507014,11264506981,0,0,33
5628,0,11266509493,11266509525,0,0,-31
5629,0,11268511402,11268511421,0,0,-18
5630,0,11270513643,11270513649,0,0,-5
5631,0,11272516068,11272516116,0,0,-48
5632,0,11274517791,11274517822,0,0,-31
5633,0,11276520148,11276520127,0,0,21
5634,0,11278522577,11278522554,0,0,23
5635,0,11280525968,11280525943,0,0,24
5636,0,11282528465,11282528512,0,0,-47
5637,0,11284529253,11284529299,0,0,-46
5638,0,11286531097,11286531116,0,0,-19
5639,0,11288532438,11288532471,0,0,-33
5640,0,11290536142,11290536094,0,0,47
5641,0,11292537872,11292537840,0,0,31
5642,0,11294540588,11294540551,0,0,36
5643,0,11296542621,11296542575,0,0,46
5644,0,11298544613,11298544571,0,0,42
5645,0,11300546618,11300546582,0,0,36
5646,0,11302548530,11302548476,0,0,53
5647,0,11304551382,11304551340,0,0,42
5648,0,11306555007,11306554972,0,0,35
5649,0,11308557895,11308557862,0,0,32
5650,0,11310557916,11310557896,0,0,19
5651,0,11312559977,11312559946,0,0,31
5652,0,11314561732,11314561683,0,0,49
5653,0,11316564360,11316564346,0,0,14
5654,0,11318566218,11318566152,0,0,66
5655,0,11320570609,11320570582,0,0,27
5656,0,11322571637,11322571622,0,0,14
5657,0,11324573518,11324573508,0,0,9
5658,0,11326576071,11326576047,0,0,24
5659,0,11328578115,11328578099,0,0,15
5660,0,11330580202,11330580173,0,0,29
5661,0,11332582339,11332582327,0,0,12
5662,0,11334584148,11334584134,0,0,14
5663,0,11336587379,11336587335,0,0,44
5664,0,11338589732,11338589644,0,0,87
5665,0,11340591607,11340591559,0,0,47
5666,0,11342594840,11342594801,0,0,39
5667,0,11344595571,11344595537,0,0,34
5668,0,11346598096,11346598045,0,0,51
5669,0,11348601762,11348601724,0,0,38
5670,0,11350602364,11350602305,0,0,59
5671,0,11352603532,11352603523,0,0,8
5672,0,11354606201,11354606223,0,0,-22
5673,0,11356609326,11356609365,0,0,-38
5674,0,11358611582,11358611595,0,0,-12
5675,0,11360613907,11360613925,0,0,-18
5676,0,11362615909,11362615872,0,0,36
5677,0,11364618024,11364618048,0,0,-23
5678,0,11366620597,11366620604,0,0,-6
5679,0,11368622586,11368622548,0,0,38
5680,0,11370625280,11370625259,0,0,20
5681,0,11372626930,11372626964,0,0,-33
5682,0,11374630073,11374630098,0,0,-24
5683,0,11376631992,11376631945,0,0,47
5684,0,11378634194,11378634170,0,0,23
5685,0,11380636102,11380636052,0,0,49
5686,0,11382638398,11382638343,0,0,54
5687,0,11384640186,11384640211,0,0,-24
5688,0,11386643412,11386643446,0,0,-33
5689,0,11388645647,11388645658,0,0,-11
5690,0,11390646056,11390646016,0,0,40
5691,0,11392649544,11392649496,0,0,47
5692,0,11394651485,11394651503,0,0,-17
5693,0,11396653982,11396654005,0,0,-23
5694,0,11398656286,11398656323,0,0,-37
5695,0,11400658181,11400658143,0,0,38
5696,0,11402660620,11402660588,0,0,31
5697,0,11404662697,11404662671,0,0,25
5698,0,11406664800,11406664750,0,0,49
5699,0,11408667915,11408667874,0,0,41
5700,0,11410670620,11410670597,0,0,23
5701,0,11412671163,11412671137,0,0,26
5702,0,11414672773,11414672712,0,0,61
5703,0,11416675931,11416675896,0,0,34
5704,0,11418678553,11418678513,0,0,40
5705,0,11420681963,11420681916,0,0,46
5706,0,11422682794,11422682746,0,0,47
5707,0,11424684524,11424684492,0,0,31
5708,0,11426686101,11426686011,0,0,89
5709,0,11428689360,11428689346,0,0,14
5710,0,11430691340,11430691305,0,0,34
5711,0,11432693338,11432693301,0,0,36
5712,0,11434695887,11434695837,0,0,49
5713,0,11436698181,11436698155,0,0,25
5714,0,11438700548,11438700503,0,0,44
5715,0,11440702986,11440702977,0,0,9
5716,0,11442705143,11442705072,0,0,70
5717,0,11444706745,11444706687,0,0,58
5718,0,11446708463,11446708449,0,0,13
5719,0,11448711687,11448711656,0,0,31
5720,0,11450713548,11450713494,0,0,53
5721,0,11452714957,11452714912,0,0,44
5722,0,11454718398,11454718349,0,0,49
5723,0,11456721051,11456721006,0,0,44
5724,0,11458722489,11458722420,0,0,68
5725,0,11460724054,11460724022,0,0,31
5726,0,11462727101,11462727074,0,0,27
5727,0,11464729085,11464729037,0,0,47
5728,0,11466730205,11466730164,0,0,40
5729,0,11468733049,11468733020,0,0,29
5730,0,11470737092,11470737124,0,0,-31
5731,0,11472739495,11472739469,0,0,26
5732,0,11474741494,11474741451,0,0,43
5733,0,11476742474,11476742459,0,0,15
5734,0,11478743999,11478743924,0,0,74
5735,0,11480747559,11480747530,0,0,29
5736,0,11482749979,11482749948,0,0,31
5737,0,11484751237,11484751205,0,0,31
5738,0,11486752899,11486752867,0,0,31
5739,0,11488756344,11488756370,0,0,-25
5740,0,11490758009,11490758029,0,0,-19
5741,0,11492759294,11492759331,0,0,-37
5742,0,11494763067,11494763030,0,0,36
5743,0,11496765094,11496765077,0,0,16
5744,0,11498766923,11498766878,0,0,44
5745,0,11500768497,11500768480,0,0,16
5746,0,11502772477,11502772444,0,0,33
5747,0,11504773519,11504773485,0,0,33
5748,0,11506775382,11506775357,0,0,24
5749,0,11508778412,11508778371,0,0,40
5750,0,11510780973,11510780919,0,0,53
5751,0,11512782537,11512782519,0,0,17
5752,0,11514785576,11514785602,0,0,-26
5753,0,11516787346,11516787331,0,0,14
5754,0,11518789539,11518789509,0,0,30
5755,0,11520793233,11520793214,0,0,18
5756,0,11522794020,11522793977,0,0,42
5757,0,11524796313,11524796305,0,0,8
5758,0,11526798686,11526798657,0,0,29
5759,0,11528800116,11528800101,0,0,14
5760,0,11530802071,11530802102,0,0,-31
5761,0,11532805200,11532805233,0,0,-33
5762,0,11534807957,11534807975,0,0,-17
5763,0,11536809207,11536809233,0,0,-25
5764,0,11538811471,11538811498,0,0,-26
5765,0,11540813669,11540813642,0,0,27
5766,0,11542814901,11542814867,0,0,33
5767,0,11544817231,11544817222,0,0,8
5768,0,11546821383,11546821350,0,0,32
5769,0,11548823674,11548823651,0,0,23
5770,0,11550825301,11550825242,0,0,59
5771,0,11552827278,11552827240,0,0,38
5772,0,11554829365,11554829336,0,0,29
5773,0,11556831559,11556831528,0,0,31
5774,0,11558833707,11558833662,0,0,44
5775,0,11560834402,11560834435,0,0,-33
5776,0,11562838042,11562838087,0,0,-44
5777,0,11564840768,11564840793,0,0,-24
5778,0,11566844144,11566844101,0,0,43
5779,0,11568845229,11568845198,0,0,31
5780,0,11570847667,11570847613,0,0,54
5781,0,11572849694,11572849649,0,0,44
5782,0,11574852092,11574852104,0,0,-11
5783,0,11576853752,11576853743,0,0,8
5784,0,11578856004,11578855970,0,0,33
5785,0,11580857546,11580857537,0,0,8
5786,0,11582860611,11582860638,0,0,-26
5787,0,11584862858,11584862892,0,0,-33
5788,0,11586865289,11586865352,0,0,-63
5789,0,11588867155,11588867193,0,0,-37
5790,0,11590870204,11590870179,0,0,25
5791,0,11592871967,11592871932,0,0,35
5792,0,11594874278,11594874236,0,0,41
5793,0,11596876289,11596876240,0,0,49
5794,0,11598879514,11598879532,0,0,-17
5795,0,11600881295,11600881337,0,0,-42
5796,0,11602883269,11602883247,0,0,21
5797,0,11604884871,11604884910,0,0,-38
5798,0,11606886541,11606886483,0,0,57
5799,0,11608889757,11608889732,0,0,25
5800,0,11610892299,11610892229,0,0,69
5801,0,11612894213,11612894188,0,0,25
5802,0,11614895982,11614895957,0,0,24
5803,0,11616897273,11616897249,0,0,23
5804,0,11618900358,11618900334,0,0,23
5805,0,11620902928,11620902892,0,0,36
5806,0,11622904983,11622904928,0,0,55
5807,0,11624907635,11624907586,0,0,48
5808,0,11626910471,11626910413,0,0,58
5809,0,11628912274,11628912249,0,0,24
5810,0,11630913900,11630913840,0,0,59
5811,0,11632915665,11632915638,0,0,26
5812,0,11634917328,11634917293,0,0,35
5813,0,11636919776,11636919738,0,0,38
5814,0,11638922897,11638922846,0,0,51
5815,0,11640925157,11640925094,0,0,63
5816,0,11642927174,11642927105,0,0,68
5817,0,11644929275,11644929229,0,0,45
5818,0,11646932944,11646932862,0,0,81
5819,0,11648934211,11648934145,0,0,66
5820,0,11650936487,11650936434,0,0,53
5821,0,11652938712,11652938647,0,0,65
5822,0,11654940304,11654940278,0,0,26
5823,0,11656941962,11656941970,0,0,-7
5824,0,11658945031,11658945037,0,0,-5
5825,0,11660946988,11660946945,0,0,43
5826,0,11662949731,11662949656,0,0,74
5827,0,11664951832,11664951778,0,0,53
5828,0,11666954554,11666954503,0,0,51
5829,0,11668956143,11668956083,0,0,59
5830,0,11670958479,11670958422,0,0,56
5831,0,11672960915,11672960869,0,0,46
5832,0,11674963501,11674963416,0,0,84
5833,0,11676965804,11676965831,0,0,-27
5834,0,11678967417,11678967398,0,0,19
5835,0,11680969675,11680969701,0,0,-25
5836,0,11682971814,11682971786,0,0,27
5837,0,11684974550,11684974510,0,0,40
5838,0,11686976274,11686976226,0,0,47
5839,0,11688978957,11688978910,0,0,46
5840,0,11690980964,11690980898,0,0,65
5841,0,11692982815,11692982768,0,0,47
5842,0,11694984128,11694984083,0,0,44
5843,0,11696987414,11696987364,0,0,49
5844,0,11698990158,11698990105,0,0,53
5845,0,11700992195,11700992173,0,0,22
5846,0,11702994192,11702994110,0,0,81
5847,0,11704996271,11704996296,0,0,-24
5848,0,11706998485,11706998497,0,0,-12
5849,0,11709000800,11709000759,0,0,40
5850,0,11711003567,11711003519,0,0,47
5851,0,11713005292,11713005254,0,0,38
5852,0,11715007487,11715007429,0,0,58
5853,0,11717009708,11717009653,0,0,55
5854,0,11719011937,11719011897,0,0,39
5855,0,11721015862,11721015831,0,0,31
5856,0,11723016867,11723016824,0,0,42
5857,0,11725018364,11725018335,0,0,29
5858,0,11727019579,11727019543,0,0,35
5859,0,11729024017,11729023988,0,0,29
5860,0,11731026424,11731026397,0,0,27
5861,0,11733027167,11733027123,0,0,44
5862,0,11735028586,11735028539,0,0,47
5863,0,11737031718,11737031694,0,0,23
5864,0,11739034233,11739034203,0,0,29
5865,0,11741037060,11741037093,0,0,-32
5866,0,11743038669,11743038683,0,0,-13
5867,0,11745040456,11745040426,0,0,29
5868,0,11747042257,11747042223,0,0,33
5869,0,11749045605,11749045577,0,0,28
5870,0,11751047781,11751047795,0,0,-14
5871,0,11753049722,11753049783,0,0,-60
5872,0,11755051694,11755051742,0,0,-48
5873,0,11757052997,11757052980,0,0,16
5874,0,11759056366,11759056343,0,0,23
5875,0,11761058970,11761058941,0,0,29
5876,0,11763061166,11763061131,0,0,35
5877,0,11765062666,11765062640,0,0,26
5878,0,11767064316,11767064292,0,0,24
5879,0,11769067197,11769067168,0,0,28
5880,0,11771068979,11771068941,0,0,38
5881,0,11773072177,11773072161,0,0,15
5882,0,11775074187,11775074161,0,0,25
5883,0,11777076355,11777076334,0,0,20
5884,0,11779078511,11779078460,0,0,50
5885,0,11781080698,11781080671,0,0,27
5886,0,11783083848,11783083832,0,0,15
5887,0,11785084948,11785084985,0,0,-36
5888,0,11787086134,11787086171,0,0,-37
5889,0,11789088967,11789088997,0,0,-30
5890,0,11791092330,11791092290,0,0,40
5891,0,11793095296,11793095284,0,0,12
5892,0,11795096249,11795096211,0,0,38
5893,0,11797097137,11797097086,0,0,50
5894,0,11799100647,11799100626,0,0,20
5895,0,11801103270,11801103258,0,0,12
5896,0,11803105061,11803105017,0,0,44
5897,0,11805106235,11805106209,0,0,26
5898,0,11807108786,11807108746,0,0,39
5899,0,11809111646,11809111623,0,0,22
5900,0,11811113611,11811113579,0,0,31
5901,0,11813116284,11813116255,0,0,29
5902,0,11815118448,11815118454,0,0,-6
5903,0,11817119788,11817119831,0,0,-42
5904,0,11819123080,11819123065,0,0,14
5905,0,11821126793,11821126782,0,0,11
5906,0,11823127605,11823127545,0,0,60
5907,0,11825130839,11825130811,0,0,27
5908,0,11827131938,11827131882,0,0,56
5909,0,11829134676,11829134658,0,0,17
5910,0,11831136418,11831136391,0,0,27
5911,0,11833138726,11833138695,0,0,31
5912,0,11835141014,11835140983,0,0,31
5913,0,11837143426,11837143384,0,0,42
5914,0,11839145440,11839145413,0,0,26
5915,0,11841147413,11841147404,0,0,8
5916,0,11843149957,11843149913,0,0,44
5917,0,11845152946,11845152892,0,0,53
5918,0,11847155135,11847155096,0,0,39
5919,0,11849155981,11849155951,0,0,29
5920,0,11851157794,11851157752,0,0,41
5921,0,11853160722,11853160689,0,0,33
5922,0,11855162293,11855162235,0,0,58
5923,0,11857167253,11857167215,0,0,38
5924,0,11859168395,11859168433,0,0,-38
5925,0,11861168782,11861168759,0,0,23
5926,0,11863172334,11863172262,0,0,71
5927,0,11865174188,11865174145,0,0,43
5928,0,11867176835,11867176777,0,0,58
5929,0,11869179098,11869179072,0,0,26
5930,0,11871180572,11871180542,0,0,29
5931,0,11873181887,11873181851,0,0,35
5932,0,11875185103,11875185063,0,0,40
5933,0,11877187876,11877187858,0,0,17
5934,0,11879190087,11879190077,0,0,10
5935,0,11881192253,11881192266,0,0,-13
5936,0,11883194183,11883194197,0,0,-13
5937,0,11885196448,11885196461,0,0,-13
5938,0,11887198526,11887198541,0,0,-14
5939,0,11889200915,11889200840,0,0,75
5940,0,11891203577,11891203515,0,0,61
5941,0,11893205386,11893205328,0,0,57
5942,0,11895207761,11895207673,0,0,87
5943,0,11897210025,11897209980,0,0,44
5944,0,11899212242,11899212271,0,0,-29
5945,0,11901214025,11901214065,0,0,-40
5946,0,11903216157,11903216134,0,0,23
5947,0,11905219139,11905219111,0,0,28
5948,0,11907220915,11907220869,0,0,46
5949,0,11909223564,11909223533,0,0,31
5950,0,11911225759,11911225725,0,0,33
5951,0,11913227923,11913227867,0,0,55
5952,0,11915230366,11915230289,0,0,76
5953,0,11917232008,11917231952,0,0,56
5954,0,11919234234,11919234193,0,0,41
5955,0,11921238836,11921238803,0,0,33
5956,0,11923239703,11923239663,0,0,39
5957,0,11925240712,11925240648,0,0,64
5958,0,11927242064,11927242009,0,0,54
5959,0,11929244457,11929244406,0,0,50
5960,0,11931247909,11931247862,0,0,46
5961,0,11933249617,11933249568,0,0,49
5962,0,11935251211,11935251157,0,0,54
5963,0,11937254250,11937254197,0,0,53
5964,0,11939257200,11939257149,0,0,51
5965,0,11941258506,11941258458,0,0,47
5966,0,11943259884,11943259803,0,0,80
5967,0,11945262499,11945262469,0,0,30
5968,0,11947266373,11947266328,0,0,44
5969,0,11949268891,11949268844,0,0,47
5970,0,11951270251,11951270243,0,0,8
5971,0,11953272576,11953272539,0,0,37
5972,0,11955275338,11955275302,0,0,35
5973,0,11957276669,11957276632,0,0,36
5974,0,11959278934,11959278888,0,0,45
5975,0,11961280894,11961280854,0,0,39
5976,0,11963283582,11963283558,0,0,24
5977,0,11965285913,11965285874,0,0,38
5978,0,11967288046,11967288063,0,0,-17
5979,0,11969290030,11969290047,0,0,-17
5980,0,11971292535,11971292548,0,0,-12
5981,0,11973294398,11973294347,0,0,51
5982,0,11975296681,11975296649,0,0,31
5983,0,11977299548,11977299579,0,0,-31
5984,0,11979301270,11979301307,0,0,-36
5985,0,11981303552,11981303578,0,0,-25
5986,0,11983305687,11983305725,0,0,-38
5987,0,11985307844,11985307834,0,0,9
5988,0,11987311265,11987311234,0,0,31
5989,0,11989312523,11989312478,0,0,45
5990,0,11991314581,11991314557,0,0,23
5991,0,11993316687,11993316669,0,0,18
5992,0,11995319068,11995319024,0,0,44
5993,0,11997321942,11997321894,0,0,48
5994,0,11999323440,11999323402,0,0,38
5995,0,12001325556,12001325538,0,0,17
5996,0,12003328207,12003328173,0,0,33
5997,0,12005330320,12005330286,0,0,33
5998,0,12007332369,12007332322,0,0,47
5999,0,12009334442,12009334416,0,0,25
6000,0,12011337166,12011337133,0,0,33
6001,0,12013338692,12013338687,0,0,5
6002,0,12015340489,12015340515,0,0,-26
6003,0,12017343823,12017343851,0,0,-28
6004,0,12019346617,12019346588,0,0,29
6005,0,12021349435,12021349414,0,0,21
6006,0,12023350662,12023350604,0,0,58
6007,0,12025352672,12025352631,0,0,40
6008,0,12027355312,12027355279,0,0,32
6009,0,12029357971,12029357933,0,0,38
6010,0,12031359081,12031359056,0,0,24
6011,0,12033361051,12033361094,0,0,-42
6012,0,12035363095,12035363075,0,0,20
6013,0,12037364733,12037364692,0,0,40
6014,0,12039367966,12039367928,0,0,38
6015,0,12041369978,12041369943,0,0,34
6016,0,12043372610,12043372584,0,0,25
6017,0,12045374595,12045374566,0,0,29
6018,0,12047377488,12047377472,0,0,15
6019,0,12049379644,12049379635,0,0,8
6020,0,12051381941,12051381910,0,0,30
6021,0,12053382151,12053382115,0,0,35
6022,0,12055384538,12055384548,0,0,-10
6023,0,12057387735,12057387768,0,0,-32
6024,0,12059390051,12059390004,0,0,47
6025,0,12061392623,12061392614,0,0,8
6026,0,12063394296,12063394258,0,0,38
6027,0,12065396649,12065396604,0,0,44
6028,0,12067400402,12067400388,0,0,13
6029,0,12069402000,12069401959,0,0,41
6030,0,12071404058,12071404009,0,0,48
6031,0,12073405857,12073405832,0,0,24
6032,0,12075407918,12075407884,0,0,33
6033,0,12077410173,12077410143,0,0,29
6034,0,12079412907,12079412866,0,0,41
6035,0,12081415292,12081415266,0,0,25
6036,0,12083417939,12083417910,0,0,29
6037,0,12085418938,12085418896,0,0,41
6038,0,12087421474,12087421510,0,0,-35
6039,0,12089423301,12089423342,0,0,-40
6040,0,12091425580,12091425636,0,0,-56
6041,0,12093428390,12093428380,0,0,9
6042,0,12095429892,12095429921,0,0,-29
6043,0,12097431384,12097431370,0,0,14
6044,0,12099434924,12099434958,0,0,-33
6045,0,12101436090,12101436065,0,0,25
6046,0,12103438190,12103438168,0,0,21
6047,0,12105441276,12105441246,0,0,29
6048,0,12107443791,12107443757,0,0,33
6049,0,12109445467,12109445424,0,0,43
6050,0,12111447177,12111447152,0,0,24
6051,0,12113450325,12113450296,0,0,28
6052,0,12115454054,12115454019,0,0,35
6053,0,12117454280,12117454268,0,0,11
6054,0,12119456084,12119456031,0,0,53
6055,0,12121460222,12121460162,0,0,59
6056,0,12123461225,12123461177,0,0,48
6057,0,12125463399,12125463328,0,0,71
6058,0,12127464510,12127464429,0,0,80
6059,0,12129466874,12129466889,0,0,-15
6060,0,12131470393,12131470417,0,0,-24
6061,0,12133472561,12133472552,0,0,9
6062,0,12135474956,12135474947,0,0,8
6063,0,12137477176,12137477134,0,0,41
6064,0,12139479501,12139479529,0,0,-28
6065,0,12141482015,12141482049,0,0,-33
6066,0,12143484278,12143484285,0,0,-6
6067,0,12145485581,12145485530,0,0,51
6068,0,12147488476,12147488449,0,0,26
6069,0,12149490229,12149490192,0,0,36
6070,0,12151492341,12151492326,0,0,14
6071,0,12153494773,12153494746,0,0,26
6072,0,12155497424,12155497386,0,0,37
6073,0,12157499475,12157499430,0,0,44
6074,0,12159501299,12159501271,0,0,27
6075,0,12161503689,12161503660,0,0,28
6076,0,12163505840,12163505804,0,0,35
6077,0,12165507903,12165507905,0,0,-1
6078,0,12167510712,12167510660,0,0,52
6079,0,12169512673,12169512690,0,0,-17
6080,0,12171514616,12171514637,0,0,-20
6081,0,12173517152,12173517147,0,0,5
6082,0,12175519954,12175519907,0,0,47
6083,0,12177523002,12177522952,0,0,49
6084,0,12179526403,12179526364,0,0,39
6085,0,12181526749,12181526700,0,0,49
6086,0,12183528310,12183528242,0,0,67
6087,0,12185530096,12185530067,0,0,29
6088,0,12187532357,12187532322,0,0,34
6089,0,12189534209,12189534182,0,0,27
6090,0,12191536092,12191536036,0,0,56
6091,0,12193538929,12193538904,0,0,24
6092,0,12195541907,12195541921,0,0,-13
6093,0,12197543105,12197543062,0,0,42
6094,0,12199544903,12199544854,0,0,49
6095,0,12201548441,12201548393,0,0,47
6096,0,12203549983,12203549995,0,0,-12
6097,0,12205551463,12205551489,0,0,-26
6098,0,12207554442,12207554412,0,0,29
6099,0,12209556021,12209556026,0,0,-4
6100,0,12211560846,12211560799,0,0,47
6101,0,12213560880,12213560902,0,0,-22
6102,0,12215562870,12215562775,0,0,94
6103,0,12217566808,12217566757,0,0,51
6104,0,12219569543,12219569498,0,0,44
6105,0,12221571677,12221571637,0,0,40
6106,0,12223572489,12223572408,0,0,80
6107,0,12225574624,12225574586,0,0,38
6108,0,12227577483,12227577431,0,0,51
6109,0,12229579370,12229579341,0,0,28
6110,0,12231582155,12231582110,0,0,44
6111,0,12233583517,12233583479,0,0,38
6112,0,12235586456,12235586473,0,0,-16
6113,0,12237588104,12237588146,0,0,-42
6114,0,12239589200,12239589247,0,0,-47
6115,0,12241593317,12241593352,0,0,-34
6116,0,12243596033,12243596005,0,0,27
6117,0,12245596903,12245596865,0,0,38
6118,0,12247599651,12247599617,0,0,33
6119,0,12249601762,12249601751,0,0,11
6120,0,12251603866,12251603841,0,0,24
6121,0,12253605888,12253605871,0,0,16
6122,0,12255608743,12255608716,0,0,26
6123,0,12257610208,12257610200,0,0,8
6124,0,12259612696,12259612671,0,0,24
6125,0,12261614660,12261614682,0,0,-21
6126,0,12263616925,12263616946,0,0,-20
6127,0,12265618792,12265618752,0,0,39
6128,0,12267621417,12267621389,0,0,27
6129,0,12269625184,12269625164,0,0,20
6130,0,12271625548,12271625525,0,0,22
6131,0,12273626561,12273626531,0,0,30
6132,0,12275630184,12275630156,0,0,27
6133,0,12277631376,12277631352,0,0,24
6134,0,12279633928,12279633871,0,0,56
6135,0,12281637373,12281637360,0,0,13
6136,0,12283639292,12283639268,0,0,23
6137,0,12285641564,12285641532,0,0,31
6138,0,12287643660,12287643642,0,0,17
6139,0,12289645669,12289645653,0,0,15
6140,0,12291648112,12291648062,0,0,49
6141,0,12293652351,12293652340,0,0,11
6142,0,12295653903,12295653882,0,0,20
6143,0,12297654552,12297654534,0,0,17
6144,0,12299655923,12299655912,0,0,11
6145,0,12301658886,12301658928,0,0,-42
6146,0,12303661074,12303661093,0,0,-19
6147,0,12305663970,12305664002,0,0,-32
6148,0,12307667790,12307667805,0,0,-15
6149,0,12309668928,12309668932,0,0,-4
6150,0,12311669712,12311669669,0,0,43
6151,0,12313672845,12313672809,0,0,35
6152,0,12315675674,12315675632,0,0,41
6153,0,12317676934,12317676985,0,0,-50
6154,0,12319679540,12319679468,0,0,71
6155,0,12321683087,12321683060,0,0,26
6156,0,12323683874,12323683846,0,0,28
6157,0,12325685083,12325685050,0,0,32
6158,0,12327688455,12327688427,0,0,27
6159,0,12329690457,12329690425,0,0,31
6160,0,12331693364,12331693337,0,0,26
6161,0,12333694874,12333694847,0,0,26
6162,0,12335696840,12335696876,0,0,-35
6163,0,12337698613,12337698601,0,0,11
6164,0,12339701591,12339701572,0,0,19
6165,0,12341704307,12341704284,0,0,23
6166,0,12343705135,12343705078,0,0,56
6167,0,12345708387,12345708417,0,0,-29
6168,0,12347710608,12347710644,0,0,-35
6169,0,12349712663,12349712631,0,0,32
6170,0,12351715446,12351715391,0,0,55
6171,0,12353716888,12353716869,0,0,19
6172,0,12355718352,12355718286,0,0,65
6173,0,12357721268,12357721263,0,0,4
6174,0,12359722808,12359722769,0,0,39
6175,0,12361726106,12361726056,0,0,49
6176,0,12363728981,12363728894,0,0,86
6177,0,12365730665,12365730607,0,0,58
6178,0,12367733192,12367733154,0,0,38
6179,0,12369736338,12369736292,0,0,46
6180,0,12371738281,12371738244,0,0,36
6181,0,12373739191,12373739137,0,0,53
6182,0,12375740760,12375740765,0,0,-4
6183,0,12377743721,12377743701,0,0,20
6184,0,12379746385,12379746376,0,0,8
6185,0,12381747913,12381747879,0,0,33
6186,0,12383750161,12383750133,0,0,28
6187,0,12385752755,12385752713,0,0,42
6188,0,12387754923,12387754904,0,0,18
6189,0,12389756705,12389756670,0,0,35
6190,0,12391758538,12391758490,0,0,47
6191,0,12393761267,12393761229,0,0,38
6192,0,12395763227,12395763209,0,0,17
6193,0,12397766024,12397765988,0,0,35
6194,0,12399768841,12399768812,0,0,29
6195,0,12401770723,12401770685,0,0,38
6196,0,12403772654,12403772628,0,0,26
6197,0,12405775874,12405775841,0,0,32
6198,0,12407777835,12407777796,0,0,39
6199,0,12409779848,12409779811,0,0,37
6200,0,12411782264,12411782230,0,0,33
6201,0,12413784349,12413784314,0,0,35
6202,0,12415786533,12415786503,0,0,29
6203,0,12417788204,12417788168,0,0,35
6204,0,12419791169,12419791161,0,0,8
6205,0,12421794135,12421794154,0,0,-18
6206,0,12423795296,12423795332,0,0,-35
6207,0,12425797561,12425797586,0,0,-24
6208,0,12427799620,12427799647,0,0,-26
6209,0,12429802328,12429802332,0,0,-4
6210,0,12431803942,12431803950,0,0,-8
6211,0,12433806832,12433806873,0,0,-40
6212,0,12435809568,12435809523,0,0,44
6213,0,12437811672,12437811655,0,0,17
6214,0,12439812896,12439812841,0,0,54
6215,0,12441815238,12441815182,0,0,55
6216,0,12443817479,12443817411,0,0,67
6217,0,12445819600,12445819557,0,0,42
6218,0,12447821593,12447821503,0,0,89
6219,0,12449823654,12449823617,0,0,36
6220,0,12451825685,12451825656,0,0,29
6221,0,12453828184,12453828143,0,0,40
6222,0,12455829336,12455829268,0,0,67
6223,0,12457831446,12457831400,0,0,45
6224,0,12459833895,12459833822,0,0,72
6225,0,12461837068,12461837033,0,0,35
6226,0,12463838815,12463838839,0,0,-24
6227,0,12465842398,12465842355,0,0,43
6228,0,12467843901,12467843853,0,0,47
6229,0,12469845959,12469845977,0,0,-17
6230,0,12471847377,12471847367,0,0,9
6231,0,12473851106,12473851125,0,0,-18
6232,0,12475853273,12475853297,0,0,-24
6233,0,12477855338,12477855328,0,0,9
6234,0,12479857799,12479857789,0,0,9
6235,0,12481859297,12481859245,0,0,51
6236,0,12483861550,12483861491,0,0,59
6237,0,12485863694,12485863705,0,0,-11
6238,0,12487865213,12487865225,0,0,-11
6239,0,12489868295,12489868258,0,0,37
6240,0,12491870771,12491870714,0,0,56
6241,0,12493873182,12493873142,0,0,40
6242,0,12495875472,12495875414,0,0,58
6243,0,12497878285,12497878237,0,0,47
6244,0,12499881083,12499881053,0,0,29
6245,0,12501882464,12501882411,0,0,53
6246,0,12503882988,12503882979,0,0,9
6247,0,12505886479,12505886448,0,0,31
6248,0,12507888364,12507888328,0,0,36
6249,0,12509890420,12509890377,0,0,42
6250,0,12511892208,12511892173,0,0,35
6251,0,12513894977,12513894928,0,0,48
6252,0,12515897284,12515897233,0,0,51
6253,0,12517899637,12517899582,0,0,54
6254,0,12519901669,12519901611,0,0,58
6255,0,12521905740,12521905723,0,0,16
6256,0,12523906350,12523906307,0,0,43
6257,0,12525908422,12525908389,0,0,33
6258,0,12527910807,12527910764,0,0,42
6259,0,12529912855,12529912825,0,0,29
6260,0,12531915150,12531915115,0,0,34
6261,0,12533918304,12533918294,0,0,9
6262,0,12535919533,12535919477,0,0,56
6263,0,12537921769,12537921744,0,0,24
6264,0,12539924092,12539924058,0,0,33
6265,0,12541925977,12541925929,0,0,47
6266,0,12543927401,12543927355,0,0,45
6267,0,12545930554,12545930528,0,0,26
6268,0,12547933323,12547933284,0,0,38
6269,0,12549935058,12549935026,0,0,31
6270,0,12551937869,12551937835,0,0,33
6271,0,12553939404,12553939367,0,0,36
6272,0,12555942362,12555942396,0,0,-33
6273,0,12557944283,12557944307,0,0,-24
6274,0,12559946981,12559947031,0,0,-49
6275,0,12561949440,12561949415,0,0,24
6276,0,12563952687,12563952671,0,0,15
6277,0,12565953841,12565953831,0,0,10
6278,0,12567954870,12567954895,0,0,-24
6279,0,12569956163,12569956152,0,0,11
6280,0,12571960113,12571960088,0,0,24
6281,0,12573961789,12573961766,0,0,23
6282,0,12575964210,12575964245,0,0,-35
6283,0,12577966507,12577966496,0,0,11
6284,0,12579968597,12579968559,0,0,37
6285,0,12581970532,12581970572,0,0,-40
6286,0,12583971861,12583971894,0,0,-33
6287,0,12585975110,12585975065,0,0,44
6288,0,12587978208,12587978132,0,0,75
6289,0,12589980285,12589980242,0,0,43
6290,0,12591982171,12591982139,0,0,31
6291,0,12593984622,12593984584,0,0,38
6292,0,12595986419,12595986374,0,0,44
6293,0,12597989720,12597989730,0,0,-10
6294,0,12599991249,12599991264,0,0,-15
6295,0,12601992682,12601992725,0,0,-43
6296,0,12603993898,12603993873,0,0,25
6297,0,12605996259,12605996241,0,0,17
6298,0,12607998536,12607998515,0,0,20
6299,0,12610001238,12610001228,0,0,9
6300,0,12612003141,12612003124,0,0,16
6301,0,12614006222,12614006250,0,0,-27
6302,0,12616008417,12616008382,0,0,35
6303,0,12618010725,12618010678,0,0,46
6304,0,12620012932,12620012948,0,0,-15
6305,0,12622016433,12622016453,0,0,-19
6306,0,12624017479,12624017496,0,0,-16
6307,0,12626020253,12626020229,0,0,24
6308,0,12628022298,12628022261,0,0,37
6309,0,12630024921,12630024894,0,0,26
6310,0,12632025814,12632025768,0,0,46
6311,0,12634028737,12634028707,0,0,29
6312,0,12636031212,12636031157,0,0,55
6313,0,12638033029,12638032982,0,0,46
6314,0,12640035448,12640035407,0,0,40
6315,0,12642037730,12642037700,0,0,29
6316,0,12644039788,12644039762,0,0,26
6317,0,12646042048,12646042077,0,0,-29
6318,0,12648044305,12648044321,0,0,-15
6319,0,12650046325,12650046289,0,0,36
6320,0,12652049166,12652049134,0,0,32
6321,0,12654050955,12654050984,0,0,-29
6322,0,12656053266,12656053274,0,0,-8
6323,0,12658055262,12658055283,0,0,-20
6324,0,12660057309,12660057271,0,0,37
6325,0,12662059946,12662059902,0,0,44
6326,0,12664062160,12664062166,0,0,-6
6327,0,12666064424,12666064370,0,0,53
6328,0,12668066552,12668066536,0,0,16
6329,0,12670068422,12670068362,0,0,60
6330,0,12672070568,12672070528,0,0,39
6331,0,12674073317,12674073287,0,0,29
6332,0,12676076000,12676075952,0,0,47
6333,0,12678077874,12678077828,0,0,46
6334,0,12680079844,12680079793,0,0,51
6335,0,12682081953,12682081905,0,0,47
6336,0,12684084465,12684084420,0,0,44
6337,0,12686086530,12686086481,0,0,49
6338,0,12688089315,12688089289,0,0,26
6339,0,12690091894,12690091858,0,0,35
6340,0,12692094530,12692094480,0,0,49
6341,0,12694096449,12694096402,0,0,47
6342,0,12696097797,12696097787,0,0,9
6343,0,12698099665,12698099709,0,0,-43
6344,0,12700102240,12700102213,0,0,27
6345,0,12702105219,12702105184,0,0,35
6346,0,12704107764,12704107755,0,0,9
6347,0,12706108564,12706108592,0,0,-28
6348,0,12708111671,12708111633,0,0,38
6349,0,12710113519,12710113479,0,0,39
6350,0,12712117274,12712117235,0,0,38
6351,0,12714120263,12714120222,0,0,40
6352,0,12716120013,12716119988,0,0,24
6353,0,12718122345,12718122319,0,0,25
6354,0,12720124217,12720124254,0,0,-36
6355,0,12722127742,12722127773,0,0,-30
6356,0,12724129011,12724129020,0,0,-8
6357,0,12726130816,12726130868,0,0,-51
6358,0,12728134453,12728134462,0,0,-8
6359,0,12730135069,12730135029,0,0,40
6360,0,12732137067,12732137089,0,0,-22
6361,0,12734139892,12734139916,0,0,-24
6362,0,12736142031,12736142047,0,0,-15
6363,0,12738144260,12738144233,0,0,26
6364,0,12740147249,12740147244,0,0,5
6365,0,12742149262,12742149237,0,0,24
6366,0,12744151516,12744151498,0,0,17
6367,0,12746152901,12746152849,0,0,51
6368,0,12748154400,12748154351,0,0,48
6369,0,12750158639,12750158592,0,0,47
6370,0,12752161170,12752161121,0,0,49
6371,0,12754162186,12754162155,0,0,31
6372,0,12756164300,12756164265,0,0,35
6373,0,12758166577,12758166506,0,0,71
6374,0,12760168967,12760169014,0,0,-47
6375,0,12762170818,12762170844,0,0,-25
6376,0,12764173498,12764173488,0,0,9
6377,0,12766175624,12766175613,0,0,11
6378,0,12768178107,12768178121,0,0,-13
6379,0,12770179715,12770179723,0,0,-8
6380,0,12772181454,12772181443,0,0,11
6381,0,12774184045,12774184066,0,0,-20
6382,0,12776185287,12776185298,0,0,-10
6383,0,12778187843,12778187878,0,0,-34
6384,0,12780191171,12780191182,0,0,-10
6385,0,12782193420,12782193366,0,0,53
6386,0,12784195178,12784195130,0,0,48
6387,0,12786196750,12786196725,0,0,24
6388,0,12788200312,12788200262,0,0,49
6389,0,12790202277,12790202251,0,0,26
6390,0,12792205377,12792205324,0,0,53
6391,0,12794206259,12794206298,0,0,-38
6392,0,12796208035,12796207993,0,0,41
6393,0,12798211047,12798211079,0,0,-32
6394,0,12800213602,12800213577,0,0,25
6395,0,12802214973,12802214950,0,0,23
6396,0,12804216728,12804216669,0,0,58
6397,0,12806219694,12806219669,0,0,24
6398,0,12808221224,12808221198,0,0,26
6399,0,12810224044,12810224004,0,0,39
6400,0,12812226105,12812226078,0,0,26
6401,0,12814229312,12814229303,0,0,9
6402,0,12816231277,12816231247,0,0,29
6403,0,12818234391,12818234360,0,0,31
6404,0,12820236920,12820236900,0,0,20
6405,0,12822239152,12822239129,0,0,23
6406,0,12824240570,12824240528,0,0,42
6407,0,12826242426,12826242412,0,0,14
6408,0,12828245502,12828245494,0,0,8
6409,0,12830248482,12830248461,0,0,20
6410,0,12832250168,12832250160,0,0,7
6411,0,12834251431,12834251462,0,0,-31
6412,0,12836252948,12836252982,0,0,-34
6413,0,12838254921,12838254941,0,0,-20
6414,0,12840257479,12840257515,0,0,-35
6415,0,12842258791,12842258769,0,0,21
6416,0,12844262640,12844262607,0,0,33
6417,0,12846264434,12846264424,0,0,9
6418,0,12848266505,12848266556,0,0,-51
6419,0,12850268756,12850268750,0,0,5
6420,0,12852270206,12852270198,0,0,7
6421,0,12854273725,12854273717,0,0,8
6422,0,12856276266,12856276208,0,0,58
6423,0,12858276692,12858276706,0,0,-14
6424,0,12860280828,12860280844,0,0,-16
6425,0,12862284089,12862284104,0,0,-14
6426,0,12864285799,12864285784,0,0,14
6427,0,12866286775,12866286784,0,0,-8
6428,0,12868288704,12868288656,0,0,48
6429,0,12870289834,12870289798,0,0,35
6430,0,12872292480,12872292420,0,0,59
6431,0,12874295204,12874295220,0,0,-15
6432,0,12876297089,12876297062,0,0,26
6433,0,12878300276,12878300309,0,0,-32
6434,0,12880302159,12880302080,0,0,79
6435,0,12882305056,12882305013,0,0,42
6436,0,12884306459,12884306435,0,0,24
6437,0,12886307650,12886307635,0,0,14
6438,0,12888311038,12888310986,0,0,51
6439,0,12890313593,12890313572,0,0,20
6440,0,12892316755,12892316723,0,0,32
6441,0,12894319029,12894319042,0,0,-13
6442,0,12896319945,12896319960,0,0,-15
6443,0,12898321892,12898321909,0,0,-16
6444,0,12900323734,12900323660,0,0,74
6445,0,12902327199,12902327152,0,0,47
6446,0,12904329364,12904329319,0,0,44
6447,0,12906331046,12906331002,0,0,43
6448,0,12908334382,12908334393,0,0,-10
6449,0,12910336621,12910336647,0,0,-26
6450,0,12912338438,12912338450,0,0,-12
6451,0,12914339566,12914339595,0,0,-29
6452,0,12916340948,12916340955,0,0,-7
6453,0,12918343167,12918343177,0,0,-10
6454,0,12920346734,12920346758,0,0,-23
6455,0,12922350409,12922350377,0,0,32
6456,0,12924351539,12924351490,0,0,48
6457,0,12926353168,12926353140,0,0,27
6458,0,12928354465,12928354429,0,0,35
6459,0,12930357691,12930357652,0,0,38
6460,0,12932360148,12932360096,0,0,51
6461,0,12934362360,12934362306,0,0,53
6462,0,12936364729,12936364691,0,0,38
6463,0,12938366865,12938366836,0,0,28
6464,0,12940369871,12940369833,0,0,38
6465,0,12942372193,12942372161,0,0,31
6466,0,12944373602,12944373569,0,0,32
6467,0,12946375374,12946375352,0,0,22
6468,0,12948377069,12948377042,0,0,26
6469,0,12950380014,12950379981,0,0,33
6470,0,12952382745,12952382694,0,0,51
6471,0,12954384406,12954384366,0,0,39
6472,0,12956387477,12956387415,0,0,62
6473,0,12958388966,12958388926,0,0,39
6474,0,12960391451,12960391390,0,0,61
6475,0,12962393274,12962393244,0,0,29
6476,0,12964395404,12964395395,0,0,8
6477,0,12966397149,12966397110,0,0,39
6478,0,12968400166,12968400142,0,0,23
6479,0,12970402185,12970402161,0,0,23
6480,0,12972404930,12972404937,0,0,-7
6481,0,12974407166,12974407152,0,0,13
6482,0,12976409492,12976409461,0,0,31
6483,0,12978411558,12978411545,0,0,13
6484,0,12980413678,12980413632,0,0,46
6485,0,12982415406,12982415396,0,0,9
6486,0,12984418215,12984418161,0,0,54
6487,0,12986420134,12986420087,0,0,46
6488,0,12988423062,12988422986,0,0,76
6489,0,12990424470,12990424456,0,0,14
6490,0,12992426674,12992426638,0,0,36
6491,0,12994429251,12994429220,0,0,31
6492,0,12996431777,12996431727,0,0,49
6493,0,12998433861,12998433834,0,0,26
6494,0,13000435944,13000435914,0,0,29
6495,0,13002437611,13002437578,0,0,32
6496,0,13004439515,13004439498,0,0,16
6497,0,13006443133,13006443092,0,0,40
6498,0,13008444524,13008444496,0,0,27
6499,0,13010447235,13010447188,0,0,47
6500,0,13012449565,13012449547,0,0,17
6501,0,13014451144,13014451126,0,0,17
6502,0,13016454340,13016454302,0,0,38
6503,0,13018457236,13018457193,0,0,42
6504,0,13020458132,13020458116,0,0,15
6505,0,13022461310,13022461260,0,0,49
6506,0,13024461546,13024461514,0,0,31
6507,0,13026464723,13026464749,0,0,-26
6508,0,13028466726,13028466683,0,0,42
6509,0,13030469420,13030469402,0,0,17
6510,0,13032471247,13032471214,0,0,33
6511,0,13034473473,13034473426,0,0,46
6512,0,13036476040,13036475973,0,0,67
6513,0,13038478674,13038478617,0,0,56
6514,0,13040480053,13040480004,0,0,48
6515,0,13042481570,13042481546,0,0,24
6516,0,13044484656,13044484617,0,0,39
6517,0,13046486987,13046486942,0,0,44
6518,0,13048490355,13048490301,0,0,53
6519,0,13050491671,13050491638,0,0,33
6520,0,13052494377,13052494358,0,0,19
6521,0,13054496150,13054496145,0,0,5
6522,0,13056498214,13056498229,0,0,-14
6523,0,13058500287,13058500320,0,0,-33
6524,0,13060502153,13060502186,0,0,-33
6525,0,13062503655,13062503602,0,0,52
6526,0,13064507134,13064507074,0,0,60
6527,0,13066509062,13066509022,0,0,40
6528,0,13068511889,13068511859,0,0,29
6529,0,13070514375,13070514337,0,0,38
6530,0,13072516118,13072516083,0,0,34
6531,0,13074518510,13074518451,0,0,59
6532,0,13076520334,13076520307,0,0,26
6533,0,13078522251,13078522188,0,0,63
6534,0,13080523811,13080523793,0,0,17
6535,0,13082527938,13082527932,0,0,6
6536,0,13084529518,13084529471,0,0,47
6537,0,13086531376,13086531419,0,0,-42
6538,0,13088533332,13088533287,0,0,45
6539,0,13090534547,13090534521,0,0,26
6540,0,13092537781,13092537747,0,0,33
6541,0,13094540417,13094540388,0,0,28
6542,0,13096542688,13096542667,0,0,21
6543,0,13098544867,13098544839,0,0,27
6544,0,13100547448,13100547465,0,0,-17
6545,0,13102548990,13102548961,0,0,28
6546,0,13104551427,13104551400,0,0,27
6547,0,13106554364,13106554400,0,0,-35
6548,0,13108554793,13108554826,0,0,-32
6549,0,13110557944,13110557976,0,0,-31
6550,0,13112560611,13112560648,0,0,-37
6551,0,13114563649,13114563624,0,0,24
6552,0,13116564417,13116564387,0,0,29
6553,0,13118565948,13118565925,0,0,22
6554,0,13120569507,13120569530,0,0,-22
6555,0,13122573015,13122573053,0,0,-38
6556,0,13124573334,13124573371,0,0,-37
6557,0,13126574413,13126574465,0,0,-51
6558,0,13128577533,13128577542,0,0,-8
6559,0,13130580622,13130580631,0,0,-8
6560,0,13132582640,13132582599,0,0,41
6561,0,13134584871,13134584825,0,0,46
6562,0,13136586919,13136586876,0,0,42
6563,0,13138590614,13138590563,0,0,51
6564,0,13140592384,13140592346,0,0,38
6565,0,13142593679,13142593631,0,0,47
6566,0,13144596033,13144595988,0,0,44
6567,0,13146599496,13146599470,0,0,26
6568,0,13148600282,13148600209,0,0,72
6569,0,13150602292,13150602241,0,0,51
6570,0,13152603759,13152603703,0,0,56
6571,0,13154606954,13154606927,0,0,26
6572,0,13156609394,13156609319,0,0,74
6573,0,13158611893,13158611835,0,0,58
6574,0,13160614054,13160614008,0,0,45
6575,0,13162615911,13162615875,0,0,35
6576,0,13164618579,13164618569,0,0,10
6577,0,13166620555,13166620528,0,0,26
6578,0,13168623101,13168623050,0,0,51
6579,0,13170624961,13170624926,0,0,34
6580,0,13172627328,13172627288,0,0,39
6581,0,13174629195,13174629151,0,0,44
6582,0,13176632080,13176632051,0,0,29
6583,0,13178634889,13178634848,0,0,41
6584,0,13180636634,13180636555,0,0,79
6585,0,13182638310,13182638285,0,0,24
6586,0,13184640865,13184640832,0,0,33
6587,0,13186642728,13186642708,0,0,20
6588,0,13188645603,13188645557,0,0,46
6589,0,13190646942,13190646909,0,0,33
6590,0,13192648593,13192648551,0,0,41
6591,0,13194651485,13194651447,0,0,38
6592,0,13196653708,13196653684,0,0,24
6593,0,13198656684,13198656710,0,0,-26
6594,0,13200658829,13200658854,0,0,-24
6595,0,13202661072,13202661112,0,0,-40
6596,0,13204662797,13204662820,0,0,-22
6597,0,13206665065,13206665029,0,0,35
6598,0,13208667167,13208667126,0,0,40
6599,0,13210669678,13210669650,0,0,27
6600,0,13212670556,13212670529,0,0,26
6601,0,13214674053,13214674026,0,0,26
6602,0,13216676269,13216676292,0,0,-23
6603,0,13218678485,13218678458,0,0,26
6604,0,13220680366,13220680328,0,0,38
6605,0,13222684264,13222684228,0,0,35
6606,0,13224685296,13224685254,0,0,41
6607,0,13226687624,13226687596,0,0,27
6608,0,13228690082,13228690091,0,0,-8
6609,0,13230691606,13230691638,0,0,-31
6610,0,13232693743,13232693696,0,0,46
6611,0,13234695919,13234695892,0,0,26
6612,0,13236697400,13236697362,0,0,38
6613,0,13238701049,13238700994,0,0,55
6614,0,13240703314,13240703270,0,0,43
6615,0,13242707074,13242707044,0,0,29
6616,0,13244708465,13244708442,0,0,22
6617,0,13246709814,13246709775,0,0,39
6618,0,13248711467,13248711421,0,0,45
6619,0,13250713943,13250713912,0,0,30
6620,0,13252716395,13252716350,0,0,44
6621,0,13254718119,13254718096,0,0,23
6622,0,13256720823,13256720842,0,0,-18
6623,0,13258722725,13258722752,0,0,-26
6624,0,13260725382,13260725340,0,0,42
6625,0,13262727727,13262727692,0,0,34
6626,0,13264729674,13264729674,0,0,0
6627,0,13266732115,13266732148,0,0,-32
6628,0,13268733779,13268733800,0,0,-20
6629,0,13270736040,13270736076,0,0,-35
6630,0,13272738759,13272738800,0,0,-40
6631,0,13274741690,13274741718,0,0,-27
6632,0,13276743197,13276743155,0,0,42
6633,0,13278745241,13278745280,0,0,-39
6634,0,13280747427,13280747439,0,0,-11
6635,0,13282750042,13282750038,0,0,4
6636,0,13284751772,13284751737,0,0,34
6637,0,13286754277,13286754239,0,0,38
6638,0,13288756051,13288756005,0,0,46
6639,0,13290758424,13290758440,0,0,-15
6640,0,13292760939,13292760892,0,0,47
6641,0,13294762914,13294762887,0,0,27
6642,0,13296765471,13296765450,0,0,21
6643,0,13298767082,13298767038,0,0,43
6644,0,13300769547,13300769511,0,0,35
6645,0,13302771710,13302771656,0,0,53
6646,0,13304774608,13304774551,0,0,56
6647,0,13306777039,13306776993,0,0,45
6648,0,13308778707,13308778675,0,0,31
6649,0,13310780559,13310780515,0,0,44
6650,0,13312782804,13312782783,0,0,20
6651,0,13314784856,13314784802,0,0,53
6652,0,13316787549,13316787502,0,0,47
6653,0,13318789132,13318789064,0,0,67
6654,0,13320791539,13320791570,0,0,-31
6655,0,13322796422,13322796415,0,0,6
6656,0,13324796508,13324796491,0,0,17
6657,0,13326798570,13326798561,0,0,8
6658,0,13328800798,13328800858,0,0,-59
6659,0,13330803678,13330803665,0,0,12
6660,0,13332806173,13332806162,0,0,11
6661,0,13334806747,13334806725,0,0,22
6662,0,13336808891,13336808857,0,0,33
6663,0,13338811386,13338811408,0,0,-22
6664,0,13340813871,13340813882,0,0,-11
6665,0,13342816140,13342816090,0,0,49
6666,0,13344818512,13344818437,0,0,74
6667,0,13346820518,13346820478,0,0,39
6668,0,13348822843,13348822792,0,0,51
6669,0,13350825088,13350825099,0,0,-11
6670,0,13352826806,13352826785,0,0,21
6671,0,13354828276,13354828321,0,0,-44
6672,0,13356831516,13356831545,0,0,-29
6673,0,13358833162,13358833143,0,0,19
6674,0,13360837188,13360837180,0,0,8
6675,0,13362839280,13362839271,0,0,8
6676,0,13364840620,13364840598,0,0,22
6677,0,13366843127,13366843087,0,0,39
6678,0,13368845330,13368845302,0,0,27
6679,0,13370847004,13370846977,0,0,26
6680,0,13372849995,13372849959,0,0,35
6681,0,13374851562,13374851533,0,0,29
6682,0,13376853219,13376853201,0,0,17
6683,0,13378856563,13378856526,0,0,36
6684,0,13380858728,13380858680,0,0,47
6685,0,13382860429,13382860470,0,0,-40
6686,0,13384861811,13384861824,0,0,-13
6687,0,13386865006,13386865018,0,0,-11
6688,0,13388867383,13388867420,0,0,-36
6689,0,13390869341,13390869274,0,0,66
6690,0,13392870821,13392870751,0,0,69
6691,0,13394874124,13394874067,0,0,56
6692,0,13396876950,13396876908,0,0,42
6693,0,13398878415,13398878395,0,0,20
6694,0,13400880656,13400880662,0,0,-5
6695,0,13402882984,13402883006,0,0,-21
6696,0,13404886643,13404886674,0,0,-30
6697,0,13406887471,13406887443,0,0,27
6698,0,13408889357,13408889265,0,0,92
6699,0,13410890988,13410890957,0,0,31
6700,0,13412894115,13412894076,0,0,38
6701,0,13414896044,13414896011,0,0,33
6702,0,13416898582,13416898619,0,0,-36
6703,0,13418900615,13418900653,0,0,-37
6704,0,13420902698,13420902703,0,0,-5
6705,0,13422905497,13422905486,0,0,11
6706,0,13424908042,13424907999,0,0,43
6707,0,13426909414,13426909384,0,0,29
6708,0,13428911827,13428911799,0,0,28
6709,0,13430913530,13430913494,0,0,35
6710,0,13432915473,13432915424,0,0,48
6711,0,13434919242,13434919208,0,0,33
6712,0,13436922972,13436922962,0,0,9
6713,0,13438922739,13438922679,0,0,60
6714,0,13440924000,13440923953,0,0,47
6715,0,13442926314,13442926339,0,0,-24
6716,0,13444930112,13444930146,0,0,-33
6717,0,13446931710,13446931739,0,0,-28
6718,0,13448933044,13448933056,0,0,-12
6719,0,13450936620,13450936578,0,0,42
6720,0,13452938409,13452938381,0,0,28
6721,0,13454940302,13454940278,0,0,23
6722,0,13456941795,13456941820,0,0,-24
6723,0,13458945762,13458945736,0,0,26
6724,0,13460947573,13460947523,0,0,49
6725,0,13462949720,13462949678,0,0,42
6726,0,13464951568,13464951532,0,0,35
6727,0,13466953236,13466953188,0,0,48
6728,0,13468957857,13468957817,0,0,40
6729,0,13470958736,13470958708,0,0,27
6730,0,13472961555,13472961565,0,0,-9
6731,0,13474962952,13474962985,0,0,-32
6732,0,13476965330,13476965299,0,0,31
6733,0,13478967133,13478967115,0,0,17
6734,0,13480968713,13480968674,0,0,39
6735,0,13482971773,13482971757,0,0,15
6736,0,13484974426,13484974411,0,0,15
6737,0,13486976112,13486976075,0,0,36
6738,0,13488977476,13488977502,0,0,-26
6739,0,13490980818,13490980798,0,0,20
6740,0,13492983067,13492983022,0,0,44
6741,0,13494985042,13494985000,0,0,42
6742,0,13496986459,13496986484,0,0,-24
6743,0,13498989695,13498989717,0,0,-22
6744,0,13500992997,13500992943,0,0,53
6745,0,13502994387,13502994351,0,0,35
6746,0,13504996096,13504996073,0,0,23
6747,0,13506997349,13506997298,0,0,51
6748,0,13509000332,13509000306,0,0,26
6749,0,13511004078,13511004024,0,0,53
6750,0,13513006406,13513006442,0,0,-35
6751,0,13515007330,13515007306,0,0,23
6752,0,13517009915,13517009877,0,0,38
6753,0,13519011561,13519011555,0,0,6
6754,0,13521013006,13521012951,0,0,54
6755,0,13523018252,13523018226,0,0,26
6756,0,13525018464,13525018438,0,0,26
6757,0,13527020820,13527020796,0,0,23
6758,0,13529023000,13529022988,0,0,11
6759,0,13531025716,13531025694,0,0,21
6760,0,13533028281,13533028226,0,0,55
6761,0,13535028779,13535028719,0,0,60
6762,0,13537032679,13537032658,0,0,20
6763,0,13539034502,13539034474,0,0,27
6764,0,13541036548,13541036521,0,0,27
6765,0,13543038658,13543038713,0,0,-55
6766,0,13545040716,13545040774,0,0,-58
6767,0,13547043621,13547043652,0,0,-31
6768,0,13549046362,13549046396,0,0,-33
6769,0,13551048991,13551048966,0,0,24
6770,0,13553049946,13553049923,0,0,22
6771,0,13555052284,13555052244,0,0,39
6772,0,13557054346,13557054314,0,0,31
6773,0,13559056305,13559056256,0,0,49
6774,0,13561057552,13561057532,0,0,19
6775,0,13563060956,13563060924,0,0,31
6776,0,13565064166,13565064208,0,0,-42
6777,0,13567065007,13567065051,0,0,-43
6778,0,13569066391,13569066426,0,0,-35
6779,0,13571069536,13571069570,0,0,-33
6780,0,13573071889,13573071951,0,0,-62
6781,0,13575075409,13575075450,0,0,-40
6782,0,13577077689,13577077667,0,0,21
6783,0,13579078588,13579078560,0,0,28
6784,0,13581080719,13581080694,0,0,24
6785,0,13583082913,13583082880,0,0,33
6786,0,13585084383,13585084356,0,0,26
6787,0,13587088057,13587088026,0,0,31
6788,0,13589090552,13589090492,0,0,60
6789,0,13591091784,13591091760,0,0,24
6790,0,13593093350,13593093341,0,0,9
6791,0,13595096578,13595096559,0,0,18
6792,0,13597099235,13597099184,0,0,51
6793,0,13599099788,13599099763,0,0,24
6794,0,13601103092,13601103047,0,0,44
6795,0,13603105316,13603105292,0,0,24
6796,0,13605107710,13605107671,0,0,39
6797,0,13607109582,13607109540,0,0,42
6798,0,13609111346,13609111311,0,0,35
6799,0,13611114259,13611114228,0,0,31
6800,0,13613116818,13613116779,0,0,39
6801,0,13615118738,13615118690,0,0,47
6802,0,13617121123,13617121085,0,0,38
6803,0,13619123020,13619122984,0,0,35
6804,0,13621124424,13621124373,0,0,51
6805,0,13623129262,13623129229,0,0,33
6806,0,13625130304,13625130285,0,0,19
6807,0,13627132664,13627132628,0,0,35
6808,0,13629135033,13629134978,0,0,54
6809,0,13631135130,13631135117,0,0,13
6810,0,13633138060,13633138019,0,0,40
6811,0,13635141223,13635141280,0,0,-56
6812,0,13637143350,13637143377,0,0,-27
6813,0,13639145161,13639145198,0,0,-36
6814,0,13641146554,13641146503,0,0,51
6815,0,13643150215,13643150175,0,0,40
6816,0,13645151971,13645151943,0,0,28
6817,0,13647154028,13647153984,0,0,44
6818,0,13649155723,13649155657,0,0,66
6819,0,13651159539,13651159492,0,0,46
6820,0,13653161181,13653161156,0,0,24
6821,0,13655163742,13655163712,0,0,29
6822,0,13657165707,13657165687,0,0,20
6823,0,13659167935,13659167914,0,0,21
6824,0,13661170755,13661170700,0,0,54
6825,0,13663172394,13663172366,0,0,28
6826,0,13665174566,13665174512,0,0,53
6827,0,13667176868,13667176835,0,0,32
6828,0,13669178630,13669178593,0,0,36
6829,0,13671180582,13671180547,0,0,35
6830,0,13673182043,13673182023,0,0,20
6831,0,13675184063,13675184008,0,0,55
6832,0,13677186846,13677186788,0,0,57
6833,0,13679190316,13679190288,0,0,28
6834,0,13681192375,13681192321,0,0,53
6835,0,13683194596,13683194558,0,0,38
6836,0,13685196726,13685196694,0,0,31
6837,0,13687198529,13687198505,0,0,24
6838,0,13689199964,13689199904,0,0,60
6839,0,13691203622,13691203573,0,0,48
6840,0,13693206456,13693206379,0,0,76
6841,0,13695207364,13695207286,0,0,77
6842,0,13697209180,13697209193,0,0,-12
6843,0,13699212448,13699212388,0,0,59
6844,0,13701215580,13701215499,0,0,80
6845,0,13703217959,13703217888,0,0,70
6846,0,13705218952,13705218901,0,0,51
6847,0,13707220753,13707220770,0,0,-16
6848,0,13709222437,13709222452,0,0,-15
6849,0,13711225444,13711225386,0,0,58
6850,0,13713228446,13713228461,0,0,-15
6851,0,13715229977,13715230000,0,0,-22
6852,0,13717232557,13717232543,0,0,13
6853,0,13719234548,13719234502,0,0,46
6854,0,13721237110,13721237062,0,0,48
6855,0,13723240229,13723240184,0,0,44
6856,0,13725240937,13725240892,0,0,44
6857,0,13727244071,13727244081,0,0,-9
6858,0,13729244619,13729244632,0,0,-13
6859,0,13731247586,13731247538,0,0,47
6860,0,13733250350,13733250336,0,0,14
6861,0,13735251874,13735251896,0,0,-22
6862,0,13737253202,13737253143,0,0,58
6863,0,13739255875,13739255829,0,0,45
6864,0,13741258844,13741258836,0,0,7
6865,0,13743261586,13743261546,0,0,40
6866,0,13745263053,13745262997,0,0,56
6867,0,13747264247,13747264226,0,0,20
6868,0,13749266410,13749266390,0,0,20
6869,0,13751268691,13751268716,0,0,-25
6870,0,13753271099,13753271078,0,0,21
6871,0,13755274074,13755274048,0,0,26
6872,0,13757275725,13757275682,0,0,42
6873,0,13759279619,13759279570,0,0,49
6874,0,13761279845,13761279804,0,0,40
6875,0,13763282094,13763282054,0,0,39
6876,0,13765284378,13765284304,0,0,74
6877,0,13767286546,13767286514,0,0,32
6878,0,13769288982,13769288942,0,0,39
6879,0,13771292149,13771292121,0,0,28
6880,0,13773294532,13773294490,0,0,41
6881,0,13775296546,13775296489,0,0,57
6882,0,13777298400,13777298323,0,0,76
6883,0,13779302059,13779302027,0,0,31
6884,0,13781304546,13781304526,0,0,19
6885,0,13783304950,13783304925,0,0,24
6886,0,13785306907,13785306872,0,0,35
6887,0,13787310001,13787309975,0,0,26
6888,0,13789312179,13789312153,0,0,25
6889,0,13791315155,13791315146,0,0,9
6890,0,13793315367,13793315373,0,0,-6
6891,0,13795317696,13795317673,0,0,23
6892,0,13797320265,13797320198,0,0,67
6893,0,13799323137,13799323119,0,0,17
6894,0,13801324413,13801324366,0,0,47
6895,0,13803326930,13803326891,0,0,38
6896,0,13805330501,13805330493,0,0,7
6897,0,13807332296,13807332274,0,0,22
6898,0,13809335130,13809335074,0,0,56
6899,0,13811336354,13811336316,0,0,38
6900,0,13813338071,13813338049,0,0,22
6901,0,13815341541,13815341500,0,0,41
6902,0,13817343608,13817343587,0,0,21
6903,0,13819345542,13819345514,0,0,28
6904,0,13821347973,13821347955,0,0,17
6905,0,13823352447,13823352404,0,0,43
6906,0,13825351713,13825351692,0,0,21
6907,0,13827354939,13827354899,0,0,39
6908,0,13829357556,13829357496,0,0,59
6909,0,13831358653,13831358637,0,0,15
6910,0,13833360626,13833360586,0,0,40
6911,0,13835363268,13835363259,0,0,8
6912,0,13837366183,13837366177,0,0,5
6913,0,13839368172,13839368137,0,0,34
6914,0,13841370438,13841370422,0,0,16
6915,0,13843372992,13843372984,0,0,8
6916,0,13845374722,13845374761,0,0,-38
6917,0,13847376641,13847376669,0,0,-28
6918,0,13849378885,13849378937,0,0,-51
6919,0,13851381150,13851381188,0,0,-38
6920,0,13853384104,13853384172,0,0,-67
6921,0,13855386611,13855386588,0,0,23
6922,0,13857387782,13857387754,0,0,28
6923,0,13859390272,13859390238,0,0,34
6924,0,13861393137,13861393076,0,0,60
6925,0,13863394696,13863394676,0,0,20
6926,0,13865396901,13865396851,0,0,49
6927,0,13867399070,13867399064,0,0,6
6928,0,13869402836,13869402848,0,0,-11
6929,0,13871404476,13871404526,0,0,-49
6930,0,13873406072,13873406095,0,0,-22
6931,0,13875407723,13875407768,0,0,-45
6932,0,13877410406,13877410448,0,0,-42
6933,0,13879411947,13879411979,0,0,-32
6934,0,13881413786,13881413752,0,0,33
6935,0,13883416755,13883416739,0,0,15
6936,0,13885418958,13885418948,0,0,10
6937,0,13887420853,13887420838,0,0,15
6938,0,13889423051,13889423027,0,0,24
6939,0,13891426114,13891426094,0,0,19
6940,0,13893428105,13893428054,0,0,51
6941,0,13895429936,13895429967,0,0,-31
6942,0,13897431573,13897431519,0,0,53
6943,0,13899434440,13899434471,0,0,-31
6944,0,13901436661,13901436633,0,0,27
6945,0,13903439009,13903439025,0,0,-15
6946,0,13905441743,13905441755,0,0,-11
6947,0,13907443336,13907443303,0,0,33
6948,0,13909445208,13909445184,0,0,24
6949,0,13911447844,13911447829,0,0,14
6950,0,13913450375,13913450327,0,0,48
6951,0,13915452324,13915452295,0,0,29
6952,0,13917454903,13917454892,0,0,10
6953,0,13919458549,13919458521,0,0,27
6954,0,13921459525,13921459462,0,0,63
6955,0,13923463006,13923462979,0,0,26
6956,0,13925463977,13925463910,0,0,67
6957,0,13927465570,13927465532,0,0,38
6958,0,13929467462,13929467479,0,0,-17
6959,0,13931470229,13931470241,0,0,-12
6960,0,13933473055,13933472979,0,0,76
6961,0,13935474404,13935474352,0,0,52
6962,0,13937475732,13937475673,0,0,59
6963,0,13939478150,13939478091,0,0,59
6964,0,13941481400,13941481325,0,0,74
6965,0,13943483260,13943483203,0,0,56
6966,0,13945485083,13945485031,0,0,51
6967,0,13947488067,13947488041,0,0,25
6968,0,13949489902,13949489927,0,0,-24
6969,0,13951492039,13951492015,0,0,24
6970,0,13953493862,13953493817,0,0,45
6971,0,13955496712,13955496683,0,0,28
6972,0,13957498879,13957498846,0,0,33
6973,0,13959500384,13959500417,0,0,-32
6974,0,13961504152,13961504092,0,0,60
6975,0,13963505566,13963505504,0,0,61
6976,0,13965507517,13965507459,0,0,58
6977,0,13967511046,13967511003,0,0,42
6978,0,13969513210,13969513161,0,0,48
6979,0,13971515325,13971515274,0,0,51
6980,0,13973516937,13973516854,0,0,83
6981,0,13975519435,13975519395,0,0,40
6982,0,13977521721,13977521670,0,0,51
6983,0,13979523404,13979523358,0,0,45
6984,0,13981525148,13981525111,0,0,37
6985,0,13983528881,13983528851,0,0,29
6986,0,13985529608,13985529559,0,0,49
6987,0,13987532547,13987532568,0,0,-20
6988,0,13989535137,13989535129,0,0,8
6989,0,13991536954,13991536948,0,0,6
6990,0,13993539581,13993539596,0,0,-15
6991,0,13995541083,13995541108,0,0,-25
6992,0,13997542792,13997542737,0,0,54
6993,0,13999545674,13999545660,0,0,13
6994,0,14001546654,14001546606,0,0,47
6995,0,14003549087,14003549071,0,0,15
6996,0,14005553157,14005553109,0,0,48
6997,0,14007554683,14007554635,0,0,47
6998,0,14009557067,14009557042,0,0,24
6999,0,14011558656,14011558617,0,0,38
7000,0,14013560177,14013560130,0,0,47
7001,0,14015563546,14015563518,0,0,27
7002,0,14017565788,14017565732,0,0,56
7003,0,14019568432,14019568393,0,0,39
7004,0,14021571134,14021571086,0,0,48
7005,0,14023573842,14023573782,0,0,59
7006,0,14025574721,14025574689,0,0,32
7007,0,14027576889,14027576863,0,0,26
7008,0,14029578357,14029578314,0,0,42
7009,0,14031581386,14031581352,0,0,33
7010,0,14033583881,14033583817,0,0,64
7011,0,14035586408,14035586385,0,0,23
7012,0,14037588163,14037588182,0,0,-18
7013,0,14039590738,14039590708,0,0,29
7014,0,14041593081,14041593063,0,0,17
7015,0,14043595157,14043595128,0,0,29
7016,0,14045597049,14045597024,0,0,24
7017,0,14047599270,14047599229,0,0,41
7018,0,14049601320,14049601269,0,0,50
7019,0,14051602677,14051602659,0,0,17
7020,0,14053605622,14053605566,0,0,56
7021,0,14055606645,14055606626,0,0,19
7022,0,14057609070,14057609062,0,0,7
7023,0,14059612061,14059612086,0,0,-24
7024,0,14061615017,14061615044,0,0,-26
7025,0,14063617027,14063617054,0,0,-26
7026,0,14065619440,14065619447,0,0,-7
7027,0,14067621569,14067621608,0,0,-39
7028,0,14069623764,14069623748,0,0,15
7029,0,14071626344,14071626330,0,0,13
7030,0,14073628313,14073628289,0,0,23
7031,0,14075630413,14075630390,0,0,22
7032,0,14077632825,14077632766,0,0,58
7033,0,14079634725,14079634685,0,0,39
7034,0,14081637325,14081637310,0,0,15
7035,0,14083639714,14083639696,0,0,17
7036,0,14085641323,14085641359,0,0,-35
7037,0,14087642392,14087642422,0,0,-30
7038,0,14089644742,14089644716,0,0,25
7039,0,14091647092,14091647061,0,0,31
7040,0,14093650258,14093650235,0,0,23
7041,0,14095652573,14095652543,0,0,29
7042,0,14097655098,14097655065,0,0,33
7043,0,14099657700,14099657674,0,0,25
7044,0,14101659617,14101659582,0,0,34
7045,0,14103661359,14103661352,0,0,6
7046,0,14105663977,14105663942,0,0,34
7047,0,14107666234,14107666201,0,0,33
7048,0,14109668375,14109668346,0,0,29
7049,0,14111670815,14111670806,0,0,8
7050,0,14113672786,14113672742,0,0,44
7051,0,14115674841,14115674869,0,0,-28
7052,0,14117677730,14117677740,0,0,-9
7053,0,14119679161,14119679191,0,0,-29
7054,0,14121681701,14121681746,0,0,-44
7055,0,14123685093,14123685069,0,0,24
7056,0,14125685865,14125685847,0,0,17
7057,0,14127688301,14127688273,0,0,28
7058,0,14129690326,14129690299,0,0,26
7059,0,14131692913,14131692874,0,0,39
7060,0,14133694895,14133694917,0,0,-22
7061,0,14135697056,14135697031,0,0,24
7062,0,14137699732,14137699715,0,0,16
7063,0,14139702391,14139702366,0,0,24
7064,0,14141705003,14141704973,0,0,30
7065,0,14143705714,14143705704,0,0,9
7066,0,14145708431,14145708487,0,0,-55
7067,0,14147710284,14147710326,0,0,-42
7068,0,14149713580,14149713624,0,0,-44
7069,0,14151715871,14151715896,0,0,-24
7070,0,14153717024,14153717058,0,0,-33
7071,0,14155719402,14155719357,0,0,44
7072,0,14157721725,14157721695,0,0,29
7073,0,14159723905,14159723885,0,0,19
7074,0,14161726323,14161726264,0,0,58
7075,0,14163729058,14163729010,0,0,47
7076,0,14165730516,14165730462,0,0,53
7077,0,14167733322,14167733288,0,0,33
7078,0,14169735289,14169735242,0,0,46
7079,0,14171737752,14171737682,0,0,69
7080,0,14173739541,14173739482,0,0,59
7081,0,14175741644,14175741596,0,0,47
7082,0,14177744679,14177744640,0,0,39
7083,0,14179746460,14179746404,0,0,56
7084,0,14181748476,14181748379,0,0,96
7085,0,14183754995,14183754931,0,0,63
7086,0,14185754106,14185754071,0,0,35
7087,0,14187755164,14187755192,0,0,-27
7088,0,14189758290,14189758242,0,0,48
7089,0,14191760227,14191760241,0,0,-13
7090,0,14193760842,14193760874,0,0,-32
7091,0,14195764219,14195764232,0,0,-13
7092,0,14197766451,14197766424,0,0,26
7093,0,14199768920,14199768869,0,0,51
7094,0,14201770469,14201770420,0,0,48
7095,0,14203772430,14203772394,0,0,35
7096,0,14205774084,14205774036,0,0,47
7097,0,14207777351,14207777364,0,0,-13
7098,0,14209780330,14209780294,0,0,36
7099,0,14211781720,14211781693,0,0,26
7100,0,14213784019,14213783957,0,0,62
7101,0,14215785876,14215785842,0,0,33
7102,0,14217787442,14217787393,0,0,49
7103,0,14219790948,14219790896,0,0,51
7104,0,14221793162,14221793117,0,0,44
7105,0,14223796574,14223796599,0,0,-25
7106,0,14225797730,14225797741,0,0,-11
7107,0,14227799584,14227799606,0,0,-22
7108,0,14229801568,14229801597,0,0,-29
7109,0,14231803692,14231803683,0,0,8
7110,0,14233806288,14233806309,0,0,-20
7111,0,14235809682,14235809700,0,0,-17
7112,0,14237810802,14237810833,0,0,-30
7113,0,14239812727,14239812742,0,0,-15
7114,0,14241815238,14241815226,0,0,12
7115,0,14243817679,14243817707,0,0,-28
7116,0,14245819512,14245819537,0,0,-24
7117,0,14247821294,14247821339,0,0,-44
7118,0,14249822784,14249822741,0,0,43
7119,0,14251826004,14251826017,0,0,-13
7120,0,14253828925,14253828855,0,0,69
7121,0,14255831523,14255831481,0,0,42
7122,0,14257833819,14257833769,0,0,49
7123,0,14259834665,14259834624,0,0,40
7124,0,14261836479,14261836384,0,0,94
7125,0,14263839205,14263839215,0,0,-10
7126,0,14265841110,14265841053,0,0,56
7127,0,14267843550,14267843513,0,0,36
7128,0,14269845343,14269845289,0,0,53
7129,0,14271848977,14271848933,0,0,43
7130,0,14273852038,14273851977,0,0,60
7131,0,14275852925,14275852880,0,0,45
7132,0,14277855138,14277855132,0,0,6
7133,0,14279857222,14279857155,0,0,66
7134,0,14281858386,14281858349,0,0,37
7135,0,14283861941,14283861917,0,0,23
7136,0,14285864104,14285864081,0,0,22
7137,0,14287866565,14287866534,0,0,31
7138,0,14289868489,14289868451,0,0,38
7139,0,14291871731,14291871687,0,0,43
7140,0,14293873966,14293874046,0,0,-79
7141,0,14295875105,14295875073,0,0,32
7142,0,14297877336,14297877301,0,0,35
7143,0,14299879490,14299879470,0,0,20
7144,0,14301881959,14301881931,0,0,27
7145,0,14303884404,14303884370,0,0,33
7146,0,14305887359,14305887317,0,0,41
7147,0,14307888240,14307888214,0,0,26
7148,0,14309890138,14309890074,0,0,64
7149,0,14311893180,14311893152,0,0,27
7150,0,14313895095,14313895065,0,0,29
7151,0,14315897448,14315897470,0,0,-22
7152,0,14317899323,14317899287,0,0,35
7153,0,14319900651,14319900622,0,0,28
7154,0,14321903077,14321903114,0,0,-37
7155,0,14323907732,14323907755,0,0,-23
7156,0,14325908786,14325908766,0,0,20
7157,0,14327910892,14327910866,0,0,26
7158,0,14329912825,14329912793,0,0,31
7159,0,14331915324,14331915309,0,0,15
7160,0,14333917922,14333917884,0,0,38
7161,0,14335919732,14335919701,0,0,31
7162,0,14337922468,14337922438,0,0,29
7163,0,14339923476,14339923449,0,0,27
7164,0,14341926269,14341926224,0,0,44
7165,0,14343928408,14343928379,0,0,29
7166,0,14345930697,14345930683,0,0,14
7167,0,14347933415,14347933441,0,0,-25
7168,0,14349935355,14349935342,0,0,13
7169,0,14351937624,14351937673,0,0,-48
7170,0,14353939504,14353939488,0,0,15
7171,0,14355942148,14355942130,0,0,17
7172,0,14357944215,14357944184,0,0,31
7173,0,14359946130,14359946164,0,0,-33
7174,0,14361948846,14361948890,0,0,-44
7175,0,14363950217,14363950234,0,0,-16
7176,0,14365952279,14365952292,0,0,-12
7177,0,14367955541,14367955521,0,0,20
7178,0,14369958952,14369958898,0,0,53
7179,0,14371959544,14371959499,0,0,44
7180,0,14373962424,14373962356,0,0,67
7181,0,14375964128,14375964108,0,0,19
7182,0,14377966146,14377966132,0,0,14
7183,0,14379968842,14379968885,0,0,-42
7184,0,14381970717,14381970699,0,0,17
7185,0,14383973906,14383973875,0,0,31
7186,0,14385977094,14385977046,0,0,47
7187,0,14387978285,14387978303,0,0,-17
7188,0,14389979992,14389979955,0,0,36
7189,0,14391982141,14391982131,0,0,9
7190,0,14393984114,14393984091,0,0,23
7191,0,14395986489,14395986459,0,0,29
7192,0,14397988548,14397988514,0,0,33
7193,0,14399989733,14399989712,0,0,21
7194,0,14401993402,14401993377,0,0,24
7195,0,14403995123,14403995088,0,0,35
7196,0,14405997685,14405997709,0,0,-24
7197,0,14407999814,14407999793,0,0,20
7198,0,14410001685,14410001609,0,0,75
7199,0,14412003238,14412003161,0,0,76
7200,0,14414006415,14414006347,0,0,67
7201,0,14416009123,14416009067,0,0,55
7202,0,14418010918,14418010864,0,0,53
7203,0,14420013932,14420013871,0,0,61
7204,0,14422016698,14422016719,0,0,-20
7205,0,14424019663,14424019595,0,0,67
7206,0,14426020850,14426020802,0,0,47
7207,0,14428021846,14428021808,0,0,38
7208,0,14430024341,14430024316,0,0,24
7209,0,14432026321,14432026286,0,0,34
7210,0,14434029058,14434029097,0,0,-38
7211,0,14436031625,14436031634,0,0,-8
7212,0,14438033411,14438033387,0,0,24
7213,0,14440035793,14440035833,0,0,-40
7214,0,14442038007,14442038056,0,0,-49
7215,0,14444040131,14444040160,0,0,-29
7216,0,14446042319,14446042268,0,0,51
7217,0,14448043807,14448043782,0,0,25
7218,0,14450045399,14450045371,0,0,27
7219,0,14452048604,14452048568,0,0,35
7220,0,14454050921,14454050883,0,0,38
7221,0,14456052991,14456052945,0,0,46
7222,0,14458055745,14458055720,0,0,24
7223,0,14460057787,14460057809,0,0,-22
7224,0,14462060523,14462060534,0,0,-10
7225,0,14464061726,14464061676,0,0,49
7226,0,14466063701,14466063635,0,0,65
7227,0,14468067653,14468067609,0,0,43
7228,0,14470068940,14470068890,0,0,49
7229,0,14472070752,14472070709,0,0,43
7230,0,14474072013,14474071983,0,0,30
7231,0,14476075151,14476075123,0,0,27
7232,0,14478076147,14478076137,0,0,9
7233,0,14480078355,14480078370,0,0,-14
7234,0,14482080765,14482080796,0,0,-31
7235,0,14484083843,14484083869,0,0,-26
7236,0,14486086417,14486086390,0,0,26
7237,0,14488088476,14488088437,0,0,39
7238,0,14490089926,14490089900,0,0,26
7239,0,14492093069,14492093032,0,0,37
7240,0,14494095033,14494094966,0,0,67
7241,0,14496096685,14496096644,0,0,40
7242,0,14498099858,14498099879,0,0,-20
7243,0,14500102538,14500102488,0,0,49
7244,0,14502104503,14502104431,0,0,71
7245,0,14504106234,14504106204,0,0,29
7246,0,14506107886,14506107897,0,0,-11
7247,0,14508111246,14508111268,0,0,-22
7248,0,14510113878,14510113904,0,0,-25
7249,0,14512115323,14512115346,0,0,-22
7250,0,14514117276,14514117295,0,0,-18
7251,0,14516118977,14516118991,0,0,-13
7252,0,14518122200,14518122185,0,0,14
7253,0,14520123853,14520123865,0,0,-11
7254,0,14522125197,14522125203,0,0,-6
7255,0,14524128789,14524128804,0,0,-15
7256,0,14526131304,14526131316,0,0,-12
7257,0,14528132986,14528133002,0,0,-15
7258,0,14530134633,14530134581,0,0,51
7259,0,14532138662,14532138611,0,0,51
7260,0,14534140344,14534140283,0,0,60
7261,0,14536142048,14536142013,0,0,35
7262,0,14538144987,14538144970,0,0,17
7263,0,14540146810,14540146835,0,0,-25
7264,0,14542149518,14542149510,0,0,8
7265,0,14544150865,14544150819,0,0,45
7266,0,14546153459,14546153391,0,0,68
7267,0,14548155158,14548155103,0,0,54
7268,0,14550157582,14550157518,0,0,63
7269,0,14552161058,14552161031,0,0,27
7270,0,14554162483,14554162445,0,0,38
7271,0,14556164176,14556164141,0,0,34
7272,0,14558166599,14558166559,0,0,39
7273,0,14560168845,14560168797,0,0,48
7274,0,14562171615,14562171636,0,0,-20
7275,0,14564174444,14564174466,0,0,-22
7276,0,14566175741,14566175672,0,0,69
7277,0,14568177849,14568177871,0,0,-22
7278,0,14570180006,14570179968,0,0,38
7279,0,14572182237,14572182221,0,0,15
7280,0,14574184866,14574184885,0,0,-19
7281,0,14576187602,14576187581,0,0,21
7282,0,14578190495,14578190458,0,0,37
7283,0,14580190853,14580190813,0,0,39
7284,0,14582193360,14582193334,0,0,26
7285,0,14584195739,14584195771,0,0,-31
7286,0,14586197941,14586197966,0,0,-25
7287,0,14588199894,14588199934,0,0,-40
7288,0,14590202017,14590201986,0,0,31
7289,0,14592204643,14592204628,0,0,15
7290,0,14594207325,14594207291,0,0,34
7291,0,14596209664,14596209618,0,0,45
7292,0,14598212218,14598212169,0,0,49
7293,0,14600213961,14600213914,0,0,47
7294,0,14602215109,14602215080,0,0,28
7295,0,14604217384,14604217361,0,0,22
7296,0,14606218707,14606218688,0,0,19
7297,0,14608221020,14608220985,0,0,35
7298,0,14610223582,14610223568,0,0,13
7299,0,14612227191,14612227171,0,0,19
7300,0,14614229330,14614229292,0,0,38
7301,0,14616231321,14616231356,0,0,-34
7302,0,14618233350,14618233393,0,0,-42
7303,0,14620235489,14620235474,0,0,15
7304,0,14622237923,14622237946,0,0,-22
7305,0,14624241664,14624241678,0,0,-13
7306,0,14626243141,14626243117,0,0,24
7307,0,14628245351,14628245343,0,0,7
7308,0,14630247269,14630247240,0,0,29
7309,0,14632248937,14632248968,0,0,-30
7310,0,14634251115,14634251120,0,0,-4
7311,0,14636253238,14636253190,0,0,47
7312,0,14638255660,14638255598,0,0,61
7313,0,14640257934,14640257903,0,0,31
7314,0,14642260701,14642260649,0,0,51
7315,0,14644262202,14644262164,0,0,38
7316,0,14646264896,14646264860,0,0,36
7317,0,14648266683,14648266639,0,0,44
7318,0,14650269441,14650269483,0,0,-42
7319,0,14652271285,14652271328,0,0,-43
7320,0,14654273950,14654273934,0,0,15
7321,0,14656275407,14656275387,0,0,20
7322,0,14658278206,14658278187,0,0,18
7323,0,14660281200,14660281191,0,0,9
7324,0,14662282369,14662282393,0,0,-23
7325,0,14664284559,14664284617,0,0,-57
7326,0,14666286508,14666286534,0,0,-25
7327,0,14668289272,14668289229,0,0,43
7328,0,14670291696,14670291648,0,0,47
7329,0,14672293566,14672293533,0,0,33
7330,0,14674295712,14674295721,0,0,-8
7331,0,14676298328,14676298361,0,0,-33
7332,0,14678300325,14678300355,0,0,-30
7333,0,14680302287,14680302273,0,0,14
7334,0,14682304491,14682304473,0,0,17
7335,0,14684306805,14684306777,0,0,27
7336,0,14686309128,14686309070,0,0,58
7337,0,14688311466,14688311436,0,0,29
7338,0,14690313674,14690313625,0,0,48
7339,0,14692316492,14692316458,0,0,33
7340,0,14694319201,14694319141,0,0,59
7341,0,14696320291,14696320240,0,0,51
7342,0,14698322150,14698322090,0,0,59
7343,0,14700324507,14700324462,0,0,44
7344,0,14702327353,14702327269,0,0,84
7345,0,14704329114,14704329084,0,0,29
7346,0,14706330940,14706330901,0,0,39
7347,0,14708332555,14708332496,0,0,58
7348,0,14710335570,14710335516,0,0,53
7349,0,14712337458,14712337481,0,0,-23
7350,0,14714339193,14714339215,0,0,-22
7351,0,14716342060,14716342071,0,0,-11
7352,0,14718344583,14718344573,0,0,9
7353,0,14720346490,14720346431,0,0,58
7354,0,14722348164,14722348123,0,0,41
7355,0,14724352833,14724352770,0,0,63
7356,0,14726354396,14726354321,0,0,75
7357,0,14728355947,14728355901,0,0,46
7358,0,14730358168,14730358123,0,0,44
7359,0,14732360238,14732360185,0,0,53
7360,0,14734361917,14734361841,0,0,76
7361,0,14736363447,14736363407,0,0,39
7362,0,14738366586,14738366512,0,0,74
7363,0,14740368569,14740368538,0,0,31
7364,0,14742371587,14742371549,0,0,38
7365,0,14744373574,14744373550,0,0,23
7366,0,14746375449,14746375470,0,0,-20
7367,0,14748376698,14748376728,0,0,-30
7368,0,14750380008,14750380028,0,0,-19
7369,0,14752383051,14752383019,0,0,31
7370,0,14754384671,14754384633,0,0,38
7371,0,14756386375,14756386349,0,0,26
7372,0,14758389422,14758389355,0,0,66
7373,0,14760391598,14760391560,0,0,38
7374,0,14762393831,14762393821,0,0,9
7375,0,14764395638,14764395674,0,0,-35
7376,0,14766398605,14766398570,0,0,34
7377,0,14768400752,14768400718,0,0,34
7378,0,14770402292,14770402247,0,0,45
7379,0,14772404370,14772404325,0,0,44
7380,0,14774406006,14774405967,0,0,39
7381,0,14776409262,14776409224,0,0,38
7382,0,14778411322,14778411265,0,0,56
7383,0,14780413125,14780413090,0,0,34
7384,0,14782414989,14782414966,0,0,23
7385,0,14784417904,14784417867,0,0,37
7386,0,14786420232,14786420213,0,0,19
7387,0,14788422511,14788422489,0,0,22
7388,0,14790425862,14790425815,0,0,47
7389,0,14792426674,14792426713,0,0,-38
7390,0,14794428928,14794428943,0,0,-15
7391,0,14796431469,14796431434,0,0,34
7392,0,14798434015,14798434008,0,0,7
7393,0,14800435878,14800435837,0,0,41
7394,0,14802437326,14802437264,0,0,62
7395,0,14804441316,14804441279,0,0,37
7396,0,14806443839,14806443791,0,0,47
7397,0,14808444448,14808444440,0,0,8
7398,0,14810445872,14810445884,0,0,-11
7399,0,14812449571,14812449517,0,0,53
7400,0,14814451269,14814451211,0,0,58
7401,0,14816453453,14816453474,0,0,-20
7402,0,14818455592,14818455601,0,0,-8
7403,0,14820458265,14820458274,0,0,-8
7404,0,14822461352,14822461293,0,0,58
7405,0,14824464046,14824464016,0,0,29
7406,0,14826464354,14826464332,0,0,22
7407,0,14828466146,14828466113,0,0,33
7408,0,14830469926,14830469883,0,0,43
7409,0,14832471504,14832471473,0,0,31
7410,0,14834473130,14834473102,0,0,28
7411,0,14836475003,14836474965,0,0,38
7412,0,14838478310,14838478251,0,0,58
7413,0,14840480671,14840480620,0,0,51
7414,0,14842483195,14842483157,0,0,38
7415,0,14844485296,14844485272,0,0,23
7416,0,14846487099,14846487058,0,0,40
7417,0,14848489323,14848489312,0,0,11
7418,0,14850491387,14850491361,0,0,26
7419,0,14852493788,14852493750,0,0,37
7420,0,14854497524,14854497473,0,0,51
7421,0,14856497786,14856497761,0,0,24
7422,0,14858499206,14858499181,0,0,25
7423,0,14860502968,14860502963,0,0,5
7424,0,14862504468,14862504433,0,0,34
7425,0,14864506023,14864506014,0,0,8
7426,0,14866509420,14866509354,0,0,66
7427,0,14868511155,14868511126,0,0,28
7428,0,14870515077,14870515056,0,0,21
7429,0,14872517349,14872517323,0,0,25
7430,0,14874518195,14874518186,0,0,8
7431,0,14876520346,14876520337,0,0,8
7432,0,14878522743,14878522717,0,0,26
7433,0,14880524982,14880524953,0,0,28
7434,0,14882527103,14882527146,0,0,-42
7435,0,14884529494,14884529472,0,0,22
7436,0,14886532353,14886532298,0,0,54
7437,0,14888533449,14888533408,0,0,40
7438,0,14890536074,14890536053,0,0,20
7439,0,14892539002,14892538989,0,0,12
7440,0,14894540139,14894540134,0,0,4
7441,0,14896542631,14896542617,0,0,14
7442,0,14898544899,14898544888,0,0,11
7443,0,14900546680,14900546653,0,0,26
7444,0,14902548417,14902548389,0,0,27
7445,0,14904551421,14904551400,0,0,21
7446,0,14906553304,14906553326,0,0,-22
7447,0,14908554925,14908554878,0,0,46
7448,0,14910558435,14910558410,0,0,24
7449,0,14912560256,14912560226,0,0,29
7450,0,14914562530,14914562543,0,0,-13
7451,0,14916565499,14916565459,0,0,40
7452,0,14918568845,14918568786,0,0,59
7453,0,14920569128,14920569155,0,0,-26
7454,0,14922571917,14922571939,0,0,-22
7455,0,14924575397,14924575428,0,0,-31
7456,0,14926575797,14926575742,0,0,55
7457,0,14928577826,14928577775,0,0,50
7458,0,14930579764,14930579734,0,0,29
7459,0,14932583478,14932583452,0,0,25
7460,0,14934586049,14934586013,0,0,35
7461,0,14936586886,14936586849,0,0,37
7462,0,14938588209,14938588173,0,0,35
7463,0,14940591478,14940591439,0,0,39
7464,0,14942593387,14942593345,0,0,42
7465,0,14944594862,14944594826,0,0,35
7466,0,14946597929,14946597959,0,0,-30
7467,0,14948599372,14948599346,0,0,25
7468,0,14950603564,14950603470,0,0,94
7469,0,14952604974,14952604948,0,0,26
7470,0,14954607195,14954607136,0,0,59
7471,0,14956610114,14956610069,0,0,44
7472,0,14958612517,14958612480,0,0,37
7473,0,14960613813,14960613764,0,0,48
7474,0,14962615986,14962615952,0,0,33
7475,0,14964618176,14964618143,0,0,33
7476,0,14966620830,14966620782,0,0,47
7477,0,14968623016,14968622979,0,0,36
7478,0,14970625048,14970625001,0,0,47
7479,0,14972627125,14972627089,0,0,35
7480,0,14974629757,14974629683,0,0,74
7481,0,14976631414,14976631385,0,0,29
7482,0,14978633681,14978633704,0,0,-22
7483,0,14980636363,14980636376,0,0,-13
7484,0,14982639444,14982639426,0,0,18
7485,0,14984641213,14984641165,0,0,47
7486,0,14986642685,14986642653,0,0,31
7487,0,14988644727,14988644702,0,0,24
7488,0,14990647093,14990647038,0,0,55
7489,0,14992649450,14992649486,0,0,-35
7490,0,14994652180,14994652170,0,0,10
7491,0,14996654356,14996654323,0,0,33
7492,0,14998656400,14998656413,0,0,-13
7493,0,15000658368,15000658326,0,0,42
7494,0,15002660134,15002660109,0,0,24
7495,0,15004661527,15004661480,0,0,46
7496,0,15006664796,15006664761,0,0,34
7497,0,15008667037,15008666996,0,0,40
7498,0,15010669385,15010669337,0,0,47
7499,0,15012671268,15012671229,0,0,39
7500,0,15014673405,15014673394,0,0,11
7501,0,15016674571,15016674597,0,0,-26
7502,0,15018677678,15018677630,0,0,48
7503,0,15020680238,15020680200,0,0,38
7504,0,15022683002,15022683044,0,0,-42
7505,0,15024686573,15024686609,0,0,-35
7506,0,15026687368,15026687341,0,0,26
7507,0,15028689391,15028689364,0,0,27
7508,0,15030691624,15030691579,0,0,44
7509,0,15032694624,15032694610,0,0,14
7510,0,15034696708,15034696660,0,0,48
7511,0,15036698139,15036698119,0,0,20
7512,0,15038700785,15038700797,0,0,-11
7513,0,15040702619,15040702649,0,0,-29
7514,0,15042705071,15042705096,0,0,-24
7515,0,15044708074,15044708110,0,0,-35
7516,0,15046710719,15046710658,0,0,60
7517,0,15048711716,15048711696,0,0,20
7518,0,15050713689,15050713647,0,0,41
7519,0,15052716042,15052716014,0,0,27
7520,0,15054718390,15054718353,0,0,36
7521,0,15056720430,15056720392,0,0,38
7522,0,15058723497,15058723451,0,0,46
7523,0,15060725797,15060725778,0,0,19
7524,0,15062728608,15062728584,0,0,23
7525,0,15064729379,15064729350,0,0,28
7526,0,15066731487,15066731442,0,0,44
7527,0,15068733641,15068733587,0,0,53
7528,0,15070736034,15070735993,0,0,41
7529,0,15072739573,15072739552,0,0,20
7530,0,15074741875,15074741840,0,0,35
7531,0,15076743979,15076743930,0,0,48
7532,0,15078745045,15078744977,0,0,67
7533,0,15080748010,15080748033,0,0,-22
7534,0,15082748631,15082748555,0,0,76
7535,0,15084751324,15084751272,0,0,51
7536,0,15086752912,15086752871,0,0,41
7537,0,15088756124,15088756094,0,0,29
7538,0,15090758474,15090758503,0,0,-29
7539,0,15092760374,15092760408,0,0,-33
7540,0,15094763051,15094763082,0,0,-30
7541,0,15096764796,15096764815,0,0,-18
7542,0,15098766458,15098766492,0,0,-33
7543,0,15100769786,15100769801,0,0,-14
7544,0,15102771418,15102771431,0,0,-13
7545,0,15104772806,15104772853,0,0,-46
7546,0,15106776357,15106776381,0,0,-24
7547,0,15108779229,15108779220,0,0,9
7548,0,15110782008,15110782002,0,0,6
7549,0,15112783673,15112783685,0,0,-12
7550,0,15114784924,15114784933,0,0,-8
7551,0,15116787199,15116787213,0,0,-14
7552,0,15118790075,15118790103,0,0,-27
7553,0,15120791552,15120791574,0,0,-22
7554,0,15122794173,15122794184,0,0,-11
7555,0,15124798692,15124798633,0,0,59
7556,0,15126799903,15126799877,0,0,26
7557,0,15128800842,15128800830,0,0,11
7558,0,15130803210,15130803202,0,0,8
7559,0,15132804912,15132804887,0,0,24
7560,0,15134807245,15134807215,0,0,29
7561,0,15136810173,15136810154,0,0,19
7562,0,15138812276,15138812256,0,0,20
7563,0,15140815056,15140815042,0,0,14
7564,0,15142817577,15142817550,0,0,26
7565,0,15144819572,15144819562,0,0,9
7566,0,15146820671,15146820677,0,0,-6
7567,0,15148822831,15148822871,0,0,-40
7568,0,15150825811,15150825856,0,0,-44
7569,0,15152826649,15152826685,0,0,-35
7570,0,15154828580,15154828611,0,0,-30
7571,0,15156831633,15156831671,0,0,-38
7572,0,15158834366,15158834348,0,0,17
7573,0,15160835946,15160835907,0,0,38
7574,0,15162837786,15162837819,0,0,-32
7575,0,15164840544,15164840582,0,0,-38
7576,0,15166843681,15166843716,0,0,-34
7577,0,15168846180,15168846211,0,0,-31
7578,0,15170847648,15170847642,0,0,5
7579,0,15172849384,15172849375,0,0,8
7580,0,15174851822,15174851813,0,0,8
7581,0,15176855057,15176855000,0,0,57
7582,0,15178856597,15178856528,0,0,69
7583,0,15180858462,15180858419,0,0,43
7584,0,15182861461,15182861389,0,0,71
7585,0,15184863077,15184863038,0,0,39
7586,0,15186865505,15186865444,0,0,60
7587,0,15188866869,15188866834,0,0,35
7588,0,15190868971,15190868946,0,0,24
7589,0,15192871608,15192871550,0,0,58
7590,0,15194873112,15194873080,0,0,31
7591,0,15196876311,15196876280,0,0,31
7592,0,15198878771,15198878708,0,0,62
7593,0,15200880476,15200880425,0,0,50
7594,0,15202881901,15202881849,0,0,52
7595,0,15204884878,15204884835,0,0,42
7596,0,15206886444,15206886415,0,0,29
7597,0,15208890396,15208890375,0,0,21
7598,0,15210891113,15210891057,0,0,56
7599,0,15212893901,15212893933,0,0,-31
7600,0,15214895862,15214895823,0,0,39
7601,0,15216897607,15216897589,0,0,17
7602,0,15218900755,15218900723,0,0,31
7603,0,15220902943,15220902903,0,0,39
7604,0,15222905745,15222905691,0,0,53
7605,0,15224909146,15224909122,0,0,24
7606,0,15226909991,15226909923,0,0,67
7607,0,15228911615,15228911585,0,0,29
7608,0,15230913238,15230913187,0,0,51
7609,0,15232916217,15232916173,0,0,44
7610,0,15234918677,15234918638,0,0,39
7611,0,15236920632,15236920600,0,0,31
7612,0,15238922860,15238922888,0,0,-27
7613,0,15240924978,15240924934,0,0,43
7614,0,15242926150,15242926179,0,0,-29
7615,0,15244928592,15244928608,0,0,-15
7616,0,15246932292,15246932301,0,0,-8
7617,0,15248934358,15248934382,0,0,-23
7618,0,15250936469,15250936479,0,0,-10
7619,0,15252939584,15252939610,0,0,-26
7620,0,15254942376,15254942416,0,0,-40
7621,0,15256942844,15256942881,0,0,-37
7622,0,15258945147,15258945209,0,0,-62
7623,0,15260948013,15260947986,0,0,26
7624,0,15262950031,15262949983,0,0,48
7625,0,15264952103,15264952074,0,0,29
7626,0,15266954190,15266954168,0,0,22
7627,0,15268956397,15268956352,0,0,44
7628,0,15270958522,15270958483,0,0,39
7629,0,15272960427,15272960409,0,0,17
7630,0,15274961909,15274961851,0,0,58
7631,0,15276965204,15276965147,0,0,57
7632,0,15278967154,15278967105,0,0,49
7633,0,15280968525,15280968483,0,0,42
7634,0,15282970593,15282970555,0,0,38
7635,0,15284973702,15284973660,0,0,41
7636,0,15286976561,15286976513,0,0,48
7637,0,15288978461,15288978432,0,0,29
7638,0,15290981150,15290981186,0,0,-35
7639,0,15292982970,15292983001,0,0,-30
7640,0,15294985172,15294985116,0,0,55
7641,0,15296987858,15296987829,0,0,29
7642,0,15298990103,15298990110,0,0,-6
7643,0,15300992186,15300992218,0,0,-31
7644,0,15302994161,15302994184,0,0,-22
7645,0,15304996143,15304996195,0,0,-52
7646,0,15306997600,15306997550,0,0,49
7647,0,15309000730,15309000756,0,0,-25
7648,0,15311002898,15311002928,0,0,-30
7649,0,15313005417,15313005462,0,0,-44
7650,0,15315007736,15315007727,0,0,8
7651,0,15317009952,15317009982,0,0,-30
7652,0,15319012164,15319012184,0,0,-20
7653,0,15321014089,15321014119,0,0,-29
7654,0,15323016534,15323016549,0,0,-15
7655,0,15325020023,15325020001,0,0,22
7656,0,15327021092,15327021032,0,0,59
7657,0,15329023537,15329023510,0,0,26
7658,0,15331025133,15331025093,0,0,40
7659,0,15333026496,15333026471,0,0,24
7660,0,15335030000,15335029970,0,0,29
7661,0,15337032355,15337032338,0,0,16
7662,0,15339034552,15339034504,0,0,47
7663,0,15341036711,15341036655,0,0,56
7664,0,15343038673,15343038628,0,0,44
7665,0,15345040671,15345040640,0,0,31
7666,0,15347041934,15347041885,0,0,48
7667,0,15349044065,15349044033,0,0,31
7668,0,15351046258,15351046271,0,0,-12
7669,0,15353048852,15353048816,0,0,35
7670,0,15355052090,15355052040,0,0,50
7671,0,15357053824,15357053783,0,0,41
7672,0,15359055423,15359055438,0,0,-15
7673,0,15361058707,15361058653,0,0,53
7674,0,15363061109,15363061064,0,0,44
7675,0,15365062802,15365062773,0,0,28
7676,0,15367064743,15367064703,0,0,39
7677,0,15369068330,15369068364,0,0,-33
7678,0,15371069340,15371069366,0,0,-25
7679,0,15373072146,15373072192,0,0,-45
7680,0,15375074766,15375074826,0,0,-60
7681,0,15377076727,15377076772,0,0,-44
7682,0,15379078833,15379078814,0,0,19
7683,0,15381081361,15381081353,0,0,7
7684,0,15383083083,15383083060,0,0,22
7685,0,15385085646,15385085597,0,0,48
7686,0,15387087537,15387087494,0,0,42
7687,0,15389089782,15389089743,0,0,38
7688,0,15391091914,15391091869,0,0,44
7689,0,15393094862,15393094874,0,0,-12
7690,0,15395096440,15395096426,0,0,13
7691,0,15397099071,15397099020,0,0,51
7692,0,15399101066,15399101026,0,0,39
7693,0,15401103257,15401103244,0,0,13
7694,0,15403105633,15403105588,0,0,44
7695,0,15405107376,15405107355,0,0,21
7696,0,15407110664,15407110651,0,0,13
7697,0,15409113640,15409113630,0,0,10
7698,0,15411114224,15411114190,0,0,34
7699,0,15413117280,15413117271,0,0,8
7700,0,15415119056,15415119026,0,0,29
7701,0,15417120568,15417120553,0,0,14
7702,0,15419122300,15419122294,0,0,6
7703,0,15421125168,15421125134,0,0,33
7704,0,15423127003,15423126975,0,0,28
7705,0,15425131642,15425131698,0,0,-56
7706,0,15427132975,15427133007,0,0,-32
7707,0,15429135510,15429135475,0,0,35
7708,0,15431136629,15431136611,0,0,17
7709,0,15433139626,15433139600,0,0,26
7710,0,15435140208,15435140118,0,0,89
7711,0,15437143094,15437143046,0,0,48
7712,0,15439146202,15439146143,0,0,58
7713,0,15441147912,15441147874,0,0,38
7714,0,15443150251,15443150178,0,0,73
7715,0,15445152674,15445152628,0,0,46
7716,0,15447154173,15447154130,0,0,43
7717,0,15449155401,15449155361,0,0,40
7718,0,15451158162,15451158116,0,0,45
7719,0,15453161279,15453161249,0,0,29
7720,0,15455163102,15455163055,0,0,47
7721,0,15457165788,15457165757,0,0,31
7722,0,15459167567,15459167534,0,0,32
7723,0,15461169594,15461169555,0,0,39
7724,0,15463170865,15463170810,0,0,55
7725,0,15465173190,15465173170,0,0,20
7726,0,15467177120,15467177025,0,0,94
7727,0,15469178977,15469178945,0,0,31
7728,0,15471181959,15471181932,0,0,27
7729,0,15473184183,15473184116,0,0,67
7730,0,15475185844,15475185871,0,0,-26
7731,0,15477187659,15477187692,0,0,-33
7732,0,15479189853,15479189868,0,0,-15
7733,0,15481192368,15481192384,0,0,-15
7734,0,15483194017,15483193985,0,0,31
7735,0,15485195125,15485195085,0,0,39
7736,0,15487197783,15487197698,0,0,84
7737,0,15489201940,15489201889,0,0,50
7738,0,15491204755,15491204716,0,0,39
7739,0,15493205507,15493205473,0,0,34
7740,0,15495207602,15495207543,0,0,59
7741,0,15497209841,15497209829,0,0,11
7742,0,15499212553,15499212532,0,0,20
7743,0,15501214159,15501214123,0,0,35
7744,0,15503215507,15503215492,0,0,14
7745,0,15505219224,15505219194,0,0,30
7746,0,15507221031,15507221053,0,0,-22
7747,0,15509223226,15509223205,0,0,21
7748,0,15511225601,15511225573,0,0,27
7749,0,15513227887,15513227860,0,0,26
7750,0,15515230243,15515230219,0,0,24
7751,0,15517232453,15517232419,0,0,34
7752,0,15519235053,15519234990,0,0,62
7753,0,15521237240,15521237206,0,0,34
7754,0,15523238797,15523238746,0,0,51
7755,0,15525242724,15525242678,0,0,46
7756,0,15527243927,15527243875,0,0,51
7757,0,15529245600,15529245564,0,0,36
7758,0,15531248835,15531248866,0,0,-31
7759,0,15533250218,15533250186,0,0,31
7760,0,15535252334,15535252324,0,0,10
7761,0,15537254024,15537254053,0,0,-29
7762,0,15539255435,15539255465,0,0,-29
7763,0,15541258667,15541258622,0,0,44
7764,0,15543261661,15543261615,0,0,45
7765,0,15545263705,15545263662,0,0,42
7766,0,15547265621,15547265549,0,0,71
7767,0,15549267548,15549267501,0,0,47
7768,0,15551270534,15551270469,0,0,65
7769,0,15553271955,15553271917,0,0,38
7770,0,15555273728,15555273686,0,0,41
7771,0,15557277186,15557277160,0,0,26
7772,0,15559279083,15559279044,0,0,38
7773,0,15561281079,15561281044,0,0,34
7774,0,15563283606,15563283552,0,0,53
7775,0,15565286095,15565286069,0,0,26
7776,0,15567288197,15567288142,0,0,54
7777,0,15569290094,15569290065,0,0,28
7778,0,15571292462,15571292396,0,0,66
7779,0,15573295402,15573295367,0,0,34
7780,0,15575298116,15575298074,0,0,42
7781,0,15577298557,15577298529,0,0,28
7782,0,15579299997,15579299962,0,0,34
7783,0,15581303298,15581303263,0,0,35
7784,0,15583305921,15583305894,0,0,26
7785,0,15585307928,15585307946,0,0,-18
7786,0,15587310646,15587310605,0,0,40
7787,0,15589312774,15589312752,0,0,22
7788,0,15591314469,15591314510,0,0,-40
7789,0,15593316891,15593316927,0,0,-35
7790,0,15595320036,15595320006,0,0,29
7791,0,15597321102,15597321069,0,0,33
7792,0,15599323543,15599323509,0,0,34
7793,0,15601325328,15601325285,0,0,43
7794,0,15603327313,15603327298,0,0,15
7795,0,15605330117,15605330139,0,0,-22
7796,0,15607332378,15607332366,0,0,12
7797,0,15609334598,15609334577,0,0,21
7798,0,15611336393,15611336424,0,0,-31
7799,0,15613337666,15613337704,0,0,-38
7800,0,15615340388,15615340406,0,0,-17
7801,0,15617344167,15617344200,0,0,-32
7802,0,15619346106,15619346132,0,0,-26
7803,0,15621347793,15621347759,0,0,33
7804,0,15623350000,15623349966,0,0,33
7805,0,15625353718,15625353710,0,0,8
7806,0,15627355640,15627355594,0,0,45
7807,0,15629356778,15629356745,0,0,33
7808,0,15631359443,15631359371,0,0,71
7809,0,15633361435,15633361421,0,0,14
7810,0,15635363366,15635363311,0,0,55
7811,0,15637365779,15637365760,0,0,18
7812,0,15639368248,15639368201,0,0,47
7813,0,15641370697,15641370682,0,0,15
7814,0,15643372575,15643372539,0,0,35
7815,0,15645374763,15645374743,0,0,20
7816,0,15647377065,15647377056,0,0,9
7817,0,15649378782,15649378773,0,0,8
7818,0,15651380428,15651380412,0,0,15
7819,0,15653383467,15653383445,0,0,22
7820,0,15655385743,15655385724,0,0,19
7821,0,15657388176,15657388149,0,0,26
7822,0,15659390224,15659390242,0,0,-18
7823,0,15661392488,15661392517,0,0,-29
7824,0,15663395010,15663394998,0,0,11
7825,0,15665396604,15665396638,0,0,-33
7826,0,15667397860,15667397828,0,0,32
7827,0,15669400101,15669400057,0,0,43
7828,0,15671403663,15671403638,0,0,24
7829,0,15673405344,15673405320,0,0,24
7830,0,15675406992,15675406956,0,0,35
7831,0,15677409917,15677409885,0,0,31
7832,0,15679412134,15679412085,0,0,49
7833,0,15681414626,15681414620,0,0,6
7834,0,15683417143,15683417094,0,0,49
7835,0,15685419128,15685419090,0,0,38
7836,0,15687421500,15687421455,0,0,44
7837,0,15689423670,15689423632,0,0,38
7838,0,15691427224,15691427209,0,0,14
7839,0,15693427859,15693427869,0,0,-10
7840,0,15695430316,15695430258,0,0,58
7841,0,15697432261,15697432247,0,0,14
7842,0,15699435031,15699434992,0,0,38
7843,0,15701437693,15701437724,0,0,-31
7844,0,15703439885,15703439910,0,0,-24
7845,0,15705440069,15705440033,0,0,35
7846,0,15707442671,15707442613,0,0,58
7847,0,15709445867,15709445878,0,0,-11
7848,0,15711448247,15711448285,0,0,-38
7849,0,15713449995,15713449974,0,0,20
7850,0,15715451384,15715451400,0,0,-15
7851,0,15717454947,15717454912,0,0,35
7852,0,15719457139,15719457126,0,0,13
7853,0,15721459040,15721458993,0,0,47
7854,0,15723461847,15723461869,0,0,-22
7855,0,15725464841,15725464866,0,0,-24
7856,0,15727465781,15727465817,0,0,-35
7857,0,15729468198,15729468211,0,0,-12
7858,0,15731470133,15731470084,0,0,49
7859,0,15733472741,15733472692,0,0,48
7860,0,15735474937,15735474900,0,0,37
7861,0,15737477488,15737477420,0,0,67
7862,0,15739479213,15739479144,0,0,68
7863,0,15741481355,15741481305,0,0,49
7864,0,15743484160,15743484152,0,0,8
7865,0,15745486433,15745486447,0,0,-13
7866,0,15747488300,15747488224,0,0,75
7867,0,15749490568,15749490581,0,0,-13
7868,0,15751492588,15751492527,0,0,60
7869,0,15753494579,15753494523,0,0,56
7870,0,15755497675,15755497691,0,0,-15
7871,0,15757499512,15757499460,0,0,51
7872,0,15759501421,15759501326,0,0,94
7873,0,15761504334,15761504346,0,0,-12
7874,0,15763505893,15763505903,0,0,-10
7875,0,15765509079,15765509091,0,0,-11
7876,0,15767511901,15767511907,0,0,-6
7877,0,15769513067,15769513088,0,0,-20
7878,0,15771514860,15771514875,0,0,-14
7879,0,15773516833,15773516855,0,0,-22
7880,0,15775519459,15775519426,0,0,32
7881,0,15777521811,15777521768,0,0,42
7882,0,15779523876,15779523856,0,0,19
7883,0,15781525773,15781525723,0,0,49
7884,0,15783528339,15783528273,0,0,65
7885,0,15785530283,15785530222,0,0,60
7886,0,15787533919,15787533888,0,0,30
7887,0,15789534959,15789534925,0,0,33
7888,0,15791538330,15791538271,0,0,58
7889,0,15793541213,15793541231,0,0,-17
7890,0,15795542447,15795542453,0,0,-6
7891,0,15797543563,15797543589,0,0,-26
7892,0,15799545879,15799545847,0,0,31
7893,0,15801547819,15801547767,0,0,51
7894,0,15803549524,15803549469,0,0,54
7895,0,15805552440,15805552393,0,0,46
7896,0,15807554903,15807554855,0,0,47
7897,0,15809557201,15809557171,0,0,29
7898,0,15811559502,15811559537,0,0,-34
7899,0,15813561509,15813561478,0,0,31
7900,0,15815564235,15815564186,0,0,48
7901,0,15817565686,15817565681,0,0,4
7902,0,15819567022,15819566982,0,0,39
7903,0,15821571449,15821571414,0,0,35
7904,0,15823572452,15823572394,0,0,58
7905,0,15825575153,15825575114,0,0,39
7906,0,15827576866,15827576847,0,0,19
7907,0,15829579532,15829579492,0,0,40
7908,0,15831582420,15831582392,0,0,27
7909,0,15833584945,15833584990,0,0,-44
7910,0,15835585979,15835586007,0,0,-27
7911,0,15837588116,15837588081,0,0,34
7912,0,15839590228,15839590195,0,0,33
7913,0,15841591955,15841591900,0,0,55
7914,0,15843595428,15843595363,0,0,65
7915,0,15845597404,15845597372,0,0,31
7916,0,15847599665,15847599670,0,0,-5
7917,0,15849601401,15849601364,0,0,36
7918,0,15851603899,15851603869,0,0,29
7919,0,15853606826,15853606791,0,0,35
7920,0,15855608383,15855608359,0,0,23
7921,0,15857610246,15857610287,0,0,-40
7922,0,15859612598,15859612638,0,0,-39
7923,0,15861614920,15861614960,0,0,-40
7924,0,15863617564,15863617596,0,0,-31
7925,0,15865618995,15865618972,0,0,23
7926,0,15867620579,15867620606,0,0,-26
7927,0,15869624138,15869624117,0,0,20
7928,0,15871626306,15871626271,0,0,35
7929,0,15873628152,15873628125,0,0,26
7930,0,15875630305,15875630268,0,0,37
7931,0,15877632573,15877632615,0,0,-42
7932,0,15879634834,15879634873,0,0,-38
7933,0,15881636741,15881636759,0,0,-18
7934,0,15883638090,15883638102,0,0,-11
7935,0,15885641613,15885641590,0,0,23
7936,0,15887643914,15887643870,0,0,43
7937,0,15889645708,15889645676,0,0,31
7938,0,15891647338,15891647329,0,0,8
7939,0,15893651321,15893651309,0,0,11
7940,0,15895653824,15895653860,0,0,-36
7941,0,15897655076,15897655043,0,0,32
7942,0,15899656988,15899656952,0,0,35
7943,0,15901659773,15901659748,0,0,24
7944,0,15903661117,15903661086,0,0,31
7945,0,15905662768,15905662811,0,0,-43
7946,0,15907666489,15907666511,0,0,-22
7947,0,15909668360,15909668392,0,0,-31
7948,0,15911670716,15911670707,0,0,9
7949,0,15913672489,15913672461,0,0,27
7950,0,15915673863,15915673899,0,0,-35
7951,0,15917677780,15917677820,0,0,-39
7952,0,15919678552,15919678501,0,0,51
7953,0,15921681503,15921681483,0,0,20
7954,0,15923683590,15923683560,0,0,29
7955,0,15925686537,15925686519,0,0,17
7956,0,15927688408,15927688366,0,0,41
7957,0,15929690182,15929690144,0,0,38
7958,0,15931691934,15931691892,0,0,42
7959,0,15933694795,15933694767,0,0,28
7960,0,15935697612,15935697562,0,0,49
7961,0,15937699098,15937699054,0,0,43
7962,0,15939701073,15939701018,0,0,54
7963,0,15941703549,15941703520,0,0,29
7964,0,15943705467,15943705420,0,0,47
7965,0,15945708804,15945708764,0,0,40
7966,0,15947710943,15947710972,0,0,-29
7967,0,15949713418,15949713451,0,0,-33
7968,0,15951714412,15951714347,0,0,65
7969,0,15953717193,15953717216,0,0,-23
7970,0,15955718448,15955718489,0,0,-40
7971,0,15957721858,15957721833,0,0,24
7972,0,15959724116,15959724091,0,0,24
7973,0,15961726007,15961725975,0,0,31
7974,0,15963728343,15963728295,0,0,48
7975,0,15965730146,15965730110,0,0,35
7976,0,15967732140,15967732102,0,0,38
7977,0,15969735222,15969735153,0,0,68
7978,0,15971737172,15971737142,0,0,29
7979,0,15973739105,15973739080,0,0,25
7980,0,15975741038,15975740988,0,0,49
7981,0,15977744147,15977744087,0,0,59
7982,0,15979746019,15979745950,0,0,68
7983,0,15981748410,15981748355,0,0,55
7984,0,15983750901,15983750891,0,0,10
7985,0,15985752739,15985752754,0,0,-14
7986,0,15987754874,15987754894,0,0,-20
7987,0,15989757166,15989757108,0,0,58
7988,0,15991759764,15991759722,0,0,41
7989,0,15993761667,15993761639,0,0,27
7990,0,15995763853,15995763793,0,0,60
7991,0,15997765839,15997765816,0,0,22
7992,0,15999767414,15999767316,0,0,97
7993,0,16001770880,16001770844,0,0,36
7994,0,16003772586,16003772521,0,0,65
7995,0,16005774018,16005773976,0,0,42
7996,0,16007777240,16007777200,0,0,39
7997,0,16009779760,16009779689,0,0,71
7998,0,16011781635,16011781649,0,0,-13
7999,0,16013784001,16013784026,0,0,-25
8000,0,16015786168,16015786110,0,0,58
8001,0,16017788123,16017788073,0,0,49
8002,0,16019789970,16019789916,0,0,53
8003,0,16021794102,16021794057,0,0,44
8004,0,16023796515,16023796475,0,0,40
8005,0,16025798369,16025798302,0,0,67
8006,0,16027798249,16027798188,0,0,60
8007,0,16029800691,16029800640,0,0,51
8008,0,16031804065,16031804017,0,0,47
8009,0,16033806110,16033806041,0,0,68
8010,0,16035808116,16035808139,0,0,-22
8011,0,16037809217,16037809168,0,0,48
8012,0,16039812040,16039811944,0,0,95
8013,0,16041814555,16041814579,0,0,-24
8014,0,16043816672,16043816691,0,0,-18
8015,0,16045820550,16045820576,0,0,-25
8016,0,16047821990,16047821946,0,0,44
8017,0,16049824044,16049824006,0,0,38
8018,0,16051826478,16051826441,0,0,37
8019,0,16053828540,16053828506,0,0,33
8020,0,16055830890,16055830843,0,0,47
8021,0,16057832511,16057832471,0,0,39
8022,0,16059835548,16059835474,0,0,73
8023,0,16061838196,16061838157,0,0,38
8024,0,16063839703,16063839645,0,0,58
8025,0,16065841514,16065841465,0,0,49
8026,0,16067843121,16067843096,0,0,25
8027,0,16069846219,16069846189,0,0,29
8028,0,16071848667,16071848617,0,0,49
8029,0,16073851010,16073850997,0,0,12
8030,0,16075852999,16075852944,0,0,54
8031,0,16077855501,16077855472,0,0,29
8032,0,16079858912,16079858902,0,0,10
8033,0,16081859253,16081859229,0,0,24
8034,0,16083861143,16083861115,0,0,27
8035,0,16085864940,16085864911,0,0,29
8036,0,16087867541,16087867503,0,0,38
8037,0,16089868624,16089868594,0,0,30
8038,0,16091870529,16091870503,0,0,25
8039,0,16093872677,16093872668,0,0,8
8040,0,16095874291,16095874269,0,0,21
8041,0,16097877868,16097877860,0,0,7
8042,0,16099879874,16099879850,0,0,23
8043,0,16101881496,16101881464,0,0,31
8044,0,16103882806,16103882768,0,0,38
8045,0,16105885104,16105885086,0,0,17
8046,0,16107887439,16107887408,0,0,31
8047,0,16109890674,16109890636,0,0,37
8048,0,16111894707,16111894674,0,0,32
8049,0,16113895119,16113895084,0,0,34
8050,0,16115897346,16115897321,0,0,25
8051,0,16117899567,16117899542,0,0,24
8052,0,16119901684,16119901654,0,0,29
8053,0,16121902642,16121902651,0,0,-8
8054,0,16123905193,16123905204,0,0,-11
8055,0,16125909872,16125909834,0,0,38
8056,0,16127911238,16127911193,0,0,44
8057,0,16129913121,16129913113,0,0,8
8058,0,16131915932,16131915897,0,0,35
8059,0,16133917295,16133917256,0,0,39
8060,0,16135920139,16135920099,0,0,39
8061,0,16137922224,16137922209,0,0,14
8062,0,16139924025,16139923999,0,0,26
8063,0,16141926137,16141926103,0,0,34
8064,0,16143928182,16143928153,0,0,29
8065,0,16145929321,16145929296,0,0,25
8066,0,16147932201,16147932233,0,0,-32
8067,0,16149935467,16149935441,0,0,26
8068,0,16151937631,16151937622,0,0,8
8069,0,16153939968,16153939930,0,0,38
8070,0,16155942355,16155942375,0,0,-19
8071,0,16157943955,16157943995,0,0,-40
8072,0,16159946464,16159946502,0,0,-38
8073,0,16161948610,16161948591,0,0,19
8074,0,16163951002,16163950945,0,0,57
8075,0,16165953050,16165953040,0,0,9
8076,0,16167955156,16167955182,0,0,-26
8077,0,16169957393,16169957359,0,0,33
8078,0,16171959942,16171959928,0,0,14
8079,0,16173962230,16173962202,0,0,28
8080,0,16175965719,16175965710,0,0,8
8081,0,16177966484,16177966458,0,0,26
8082,0,16179968280,16179968325,0,0,-44
8083,0,16181969847,16181969874,0,0,-27
8084,0,16183973038,16183973070,0,0,-31
8085,0,16185975040,16185975048,0,0,-8
8086,0,16187976553,16187976520,0,0,33
8087,0,16189979878,16189979854,0,0,23
8088,0,16191982057,16191982082,0,0,-24
8089,0,16193984248,16193984282,0,0,-33
8090,0,16195986525,16195986566,0,0,-40
8091,0,16197988469,16197988429,0,0,40
8092,0,16199991165,16199991157,0,0,8
8093,0,16201993211,16201993188,0,0,22
8094,0,16203995577,16203995548,0,0,29
8095,0,16205997872,16205997836,0,0,35
8096,0,16208001092,16208001010,0,0,81
8097,0,16210002283,16210002260,0,0,22
8098,0,16212005200,16212005191,0,0,8
8099,0,16214008328,16214008292,0,0,36
8100,0,16216010186,16216010117,0,0,68
8101,0,16218011607,16218011557,0,0,49
8102,0,16220013129,16220013057,0,0,71
8103,0,16222015433,16222015365,0,0,68
8104,0,16224017759,16224017703,0,0,56
8105,0,16226020901,16226020857,0,0,43
8106,0,16228021381,16228021325,0,0,55
8107,0,16230023354,16230023292,0,0,61
8108,0,16232026300,16232026189,0,0,110
8109,0,16234027231,16234027201,0,0,29
8110,0,16236030336,16236030292,0,0,43
8111,0,16238032993,16238032955,0,0,38
8112,0,16240035565,16240035505,0,0,59
8113,0,16242037677,16242037638,0,0,39
8114,0,16244039957,16244039934,0,0,23
8115,0,16246042463,16246042424,0,0,38
8116,0,16248044268,16248044230,0,0,38
8117,0,16250046590,16250046555,0,0,35
8118,0,16252048928,16252048953,0,0,-24
8119,0,16254050393,16254050365,0,0,28
8120,0,16256052147,16256052119,0,0,28
8121,0,16258055518,16258055494,0,0,24
8122,0,16260057307,16260057240,0,0,67
8123,0,16262058774,16262058782,0,0,-7
8124,0,16264062469,16264062445,0,0,23
8125,0,16266064380,16266064414,0,0,-33
8126,0,16268066577,16268066606,0,0,-29
8127,0,16270068889,16270068844,0,0,44
8128,0,16272070517,16272070473,0,0,44
8129,0,16274071655,16274071625,0,0,29
8130,0,16276075114,16276075054,0,0,60
8131,0,16278077896,16278077851,0,0,44
8132,0,16280080007,16280079955,0,0,51
8133,0,16282081886,16282081851,0,0,35
8134,0,16284083017,16284082966,0,0,51
8135,0,16286085195,16286085230,0,0,-34
8136,0,16288088061,16288088085,0,0,-23
8137,0,16290091028,16290090984,0,0,43
8138,0,16292092885,16292092840,0,0,45
8139,0,16294094449,16294094411,0,0,38
8140,0,16296097773,16296097719,0,0,54
8141,0,16298100083,16298100074,0,0,8
8142,0,16300102149,16300102155,0,0,-6
8143,0,16302104323,16302104270,0,0,53
8144,0,16304106419,16304106373,0,0,46
8145,0,16306108796,16306108748,0,0,48
8146,0,16308111016,16308110952,0,0,64
8147,0,16310113096,16310113053,0,0,42
8148,0,16312115569,16312115531,0,0,38
8149,0,16314117251,16314117278,0,0,-26
8150,0,16316119449,16316119473,0,0,-24
8151,0,16318122059,16318122011,0,0,47
8152,0,16320124474,16320124389,0,0,85
8153,0,16322126760,16322126704,0,0,56
8154,0,16324129173,16324129152,0,0,20
8155,0,16326132535,16326132552,0,0,-16
8156,0,16328133615,16328133634,0,0,-18
8157,0,16330135888,16330135935,0,0,-47
8158,0,16332137774,16332137817,0,0,-42
8159,0,16334140193,16334140152,0,0,40
8160,0,16336142356,16336142334,0,0,22
8161,0,16338144435,16338144473,0,0,-37
8162,0,16340146652,16340146662,0,0,-9
8163,0,16342149764,16342149737,0,0,26
8164,0,16344152148,16344152134,0,0,14
8165,0,16346152981,16346152959,0,0,21
8166,0,16348154627,16348154584,0,0,43
8167,0,16350157377,16350157358,0,0,19
8168,0,16352159280,16352159254,0,0,26
8169,0,16354161985,16354161950,0,0,34
8170,0,16356163620,16356163593,0,0,27
8171,0,16358166262,16358166235,0,0,27
8172,0,16360167786,16360167720,0,0,65
8173,0,16362171022,16362171065,0,0,-42
8174,0,16364173585,16364173601,0,0,-15
8175,0,16366176130,16366176159,0,0,-29
8176,0,16368178555,16368178561,0,0,-6
8177,0,16370180033,16370180062,0,0,-29
8178,0,16372181758,16372181730,0,0,27
8179,0,16374183170,16374183125,0,0,44
8180,0,16376186802,16376186765,0,0,37
8181,0,16378188577,16378188549,0,0,27
8182,0,16380190287,16380190220,0,0,67
8183,0,16382193137,16382193121,0,0,16
8184,0,16384195452,16384195414,0,0,38
8185,0,16386197404,16386197438,0,0,-33
8186,0,16388199278,16388199233,0,0,44
8187,0,16390202105,16390202130,0,0,-25
8188,0,16392204217,16392204251,0,0,-33
8189,0,16394204968,16394204952,0,0,15
8190,0,16396208767,16396208746,0,0,21
8191,0,16398212206,16398212182,0,0,23
8192,0,16400214568,16400214537,0,0,31
8193,0,16402215695,16402215656,0,0,39
8194,0,16404217781,16404217753,0,0,27
8195,0,16406220493,16406220456,0,0,37
8196,0,16408222534,16408222494,0,0,39
8197,0,16410224383,16410224412,0,0,-29
8198,0,16412226635,16412226626,0,0,9
8199,0,16414228483,16414228506,0,0,-23
8200,0,16416230474,16416230480,0,0,-5
8201,0,16418233153,16418233190,0,0,-36
8202,0,16420235217,16420235179,0,0,38
8203,0,16422237821,16422237795,0,0,26
8204,0,16424239991,16424239937,0,0,53
8205,0,16426243449,16426243435,0,0,13
8206,0,16428244769,16428244728,0,0,40
8207,0,16430247613,16430247567,0,0,45
8208,0,16432251314,16432251303,0,0,11
8209,0,16434253476,16434253456,0,0,19
8210,0,16436253371,16436253355,0,0,15
8211,0,16438255520,16438255508,0,0,11
8212,0,16440258531,16440258575,0,0,-44
8213,0,16442259993,16442260037,0,0,-44
8214,0,16444262717,16444262691,0,0,26
8215,0,16446264573,16446264546,0,0,26
8216,0,16448267343,16448267334,0,0,8
8217,0,16450269373,16450269395,0,0,-22
8218,0,16452271622,16452271597,0,0,24
8219,0,16454273299,16454273260,0,0,39
8220,0,16456275607,16456275636,0,0,-29
8221,0,16458277880,16458277891,0,0,-11
8222,0,16460280247,16460280258,0,0,-11
8223,0,16462282482,16462282403,0,0,78
8224,0,16464285063,16464284997,0,0,65
8225,0,16466287910,16466287851,0,0,59
8226,0,16468289239,16468289182,0,0,56
8227,0,16470291455,16470291475,0,0,-20
8228,0,16472294304,16472294312,0,0,-7
8229,0,16474296937,16474296949,0,0,-12
8230,0,16476297844,16476297778,0,0,66
8231,0,16478300570,16478300535,0,0,35
8232,0,16480303124,16480303095,0,0,29
8233,0,16482304877,16482304822,0,0,54
8234,0,16484306647,16484306625,0,0,22
8235,0,16486309379,16486309351,0,0,27
8236,0,16488311144,16488311074,0,0,70
8237,0,16490313307,16490313326,0,0,-19
8238,0,16492316010,16492316033,0,0,-23
8239,0,16494318246,16494318208,0,0,38
8240,0,16496321152,16496321114,0,0,38
8241,0,16498324128,16498324158,0,0,-29
8242,0,16500323855,16500323910,0,0,-55
8243,0,16502326711,16502326727,0,0,-15
8244,0,16504329501,16504329482,0,0,19
8245,0,16506330909,16506330880,0,0,28
8246,0,16508332716,16508332665,0,0,51
8247,0,16510336100,16510336122,0,0,-22
8248,0,16512337961,16512337983,0,0,-22
8249,0,16514340081,16514340098,0,0,-16
8250,0,16516343046,16516342978,0,0,67
8251,0,16518344680,16518344664,0,0,16
8252,0,16520347234,16520347186,0,0,48
8253,0,16522349363,16522349330,0,0,32
8254,0,16524351316,16524351327,0,0,-10
8255,0,16526355168,16526355195,0,0,-26
8256,0,16528355995,16528355949,0,0,46
8257,0,16530359094,16530359074,0,0,20
8258,0,16532360018,16532360026,0,0,-8
8259,0,16534363220,16534363254,0,0,-33
8260,0,16536365591,16536365551,0,0,39
8261,0,16538366550,16538366478,0,0,71
8262,0,16540368188,16540368153,0,0,35
8263,0,16542371415,16542371429,0,0,-13
8264,0,16544373434,16544373424,0,0,9
8265,0,16546375821,16546375826,0,0,-5
8266,0,16548377570,16548377561,0,0,8
8267,0,16550378916,16550378925,0,0,-8
8268,0,16552381293,16552381303,0,0,-10
8269,0,16554385370,16554385363,0,0,7
8270,0,16556387233,16556387222,0,0,11
8271,0,16558389273,16558389285,0,0,-12
8272,0,16560391631,16560391573,0,0,58
8273,0,16562394107,16562394132,0,0,-25
8274,0,16564395060,16564395080,0,0,-20
8275,0,16566398067,16566398029,0,0,38
8276,0,16568400069,16568400009,0,0,59
8277,0,16570400920,16570400858,0,0,61
8278,0,16572403885,16572403806,0,0,78
8279,0,16574406609,16574406559,0,0,50
8280,0,16576408517,16576408438,0,0,79
8281,0,16578411350,16578411304,0,0,46
8282,0,16580413526,16580413475,0,0,51
8283,0,16582415708,16582415725,0,0,-16
8284,0,16584417842,16584417789,0,0,53
8285,0,16586420432,16586420458,0,0,-26
8286,0,16588422864,16588422853,0,0,10
8287,0,16590424918,16590424948,0,0,-30
8288,0,16592427463,16592427476,0,0,-13
8289,0,16594429915,16594429907,0,0,8
8290,0,16596430455,16596430419,0,0,35
8291,0,16598433714,16598433656,0,0,58
8292,0,16600435987,16600435946,0,0,40
8293,0,16602437824,16602437781,0,0,43
8294,0,16604439424,16604439366,0,0,58
8295,0,16606442495,16606442458,0,0,36
8296,0,16608445438,16608445386,0,0,51
8297,0,16610447191,16610447052,0,0,138
8298,0,16612449103,16612449116,0,0,-12
8299,0,16614451286,16614451262,0,0,23
8300,0,16616453413,16616453393,0,0,19
8301,0,16618455867,16618455823,0,0,44
8302,0,16620458169,16620458110,0,0,59
8303,0,16622460123,16622460085,0,0,38
8304,0,16624462525,16624462491,0,0,33
8305,0,16626466698,16626466690,0,0,8
8306,0,16628467112,16628467088,0,0,24
8307,0,16630469524,16630469492,0,0,32
8308,0,16632472051,16632472006,0,0,44
8309,0,16634473520,16634473507,0,0,13
8310,0,16636475899,16636475889,0,0,9
8311,0,16638478126,16638478091,0,0,35
8312,0,16640480704,16640480651,0,0,53
8313,0,16642482647,16642482609,0,0,38
8314,0,16644484718,16644484671,0,0,47
8315,0,16646486862,16646486837,0,0,24
8316,0,16648489541,16648489513,0,0,27
8317,0,16650491488,16650491466,0,0,22
8318,0,16652494053,16652494038,0,0,15
8319,0,16654495969,16654495945,0,0,24
8320,0,16656498317,16656498301,0,0,16
8321,0,16658501164,16658501139,0,0,24
8322,0,16660502011,16660501964,0,0,47
8323,0,16662505602,16662505595,0,0,6
8324,0,16664508125,16664508106,0,0,19
8325,0,16666508847,16666508810,0,0,36
8326,0,16668511033,16668510995,0,0,38
8327,0,16670513845,16670513820,0,0,25
8328,0,16672516056,16672516041,0,0,14
8329,0,16674518950,16674518912,0,0,38
8330,0,16676520126,16676520113,0,0,13
8331,0,16678521349,16678521321,0,0,28
8332,0,16680524844,16680524791,0,0,53
8333,0,16682527150,16682527104,0,0,46
8334,0,16684529444,16684529425,0,0,19
8335,0,16686531165,16686531128,0,0,37
8336,0,16688532540,16688532492,0,0,47
8337,0,16690535797,16690535761,0,0,36
8338,0,16692538350,16692538309,0,0,40
8339,0,16694540032,16694539988,0,0,44
8340,0,16696541798,16696541768,0,0,29
8341,0,16698544683,16698544669,0,0,13
8342,0,16700547158,16700547129,0,0,29
8343,0,16702549633,16702549595,0,0,38
8344,0,16704551689,16704551645,0,0,43
8345,0,16706553959,16706553952,0,0,7
8346,0,16708555957,16708555946,0,0,11
8347,0,16710558161,16710558226,0,0,-65
8348,0,16712560134,16712560114,0,0,19
8349,0,16714561720,16714561696,0,0,24
8350,0,16716565312,16716565260,0,0,51
8351,0,16718567035,16718566979,0,0,56
8352,0,16720569302,16720569270,0,0,31
8353,0,16722572413,16722572389,0,0,24
8354,0,16724573507,16724573458,0,0,49
8355,0,16726576952,16726576911,0,0,41
8356,0,16728579526,16728579541,0,0,-15
8357,0,16730580403,16730580412,0,0,-8
8358,0,16732582717,16732582754,0,0,-36
8359,0,16734584687,16734584705,0,0,-17
8360,0,16736587397,16736587361,0,0,35
8361,0,16738589589,16738589563,0,0,26
8362,0,16740591733,16740591718,0,0,15
8363,0,16742594119,16742594081,0,0,38
8364,0,16744596370,16744596312,0,0,58
8365,0,16746598984,16746598944,0,0,39
8366,0,16748600290,16748600231,0,0,59
8367,0,16750601481,16750601433,0,0,48
8368,0,16752605652,16752605627,0,0,24
8369,0,16754607866,16754607816,0,0,49
8370,0,16756608712,16756608674,0,0,38
8371,0,16758611539,16758611502,0,0,36
8372,0,16760613752,16760613728,0,0,24
8373,0,16762615980,16762615945,0,0,35
8374,0,16764617960,16764617983,0,0,-22
8375,0,16766619817,16766619808,0,0,8
8376,0,16768622856,16768622856,0,0,0
8377,0,16770624498,16770624466,0,0,32
8378,0,16772626213,16772626183,0,0,29
8379,0,16774629446,16774629418,0,0,27
8380,0,16776631925,16776631866,0,0,59
8381,0,16778634022,16778634037,0,0,-15
8382,0,16780636376,16780636364,0,0,11
8383,0,16782638772,16782638788,0,0,-15
8384,0,16784640555,16784640589,0,0,-33
8385,0,16786643424,16786643447,0,0,-22
8386,0,16788644072,16788644091,0,0,-18
8387,0,16790646881,16790646894,0,0,-12
8388,0,16792649274,16792649294,0,0,-20
8389,0,16794651241,16794651283,0,0,-42
8390,0,16796652757,16796652721,0,0,35
8391,0,16798655583,16798655559,0,0,24
8392,0,16800657271,16800657226,0,0,45
8393,0,16802660585,16802660548,0,0,36
8394,0,16804662227,16804662172,0,0,55
8395,0,16806664840,16806664795,0,0,44
8396,0,16808666102,16808666046,0,0,56
8397,0,16810669392,16810669424,0,0,-31
8398,0,16812672042,16812671976,0,0,65
8399,0,16814673818,16814673852,0,0,-33
8400,0,16816675820,16816675853,0,0,-32
8401,0,16818677352,16818677325,0,0,26
8402,0,16820681691,16820681671,0,0,19
8403,0,16822682869,16822682817,0,0,51
8404,0,16824685229,16824685151,0,0,77
8405,0,16826688490,16826688478,0,0,11
8406,0,16828689858,16828689804,0,0,53
8407,0,16830691343,16830691325,0,0,17
8408,0,16832693325,16832693275,0,0,49
8409,0,16834696978,16834696957,0,0,21
8410,0,16836699662,16836699640,0,0,22
8411,0,16838700651,16838700642,0,0,9
8412,0,16840702575,16840702537,0,0,38
8413,0,16842704534,16842704487,0,0,47
8414,0,16844707418,16844707352,0,0,65
8415,0,16846709145,16846709167,0,0,-22
8416,0,16848710826,16848710786,0,0,40
8417,0,16850713966,16850713931,0,0,35
8418,0,16852717040,16852716989,0,0,51
8419,0,16854718901,16854718853,0,0,47
8420,0,16856720612,16856720559,0,0,53
8421,0,16858722866,16858722822,0,0,44
8422,0,16860725348,16860725333,0,0,15
8423,0,16862727460,16862727421,0,0,39
8424,0,16864729155,16864729116,0,0,38
8425,0,16866730320,16866730280,0,0,40
8426,0,16868733229,16868733177,0,0,51
8427,0,16870735766,16870735779,0,0,-13
8428,0,16872737730,16872737716,0,0,14
8429,0,16874741049,16874741085,0,0,-36
8430,0,16876742960,16876742992,0,0,-31
8431,0,16878744968,16878744994,0,0,-26
8432,0,16880747463,16880747422,0,0,41
8433,0,16882749293,16882749255,0,0,38
8434,0,16884751869,16884751891,0,0,-22
8435,0,16886754103,16886754078,0,0,24
8436,0,16888756430,16888756392,0,0,38
8437,0,16890758650,16890758576,0,0,74
8438,0,16892760314,16892760278,0,0,35
8439,0,16894761864,16894761826,0,0,38
8440,0,16896765819,16896765798,0,0,20
8441,0,16898767682,16898767645,0,0,36
8442,0,16900769901,16900769882,0,0,19
8443,0,16902771604,16902771588,0,0,15
8444,0,16904773699,16904773676,0,0,23
8445,0,16906775184,16906775146,0,0,38
8446,0,16908778629,16908778614,0,0,15
8447,0,16910780378,16910780354,0,0,24
8448,0,16912782041,16912782022,0,0,18
8449,0,16914785224,16914785182,0,0,42
8450,0,16916788500,16916788462,0,0,38
8451,0,16918790159,16918790134,0,0,24
8452,0,16920792520,16920792481,0,0,38
8453,0,16922793838,16922793880,0,0,-42
8454,0,16924796271,16924796303,0,0,-32
8455,0,16926799649,16926799621,0,0,28
8456,0,16928800398,16928800370,0,0,27
8457,0,16930801591,16930801566,0,0,24
8458,0,16932804122,16932804074,0,0,47
8459,0,16934807424,16934807408,0,0,15
8460,0,16936809728,16936809685,0,0,43
8461,0,16938811036,16938811024,0,0,11
8462,0,16940812653,16940812613,0,0,40
8463,0,16942815076,16942815071,0,0,4
8464,0,16944819055,16944819042,0,0,13
8465,0,16946820211,16946820186,0,0,24
8466,0,16948823535,16948823521,0,0,14
8467,0,16950825033,16950824999,0,0,34
8468,0,16952827060,16952827049,0,0,11
8469,0,16954828392,16954828357,0,0,35
8470,0,16956830263,16956830224,0,0,38
8471,0,16958832867,16958832826,0,0,40
8472,0,16960836158,16960836081,0,0,76
8473,0,16962838076,16962838040,0,0,35
8474,0,16964839681,16964839615,0,0,65
8475,0,16966842936,16966842866,0,0,69
8476,0,16968844589,16968844552,0,0,36
8477,0,16970847640,16970847623,0,0,17
8478,0,16972850385,16972850359,0,0,26
8479,0,16974851878,16974851847,0,0,31
8480,0,16976853932,16976853884,0,0,47
8481,0,16978856337,16978856298,0,0,38
8482,0,16980858743,16980858666,0,0,76
8483,0,16982861442,16982861406,0,0,36
8484,0,16984863131,16984863060,0,0,71
8485,0,16986865575,16986865537,0,0,38
8486,0,16988866820,16988866787,0,0,32
8487,0,16990868287,16990868242,0,0,45
8488,0,16992871024,16992870973,0,0,51
8489,0,16994873910,16994873889,0,0,20
8490,0,16996876214,16996876191,0,0,22
8491,0,16998878287,16998878263,0,0,24
8492,0,17000880452,17000880366,0,0,86
8493,0,17002882853,17002882822,0,0,31
8494,0,17004885403,17004885374,0,0,29
8495,0,17006887157,17006887132,0,0,25
8496,0,17008888635,17008888581,0,0,53
8497,0,17010892363,17010892325,0,0,38
8498,0,17012895456,17012895411,0,0,44
8499,0,17014896577,17014896546,0,0,31
8500,0,17016898615,17016898567,0,0,48
8501,0,17018900725,17018900671,0,0,53
8502,0,17020902855,17020902813,0,0,42
8503,0,17022905348,17022905305,0,0,43
8504,0,17024907412,17024907364,0,0,48
8505,0,17026910617,17026910638,0,0,-20
8506,0,17028911123,17028911066,0,0,57
8507,0,17030913825,17030913782,0,0,43
8508,0,17032916074,17032916022,0,0,52
8509,0,17034918269,17034918246,0,0,23
8510,0,17036919784,17036919734,0,0,49
8511,0,17038922925,17038922903,0,0,22
8512,0,17040925207,17040925217,0,0,-10
8513,0,17042927402,17042927436,0,0,-34
8514,0,17044930438,17044930477,0,0,-38
8515,0,17046932871,17046932845,0,0,26
8516,0,17048935469,17048935434,0,0,34
8517,0,17050936442,17050936391,0,0,51
8518,0,17052938422,17052938382,0,0,40
8519,0,17054940524,17054940476,0,0,47
8520,0,17056942038,17056941976,0,0,61
8521,0,17058944912,17058944860,0,0,52
8522,0,17060946433,17060946368,0,0,65
8523,0,17062949861,17062949821,0,0,40
8524,0,17064952152,17064952099,0,0,52
8525,0,17066953568,17066953535,0,0,32
8526,0,17068955985,17068955966,0,0,19
8527,0,17070959170,17070959148,0,0,22
8528,0,17072962043,17072962014,0,0,29
8529,0,17074963937,17074963904,0,0,32
8530,0,17076965956,17076965968,0,0,-11
8531,0,17078967390,17078967420,0,0,-29
8532,0,17080969768,17080969811,0,0,-42
8533,0,17082972073,17082972100,0,0,-26
8534,0,17084974123,17084974147,0,0,-24
8535,0,17086976815,17086976773,0,0,42
8536,0,17088978920,17088978870,0,0,49
8537,0,17090981084,17090981046,0,0,38
8538,0,17092982921,17092982880,0,0,40
8539,0,17094985225,17094985180,0,0,44
8540,0,17096988198,17096988177,0,0,21
8541,0,17098989660,17098989648,0,0,11
8542,0,17100992705,17100992656,0,0,48
8543,0,17102994113,17102994105,0,0,7
8544,0,17104996923,17104996903,0,0,19
8545,0,17106998766,17106998719,0,0,46
8546,0,17109001808,17109001756,0,0,52
8547,0,17111002532,17111002574,0,0,-42
8548,0,17113006069,17113006094,0,0,-24
8549,0,17115007456,17115007468,0,0,-11
8550,0,17117009624,17117009655,0,0,-31
8551,0,17119012286,17119012248,0,0,38
8552,0,17121013923,17121013898,0,0,24
8553,0,17123015755,17123015707,0,0,47
8554,0,17125019189,17125019147,0,0,42
8555,0,17127022531,17127022511,0,0,20
8556,0,17129023889,17129023848,0,0,40
8557,0,17131025631,17131025580,0,0,51
8558,0,17133028046,17133027980,0,0,65
8559,0,17135030017,17135029965,0,0,51
8560,0,17137032534,17137032472,0,0,62
8561,0,17139033968,17139033909,0,0,59
8562,0,17141036642,17141036651,0,0,-9
8563,0,17143038896,17143038847,0,0,49
8564,0,17145040755,17145040705,0,0,49
8565,0,17147043471,17147043501,0,0,-30
8566,0,17149045589,17149045526,0,0,62
8567,0,17151047901,17151047825,0,0,75
8568,0,17153050406,17153050415,0,0,-8
8569,0,17155051875,17155051888,0,0,-13
8570,0,17157053979,17157053990,0,0,-10
8571,0,17159056671,17159056699,0,0,-27
8572,0,17161059353,17161059363,0,0,-9
8573,0,17163061213,17163061218,0,0,-5
8574,0,17165063701,17165063721,0,0,-20
8575,0,17167065177,17167065154,0,0,23
8576,0,17169067600,17169067557,0,0,43
8577,0,17171070231,17171070242,0,0,-10
8578,0,17173073068,17173073038,0,0,29
8579,0,17175076087,17175076049,0,0,38
8580,0,17177077889,17177077916,0,0,-26
8581,0,17179078474,17179078521,0,0,-47
8582,0,17181080024,17181080062,0,0,-38
8583,0,17183083535,17183083581,0,0,-45
8584,0,17185085525,17185085511,0,0,13
8585,0,17187087835,17187087815,0,0,20
8586,0,17189089793,17189089773,0,0,19
8587,0,17191091800,17191091825,0,0,-25
8588,0,17193093496,17193093539,0,0,-42
8589,0,17195096440,17195096483,0,0,-42
8590,0,17197098516,17197098557,0,0,-40
8591,0,17199099833,17199099865,0,0,-31
8592,0,17201104257,17201104251,0,0,6
8593,0,17203106852,17203106824,0,0,27
8594,0,17205107778,17205107764,0,0,13
8595,0,17207110916,17207110886,0,0,29
8596,0,17209112082,17209112044,0,0,38
8597,0,17211114276,17211114262,0,0,14
8598,0,17213117036,17213117008,0,0,28
8599,0,17215118966,17215118948,0,0,17
8600,0,17217121067,17217121040,0,0,27
8601,0,17219123312,17219123278,0,0,33
8602,0,17221125719,17221125687,0,0,32
8603,0,17223127606,17223127590,0,0,16
8604,0,17225130157,17225130109,0,0,47
8605,0,17227133178,17227133144,0,0,33
8606,0,17229133672,17229133634,0,0,38
8607,0,17231136647,17231136653,0,0,-6
8608,0,17233139092,17233139072,0,0,20
8609,0,17235140793,17235140751,0,0,41
8610,0,17237142371,17237142391,0,0,-19
8611,0,17239147154,17239147178,0,0,-24
8612,0,17241148047,17241148066,0,0,-18
8613,0,17243149492,17243149454,0,0,38
8614,0,17245151371,17245151324,0,0,47
8615,0,17247154994,17247154955,0,0,39
8616,0,17249156703,17249156646,0,0,57
8617,0,17251158812,17251158770,0,0,41
8618,0,17253160891,17253160831,0,0,59
8619,0,17255162204,17255162157,0,0,46
8620,0,17257166136,17257166101,0,0,35
8621,0,17259167505,17259167465,0,0,40
8622,0,17261168908,17261168872,0,0,35
8623,0,17263171922,17263171874,0,0,48
8624,0,17265173157,17265173080,0,0,76
8625,0,17267175916,17267175884,0,0,32
8626,0,17269178743,17269178710,0,0,32
8627,0,17271181404,17271181422,0,0,-17
8628,0,17273183417,17273183453,0,0,-35
8629,0,17275185260,17275185274,0,0,-13
8630,0,17277187549,17277187535,0,0,13
8631,0,17279190431,17279190464,0,0,-33
8632,0,17281192247,17281192251,0,0,-4
8633,0,17283195500,17283195483,0,0,17
8634,0,17285197636,17285197608,0,0,28
8635,0,17287198674,17287198659,0,0,15
8636,0,17289201141,17289201111,0,0,30
8637,0,17291203777,17291203759,0,0,17
8638,0,17293205940,17293205880,0,0,59
8639,0,17295207402,17295207364,0,0,38
8640,0,17297208914,17297208891,0,0,23
8641,0,17299212624,17299212588,0,0,35
8642,0,17301214316,17301214286,0,0,29
8643,0,17303217913,17303217883,0,0,29
8644,0,17305219698,17305219666,0,0,31
8645,0,17307220094,17307220076,0,0,17
8646,0,17309223296,17309223275,0,0,21
8647,0,17311225617,17311225586,0,0,31
8648,0,17313228173,17313228198,0,0,-24
8649,0,17315230486,17315230530,0,0,-43
8650,0,17317233112,17317233122,0,0,-9
8651,0,17319235354,17319235393,0,0,-39
8652,0,17321236772,17321236801,0,0,-29
8653,0,17323238505,17323238514,0,0,-8
8654,0,17325240132,17325240159,0,0,-26
8655,0,17327244626,17327244577,0,0,48
8656,0,17329245634,17329245568,0,0,66
8657,0,17331248366,17331248386,0,0,-20
8658,0,17333250020,17333249984,0,0,35
8659,0,17335253436,17335253399,0,0,37
8660,0,17337254512,17337254469,0,0,43
8661,0,17339256596,17339256575,0,0,20
8662,0,17341258995,17341258979,0,0,15
8663,0,17343261359,17343261321,0,0,38
8664,0,17345263917,17345263834,0,0,83
8665,0,17347265541,17347265510,0,0,31
8666,0,17349267906,17349267850,0,0,56
8667,0,17351269660,17351269641,0,0,19
8668,0,17353271944,17353271912,0,0,32
8669,0,17355274661,17355274643,0,0,17
8670,0,17357276785,17357276725,0,0,60
8671,0,17359279026,17359278978,0,0,47
8672,0,17361281208,17361281184,0,0,23
8673,0,17363283314,17363283287,0,0,26
8674,0,17365285158,17365285142,0,0,15
8675,0,17367289351,17367289323,0,0,28
8676,0,17369289875,17369289848,0,0,26
8677,0,17371291036,17371290982,0,0,54
8678,0,17373293834,17373293806,0,0,27
8679,0,17375296809,17375296764,0,0,44
8680,0,17377299076,17377299042,0,0,33
8681,0,17379301184,17379301141,0,0,42
8682,0,17381303987,17381303939,0,0,47
8683,0,17383306372,17383306335,0,0,36
8684,0,17385308208,17385308151,0,0,56
8685,0,17387310197,17387310160,0,0,36
8686,0,17389312221,17389312229,0,0,-7
8687,0,17391314904,17391314920,0,0,-15
8688,0,17393318191,17393318144,0,0,46
8689,0,17395320047,17395320029,0,0,17
8690,0,17397320958,17397320903,0,0,55
8691,0,17399323152,17399323139,0,0,13
8692,0,17401325337,17401325315,0,0,21
8693,0,17403327778,17403327733,0,0,44
8694,0,17405330170,17405330121,0,0,49
8695,0,17407332676,17407332636,0,0,39
8696,0,17409335042,17409334976,0,0,66
8697,0,17411337158,17411337119,0,0,39
8698,0,17413339260,17413339191,0,0,69
8699,0,17415341277,17415341219,0,0,58
8700,0,17417343851,17417343844,0,0,6
8701,0,17419345856,17419345844,0,0,11
8702,0,17421348201,17421348201,0,0,0
8703,0,17423350331,17423350325,0,0,6
8704,0,17425352593,17425352539,0,0,53
8705,0,17427355734,17427355799,0,0,-64
8706,0,17429357557,17429357538,0,0,19
8707,0,17431359484,17431359476,0,0,8
8708,0,17433363212,17433363180,0,0,31
8709,0,17435364506,17435364473,0,0,33
8710,0,17437365493,17437365455,0,0,38
8711,0,17439366521,17439366465,0,0,56
8712,0,17441369444,17441369402,0,0,42
8713,0,17443372320,17443372271,0,0,49
8714,0,17445374871,17445374813,0,0,58
8715,0,17447376592,17447376534,0,0,58
8716,0,17449378477,17449378456,0,0,21
8717,0,17451380800,17451380802,0,0,-2
8718,0,17453382177,17453382169,0,0,7
8719,0,17455384582,17455384566,0,0,15
8720,0,17457388347,17457388311,0,0,35
8721,0,17459390140,17459390180,0,0,-40
8722,0,17461392473,17461392433,0,0,40
8723,0,17463395270,17463395259,0,0,11
8724,0,17465397687,17465397661,0,0,25
8725,0,17467398056,17467398080,0,0,-23
8726,0,17469401024,17469400995,0,0,29
8727,0,17471402442,17471402404,0,0,38
8728,0,17473405887,17473405844,0,0,42
8729,0,17475407977,17475407954,0,0,22
8730,0,17477410182,17477410168,0,0,13
8731,0,17479412191,17479412176,0,0,15
8732,0,17481413700,17481413669,0,0,30
8733,0,17483416759,17483416719,0,0,39
8734,0,17485418212,17485418177,0,0,35
8735,0,17487421188,17487421147,0,0,41
8736,0,17489423543,17489423462,0,0,80
8737,0,17491425888,17491425858,0,0,29
8738,0,17493428078,17493428097,0,0,-18
8739,0,17495431591,17495431615,0,0,-24
8740,0,17497434869,17497434829,0,0,40
8741,0,17499434952,17499434911,0,0,40
8742,0,17501437287,17501437305,0,0,-17
8743,0,17503439432,17503439391,0,0,41
8744,0,17505441530,17505441503,0,0,27
8745,0,17507443595,17507443533,0,0,62
8746,0,17509445645,17509445585,0,0,60
8747,0,17511447047,17511446991,0,0,55
8748,0,17513450352,17513450329,0,0,23
8749,0,17515452649,17515452611,0,0,38
8750,0,17517455072,17517455015,0,0,56
8751,0,17519456385,17519456373,0,0,11
8752,0,17521457959,17521457910,0,0,49
8753,0,17523460265,17523460288,0,0,-22
8754,0,17525463602,17525463561,0,0,40
8755,0,17527466921,17527466893,0,0,28
8756,0,17529468860,17529468822,0,0,38
8757,0,17531469161,17531469133,0,0,28
8758,0,17533472755,17533472717,0,0,38
8759,0,17535475049,17535475012,0,0,37
8760,0,17537476802,17537476716,0,0,86
8761,0,17539478527,17539478494,0,0,33
8762,0,17541481241,17541481204,0,0,36
8763,0,17543482764,17543482726,0,0,38
8764,0,17545486514,17545486473,0,0,40
8765,0,17547488214,17547488175,0,0,38
8766,0,17549490121,17549490099,0,0,21
8767,0,17551491692,17551491653,0,0,38
8768,0,17553494862,17553494757,0,0,104
8769,0,17555496901,17555496871,0,0,29
8770,0,17557499678,17557499722,0,0,-43
8771,0,17559502066,17559502085,0,0,-19
8772,0,17561504834,17561504794,0,0,40
8773,0,17563505657,17563505621,0,0,35
8774,0,17565507307,17565507266,0,0,41
8775,0,17567510473,17567510420,0,0,52
8776,0,17569512803,17569512776,0,0,26
8777,0,17571514905,17571514849,0,0,56
8778,0,17573517099,17573517061,0,0,38
8779,0,17575518994,17575518966,0,0,27
8780,0,17577520712,17577520675,0,0,36
8781,0,17579523811,17579523754,0,0,56
8782,0,17581526449,17581526406,0,0,42
8783,0,17583527844,17583527880,0,0,-35
8784,0,17585529269,17585529213,0,0,56
8785,0,17587532503,17587532459,0,0,43
8786,0,17589534532,17589534498,0,0,33
8787,0,17591535871,17591535857,0,0,14
8788,0,17593539452,17593539429,0,0,23
8789,0,17595541444,17595541406,0,0,38
8790,0,17597543932,17597543907,0,0,24
8791,0,17599545391,17599545348,0,0,42
8792,0,17601547444,17601547404,0,0,40
8793,0,17603550226,17603550178,0,0,48
8794,0,17605551461,17605551416,0,0,44
8795,0,17607553990,17607553952,0,0,38
8796,0,17609557063,17609557057,0,0,6
8797,0,17611559475,17611559436,0,0,38
8798,0,17613561528,17613561497,0,0,31
8799,0,17615563485,17615563462,0,0,23
8800,0,17617565229,17617565191,0,0,38
8801,0,17619568893,17619568907,0,0,-14
8802,0,17621570673,17621570702,0,0,-29
8803,0,17623573798,17623573822,0,0,-24
8804,0,17625577155,17625577149,0,0,6
8805,0,17627578328,17627578378,0,0,-50
8806,0,17629579307,17629579331,0,0,-23
8807,0,17631581337,17631581375,0,0,-38
8808,0,17633584341,17633584384,0,0,-42
8809,0,17635586032,17635586065,0,0,-33
8810,0,17637588140,17637588170,0,0,-30
8811,0,17639590177,17639590196,0,0,-18
8812,0,17641593045,17641592997,0,0,47
8813,0,17643595123,17643595098,0,0,24
8814,0,17645597218,17645597178,0,0,40
8815,0,17647599355,17647599336,0,0,19
8816,0,17649602398,17649602375,0,0,23
8817,0,17651603645,17651603670,0,0,-24
8818,0,17653606397,17653606383,0,0,14
8819,0,17655608148,17655608116,0,0,31
8820,0,17657611752,17657611719,0,0,33
8821,0,17659612373,17659612341,0,0,31
8822,0,17661614217,17661614169,0,0,48
8823,0,17663617423,17663617417,0,0,5
8824,0,17665619295,17665619237,0,0,58
8825,0,17667621849,17667621806,0,0,42
8826,0,17669623539,17669623512,0,0,26
8827,0,17671624766,17671624742,0,0,24
8828,0,17673627949,17673627923,0,0,26
8829,0,17675630193,17675630154,0,0,39
8830,0,17677631615,17677631577,0,0,38
8831,0,17679634951,17679634937,0,0,14
8832,0,17681637175,17681637137,0,0,38
8833,0,17683639173,17683639207,0,0,-34
8834,0,17685641871,17685641889,0,0,-17
8835,0,17687644635,17687644616,0,0,19
8836,0,17689647206,17689647172,0,0,34
8837,0,17691648118,17691648148,0,0,-30
8838,0,17693650391,17693650426,0,0,-35
8839,0,17695652845,17695652891,0,0,-45
8840,0,17697655282,17697655251,0,0,31
8841,0,17699657076,17699657119,0,0,-42
8842,0,17701659665,17701659707,0,0,-42
8843,0,17703662127,17703662169,0,0,-42
8844,0,17705663899,17705663920,0,0,-20
8845,0,17707665966,17707665986,0,0,-19
8846,0,17709668308,17709668357,0,0,-48
8847,0,17711670723,17711670686,0,0,36
8848,0,17713673640,17713673595,0,0,44
8849,0,17715675923,17715675893,0,0,30
8850,0,17717676868,17717676838,0,0,29
8851,0,17719678665,17719678633,0,0,31
8852,0,17721682887,17721682856,0,0,31
8853,0,17723683906,17723683878,0,0,28
8854,0,17725686042,17725685982,0,0,60
8855,0,17727689548,17727689521,0,0,26
8856,0,17729690970,17729690942,0,0,27
8857,0,17731692462,17731692442,0,0,19
8858,0,17733694417,17733694379,0,0,38
8859,0,17735696982,17735696973,0,0,9
8860,0,17737699688,17737699637,0,0,51
8861,0,17739701379,17739701401,0,0,-22
8862,0,17741703745,17741703715,0,0,29
8863,0,17743706128,17743706164,0,0,-35
8864,0,17745708210,17745708198,0,0,11
8865,0,17747711088,17747711072,0,0,15
8866,0,17749712887,17749712858,0,0,29
8867,0,17751715197,17751715174,0,0,23
8868,0,17753718384,17753718357,0,0,27
8869,0,17755719321,17755719267,0,0,54
8870,0,17757721620,17757721584,0,0,36
8871,0,17759723710,17759723683,0,0,26
8872,0,17761725345,17761725303,0,0,41
8873,0,17763728543,17763728521,0,0,21
8874,0,17765730603,17765730545,0,0,58
8875,0,17767732733,17767732707,0,0,25
8876,0,17769735314,17769735266,0,0,47
8877,0,17771737494,17771737520,0,0,-26
8878,0,17773740003,17773739990,0,0,13
8879,0,17775741332,17775741306,0,0,26
8880,0,17777742921,17777742859,0,0,61
8881,0,17779746199,17779746148,0,0,51
8882,0,17781748320,17781748306,0,0,13
8883,0,17783750238,17783750205,0,0,32
8884,0,17785752939,17785752887,0,0,51
8885,0,17787755213,17787755155,0,0,58
8886,0,17789757660,17789757600,0,0,59
8887,0,17791759491,17791759435,0,0,55
8888,0,17793761834,17793761811,0,0,23
8889,0,17795763962,17795763908,0,0,53
8890,0,17797766355,17797766274,0,0,80
8891,0,17799768483,17799768417,0,0,65
8892,0,17801770886,17801770845,0,0,40
8893,0,17803773176,17803773112,0,0,63
8894,0,17805775238,17805775173,0,0,64
8895,0,17807776890,17807776852,0,0,38
8896,0,17809779215,17809779143,0,0,71
8897,0,17811782282,17811782224,0,0,58
8898,0,17813784518,17813784454,0,0,63
8899,0,17815787450,17815787426,0,0,23
8900,0,17817789508,17817789455,0,0,53
8901,0,17819791728,17819791680,0,0,47
8902,0,17821792874,17821792835,0,0,38
8903,0,17823794707,17823794669,0,0,38
8904,0,17825796669,17825796611,0,0,58
8905,0,17827800781,17827800741,0,0,39
8906,0,17829801871,17829801893,0,0,-21
8907,0,17831803964,17831803907,0,0,56
8908,0,17833805665,17833805610,0,0,54
8909,0,17835807581,17835807533,0,0,47
8910,0,17837811297,17837811225,0,0,71
8911,0,17839812891,17839812845,0,0,45
8912,0,17841815356,17841815310,0,0,46
8913,0,17843817993,17843817944,0,0,49
8914,0,17845819260,17845819202,0,0,58
8915,0,17847821023,17847821033,0,0,-10
8916,0,17849823941,17849823914,0,0,27
8917,0,17851826125,17851826107,0,0,17
8918,0,17853828626,17853828575,0,0,51
8919,0,17855830339,17855830312,0,0,27
8920,0,17857831937,17857831914,0,0,23
8921,0,17859834748,17859834702,0,0,46
8922,0,17861836358,17861836300,0,0,58
8923,0,17863839613,17863839576,0,0,37
8924,0,17865842105,17865842083,0,0,21
8925,0,17867843878,17867843833,0,0,44
8926,0,17869845126,17869845107,0,0,19
8927,0,17871848253,17871848229,0,0,24
8928,0,17873849620,17873849615,0,0,4
8929,0,17875853045,17875853014,0,0,31
8930,0,17877855193,17877855145,0,0,47
8931,0,17879857849,17879857840,0,0,8
8932,0,17881859489,17881859465,0,0,23
8933,0,17883861564,17883861616,0,0,-51
8934,0,17885863712,17885863698,0,0,13
8935,0,17887866341,17887866321,0,0,20
8936,0,17889868284,17889868236,0,0,47
8937,0,17891870203,17891870179,0,0,23
8938,0,17893872609,17893872574,0,0,35
8939,0,17895874591,17895874631,0,0,-39
8940,0,17897877402,17897877358,0,0,43
8941,0,17899879413,17899879400,0,0,12
8942,0,17901881215,17901881186,0,0,29
8943,0,17903883541,17903883525,0,0,15
8944,0,17905885012,17905884952,0,0,60
8945,0,17907887583,17907887548,0,0,35
8946,0,17909890479,17909890514,0,0,-35
8947,0,17911892232,17911892267,0,0,-34
8948,0,17913895319,17913895301,0,0,17
8949,0,17915898921,17915898908,0,0,12
8950,0,17917899630,17917899576,0,0,53
8951,0,17919901496,17919901471,0,0,24
8952,0,17921903518,17921903532,0,0,-14
8953,0,17923906810,17923906790,0,0,20
8954,0,17925908844,17925908797,0,0,47
8955,0,17927912326,17927912285,0,0,40
8956,0,17929912872,17929912837,0,0,35
8957,0,17931915522,17931915489,0,0,32
8958,0,17933917297,17933917266,0,0,31
8959,0,17935918501,17935918494,0,0,6
8960,0,17937921834,17937921820,0,0,14
8961,0,17939924615,17939924570,0,0,45
8962,0,17941926788,17941926769,0,0,18
8963,0,17943929670,17943929706,0,0,-35
8964,0,17945932004,17945932033,0,0,-28
8965,0,17947933783,17947933815,0,0,-32
8966,0,17949934813,17949934852,0,0,-38
8967,0,17951938119,17951938153,0,0,-33
8968,0,17953940098,17953940067,0,0,31
8969,0,17955941811,17955941797,0,0,13
8970,0,17957943988,17957943961,0,0,26
8971,0,17959946505,17959946539,0,0,-33
8972,0,17961948867,17961948887,0,0,-20
8973,0,17963950702,17963950755,0,0,-52
8974,0,17965953177,17965953112,0,0,65
8975,0,17967955678,17967955669,0,0,8
8976,0,17969957428,17969957379,0,0,49
8977,0,17971960413,17971960393,0,0,20
8978,0,17973961779,17973961750,0,0,29
8979,0,17975964089,17975964051,0,0,38
8980,0,17977966763,17977966737,0,0,25
8981,0,17979969504,17979969460,0,0,44
8982,0,17981971276,17981971218,0,0,58
8983,0,17983973131,17983973090,0,0,40
8984,0,17985975251,17985975293,0,0,-42
8985,0,17987977426,17987977395,0,0,31
8986,0,17989979946,17989979897,0,0,48
8987,0,17991982024,17991981999,0,0,24
8988,0,17993984457,17993984429,0,0,28
8989,0,17995986843,17995986813,0,0,29
8990,0,17997988915,17997988896,0,0,19
8991,0,17999991091,17999991067,0,0,23
8992,0,18001993211,18001993172,0,0,39
8993,0,18003995105,18003995057,0,0,47
8994,0,18005996507,18005996438,0,0,69
8995,0,18007999890,18007999865,0,0,25
8996,0,18010003006,18010002970,0,0,35
8997,0,18012004878,18012004854,0,0,23
8998,0,18014005750,18014005712,0,0,38
8999,0,18016008492,18016008444,0,0,47
9000,0,18018011206,18018011150,0,0,56
9001,0,18020013143,18020013099,0,0,43
9002,0,18022015751,18022015711,0,0,40
9003,0,18024017298,18024017261,0,0,37
9004,0,18026018912,18026018849,0,0,63
9005,0,18028023310,18028023252,0,0,58
9006,0,18030024536,18030024476,0,0,60
9007,0,18032026755,18032026707,0,0,47
9008,0,18034030705,18034030639,0,0,66
9009,0,18036032708,18036032721,0,0,-13
9010,0,18038033582,18038033607,0,0,-24
9011,0,18040036790,18040036796,0,0,-6
9012,0,18042037525,18042037548,0,0,-22
9013,0,18044039586,18044039537,0,0,49
9014,0,18046041193,18046041139,0,0,53
9015,0,18048044780,18048044741,0,0,39
9016,0,18050047034,18050046966,0,0,67
9017,0,18052049106,18052049060,0,0,46
9018,0,18054051623,18054051587,0,0,35
9019,0,18056053015,18056052955,0,0,60
9020,0,18058055643,18058055566,0,0,77
9021,0,18060058085,18060058020,0,0,65
9022,0,18062060013,18062059954,0,0,59
9023,0,18064062042,18064061990,0,0,51
9024,0,18066064309,18066064271,0,0,37
9025,0,18068067166,18068067134,0,0,31
9026,0,18070069370,18070069330,0,0,40
9027,0,18072070849,18072070806,0,0,42
9028,0,18074073793,18074073739,0,0,54
9029,0,18076076692,18076076647,0,0,44
9030,0,18078078357,18078078370,0,0,-12
9031,0,18080079743,18080079755,0,0,-11
9032,0,18082082022,18082082035,0,0,-13
9033,0,18084084102,18084084045,0,0,56
9034,0,18086085426,18086085371,0,0,55
9035,0,18088089483,18088089423,0,0,60
9036,0,18090090916,18090090872,0,0,44
9037,0,18092093626,18092093575,0,0,51
9038,0,18094095678,18094095604,0,0,73
9039,0,18096097581,18096097528,0,0,52
9040,0,18098100287,18098100259,0,0,27
9041,0,18100101937,18100101891,0,0,46
9042,0,18102103352,18102103319,0,0,33
9043,0,18104106809,18104106769,0,0,40
9044,0,18106108862,18106108839,0,0,23
9045,0,18108112113,18108112045,0,0,67
9046,0,18110112354,18110112308,0,0,45
9047,0,18112115309,18112115267,0,0,42
9048,0,18114118743,18114118710,0,0,32
9049,0,18116120949,18116120969,0,0,-20
9050,0,18118122357,18118122289,0,0,67
9051,0,18120124130,18120124087,0,0,42
9052,0,18122125643,18122125615,0,0,28
9053,0,18124128772,18124128727,0,0,44
9054,0,18126130980,18126130992,0,0,-11
9055,0,18128134584,18128134552,0,0,31
9056,0,18130135572,18130135577,0,0,-5
9057,0,18132137541,18132137565,0,0,-23
9058,0,18134140070,18134140012,0,0,58
9059,0,18136142950,18136142921,0,0,29
9060,0,18138144579,18138144626,0,0,-47
9061,0,18140147343,18140147317,0,0,25
9062,0,18142148326,18142148289,0,0,37
9063,0,18144151065,18144151024,0,0,40
9064,0,18146153506,18146153448,0,0,58
9065,0,18148155844,18148155827,0,0,16
9066,0,18150157835,18150157910,0,0,-74
9067,0,18152160643,18152160664,0,0,-20
9068,0,18154162427,18154162501,0,0,-74
9069,0,18156164660,18156164642,0,0,17
9070,0,18158166363,18158166310,0,0,53
9071,0,18160167648,18160167633,0,0,15
9072,0,18162171310,18162171346,0,0,-35
9073,0,18164173256,18164173285,0,0,-29
9074,0,18166175770,18166175726,0,0,43
9075,0,18168177832,18168177807,0,0,24
9076,0,18170179877,18170179847,0,0,29
9077,0,18172181912,18172181898,0,0,14
9078,0,18174184505,18174184515,0,0,-10
9079,0,18176186520,18176186480,0,0,40
9080,0,18178189214,18178189168,0,0,46
9081,0,18180191048,18180190982,0,0,65
9082,0,18182193311,18182193265,0,0,46
9083,0,18184196059,18184196022,0,0,36
9084,0,18186198269,18186198225,0,0,43
9085,0,18188199690,18188199685,0,0,4
9086,0,18190201660,18190201622,0,0,38
9087,0,18192204977,18192204956,0,0,21
9088,0,18194207125,18194207073,0,0,52
9089,0,18196208808,18196208799,0,0,8
9090,0,18198211838,18198211876,0,0,-38
9091,0,18200214033,18200214008,0,0,25
9092,0,18202215545,18202215587,0,0,-42
9093,0,18204217440,18204217476,0,0,-36
9094,0,18206220371,18206220417,0,0,-45
9095,0,18208222192,18208222222,0,0,-29
9096,0,18210224588,18210224620,0,0,-31
9097,0,18212227455,18212227446,0,0,8
9098,0,18214229392,18214229364,0,0,27
9099,0,18216230993,18216231028,0,0,-35
9100,0,18218233716,18218233752,0,0,-36
9101,0,18220235986,18220236031,0,0,-44
9102,0,18222238249,18222238239,0,0,9
9103,0,18224239685,18224239672,0,0,12
9104,0,18226241595,18226241554,0,0,41
9105,0,18228246723,18228246681,0,0,42
9106,0,18230247730,18230247716,0,0,13
9107,0,18232248610,18232248589,0,0,20
9108,0,18234250105,18234250141,0,0,-36
9109,0,18236253158,18236253149,0,0,8
9110,0,18238256065,18238256036,0,0,28
9111,0,18240257764,18240257746,0,0,17
9112,0,18242259954,18242259966,0,0,-11
9113,0,18244261923,18244261955,0,0,-31
9114,0,18246263656,18246263710,0,0,-53
9115,0,18248266494,18248266537,0,0,-42
9116,0,18250267925,18250267883,0,0,41
9117,0,18252271289,18252271241,0,0,48
9118,0,18254273507,18254273476,0,0,31
9119,0,18256275675,18256275640,0,0,35
9120,0,18258278330,18258278321,0,0,8
9121,0,18260280063,18260280098,0,0,-34
9122,0,18262282221,18262282250,0,0,-29
9123,0,18264285554,18264285568,0,0,-14
9124,0,18266288173,18266288186,0,0,-12
9125,0,18268289276,18268289219,0,0,56
9126,0,18270292799,18270292805,0,0,-6
9127,0,18272293529,18272293464,0,0,65
9128,0,18274295431,18274295408,0,0,22
9129,0,18276297135,18276297062,0,0,72
9130,0,18278299921,18278299878,0,0,42
9131,0,18280301196,18280301138,0,0,58
9132,0,18282304530,18282304497,0,0,32
9133,0,18284307310,18284307341,0,0,-30
9134,0,18286308768,18286308782,0,0,-14
9135,0,18288310370,18288310330,0,0,39
9136,0,18290313442,18290313391,0,0,51
9137,0,18292315476,18292315465,0,0,11
9138,0,18294316838,18294316800,0,0,38
9139,0,18296320135,18296320074,0,0,60
9140,0,18298322440,18298322412,0,0,27
9141,0,18300324867,18300324833,0,0,33
9142,0,18302328080,18302328053,0,0,26
9143,0,18304329326,18304329313,0,0,13
9144,0,18306331674,18306331593,0,0,81
9145,0,18308332987,18308332951,0,0,35
9146,0,18310334870,18310334819,0,0,51
9147,0,18312338251,18312338229,0,0,22
9148,0,18314340210,18314340166,0,0,44
9149,0,18316342518,18316342533,0,0,-15
9150,0,18318344590,18318344617,0,0,-26
9151,0,18320347003,18320346948,0,0,54
9152,0,18322349191,18322349139,0,0,51
9153,0,18324350853,18324350815,0,0,38
9154,0,18326352764,18326352706,0,0,57
9155,0,18328357969,18328357931,0,0,38
9156,0,18330359099,18330359073,0,0,26
9157,0,18332360322,18332360267,0,0,55
9158,0,18334362979,18334362942,0,0,36
9159,0,18336363459,18336363501,0,0,-42
9160,0,18338366871,18338366861,0,0,9
9161,0,18340369279,18340369319,0,0,-40
9162,0,18342371785,18342371796,0,0,-11
9163,0,18344373579,18344373606,0,0,-26
9164,0,18346376179,18346376103,0,0,76
9165,0,18348377591,18348377543,0,0,47
9166,0,18350379406,18350379339,0,0,67
9167,0,18352382639,18352382629,0,0,9
9168,0,18354385258,18354385205,0,0,53
9169,0,18356386965,18356386919,0,0,46
9170,0,18358388765,18358388725,0,0,40
9171,0,18360390347,18360390297,0,0,49
9172,0,18362393603,18362393624,0,0,-20
9173,0,18364395618,18364395643,0,0,-24
9174,0,18366399001,18366399010,0,0,-8
9175,0,18368401307,18368401300,0,0,7
9176,0,18370402546,18370402557,0,0,-10
9177,0,18372404903,18372404909,0,0,-5
9178,0,18374407320,18374407243,0,0,76
9179,0,18376409365,18376409341,0,0,24
9180,0,18378411448,18378411415,0,0,32
9181,0,18380414422,18380414458,0,0,-35
9182,0,18382417266,18382417242,0,0,23
9183,0,18384417949,18384417930,0,0,19
9184,0,18386420764,18386420754,0,0,9
9185,0,18388422428,18388422410,0,0,17
9186,0,18390425606,18390425580,0,0,26
9187,0,18392427791,18392427743,0,0,48
9188,0,18394429359,18394429332,0,0,27
9189,0,18396431888,18396431843,0,0,44
9190,0,18398434743,18398434718,0,0,24
9191,0,18400435915,18400435877,0,0,38
9192,0,18402438350,18402438325,0,0,25
9193,0,18404440182,18404440142,0,0,39
9194,0,18406442849,18406442821,0,0,27
9195,0,18408444768,18408444752,0,0,15
9196,0,18410446890,18410446880,0,0,9
9197,0,18412449503,18412449460,0,0,42
9198,0,18414451759,18414451705,0,0,53
9199,0,18416453748,18416453741,0,0,6
9200,0,18418456747,18418456708,0,0,38
9201,0,18420459328,18420459364,0,0,-35
9202,0,18422460473,18422460511,0,0,-38
9203,0,18424462516,18424462542,0,0,-26
9204,0,18426464549,18426464568,0,0,-19
9205,0,18428467626,18428467598,0,0,28
9206,0,18430470134,18430470094,0,0,40
9207,0,18432471576,18432471539,0,0,36
9208,0,18434473185,18434473127,0,0,58
9209,0,18436475108,18436475139,0,0,-30
9210,0,18438477982,18438477965,0,0,16
9211,0,18440480559,18440480528,0,0,31
9212,0,18442482671,18442482689,0,0,-17
9213,0,18444484453,18444484479,0,0,-25
9214,0,18446485816,18446485780,0,0,35
9215,0,18448489330,18448489304,0,0,25
9216,0,18450491483,18450491420,0,0,63
9217,0,18452493888,18452493926,0,0,-38
9218,0,18454495837,18454495813,0,0,23
9219,0,18456499524,18456499498,0,0,25
9220,0,18458501930,18458501958,0,0,-28
9221,0,18460501948,18460501968,0,0,-20
9222,0,18462504523,18462504547,0,0,-23
9223,0,18464506101,18464506077,0,0,24
9224,0,18466509122,18466509064,0,0,58
9225,0,18468511056,18468511015,0,0,40
9226,0,18470512489,18470512455,0,0,33
9227,0,18472514776,18472514741,0,0,34
9228,0,18474517961,18474517932,0,0,29
9229,0,18476518880,18476518875,0,0,5
9230,0,18478521213,18478521190,0,0,23
9231,0,18480523857,18480523833,0,0,24
9232,0,18482527245,18482527279,0,0,-33
9233,0,18484529235,18484529271,0,0,-35
9234,0,18486531633,18486531606,0,0,27
9235,0,18488533955,18488533943,0,0,11
9236,0,18490536177,18490536146,0,0,30
9237,0,18492537718,18492537708,0,0,9
9238,0,18494540753,18494540707,0,0,46
9239,0,18496542175,18496542148,0,0,26
9240,0,18498544220,18498544240,0,0,-20
9241,0,18500546961,18500546922,0,0,38
9242,0,18502548948,18502548911,0,0,36
9243,0,18504550650,18504550629,0,0,21
9244,0,18506553488,18506553433,0,0,55
9245,0,18508554508,18508554523,0,0,-14
9246,0,18510557237,18510557184,0,0,53
9247,0,18512560408,18512560352,0,0,55
9248,0,18514562766,18514562678,0,0,88
9249,0,18516564856,18516564790,0,0,66
9250,0,18518566900,18518566829,0,0,71
9251,0,18520568730,18520568686,0,0,43
9252,0,18522571549,18522571521,0,0,27
9253,0,18524573771,18524573761,0,0,9
9254,0,18526576031,18526576006,0,0,25
9255,0,18528580630,18528580588,0,0,41
9256,0,18530580312,18530580298,0,0,13
9257,0,18532583415,18532583438,0,0,-23
9258,0,18534584846,18534584870,0,0,-24
9259,0,18536587691,18536587699,0,0,-8
9260,0,18538589647,18538589656,0,0,-8
9261,0,18540591806,18540591824,0,0,-18
9262,0,18542593689,18542593679,0,0,9
9263,0,18544595738,18544595790,0,0,-51
9264,0,18546598521,18546598463,0,0,57
9265,0,18548600476,18548600429,0,0,46
9266,0,18550602903,18550602881,0,0,21
9267,0,18552605091,18552605053,0,0,37
9268,0,18554607215,18554607194,0,0,20
9269,0,18556609098,18556609065,0,0,33
9270,0,18558610795,18558610765,0,0,30
9271,0,18560614935,18560614919,0,0,16
9272,0,18562615965,18562615907,0,0,58
9273,0,18564618389,18564618357,0,0,32
9274,0,18566620611,18566620582,0,0,29
9275,0,18568623372,18568623408,0,0,-35
9276,0,18570625466,18570625440,0,0,25
9277,0,18572627301,18572627287,0,0,13
9278,0,18574629722,18574629694,0,0,28
9279,0,18576631015,18576630979,0,0,35
9280,0,18578632817,18578632847,0,0,-29
9281,0,18580635997,18580635950,0,0,47
9282,0,18582637836,18582637794,0,0,42
9283,0,18584640433,18584640458,0,0,-24
9284,0,18586644217,18586644225,0,0,-8
9285,0,18588645157,18588645193,0,0,-35
9286,0,18590647116,18590647128,0,0,-12
9287,0,18592650503,18592650456,0,0,46
9288,0,18594652166,18594652108,0,0,58
9289,0,18596653768,18596653710,0,0,58
9290,0,18598656304,18598656284,0,0,20
9291,0,18600658677,18600658642,0,0,35
9292,0,18602660740,18602660707,0,0,33
9293,0,18604662886,18604662831,0,0,55
9294,0,18606665258,18606665196,0,0,61
9295,0,18608667716,18608667731,0,0,-15
9296,0,18610669321,18610669313,0,0,7
9297,0,18612671321,18612671286,0,0,35
9298,0,18614672719,18614672676,0,0,43
9299,0,18616676370,18616676334,0,0,36
9300,0,18618678159,18618678110,0,0,49
9301,0,18620680169,18620680119,0,0,50
9302,0,18622681730,18622681673,0,0,57
9303,0,18624684886,18624684856,0,0,29
9304,0,18626687086,18626687071,0,0,15
9305,0,18628690523,18628690532,0,0,-8
9306,0,18630691546,18630691498,0,0,47
9307,0,18632694577,18632694506,0,0,70
9308,0,18634696133,18634696119,0,0,13
9309,0,18636698300,18636698260,0,0,40
9310,0,18638700514,18638700458,0,0,55
9311,0,18640702730,18640702671,0,0,58
9312,0,18642705137,18642705087,0,0,50
9313,0,18644707124,18644707139,0,0,-14
9314,0,18646710438,18646710346,0,0,91
9315,0,18648714206,18648714177,0,0,28
9316,0,18650714672,18650714681,0,0,-8
9317,0,18652714746,18652714721,0,0,25
9318,0,18654717286,18654717304,0,0,-17
9319,0,18656720564,18656720519,0,0,44
9320,0,18658722987,18658722925,0,0,62
9321,0,18660725124,18660725093,0,0,31
9322,0,18662727189,18662727140,0,0,49
9323,0,18664729611,18664729626,0,0,-14
9324,0,18666731737,18666731698,0,0,38
9325,0,18668733747,18668733730,0,0,16
9326,0,18670734912,18670734865,0,0,46
9327,0,18672737330,18672737307,0,0,22
9328,0,18674741744,18674741706,0,0,38
9329,0,18676744070,18676744034,0,0,35
9330,0,18678745052,18678745014,0,0,38
9331,0,18680747060,18680747017,0,0,42
9332,0,18682748622,18682748596,0,0,25
9333,0,18684752155,18684752128,0,0,26
9334,0,18686753987,18686753964,0,0,23
9335,0,18688756676,18688756651,0,0,24
9336,0,18690758397,18690758320,0,0,77
9337,0,18692760571,18692760556,0,0,15
9338,0,18694762996,18694762952,0,0,43
9339,0,18696764774,18696764729,0,0,44
9340,0,18698766180,18698766157,0,0,23
9341,0,18700769813,18700769790,0,0,23
9342,0,18702771920,18702771912,0,0,7
9343,0,18704774172,18704774148,0,0,24
9344,0,18706776450,18706776442,0,0,8
9345,0,18708778823,18708778799,0,0,24
9346,0,18710780844,18710780819,0,0,25
9347,0,18712783004,18712782995,0,0,9
9348,0,18714786039,18714786013,0,0,26
9349,0,18716788253,18716788227,0,0,26
9350,0,18718789633,18718789625,0,0,8
9351,0,18720792766,18720792809,0,0,-43
9352,0,18722793978,18722793987,0,0,-8
9353,0,18724796008,18724796031,0,0,-22
9354,0,18726797430,18726797472,0,0,-42
9355,0,18728802273,18728802295,0,0,-22
9356,0,18730803060,18730803025,0,0,35
9357,0,18732804838,18732804775,0,0,62
9358,0,18734806470,18734806397,0,0,72
9359,0,18736809182,18736809133,0,0,48
9360,0,18738811230,18738811155,0,0,75
9361,0,18740814112,18740814055,0,0,56
9362,0,18742816518,18742816488,0,0,29
9363,0,18744818578,18744818532,0,0,46
9364,0,18746821154,18746821143,0,0,10
9365,0,18748822619,18748822601,0,0,17
9366,0,18750824723,18750824718,0,0,5
9367,0,18752828408,18752828388,0,0,20
9368,0,18754830171,18754830133,0,0,38
9369,0,18756831784,18756831847,0,0,-62
9370,0,18758833947,18758833921,0,0,26
9371,0,18760836514,18760836498,0,0,16
9372,0,18762838753,18762838712,0,0,40
9373,0,18764840683,18764840662,0,0,20
9374,0,18766842856,18766842888,0,0,-32
9375,0,18768844901,18768844928,0,0,-26
9376,0,18770846656,18770846622,0,0,33
9377,0,18772849289,18772849244,0,0,45
9378,0,18774850932,18774850908,0,0,23
9379,0,18776854942,18776854907,0,0,34
9380,0,18778857504,18778857462,0,0,42
9381,0,18780858316,18780858338,0,0,-22
9382,0,18782859791,18782859815,0,0,-24
9383,0,18784862735,18784862705,0,0,29
9384,0,18786864763,18786864690,0,0,72
9385,0,18788866541,18788866493,0,0,48
9386,0,18790869344,18790869310,0,0,34
9387,0,18792871168,18792871125,0,0,42
9388,0,18794874322,18794874284,0,0,38
9389,0,18796876916,18796876866,0,0,49
9390,0,18798879278,18798879213,0,0,65
9391,0,18800881000,18800881019,0,0,-18
9392,0,18802883619,18802883531,0,0,87
9393,0,18804885548,18804885508,0,0,39
9394,0,18806887516,18806887479,0,0,37
9395,0,18808889595,18808889538,0,0,56
9396,0,18810892313,18810892335,0,0,-22
9397,0,18812894938,18812894900,0,0,38
9398,0,18814896841,18814896863,0,0,-22
9399,0,18816898629,18816898653,0,0,-24
9400,0,18818901788,18818901721,0,0,67
9401,0,18820903137,18820903091,0,0,45
9402,0,18822904924,18822904877,0,0,47
9403,0,18824906640,18824906582,0,0,58
9404,0,18826909938,18826909880,0,0,58
9405,0,18828913328,18828913292,0,0,35
9406,0,18830913962,18830913918,0,0,44
9407,0,18832916175,18832916139,0,0,35
9408,0,18834918201,18834918177,0,0,23
9409,0,18836921024,18836920997,0,0,27
9410,0,18838922943,18838922935,0,0,8
9411,0,18840925234,18840925201,0,0,33
9412,0,18842927356,18842927327,0,0,29
9413,0,18844930033,18844930008,0,0,24
9414,0,18846931664,18846931615,0,0,49
9415,0,18848932756,18848932731,0,0,24
9416,0,18850936422,18850936386,0,0,35
9417,0,18852938494,18852938459,0,0,34
9418,0,18854940673,18854940649,0,0,24
9419,0,18856942937,18856942899,0,0,38
9420,0,18858944831,18858944781,0,0,49
9421,0,18860945989,18860945933,0,0,56
9422,0,18862948784,18862948726,0,0,57
9423,0,18864950963,18864950991,0,0,-27
9424,0,18866954694,18866954626,0,0,67
9425,0,18868956431,18868956379,0,0,52
9426,0,18870958812,18870958793,0,0,18
9427,0,18872960871,18872960864,0,0,7
9428,0,18874963287,18874963312,0,0,-24
9429,0,18876965741,18876965719,0,0,22
9430,0,18878967941,18878967906,0,0,35
9431,0,18880970389,18880970363,0,0,26
9432,0,18882972794,18882972759,0,0,35
9433,0,18884973193,18884973160,0,0,33
9434,0,18886976420,18886976366,0,0,53
9435,0,18888978645,18888978617,0,0,27
9436,0,18890981853,18890981793,0,0,60
9437,0,18892984188,18892984146,0,0,41
9438,0,18894985502,18894985455,0,0,47
9439,0,18896987422,18896987374,0,0,47
9440,0,18898990308,18898990289,0,0,19
9441,0,18900991898,18900991865,0,0,33
9442,0,18902994300,18902994260,0,0,40
9443,0,18904997302,18904997254,0,0,47
9444,0,18906999559,18906999515,0,0,44
9445,0,18909001179,18909001146,0,0,33
9446,0,18911003477,18911003442,0,0,35
9447,0,18913006520,18913006465,0,0,55
9448,0,18915010025,18915009982,0,0,43
9449,0,18917010094,18917010054,0,0,39
9450,0,18919012599,18919012532,0,0,66
9451,0,18921014268,18921014226,0,0,41
9452,0,18923016464,18923016432,0,0,31
9453,0,18925018368,18925018339,0,0,29
9454,0,18927020103,18927020044,0,0,58
9455,0,18929024294,18929024276,0,0,17
9456,0,18931024343,18931024267,0,0,76
9457,0,18933027506,18933027483,0,0,23
9458,0,18935029745,18935029797,0,0,-52
9459,0,18937031914,18937031954,0,0,-39
9460,0,18939034285,18939034246,0,0,39
9461,0,18941036804,18941036777,0,0,27
9462,0,18943038888,18943038838,0,0,49
9463,0,18945041456,18945041430,0,0,25
9464,0,18947044148,18947044157,0,0,-8
9465,0,18949045813,18949045775,0,0,38
9466,0,18951048205,18951048154,0,0,51
9467,0,18953049880,18953049833,0,0,47
9468,0,18955052132,18955052147,0,0,-15
9469,0,18957054159,18957054199,0,0,-40
9470,0,18959056543,18959056525,0,0,17
9471,0,18961058962,18961058946,0,0,16
9472,0,18963061396,18963061388,0,0,8
9473,0,18965063423,18965063408,0,0,14
9474,0,18967065430,18967065408,0,0,21
9475,0,18969068435,18969068416,0,0,19
9476,0,18971070916,18971070883,0,0,33
9477,0,18973072454,18973072436,0,0,17
9478,0,18975074096,18975074088,0,0,8
9479,0,18977075424,18977075400,0,0,24
9480,0,18979080487,18979080453,0,0,33
9481,0,18981080916,18981080881,0,0,34
9482,0,18983083114,18983083099,0,0,14
9483,0,18985085227,18985085222,0,0,4
9484,0,18987087514,18987087490,0,0,24
9485,0,18989089804,18989089786,0,0,17
9486,0,18991092330,18991092303,0,0,26
9487,0,18993094433,18993094420,0,0,13
9488,0,18995096364,18995096330,0,0,33
9489,0,18997099255,18997099233,0,0,21
9490,0,18999101088,18999101121,0,0,-33
9491,0,19001103476,19001103444,0,0,31
9492,0,19003105406,19003105417,0,0,-11
9493,0,19005107247,19005107262,0,0,-14
9494,0,19007108941,19007108876,0,0,65
9495,0,19009112023,19009112029,0,0,-5
9496,0,19011114162,19011114121,0,0,40
9497,0,19013115323,19013115275,0,0,47
9498,0,19015117937,19015117885,0,0,51
9499,0,19017121400,19017121349,0,0,50
9500,0,19019123360,19019123322,0,0,38
9501,0,19021125360,19021125314,0,0,46
9502,0,19023127647,19023127598,0,0,48
9503,0,19025129561,19025129580,0,0,-18
9504,0,19027132139,19027132071,0,0,67
9505,0,19029137030,19029136995,0,0,35
9506,0,19031136786,19031136721,0,0,64
9507,0,19033138613,19033138591,0,0,22
9508,0,19035141522,19035141465,0,0,56
9509,0,19037143489,19037143449,0,0,40
9510,0,19039145910,19039145920,0,0,-9
9511,0,19041147291,19041147314,0,0,-22
9512,0,19043149546,19043149508,0,0,37
9513,0,19045151171,19045151200,0,0,-29
9514,0,19047155004,19047155016,0,0,-11
9515,0,19049156332,19049156352,0,0,-20
9516,0,19051157511,19051157522,0,0,-11
9517,0,19053160015,19053160040,0,0,-25
9518,0,19055163592,19055163582,0,0,10
9519,0,19057165490,19057165444,0,0,45
9520,0,19059168128,19059168136,0,0,-7
9521,0,19061170166,19061170171,0,0,-5
9522,0,19063172280,19063172289,0,0,-9
9523,0,19065174757,19065174719,0,0,37
9524,0,19067176551,19067176494,0,0,57
9525,0,19069178976,19069178928,0,0,48
9526,0,19071181541,19071181464,0,0,76
9527,0,19073183585,19073183536,0,0,49
9528,0,19075186428,19075186462,0,0,-33
9529,0,19077187640,19077187597,0,0,43
9530,0,19079189434,19079189361,0,0,73
9531,0,19081192261,19081192251,0,0,9
9532,0,19083194672,19083194698,0,0,-25
9533,0,19085196331,19085196351,0,0,-20
9534,0,19087198115,19087198148,0,0,-32
9535,0,19089201168,19089201147,0,0,20
9536,0,19091203059,19091202973,0,0,86
9537,0,19093204235,19093204210,0,0,25
9538,0,19095206575,19095206531,0,0,43
9539,0,19097209772,19097209748,0,0,23
9540,0,19099212630,19099212579,0,0,51
9541,0,19101214395,19101214355,0,0,40
9542,0,19103217155,19103217118,0,0,36
9543,0,19105219114,19105219074,0,0,39
9544,0,19107221957,19107221910,0,0,46
9545,0,19109223764,19109223706,0,0,58
9546,0,19111225875,19111225840,0,0,34
9547,0,19113228096,19113228078,0,0,17
9548,0,19115229685,19115229633,0,0,51
9549,0,19117231039,19117230997,0,0,41
9550,0,19119233314,19119233278,0,0,35
9551,0,19121235831,19121235800,0,0,31
9552,0,19123238625,19123238574,0,0,51
9553,0,19125240191,19125240162,0,0,28
9554,0,19127243051,19127243017,0,0,33
9555,0,19129245775,19129245813,0,0,-38
9556,0,19131247959,19131248042,0,0,-83
9557,0,19133250352,19133250330,0,0,21
9558,0,19135252507,19135252458,0,0,49
9559,0,19137254562,19137254514,0,0,48
9560,0,19139257202,19139257167,0,0,34
9561,0,19141259581,19141259534,0,0,46
9562,0,19143261559,19143261583,0,0,-23
9563,0,19145263252,19145263206,0,0,46
9564,0,19147265500,19147265522,0,0,-22
9565,0,19149268183,19149268200,0,0,-17
9566,0,19151270069,19151270103,0,0,-34
9567,0,19153272231,19153272258,0,0,-26
9568,0,19155274627,19155274586,0,0,40
9569,0,19157277415,19157277366,0,0,49
9570,0,19159279032,19159279011,0,0,21
9571,0,19161282352,19161282377,0,0,-25
9572,0,19163284486,19163284520,0,0,-33
9573,0,19165286049,19165286014,0,0,35
9574,0,19167287787,19167287727,0,0,60
9575,0,19169289182,19169289143,0,0,38
9576,0,19171292120,19171292092,0,0,27
9577,0,19173295487,19173295533,0,0,-46
9578,0,19175296764,19175296724,0,0,39
9579,0,19177298893,19177298838,0,0,55
9580,0,19179301326,19179301296,0,0,29
9581,0,19181303181,19181303142,0,0,38
9582,0,19183304685,19183304617,0,0,67
9583,0,19185307569,19185307530,0,0,39
9584,0,19187309064,19187309000,0,0,64
9585,0,19189312559,19189312532,0,0,27
9586,0,19191314375,19191314324,0,0,51
9587,0,19193315732,19193315702,0,0,29
9588,0,19195319126,19195319101,0,0,25
9589,0,19197320793,19197320724,0,0,68
9590,0,19199322942,19199322907,0,0,35
9591,0,19201325259,19201325220,0,0,39
9592,0,19203327463,19203327408,0,0,54
9593,0,19205330773,19205330822,0,0,-49
9594,0,19207330874,19207330907,0,0,-32
9595,0,19209333568,19209333510,0,0,58
9596,0,19211336994,19211336945,0,0,49
9597,0,19213338923,19213338864,0,0,59
9598,0,19215340916,19215340877,0,0,39
9599,0,19217343852,19217343814,0,0,38
9600,0,19219346056,19219345998,0,0,58
9601,0,19221347930,19221347875,0,0,54
9602,0,19223350516,19223350491,0,0,24
9603,0,19225353072,19225353039,0,0,33
9604,0,19227354699,19227354681,0,0,17
9605,0,19229358930,19229358903,0,0,27
9606,0,19231359206,19231359168,0,0,38
9607,0,19233361320,19233361312,0,0,7
9608,0,19235363530,19235363508,0,0,22
9609,0,19237365593,19237365584,0,0,8
9610,0,19239366608,19239366588,0,0,19
9611,0,19241369494,19241369475,0,0,18
9612,0,19243372235,19243372191,0,0,44
9613,0,19245373661,19245373629,0,0,32
9614,0,19247375567,19247375521,0,0,45
9615,0,19249377770,19249377733,0,0,37
9616,0,19251380423,19251380384,0,0,39
9617,0,19253383450,19253383486,0,0,-35
9618,0,19255386280,19255386322,0,0,-42
9619,0,19257388133,19257388112,0,0,21
9620,0,19259390456,19259390487,0,0,-31
9621,0,19261392410,19261392443,0,0,-33
9622,0,19263394647,19263394650,0,0,-3
9623,0,19265396819,19265396791,0,0,27
9624,0,19267399363,19267399321,0,0,41
9625,0,19269402440,19269402424,0,0,15
9626,0,19271404158,19271404121,0,0,37
9627,0,19273405532,19273405490,0,0,41
9628,0,19275407422,19275407414,0,0,8
9629,0,19277409974,19277410006,0,0,-31
9630,0,19279411532,19279411548,0,0,-15
9631,0,19281414993,19281414956,0,0,36
9632,0,19283417829,19283417800,0,0,28
9633,0,19285419887,19285419853,0,0,33
9634,0,19287420794,19287420759,0,0,35
9635,0,19289424287,19289424261,0,0,25
9636,0,19291425773,19291425759,0,0,13
9637,0,19293428438,19293428472,0,0,-33
9638,0,19295430664,19295430689,0,0,-24
9639,0,19297432645,19297432669,0,0,-24
9640,0,19299434711,19299434720,0,0,-8
9641,0,19301436835,19301436860,0,0,-25
9642,0,19303439600,19303439610,0,0,-10
9643,0,19305441464,19305441479,0,0,-15
9644,0,19307443647,19307443669,0,0,-22
9645,0,19309446100,19309446115,0,0,-15
9646,0,19311448205,19311448147,0,0,58
9647,0,19313450297,19313450271,0,0,26
9648,0,19315453467,19315453431,0,0,35
9649,0,19317455437,19317455400,0,0,36
9650,0,19319456069,19319456092,0,0,-23
9651,0,19321459148,19321459126,0,0,21
9652,0,19323461060,19323461100,0,0,-39
9653,0,19325462599,19325462544,0,0,54
9654,0,19327465925,19327465887,0,0,38
9655,0,19329469780,19329469732,0,0,47
9656,0,19331470720,19331470672,0,0,47
9657,0,19333473339,19333473287,0,0,51
9658,0,19335473786,19335473723,0,0,63
9659,0,19337477002,19337476953,0,0,48
9660,0,19339479166,19339479125,0,0,40
9661,0,19341482012,19341481982,0,0,29
9662,0,19343483969,19343483940,0,0,29
9663,0,19345486008,19345485981,0,0,27
9664,0,19347488510,19347488523,0,0,-13
9665,0,19349490487,19349490537,0,0,-49
9666,0,19351492326,19351492339,0,0,-12
9667,0,19353494094,19353494081,0,0,12
9668,0,19355497491,19355497532,0,0,-40
9669,0,19357498991,19357498975,0,0,16
9670,0,19359501233,19359501259,0,0,-25
9671,0,19361503729,19361503767,0,0,-38
9672,0,19363506332,19363506288,0,0,43
9673,0,19365509274,19365509235,0,0,39
9674,0,19367510820,19367510775,0,0,45
9675,0,19369513398,19369513350,0,0,47
9676,0,19371516064,19371515997,0,0,66
9677,0,19373517039,19373517009,0,0,29
9678,0,19375519168,19375519143,0,0,24
9679,0,19377521400,19377521357,0,0,42
9680,0,19379524471,19379524415,0,0,56
9681,0,19381525872,19381525836,0,0,35
9682,0,19383528116,19383528060,0,0,56
9683,0,19385530403,19385530366,0,0,36
9684,0,19387533065,19387533053,0,0,11
9685,0,19389534591,19389534562,0,0,28
9686,0,19391536482,19391536462,0,0,20
9687,0,19393539301,19393539251,0,0,49
9688,0,19395541862,19395541833,0,0,29
9689,0,19397544860,19397544837,0,0,23
9690,0,19399546561,19399546521,0,0,39
9691,0,19401548411,19401548396,0,0,15
9692,0,19403550921,19403550856,0,0,65
9693,0,19405552874,19405552826,0,0,48
9694,0,19407555883,19407555853,0,0,29
9695,0,19409558352,19409558324,0,0,28
9696,0,19411559840,19411559815,0,0,24
9697,0,19413561849,19413561811,0,0,38
9698,0,19415563639,19415563600,0,0,38
9699,0,19417566892,19417566865,0,0,26
9700,0,19419569027,19419569049,0,0,-22
9701,0,19421570292,19421570313,0,0,-20
9702,0,19423573107,19423573110,0,0,-2
9703,0,19425574535,19425574568,0,0,-33
9704,0,19427576398,19427576431,0,0,-33
9705,0,19429581951,19429581919,0,0,31
9706,0,19431582220,19431582188,0,0,31
9707,0,19433583777,19433583732,0,0,44
9708,0,19435586528,19435586499,0,0,29
9709,0,19437587821,19437587796,0,0,24
9710,0,19439589793,19439589801,0,0,-8
9711,0,19441592838,19441592793,0,0,44
9712,0,19443594869,19443594794,0,0,75
9713,0,19445597341,19445597310,0,0,31
9714,0,19447599765,19447599730,0,0,35
9715,0,19449601719,19449601680,0,0,38
9716,0,19451603859,19451603817,0,0,42
9717,0,19453606101,19453606069,0,0,31
9718,0,19455608604,19455608541,0,0,63
9719,0,19457610602,19457610611,0,0,-8
9720,0,19459611575,19459611591,0,0,-15
9721,0,19461615116,19461615067,0,0,49
9722,0,19463617638,19463617616,0,0,21
9723,0,19465619586,19465619567,0,0,18
9724,0,19467621444,19467621427,0,0,16
9725,0,19469623549,19469623588,0,0,-39
9726,0,19471624961,19471625015,0,0,-54
9727,0,19473628162,19473628199,0,0,-36
9728,0,19475630289,19475630301,0,0,-11
9729,0,19477631541,19477631595,0,0,-53
9730,0,19479633912,19479633858,0,0,53
9731,0,19481637472,19481637423,0,0,49
9732,0,19483640050,19483640004,0,0,46
9733,0,19485641350,19485641280,0,0,69
9734,0,19487643202,19487643158,0,0,44
9735,0,19489645819,19489645772,0,0,47
9736,0,19491647183,19491647157,0,0,25
9737,0,19493650288,19493650261,0,0,26
9738,0,19495651771,19495651714,0,0,57
9739,0,19497654747,19497654719,0,0,28
9740,0,19499657310,19499657289,0,0,20
9741,0,19501659172,19501659179,0,0,-6
9742,0,19503660451,19503660413,0,0,37
9743,0,19505662421,19505662414,0,0,6
9744,0,19507665508,19507665497,0,0,11
9745,0,19509668204,19509668179,0,0,25
9746,0,19511670487,19511670472,0,0,14
9747,0,19513672848,19513672828,0,0,20
9748,0,19515675144,19515675126,0,0,17
9749,0,19517677368,19517677357,0,0,11
9750,0,19519679837,19519679829,0,0,7
9751,0,19521682766,19521682746,0,0,20
9752,0,19523685098,19523685053,0,0,45
9753,0,19525686928,19525686912,0,0,15
9754,0,19527687283,19527687251,0,0,32
9755,0,19529692532,19529692478,0,0,53
9756,0,19531692533,19531692483,0,0,49
9757,0,19533694152,19533694199,0,0,-46
9758,0,19535697408,19535697437,0,0,-28
9759,0,19537699588,19537699546,0,0,42
9760,0,19539701990,19539701959,0,0,31
9761,0,19541703862,19541703901,0,0,-39
9762,0,19543706374,19543706359,0,0,15
9763,0,19545708802,19545708813,0,0,-10
9764,0,19547710824,19547710846,0,0,-22
9765,0,19549713080,19549713032,0,0,47
9766,0,19551715142,19551715072,0,0,69
9767,0,19553717476,19553717420,0,0,56
9768,0,19555719754,19555719705,0,0,49
9769,0,19557721856,19557721829,0,0,27
9770,0,19559725244,19559725206,0,0,38
9771,0,19561726346,19561726307,0,0,39
9772,0,19563728238,19563728195,0,0,43
9773,0,19565729617,19565729574,0,0,43
9774,0,19567732864,19567732797,0,0,66
9775,0,19569735633,19569735592,0,0,41
9776,0,19571737444,19571737478,0,0,-33
9777,0,19573739356,19573739325,0,0,30
9778,0,19575742175,19575742143,0,0,32
9779,0,19577743975,19577743919,0,0,56
9780,0,19579746202,19579746195,0,0,7
9781,0,19581747903,19581747867,0,0,35
9782,0,19583749815,19583749775,0,0,39
9783,0,19585752935,19585752907,0,0,27
9784,0,19587755079,19587755105,0,0,-25
9785,0,19589757332,19589757299,0,0,32
9786,0,19591759507,19591759448,0,0,59
9787,0,19593761860,19593761847,0,0,13
9788,0,19595764815,19595764795,0,0,20
9789,0,19597766507,19597766490,0,0,17
9790,0,19599768670,19599768647,0,0,22
9791,0,19601771069,19601771062,0,0,6
9792,0,19603772759,19603772725,0,0,34
9793,0,19605776044,19605776002,0,0,41
9794,0,19607778826,19607778817,0,0,9
9795,0,19609780015,19609779969,0,0,46
9796,0,19611781740,19611781712,0,0,28
9797,0,19613784141,19613784098,0,0,43
9798,0,19615786052,19615785990,0,0,62
9799,0,19617787213,19617787187,0,0,25
9800,0,19619789971,19619789907,0,0,63
9801,0,19621793196,19621793222,0,0,-26
9802,0,19623796961,19623796982,0,0,-20
9803,0,19625798102,19625798072,0,0,29
9804,0,19627799701,19627799686,0,0,14
9805,0,19629803328,19629803278,0,0,49
9806,0,19631804273,19631804305,0,0,-32
9807,0,19633806476,19633806439,0,0,37
9808,0,19635809685,19635809660,0,0,24
9809,0,19637811638,19637811623,0,0,15
9810,0,19639812728,19639812750,0,0,-22
9811,0,19641815086,19641815043,0,0,42
9812,0,19643817208,19643817170,0,0,38
9813,0,19645818678,19645818633,0,0,44
9814,0,19647822455,19647822440,0,0,14
9815,0,19649824076,19649824039,0,0,37
9816,0,19651826552,19651826496,0,0,56
9817,0,19653828613,19653828569,0,0,44
9818,0,19655831967,19655831934,0,0,32
9819,0,19657833307,19657833263,0,0,43
9820,0,19659835519,19659835510,0,0,9
9821,0,19661837225,19661837251,0,0,-25
9822,0,19663839524,19663839484,0,0,40
9823,0,19665841762,19665841730,0,0,31
9824,0,19667844044,19667844006,0,0,38
9825,0,19669846440,19669846388,0,0,51
9826,0,19671848730,19671848669,0,0,60
9827,0,19673851943,19673851921,0,0,22
9828,0,19675854513,19675854498,0,0,15
9829,0,19677855045,19677855087,0,0,-42
9830,0,19679857601,19679857607,0,0,-6
9831,0,19681859644,19681859673,0,0,-28
9832,0,19683861768,19683861730,0,0,38
9833,0,19685864278,19685864237,0,0,40
9834,0,19687866503,19687866467,0,0,35
9835,0,19689868685,19689868657,0,0,28
9836,0,19691871056,19691871076,0,0,-19
9837,0,19693872660,19693872699,0,0,-38
9838,0,19695874479,19695874495,0,0,-15
9839,0,19697877940,19697877973,0,0,-33
9840,0,19699880196,19699880177,0,0,19
9841,0,19701881784,19701881772,0,0,12
9842,0,19703884267,19703884245,0,0,22
9843,0,19705886348,19705886310,0,0,38
9844,0,19707888849,19707888877,0,0,-28
9845,0,19709890315,19709890354,0,0,-38
9846,0,19711893022,19711893044,0,0,-22
9847,0,19713896173,19713896221,0,0,-48
9848,0,19715897670,19715897683,0,0,-12
9849,0,19717899593,19717899575,0,0,17
9850,0,19719901640,19719901600,0,0,39
9851,0,19721903350,19721903319,0,0,30
9852,0,19723907049,19723907101,0,0,-52
9853,0,19725908930,19725908961,0,0,-31
9854,0,19727910714,19727910757,0,0,-42
9855,0,19729914231,19729914256,0,0,-24
9856,0,19731915037,19731915023,0,0,13
9857,0,19733916484,19733916451,0,0,32
9858,0,19735919337,19735919289,0,0,47
9859,0,19737921404,19737921373,0,0,31
9860,0,19739924357,19739924340,0,0,17
9861,0,19741926258,19741926216,0,0,42
9862,0,19743928631,19743928593,0,0,38
9863,0,19745930703,19745930745,0,0,-42
9864,0,19747933216,19747933248,0,0,-31
9865,0,19749935573,19749935542,0,0,30
9866,0,19751938456,19751938491,0,0,-35
9867,0,19753940581,19753940603,0,0,-22
9868,0,19755943066,19755943022,0,0,43
9869,0,19757944168,19757944125,0,0,42
9870,0,19759946550,19759946523,0,0,26
9871,0,19761948846,19761948827,0,0,18
9872,0,19763951312,19763951265,0,0,47
9873,0,19765953487,19765953460,0,0,26
9874,0,19767955434,19767955404,0,0,29
9875,0,19769957582,19769957552,0,0,29
9876,0,19771959912,19771959870,0,0,42
9877,0,19773961895,19773961876,0,0,18
9878,0,19775964698,19775964658,0,0,39
9879,0,19777966728,19777966714,0,0,14
9880,0,19779968986,19779968946,0,0,39
9881,0,19781971154,19781971112,0,0,42
9882,0,19783974181,19783974152,0,0,28
9883,0,19785975849,19785975818,0,0,31
9884,0,19787978371,19787978306,0,0,65
9885,0,19789979355,19789979325,0,0,29
9886,0,19791981539,19791981478,0,0,60
9887,0,19793984174,19793984153,0,0,20
9888,0,19795986858,19795986876,0,0,-17
9889,0,19797988352,19797988391,0,0,-38
9890,0,19799990157,19799990093,0,0,64
9891,0,19801993563,19801993532,0,0,31
9892,0,19803995721,19803995703,0,0,17
9893,0,19805997409,19805997374,0,0,35
9894,0,19807999021,19807999051,0,0,-30
9895,0,19810002018,19810001991,0,0,26
9896,0,19812004610,19812004590,0,0,20
9897,0,19814006991,19814006979,0,0,12
9898,0,19816009823,19816009793,0,0,29
9899,0,19818010966,19818010915,0,0,51
9900,0,19820012343,19820012299,0,0,43
9901,0,19822015267,19822015242,0,0,25
9902,0,19824017953,19824017935,0,0,17
9903,0,19826019982,19826019958,0,0,24
9904,0,19828022335,19828022279,0,0,56
9905,0,19830024951,19830024985,0,0,-33
9906,0,19832025431,19832025456,0,0,-25
9907,0,19834028700,19834028707,0,0,-7
9908,0,19836030998,19836031020,0,0,-22
9909,0,19838033240,19838033247,0,0,-6
9910,0,19840035393,19840035373,0,0,19
9911,0,19842037664,19842037671,0,0,-6
9912,0,19844039931,19844039915,0,0,15
9913,0,19846041693,19846041641,0,0,51
9914,0,19848044267,19848044220,0,0,46
9915,0,19850046451,19850046404,0,0,46
9916,0,19852048781,19852048702,0,0,78
9917,0,19854051419,19854051371,0,0,47
9918,0,19856053225,19856053170,0,0,55
9919,0,19858055208,19858055150,0,0,58
9920,0,19860056794,19860056739,0,0,54
9921,0,19862059761,19862059768,0,0,-6
9922,0,19864062764,19864062669,0,0,95
9923,0,19866065718,19866065660,0,0,58
9924,0,19868068034,19868067988,0,0,46
9925,0,19870068925,19870068940,0,0,-14
9926,0,19872070941,19872070966,0,0,-24
9927,0,19874073103,19874073128,0,0,-24
9928,0,19876075186,19876075211,0,0,-24
9929,0,19878076723,19878076713,0,0,9
9930,0,19880080055,19880080076,0,0,-21
9931,0,19882082079,19882082037,0,0,42
9932,0,19884084602,19884084530,0,0,71
9933,0,19886086044,19886086030,0,0,14
9934,0,19888087990,19888087964,0,0,26
9935,0,19890091728,19890091680,0,0,47
9936,0,19892093685,19892093635,0,0,50
9937,0,19894095329,19894095289,0,0,39
9938,0,19896098193,19896098147,0,0,45
9939,0,19898099773,19898099738,0,0,35
9940,0,19900103024,19900103003,0,0,20
9941,0,19902105757,19902105719,0,0,38
9942,0,19904106706,19904106637,0,0,69
9943,0,19906108540,19906108495,0,0,44
9944,0,19908109831,19908109775,0,0,55
9945,0,19910112232,19910112177,0,0,54
9946,0,19912116004,19912115988,0,0,15
9947,0,19914118770,19914118738,0,0,31
9948,0,19916120823,19916120800,0,0,23
9949,0,19918123447,19918123431,0,0,16
9950,0,19920124777,19920124730,0,0,46
9951,0,19922126551,19922126509,0,0,42
9952,0,19924128950,19924128914,0,0,36
9953,0,19926130792,19926130768,0,0,23
9954,0,19928132330,19928132299,0,0,31
9955,0,19930137702,19930137664,0,0,38
9956,0,19932139031,19932139074,0,0,-42
9957,0,19934139834,19934139793,0,0,41
9958,0,19936141127,19936141079,0,0,47
9959,0,19938144368,19938144360,0,0,8
9960,0,19940147191,19940147153,0,0,38
9961,0,19942149082,19942149060,0,0,22
9962,0,19944150939,19944150892,0,0,46
9963,0,19946153195,19946153227,0,0,-32
9964,0,19948155343,19948155381,0,0,-38
9965,0,19950157822,19950157865,0,0,-42
9966,0,19952159745,19952159716,0,0,29
9967,0,19954160757,19954160738,0,0,19
9968,0,19956164590,19956164535,0,0,54
9969,0,19958167885,19958167869,0,0,15
9970,0,19960168763,19960168723,0,0,39
9971,0,19962171003,19962170981,0,0,22
9972,0,19964173863,19964173824,0,0,39
9973,0,19966175413,19966175399,0,0,14
9974,0,19968177786,19968177755,0,0,30
9975,0,19970179979,19970179955,0,0,24
9976,0,19972182346,19972182299,0,0,46
9977,0,19974184182,19974184215,0,0,-33
9978,0,19976185840,19976185817,0,0,22
9979,0,19978190131,19978190123,0,0,7
9980,0,19980191362,19980191308,0,0,53
9981,0,19982193221,19982193183,0,0,38
9982,0,19984195732,19984195695,0,0,37
9983,0,19986197743,19986197734,0,0,8
9984,0,19988200212,19988200186,0,0,25
9985,0,19990202278,19990202243,0,0,35
9986,0,19992204615,19992204603,0,0,12
9987,0,19994206564,19994206540,0,0,24
9988,0,19996209750,19996209736,0,0,14
9989,0,19998211028,19998210997,0,0,30
9990,0,20000213197,20000213248,0,0,-51
9991,0,20002215474,20002215432,0,0,42
9992,0,20004217788,20004217826,0,0,-38
9993,0,20006220534,20006220523,0,0,11
9994,0,20008222627,20008222609,0,0,17
9995,0,20010225757,20010225733,0,0,24
9996,0,20012226667,20012226621,0,0,46
9997,0,20014229136,20014229114,0,0,21
9998,0,20016231303,20016231274,0,0,29
9999,0,20018233170,20018233212,0,0,-42
10000,0,20020235912,20020235885,0,0,26
10001,0,20022237590,20022237640,0,0,-50
10002,0,20024238843,20024238871,0,0,-27
10003,0,20026241291,20026241304,0,0,-13
10004,0,20028244689,20028244728,0,0,-38
10005,0,20030247967,20030247998,0,0,-31
10006,0,20032248859,20032248804,0,0,55
10007,0,20034251107,20034251065,0,0,42
10008,0,20036253505,20036253467,0,0,38
10009,0,20038255584,20038255542,0,0,42
10010,0,20040258087,20040258078,0,0,8
10011,0,20042261015,20042260979,0,0,35
10012,0,20044262395,20044262377,0,0,17
10013,0,20046264292,20046264247,0,0,44
10014,0,20048266038,20048265966,0,0,71
10015,0,20050269016,20050268967,0,0,49
10016,0,20052271707,20052271733,0,0,-25
10017,0,20054273654,20054273669,0,0,-14
10018,0,20056275903,20056275903,0,0,0
10019,0,20058278209,20058278223,0,0,-13
10020,0,20060280255,20060280238,0,0,16
10021,0,20062282341,20062282302,0,0,39
10022,0,20064284555,20064284546,0,0,8
10023,0,20066286633,20066286598,0,0,34
10024,0,20068289238,20068289193,0,0,45
10025,0,20070291538,20070291508,0,0,29
10026,0,20072293616,20072293578,0,0,38
10027,0,20074296493,20074296420,0,0,72
10028,0,20076296844,20076296775,0,0,69
10029,0,20078299680,20078299638,0,0,42
10030,0,20080301197,20080301138,0,0,59
10031,0,20082303463,20082303403,0,0,60
10032,0,20084307258,20084307148,0,0,110
10033,0,20086309228,20086309234,0,0,-6
10034,0,20088311675,20088311637,0,0,38
10035,0,20090313429,20090313394,0,0,35
10036,0,20092315927,20092315964,0,0,-36
10037,0,20094317774,20094317732,0,0,42
10038,0,20096319690,20096319669,0,0,21
10039,0,20098322411,20098322381,0,0,29
10040,0,20100324743,20100324685,0,0,58
10041,0,20102327176,20102327165,0,0,11
10042,0,20104329212,20104329158,0,0,53
10043,0,20106331141,20106331096,0,0,44
10044,0,20108333420,20108333372,0,0,48
10045,0,20110335511,20110335460,0,0,51
10046,0,20112337764,20112337700,0,0,63
10047,0,20114340277,20114340229,0,0,47
10048,0,20116342849,20116342797,0,0,51
10049,0,20118344561,20118344507,0,0,53
10050,0,20120346986,20120346928,0,0,58
10051,0,20122349396,20122349407,0,0,-11
10052,0,20124351670,20124351661,0,0,8
10053,0,20126353333,20126353353,0,0,-20
10054,0,20128354752,20128354758,0,0,-5
10055,0,20130359236,20130359257,0,0,-20
10056,0,20132360262,20132360278,0,0,-15
10057,0,20134362273,20134362284,0,0,-11
10058,0,20136364807,20136364739,0,0,68
10059,0,20138367582,20138367615,0,0,-33
10060,0,20140368349,20140368303,0,0,46
10061,0,20142371028,20142370990,0,0,38
10062,0,20144372468,20144372410,0,0,58
10063,0,20146375754,20146375710,0,0,44
10064,0,20148378082,20148378092,0,0,-10
10065,0,20150380598,20150380542,0,0,56
10066,0,20152382509,20152382472,0,0,36
10067,0,20154384482,20154384450,0,0,31
10068,0,20156387071,20156387041,0,0,29
10069,0,20158388889,20158388837,0,0,51
10070,0,20160390555,20160390496,0,0,58
10071,0,20162393713,20162393667,0,0,46
10072,0,20164395979,20164395961,0,0,17
10073,0,20166398295,20166398310,0,0,-14
10074,0,20168400545,20168400524,0,0,20
10075,0,20170402588,20170402626,0,0,-37
10076,0,20172405678,20172405655,0,0,23
10077,0,20174406703,20174406684,0,0,18
10078,0,20176407979,20176407937,0,0,42
10079,0,20178410305,20178410263,0,0,41
10080,0,20180413720,20180413620,0,0,100
10081,0,20182415723,20182415685,0,0,38
10082,0,20184417954,20184417921,0,0,33
10083,0,20186421262,20186421256,0,0,6
10084,0,20188423761,20188423701,0,0,60
10085,0,20190424577,20190424562,0,0,14
10086,0,20192427019,20192427000,0,0,18
10087,0,20194428648,20194428686,0,0,-38
10088,0,20196430428,20196430490,0,0,-62
10089,0,20198433425,20198433467,0,0,-42
10090,0,20200434750,20200434760,0,0,-9
10091,0,20202437934,20202437910,0,0,23
10092,0,20204440491,20204440458,0,0,33
10093,0,20206442579,20206442546,0,0,32
10094,0,20208445183,20208445142,0,0,40
10095,0,20210446690,20210446653,0,0,36
10096,0,20212448176,20212448154,0,0,22
10097,0,20214451307,20214451274,0,0,33
10098,0,20216453429,20216453406,0,0,22
10099,0,20218454615,20218454595,0,0,20
10100,0,20220457043,20220456985,0,0,58
10101,0,20222460378,20222460320,0,0,58
10102,0,20224462526,20224462534,0,0,-8
10103,0,20226464211,20226464151,0,0,59
10104,0,20228466261,20228466212,0,0,49
10105,0,20230470568,20230470501,0,0,66
10106,0,20232471567,20232471520,0,0,47
10107,0,20234473340,20234473298,0,0,42
10108,0,20236475506,20236475501,0,0,4
10109,0,20238476944,20238476908,0,0,35
10110,0,20240479640,20240479650,0,0,-9
10111,0,20242482338,20242482355,0,0,-16
10112,0,20244485443,20244485406,0,0,37
10113,0,20246486946,20246486917,0,0,29
10114,0,20248489287,20248489245,0,0,42
10115,0,20250492200,20250492184,0,0,15
10116,0,20252493674,20252493624,0,0,49
10117,0,20254496065,20254496055,0,0,9
10118,0,20256498020,20256497998,0,0,21
10119,0,20258500035,20258500008,0,0,27
10120,0,20260501892,20260501854,0,0,38
10121,0,20262504702,20262504669,0,0,32
10122,0,20264507227,20264507159,0,0,67
10123,0,20266509055,20266509083,0,0,-27
10124,0,20268511371,20268511347,0,0,24
10125,0,20270513252,20270513290,0,0,-38
10126,0,20272515197,20272515230,0,0,-32
10127,0,20274518593,20274518630,0,0,-37
10128,0,20276521062,20276521096,0,0,-33
10129,0,20278523014,20278523046,0,0,-31
10130,0,20280524939,20280524977,0,0,-37
10131,0,20282527155,20282527137,0,0,17
10132,0,20284529674,20284529650,0,0,23
10133,0,20286531573,20286531559,0,0,14
10134,0,20288534132,20288534087,0,0,44
10135,0,20290535599,20290535589,0,0,9
10136,0,20292536880,20292536913,0,0,-33
10137,0,20294539305,20294539361,0,0,-56
10138,0,20296542253,20296542263,0,0,-10
10139,0,20298543693,20298543721,0,0,-28
10140,0,20300548243,20300548270,0,0,-26
10141,0,20302549136,20302549168,0,0,-32
10142,0,20304551656,20304551647,0,0,8
10143,0,20306553623,20306553577,0,0,46
10144,0,20308556737,20308556689,0,0,47
10145,0,20310558464,20310558422,0,0,42
10146,0,20312560523,20312560483,0,0,39
10147,0,20314562680,20314562697,0,0,-16
10148,0,20316565366,20316565354,0,0,12
10149,0,20318567201,20318567217,0,0,-15
10150,0,20320569847,20320569842,0,0,4
10151,0,20322571693,20322571707,0,0,-13
10152,0,20324574310,20324574320,0,0,-9
10153,0,20326575805,20326575819,0,0,-13
10154,0,20328577355,20328577299,0,0,56
10155,0,20330582001,20330581955,0,0,46
10156,0,20332584130,20332584104,0,0,25
10157,0,20334585025,20334584992,0,0,33
10158,0,20336587390,20336587360,0,0,29
10159,0,20338589267,20338589235,0,0,31
10160,0,20340592510,20340592521,0,0,-10
10161,0,20342594484,20342594512,0,0,-28
10162,0,20344595154,20344595175,0,0,-20
10163,0,20346598254,20346598195,0,0,59
10164,0,20348601010,20348601002,0,0,7
10165,0,20350602953,20350602921,0,0,31
10166,0,20352604919,20352604920,0,0,0
10167,0,20354607056,20354607096,0,0,-39
10168,0,20356609629,20356609595,0,0,33
10169,0,20358612170,20358612146,0,0,23
10170,0,20360614712,20360614674,0,0,38
10171,0,20362617308,20362617266,0,0,42
10172,0,20364619627,20364619582,0,0,44
10173,0,20366620428,20366620441,0,0,-13
10174,0,20368622863,20368622811,0,0,51
10175,0,20370624568,20370624531,0,0,36
10176,0,20372626279,20372626213,0,0,65
10177,0,20374629467,20374629429,0,0,38
10178,0,20376631737,20376631754,0,0,-17
10179,0,20378634812,20378634826,0,0,-14
10180,0,20380637395,20380637337,0,0,58
10181,0,20382637802,20382637775,0,0,26
10182,0,20384640055,20384639991,0,0,64
10183,0,20386642577,20386642582,0,0,-5
10184,0,20388644738,20388644752,0,0,-14
10185,0,20390646220,20390646251,0,0,-31
10186,0,20392649569,20392649550,0,0,19
10187,0,20394651453,20394651442,0,0,11
10188,0,20396654213,20396654223,0,0,-9
10189,0,20398656134,20398656125,0,0,8
10190,0,20400658663,20400658597,0,0,66
10191,0,20402661130,20402661075,0,0,55
10192,0,20404663455,20404663397,0,0,58
10193,0,20406665026,20406664988,0,0,38
10194,0,20408667448,20408667400,0,0,47
10195,0,20410669140,20410669090,0,0,49
10196,0,20412671013,20412670979,0,0,34
10197,0,20414673542,20414673571,0,0,-29
10198,0,20416675141,20416675060,0,0,80
10199,0,20418678166,20418678112,0,0,53
10200,0,20420680780,20420680712,0,0,67
10201,0,20422683422,20422683371,0,0,51
10202,0,20424685506,20424685431,0,0,75
10203,0,20426687558,20426687525,0,0,33
10204,0,20428690904,20428690887,0,0,17
10205,0,20430693614,20430693583,0,0,31
10206,0,20432694905,20432694865,0,0,40
10207,0,20434696481,20434696467,0,0,14
10208,0,20436699065,20436699089,0,0,-23
10209,0,20438700665,20438700623,0,0,41
10210,0,20440701510,20440701477,0,0,33
10211,0,20442705103,20442705078,0,0,24
10212,0,20444708739,20444708712,0,0,26
10213,0,20446709389,20446709363,0,0,26
10214,0,20448711573,20448711547,0,0,26
10215,0,20450714307,20450714274,0,0,33
10216,0,20452716760,20452716738,0,0,22
10217,0,20454719205,20454719191,0,0,13
10218,0,20456720566,20456720531,0,0,35
10219,0,20458722676,20458722656,0,0,19
10220,0,20460725980,20460725956,0,0,24
10221,0,20462727395,20462727386,0,0,9
10222,0,20464729853,20464729792,0,0,60
10223,0,20466731916,20466731881,0,0,35
10224,0,20468734412,20468734354,0,0,58
10225,0,20470736144,20470736103,0,0,40
10226,0,20472738721,20472738679,0,0,42
10227,0,20474740990,20474741016,0,0,-26
10228,0,20476742929,20476742965,0,0,-35
10229,0,20478744938,20478744963,0,0,-24
10230,0,20480746458,20480746495,0,0,-36
10231,0,20482749684,20482749649,0,0,34
10232,0,20484752510,20484752535,0,0,-24
10233,0,20486753914,20486753934,0,0,-20
10234,0,20488756236,20488756210,0,0,26
10235,0,20490757903,20490757874,0,0,29
10236,0,20492760716,20492760698,0,0,17
10237,0,20494762391,20494762332,0,0,58
10238,0,20496764253,20496764260,0,0,-6
10239,0,20498767100,20498767139,0,0,-38
10240,0,20500770042,20500770057,0,0,-15
10241,0,20502771808,20502771835,0,0,-26
10242,0,20504773961,20504773964,0,0,-2
10243,0,20506776991,20506777015,0,0,-24
10244,0,20508780040,20508779982,0,0,58
10245,0,20510781175,20510781150,0,0,25
10246,0,20512782949,20512782907,0,0,42
10247,0,20514785018,20514784993,0,0,24
10248,0,20516787460,20516787431,0,0,29
10249,0,20518790278,20518790238,0,0,40
10250,0,20520791921,20520791852,0,0,68
10251,0,20522793516,20522793483,0,0,33
10252,0,20524796194,20524796168,0,0,26
10253,0,20526798283,20526798249,0,0,33
10254,0,20528799583,20528799552,0,0,30
10255,0,20530804168,20530804134,0,0,33
10256,0,20532805464,20532805421,0,0,42
10257,0,20534807089,20534807056,0,0,32
10258,0,20536808708,20536808698,0,0,9
10259,0,20538811833,20538811817,0,0,15
10260,0,20540814303,20540814291,0,0,12
10261,0,20542816864,20542816831,0,0,33
10262,0,20544818448,20544818420,0,0,28
10263,0,20546820598,20546820572,0,0,26
10264,0,20548823107,20548823122,0,0,-15
10265,0,20550825281,20550825260,0,0,21
10266,0,20552827538,20552827512,0,0,26
10267,0,20554829395,20554829318,0,0,76
10268,0,20556830878,20556830819,0,0,58
10269,0,20558835047,20558834993,0,0,54
10270,0,20560836282,20560836192,0,0,89
10271,0,20562838295,20562838235,0,0,59
10272,0,20564839586,20564839491,0,0,95
10273,0,20566841723,20566841685,0,0,38
10274,0,20568843907,20568843856,0,0,51
10275,0,20570847066,20570847092,0,0,-26
10276,0,20572849292,20572849308,0,0,-15
10277,0,20574850550,20574850529,0,0,20
10278,0,20576853244,20576853215,0,0,29
10279,0,20578856525,20578856485,0,0,39
10280,0,20580858843,20580858807,0,0,35
10281,0,20582860642,20582860593,0,0,48
10282,0,20584863220,20584863185,0,0,34
10283,0,20586865604,20586865561,0,0,43
10284,0,20588867469,20588867443,0,0,26
10285,0,20590869605,20590869567,0,0,38
10286,0,20592871846,20592871795,0,0,50
10287,0,20594873973,20594873928,0,0,45
10288,0,20596876997,20596876950,0,0,47
10289,0,20598878462,20598878424,0,0,38
10290,0,20600880726,20600880745,0,0,-18
10291,0,20602883037,20602883061,0,0,-24
10292,0,20604885425,20604885438,0,0,-12
10293,0,20606886820,20606886785,0,0,34
10294,0,20608888422,20608888409,0,0,12
10295,0,20610890569,20610890541,0,0,27
10296,0,20612893901,20612893864,0,0,36
10297,0,20614896795,20614896786,0,0,9
10298,0,20616899010,20616898979,0,0,31
10299,0,20618900513,20618900478,0,0,35
10300,0,20620901732,20620901694,0,0,37
10301,0,20622904801,20622904830,0,0,-29
10302,0,20624906915,20624906877,0,0,38
10303,0,20626909871,20626909833,0,0,38
10304,0,20628911914,20628911867,0,0,47
10305,0,20630915323,20630915278,0,0,44
10306,0,20632916250,20632916193,0,0,56
10307,0,20634918283,20634918242,0,0,40
10308,0,20636920171,20636920122,0,0,49
10309,0,20638923036,20638922998,0,0,38
10310,0,20640925285,20640925242,0,0,43
10311,0,20642927431,20642927392,0,0,39
10312,0,20644929824,20644929784,0,0,39
10313,0,20646931900,20646931855,0,0,44
10314,0,20648934455,20648934443,0,0,11
10315,0,20650936373,20650936374,0,0,-1
10316,0,20652938365,20652938332,0,0,33
10317,0,20654940728,20654940752,0,0,-23
10318,0,20656943305,20656943287,0,0,17
10319,0,20658945086,20658945097,0,0,-11
10320,0,20660947760,20660947770,0,0,-10
10321,0,20662950259,20662950234,0,0,24
10322,0,20664952662,20664952615,0,0,46
10323,0,20666954416,20666954411,0,0,4
10324,0,20668956691,20668956635,0,0,55
10325,0,20670958310,20670958224,0,0,85
10326,0,20672960289,20672960239,0,0,49
10327,0,20674962972,20674962904,0,0,67
10328,0,20676965166,20676965088,0,0,78
10329,0,20678966453,20678966393,0,0,59
10330,0,20680968830,20680968782,0,0,47
10331,0,20682971827,20682971791,0,0,36
10332,0,20684974662,20684974607,0,0,54
10333,0,20686978254,20686978220,0,0,34
10334,0,20688978857,20688978813,0,0,44
10335,0,20690980694,20690980658,0,0,35
10336,0,20692983330,20692983300,0,0,29
10337,0,20694985493,20694985433,0,0,59
10338,0,20696987615,20696987568,0,0,47
10339,0,20698990856,20698990802,0,0,54
10340,0,20700993777,20700993708,0,0,68
10341,0,20702994308,20702994260,0,0,47
10342,0,20704996249,20704996177,0,0,72
10343,0,20706997400,20706997360,0,0,40
10344,0,20709000164,20709000116,0,0,47
10345,0,20711003185,20711003147,0,0,38
10346,0,20713005658,20713005624,0,0,33
10347,0,20715007344,20715007305,0,0,39
10348,0,20717008948,20717008993,0,0,-44
10349,0,20719012947,20719012961,0,0,-13
10350,0,20721014410,20721014380,0,0,29
10351,0,20723016624,20723016610,0,0,14
10352,0,20725018692,20725018646,0,0,46
10353,0,20727020855,20727020824,0,0,31
10354,0,20729023151,20729023137,0,0,14
10355,0,20731026579,20731026539,0,0,39
10356,0,20733027754,20733027719,0,0,35
10357,0,20735029827,20735029819,0,0,8
10358,0,20737032359,20737032301,0,0,58
10359,0,20739034582,20739034553,0,0,28
10360,0,20741036815,20741036757,0,0,58
10361,0,20743038975,20743038939,0,0,36
10362,0,20745041037,20745040979,0,0,57
10363,0,20747043333,20747043320,0,0,13
10364,0,20749045642,20749045594,0,0,48
10365,0,20751048856,20751048819,0,0,36
10366,0,20753050775,20753050745,0,0,30
10367,0,20755051943,20755051919,0,0,24
10368,0,20757054725,20757054697,0,0,27
10369,0,20759056466,20759056450,0,0,15
10370,0,20761058026,20761057991,0,0,34
10371,0,20763061651,20763061633,0,0,17
10372,0,20765063788,20765063757,0,0,31
10373,0,20767065883,20767065858,0,0,24
10374,0,20769067846,20769067817,0,0,29
10375,0,20771070132,20771070171,0,0,-38
10376,0,20773072224,20773072270,0,0,-46
10377,0,20775074282,20775074256,0,0,26
10378,0,20777077200,20777077145,0,0,54
10379,0,20779078582,20779078552,0,0,29
10380,0,20781080013,20781079951,0,0,61
10381,0,20783082899,20783082932,0,0,-32
10382,0,20785084229,20785084168,0,0,60
10383,0,20787086656,20787086622,0,0,33
10384,0,20789090182,20789090124,0,0,58
10385,0,20791091905,20791091877,0,0,27
10386,0,20793093535,20793093480,0,0,54
10387,0,20795096586,20795096625,0,0,-39
10388,0,20797098453,20797098501,0,0,-48
10389,0,20799099890,20799099858,0,0,32
10390,0,20801102222,20801102195,0,0,26
10391,0,20803105269,20803105254,0,0,14
10392,0,20805107534,20805107479,0,0,55
10393,0,20807108943,20807108968,0,0,-25
10394,0,20809111829,20809111822,0,0,6
10395,0,20811112914,20811112869,0,0,44
10396,0,20813115840,20813115815,0,0,24
10397,0,20815118933,20815118919,0,0,14
10398,0,20817121017,20817120981,0,0,35
10399,0,20819123457,20819123427,0,0,29
10400,0,20821125350,20821125284,0,0,66
10401,0,20823127202,20823127141,0,0,60
10402,0,20825129952,20825129891,0,0,60
10403,0,20827133277,20827133242,0,0,34
10404,0,20829135405,20829135373,0,0,31
10405,0,20831138318,20831138332,0,0,-14
10406,0,20833139103,20833139052,0,0,51
10407,0,20835140868,20835140824,0,0,43
10408,0,20837141974,20837141939,0,0,35
10409,0,20839144666,20839144632,0,0,33
10410,0,20841148006,20841147959,0,0,47
10411,0,20843149880,20843149844,0,0,35
10412,0,20845152235,20845152184,0,0,51
10413,0,20847155257,20847155203,0,0,53
10414,0,20849155446,20849155404,0,0,41
10415,0,20851157552,20851157498,0,0,53
10416,0,20853160339,20853160366,0,0,-27
10417,0,20855163247,20855163202,0,0,44
10418,0,20857165585,20857165557,0,0,27
10419,0,20859167400,20859167353,0,0,46
10420,0,20861168819,20861168780,0,0,38
10421,0,20863170668,20863170619,0,0,49
10422,0,20865173597,20865173579,0,0,17
10423,0,20867176457,20867176447,0,0,9
10424,0,20869177682,20869177673,0,0,8
10425,0,20871180314,20871180345,0,0,-31
10426,0,20873183429,20873183371,0,0,58
10427,0,20875185157,20875185129,0,0,28
10428,0,20877186582,20877186587,0,0,-5
10429,0,20879190493,20879190525,0,0,-32
10430,0,20881192312,20881192340,0,0,-28
10431,0,20883194619,20883194638,0,0,-18
10432,0,20885196680,20885196671,0,0,8
10433,0,20887198649,20887198680,0,0,-30
10434,0,20889200447,20889200414,0,0,32
10435,0,20891204653,20891204678,0,0,-24
10436,0,20893206584,20893206637,0,0,-52
10437,0,20895208208,20895208243,0,0,-34
10438,0,20897209788,20897209831,0,0,-42
10439,0,20899211025,20899210993,0,0,31
10440,0,20901214038,20901214017,0,0,21
10441,0,20903216584,20903216537,0,0,47
10442,0,20905219242,20905219184,0,0,58
10443,0,20907221647,20907221606,0,0,41
10444,0,20909223614,20909223588,0,0,26
10445,0,20911225478,20911225455,0,0,23
10446,0,20913228597,20913228678,0,0,-80
10447,0,20915230912,20915230872,0,0,39
10448,0,20917234193,20917234134,0,0,58
10449,0,20919234687,20919234647,0,0,40
10450,0,20921236796,20921236781,0,0,15
10451,0,20923239253,20923239209,0,0,44
10452,0,20925241247,20925241224,0,0,23
10453,0,20927242973,20927242925,0,0,48
10454,0,20929245458,20929245411,0,0,47
10455,0,20931249689,20931249649,0,0,40
10456,0,20933250307,20933250260,0,0,47
10457,0,20935252251,20935252242,0,0,9
10458,0,20937254505,20937254484,0,0,21
10459,0,20939256672,20939256686,0,0,-13
10460,0,20941258761,20941258749,0,0,12
10461,0,20943260143,20943260170,0,0,-27
10462,0,20945264212,20945264166,0,0,46
10463,0,20947265858,20947265822,0,0,35
10464,0,20949267951,20949267921,0,0,29
10465,0,20951270042,20951269994,0,0,47
10466,0,20953272195,20953272186,0,0,8
10467,0,20955273394,20955273402,0,0,-7
10468,0,20957277087,20957277102,0,0,-14
10469,0,20959278887,20959278838,0,0,49
10470,0,20961281413,20961281361,0,0,51
10471,0,20963283479,20963283431,0,0,48
10472,0,20965285643,20965285573,0,0,70
10473,0,20967288101,20967288119,0,0,-17
10474,0,20969290794,20969290817,0,0,-22
10475,0,20971292153,20971292186,0,0,-32
10476,0,20973294505,20973294550,0,0,-44
10477,0,20975296773,20975296758,0,0,14
10478,0,20977299050,20977299032,0,0,17
10479,0,20979301624,20979301606,0,0,17
10480,0,20981303308,20981303275,0,0,33
10481,0,20983305015,20983304991,0,0,24
10482,0,20985307690,20985307641,0,0,49
10483,0,20987309385,20987309352,0,0,33
10484,0,20989312335,20989312324,0,0,11
10485,0,20991314458,20991314431,0,0,26
10486,0,20993315831,20993315755,0,0,75
10487,0,20995318722,20995318671,0,0,50
10488,0,20997320173,20997320123,0,0,49
10489,0,20999323465,20999323438,0,0,26
10490,0,21001325952,21001325888,0,0,63
10491,0,21003327728,21003327716,0,0,11
10492,0,21005329876,21005329830,0,0,46
10493,0,21007332253,21007332223,0,0,29
10494,0,21009334608,21009334600,0,0,8
10495,0,21011337017,21011337061,0,0,-43
10496,0,21013339189,21013339211,0,0,-22
10497,0,21015341270,21015341305,0,0,-35
10498,0,21017343575,21017343600,0,0,-25
10499,0,21019347192,21019347162,0,0,29
10500,0,21021349548,21021349521,0,0,26
10501,0,21023349768,21023349742,0,0,26
10502,0,21025351579,21025351564,0,0,14
10503,0,21027354604,21027354580,0,0,23
10504,0,21029356970,21029356937,0,0,33
10505,0,21031360680,21031360651,0,0,28
10506,0,21033361668,21033361631,0,0,36
10507,0,21035363523,21035363511,0,0,11
10508,0,21037365426,21037365478,0,0,-51
10509,0,21039366689,21039366681,0,0,8
10510,0,21041370095,21041370143,0,0,-48
10511,0,21043372829,21043372803,0,0,26
10512,0,21045374644,21045374613,0,0,31
10513,0,21047376396,21047376355,0,0,41
10514,0,21049378226,21049378169,0,0,56
10515,0,21051382137,21051382099,0,0,38
10516,0,21053383980,21053383907,0,0,73
10517,0,21055386255,21055386218,0,0,36
10518,0,21057388393,21057388365,0,0,28
10519,0,21059390276,21059390238,0,0,38
10520,0,21061392869,21061392809,0,0,59
10521,0,21063394602,21063394568,0,0,33
10522,0,21065397019,21065396983,0,0,35
10523,0,21067399372,21067399324,0,0,47
10524,0,21069401552,21069401504,0,0,47
10525,0,21071403819,21071403771,0,0,47
10526,0,21073406984,21073406946,0,0,38
10527,0,21075408117,21075408087,0,0,29
10528,0,21077410398,21077410342,0,0,56
10529,0,21079412534,21079412507,0,0,26
10530,0,21081413970,21081413916,0,0,54
10531,0,21083417995,21083417966,0,0,29
10532,0,21085420269,21085420244,0,0,24
10533,0,21087421071,21087421030,0,0,41
10534,0,21089422357,21089422312,0,0,44
10535,0,21091424797,21091424743,0,0,54
10536,0,21093428071,21093428031,0,0,40
10537,0,21095430880,21095430842,0,0,38
10538,0,21097432711,21097432662,0,0,48
10539,0,21099434878,21099434850,0,0,28
10540,0,21101437013,21101436974,0,0,39
10541,0,21103439857,21103439811,0,0,45
10542,0,21105442243,21105442185,0,0,58
10543,0,21107443512,21107443465,0,0,47
10544,0,21109445887,21109445847,0,0,40
10545,0,21111448764,21111448707,0,0,56
10546,0,21113450392,21113450410,0,0,-17
10547,0,21115452531,21115452555,0,0,-23
10548,0,21117455508,21117455483,0,0,24
10549,0,21119457195,21119457137,0,0,58
10550,0,21121459600,21121459525,0,0,74
10551,0,21123461498,21123461462,0,0,35
10552,0,21125463991,21125463919,0,0,71
10553,0,21127465674,21127465636,0,0,38
10554,0,21129466823,21129466790,0,0,33
10555,0,21131470606,21131470575,0,0,31
10556,0,21133472803,21133472737,0,0,65
10557,0,21135475460,21135475411,0,0,49
10558,0,21137478421,21137478412,0,0,8
10559,0,21139479431,21139479405,0,0,26
10560,0,21141481175,21141481208,0,0,-32
10561,0,21143482541,21143482562,0,0,-20
10562,0,21145485855,21145485869,0,0,-14
10563,0,21147488999,21147489039,0,0,-40
10564,0,21149491708,21149491726,0,0,-17
10565,0,21151493031,21151493059,0,0,-28
10566,0,21153494837,21153494797,0,0,40
10567,0,21155497085,21155497042,0,0,42
10568,0,21157500100,21157500043,0,0,56
10569,0,21159501887,21159501836,0,0,51
10570,0,21161503745,21161503778,0,0,-33
10571,0,21163505765,21163505787,0,0,-22
10572,0,21165508037,21165508082,0,0,-44
10573,0,21167510371,21167510340,0,0,31
10574,0,21169512997,21169512986,0,0,11
10575,0,21171514617,21171514586,0,0,31
10576,0,21173516766,21173516701,0,0,64
10577,0,21175517984,21175518020,0,0,-36
10578,0,21177520823,21177520773,0,0,49
10579,0,21179523795,21179523766,0,0,29
10580,0,21181526218,21181526184,0,0,34
10581,0,21183527975,21183527959,0,0,15
10582,0,21185529754,21185529694,0,0,59
10583,0,21187532550,21187532505,0,0,44
10584,0,21189535447,21189535368,0,0,78
10585,0,21191537186,21191537175,0,0,11
10586,0,21193539537,21193539489,0,0,47
10587,0,21195541800,21195541773,0,0,26
10588,0,21197544424,21197544379,0,0,44
10589,0,21199546054,21199546031,0,0,22
10590,0,21201548663,21201548669,0,0,-6
10591,0,21203550415,21203550438,0,0,-22
10592,0,21205553280,21205553229,0,0,51
10593,0,21207554844,21207554816,0,0,27
10594,0,21209557374,21209557336,0,0,38
10595,0,21211560150,21211560136,0,0,13
10596,0,21213562498,21213562530,0,0,-31
10597,0,21215563800,21215563833,0,0,-33
10598,0,21217566031,21217566062,0,0,-31
10599,0,21219568539,21219568571,0,0,-32
10600,0,21221571119,21221571080,0,0,38
10601,0,21223572588,21223572614,0,0,-25
10602,0,21225575109,21225575100,0,0,8
10603,0,21227577527,21227577489,0,0,37
10604,0,21229579622,21229579590,0,0,31
10605,0,21231582934,21231582876,0,0,58
10606,0,21233584128,21233584080,0,0,47
10607,0,21235586179,21235586157,0,0,22
10608,0,21237589950,21237589894,0,0,56
10609,0,21239591441,21239591387,0,0,53
10610,0,21241592647,21241592617,0,0,29
10611,0,21243595149,21243595114,0,0,34
10612,0,21245597313,21245597255,0,0,58
10613,0,21247599072,21247599009,0,0,62
10614,0,21249600531,21249600510,0,0,21
10615,0,21251604164,21251604191,0,0,-26
10616,0,21253606482,21253606467,0,0,14
10617,0,21255608678,21255608597,0,0,80
10618,0,21257610319,21257610285,0,0,33
10619,0,21259611262,21259611233,0,0,29
10620,0,21261614167,21261614122,0,0,44
10621,0,21263617694,21263617640,0,0,53
10622,0,21265619555,21265619499,0,0,56
10623,0,21267622910,21267622874,0,0,35
10624,0,21269624198,21269624160,0,0,38
10625,0,21271626673,21271626629,0,0,44
10626,0,21273628334,21273628314,0,0,20
10627,0,21275630289,21275630352,0,0,-63
10628,0,21277633035,21277633087,0,0,-51
10629,0,21279634720,21279634705,0,0,14
10630,0,21281636227,21281636204,0,0,23
10631,0,21283640075,21283640051,0,0,24
10632,0,21285642075,21285642098,0,0,-22
10633,0,21287644290,21287644325,0,0,-34
10634,0,21289646557,21289646600,0,0,-42
10635,0,21291648177,21291648220,0,0,-43
10636,0,21293651581,21293651629,0,0,-47
10637,0,21295653462,21295653454,0,0,8
10638,0,21297654755,21297654734,0,0,21
10639,0,21299658605,21299658584,0,0,21
10640,0,21301659485,21301659469,0,0,15
10641,0,21303661921,21303661955,0,0,-34
10642,0,21305663625,21305663617,0,0,8
10643,0,21307665217,21307665194,0,0,22
10644,0,21309668826,21309668791,0,0,34
10645,0,21311670194,21311670229,0,0,-35
10646,0,21313671666,21313671680,0,0,-14
10647,0,21315674638,21315674604,0,0,33
10648,0,21317676080,21317676056,0,0,24
10649,0,21319679422,21319679397,0,0,24
10650,0,21321681560,21321681509,0,0,51
10651,0,21323683720,21323683685,0,0,35
10652,0,21325686328,21325686244,0,0,83
10653,0,21327688177,21327688148,0,0,29
10654,0,21329690034,21329689955,0,0,79
10655,0,21331695438,21331695395,0,0,42
10656,0,21333695112,21333695074,0,0,38
10657,0,21335697160,21335697186,0,0,-26
10658,0,21337699518,21337699525,0,0,-7
10659,0,21339702825,21339702805,0,0,20
10660,0,21341705693,21341705653,0,0,39
10661,0,21343705937,21343705903,0,0,33
10662,0,21345707635,21345707581,0,0,53
10663,0,21347710820,21347710777,0,0,42
10664,0,21349713006,21349712955,0,0,51
10665,0,21351714909,21351714849,0,0,59
10666,0,21353717107,21353717063,0,0,44
10667,0,21355718481,21355718450,0,0,31
10668,0,21357721883,21357721840,0,0,42
10669,0,21359723997,21359724035,0,0,-38
10670,0,21361726139,21361726073,0,0,66
10671,0,21363728644,21363728616,0,0,28
10672,0,21365730629,21365730589,0,0,40
10673,0,21367733044,21367732999,0,0,45
10674,0,21369735178,21369735211,0,0,-32
10675,0,21371737241,21371737267,0,0,-25
10676,0,21373740056,21373740093,0,0,-36
10677,0,21375741938,21375741952,0,0,-13
10678,0,21377743934,21377743927,0,0,7
10679,0,21379746247,21379746279,0,0,-31
10680,0,21381748638,21381748584,0,0,53
10681,0,21383750818,21383750778,0,0,40
10682,0,21385753352,21385753318,0,0,33
10683,0,21387755502,21387755478,0,0,23
10684,0,21389757591,21389757593,0,0,-2
10685,0,21391759532,21391759499,0,0,33
10686,0,21393761586,21393761540,0,0,46
10687,0,21395764093,21395764053,0,0,39
10688,0,21397766412,21397766376,0,0,35
10689,0,21399768471,21399768422,0,0,49
10690,0,21401771101,21401771047,0,0,53
10691,0,21403772759,21403772746,0,0,13
10692,0,21405775746,21405775725,0,0,21
10693,0,21407777314,21407777277,0,0,37
10694,0,21409779492,21409779480,0,0,11
10695,0,21411781844,21411781808,0,0,36
10696,0,21413784422,21413784397,0,0,24
10697,0,21415786315,21415786288,0,0,26
10698,0,21417788469,21417788427,0,0,42
10699,0,21419790521,21419790488,0,0,33
10700,0,21421792982,21421792948,0,0,33
10701,0,21423796054,21423796000,0,0,54
10702,0,21425798312,21425798234,0,0,78
10703,0,21427800141,21427800175,0,0,-33
10704,0,21429801892,21429801857,0,0,34
10705,0,21431805763,21431805739,0,0,23
10706,0,21433806013,21433805974,0,0,39
10707,0,21435807445,21435807429,0,0,15
10708,0,21437810738,21437810696,0,0,41
10709,0,21439813074,21439813059,0,0,14
10710,0,21441815406,21441815373,0,0,33
10711,0,21443816975,21443816948,0,0,27
10712,0,21445818669,21445818610,0,0,59
10713,0,21447821859,21447821844,0,0,14
10714,0,21449824175,21449824122,0,0,53
10715,0,21451826195,21451826170,0,0,24
10716,0,21453828955,21453828912,0,0,42
10717,0,21455830746,21455830723,0,0,23
10718,0,21457833731,21457833680,0,0,51
10719,0,21459836215,21459836251,0,0,-35
10720,0,21461837720,21461837752,0,0,-31
10721,0,21463839606,21463839631,0,0,-24
10722,0,21465841760,21465841781,0,0,-20
10723,0,21467845066,21467845097,0,0,-31
10724,0,21469846974,21469847016,0,0,-42
10725,0,21471847179,21471847153,0,0,25
10726,0,21473849788,21473849753,0,0,35
10727,0,21475853004,21475852967,0,0,37
10728,0,21477855343,21477855312,0,0,31
10729,0,21479857251,21479857220,0,0,31
10730,0,21481858933,21481858882,0,0,51
10731,0,21483862236,21483862199,0,0,37
10732,0,21485864127,21485864085,0,0,42
10733,0,21487866305,21487866319,0,0,-13
10734,0,21489868885,21489868878,0,0,7
10735,0,21491871840,21491871814,0,0,26
10736,0,21493873348,21493873294,0,0,53
10737,0,21495875224,21495875179,0,0,44
10738,0,21497877564,21497877517,0,0,47
10739,0,21499880064,21499880015,0,0,48
10740,0,21501881975,21501881901,0,0,74
10741,0,21503883960,21503883929,0,0,31
10742,0,21505885179,21505885148,0,0,31
10743,0,21507887987,21507887949,0,0,38
10744,0,21509891054,21509890969,0,0,85
10745,0,21511893249,21511893259,0,0,-10
10746,0,21513895608,21513895588,0,0,20
10747,0,21515897849,21515897840,0,0,8
10748,0,21517899865,21517899829,0,0,35
10749,0,21519902148,21519902130,0,0,17
10750,0,21521904958,21521904903,0,0,54
10751,0,21523906102,21523906077,0,0,24
10752,0,21525908426,21525908415,0,0,11
10753,0,21527909712,21527909688,0,0,23
10754,0,21529913271,21529913225,0,0,46
10755,0,21531917807,21531917748,0,0,59
10756,0,21533918829,21533918788,0,0,40
10757,0,21535919997,21535919971,0,0,26
10758,0,21537922110,21537922065,0,0,44
10759,0,21539924113,21539924127,0,0,-13
10760,0,21541927122,21541927056,0,0,65
10761,0,21543928937,21543928901,0,0,35
10762,0,21545931929,21545931892,0,0,37
10763,0,21547934316,21547934301,0,0,14
10764,0,21549935292,21549935350,0,0,-58
10765,0,21551937874,21551937922,0,0,-48
10766,0,21553939857,21553939882,0,0,-24
10767,0,21555942796,21555942778,0,0,17
10768,0,21557946597,21557946583,0,0,14
10769,0,21559947511,21559947493,0,0,17
10770,0,21561948651,21561948605,0,0,46
10771,0,21563951148,21563951110,0,0,38
10772,0,21565953774,21565953756,0,0,17
10773,0,21567955409,21567955368,0,0,40
10774,0,21569957836,21569957802,0,0,34
10775,0,21571959423,21571959392,0,0,31
10776,0,21573961448,21573961419,0,0,29
10777,0,21575964654,21575964623,0,0,31
10778,0,21577966604,21577966542,0,0,62
10779,0,21579968539,21579968573,0,0,-33
10780,0,21581971006,21581970968,0,0,38
10781,0,21583973270,21583973235,0,0,35
10782,0,21585975458,21585975419,0,0,39
10783,0,21587977747,21587977705,0,0,41
10784,0,21589980969,21589980930,0,0,39
10785,0,21591981949,21591981901,0,0,47
10786,0,21593984259,21593984206,0,0,53
10787,0,21595987105,21595987071,0,0,34
10788,0,21597989773,21597989718,0,0,55
10789,0,21599992136,21599992096,0,0,39
10790,0,21601993212,21601993123,0,0,89
10791,0,21603995302,21603995274,0,0,28
10792,0,21605998019,21605997938,0,0,80
10793,0,21608000218,21608000137,0,0,81
10794,0,21610002595,21610002548,0,0,46
10795,0,21612004289,21612004256,0,0,33
10796,0,21614007034,21614007070,0,0,-35
10797,0,21616009493,21616009529,0,0,-35
10798,0,21618011065,21618011004,0,0,60
10799,0,21620013503,21620013469,0,0,34
10800,0,21622016823,21622016785,0,0,38
10801,0,21624018027,21624017991,0,0,36
10802,0,21626020253,21626020203,0,0,49
10803,0,21628022173,21628022141,0,0,31
10804,0,21630024851,21630024799,0,0,52
10805,0,21632027944,21632027938,0,0,6
10806,0,21634029098,21634029129,0,0,-31
10807,0,21636031546,21636031518,0,0,28
10808,0,21638033016,21638033018,0,0,-2
10809,0,21640034772,21640034784,0,0,-12
10810,0,21642037883,21642037905,0,0,-22
10811,0,21644039931,21644039892,0,0,39
10812,0,21646042261,21646042193,0,0,67
10813,0,21648045281,21648045221,0,0,60
10814,0,21650048366,21650048357,0,0,8
10815,0,21652048993,21652049006,0,0,-13
10816,0,21654052238,21654052264,0,0,-25
10817,0,21656052919,21656052950,0,0,-30
10818,0,21658054653,21658054628,0,0,25
10819,0,21660058982,21660058956,0,0,25
10820,0,21662060834,21662060764,0,0,69
10821,0,21664062056,21664062020,0,0,36
10822,0,21666064175,21666064119,0,0,56
10823,0,21668066662,21668066640,0,0,22
10824,0,21670069388,21670069353,0,0,34
10825,0,21672071149,21672071131,0,0,17
10826,0,21674073494,21674073442,0,0,51
10827,0,21676075256,21676075231,0,0,25
10828,0,21678077887,21678077878,0,0,9
10829,0,21680080003,21680079988,0,0,15
10830,0,21682082434,21682082383,0,0,51
10831,0,21684085002,21684084964,0,0,38
10832,0,21686088044,21686088005,0,0,39
10833,0,21688088898,21688088912,0,0,-13
10834,0,21690091197,21690091203,0,0,-5
10835,0,21692093830,21692093862,0,0,-31
10836,0,21694095693,21694095707,0,0,-14
10837,0,21696097877,21696097853,0,0,23
10838,0,21698099686,21698099624,0,0,61
10839,0,21700101429,21700101404,0,0,24
10840,0,21702104220,21702104231,0,0,-11
10841,0,21704106493,21704106458,0,0,35
10842,0,21706109166,21706109129,0,0,37
10843,0,21708110489,21708110466,0,0,23
10844,0,21710112702,21710112693,0,0,8
10845,0,21712115127,21712115149,0,0,-22
10846,0,21714117069,21714117087,0,0,-17
10847,0,21716119999,21716120024,0,0,-25
10848,0,21718123336,21718123379,0,0,-42
10849,0,21720124431,21720124389,0,0,42
10850,0,21722126800,21722126769,0,0,31
10851,0,21724129150,21724129125,0,0,25
10852,0,21726131852,21726131834,0,0,17
10853,0,21728133699,21728133676,0,0,23
10854,0,21730135675,21730135635,0,0,40
10855,0,21732139676,21732139665,0,0,11
10856,0,21734139865,21734139838,0,0,26
10857,0,21736141950,21736141922,0,0,27
10858,0,21738143281,21738143321,0,0,-40
10859,0,21740146349,21740146320,0,0,29
10860,0,21742148823,21742148795,0,0,27
10861,0,21744152385,21744152361,0,0,24
10862,0,21746153362,21746153340,0,0,22
10863,0,21748155394,21748155380,0,0,13
10864,0,21750157776,21750157729,0,0,47
10865,0,21752159991,21752159943,0,0,47
10866,0,21754162791,21754162769,0,0,21
10867,0,21756164469,21756164478,0,0,-8
10868,0,21758166792,21758166820,0,0,-27
10869,0,21760168881,21760168923,0,0,-42
10870,0,21762171435,21762171419,0,0,15
10871,0,21764173530,21764173501,0,0,29
10872,0,21766176357,21766176369,0,0,-12
10873,0,21768178694,21768178656,0,0,38
10874,0,21770180298,21770180278,0,0,19
10875,0,21772182292,21772182262,0,0,29
10876,0,21774184569,21774184532,0,0,37
10877,0,21776187047,21776187033,0,0,13
10878,0,21778188996,21778188961,0,0,34
10879,0,21780190943,21780190968,0,0,-24
10880,0,21782194395,21782194430,0,0,-34
10881,0,21784195301,21784195289,0,0,11
10882,0,21786196639,21786196674,0,0,-35
10883,0,21788199759,21788199808,0,0,-49
10884,0,21790202184,21790202204,0,0,-20
10885,0,21792204019,21792204000,0,0,19
10886,0,21794205708,21794205651,0,0,56
10887,0,21796209229,21796209205,0,0,23
10888,0,21798211386,21798211403,0,0,-17
10889,0,21800213120,21800213155,0,0,-35
10890,0,21802214617,21802214659,0,0,-42
10891,0,21804217775,21804217743,0,0,32
10892,0,21806219852,21806219817,0,0,35
10893,0,21808221464,21808221431,0,0,32
10894,0,21810224615,21810224576,0,0,39
10895,0,21812226395,21812226357,0,0,38
10896,0,21814228775,21814228745,0,0,29
10897,0,21816230057,21816230008,0,0,49
10898,0,21818232474,21818232461,0,0,12
10899,0,21820235696,21820235673,0,0,23
10900,0,21822237901,21822237835,0,0,65
10901,0,21824239983,21824239968,0,0,14
10902,0,21826242289,21826242264,0,0,24
10903,0,21828244154,21828244142,0,0,11
10904,0,21830246409,21830246437,0,0,-27
10905,0,21832250373,21832250413,0,0,-40
10906,0,21834251435,21834251390,0,0,44
10907,0,21836253386,21836253354,0,0,32
10908,0,21838255614,21838255568,0,0,46
10909,0,21840257658,21840257622,0,0,35
10910,0,21842260314,21842260254,0,0,59
10911,0,21844263280,21844263237,0,0,43
10912,0,21846266047,21846266010,0,0,36
10913,0,21848266907,21848266875,0,0,32
10914,0,21850269136,21850269111,0,0,24
10915,0,21852272006,21852272040,0,0,-33
10916,0,21854273593,21854273629,0,0,-35
10917,0,21856275341,21856275298,0,0,43
10918,0,21858277554,21858277509,0,0,44
10919,0,21860280390,21860280352,0,0,37
10920,0,21862282367,21862282305,0,0,61
10921,0,21864284721,21864284712,0,0,9
10922,0,21866286944,21866286905,0,0,39
10923,0,21868289511,21868289490,0,0,20
10924,0,21870291424,21870291384,0,0,40
10925,0,21872293950,21872293928,0,0,21
10926,0,21874296024,21874295973,0,0,51
10927,0,21876297869,21876297844,0,0,24
10928,0,21878301154,21878301133,0,0,20
10929,0,21880303694,21880303649,0,0,44
10930,0,21882305370,21882305294,0,0,76
10931,0,21884306739,21884306752,0,0,-13
10932,0,21886309014,21886309020,0,0,-5
10933,0,21888310701,21888310712,0,0,-11
10934,0,21890312683,21890312635,0,0,48
10935,0,21892315506,21892315454,0,0,51
10936,0,21894317471,21894317421,0,0,49
10937,0,21896320008,21896319941,0,0,67
10938,0,21898321941,21898321896,0,0,45
10939,0,21900324516,21900324469,0,0,47
10940,0,21902327289,21902327279,0,0,10
10941,0,21904329187,21904329198,0,0,-11
10942,0,21906331707,21906331626,0,0,81
10943,0,21908333422,21908333360,0,0,61
10944,0,21910335646,21910335588,0,0,58
10945,0,21912339134,21912339076,0,0,58
10946,0,21914341040,21914340976,0,0,63
10947,0,21916342807,21916342769,0,0,38
10948,0,21918345518,21918345470,0,0,47
10949,0,21920347849,21920347781,0,0,68
10950,0,21922349063,21922348975,0,0,87
10951,0,21924352145,21924352095,0,0,49
10952,0,21926354570,21926354606,0,0,-35
10953,0,21928355937,21928355972,0,0,-35
10954,0,21930358134,21930358143,0,0,-8
10955,0,21932362385,21932362421,0,0,-35
10956,0,21934363487,21934363513,0,0,-26
10957,0,21936364796,21936364758,0,0,38
10958,0,21938367287,21938367269,0,0,17
10959,0,21940369042,21940369003,0,0,39
10960,0,21942371751,21942371707,0,0,44
10961,0,21944374644,21944374595,0,0,48
10962,0,21946376134,21946376107,0,0,26
10963,0,21948378307,21948378289,0,0,17
10964,0,21950380266,21950380286,0,0,-20
10965,0,21952381988,21952382013,0,0,-24
10966,0,21954384235,21954384188,0,0,47
10967,0,21956387233,21956387195,0,0,37
10968,0,21958389139,21958389128,0,0,11
10969,0,21960391006,21960390984,0,0,22
10970,0,21962392633,21962392595,0,0,38
10971,0,21964395782,21964395777,0,0,5
10972,0,21966398132,21966398097,0,0,35
10973,0,21968400590,21968400566,0,0,23
10974,0,21970402363,21970402286,0,0,76
10975,0,21972403874,21972403833,0,0,41
10976,0,21974407244,21974407195,0,0,49
10977,0,21976410128,21976410113,0,0,14
10978,0,21978411438,21978411409,0,0,29
10979,0,21980414465,21980414449,0,0,15
10980,0,21982416492,21982416523,0,0,-31
10981,0,21984417058,21984417073,0,0,-15
10982,0,21986420492,21986420510,0,0,-17
10983,0,21988422795,21988422806,0,0,-11
10984,0,21990424764,21990424705,0,0,58
10985,0,21992426678,21992426632,0,0,46
10986,0,21994428792,21994428855,0,0,-62
10987,0,21996431282,21996431328,0,0,-46
10988,0,21998433546,21998433525,0,0,20
10989,0,22000435746,22000435737,0,0,9
10990,0,22002438665,22002438633,0,0,31
10991,0,22004439922,22004439896,0,0,26
10992,0,22006441984,22006441969,0,0,14
10993,0,22008445635,22008445603,0,0,31
10994,0,22010447855,22010447894,0,0,-39
10995,0,22012449943,22012449977,0,0,-34
10996,0,22014451597,22014451633,0,0,-35
10997,0,22016453155,22016453173,0,0,-17
10998,0,22018455523,22018455502,0,0,21
10999,0,22020458053,22020458046,0,0,6
11000,0,22022460458,22022460415,0,0,42
11001,0,22024462386,22024462411,0,0,-24
11002,0,22026464523,22026464499,0,0,24
11003,0,22028466083,22028466049,0,0,33
11004,0,22030470034,22030469983,0,0,51
11005,0,22032473692,22032473664,0,0,27
11006,0,22034475626,22034475600,0,0,26
11007,0,22036476625,22036476611,0,0,13
11008,0,22038476880,22038476836,0,0,44
11009,0,22040480401,22040480375,0,0,26
11010,0,22042482555,22042482579,0,0,-23
11011,0,22044485370,22044485355,0,0,14
11012,0,22046487191,22046487170,0,0,20
11013,0,22048489200,22048489170,0,0,29
11014,0,22050491573,22050491589,0,0,-16
11015,0,22052493247,22052493271,0,0,-24
11016,0,22054495330,22054495269,0,0,61
11017,0,22056498576,22056498548,0,0,27
11018,0,22058500921,22058500894,0,0,26
11019,0,22060502752,22060502722,0,0,29
11020,0,22062504822,22062504784,0,0,37
11021,0,22064507495,22064507477,0,0,17
11022,0,22066509130,22066509139,0,0,-9
11023,0,22068510920,22068510894,0,0,25
11024,0,22070513349,22070513325,0,0,24
11025,0,22072517395,22072517375,0,0,20
11026,0,22074518129,22074518116,0,0,12
11027,0,22076520423,22076520397,0,0,25
11028,0,22078522677,22078522669,0,0,8
11029,0,22080524666,22080524626,0,0,39
11030,0,22082526811,22082526775,0,0,35
11031,0,22084529694,22084529659,0,0,34
11032,0,22086531791,22086531741,0,0,49
11033,0,22088533341,22088533313,0,0,27
11034,0,22090534811,22090534769,0,0,41
11035,0,22092536891,22092536841,0,0,49
11036,0,22094539433,22094539415,0,0,17
11037,0,22096542718,22096542680,0,0,38
11038,0,22098545152,22098545088,0,0,64
11039,0,22100547056,22100547064,0,0,-8
11040,0,22102549290,22102549312,0,0,-22
11041,0,22104551602,22104551578,0,0,24
11042,0,22106554197,22106554128,0,0,68
11043,0,22108557471,22108557443,0,0,28
11044,0,22110559925,22110559871,0,0,53
11045,0,22112560526,22112560495,0,0,31
11046,0,22114562980,22114563012,0,0,-31
11047,0,22116565559,22116565514,0,0,45
11048,0,22118567228,22118567179,0,0,48
11049,0,22120569135,22120569096,0,0,39
11050,0,22122570669,22122570613,0,0,56
11051,0,22124572636,22124572576,0,0,60
11052,0,22126576004,22126575956,0,0,48
11053,0,22128579202,22128579143,0,0,58
11054,0,22130581226,22130581175,0,0,51
11055,0,22132583119,22132583087,0,0,31
11056,0,22134584829,22134584739,0,0,89
11057,0,22136587002,22136586927,0,0,75
11058,0,22138588587,22138588566,0,0,21
11059,0,22140591815,22140591855,0,0,-40
11060,0,22142594220,22142594270,0,0,-50
11061,0,22144596141,22144596105,0,0,35
11062,0,22146598771,22146598829,0,0,-57
11063,0,22148600649,22148600677,0,0,-27
11064,0,22150602960,22150602964,0,0,-4
11065,0,22152605089,22152605102,0,0,-13
11066,0,22154606929,22154606921,0,0,8
11067,0,22156608904,22156608856,0,0,47
11068,0,22158612640,22158612595,0,0,44
11069,0,22160615459,22160615400,0,0,59
11070,0,22162616006,22162615953,0,0,53
11071,0,22164618118,22164618078,0,0,39
11072,0,22166620282,22166620228,0,0,53
11073,0,22168622662,22168622609,0,0,53
11074,0,22170625459,22170625389,0,0,69
11075,0,22172627967,22172627919,0,0,47
11076,0,22174631128,22174631070,0,0,58
11077,0,22176631506,22176631451,0,0,54
11078,0,22178632911,22178632901,0,0,9
11079,0,22180636036,22180636049,0,0,-13
11080,0,22182639101,22182639110,0,0,-8
11081,0,22184641282,22184641298,0,0,-15
11082,0,22186642801,22186642830,0,0,-29
11083,0,22188645567,22188645539,0,0,27
11084,0,22190647469,22190647439,0,0,29
11085,0,22192649578,22192649543,0,0,35
11086,0,22194651742,22194651687,0,0,55
11087,0,22196654484,22196654453,0,0,31
11088,0,22198656988,22198657011,0,0,-22
11089,0,22200660508,22200660470,0,0,38
11090,0,22202661225,22202661184,0,0,41
11091,0,22204663120,22204663142,0,0,-22
11092,0,22206665324,22206665334,0,0,-10
11093,0,22208666926,22208666878,0,0,47
11094,0,22210668475,22210668429,0,0,46
11095,0,22212671575,22212671540,0,0,35
11096,0,22214673752,22214673721,0,0,31
11097,0,22216675681,22216675687,0,0,-6
11098,0,22218677177,22218677133,0,0,44
11099,0,22220679368,22220679348,0,0,20
11100,0,22222682432,22222682407,0,0,24
11101,0,22224684719,22224684692,0,0,26
11102,0,22226686596,22226686565,0,0,31
11103,0,22228689650,22228689632,0,0,17
11104,0,22230691955,22230691935,0,0,19
11105,0,22232696369,22232696357,0,0,12
11106,0,22234696135,22234696112,0,0,22
11107,0,22236698614,22236698656,0,0,-42
11108,0,22238701036,22238701024,0,0,11
11109,0,22240702642,22240702609,0,0,32
11110,0,22242704373,22242704319,0,0,54
11111,0,22244707779,22244707755,0,0,24
11112,0,22246709445,22246709408,0,0,37
11113,0,22248711421,22248711406,0,0,15
11114,0,22250713292,22250713262,0,0,29
11115,0,22252716219,22252716193,0,0,26
11116,0,22254718983,22254718968,0,0,14
11117,0,22256720689,22256720651,0,0,38
11118,0,22258723784,22258723755,0,0,29
11119,0,22260726601,22260726581,0,0,20
11120,0,22262727952,22262727936,0,0,15
11121,0,22264730730,22264730690,0,0,39
11122,0,22266732359,22266732321,0,0,38
11123,0,22268733875,22268733856,0,0,19
11124,0,22270736372,22270736330,0,0,41
11125,0,22272738355,22272738344,0,0,11
11126,0,22274741004,22274740996,0,0,8
11127,0,22276743038,22276743024,0,0,14
11128,0,22278745564,22278745539,0,0,24
11129,0,22280747462,22280747415,0,0,47
11130,0,22282749323,22282749355,0,0,-32
11131,0,22284750698,22284750723,0,0,-24
11132,0,22286754577,22286754546,0,0,31
11133,0,22288756759,22288756730,0,0,29
11134,0,22290758985,22290758937,0,0,47
11135,0,22292760615,22292760653,0,0,-38
11136,0,22294762877,22294762891,0,0,-13
11137,0,22296765023,22296765068,0,0,-44
11138,0,22298767899,22298767851,0,0,47
11139,0,22300771041,22300771092,0,0,-50
11140,0,22302773023,22302773055,0,0,-31
11141,0,22304773968,22304773939,0,0,29
11142,0,22306776459,22306776431,0,0,27
11143,0,22308779321,22308779301,0,0,20
11144,0,22310781938,22310781871,0,0,66
11145,0,22312782644,22312782616,0,0,28
11146,0,22314784094,22314784068,0,0,26
11147,0,22316787576,22316787568,0,0,8
11148,0,22318789489,22318789464,0,0,25
11149,0,22320791624,22320791588,0,0,36
11150,0,22322792834,22322792871,0,0,-37
11151,0,22324795151,22324795187,0,0,-35
11152,0,22326798664,22326798687,0,0,-23
11153,0,22328801205,22328801215,0,0,-9
11154,0,22330804397,22330804422,0,0,-24
11155,0,22332806312,22332806302,0,0,10
11156,0,22334807594,22334807546,0,0,47
11157,0,22336809910,22336809879,0,0,30
11158,0,22338812131,22338812118,0,0,13
11159,0,22340813587,22340813555,0,0,32
11160,0,22342815726,22342815667,0,0,59
11161,0,22344818774,22344818768,0,0,6
11162,0,22346820859,22346820809,0,0,49
11163,0,22348823357,22348823380,0,0,-22
11164,0,22350825214,22350825157,0,0,56
11165,0,22352827242,22352827209,0,0,32
11166,0,22354828671,22354828604,0,0,66
11167,0,22356831592,22356831561,0,0,31
11168,0,22358833337,22358833278,0,0,59
11169,0,22360836178,22360836146,0,0,31
11170,0,22362838898,22362838838,0,0,59
11171,0,22364841363,22364841307,0,0,55
11172,0,22366843192,22366843134,0,0,58
11173,0,22368845344,22368845278,0,0,66
11174,0,22370847292,22370847226,0,0,66
11175,0,22372849010,22372848941,0,0,68
11176,0,22374852741,22374852645,0,0,95
11177,0,22376854173,22376854146,0,0,26
11178,0,22378856477,22378856440,0,0,36
11179,0,22380858377,22380858411,0,0,-33
11180,0,22382861276,22382861301,0,0,-24
11181,0,22384863203,22384863161,0,0,41
11182,0,22386864986,22386864951,0,0,35
11183,0,22388866230,22388866184,0,0,45
11184,0,22390868713,22390868637,0,0,76
11185,0,22392872107,22392872078,0,0,28
11186,0,22394874928,22394874919,0,0,8
11187,0,22396875294,22396875286,0,0,7
11188,0,22398878597,22398878633,0,0,-35
11189,0,22400880566,22400880581,0,0,-14
11190,0,22402882173,22402882143,0,0,29
11191,0,22404885233,22404885203,0,0,29
11192,0,22406887725,22406887655,0,0,69
11193,0,22408889633,22408889588,0,0,44
11194,0,22410892322,22410892275,0,0,47
11195,0,22412894991,22412894960,0,0,31
11196,0,22414897596,22414897548,0,0,47
11197,0,22416898240,22416898204,0,0,35
11198,0,22418900231,22418900150,0,0,80
11199,0,22420902953,22420902896,0,0,56
11200,0,22422905279,22422905228,0,0,51
11201,0,22424907680,22424907634,0,0,46
11202,0,22426910831,22426910786,0,0,44
11203,0,22428912534,22428912582,0,0,-47
11204,0,22430914636,22430914586,0,0,49
11205,0,22432917671,22432917620,0,0,51
11206,0,22434918896,22434918874,0,0,21
11207,0,22436921361,22436921389,0,0,-28
11208,0,22438923936,22438923966,0,0,-30
11209,0,22440926653,22440926671,0,0,-17
11210,0,22442927793,22442927813,0,0,-20
11211,0,22444929404,22444929417,0,0,-13
11212,0,22446931285,22446931276,0,0,8
11213,0,22448934594,22448934541,0,0,53
11214,0,22450936963,22450936929,0,0,33
11215,0,22452938716,22452938655,0,0,60
11216,0,22454941047,22454940957,0,0,89
11217,0,22456943121,22456943069,0,0,51
11218,0,22458945506,22458945458,0,0,48
11219,0,22460947555,22460947501,0,0,53
11220,0,22462949911,22462949919,0,0,-8
11221,0,22464952147,22464952119,0,0,28
11222,0,22466954620,22466954568,0,0,51
11223,0,22468956495,22468956447,0,0,48
11224,0,22470959177,22470959099,0,0,77
11225,0,22472961136,22472961119,0,0,17
11226,0,22474963561,22474963525,0,0,35
11227,0,22476965376,22476965355,0,0,20
11228,0,22478967949,22478967931,0,0,17
11229,0,22480969910,22480969887,0,0,23
11230,0,22482972317,22482972259,0,0,58
11231,0,22484974190,22484974239,0,0,-49
11232,0,22486976602,22486976656,0,0,-53
11233,0,22488979572,22488979557,0,0,15
11234,0,22490982709,22490982679,0,0,29
11235,0,22492983848,22492983822,0,0,26
11236,0,22494985184,22494985139,0,0,44
11237,0,22496986371,22496986404,0,0,-32
11238,0,22498989157,22498989130,0,0,27
11239,0,22500992108,22500992086,0,0,22
11240,0,22502994652,22502994608,0,0,43
11241,0,22504996773,22504996750,0,0,23
11242,0,22506999088,22506999048,0,0,40
11243,0,22509000897,22509000872,0,0,24
11244,0,22511003339,22511003368,0,0,-29
11245,0,22513005384,22513005338,0,0,45
11246,0,22515007379,22515007324,0,0,55
11247,0,22517008784,22517008821,0,0,-36
11248,0,22519013080,22519013087,0,0,-7
11249,0,22521015320,22521015295,0,0,24
11250,0,22523016613,22523016575,0,0,38
11251,0,22525018815,22525018790,0,0,24
11252,0,22527021676,22527021638,0,0,37
11253,0,22529023431,22529023422,0,0,8
11254,0,22531026020,22531026004,0,0,15
11255,0,22533029093,22533029049,0,0,44
11256,0,22535030703,22535030654,0,0,48
11257,0,22537031899,22537031883,0,0,16
11258,0,22539033859,22539033830,0,0,29
11259,0,22541036409,22541036373,0,0,36
11260,0,22543039706,22543039656,0,0,49
11261,0,22545041679,22545041719,0,0,-39
11262,0,22547042440,22547042431,0,0,8
11263,0,22549045554,22549045588,0,0,-33
11264,0,22551047496,22551047501,0,0,-5
11265,0,22553048937,22553048981,0,0,-43
11266,0,22555054065,22555054030,0,0,34
11267,0,22557055633,22557055677,0,0,-43
11268,0,22559057112,22559057080,0,0,31
11269,0,22561058568,22561058525,0,0,43
11270,0,22563060752,22563060719,0,0,33
11271,0,22565063416,22565063388,0,0,27
11272,0,22567065879,22567065870,0,0,8
11273,0,22569067379,22569067400,0,0,-20
11274,0,22571069232,22571069220,0,0,12
11275,0,22573072367,22573072338,0,0,29
11276,0,22575074137,22575074168,0,0,-31
11277,0,22577075489,22577075516,0,0,-27
11278,0,22579078008,22579077981,0,0,27
11279,0,22581081161,22581081184,0,0,-22
11280,0,22583083355,22583083370,0,0,-14
11281,0,22585085710,22585085684,0,0,26
11282,0,22587088617,22587088575,0,0,41
11283,0,22589089719,22589089714,0,0,5
11284,0,22591091435,22591091384,0,0,51
11285,0,22593094117,22593094102,0,0,15
11286,0,22595096004,22595096041,0,0,-36
11287,0,22597098770,22597098731,0,0,39
11288,0,22599101552,22599101543,0,0,9
11289,0,22601103458,22601103478,0,0,-19
11290,0,22603105661,22603105602,0,0,59
11291,0,22605107653,22605107612,0,0,41
11292,0,22607110468,22607110388,0,0,80
11293,0,22609112883,22609112830,0,0,52
11294,0,22611114677,22611114592,0,0,85
11295,0,22613116970,22613116901,0,0,69
11296,0,22615118984,22615118910,0,0,74
11297,0,22617121518,22617121471,0,0,47
11298,0,22619124753,22619124707,0,0,46
11299,0,22621126288,22621126265,0,0,23
11300,0,22623129243,22623129223,0,0,20
11301,0,22625129996,22625129958,0,0,38
11302,0,22627132364,22627132303,0,0,60
11303,0,22629134464,22629134488,0,0,-24
11304,0,22631136996,22631136988,0,0,7
11305,0,22633140516,22633140541,0,0,-24
11306,0,22635141157,22635141109,0,0,47
11307,0,22637143130,22637143111,0,0,18
11308,0,22639145703,22639145674,0,0,28
11309,0,22641148037,22641148002,0,0,34
11310,0,22643150539,22643150507,0,0,31
11311,0,22645152525,22645152484,0,0,41
11312,0,22647154646,22647154683,0,0,-37
11313,0,22649157111,22649157060,0,0,51
11314,0,22651158791,22651158750,0,0,40
11315,0,22653160812,22653160779,0,0,33
11316,0,22655162533,22655162522,0,0,11
11317,0,22657166056,22657166017,0,0,39
11318,0,22659168238,22659168274,0,0,-36
11319,0,22661169811,22661169823,0,0,-11
11320,0,22663171433,22663171476,0,0,-42
11321,0,22665174238,22665174191,0,0,46
11322,0,22667175903,22667175874,0,0,29
11323,0,22669179330,22669179309,0,0,21
11324,0,22671181301,22671181264,0,0,37
11325,0,22673183782,22673183753,0,0,28
11326,0,22675185871,22675185811,0,0,59
11327,0,22677187565,22677187516,0,0,48
11328,0,22679189629,22679189611,0,0,18
11329,0,22681192593,22681192618,0,0,-24
11330,0,22683194625,22683194641,0,0,-15
11331,0,22685198382,22685198395,0,0,-13
11332,0,22687198973,22687198916,0,0,57
11333,0,22689201141,22689201093,0,0,47
11334,0,22691203721,22691203690,0,0,30
11335,0,22693205509,22693205458,0,0,51
11336,0,22695207912,22695207834,0,0,78
11337,0,22697210249,22697210203,0,0,45
11338,0,22699212280,22699212218,0,0,62
11339,0,22701214135,22701214097,0,0,38
11340,0,22703216088,22703216030,0,0,58
11341,0,22705218962,22705218920,0,0,42
11342,0,22707221326,22707221271,0,0,54
11343,0,22709223451,22709223385,0,0,66
11344,0,22711225847,22711225780,0,0,66
11345,0,22713227530,22713227476,0,0,54
11346,0,22715229865,22715229800,0,0,65
11347,0,22717233488,22717233429,0,0,59
11348,0,22719234865,22719234813,0,0,52
11349,0,22721236543,22721236520,0,0,22
11350,0,22723238166,22723238106,0,0,60
11351,0,22725241531,22725241483,0,0,47
11352,0,22727243990,22727243982,0,0,8
11353,0,22729245779,22729245728,0,0,51
11354,0,22731248069,22731248012,0,0,56
11355,0,22733251858,22733251804,0,0,53
11356,0,22735252206,22735252126,0,0,79
11357,0,22737253638,22737253595,0,0,42
11358,0,22739257319,22739257280,0,0,38
11359,0,22741258660,22741258611,0,0,48
11360,0,22743260620,22743260575,0,0,44
11361,0,22745263518,22745263492,0,0,25
11362,0,22747266075,22747266023,0,0,51
11363,0,22749269650,22749269594,0,0,56
11364,0,22751270361,22751270382,0,0,-20
11365,0,22753271894,22753271931,0,0,-36
11366,0,22755273907,22755273919,0,0,-11
11367,0,22757276422,22757276432,0,0,-10
11368,0,22759278122,22759278128,0,0,-5
11369,0,22761281296,22761281258,0,0,38
11370,0,22763284360,22763284330,0,0,29
11371,0,22765286796,22765286758,0,0,38
11372,0,22767288260,22767288225,0,0,34
11373,0,22769289864,22769289839,0,0,24
11374,0,22771291357,22771291375,0,0,-17
11375,0,22773294546,22773294573,0,0,-26
11376,0,22775296750,22775296757,0,0,-6
11377,0,22777299242,22777299256,0,0,-14
11378,0,22779301616,22779301648,0,0,-31
11379,0,22781304723,22781304692,0,0,31
11380,0,22783305975,22783305950,0,0,24
11381,0,22785307883,22785307845,0,0,38
11382,0,22787310356,22787310328,0,0,28
11383,0,22789312222,22789312196,0,0,25
11384,0,22791315141,22791315090,0,0,50
11385,0,22793317489,22793317515,0,0,-26
11386,0,22795319278,22795319298,0,0,-19
11387,0,22797321500,22797321533,0,0,-33
11388,0,22799323282,22799323317,0,0,-35
11389,0,22801324271,22801324287,0,0,-16
11390,0,22803326774,22803326791,0,0,-16
11391,0,22805329166,22805329206,0,0,-39
11392,0,22807332444,22807332431,0,0,13
11393,0,22809335485,22809335519,0,0,-33
11394,0,22811338150,22811338198,0,0,-48
11395,0,22813340611,22813340650,0,0,-39
11396,0,22815341182,22815341202,0,0,-20
11397,0,22817343682,22817343724,0,0,-42
11398,0,22819346017,22819346049,0,0,-31
11399,0,22821347709,22821347752,0,0,-42
11400,0,22823349692,22823349732,0,0,-40
11401,0,22825352294,22825352272,0,0,22
11402,0,22827354791,22827354802,0,0,-11
11403,0,22829357355,22829357386,0,0,-31
11404,0,22831359558,22831359571,0,0,-13
11405,0,22833362718,22833362690,0,0,27
11406,0,22835363865,22835363810,0,0,54
11407,0,22837366155,22837366116,0,0,38
11408,0,22839368957,22839368865,0,0,92
11409,0,22841370914,22841370866,0,0,48
11410,0,22843371598,22843371585,0,0,13
11411,0,22845375558,22845375548,0,0,9
11412,0,22847376966,22847376957,0,0,8
11413,0,22849379089,22849379060,0,0,28
11414,0,22851381400,22851381385,0,0,14
11415,0,22853383995,22853383980,0,0,15
11416,0,22855386472,22855386426,0,0,46
11417,0,22857388200,22857388168,0,0,31
11418,0,22859390571,22859390525,0,0,45
11419,0,22861392617,22861392577,0,0,40
11420,0,22863395009,22863394977,0,0,32
11421,0,22865397123,22865397089,0,0,33
11422,0,22867399317,22867399252,0,0,65
11423,0,22869401460,22869401426,0,0,33
11424,0,22871404206,22871404117,0,0,88
11425,0,22873406029,22873405997,0,0,31
11426,0,22875408328,22875408274,0,0,53
11427,0,22877411265,22877411223,0,0,42
11428,0,22879412710,22879412678,0,0,31
11429,0,22881414759,22881414719,0,0,40
11430,0,22883417178,22883417143,0,0,34
11431,0,22885419355,22885419342,0,0,13
11432,0,22887421524,22887421560,0,0,-35
11433,0,22889423481,22889423487,0,0,-6
11434,0,22891425831,22891425846,0,0,-15
11435,0,22893428010,22893427960,0,0,49
11436,0,22895430246,22895430271,0,0,-24
11437,0,22897432990,22897432997,0,0,-6
11438,0,22899434755,22899434699,0,0,55
11439,0,22901436995,22901436964,0,0,31
11440,0,22903439326,22903439339,0,0,-12
11441,0,22905441626,22905441643,0,0,-17
11442,0,22907443942,22907443957,0,0,-15
11443,0,22909445733,22909445750,0,0,-16
11444,0,22911449161,22911449112,0,0,49
11445,0,22913450328,22913450293,0,0,35
11446,0,22915452452,22915452413,0,0,39
11447,0,22917454851,22917454823,0,0,27
11448,0,22919457412,22919457403,0,0,8
11449,0,22921458983,22921458995,0,0,-11
11450,0,22923460319,22923460331,0,0,-11
11451,0,22925464011,22925463973,0,0,37
11452,0,22927465948,22927465882,0,0,65
11453,0,22929468629,22929468578,0,0,51
11454,0,22931470624,22931470585,0,0,39
11455,0,22933473917,22933473871,0,0,46
11456,0,22935474720,22935474696,0,0,23
11457,0,22937477285,22937477301,0,0,-15
11458,0,22939479737,22939479779,0,0,-42
11459,0,22941482496,22941482527,0,0,-30
11460,0,22943486186,22943486211,0,0,-24
11461,0,22945486607,22945486639,0,0,-31
11462,0,22947488316,22947488348,0,0,-31
11463,0,22949490609,22949490576,0,0,33
11464,0,22951493143,22951493092,0,0,51
11465,0,22953494496,22953494472,0,0,23
11466,0,22955495970,22955495988,0,0,-17
11467,0,22957499016,22957498976,0,0,40
11468,0,22959500695,22959500620,0,0,74
11469,0,22961503563,22961503523,0,0,40
11470,0,22963505047,22963504995,0,0,51
11471,0,22965507732,22965507707,0,0,25
11472,0,22967510080,22967510012,0,0,67
11473,0,22969513382,22969513348,0,0,33
11474,0,22971515478,22971515523,0,0,-44
11475,0,22973516102,22973516076,0,0,26
11476,0,22975520949,22975520921,0,0,28
11477,0,22977521778,22977521757,0,0,21
11478,0,22979524077,22979524053,0,0,23
11479,0,22981525934,22981525952,0,0,-18
11480,0,22983528722,22983528716,0,0,6
11481,0,22985530662,22985530679,0,0,-16
11482,0,22987532884,22987532830,0,0,53
11483,0,22989534690,22989534646,0,0,44
11484,0,22991537433,22991537361,0,0,71
11485,0,22993539283,22993539307,0,0,-24
11486,0,22995541690,22995541674,0,0,15
11487,0,22997543701,22997543641,0,0,59
11488,0,22999545995,22999545937,0,0,58
11489,0,23001548138,23001548094,0,0,43
11490,0,23003550667,23003550606,0,0,60
11491,0,23005552719,23005552665,0,0,53
11492,0,23007556408,23007556349,0,0,58
11493,0,23009556764,23009556777,0,0,-13
11494,0,23011558998,23011559008,0,0,-10
11495,0,23013561834,23013561867,0,0,-32
11496,0,23015564155,23015564163,0,0,-7
11497,0,23017565871,23017565888,0,0,-16
11498,0,23019568543,23019568539,0,0,4
11499,0,23021570959,23021570928,0,0,30
11500,0,23023573007,23023572979,0,0,28
11501,0,23025574860,23025574835,0,0,24
11502,0,23027577332,23027577305,0,0,26
11503,0,23029579630,23029579592,0,0,38
11504,0,23031581784,23031581734,0,0,49
11505,0,23033585240,23033585193,0,0,47
11506,0,23035586082,23035586110,0,0,-28
11507,0,23037588515,23037588498,0,0,16
11508,0,23039591691,23039591671,0,0,20
11509,0,23041592898,23041592877,0,0,20
11510,0,23043594908,23043594948,0,0,-39
11511,0,23045597350,23045597386,0,0,-35
11512,0,23047599678,23047599693,0,0,-15
11513,0,23049601874,23049601904,0,0,-30
11514,0,23051603709,23051603743,0,0,-34
11515,0,23053606053,23053606089,0,0,-35
11516,0,23055608170,23055608184,0,0,-13
11517,0,23057610240,23057610286,0,0,-46
11518,0,23059612550,23059612560,0,0,-10
11519,0,23061615047,23061615035,0,0,11
11520,0,23063617271,23063617253,0,0,17
11521,0,23065619654,23065619695,0,0,-40
11522,0,23067621911,23067621869,0,0,42
11523,0,23069624685,23069624661,0,0,23
11524,0,23071626995,23071626986,0,0,8
11525,0,23073627451,23073627428,0,0,23
11526,0,23075630312,23075630302,0,0,9
11527,0,23077631615,23077631579,0,0,35
11528,0,23079634690,23079634682,0,0,8
11529,0,23081636168,23081636137,0,0,30
11530,0,23083639267,23083639251,0,0,15
11531,0,23085641033,23085641018,0,0,14
11532,0,23087643731,23087643764,0,0,-33
11533,0,23089645071,23089645051,0,0,20
11534,0,23091648139,23091648134,0,0,5
11535,0,23093649056,23093649038,0,0,17
11536,0,23095651920,23095651874,0,0,46
11537,0,23097655439,23097655454,0,0,-15
11538,0,23099657808,23099657770,0,0,37
11539,0,23101659765,23101659740,0,0,24
11540,0,23103662697,23103662729,0,0,-31
11541,0,23105664228,23105664168,0,0,59
11542,0,23107666665,23107666610,0,0,55
11543,0,23109668431,23109668380,0,0,50
11544,0,23111671030,23111670952,0,0,78
11545,0,23113672947,23113672909,0,0,38
11546,0,23115675503,23115675434,0,0,69
11547,0,23117677195,23117677166,0,0,28
11548,0,23119679427,23119679381,0,0,46
11549,0,23121681840,23121681809,0,0,30
11550,0,23123683850,23123683802,0,0,48
11551,0,23125685339,23125685314,0,0,24
11552,0,23127689560,23127689495,0,0,65
11553,0,23129691428,23129691402,0,0,26
11554,0,23131692062,23131692076,0,0,-14
11555,0,23133697666,23133697678,0,0,-11
11556,0,23135699420,23135699442,0,0,-22
11557,0,23137699627,23137699595,0,0,31
11558,0,23139702253,23139702218,0,0,34
11559,0,23141704604,23141704566,0,0,38
11560,0,23143706467,23143706425,0,0,42
11561,0,23145708604,23145708537,0,0,67
11562,0,23147710793,23147710756,0,0,36
11563,0,23149713262,23149713276,0,0,-13
11564,0,23151714926,23151714878,0,0,48
11565,0,23153716764,23153716709,0,0,54
11566,0,23155719644,23155719610,0,0,33
11567,0,23157722109,23157722079,0,0,29
11568,0,23159725235,23159725199,0,0,36
11569,0,23161727466,23161727424,0,0,42
11570,0,23163728930,23163728900,0,0,30
11571,0,23165730876,23165730819,0,0,57
11572,0,23167734573,23167734528,0,0,44
11573,0,23169734987,23169734921,0,0,66
11574,0,23171736531,23171736485,0,0,46
11575,0,23173739441,23173739400,0,0,41
11576,0,23175742208,23175742137,0,0,71
11577,0,23177744417,23177744389,0,0,28
11578,0,23179745913,23179745856,0,0,56
11579,0,23181747602,23181747566,0,0,35
11580,0,23183750672,23183750600,0,0,72
11581,0,23185752871,23185752838,0,0,32
11582,0,23187755271,23187755265,0,0,6
11583,0,23189757604,23189757637,0,0,-32
11584,0,23191759802,23191759817,0,0,-15
11585,0,23193762133,23193762091,0,0,42
11586,0,23195763976,23195763948,0,0,27
11587,0,23197766563,23197766519,0,0,43
11588,0,23199769519,23199769534,0,0,-14
11589,0,23201771076,23201771088,0,0,-11
11590,0,23203773784,23203773756,0,0,27
11591,0,23205775090,23205775052,0,0,38
11592,0,23207777271,23207777233,0,0,38
11593,0,23209779638,23209779598,0,0,39
11594,0,23211782114,23211782081,0,0,33
11595,0,23213784584,23213784550,0,0,33
11596,0,23215786402,23215786460,0,0,-57
11597,0,23217788681,23217788705,0,0,-24
11598,0,23219790658,23219790683,0,0,-24
11599,0,23221792671,23221792642,0,0,29
11600,0,23223794280,23223794244,0,0,35
11601,0,23225797028,23225796980,0,0,47
11602,0,23227798426,23227798405,0,0,20
11603,0,23229800456,23229800411,0,0,44
11604,0,23231804436,23231804411,0,0,24
11605,0,23233807813,23233807785,0,0,27
11606,0,23235809425,23235809456,0,0,-30
11607,0,23237811962,23237812002,0,0,-40
11608,0,23239813153,23239813107,0,0,45
11609,0,23241815303,23241815256,0,0,47
11610,0,23243817762,23243817704,0,0,58
11611,0,23245819833,23245819796,0,0,37
11612,0,23247821829,23247821864,0,0,-35
11613,0,23249825016,23249825006,0,0,10
11614,0,23251828108,23251828073,0,0,35
11615,0,23253828470,23253828447,0,0,23
11616,0,23255831355,23255831317,0,0,37
11617,0,23257833344,23257833365,0,0,-20
11618,0,23259835741,23259835671,0,0,69
11619,0,23261838067,23261838023,0,0,44
11620,0,23263840883,23263840824,0,0,59
11621,0,23265841596,23265841579,0,0,16
11622,0,23267843459,23267843428,0,0,31
11623,0,23269846413,23269846431,0,0,-17
11624,0,23271848669,23271848686,0,0,-17
11625,0,23273850653,23273850683,0,0,-29
11626,0,23275853117,23275853154,0,0,-36
11627,0,23277855251,23277855213,0,0,38
11628,0,23279857445,23279857402,0,0,43
11629,0,23281859707,23281859680,0,0,27
11630,0,23283861811,23283861768,0,0,43
11631,0,23285864098,23285864058,0,0,40
11632,0,23287866825,23287866794,0,0,31
11633,0,23289868586,23289868546,0,0,39
11634,0,23291870820,23291870773,0,0,47
11635,0,23293873036,23293872998,0,0,38
11636,0,23295875047,23295875052,0,0,-5
11637,0,23297877443,23297877393,0,0,49
11638,0,23299880060,23299880025,0,0,35
11639,0,23301882202,23301882150,0,0,52
11640,0,23303884386,23303884342,0,0,43
11641,0,23305886957,23305886923,0,0,33
11642,0,23307888817,23307888741,0,0,75
11643,0,23309891131,23309891101,0,0,29
11644,0,23311893011,23311892944,0,0,66
11645,0,23313894887,23313894852,0,0,35
11646,0,23315896615,23315896629,0,0,-13
11647,0,23317899551,23317899557,0,0,-5
11648,0,23319902187,23319902260,0,0,-72
11649,0,23321904029,23321904057,0,0,-27
11650,0,23323906982,23323906966,0,0,15
11651,0,23325909306,23325909301,0,0,4
11652,0,23327911386,23327911320,0,0,66
11653,0,23329914002,23329913994,0,0,8
11654,0,23331915253,23331915211,0,0,41
11655,0,23333918880,23333918870,0,0,9
11656,0,23335919784,23335919743,0,0,40
11657,0,23337921539,23337921566,0,0,-27
11658,0,23339923357,23339923406,0,0,-48
11659,0,23341926655,23341926694,0,0,-39
11660,0,23343929211,23343929187,0,0,23
11661,0,23345931613,23345931581,0,0,32
11662,0,23347932988,23347932965,0,0,23
11663,0,23349935217,23349935206,0,0,10
11664,0,23351937797,23351937766,0,0,31
11665,0,23353940083,23353940074,0,0,8
11666,0,23355942206,23355942188,0,0,17
11667,0,23357944161,23357944138,0,0,23
11668,0,23359946414,23359946368,0,0,46
11669,0,23361949393,23361949381,0,0,11
11670,0,23363951563,23363951543,0,0,20
11671,0,23365953257,23365953221,0,0,35
11672,0,23367955842,23367955795,0,0,47
11673,0,23369957290,23369957244,0,0,45
11674,0,23371958817,23371958808,0,0,8
11675,0,23373962346,23373962371,0,0,-24
11676,0,23375964639,23375964666,0,0,-26
11677,0,23377966759,23377966696,0,0,62
11678,0,23379968986,23379968954,0,0,31
11679,0,23381970628,23381970602,0,0,26
11680,0,23383971982,23383971924,0,0,58
11681,0,23385974707,23385974677,0,0,29
11682,0,23387977723,23387977656,0,0,67
11683,0,23389980632,23389980584,0,0,48
11684,0,23391982602,23391982517,0,0,84
11685,0,23393985366,23393985326,0,0,40
11686,0,23395986629,23395986602,0,0,26
11687,0,23397988325,23397988287,0,0,38
11688,0,23399990047,23399990026,0,0,21
11689,0,23401993384,23401993347,0,0,36
11690,0,23403996021,23403995941,0,0,80
11691,0,23405997954,23405997912,0,0,41
11692,0,23408000218,23408000179,0,0,39
11693,0,23410001941,23410001907,0,0,33
11694,0,23412003346,23412003304,0,0,42
11695,0,23414006557,23414006522,0,0,34
11696,0,23416008963,23416008934,0,0,28
11697,0,23418011390,23418011377,0,0,13
11698,0,23420013946,23420013907,0,0,39
11699,0,23422015515,23422015469,0,0,46
11700,0,23424018047,23424018021,0,0,26
11701,0,23426020977,23426020959,0,0,17
11702,0,23428022507,23428022467,0,0,40
11703,0,23430024151,23430024113,0,0,38
11704,0,23432026687,23432026653,0,0,33
11705,0,23434030568,23434030530,0,0,38
11706,0,23436031076,23436031032,0,0,44
11707,0,23438033762,23438033744,0,0,17
11708,0,23440035757,23440035698,0,0,58
11709,0,23442037507,23442037469,0,0,38
11710,0,23444039127,23444039092,0,0,34
11711,0,23446042770,23446042752,0,0,17
11712,0,23448045211,23448045164,0,0,47
11713,0,23450048006,23450047990,0,0,15
11714,0,23452048660,23452048588,0,0,71
11715,0,23454051027,23454050986,0,0,40
11716,0,23456054322,23456054274,0,0,47
11717,0,23458057024,23458056986,0,0,38
11718,0,23460057364,23460057395,0,0,-31
11719,0,23462058767,23462058737,0,0,29
11720,0,23464062404,23464062357,0,0,47
11721,0,23466064414,23466064390,0,0,24
11722,0,23468066815,23468066773,0,0,42
11723,0,23470069675,23470069689,0,0,-14
11724,0,23472071328,23472071294,0,0,33
11725,0,23474073384,23474073337,0,0,47
11726,0,23476075969,23476075986,0,0,-17
11727,0,23478078311,23478078271,0,0,39
11728,0,23480081188,23480081166,0,0,22
11729,0,23482083588,23482083559,0,0,29
11730,0,23484084555,23484084588,0,0,-33
11731,0,23486086930,23486086955,0,0,-25
11732,0,23488088694,23488088710,0,0,-16
11733,0,23490090699,23490090653,0,0,45
11734,0,23492092545,23492092504,0,0,40
11735,0,23494095770,23494095732,0,0,38
11736,0,23496097597,23496097582,0,0,14
11737,0,23498099671,23498099651,0,0,20
11738,0,23500101449,23500101384,0,0,65
11739,0,23502104255,23502104230,0,0,24
11740,0,23504106608,23504106577,0,0,31
11741,0,23506108483,23506108455,0,0,27
11742,0,23508109823,23508109791,0,0,32
11743,0,23510112422,23510112389,0,0,33
11744,0,23512115922,23512115883,0,0,39
11745,0,23514117980,23514117955,0,0,25
11746,0,23516120397,23516120435,0,0,-38
11747,0,23518122340,23518122302,0,0,38
11748,0,23520124622,23520124566,0,0,56
11749,0,23522127993,23522127955,0,0,38
11750,0,23524128795,23524128770,0,0,24
11751,0,23526131584,23526131545,0,0,39
11752,0,23528133708,23528133657,0,0,51
11753,0,23530135695,23530135676,0,0,19
11754,0,23532137910,23532137889,0,0,20
11755,0,23534141501,23534141473,0,0,28
11756,0,23536142557,23536142514,0,0,42
11757,0,23538144651,23538144615,0,0,35
11758,0,23540146552,23540146505,0,0,46
11759,0,23542147867,23542147830,0,0,36
11760,0,23544151805,23544151755,0,0,49
11761,0,23546153706,23546153662,0,0,44
11762,0,23548155359,23548155314,0,0,44
11763,0,23550156651,23550156605,0,0,46
11764,0,23552160041,23552159996,0,0,44
11765,0,23554163573,23554163525,0,0,47
11766,0,23556164613,23556164565,0,0,48
11767,0,23558166684,23558166639,0,0,44
11768,0,23560168661,23560168647,0,0,13
11769,0,23562169986,23562169960,0,0,26
11770,0,23564172873,23564172840,0,0,33
11771,0,23566176072,23566176054,0,0,17
11772,0,23568178239,23568178218,0,0,20
11773,0,23570180276,23570180257,0,0,19
11774,0,23572182487,23572182449,0,0,38
11775,0,23574184294,23574184277,0,0,16
11776,0,23576185876,23576185838,0,0,38
11777,0,23578189020,23578188961,0,0,59
11778,0,23580191369,23580191313,0,0,56
11779,0,23582194112,23582194052,0,0,59
11780,0,23584195822,23584195830,0,0,-7
11781,0,23586198927,23586198878,0,0,48
11782,0,23588200652,23588200593,0,0,59
11783,0,23590203020,23590202960,0,0,59
11784,0,23592204782,23592204737,0,0,44
11785,0,23594206734,23594206694,0,0,39
11786,0,23596209569,23596209528,0,0,40
11787,0,23598211486,23598211460,0,0,26
11788,0,23600213530,23600213498,0,0,32
11789,0,23602215838,23602215809,0,0,28
11790,0,23604218242,23604218227,0,0,15
11791,0,23606219833,23606219816,0,0,16
11792,0,23608221334,23608221318,0,0,16
11793,0,23610224811,23610224766,0,0,44
11794,0,23612226406,23612226388,0,0,17
11795,0,23614228448,23614228433,0,0,14
11796,0,23616231407,23616231387,0,0,20
11797,0,23618234411,23618234388,0,0,22
11798,0,23620236146,23620236122,0,0,24
11799,0,23622237899,23622237864,0,0,35
11800,0,23624239979,23624239938,0,0,41
11801,0,23626242468,23626242440,0,0,28
11802,0,23628244702,23628244642,0,0,59
11803,0,23630247065,23630247027,0,0,38
11804,0,23632249212,23632249152,0,0,60
11805,0,23634252344,23634252353,0,0,-8
11806,0,23636253408,23636253399,0,0,9
11807,0,23638255613,23638255575,0,0,38
11808,0,23640258162,23640258100,0,0,62
11809,0,23642259901,23642259839,0,0,62
11810,0,23644261748,23644261695,0,0,52
11811,0,23646265092,23646265043,0,0,48
11812,0,23648266750,23648266712,0,0,38
11813,0,23650268750,23650268692,0,0,58
11814,0,23652271442,23652271409,0,0,33
11815,0,23654273466,23654273426,0,0,39
11816,0,23656275533,23656275495,0,0,38
11817,0,23658277052,23658277069,0,0,-17
11818,0,23660280687,23660280620,0,0,67
11819,0,23662282307,23662282278,0,0,29
11820,0,23664284959,23664284914,0,0,44
11821,0,23666286413,23666286369,0,0,44
11822,0,23668288487,23668288454,0,0,32
11823,0,23670291626,23670291664,0,0,-38
11824,0,23672293762,23672293714,0,0,47
11825,0,23674295798,23674295775,0,0,23
11826,0,23676297847,23676297797,0,0,49
11827,0,23678300114,23678300067,0,0,46
11828,0,23680302545,23680302510,0,0,34
11829,0,23682304629,23682304588,0,0,40
11830,0,23684307281,23684307251,0,0,29
11831,0,23686309166,23686309119,0,0,46
11832,0,23688312011,23688311979,0,0,31
11833,0,23690314059,23690314039,0,0,20
11834,0,23692315860,23692315819,0,0,40
11835,0,23694317690,23694317672,0,0,17
11836,0,23696319161,23696319139,0,0,22
11837,0,23698322520,23698322488,0,0,31
11838,0,23700324624,23700324598,0,0,25
11839,0,23702326725,23702326689,0,0,35
11840,0,23704330024,23704329974,0,0,49
11841,0,23706332521,23706332465,0,0,55
11842,0,23708333738,23708333676,0,0,62
11843,0,23710336457,23710336433,0,0,23
11844,0,23712338204,23712338230,0,0,-26
11845,0,23714340079,23714340112,0,0,-32
11846,0,23716342907,23716342872,0,0,35
11847,0,23718344558,23718344602,0,0,-43
11848,0,23720346665,23720346687,0,0,-22
11849,0,23722348225,23722348249,0,0,-24
11850,0,23724351880,23724351871,0,0,8
11851,0,23726353341,23726353350,0,0,-8
11852,0,23728354733,23728354770,0,0,-36
11853,0,23730357744,23730357718,0,0,26
11854,0,23732358919,23732358892,0,0,26
11855,0,23734362951,23734362916,0,0,35
11856,0,23736364961,23736364923,0,0,38
11857,0,23738366836,23738366794,0,0,42
11858,0,23740369072,23740369047,0,0,25
11859,0,23742371145,23742371161,0,0,-15
11860,0,23744374436,23744374462,0,0,-25
11861,0,23746376663,23746376687,0,0,-23
11862,0,23748378436,23748378405,0,0,31
11863,0,23750379820,23750379770,0,0,50
11864,0,23752381373,23752381361,0,0,11
11865,0,23754384505,23754384472,0,0,33
11866,0,23756386599,23756386563,0,0,35
11867,0,23758388934,23758388903,0,0,31
11868,0,23760390103,23760390068,0,0,35
11869,0,23762392150,23762392119,0,0,31
11870,0,23764394471,23764394421,0,0,49
11871,0,23766396919,23766396881,0,0,38
11872,0,23768400256,23768400278,0,0,-22
11873,0,23770402841,23770402886,0,0,-44
11874,0,23772404444,23772404429,0,0,15
11875,0,23774406848,23774406818,0,0,29
11876,0,23776410101,23776410116,0,0,-14
11877,0,23778411271,23778411247,0,0,24
11878,0,23780414148,23780414124,0,0,24
11879,0,23782416116,23782416103,0,0,13
11880,0,23784418612,23784418573,0,0,38
11881,0,23786420021,23786419986,0,0,34
11882,0,23788421705,23788421667,0,0,38
11883,0,23790424762,23790424796,0,0,-33
11884,0,23792426984,23792427043,0,0,-58
11885,0,23794429212,23794429201,0,0,11
11886,0,23796431476,23796431449,0,0,27
11887,0,23798433825,23798433810,0,0,15
11888,0,23800436721,23800436696,0,0,24
11889,0,23802438059,23802438029,0,0,29
11890,0,23804440361,23804440323,0,0,38
11891,0,23806442407,23806442512,0,0,-105
11892,0,23808444800,23808444844,0,0,-43
11893,0,23810446665,23810446725,0,0,-60
11894,0,23812449056,23812449078,0,0,-22
11895,0,23814450198,23814450168,0,0,29
11896,0,23816452458,23816452500,0,0,-42
11897,0,23818454542,23818454583,0,0,-40
11898,0,23820457532,23820457504,0,0,28
11899,0,23822460602,23822460571,0,0,31
11900,0,23824463087,23824463040,0,0,47
11901,0,23826464679,23826464652,0,0,26
11902,0,23828467101,23828467049,0,0,51
11903,0,23830469002,23830468977,0,0,24
11904,0,23832470725,23832470692,0,0,33
11905,0,23834475310,23834475297,0,0,13
11906,0,23836476600,23836476631,0,0,-31
11907,0,23838478140,23838478182,0,0,-42
11908,0,23840480354,23840480406,0,0,-52
11909,0,23842482841,23842482876,0,0,-35
11910,0,23844486132,23844486175,0,0,-42
11911,0,23846486844,23846486820,0,0,23
11912,0,23848488823,23848488795,0,0,28
11913,0,23850491661,23850491630,0,0,31
11914,0,23852493849,23852493815,0,0,33
11915,0,23854496074,23854496032,0,0,42
11916,0,23856498161,23856498132,0,0,29
11917,0,23858500502,23858500478,0,0,24
11918,0,23860502923,23860502909,0,0,14
11919,0,23862504768,23862504791,0,0,-22
11920,0,23864507148,23864507181,0,0,-32
11921,0,23866509660,23866509691,0,0,-31
11922,0,23868511579,23868511621,0,0,-42
11923,0,23870513787,23870513824,0,0,-37
11924,0,23872516730,23872516764,0,0,-34
11925,0,23874518292,23874518326,0,0,-34
11926,0,23876520552,23876520494,0,0,58
11927,0,23878522499,23878522466,0,0,33
11928,0,23880525148,23880525089,0,0,58
11929,0,23882526977,23882527018,0,0,-40
11930,0,23884530093,23884530035,0,0,58
11931,0,23886531961,23886531908,0,0,52
11932,0,23888534303,23888534231,0,0,72
11933,0,23890535523,23890535485,0,0,37
11934,0,23892537165,23892537117,0,0,47
11935,0,23894540481,23894540435,0,0,46
11936,0,23896543882,23896543847,0,0,34
11937,0,23898546126,23898546076,0,0,49
11938,0,23900547443,23900547406,0,0,37
11939,0,23902550243,23902550222,0,0,20
11940,0,23904552642,23904552588,0,0,53
11941,0,23906553897,23906553844,0,0,53
11942,0,23908556300,23908556267,0,0,33
11943,0,23910557976,23910557931,0,0,44
11944,0,23912559486,23912559508,0,0,-22
11945,0,23914562361,23914562385,0,0,-24
11946,0,23916563881,23916563873,0,0,8
11947,0,23918566992,23918567017,0,0,-24
11948,0,23920570029,23920570086,0,0,-57
11949,0,23922571512,23922571484,0,0,27
11950,0,23924573845,23924573820,0,0,25
11951,0,23926575857,23926575832,0,0,24
11952,0,23928577431,23928577384,0,0,47
11953,0,23930580740,23930580669,0,0,71
11954,0,23932583890,23932583822,0,0,67
11955,0,23934587744,23934587686,0,0,58
11956,0,23936587757,23936587698,0,0,59
11957,0,23938589162,23938589087,0,0,74
11958,0,23940591728,23940591667,0,0,60
11959,0,23942593554,23942593485,0,0,68
11960,0,23944595316,23944595258,0,0,58
11961,0,23946598012,23946597962,0,0,49
11962,0,23948599552,23948599494,0,0,58
11963,0,23950602808,23950602762,0,0,46
11964,0,23952604835,23952604770,0,0,65
11965,0,23954606213,23954606161,0,0,51
11966,0,23956610089,23956610015,0,0,74
11967,0,23958611919,23958611874,0,0,44
11968,0,23960613733,23960613682,0,0,51
11969,0,23962614947,23962614913,0,0,33
11970,0,23964617583,23964617513,0,0,69
11971,0,23966621378,23966621353,0,0,24
11972,0,23968624074,23968624053,0,0,21
11973,0,23970625246,23970625197,0,0,49
11974,0,23972628480,23972628420,0,0,59
11975,0,23974629316,23974629276,0,0,40
11976,0,23976631571,23976631523,0,0,48
11977,0,23978633526,23978633518,0,0,8
11978,0,23980635049,23980635042,0,0,6
11979,0,23982638052,23982638012,0,0,40
11980,0,23984639847,23984639795,0,0,51
11981,0,23986642533,23986642542,0,0,-8
11982,0,23988643949,23988643958,0,0,-8
11983,0,23990647249,23990647238,0,0,10
11984,0,23992649538,23992649501,0,0,36
11985,0,23994651968,23994651988,0,0,-20
11986,0,23996653889,23996653899,0,0,-9
11987,0,23998656021,23998656053,0,0,-31
11988,0,24000658632,24000658663,0,0,-31
11989,0,24002660610,24002660586,0,0,23
11990,0,24004662734,24004662700,0,0,33
11991,0,24006664712,24006664671,0,0,40
11992,0,24008666331,24008666325,0,0,5
11993,0,24010669784,24010669761,0,0,22
11994,0,24012672008,24012671952,0,0,55
11995,0,24014674015,24014674000,0,0,15
11996,0,24016676350,24016676316,0,0,33
11997,0,24018678505,24018678530,0,0,-24
11998,0,24020680453,24020680467,0,0,-14
11999,0,24022682525,24022682551,0,0,-25
12000,0,24024683928,24024683963,0,0,-34
12001,0,24026686875,24026686840,0,0,35
12002,0,24028688563,24028688530,0,0,32
12003,0,24030692503,24030692478,0,0,24
12004,0,24032694535,24032694591,0,0,-55
12005,0,24034698156,24034698102,0,0,53
12006,0,24036698662,24036698622,0,0,40
12007,0,24038701928,24038701896,0,0,31
12008,0,24040702815,24040702804,0,0,11
12009,0,24042705070,24042705039,0,0,31
12010,0,24044707288,24044707275,0,0,13
12011,0,24046709372,24046709356,0,0,15
12012,0,24048711839,24048711815,0,0,23
12013,0,24050714017,24050713991,0,0,25
12014,0,24052715890,24052715856,0,0,33
12015,0,24054717802,24054717762,0,0,39
12016,0,24056720660,24056720624,0,0,36
12017,0,24058723422,24058723393,0,0,28
12018,0,24060725064,24060725049,0,0,15
12019,0,24062727136,24062727099,0,0,36
12020,0,24064729057,24064728997,0,0,59
12021,0,24066732027,24066731997,0,0,29
12022,0,24068734411,24068734364,0,0,46
12023,0,24070737558,24070737528,0,0,29
12024,0,24072738554,24072738530,0,0,24
12025,0,24074740246,24074740294,0,0,-48
12026,0,24076742516,24076742538,0,0,-21
12027,0,24078745016,24078745007,0,0,8
12028,0,24080747128,24080747068,0,0,60
12029,0,24082748440,24082748406,0,0,33
12030,0,24084751387,24084751373,0,0,13
12031,0,24086754216,24086754202,0,0,14
12032,0,24088756935,24088756930,0,0,4
12033,0,24090758561,24090758530,0,0,31
12034,0,24092760878,24092760923,0,0,-44
12035,0,24094763478,24094763537,0,0,-58
12036,0,24096765329,24096765303,0,0,26
12037,0,24098767123,24098767149,0,0,-25
12038,0,24100768352,24100768364,0,0,-12
12039,0,24102771739,24102771764,0,0,-25
12040,0,24104774037,24104774089,0,0,-51
12041,0,24106775888,24106775862,0,0,26
12042,0,24108777984,24108777938,0,0,45
12043,0,24110780698,24110780740,0,0,-42
12044,0,24112783144,24112783186,0,0,-42
12045,0,24114785307,24114785343,0,0,-36
12046,0,24116787512,24116787548,0,0,-35
12047,0,24118789663,24118789638,0,0,24
12048,0,24120792543,24120792486,0,0,56
12049,0,24122794611,24122794599,0,0,12
12050,0,24124797370,24124797345,0,0,25
12051,0,24126799645,24126799609,0,0,35
12052,0,24128800965,24128800933,0,0,31
12053,0,24130803644,24130803683,0,0,-38
12054,0,24132805187,24132805198,0,0,-11
12055,0,24134808930,24134808970,0,0,-40
12056,0,24136809488,24136809516,0,0,-27
12057,0,24138810753,24138810784,0,0,-30
12058,0,24140814294,24140814289,0,0,5
12059,0,24142816525,24142816492,0,0,33
12060,0,24144818441,24144818404,0,0,37
12061,0,24146820730,24146820688,0,0,41
12062,0,24148822568,24148822517,0,0,51
12063,0,24150823886,24150823860,0,0,26
12064,0,24152826981,24152826955,0,0,25
12065,0,24154829469,24154829431,0,0,38
12066,0,24156831187,24156831164,0,0,22
12067,0,24158834391,24158834380,0,0,11
12068,0,24160836734,24160836681,0,0,53
12069,0,24162838894,24162838870,0,0,24
12070,0,24164840828,24164840798,0,0,29
12071,0,24166843154,24166843116,0,0,37
12072,0,24168845593,24168845573,0,0,20
12073,0,24170847089,24170847013,0,0,76
12074,0,24172848896,24172848843,0,0,52
12075,0,24174852135,24174852077,0,0,58
12076,0,24176854599,24176854542,0,0,56
12077,0,24178856337,24178856318,0,0,19
12078,0,24180859067,24180859074,0,0,-6
12079,0,24182860902,24182860922,0,0,-20
12080,0,24184863461,24184863489,0,0,-28
12081,0,24186865119,24186865134,0,0,-15
12082,0,24188867693,24188867730,0,0,-36
12083,0,24190869913,24190869942,0,0,-29
12084,0,24192872397,24192872431,0,0,-33
12085,0,24194873864,24194873878,0,0,-13
12086,0,24196875485,24196875448,0,0,36
12087,0,24198878505,24198878457,0,0,47
12088,0,24200881528,24200881542,0,0,-13
12089,0,24202883020,24202883026,0,0,-5
12090,0,24204885790,24204885764,0,0,25
12091,0,24206888255,24206888257,0,0,-2
12092,0,24208889987,24208889957,0,0,29
12093,0,24210892392,24210892368,0,0,24
12094,0,24212894372,24212894304,0,0,67
12095,0,24214896528,24214896489,0,0,38
12096,0,24216899325,24216899266,0,0,58
12097,0,24218900794,24218900736,0,0,58
12098,0,24220903453,24220903415,0,0,38
12099,0,24222906458,24222906410,0,0,48
12100,0,24224908463,24224908456,0,0,6
12101,0,24226909851,24226909797,0,0,54
12102,0,24228912569,24228912514,0,0,55
12103,0,24230915283,24230915233,0,0,50
12104,0,24232916236,24232916203,0,0,33
12105,0,24234918810,24234918774,0,0,35
12106,0,24236921277,24236921245,0,0,31
12107,0,24238923658,24238923633,0,0,24
12108,0,24240925190,24240925148,0,0,41
12109,0,24242927004,24242926965,0,0,39
12110,0,24244929385,24244929416,0,0,-31
12111,0,24246932037,24246932070,0,0,-33
12112,0,24248933968,24248933986,0,0,-17
12113,0,24250935311,24250935263,0,0,47
12114,0,24252937564,24252937528,0,0,35
12115,0,24254941251,24254941204,0,0,47
12116,0,24256944074,24256944008,0,0,65
12117,0,24258946546,24258946506,0,0,40
12118,0,24260948260,24260948200,0,0,59
12119,0,24262949853,24262949795,0,0,58
12120,0,24264951975,24264951989,0,0,-14
12121,0,24266954397,24266954378,0,0,19
12122,0,24268956516,24268956477,0,0,38
12123,0,24270958667,24270958649,0,0,17
12124,0,24272961346,24272961299,0,0,46
12125,0,24274963128,24274963101,0,0,27
12126,0,24276966465,24276966415,0,0,49
12127,0,24278968541,24278968530,0,0,11
12128,0,24280969762,24280969748,0,0,13
12129,0,24282972825,24282972814,0,0,11
12130,0,24284974125,24284974108,0,0,16
12131,0,24286975688,24286975674,0,0,14
12132,0,24288979023,24288978966,0,0,56
12133,0,24290980829,24290980868,0,0,-38
12134,0,24292983283,24292983413,0,0,-130
12135,0,24294985186,24294985224,0,0,-38
12136,0,24296987883,24296987895,0,0,-11
12137,0,24298989584,24298989596,0,0,-12
12138,0,24300991586,24300991608,0,0,-22
12139,0,24302994044,24302994016,0,0,27
12140,0,24304995779,24304995761,0,0,17
12141,0,24306998766,24306998750,0,0,15
12142,0,24309000673,24309000631,0,0,41
12143,0,24311001936,24311001966,0,0,-30
12144,0,24313005061,24313005095,0,0,-33
12145,0,24315008423,24315008445,0,0,-22
12146,0,24317009779,24317009800,0,0,-20
12147,0,24319012075,24319012060,0,0,14
12148,0,24321014258,24321014215,0,0,42
12149,0,24323016259,24323016218,0,0,40
12150,0,24325017973,24325017928,0,0,44
12151,0,24327020805,24327020761,0,0,43
12152,0,24329023559,24329023581,0,0,-21
12153,0,24331025498,24331025509,0,0,-10
12154,0,24333028411,24333028402,0,0,8
12155,0,24335030870,24335030840,0,0,29
12156,0,24337031020,24337030982,0,0,38
12157,0,24339034329,24339034291,0,0,38
12158,0,24341035947,24341035882,0,0,65
12159,0,24343038588,24343038565,0,0,23
12160,0,24345041090,24345041134,0,0,-44
12161,0,24347042957,24347042932,0,0,24
12162,0,24349044727,24349044660,0,0,67
12163,0,24351048413,24351048381,0,0,31
12164,0,24353050502,24353050465,0,0,37
12165,0,24355052223,24355052197,0,0,26
12166,0,24357054879,24357054861,0,0,17
12167,0,24359056352,24359056341,0,0,11
12168,0,24361060245,24361060204,0,0,40
12169,0,24363060994,24363060964,0,0,30
12170,0,24365063467,24365063443,0,0,23
12171,0,24367065900,24367065876,0,0,23
12172,0,24369067773,24369067766,0,0,6
12173,0,24371069638,24371069614,0,0,23
12174,0,24373071674,24373071653,0,0,21
12175,0,24375074421,24375074406,0,0,15
12176,0,24377076480,24377076462,0,0,17
12177,0,24379078964,24379078991,0,0,-26
12178,0,24381081806,24381081771,0,0,35
12179,0,24383083312,24383083298,0,0,14
12180,0,24385085812,24385085779,0,0,32
12181,0,24387087602,24387087573,0,0,28
12182,0,24389090020,24389089984,0,0,35
12183,0,24391092430,24391092400,0,0,29
12184,0,24393096151,24393096176,0,0,-24
12185,0,24395096557,24395096532,0,0,25
12186,0,24397098833,24397098871,0,0,-37
12187,0,24399101007,24399100986,0,0,20
12188,0,24401103577,24401103544,0,0,32
12189,0,24403105735,24403105683,0,0,51
12190,0,24405107959,24405107900,0,0,59
12191,0,24407110325,24407110287,0,0,37
12192,0,24409112468,24409112398,0,0,69
12193,0,24411114420,24411114361,0,0,58
12194,0,24413115682,24413115664,0,0,17
12195,0,24415119396,24415119326,0,0,69
12196,0,24417121152,24417121054,0,0,97
12197,0,24419123601,24419123551,0,0,49
12198,0,24421126100,24421126031,0,0,69
12199,0,24423128163,24423128092,0,0,71
12200,0,24425131206,24425131155,0,0,51
12201,0,24427132080,24427132125,0,0,-44
12202,0,24429135262,24429135286,0,0,-24
12203,0,24431136996,24431136971,0,0,24
12204,0,24433139028,24433139010,0,0,17
12205,0,24435142627,24435142589,0,0,38
12206,0,24437143182,24437143152,0,0,29
12207,0,24439144346,24439144316,0,0,29
12208,0,24441147889,24441147875,0,0,14
12209,0,24443151269,24443151230,0,0,38
12210,0,24445152593,24445152569,0,0,23
12211,0,24447154688,24447154653,0,0,35
12212,0,24449156697,24449156672,0,0,24
12213,0,24451158715,24451158692,0,0,23
12214,0,24453159925,24453159876,0,0,49
12215,0,24455162481,24455162447,0,0,33
12216,0,24457166844,24457166804,0,0,40
12217,0,24459167734,24459167679,0,0,54
12218,0,24461171201,24461171155,0,0,46
12219,0,24463173416,24463173367,0,0,49
12220,0,24465174401,24465174357,0,0,44
12221,0,24467177042,24467177008,0,0,34
12222,0,24469179179,24469179094,0,0,85
12223,0,24471181253,24471181203,0,0,49
12224,0,24473183812,24473183774,0,0,38
12225,0,24475185688,24475185650,0,0,38
12226,0,24477186873,24477186817,0,0,55
12227,0,24479189774,24479189732,0,0,42
12228,0,24481191617,24481191588,0,0,29
12229,0,24483194424,24483194386,0,0,38
12230,0,24485196926,24485196885,0,0,41
12231,0,24487199094,24487199060,0,0,33
12232,0,24489202486,24489202454,0,0,31
12233,0,24491203573,24491203514,0,0,58
12234,0,24493205647,24493205598,0,0,49
12235,0,24495207878,24495207822,0,0,56
12236,0,24497210544,24497210496,0,0,47
12237,0,24499212506,24499212461,0,0,44
12238,0,24501214782,24501214722,0,0,60
12239,0,24503216857,24503216822,0,0,34
12240,0,24505219557,24505219512,0,0,44
12241,0,24507221982,24507221955,0,0,27
12242,0,24509223878,24509223811,0,0,66
12243,0,24511225617,24511225579,0,0,38
12244,0,24513228168,24513228190,0,0,-22
12245,0,24515230226,24515230173,0,0,52
12246,0,24517232226,24517232178,0,0,48
12247,0,24519233524,24519233476,0,0,47
12248,0,24521236925,24521236906,0,0,19
12249,0,24523238879,24523238839,0,0,40
12250,0,24525240373,24525240343,0,0,30
12251,0,24527244070,24527244059,0,0,11
12252,0,24529245707,24529245669,0,0,37
12253,0,24531248278,24531248240,0,0,38
12254,0,24533250207,24533250163,0,0,44
12255,0,24535254135,24535254101,0,0,34
12256,0,24537254826,24537254798,0,0,28
12257,0,24539256867,24539256842,0,0,24
12258,0,24541259164,24541259148,0,0,15
12259,0,24543262532,24543262435,0,0,96
12260,0,24545264865,24545264841,0,0,23
12261,0,24547265550,24547265508,0,0,42
12262,0,24549266800,24549266781,0,0,19
12263,0,24551270001,24551269973,0,0,28
12264,0,24553272447,24553272486,0,0,-38
12265,0,24555274256,24555274298,0,0,-42
12266,0,24557275532,24557275550,0,0,-17
12267,0,24559278072,24559278034,0,0,38
12268,0,24561281354,24561281305,0,0,49
12269,0,24563283348,24563283310,0,0,38
12270,0,24565284582,24565284555,0,0,27
12271,0,24567286838,24567286860,0,0,-22
12272,0,24569290608,24569290583,0,0,24
12273,0,24571292792,24571292757,0,0,34
12274,0,24573294777,24573294797,0,0,-20
12275,0,24575297008,24575297033,0,0,-24
12276,0,24577298941,24577298964,0,0,-22
12277,0,24579301607,24579301644,0,0,-37
12278,0,24581304966,24581304975,0,0,-8
12279,0,24583307007,24583307035,0,0,-28
12280,0,24585309152,24585309124,0,0,28
12281,0,24587310520,24587310556,0,0,-35
12282,0,24589312557,24589312583,0,0,-25
12283,0,24591314882,24591314869,0,0,13
12284,0,24593317098,24593317062,0,0,35
12285,0,24595319111,24595319053,0,0,57
12286,0,24597322233,24597322177,0,0,56
12287,0,24599324132,24599324173,0,0,-40
12288,0,24601324878,24601324912,0,0,-33
12289,0,24603327846,24603327867,0,0,-20
12290,0,24605330725,24605330662,0,0,62
12291,0,24607332919,24607332957,0,0,-38
12292,0,24609334871,24609334878,0,0,-6
12293,0,24611336622,24611336616,0,0,6
12294,0,24613338244,24613338273,0,0,-29
12295,0,24615340987,24615340997,0,0,-10
12296,0,24617343662,24617343684,0,0,-21
12297,0,24619345835,24619345885,0,0,-49
12298,0,24621348382,24621348406,0,0,-24
12299,0,24623349747,24623349788,0,0,-40
12300,0,24625351564,24625351542,0,0,22
12301,0,24627354386,24627354337,0,0,49
12302,0,24629356018,24629355960,0,0,58
12303,0,24631359017,24631358999,0,0,17
12304,0,24633361240,24633361295,0,0,-54
12305,0,24635365121,24635365076,0,0,45
12306,0,24637366181,24637366143,0,0,37
12307,0,24639367603,24639367589,0,0,13
12308,0,24641369226,24641369195,0,0,30
12309,0,24643372278,24643372325,0,0,-47
12310,0,24645373842,24645373803,0,0,39
12311,0,24647377018,24647376980,0,0,38
12312,0,24649379380,24649379325,0,0,55
12313,0,24651382330,24651382322,0,0,8
12314,0,24653383089,24653383042,0,0,47
12315,0,24655386240,24655386184,0,0,56
12316,0,24657388512,24657388452,0,0,60
12317,0,24659390303,24659390309,0,0,-5
12318,0,24661392591,24661392600,0,0,-8
12319,0,24663394640,24663394629,0,0,10
12320,0,24665396889,24665396907,0,0,-18
12321,0,24667399213,24667399244,0,0,-30
12322,0,24669401420,24669401386,0,0,33
12323,0,24671404224,24671404181,0,0,42
12324,0,24673406404,24673406316,0,0,87
12325,0,24675407789,24675407811,0,0,-22
12326,0,24677409568,24677409591,0,0,-22
12327,0,24679412321,24679412283,0,0,38
12328,0,24681413838,24681413815,0,0,23
12329,0,24683416777,24683416813,0,0,-36
12330,0,24685418860,24685418839,0,0,21
12331,0,24687421917,24687421884,0,0,33
12332,0,24689423791,24689423765,0,0,25
12333,0,24691425758,24691425739,0,0,19
12334,0,24693427465,24693427436,0,0,28
12335,0,24695430675,24695430689,0,0,-13
12336,0,24697432934,24697432945,0,0,-10
12337,0,24699434597,24699434607,0,0,-10
12338,0,24701436485,24701436435,0,0,49
12339,0,24703439276,24703439251,0,0,25
12340,0,24705441882,24705441884,0,0,-2
12341,0,24707443527,24707443498,0,0,29
12342,0,24709444933,24709444874,0,0,59
12343,0,24711448185,24711448159,0,0,26
12344,0,24713450570,24713450513,0,0,56
12345,0,24715453478,24715453440,0,0,38
12346,0,24717453826,24717453781,0,0,44
12347,0,24719456951,24719456905,0,0,46
12348,0,24721459729,24721459699,0,0,29
12349,0,24723461197,24723461159,0,0,38
12350,0,24725463328,24725463287,0,0,40
12351,0,24727466759,24727466782,0,0,-22
12352,0,24729469391,24729469399,0,0,-7
12353,0,24731470316,24731470323,0,0,-7
12354,0,24733473154,24733473127,0,0,26
12355,0,24735477633,24735477571,0,0,62
12356,0,24737478539,24737478547,0,0,-7
12357,0,24739479534,24739479501,0,0,32
12358,0,24741481329,24741481291,0,0,38
12359,0,24743482500,24743482454,0,0,45
12360,0,24745485164,24745485114,0,0,49
12361,0,24747489400,24747489382,0,0,17
12362,0,24749490849,24749490798,0,0,51
12363,0,24751493063,24751493004,0,0,59
12364,0,24753495095,24753495040,0,0,54
12365,0,24755496682,24755496640,0,0,42
12366,0,24757498795,24757498706,0,0,88
12367,0,24759502124,24759502086,0,0,38
12368,0,24761504752,24761504712,0,0,39
12369,0,24763507640,24763507587,0,0,53
12370,0,24765508469,24765508413,0,0,56
12371,0,24767510204,24767510156,0,0,47
12372,0,24769512006,24769511948,0,0,58
12373,0,24771516072,24771515999,0,0,73
12374,0,24773518482,24773518406,0,0,75
12375,0,24775519721,24775519676,0,0,45
12376,0,24777521746,24777521707,0,0,39
12377,0,24779524713,24779524685,0,0,27
12378,0,24781526031,24781525961,0,0,69
12379,0,24783528195,24783528147,0,0,47
12380,0,24785530449,24785530379,0,0,69
12381,0,24787532807,24787532776,0,0,31
12382,0,24789534884,24789534830,0,0,53
12383,0,24791537023,24791536993,0,0,29
12384,0,24793539788,24793539746,0,0,42
12385,0,24795541691,24795541636,0,0,54
12386,0,24797543990,24797543950,0,0,39
12387,0,24799546368,24799546322,0,0,45
12388,0,24801548528,24801548449,0,0,78
12389,0,24803550669,24803550614,0,0,55
12390,0,24805552712,24805552665,0,0,47
12391,0,24807554765,24807554721,0,0,44
12392,0,24809557461,24809557491,0,0,-29
12393,0,24811560130,24811560102,0,0,28
12394,0,24813561000,24813560972,0,0,27
12395,0,24815563844,24815563871,0,0,-26
12396,0,24817566013,24817565991,0,0,21
12397,0,24819568465,24819568425,0,0,40
12398,0,24821570732,24821570692,0,0,40
12399,0,24823573263,24823573245,0,0,17
12400,0,24825575620,24825575600,0,0,20
12401,0,24827576987,24827576962,0,0,24
12402,0,24829578447,24829578461,0,0,-13
12403,0,24831581498,24831581508,0,0,-10
12404,0,24833584575,24833584602,0,0,-27
12405,0,24835587351,24835587397,0,0,-46
12406,0,24837588667,24837588630,0,0,36
12407,0,24839590547,24839590516,0,0,31
12408,0,24841592881,24841592860,0,0,20
12409,0,24843596119,24843596101,0,0,17
12410,0,24845597079,24845597051,0,0,28
12411,0,24847599217,24847599205,0,0,11
12412,0,24849603242,24849603253,0,0,-11
12413,0,24851603638,24851603600,0,0,38
12414,0,24853605568,24853605519,0,0,49
12415,0,24855608921,24855608897,0,0,23
12416,0,24857611253,24857611212,0,0,41
12417,0,24859612406,24859612388,0,0,17
12418,0,24861613892,24861613854,0,0,38
12419,0,24863618435,24863618413,0,0,21
12420,0,24865620961,24865620907,0,0,53
12421,0,24867621806,24867621784,0,0,22
12422,0,24869623786,24869623768,0,0,17
12423,0,24871625903,24871625876,0,0,26
12424,0,24873627476,24873627438,0,0,38
12425,0,24875631720,24875631673,0,0,47
12426,0,24877632633,24877632569,0,0,63
12427,0,24879634289,24879634240,0,0,48
12428,0,24881637165,24881637130,0,0,35
12429,0,24883639022,24883638986,0,0,35
12430,0,24885641533,24885641456,0,0,76
12431,0,24887643934,24887643947,0,0,-13
12432,0,24889646871,24889646905,0,0,-33
12433,0,24891648437,24891648429,0,0,8
12434,0,24893650902,24893650882,0,0,20
12435,0,24895652751,24895652743,0,0,7
12436,0,24897655497,24897655477,0,0,20
12437,0,24899656981,24899656975,0,0,6
12438,0,24901658471,24901658433,0,0,38
12439,0,24903660525,24903660508,0,0,17
12440,0,24905663126,24905663075,0,0,51
12441,0,24907667283,24907667253,0,0,29
12442,0,24909668415,24909668383,0,0,31
12443,0,24911670278,24911670240,0,0,37
12444,0,24913672026,24913671995,0,0,31
12445,0,24915675035,24915675049,0,0,-13
12446,0,24917677316,24917677334,0,0,-18
12447,0,24919679398,24919679364,0,0,33
12448,0,24921682474,24921682442,0,0,31
12449,0,24923684134,24923684119,0,0,14
12450,0,24925686215,24925686170,0,0,44
12451,0,24927688955,24927688909,0,0,45
12452,0,24929691008,24929690984,0,0,23
12453,0,24931692634,24931692620,0,0,13
12454,0,24933693942,24933693903,0,0,38
12455,0,24935699000,24935698970,0,0,30
12456,0,24937699703,24937699656,0,0,46
12457,0,24939703091,24939703024,0,0,66
12458,0,24941704501,24941704444,0,0,56
12459,0,24943705908,24943705871,0,0,36
12460,0,24945707370,24945707321,0,0,49
12461,0,24947710555,24947710489,0,0,66
12462,0,24949712217,24949712131,0,0,86
12463,0,24951714981,24951714953,0,0,27
12464,0,24953717767,24953717730,0,0,36
12465,0,24955719709,24955719667,0,0,42
12466,0,24957722256,24957722211,0,0,44
12467,0,24959723930,24959723871,0,0,58
12468,0,24961727134,24961727099,0,0,34
12469,0,24963729642,24963729603,0,0,39
12470,0,24965730599,24965730534,0,0,65
12471,0,24967732746,24967732696,0,0,49
12472,0,24969735204,24969735155,0,0,49
12473,0,24971737406,24971737364,0,0,41
12474,0,24973739389,24973739351,0,0,38
12475,0,24975741041,24975741013,0,0,27
12476,0,24977744584,24977744552,0,0,32
12477,0,24979746520,24979746478,0,0,42
12478,0,24981748670,24981748613,0,0,56
12479,0,24983750859,24983750818,0,0,40
12480,0,24985752939,24985752894,0,0,45
12481,0,24987755057,24987755051,0,0,6
12482,0,24989757266,24989757228,0,0,38
12483,0,24991760296,24991760287,0,0,8
12484,0,24993762793,24993762766,0,0,27
12485,0,24995765183,24995765134,0,0,48
12486,0,24997766200,24997766229,0,0,-29
12487,0,24999768916,24999768876,0,0,40
12488,0,25001771026,25001770990,0,0,36
12489,0,25003773364,25003773337,0,0,26
12490,0,25005777110,25005777049,0,0,60
12491,0,25007777397,25007777350,0,0,47
12492,0,25009779985,25009779946,0,0,39
12493,0,25011781485,25011781511,0,0,-25
12494,0,25013784114,25013784073,0,0,41
12495,0,25015787556,25015787583,0,0,-26
12496,0,25017788468,25017788434,0,0,33
12497,0,25019791141,25019791116,0,0,24
12498,0,25021793332,25021793311,0,0,21
12499,0,25023795232,25023795238,0,0,-5
12500,0,25025797557,25025797571,0,0,-14
12501,0,25027799648,25027799692,0,0,-44
12502,0,25029802073,25029802020,0,0,52
12503,0,25031804247,25031804223,0,0,23
12504,0,25033806577,25033806509,0,0,67
12505,0,25035810164,25035810136,0,0,28
12506,0,25037812179,25037812121,0,0,57
12507,0,25039813355,25039813325,0,0,29
12508,0,25041815523,25041815479,0,0,43
12509,0,25043817116,25043817131,0,0,-14
12510,0,25045818822,25045818795,0,0,26
12511,0,25047821964,25047821937,0,0,27
12512,0,25049824173,25049824122,0,0,51
12513,0,25051826121,25051826079,0,0,42
12514,0,25053827578,25053827540,0,0,38
12515,0,25055831548,25055831498,0,0,49
12516,0,25057833176,25057833126,0,0,49
12517,0,25059835177,25059835154,0,0,23
12518,0,25061836691,25061836651,0,0,39
12519,0,25063839790,25063839743,0,0,47
12520,0,25065842388,25065842344,0,0,44
12521,0,25067844690,25067844732,0,0,-42
12522,0,25069847352,25069847294,0,0,58
12523,0,25071848914,25071848880,0,0,34
12524,0,25073850975,25073850936,0,0,39
12525,0,25075853370,25075853334,0,0,35
12526,0,25077855800,25077855826,0,0,-26
12527,0,25079857594,25079857559,0,0,35
12528,0,25081860561,25081860606,0,0,-44
12529,0,25083861771,25083861804,0,0,-32
12530,0,25085863015,25085862991,0,0,24
12531,0,25087865303,25087865266,0,0,36
12532,0,25089868352,25089868314,0,0,38
12533,0,25091870260,25091870231,0,0,28
12534,0,25093873991,25093873946,0,0,44
12535,0,25095876060,25095876049,0,0,11
12536,0,25097876442,25097876415,0,0,26
12537,0,25099879698,25099879731,0,0,-32
12538,0,25101881900,25101881914,0,0,-14
12539,0,25103884522,25103884497,0,0,24
12540,0,25105886258,25105886231,0,0,26
12541,0,25107887653,25107887609,0,0,44
12542,0,25109890965,25109890934,0,0,31
12543,0,25111893269,25111893240,0,0,29
12544,0,25113895923,25113895914,0,0,9
12545,0,25115897489,25115897428,0,0,61
12546,0,25117900011,25117899966,0,0,45
12547,0,25119901964,25119901958,0,0,6
12548,0,25121903970,25121903916,0,0,53
12549,0,25123906447,25123906435,0,0,11
12550,0,25125908885,25125908853,0,0,31
12551,0,25127910963,25127910955,0,0,7
12552,0,25129912092,25129912056,0,0,36
12553,0,25131915458,25131915446,0,0,12
12554,0,25133918479,25133918437,0,0,42
12555,0,25135920890,25135920872,0,0,17
12556,0,25137922014,25137921996,0,0,17
12557,0,25139924305,25139924290,0,0,14
12558,0,25141926844,25141926834,0,0,9
12559,0,25143928574,25143928525,0,0,49
12560,0,25145931665,25145931677,0,0,-11
12561,0,25147932849,25147932865,0,0,-15
12562,0,25149934697,25149934722,0,0,-24
12563,0,25151937737,25151937772,0,0,-34
12564,0,25153939879,25153939869,0,0,10
12565,0,25155942329,25155942287,0,0,42
12566,0,25157944261,25157944218,0,0,42
12567,0,25159946581,25159946543,0,0,38
12568,0,25161948713,25161948681,0,0,31
12569,0,25163951052,25163951022,0,0,30
12570,0,25165953228,25165953214,0,0,13
12571,0,25167955508,25167955527,0,0,-18
12572,0,25169957597,25169957575,0,0,22
12573,0,25171959608,25171959627,0,0,-19
12574,0,25173960886,25173960870,0,0,15
12575,0,25175963330,25175963287,0,0,42
12576,0,25177967049,25177967074,0,0,-24
12577,0,25179968736,25179968747,0,0,-11
12578,0,25181971029,25181970979,0,0,49
12579,0,25183973904,25183973869,0,0,34
12580,0,25185975601,25185975523,0,0,78
12581,0,25187977716,25187977664,0,0,51
12582,0,25189980170,25189980076,0,0,93
12583,0,25191982260,25191982225,0,0,35
12584,0,25193984140,25193984094,0,0,46
12585,0,25195985449,25195985389,0,0,60
12586,0,25197988580,25197988510,0,0,69
12587,0,25199989774,25199989705,0,0,69
12588,0,25201992485,25201992440,0,0,44
12589,0,25203995034,25203995000,0,0,33
12590,0,25205996826,25205996767,0,0,59
12591,0,25207999547,25207999505,0,0,42
12592,0,25210001305,25210001247,0,0,58
12593,0,25212004459,25212004409,0,0,49
12594,0,25214006751,25214006707,0,0,43
12595,0,25216008508,25216008453,0,0,55
12596,0,25218011009,25218010964,0,0,45
12597,0,25220013002,25220012970,0,0,31
12598,0,25222014336,25222014266,0,0,69
12599,0,25224017498,25224017459,0,0,39
12600,0,25226019169,25226019131,0,0,38
12601,0,25228022811,25228022850,0,0,-38
12602,0,25230025270,25230025232,0,0,38
12603,0,25232026617,25232026579,0,0,38
12604,0,25234028876,25234028848,0,0,28
12605,0,25236032250,25236032189,0,0,60
12606,0,25238033438,25238033410,0,0,27
12607,0,25240035331,25240035291,0,0,40
12608,0,25242037926,25242037865,0,0,60
12609,0,25244039916,25244039888,0,0,28
12610,0,25246041854,25246041795,0,0,59
12611,0,25248043586,25248043601,0,0,-15
12612,0,25250046761,25250046705,0,0,56
12613,0,25252048497,25252048446,0,0,51
12614,0,25254050218,25254050150,0,0,68
12615,0,25256053420,25256053388,0,0,31
12616,0,25258055280,25258055256,0,0,24
12617,0,25260056860,25260056822,0,0,38
12618,0,25262060871,25262060846,0,0,24
12619,0,25264062176,25264062152,0,0,23
12620,0,25266064995,25266065029,0,0,-33
12621,0,25268067062,25268067040,0,0,21
12622,0,25270068964,25270068937,0,0,26
12623,0,25272071080,25272071051,0,0,29
12624,0,25274073711,25274073636,0,0,74
12625,0,25276075461,25276075417,0,0,44
12626,0,25278077950,25278077979,0,0,-28
12627,0,25280079894,25280079928,0,0,-33
12628,0,25282082220,25282082252,0,0,-31
12629,0,25284084252,25284084285,0,0,-33
12630,0,25286085748,25286085707,0,0,40
12631,0,25288089304,25288089285,0,0,19
12632,0,25290091416,25290091397,0,0,19
12633,0,25292093371,25292093404,0,0,-32
12634,0,25294095626,25294095568,0,0,57
12635,0,25296097940,25296097885,0,0,55
12636,0,25298099902,25298099862,0,0,39
12637,0,25300101806,25300101802,0,0,4
12638,0,25302104013,25302103968,0,0,45
12639,0,25304106912,25304106884,0,0,28
12640,0,25306109204,25306109170,0,0,33
12641,0,25308110919,25308110933,0,0,-14
12642,0,25310112314,25310112304,0,0,9
12643,0,25312116316,25312116343,0,0,-26
12644,0,25314117561,25314117587,0,0,-26
12645,0,25316119008,25316119037,0,0,-28
12646,0,25318122546,25318122487,0,0,58
12647,0,25320124661,25320124626,0,0,35
12648,0,25322126825,25322126770,0,0,55
12649,0,25324129932,25324129874,0,0,58
12650,0,25326132820,25326132784,0,0,35
12651,0,25328133327,25328133292,0,0,35
12652,0,25330135939,25330135885,0,0,54
12653,0,25332138247,25332138199,0,0,48
12654,0,25334140305,25334140262,0,0,42
12655,0,25336143408,25336143358,0,0,49
12656,0,25338144461,25338144397,0,0,64
12657,0,25340146795,25340146806,0,0,-10
12658,0,25342149939,25342149973,0,0,-33
12659,0,25344152166,25344152143,0,0,22
12660,0,25346154101,25346154056,0,0,44
12661,0,25348155712,25348155658,0,0,53
12662,0,25350158047,25350157964,0,0,83
12663,0,25352160085,25352160056,0,0,28
12664,0,25354162397,25354162352,0,0,44
12665,0,25356164735,25356164708,0,0,26
12666,0,25358166825,25358166759,0,0,66
12667,0,25360170011,25360169983,0,0,28
12668,0,25362171338,25362171298,0,0,40
12669,0,25364173953,25364173894,0,0,59
12670,0,25366176220,25366176177,0,0,42
12671,0,25368178201,25368178175,0,0,26
12672,0,25370180271,25370180261,0,0,9
12673,0,25372182629,25372182596,0,0,33
12674,0,25374184599,25374184617,0,0,-17
12675,0,25376187595,25376187644,0,0,-48
12676,0,25378190593,25378190567,0,0,25
12677,0,25380191723,25380191703,0,0,20
12678,0,25382193559,25382193533,0,0,26
12679,0,25384195297,25384195288,0,0,8
12680,0,25386196957,25386196903,0,0,53
12681,0,25388200363,25388200394,0,0,-31
12682,0,25390202365,25390202390,0,0,-24
12683,0,25392205123,25392205114,0,0,8
12684,0,25394206980,25394206942,0,0,38
12685,0,25396208829,25396208815,0,0,13
12686,0,25398210499,25398210546,0,0,-46
12687,0,25400213680,25400213635,0,0,44
12688,0,25402216510,25402216468,0,0,42
12689,0,25404217978,25404217928,0,0,49
12690,0,25406220247,25406220217,0,0,30
12691,0,25408222439,25408222400,0,0,39
12692,0,25410224649,25410224602,0,0,46
12693,0,25412227455,25412227422,0,0,32
12694,0,25414229180,25414229134,0,0,46
12695,0,25416231087,25416231047,0,0,39
12696,0,25418233156,25418233094,0,0,61
12697,0,25420235997,25420235959,0,0,37
12698,0,25422238096,25422238047,0,0,49
12699,0,25424241621,25424241562,0,0,58
12700,0,25426242485,25426242459,0,0,25
12701,0,25428244227,25428244204,0,0,22
12702,0,25430245764,25430245680,0,0,83
12703,0,25432249161,25432249124,0,0,37
12704,0,25434251723,25434251649,0,0,73
12705,0,25436254804,25436254764,0,0,39
12706,0,25438255767,25438255725,0,0,42
12707,0,25440258303,25440258267,0,0,36
12708,0,25442260459,25442260404,0,0,55
12709,0,25444262283,25444262232,0,0,51
12710,0,25446263822,25446263786,0,0,35
12711,0,25448266739,25448266712,0,0,26
12712,0,25450269121,25450269160,0,0,-38
12713,0,25452271779,25452271795,0,0,-15
12714,0,25454274102,25454274124,0,0,-22
12715,0,25456277593,25456277539,0,0,54
12716,0,25458278038,25458278001,0,0,36
12717,0,25460280274,25460280235,0,0,39
12718,0,25462282788,25462282712,0,0,75
12719,0,25464284905,25464284885,0,0,20
12720,0,25466287411,25466287382,0,0,28
12721,0,25468289022,25468288981,0,0,41
12722,0,25470291351,25470291314,0,0,36
12723,0,25472293782,25472293764,0,0,17
12724,0,25474296393,25474296376,0,0,16
12725,0,25476297777,25476297814,0,0,-36
12726,0,25478299389,25478299406,0,0,-16
12727,0,25480302516,25480302550,0,0,-33
12728,0,25482304887,25482304842,0,0,45
12729,0,25484306756,25484306698,0,0,58
12730,0,25486308679,25486308764,0,0,-85
12731,0,25488312347,25488312328,0,0,19
12732,0,25490314214,25490314184,0,0,30
12733,0,25492315653,25492315620,0,0,33
12734,0,25494318674,25494318635,0,0,39
12735,0,25496320180,25496320192,0,0,-11
12736,0,25498323096,25498323011,0,0,85
12737,0,25500325172,25500325151,0,0,20
12738,0,25502326869,25502326894,0,0,-25
12739,0,25504330482,25504330519,0,0,-36
12740,0,25506332816,25506332827,0,0,-11
12741,0,25508334438,25508334415,0,0,22
12742,0,25510336105,25510336094,0,0,11
12743,0,25512337685,25512337643,0,0,42
12744,0,25514339668,25514339628,0,0,40
12745,0,25516342471,25516342419,0,0,51
12746,0,25518344892,25518344799,0,0,92
12747,0,25520347835,25520347865,0,0,-29
12748,0,25522349287,25522349249,0,0,38
12749,0,25524351552,25524351507,0,0,44
12750,0,25526354264,25526354200,0,0,64
12751,0,25528355878,25528355851,0,0,26
12752,0,25530358084,25530358109,0,0,-24
12753,0,25532360699,25532360719,0,0,-20
12754,0,25534362550,25534362576,0,0,-25
12755,0,25536366211,25536366180,0,0,31
12756,0,25538367121,25538367069,0,0,51
12757,0,25540369183,25540369137,0,0,46
12758,0,25542371656,25542371598,0,0,58
12759,0,25544373622,25544373575,0,0,46
12760,0,25546376249,25546376219,0,0,29
12761,0,25548378391,25548378343,0,0,47
12762,0,25550380714,25550380669,0,0,44
12763,0,25552383175,25552383155,0,0,20
12764,0,25554383817,25554383771,0,0,46
12765,0,25556387289,25556387260,0,0,29
12766,0,25558389552,25558389524,0,0,28
12767,0,25560391818,25560391791,0,0,27
12768,0,25562393999,25562393955,0,0,44
12769,0,25564395901,25564395891,0,0,9
12770,0,25566398216,25566398179,0,0,37
12771,0,25568400501,25568400473,0,0,28
12772,0,25570403170,25570403146,0,0,24
12773,0,25572405643,25572405624,0,0,18
12774,0,25574407498,25574407473,0,0,25
12775,0,25576409431,25576409402,0,0,29
12776,0,25578411434,25578411377,0,0,57
12777,0,25580413726,25580413681,0,0,44
12778,0,25582416694,25582416621,0,0,73
12779,0,25584419921,25584419889,0,0,31
12780,0,25586419373,25586419341,0,0,32
12781,0,25588422741,25588422687,0,0,53
12782,0,25590424875,25590424829,0,0,45
12783,0,25592426922,25592426861,0,0,60
12784,0,25594429644,25594429602,0,0,42
12785,0,25596431377,25596431332,0,0,44
12786,0,25598433817,25598433788,0,0,29
12787,0,25600436343,25600436307,0,0,35
12788,0,25602438244,25602438206,0,0,38
12789,0,25604440465,25604440455,0,0,9
12790,0,25606443330,25606443319,0,0,11
12791,0,25608444918,25608444909,0,0,8
12792,0,25610447203,25610447245,0,0,-42
12793,0,25612449213,25612449207,0,0,6
12794,0,25614451907,25614451880,0,0,26
12795,0,25616454938,25616454930,0,0,8
12796,0,25618456024,25618456004,0,0,20
12797,0,25620457948,25620457913,0,0,34
12798,0,25622459509,25622459464,0,0,44
12799,0,25624462586,25624462521,0,0,65
12800,0,25626465592,25626465602,0,0,-10
12801,0,25628466822,25628466835,0,0,-12
12802,0,25630468699,25630468644,0,0,54
12803,0,25632472508,25632472513,0,0,-4
12804,0,25634475723,25634475734,0,0,-11
12805,0,25636477549,25636477478,0,0,71
12806,0,25638478698,25638478692,0,0,5
12807,0,25640480514,25640480501,0,0,13
12808,0,25642482795,25642482766,0,0,29
12809,0,25644484926,25644484887,0,0,39
12810,0,25646487570,25646487561,0,0,9
12811,0,25648489955,25648489998,0,0,-42
12812,0,25650492521,25650492487,0,0,33
12813,0,25652493739,25652493713,0,0,25
12814,0,25654496252,25654496222,0,0,30
12815,0,25656498190,25656498160,0,0,29
12816,0,25658500615,25658500584,0,0,31
12817,0,25660502668,25660502650,0,0,17
12818,0,25662505182,25662505212,0,0,-30
12819,0,25664507095,25664507132,0,0,-36
12820,0,25666509677,25666509694,0,0,-17
12821,0,25668511762,25668511806,0,0,-44
12822,0,25670513990,25670513969,0,0,20
12823,0,25672516092,25672516038,0,0,53
12824,0,25674518701,25674518651,0,0,49
12825,0,25676520710,25676520723,0,0,-13
12826,0,25678523403,25678523438,0,0,-34
12827,0,25680524714,25680524730,0,0,-16
12828,0,25682528475,25682528488,0,0,-13
12829,0,25684529803,25684529770,0,0,32
12830,0,25686532503,25686532467,0,0,35
12831,0,25688535239,25688535187,0,0,51
12832,0,25690536042,25690535956,0,0,85
12833,0,25692537998,25692538015,0,0,-17
12834,0,25694539485,25694539426,0,0,58
12835,0,25696543776,25696543733,0,0,42
12836,0,25698546264,25698546189,0,0,74
12837,0,25700547095,25700547068,0,0,26
12838,0,25702549628,25702549576,0,0,51
12839,0,25704552168,25704552128,0,0,40
12840,0,25706553966,25706553950,0,0,15
12841,0,25708555989,25708555958,0,0,31
12842,0,25710558418,25710558373,0,0,44
12843,0,25712560638,25712560617,0,0,21
12844,0,25714563719,25714563674,0,0,44
12845,0,25716564909,25716564868,0,0,40
12846,0,25718567545,25718567557,0,0,-11
12847,0,25720569492,25720569454,0,0,37
12848,0,25722573258,25722573209,0,0,48
12849,0,25724575316,25724575280,0,0,35
12850,0,25726576512,25726576465,0,0,47
12851,0,25728578158,25728578178,0,0,-20
12852,0,25730580952,25730580973,0,0,-20
12853,0,25732583084,25732583108,0,0,-24
12854,0,25734585195,25734585140,0,0,55
12855,0,25736588582,25736588538,0,0,43
12856,0,25738589541,25738589515,0,0,26
12857,0,25740591416,25740591435,0,0,-18
12858,0,25742593421,25742593399,0,0,22
12859,0,25744596591,25744596568,0,0,22
12860,0,25746599651,25746599644,0,0,6
12861,0,25748600544,25748600524,0,0,20
12862,0,25750602748,25750602713,0,0,35
12863,0,25752605278,25752605233,0,0,44
12864,0,25754607498,25754607422,0,0,75
12865,0,25756609144,25756609102,0,0,42
12866,0,25758611471,25758611444,0,0,26
12867,0,25760614354,25760614310,0,0,44
12868,0,25762616549,25762616507,0,0,42
12869,0,25764618258,25764618240,0,0,17
12870,0,25766620763,25766620734,0,0,28
12871,0,25768622586,25768622566,0,0,20
12872,0,25770624441,25770624433,0,0,7
12873,0,25772627008,25772626982,0,0,25
12874,0,25774628395,25774628402,0,0,-6
12875,0,25776631994,25776632023,0,0,-29
12876,0,25778635096,25778635137,0,0,-40
12877,0,25780636422,25780636438,0,0,-15
12878,0,25782638233,25782638266,0,0,-33
12879,0,25784640786,25784640750,0,0,36
12880,0,25786643112,25786643067,0,0,44
12881,0,25788645386,25788645348,0,0,38
12882,0,25790647351,25790647358,0,0,-6
12883,0,25792649935,25792649953,0,0,-17
12884,0,25794651570,25794651606,0,0,-35
12885,0,25796652429,25796652455,0,0,-26
12886,0,25798655490,25798655479,0,0,11
12887,0,25800658182,25800658145,0,0,37
12888,0,25802659924,25802659911,0,0,13
12889,0,25804662845,25804662804,0,0,40
12890,0,25806665150,25806665093,0,0,56
12891,0,25808667271,25808667233,0,0,38
12892,0,25810669613,25810669537,0,0,75
12893,0,25812671954,25812671903,0,0,51
12894,0,25814673883,25814673863,0,0,20
12895,0,25816676033,25816676001,0,0,32
12896,0,25818678581,25818678543,0,0,38
12897,0,25820680734,25820680721,0,0,13
12898,0,25822682652,25822682616,0,0,35
12899,0,25824684339,25824684368,0,0,-29
12900,0,25826687633,25826687620,0,0,12
12901,0,25828689840,25828689816,0,0,24
12902,0,25830692076,25830692040,0,0,35
12903,0,25832693841,25832693803,0,0,38
12904,0,25834696396,25834696377,0,0,19
12905,0,25836699709,25836699683,0,0,26
12906,0,25838700959,25838700907,0,0,52
12907,0,25840702602,25840702571,0,0,30
12908,0,25842705464,25842705415,0,0,48
12909,0,25844706923,25844706905,0,0,17
12910,0,25846708878,25846708857,0,0,21
12911,0,25848711564,25848711544,0,0,20
12912,0,25850712824,25850712887,0,0,-63
12913,0,25852716003,25852715979,0,0,23
12914,0,25854717501,25854717469,0,0,31
12915,0,25856720997,25856720968,0,0,29
12916,0,25858723003,25858722993,0,0,9
12917,0,25860724452,25860724440,0,0,11
12918,0,25862726109,25862726099,0,0,9
12919,0,25864728752,25864728743,0,0,9
12920,0,25866731982,25866731946,0,0,36
12921,0,25868734482,25868734519,0,0,-37
12922,0,25870736191,25870736153,0,0,37
12923,0,25872738517,25872738491,0,0,26
12924,0,25874740853,25874740809,0,0,44
12925,0,25876742932,25876742973,0,0,-40
12926,0,25878745369,25878745406,0,0,-36
12927,0,25880747680,25880747723,0,0,-42
12928,0,25882749521,25882749528,0,0,-7
12929,0,25884751771,25884751803,0,0,-31
12930,0,25886752925,25886752896,0,0,28
12931,0,25888755687,25888755675,0,0,12
12932,0,25890758699,25890758653,0,0,46
12933,0,25892760216,25892760192,0,0,24
12934,0,25894762015,25894761997,0,0,17
12935,0,25896764795,25896764786,0,0,9
12936,0,25898766779,25898766743,0,0,35
12937,0,25900769975,25900769948,0,0,26
12938,0,25902772100,25902772049,0,0,51
12939,0,25904774158,25904774120,0,0,38
12940,0,25906777193,25906777150,0,0,43
12941,0,25908778350,25908778321,0,0,28
12942,0,25910779685,25910779644,0,0,40
12943,0,25912783328,25912783302,0,0,26
12944,0,25914785532,25914785487,0,0,44
12945,0,25916787229,25916787220,0,0,8
12946,0,25918789035,25918789013,0,0,22
12947,0,25920792347,25920792312,0,0,35
12948,0,25922794391,25922794343,0,0,47
12949,0,25924796193,25924796167,0,0,26
12950,0,25926798797,25926798750,0,0,47
12951,0,25928800593,25928800570,0,0,23
12952,0,25930801963,25930801933,0,0,29
12953,0,25932805273,25932805251,0,0,21
12954,0,25934807690,25934807607,0,0,83
12955,0,25936811044,25936811016,0,0,27
12956,0,25938812103,25938812036,0,0,66
12957,0,25940814119,25940814074,0,0,44
12958,0,25942816464,25942816489,0,0,-24
12959,0,25944818948,25944818964,0,0,-16
12960,0,25946820907,25946820853,0,0,53
12961,0,25948823141,25948823182,0,0,-40
12962,0,25950825568,25950825486,0,0,82
12963,0,25952828141,25952828117,0,0,24
12964,0,25954829687,25954829672,0,0,15
12965,0,25956832030,25956832065,0,0,-35
12966,0,25958834418,25958834451,0,0,-32
12967,0,25960836332,25960836289,0,0,42
12968,0,25962838519,25962838474,0,0,44
12969,0,25964840844,25964840820,0,0,24
12970,0,25966843083,25966843034,0,0,48
12971,0,25968845450,25968845421,0,0,29
12972,0,25970847361,25970847373,0,0,-11
12973,0,25972849857,25972849889,0,0,-32
12974,0,25974851931,25974851941,0,0,-10
12975,0,25976854105,25976854125,0,0,-20
12976,0,25978856801,25978856813,0,0,-12
12977,0,25980858560,25980858483,0,0,77
12978,0,25982860654,25982860583,0,0,71
12979,0,25984861988,25984861930,0,0,58
12980,0,25986865611,25986865558,0,0,52
12981,0,25988867591,25988867533,0,0,58
12982,0,25990870045,25990869961,0,0,83
12983,0,25992872019,25992871971,0,0,47
12984,0,25994874818,25994874768,0,0,49
12985,0,25996876476,25996876420,0,0,56
12986,0,25998878461,25998878422,0,0,39
12987,0,26000879997,26000879945,0,0,52
12988,0,26002883153,26002883062,0,0,90
12989,0,26004885560,26004885575,0,0,-14
12990,0,26006887519,26006887534,0,0,-15
12991,0,26008889550,26008889583,0,0,-32
12992,0,26010891710,26010891737,0,0,-26
12993,0,26012893121,26012893130,0,0,-8
12994,0,26014896298,26014896287,0,0,10
12995,0,26016898277,26016898295,0,0,-17
12996,0,26018901342,26018901301,0,0,41
12997,0,26020903183,26020903193,0,0,-10
12998,0,26022905199,26022905133,0,0,65
12999,0,26024906546,26024906492,0,0,53
13000,0,26026910396,26026910345,0,0,51
13001,0,26028912152,26028912124,0,0,28
13002,0,26030914671,26030914626,0,0,44
13003,0,26032917086,26032917040,0,0,45
13004,0,26034918915,26034918839,0,0,76
13005,0,26036923146,26036923092,0,0,54
13006,0,26038923146,26038923102,0,0,43
13007,0,26040926003,26040925991,0,0,11
13008,0,26042928546,26042928540,0,0,6
13009,0,26044929447,26044929401,0,0,46
13010,0,26046931559,26046931522,0,0,37
13011,0,26048934752,26048934724,0,0,27
13012,0,26050937144,26050937124,0,0,20
13013,0,26052938514,26052938467,0,0,46
13014,0,26054939786,26054939817,0,0,-30
13015,0,26056943424,26056943458,0,0,-33
13016,0,26058945889,26058945919,0,0,-30
13017,0,26060947626,26060947675,0,0,-49
13018,0,26062950638,26062950622,0,0,16
13019,0,26064952166,26064952112,0,0,53
13020,0,26066954480,26066954428,0,0,52
13021,0,26068956665,26068956632,0,0,32
13022,0,26070959212,26070959168,0,0,44
13023,0,26072960918,26072960887,0,0,31
13024,0,26074963305,26074963238,0,0,67
13025,0,26076965457,26076965439,0,0,17
13026,0,26078967870,26078967804,0,0,65
13027,0,26080970716,26080970710,0,0,6
13028,0,26082973628,26082973557,0,0,71
13029,0,26084974105,26084974079,0,0,26
13030,0,26086975543,26086975486,0,0,56
13031,0,26088978590,26088978570,0,0,20
13032,0,26090981887,26090981854,0,0,33
13033,0,26092984653,26092984630,0,0,23
13034,0,26094985414,26094985366,0,0,47
13035,0,26096987557,26096987539,0,0,17
13036,0,26098990026,26098989995,0,0,31
13037,0,26100992790,26100992761,0,0,28
13038,0,26102994296,26102994350,0,0,-54
13039,0,26104997593,26104997634,0,0,-40
13040,0,26106999396,26106999431,0,0,-34
13041,0,26109000743,26109000774,0,0,-30
13042,0,26111003319,26111003309,0,0,9
13043,0,26113006426,26113006416,0,0,9
13044,0,26115008388,26115008351,0,0,36
13045,0,26117009583,26117009539,0,0,44
13046,0,26119011395,26119011341,0,0,53
13047,0,26121014276,26121014261,0,0,14
13048,0,26123017393,26123017373,0,0,20
13049,0,26125018635,26125018619,0,0,16
13050,0,26127020089,26127020067,0,0,21
13051,0,26129023166,26129023200,0,0,-33
13052,0,26131025989,26131025937,0,0,51
13053,0,26133028672,26133028648,0,0,24
13054,0,26135029817,26135029799,0,0,17
13055,0,26137033143,26137033109,0,0,34
13056,0,26139033367,26139033415,0,0,-47
13057,0,26141036933,26141036975,0,0,-42
13058,0,26143039391,26143039424,0,0,-33
13059,0,26145041672,26145041713,0,0,-40
13060,0,26147043626,26147043648,0,0,-22
13061,0,26149045234,26149045220,0,0,14
13062,0,26151046862,26151046812,0,0,50
13063,0,26153049867,26153049856,0,0,11
13064,0,26155052824,26155052851,0,0,-26
13065,0,26157054182,26157054217,0,0,-35
13066,0,26159055970,26159056004,0,0,-33
13067,0,26161059145,26161059117,0,0,27
13068,0,26163061139,26163061105,0,0,33
13069,0,26165063813,26165063769,0,0,43
13070,0,26167065344,26167065321,0,0,23
13071,0,26169068038,26169068004,0,0,34
13072,0,26171069895,26171069864,0,0,31
13073,0,26173072124,26173072116,0,0,8
13074,0,26175074389,26175074419,0,0,-29
13075,0,26177076748,26177076780,0,0,-32
13076,0,26179079231,26179079258,0,0,-26
13077,0,26181081054,26181081125,0,0,-70
13078,0,26183083661,26183083696,0,0,-35
13079,0,26185085434,26185085451,0,0,-17
13080,0,26187087793,26187087832,0,0,-38
13081,0,26189090060,26189090084,0,0,-24
13082,0,26191092516,26191092480,0,0,35
13083,0,26193094651,26193094623,0,0,27
13084,0,26195096873,26195096829,0,0,43
13085,0,26197100142,26197100105,0,0,37
13086,0,26199101368,26199101328,0,0,39
13087,0,26201103292,26201103309,0,0,-16
13088,0,26203105949,26203105910,0,0,38
13089,0,26205107890,26205107859,0,0,31
13090,0,26207110350,26207110289,0,0,61
13091,0,26209112681,26209112646,0,0,35
13092,0,26211115367,26211115287,0,0,79
13093,0,26213117824,26213117817,0,0,7
13094,0,26215119208,26215119151,0,0,57
13095,0,26217121311,26217121255,0,0,56
13096,0,26219124192,26219124125,0,0,66
13097,0,26221125474,26221125483,0,0,-8
13098,0,26223127746,26223127755,0,0,-9
13099,0,26225130501,26225130514,0,0,-13
13100,0,26227132292,26227132225,0,0,66
13101,0,26229134616,26229134583,0,0,33
13102,0,26231137264,26231137215,0,0,48
13103,0,26233138966,26233138977,0,0,-11
13104,0,26235141465,26235141428,0,0,37
13105,0,26237145000,26237145022,0,0,-22
13106,0,26239145418,26239145449,0,0,-31
13107,0,26241147235,26241147213,0,0,22
13108,0,26243150165,26243150123,0,0,42
13109,0,26245152408,26245152357,0,0,51
13110,0,26247154524,26247154460,0,0,63
13111,0,26249156497,26249156459,0,0,38
13112,0,26251157987,26251157929,0,0,58
13113,0,26253161078,26253161011,0,0,67
13114,0,26255163263,26255163214,0,0,49
13115,0,26257166044,26257165988,0,0,56
13116,0,26259167939,26259167863,0,0,75
13117,0,26261170211,26261170174,0,0,37
13118,0,26263172906,26263172838,0,0,68
13119,0,26265174804,26265174759,0,0,44
13120,0,26267176836,26267176827,0,0,8
13121,0,26269178468,26269178475,0,0,-6
13122,0,26271180231,26271180245,0,0,-13
13123,0,26273184035,26273183984,0,0,51
13124,0,26275185695,26275185652,0,0,42
13125,0,26277188301,26277188245,0,0,55
13126,0,26279190384,26279190344,0,0,40
13127,0,26281192557,26281192523,0,0,34
13128,0,26283194618,26283194661,0,0,-42
13129,0,26285196722,26285196734,0,0,-12
13130,0,26287199291,26287199293,0,0,-2
13131,0,26289201355,26289201325,0,0,29
13132,0,26291203094,26291203017,0,0,76
13133,0,26293207253,26293207211,0,0,41
13134,0,26295208164,26295208201,0,0,-36
13135,0,26297210379,26297210334,0,0,44
13136,0,26299212346,26299212364,0,0,-18
13137,0,26301214457,26301214464,0,0,-6
13138,0,26303217075,26303217026,0,0,48
13139,0,26305219139,26305219149,0,0,-9
13140,0,26307221520,26307221505,0,0,14
13141,0,26309223658,26309223669,0,0,-11
13142,0,26311226421,26311226335,0,0,85
13143,0,26313227813,26313227793,0,0,19
13144,0,26315230103,26315230027,0,0,76
13145,0,26317232538,26317232576,0,0,-38
13146,0,26319234617,26319234653,0,0,-35
13147,0,26321236830,26321236871,0,0,-40
13148,0,26323239069,26323239008,0,0,60
13149,0,26325242250,26325242213,0,0,37
13150,0,26327243772,26327243702,0,0,69
13151,0,26329245534,26329245510,0,0,24
13152,0,26331248932,26331248885,0,0,47
13153,0,26333251577,26333251557,0,0,20
13154,0,26335252402,26335252392,0,0,9
13155,0,26337257077,26337257119,0,0,-42
13156,0,26339258074,26339258056,0,0,17
13157,0,26341259044,26341258996,0,0,47
13158,0,26343261067,26343261108,0,0,-40
13159,0,26345263231,26345263199,0,0,32
13160,0,26347265603,26347265638,0,0,-35
13161,0,26349268510,26349268555,0,0,-44
13162,0,26351270213,26351270227,0,0,-13
13163,0,26353271621,26353271647,0,0,-26
13164,0,26355275152,26355275146,0,0,6
13165,0,26357277640,26357277680,0,0,-40
13166,0,26359278263,26359278289,0,0,-26
13167,0,26361282437,26361282465,0,0,-28
13168,0,26363285838,26363285830,0,0,8
13169,0,26365286737,26365286770,0,0,-33
13170,0,26367288146,26367288084,0,0,62
13171,0,26369290474,26369290469,0,0,5
13172,0,26371292568,26371292607,0,0,-39
13173,0,26373294429,26373294489,0,0,-60
13174,0,26375296427,26375296436,0,0,-8
13175,0,26377299923,26377299901,0,0,21
13176,0,26379302438,26379302421,0,0,17
13177,0,26381303768,26381303741,0,0,26
13178,0,26383305991,26383305993,0,0,-1
13179,0,26385307660,26385307696,0,0,-36
13180,0,26387309348,26387309363,0,0,-14
13181,0,26389313143,26389313118,0,0,25
13182,0,26391315721,26391315663,0,0,58
13183,0,26393317253,26393317230,0,0,23
13184,0,26395319487,26395319448,0,0,39
13185,0,26397320988,26397320960,0,0,28
13186,0,26399322491,26399322460,0,0,31
13187,0,26401325690,26401325675,0,0,15
13188,0,26403328836,26403328808,0,0,28
13189,0,26405330366,26405330390,0,0,-23
13190,0,26407332918,26407332930,0,0,-11
13191,0,26409334461,26409334445,0,0,15
13192,0,26411336154,26411336195,0,0,-40
13193,0,26413339280,26413339319,0,0,-38
13194,0,26415341069,26415341089,0,0,-20
13195,0,26417342475,26417342462,0,0,12
13196,0,26419345642,26419345653,0,0,-10
13197,0,26421347310,26421347338,0,0,-27
13198,0,26423351556,26423351541,0,0,14
13199,0,26425352233,26425352207,0,0,26
13200,0,26427354003,26427353990,0,0,13
13201,0,26429356990,26429357046,0,0,-56
13202,0,26431359029,26431359021,0,0,8
13203,0,26433360197,26433360184,0,0,13
13204,0,26435363730,26435363704,0,0,25
13205,0,26437367202,26437367193,0,0,8
13206,0,26439368362,26439368314,0,0,48
13207,0,26441370288,26441370245,0,0,42
13208,0,26443372965,26443372930,0,0,35
13209,0,26445375260,26445375207,0,0,52
13210,0,26447377208,26447377161,0,0,47
13211,0,26449378931,26449378907,0,0,23
13212,0,26451380471,26451380422,0,0,49
13213,0,26453383871,26453383836,0,0,35
13214,0,26455386964,26455386917,0,0,46
13215,0,26457387678,26457387620,0,0,58
13216,0,26459389423,26459389328,0,0,94
13217,0,26461392367,26461392308,0,0,58
13218,0,26463394013,26463393959,0,0,53
13219,0,26465397691,26465397631,0,0,59
13220,0,26467399381,26467399335,0,0,45
13221,0,26469401870,26469401826,0,0,44
13222,0,26471403823,26471403815,0,0,8
13223,0,26473405876,26473405896,0,0,-20
13224,0,26475408105,26475408116,0,0,-10
13225,0,26477410599,26477410611,0,0,-11
13226,0,26479412652,26479412588,0,0,63
13227,0,26481414742,26481414764,0,0,-22
13228,0,26483417851,26483417814,0,0,36
13229,0,26485419489,26485419456,0,0,32
13230,0,26487423067,26487423021,0,0,46
13231,0,26489424312,26489424278,0,0,33
13232,0,26491426089,26491426020,0,0,69
13233,0,26493428078,26493428040,0,0,38
13234,0,26495429494,26495429479,0,0,15
13235,0,26497432923,26497432895,0,0,27
13236,0,26499435186,26499435151,0,0,34
13237,0,26501437166,26501437141,0,0,24
13238,0,26503439985,26503439930,0,0,54
13239,0,26505441631,26505441593,0,0,38
13240,0,26507443892,26507443925,0,0,-33
13241,0,26509445975,26509445995,0,0,-20
13242,0,26511448603,26511448537,0,0,66
13243,0,26513450536,26513450488,0,0,47
13244,0,26515452796,26515452745,0,0,51
13245,0,26517455225,26517455200,0,0,24
13246,0,26519458280,26519458209,0,0,71
13247,0,26521459903,26521459861,0,0,41
13248,0,26523462055,26523462015,0,0,40
13249,0,26525463980,26525463925,0,0,54
13250,0,26527466401,26527466360,0,0,40
13251,0,26529468545,26529468536,0,0,8
13252,0,26531470596,26531470556,0,0,40
13253,0,26533472552,26533472529,0,0,23
13254,0,26535475346,26535475294,0,0,51
13255,0,26537478530,26537478485,0,0,44
13256,0,26539479105,26539479114,0,0,-8
13257,0,26541480459,26541480468,0,0,-8
13258,0,26543483799,26543483705,0,0,93
13259,0,26545485818,26545485767,0,0,51
13260,0,26547487670,26547487572,0,0,98
13261,0,26549490860,26549490831,0,0,28
13262,0,26551493802,26551493733,0,0,68
13263,0,26553494822,26553494802,0,0,20
13264,0,26555497136,26555497078,0,0,58
13265,0,26557499360,26557499373,0,0,-13
13266,0,26559502280,26559502235,0,0,44
13267,0,26561503685,26561503633,0,0,51
13268,0,26563506244,26563506152,0,0,92
13269,0,26565508003,26565507958,0,0,44
13270,0,26567509396,26567509350,0,0,45
13271,0,26569512403,26569512383,0,0,20
13272,0,26571514033,26571513999,0,0,34
13273,0,26573516992,26573516975,0,0,16
13274,0,26575518465,26575518431,0,0,34
13275,0,26577521422,26577521406,0,0,15
13276,0,26579523330,26579523297,0,0,32
13277,0,26581526031,26581526026,0,0,4
13278,0,26583529068,26583529047,0,0,21
13279,0,26585530449,26585530444,0,0,5
13280,0,26587532981,26587533015,0,0,-33
13281,0,26589535147,26589535128,0,0,19
13282,0,26591537315,26591537365,0,0,-49
13283,0,26593540215,26593540188,0,0,27
13284,0,26595543109,26595543084,0,0,24
13285,0,26597544224,26597544196,0,0,28
13286,0,26599546460,26599546420,0,0,40
13287,0,26601548341,26601548318,0,0,23
13288,0,26603550688,26603550653,0,0,35
13289,0,26605552700,26605552662,0,0,38
13290,0,26607555663,26607555633,0,0,29
13291,0,26609556966,26609556921,0,0,44
13292,0,26611558491,26611558501,0,0,-10
13293,0,26613561562,26613561554,0,0,8
13294,0,26615565047,26615565042,0,0,4
13295,0,26617566298,26617566276,0,0,21
13296,0,26619568244,26619568193,0,0,51
13297,0,26621570314,26621570358,0,0,-43
13298,0,26623571925,26623571954,0,0,-29
13299,0,26625575608,26625575633,0,0,-24
13300,0,26627577218,26627577235,0,0,-17
13301,0,26629579280,26629579310,0,0,-30
13302,0,26631582106,26631582074,0,0,32
13303,0,26633583723,26633583716,0,0,6
13304,0,26635586876,26635586832,0,0,43
13305,0,26637590100,26637590060,0,0,40
13306,0,26639590818,26639590796,0,0,22
13307,0,26641592874,26641592858,0,0,15
13308,0,26643594831,26643594810,0,0,21
13309,0,26645595811,26645595777,0,0,34
13310,0,26647600055,26647600040,0,0,14
13311,0,26649601464,26649601425,0,0,38
13312,0,26651602947,26651602911,0,0,35
13313,0,26653606058,26653606029,0,0,28
13314,0,26655608988,26655608959,0,0,28
13315,0,26657611290,26657611274,0,0,15
13316,0,26659613296,26659613246,0,0,49
13317,0,26661614928,26661614908,0,0,19
13318,0,26663617478,26663617440,0,0,38
13319,0,26665619386,26665619378,0,0,8
13320,0,26667621952,26667621938,0,0,13
13321,0,26669623851,26669623818,0,0,32
13322,0,26671626415,26671626364,0,0,51
13323,0,26673628833,26673628825,0,0,8
13324,0,26675630669,26675630657,0,0,12
13325,0,26677632661,26677632641,0,0,20
13326,0,26679635339,26679635328,0,0,11
13327,0,26681637690,26681637658,0,0,31
13328,0,26683640414,26683640368,0,0,46
13329,0,26685642690,26685642683,0,0,7
13330,0,26687644296,26687644258,0,0,38
13331,0,26689645945,26689645977,0,0,-32
13332,0,26691647701,26691647710,0,0,-8
13333,0,26693650069,26693650058,0,0,11
13334,0,26695652176,26695652144,0,0,31
13335,0,26697654899,26697654844,0,0,55
13336,0,26699657226,26699657161,0,0,65
13337,0,26701660954,26701660864,0,0,89
13338,0,26703661917,26703661847,0,0,69
13339,0,26705664056,26705663985,0,0,71
13340,0,26707666555,26707666478,0,0,76
13341,0,26709668689,26709668629,0,0,59
13342,0,26711672440,26711672373,0,0,66
13343,0,26713672994,26713672968,0,0,25
13344,0,26715676035,26715675986,0,0,49
13345,0,26717678413,26717678374,0,0,38
13346,0,26719680332,26719680294,0,0,38
13347,0,26721682035,26721682008,0,0,27
13348,0,26723684308,26723684240,0,0,67
13349,0,26725685968,26725685995,0,0,-26
13350,0,26727688126,26727688098,0,0,28
13351,0,26729691225,26729691197,0,0,27
13352,0,26731692723,26731692699,0,0,24
13353,0,26733693907,26733693886,0,0,21
13354,0,26735696188,26735696139,0,0,49
13355,0,26737699757,26737699739,0,0,17
13356,0,26739701727,26739701761,0,0,-33
13357,0,26741703809,26741703820,0,0,-11
13358,0,26743705188,26743705159,0,0,29
13359,0,26745709645,26745709606,0,0,38
13360,0,26747711039,26747710979,0,0,60
13361,0,26749713280,26749713247,0,0,32
13362,0,26751715826,26751715791,0,0,35
13363,0,26753717571,26753717537,0,0,34
13364,0,26755719485,26755719453,0,0,31
13365,0,26757720733,26757720749,0,0,-15
13366,0,26759724314,26759724248,0,0,66
13367,0,26761726402,26761726372,0,0,29
13368,0,26763728880,26763728900,0,0,-20
13369,0,26765730804,26765730768,0,0,35
13370,0,26767733139,26767733105,0,0,33
13371,0,26769735232,26769735193,0,0,39
13372,0,26771737850,26771737802,0,0,47
13373,0,26773739825,26773739789,0,0,35
13374,0,26775742156,26775742170,0,0,-14
13375,0,26777745389,26777745350,0,0,39
13376,0,26779746219,26779746189,0,0,29
13377,0,26781748784,26781748799,0,0,-14
13378,0,26783751510,26783751472,0,0,38
13379,0,26785753746,26785753716,0,0,29
13380,0,26787755333,26787755261,0,0,71
13381,0,26789757490,26789757460,0,0,29
13382,0,26791759788,26791759728,0,0,60
13383,0,26793761940,26793761951,0,0,-11
13384,0,26795763716,26795763737,0,0,-20
13385,0,26797764940,26797764944,0,0,-4
13386,0,26799767942,26799767871,0,0,71
13387,0,26801770584,26801770533,0,0,51
13388,0,26803772863,26803772788,0,0,75
13389,0,26805774742,26805774697,0,0,44
13390,0,26807776543,26807776489,0,0,53
13391,0,26809779636,26809779577,0,0,59
13392,0,26811781987,26811781936,0,0,51
13393,0,26813784109,26813784059,0,0,49
13394,0,26815787425,26815787359,0,0,66
13395,0,26817789561,26817789507,0,0,53
13396,0,26819790867,26819790859,0,0,7
13397,0,26821792944,26821792956,0,0,-11
13398,0,26823795373,26823795399,0,0,-26
13399,0,26825797673,26825797635,0,0,37
13400,0,26827799714,26827799683,0,0,31
13401,0,26829802194,26829802166,0,0,28
13402,0,26831804229,26831804244,0,0,-15
13403,0,26833806150,26833806112,0,0,38
13404,0,26835808565,26835808509,0,0,56
13405,0,26837812233,26837812183,0,0,49
13406,0,26839813600,26839813530,0,0,70
13407,0,26841816041,26841815999,0,0,42
13408,0,26843816842,26843816775,0,0,66
13409,0,26845819768,26845819717,0,0,51
13410,0,26847822321,26847822286,0,0,34
13411,0,26849824365,26849824323,0,0,42
13412,0,26851826548,26851826471,0,0,76
13413,0,26853828324,26853828279,0,0,44
13414,0,26855830029,26855830039,0,0,-9
13415,0,26857833463,26857833499,0,0,-35
13416,0,26859835525,26859835531,0,0,-5
13417,0,26861837549,26861837593,0,0,-43
13418,0,26863839896,26863839815,0,0,80
13419,0,26865841937,26865841897,0,0,40
13420,0,26867843973,26867843898,0,0,74
13421,0,26869845534,26869845496,0,0,38
13422,0,26871849141,26871849069,0,0,71
13423,0,26873851966,26873851946,0,0,19
13424,0,26875853503,26875853448,0,0,55
13425,0,26877855166,26877855182,0,0,-16
13426,0,26879856419,26879856438,0,0,-19
13427,0,26881859624,26881859596,0,0,27
13428,0,26883862037,26883862051,0,0,-13
13429,0,26885863620,26885863651,0,0,-31
13430,0,26887865273,26887865285,0,0,-11
13431,0,26889867711,26889867740,0,0,-29
13432,0,26891871240,26891871264,0,0,-24
13433,0,26893872638,26893872660,0,0,-22
13434,0,26895874064,26895874089,0,0,-25
13435,0,26897876593,26897876624,0,0,-30
13436,0,26899879791,26899879815,0,0,-24
13437,0,26901882358,26901882391,0,0,-33
13438,0,26903885013,26903885000,0,0,13
13439,0,26905887719,26905887761,0,0,-42
13440,0,26907888830,26907888872,0,0,-42
13441,0,26909890642,26909890671,0,0,-29
13442,0,26911892408,26911892375,0,0,32
13443,0,26913896310,26913896284,0,0,25
13444,0,26915898658,26915898629,0,0,29
13445,0,26917900382,26917900375,0,0,7
13446,0,26919902301,26919902264,0,0,36
13447,0,26921904899,26921904871,0,0,27
13448,0,26923906797,26923906733,0,0,63
13449,0,26925908505,26925908476,0,0,29
13450,0,26927909938,26927909874,0,0,64
13451,0,26929913567,26929913537,0,0,29
13452,0,26931915892,26931915855,0,0,36
13453,0,26933917482,26933917426,0,0,56
13454,0,26935918802,26935918743,0,0,58
13455,0,26937924134,26937924130,0,0,4
13456,0,26939924535,26939924548,0,0,-13
13457,0,26941926732,26941926711,0,0,20
13458,0,26943928689,26943928658,0,0,31
13459,0,26945931000,26945931062,0,0,-62
13460,0,26947933866,26947933861,0,0,4
13461,0,26949935431,26949935467,0,0,-35
13462,0,26951938173,26951938156,0,0,16
13463,0,26953940168,26953940137,0,0,30
13464,0,26955942430,26955942391,0,0,39
13465,0,26957944728,26957944691,0,0,36
13466,0,26959946568,26959946538,0,0,30
13467,0,26961948532,26961948586,0,0,-53
13468,0,26963951102,26963951026,0,0,75
13469,0,26965952840,26965952796,0,0,44
13470,0,26967954702,26967954668,0,0,33
13471,0,26969958965,26969958943,0,0,21
13472,0,26971960334,26971960280,0,0,53
13473,0,26973962212,26973962238,0,0,-25
13474,0,26975964410,26975964375,0,0,34
13475,0,26977967721,26977967689,0,0,31
13476,0,26979970307,26979970233,0,0,74
13477,0,26981971164,26981971121,0,0,42
13478,0,26983973534,26983973473,0,0,60
13479,0,26985975946,26985975890,0,0,55
13480,0,26987977767,26987977717,0,0,49
13481,0,26989979932,26989979891,0,0,41
13482,0,26991982036,26991981973,0,0,63
13483,0,26993984123,26993984085,0,0,38
13484,0,26995985702,26995985741,0,0,-38
13485,0,26997988756,26997988785,0,0,-29
13486,0,26999990868,26999990882,0,0,-13
13487,0,27001992913,27001992929,0,0,-15
13488,0,27003996706,27003996665,0,0,40
13489,0,27005999092,27005999063,0,0,29
13490,0,27007999737,27007999702,0,0,34
13491,0,27010001130,27010001076,0,0,53
13492,0,27012004797,27012004745,0,0,51
13493,0,27014006503,27014006473,0,0,29
13494,0,27016009078,27016009043,0,0,35
13495,0,27018011305,27018011269,0,0,36
13496,0,27020013376,27020013316,0,0,59
13497,0,27022015970,27022015946,0,0,23
13498,0,27024017898,27024017917,0,0,-19
13499,0,27026019638,27026019656,0,0,-18
13500,0,27028021050,27028021042,0,0,8
13501,0,27030024216,27030024175,0,0,41
13502,0,27032025853,27032025827,0,0,25
13503,0,27034028703,27034028675,0,0,28
13504,0,27036031335,27036031327,0,0,8
13505,0,27038034749,27038034734,0,0,15
13506,0,27040035424,27040035398,0,0,26
13507,0,27042037431,27042037408,0,0,22
13508,0,27044039252,27044039188,0,0,63
13509,0,27046042458,27046042420,0,0,37
13510,0,27048044343,27048044328,0,0,15
13511,0,27050047008,27050046964,0,0,44
13512,0,27052049626,27052049591,0,0,35
13513,0,27054051525,27054051499,0,0,26
13514,0,27056053606,27056053532,0,0,74
13515,0,27058055472,27058055458,0,0,14
13516,0,27060056747,27060056701,0,0,45
13517,0,27062059839,27062059815,0,0,23
13518,0,27064061272,27064061227,0,0,44
13519,0,27066064015,27066063988,0,0,27
13520,0,27068066876,27068066816,0,0,60
13521,0,27070068896,27070068866,0,0,29
13522,0,27072071385,27072071371,0,0,13
13523,0,27074073641,27074073633,0,0,8
13524,0,27076075474,27076075426,0,0,47
13525,0,27078078130,27078078104,0,0,25
13526,0,27080080186,27080080153,0,0,32
13527,0,27082082688,27082082649,0,0,39
13528,0,27084084671,27084084644,0,0,27
13529,0,27086087210,27086087159,0,0,51
13530,0,27088088789,27088088814,0,0,-24
13531,0,27090091046,27090091059,0,0,-13
13532,0,27092094038,27092094000,0,0,38
13533,0,27094095921,27094095896,0,0,24
13534,0,27096097826,27096097775,0,0,51
13535,0,27098099873,27098099835,0,0,38
13536,0,27100102465,27100102410,0,0,55
13537,0,27102104469,27102104456,0,0,13
13538,0,27104106651,27104106620,0,0,31
13539,0,27106110209,27106110172,0,0,37
13540,0,27108112918,27108112884,0,0,33
13541,0,27110113135,27110113100,0,0,35
13542,0,27112114886,27112114916,0,0,-30
13543,0,27114118667,27114118636,0,0,31
13544,0,27116120777,27116120736,0,0,41
13545,0,27118121229,27118121191,0,0,38
13546,0,27120124667,27120124629,0,0,38
13547,0,27122126575,27122126547,0,0,27
13548,0,27124129310,27124129276,0,0,33
13549,0,27126130658,27126130680,0,0,-22
13550,0,27128132404,27128132440,0,0,-35
13551,0,27130135912,27130135942,0,0,-29
13552,0,27132138774,27132138832,0,0,-58
13553,0,27134140051,27134140000,0,0,51
13554,0,27136142369,27136142333,0,0,35
13555,0,27138146231,27138146211,0,0,19
13556,0,27140147101,27140147077,0,0,23
13557,0,27142148500,27142148467,0,0,33
13558,0,27144150570,27144150536,0,0,34
13559,0,27146154221,27146154189,0,0,31
13560,0,27148155534,27148155505,0,0,28
13561,0,27150158195,27150158191,0,0,4
13562,0,27152160696,27152160727,0,0,-30
13563,0,27154162859,27154162906,0,0,-47
13564,0,27156165043,27156165006,0,0,36
13565,0,27158166663,27158166635,0,0,27
13566,0,27160168777,27160168771,0,0,6
13567,0,27162170642,27162170629,0,0,13
13568,0,27164174343,27164174412,0,0,-69
13569,0,27166175793,27166175773,0,0,19
13570,0,27168178811,27168178802,0,0,9
13571,0,27170182514,27170182474,0,0,40
13572,0,27172183625,27172183575,0,0,50
13573,0,27174184549,27174184593,0,0,-44
13574,0,27176186624,27176186653,0,0,-29
13575,0,27178189683,27178189734,0,0,-51
13576,0,27180191288,27180191329,0,0,-40
13577,0,27182193039,27182193026,0,0,12
13578,0,27184194250,27184194229,0,0,20
13579,0,27186196822,27186196817,0,0,4
13580,0,27188200103,27188200096,0,0,7
13581,0,27190202122,27190202116,0,0,6
13582,0,27192203574,27192203537,0,0,37
13583,0,27194206943,27194206892,0,0,51
13584,0,27196209321,27196209278,0,0,42
13585,0,27198211621,27198211585,0,0,35
13586,0,27200213223,27200213235,0,0,-12
13587,0,27202214540,27202214555,0,0,-14
13588,0,27204217888,27204217829,0,0,59
13589,0,27206220384,27206220349,0,0,34
13590,0,27208222540,27208222498,0,0,42
13591,0,27210224215,27210224186,0,0,29
13592,0,27212225768,27212225726,0,0,42
13593,0,27214228883,27214228860,0,0,23
13594,0,27216230246,27216230208,0,0,38
13595,0,27218233312,27218233277,0,0,34
13596,0,27220235152,27220235108,0,0,44
13597,0,27222237905,27222237921,0,0,-15
13598,0,27224240515,27224240532,0,0,-16
13599,0,27226242158,27226242185,0,0,-26
13600,0,27228244683,27228244705,0,0,-22
13601,0,27230246629,27230246651,0,0,-22
13602,0,27232248712,27232248684,0,0,28
13603,0,27234252359,27234252391,0,0,-31
13604,0,27236255005,27236254929,0,0,76
13605,0,27238257151,27238257176,0,0,-24
13606,0,27240258040,27240258029,0,0,11
13607,0,27242260152,27242260114,0,0,37
13608,0,27244263029,27244262991,0,0,38
13609,0,27246264835,27246264795,0,0,40
13610,0,27248266864,27248266807,0,0,56
13611,0,27250269088,27250269046,0,0,42
13612,0,27252271325,27252271260,0,0,65
13613,0,27254273643,27254273606,0,0,37
13614,0,27256275894,27256275827,0,0,67
13615,0,27258277945,27258277893,0,0,51
13616,0,27260279952,27260279906,0,0,45
13617,0,27262281245,27262281195,0,0,49
13618,0,27264284140,27264284091,0,0,49
13619,0,27266286851,27266286795,0,0,56
13620,0,27268289743,27268289712,0,0,31
13621,0,27270291167,27270291123,0,0,43
13622,0,27272292718,27272292677,0,0,40
13623,0,27274296166,27274296118,0,0,48
13624,0,27276298197,27276298175,0,0,21
13625,0,27278300299,27278300273,0,0,26
13626,0,27280302759,27280302733,0,0,25
13627,0,27282304937,27282304909,0,0,27
13628,0,27284307739,27284307686,0,0,52
13629,0,27286309097,27286309110,0,0,-12
13630,0,27288311211,27288311242,0,0,-30
13631,0,27290312542,27290312564,0,0,-22
13632,0,27292317073,27292317089,0,0,-16
13633,0,27294318343,27294318296,0,0,47
13634,0,27296319876,27296319846,0,0,29
13635,0,27298322483,27298322438,0,0,44
13636,0,27300326042,27300326033,0,0,8
13637,0,27302326500,27302326448,0,0,51
13638,0,27304328206,27304328247,0,0,-40
13639,0,27306331239,27306331211,0,0,27
13640,0,27308333654,27308333629,0,0,24
13641,0,27310335567,27310335519,0,0,47
13642,0,27312336815,27312336750,0,0,65
13643,0,27314339386,27314339346,0,0,40
13644,0,27316342399,27316342369,0,0,29
13645,0,27318343604,27318343613,0,0,-9
13646,0,27320346777,27320346723,0,0,53
13647,0,27322349563,27322349516,0,0,46
13648,0,27324353314,27324353291,0,0,23
13649,0,27326353668,27326353641,0,0,26
13650,0,27328355805,27328355773,0,0,32
13651,0,27330358287,27330358241,0,0,46
13652,0,27332360322,27332360330,0,0,-7
13653,0,27334362076,27334362107,0,0,-31
13654,0,27336364165,27336364193,0,0,-28
13655,0,27338368340,27338368311,0,0,29
13656,0,27340369512,27340369485,0,0,27
13657,0,27342371128,27342371087,0,0,40
13658,0,27344372707,27344372692,0,0,15
13659,0,27346375929,27346375955,0,0,-25
13660,0,27348379156,27348379177,0,0,-20
13661,0,27350381226,27350381269,0,0,-42
13662,0,27352382289,27352382313,0,0,-24
13663,0,27354383493,27354383471,0,0,21
13664,0,27356387065,27356387098,0,0,-32
13665,0,27358390319,27358390282,0,0,37
13666,0,27360392999,27360392951,0,0,47
13667,0,27362394084,27362394103,0,0,-18
13668,0,27364395981,27364395947,0,0,33
13669,0,27366397925,27366397893,0,0,32
13670,0,27368399993,27368399941,0,0,51
13671,0,27370402563,27370402514,0,0,49
13672,0,27372405207,27372405159,0,0,47
13673,0,27374406978,27374406942,0,0,35
13674,0,27376409350,27376409280,0,0,70
13675,0,27378411265,27378411228,0,0,37
13676,0,27380413184,27380413144,0,0,40
13677,0,27382415798,27382415759,0,0,39
13678,0,27384416940,27384416910,0,0,29
13679,0,27386419147,27386419107,0,0,39
13680,0,27388422501,27388422461,0,0,39
13681,0,27390425764,27390425737,0,0,26
13682,0,27392427501,27392427465,0,0,36
13683,0,27394429426,27394429466,0,0,-40
13684,0,27396431787,27396431810,0,0,-22
13685,0,27398433252,27398433281,0,0,-29
13686,0,27400435214,27400435168,0,0,46
13687,0,27402438343,27402438298,0,0,44
13688,0,27404440898,27404440853,0,0,45
13689,0,27406442490,27406442422,0,0,67
13690,0,27408443898,27408443850,0,0,48
13691,0,27410447287,27410447229,0,0,58
13692,0,27412450116,27412450055,0,0,61
13693,0,27414451612,27414451620,0,0,-8
13694,0,27416454206,27416454175,0,0,31
13695,0,27418456053,27418456044,0,0,8
13696,0,27420458103,27420458072,0,0,30
13697,0,27422460572,27422460564,0,0,7
13698,0,27424463269,27424463246,0,0,23
13699,0,27426466112,27426466154,0,0,-42
13700,0,27428468478,27428468521,0,0,-42
13701,0,27430469689,27430469678,0,0,11
13702,0,27432471943,27432471912,0,0,31
13703,0,27434474260,27434474233,0,0,26
13704,0,27436476784,27436476766,0,0,17
13705,0,27438479667,27438479633,0,0,33
13706,0,27440480419,27440480391,0,0,27
13707,0,27442482754,27442482726,0,0,27
13708,0,27444484931,27444484908,0,0,22
13709,0,27446487360,27446487316,0,0,43
13710,0,27448489781,27448489746,0,0,34
13711,0,27450491520,27450491564,0,0,-43
13712,0,27452493908,27452493889,0,0,19
13713,0,27454496294,27454496255,0,0,39
13714,0,27456498216,27456498203,0,0,13
13715,0,27458500400,27458500445,0,0,-44
13716,0,27460502885,27460502867,0,0,17
13717,0,27462505193,27462505162,0,0,31
13718,0,27464507238,27464507189,0,0,48
13719,0,27466509598,27466509540,0,0,58
13720,0,27468511953,27468511887,0,0,66
13721,0,27470513523,27470513489,0,0,34
13722,0,27472515629,27472515579,0,0,49
13723,0,27474518323,27474518283,0,0,39
13724,0,27476520425,27476520387,0,0,38
13725,0,27478522701,27478522738,0,0,-36
13726,0,27480524887,27480524917,0,0,-30
13727,0,27482527242,27482527267,0,0,-25
13728,0,27484529761,27484529766,0,0,-4
13729,0,27486532422,27486532447,0,0,-24
13730,0,27488533432,27488533403,0,0,29
13731,0,27490536267,27490536228,0,0,39
13732,0,27492538778,27492538790,0,0,-11
13733,0,27494540226,27494540236,0,0,-10
13734,0,27496542269,27496542281,0,0,-11
13735,0,27498544547,27498544574,0,0,-26
13736,0,27500546716,27500546740,0,0,-24
13737,0,27502549353,27502549375,0,0,-21
13738,0,27504552047,27504552031,0,0,15
13739,0,27506553832,27506553794,0,0,38
13740,0,27508555952,27508555885,0,0,67
13741,0,27510557146,27510557119,0,0,27
13742,0,27512559871,27512559817,0,0,54
13743,0,27514563042,27514562996,0,0,46
13744,0,27516565148,27516565101,0,0,47
13745,0,27518568576,27518568568,0,0,8
13746,0,27520569421,27520569384,0,0,37
13747,0,27522572157,27522572112,0,0,44
13748,0,27524574020,27524574000,0,0,20
13749,0,27526576335,27526576302,0,0,33
13750,0,27528578837,27528578809,0,0,27
13751,0,27530580339,27530580294,0,0,44
13752,0,27532582208,27532582148,0,0,60
13753,0,27534585076,27534585026,0,0,49
13754,0,27536587342,27536587298,0,0,44
13755,0,27538590909,27538590871,0,0,38
13756,0,27540592071,27540592005,0,0,66
13757,0,27542594209,27542594169,0,0,40
13758,0,27544596063,27544596014,0,0,49
13759,0,27546598664,27546598632,0,0,31
13760,0,27548600912,27548600851,0,0,60
13761,0,27550603942,27550603911,0,0,31
13762,0,27552605189,27552605138,0,0,51
13763,0,27554608351,27554608309,0,0,42
13764,0,27556610872,27556610841,0,0,31
13765,0,27558611438,27558611403,0,0,34
13766,0,27560613357,27560613303,0,0,53
13767,0,27562615896,27562615851,0,0,44
13768,0,27564618013,27564617985,0,0,28
13769,0,27566620567,27566620510,0,0,56
13770,0,27568622834,27568622761,0,0,72
13771,0,27570624855,27570624811,0,0,43
13772,0,27572625980,27572626013,0,0,-33
13773,0,27574628606,27574628561,0,0,44
13774,0,27576632202,27576632180,0,0,21
13775,0,27578633852,27578633820,0,0,31
13776,0,27580636339,27580636301,0,0,38
13777,0,27582638963,27582638933,0,0,29
13778,0,27584641006,27584640983,0,0,23
13779,0,27586643507,27586643451,0,0,56
13780,0,27588645082,27588645044,0,0,38
13781,0,27590647137,27590647115,0,0,22
13782,0,27592648649,27592648629,0,0,19
13783,0,27594651607,27594651573,0,0,34
13784,0,27596654356,27596654310,0,0,46
13785,0,27598656244,27598656217,0,0,27
13786,0,27600657917,27600657891,0,0,26
13787,0,27602660150,27602660113,0,0,36
13788,0,27604663200,27604663179,0,0,21
13789,0,27606665694,27606665656,0,0,38
13790,0,27608667386,27608667359,0,0,26
13791,0,27610668898,27610668860,0,0,38
13792,0,27612670839,27612670787,0,0,51
13793,0,27614674920,27614674888,0,0,31
13794,0,27616676523,27616676502,0,0,20
13795,0,27618679304,27618679266,0,0,38
13796,0,27620681725,27620681685,0,0,39
13797,0,27622682303,27622682277,0,0,26
13798,0,27624684711,27624684660,0,0,51
13799,0,27626687693,27626687645,0,0,47
13800,0,27628689614,27628689572,0,0,42
13801,0,27630691834,27630691859,0,0,-24
13802,0,27632693697,27632693663,0,0,33
13803,0,27634695479,27634695422,0,0,57
13804,0,27636698637,27636698582,0,0,55
13805,0,27638701801,27638701785,0,0,15
13806,0,27640701577,27640701532,0,0,44
13807,0,27642703895,27642703885,0,0,9
13808,0,27644707269,27644707203,0,0,66
13809,0,27646710680,27646710633,0,0,47
13810,0,27648712061,27648712010,0,0,51
13811,0,27650713902,27650713910,0,0,-8
13812,0,27652716435,27652716449,0,0,-14
13813,0,27654718280,27654718293,0,0,-12
13814,0,27656719519,27656719572,0,0,-53
13815,0,27658721558,27658721591,0,0,-33
13816,0,27660724648,27660724704,0,0,-56
13817,0,27662727732,27662727705,0,0,27
13818,0,27664729634,27664729676,0,0,-42
13819,0,27666731723,27666731768,0,0,-44
13820,0,27668733866,27668733917,0,0,-51
13821,0,27670735024,27670735071,0,0,-47
13822,0,27672737662,27672737671,0,0,-8
13823,0,27674740696,27674740649,0,0,47
13824,0,27676743121,27676743090,0,0,31
13825,0,27678746148,27678746090,0,0,58
13826,0,27680747741,27680747714,0,0,26
13827,0,27682749543,27682749492,0,0,51
13828,0,27684752179,27684752149,0,0,29
13829,0,27686754032,27686753977,0,0,55
13830,0,27688756395,27688756377,0,0,17
13831,0,27690758655,27690758631,0,0,24
13832,0,27692761656,27692761618,0,0,38
13833,0,27694762958,27694762938,0,0,20
13834,0,27696765511,27696765553,0,0,-42
13835,0,27698767054,27698767041,0,0,13
13836,0,27700769128,27700769098,0,0,29
13837,0,27702771496,27702771476,0,0,19
13838,0,27704773147,27704773137,0,0,9
13839,0,27706776022,27706775998,0,0,23
13840,0,27708778312,27708778280,0,0,31
13841,0,27710782442,27710782431,0,0,11
13842,0,27712783422,27712783417,0,0,5
13843,0,27714785505,27714785477,0,0,27
13844,0,27716787415,27716787387,0,0,28
13845,0,27718789393,27718789388,0,0,4
13846,0,27720790863,27720790823,0,0,40
13847,0,27722793970,27722793937,0,0,33
13848,0,27724796280,27724796242,0,0,38
13849,0,27726798476,27726798436,0,0,40
13850,0,27728801247,27728801197,0,0,49
13851,0,27730802905,27730802873,0,0,31
13852,0,27732805256,27732805202,0,0,53
13853,0,27734807371,27734807325,0,0,46
13854,0,27736810117,27736810079,0,0,38
13855,0,27738813758,27738813719,0,0,39
13856,0,27740814532,27740814558,0,0,-26
13857,0,27742816196,27742816221,0,0,-24
13858,0,27744819114,27744819076,0,0,38
13859,0,27746822184,27746822143,0,0,40
13860,0,27748824483,27748824442,0,0,40
13861,0,27750825285,27750825229,0,0,56
13862,0,27752827869,27752827831,0,0,38
13863,0,27754829799,27754829761,0,0,38
13864,0,27756831749,27756831784,0,0,-35
13865,0,27758833298,27758833261,0,0,37
13866,0,27760836672,27760836712,0,0,-39
13867,0,27762838561,27762838531,0,0,29
13868,0,27764841114,27764841103,0,0,11
13869,0,27766843365,27766843382,0,0,-17
13870,0,27768845647,27768845608,0,0,38
13871,0,27770847666,27770847629,0,0,37
13872,0,27772850168,27772850110,0,0,58
13873,0,27774851817,27774851788,0,0,29
13874,0,27776854802,27776854849,0,0,-47
13875,0,27778856665,27778856615,0,0,49
13876,0,27780859195,27780859197,0,0,-2
13877,0,27782860900,27782860849,0,0,50
13878,0,27784863615,27784863590,0,0,25
13879,0,27786865472,27786865444,0,0,28
13880,0,27788867797,27788867759,0,0,38
13881,0,27790869631,27790869613,0,0,17
13882,0,27792872532,27792872510,0,0,22
13883,0,27794873981,27794874014,0,0,-33
13884,0,27796875642,27796875612,0,0,29
13885,0,27798878579,27798878567,0,0,12
13886,0,27800880946,27800880906,0,0,39
13887,0,27802883256,27802883220,0,0,35
13888,0,27804885739,27804885681,0,0,58
13889,0,27806888065,27806888056,0,0,8
13890,0,27808891051,27808890982,0,0,68
13891,0,27810892094,27810892079,0,0,15
13892,0,27812894552,27812894582,0,0,-29
13893,0,27814897073,27814897041,0,0,31
13894,0,27816898880,27816898910,0,0,-29
13895,0,27818900720,27818900759,0,0,-39
13896,0,27820903020,27820902973,0,0,47
13897,0,27822904294,27822904278,0,0,15
13898,0,27824907742,27824907719,0,0,23
13899,0,27826909685,27826909654,0,0,31
13900,0,27828912343,27828912292,0,0,51
13901,0,27830914540,27830914529,0,0,11
13902,0,27832916393,27832916361,0,0,31
13903,0,27834918751,27834918715,0,0,35
13904,0,27836920808,27836920763,0,0,45
13905,0,27838923685,27838923626,0,0,58
13906,0,27840926532,27840926501,0,0,31
13907,0,27842928011,27842927989,0,0,22
13908,0,27844930049,27844930013,0,0,35
13909,0,27846931862,27846931881,0,0,-19
13910,0,27848933568,27848933542,0,0,26
13911,0,27850936546,27850936532,0,0,14
13912,0,27852939734,27852939705,0,0,29
13913,0,27854942075,27854942056,0,0,19
13914,0,27856943334,27856943289,0,0,45
13915,0,27858945617,27858945642,0,0,-25
13916,0,27860947627,27860947631,0,0,-4
13917,0,27862949790,27862949825,0,0,-35
13918,0,27864952317,27864952346,0,0,-28
13919,0,27866954202,27866954234,0,0,-32
13920,0,27868956824,27868956840,0,0,-15
13921,0,27870959004,27870959043,0,0,-38
13922,0,27872962077,27872962083,0,0,-6
13923,0,27874963722,27874963750,0,0,-27
13924,0,27876965579,27876965556,0,0,22
13925,0,27878967808,27878967755,0,0,52
13926,0,27880970624,27880970581,0,0,43
13927,0,27882972104,27882972079,0,0,24
13928,0,27884974537,27884974499,0,0,38
13929,0,27886976372,27886976348,0,0,23
13930,0,27888978159,27888978115,0,0,44
13931,0,27890981408,27890981389,0,0,19
13932,0,27892983320,27892983296,0,0,23
13933,0,27894985841,27894985833,0,0,8
13934,0,27896987669,27896987632,0,0,37
13935,0,27898990139,27898990130,0,0,8
13936,0,27900992506,27900992534,0,0,-27
13937,0,27902994378,27902994443,0,0,-65
13938,0,27904997716,27904997678,0,0,38
13939,0,27906998561,27906998537,0,0,23
13940,0,27909000078,27909000056,0,0,21
13941,0,27911003334,27911003296,0,0,38
13942,0,27913005703,27913005665,0,0,38
13943,0,27915008064,27915008017,0,0,47
13944,0,27917010205,27917010152,0,0,53
13945,0,27919012179,27919012141,0,0,38
13946,0,27921014575,27921014547,0,0,28
13947,0,27923016701,27923016701,0,0,0
13948,0,27925018719,27925018689,0,0,30
13949,0,27927020194,27927020141,0,0,53
13950,0,27929023825,27929023814,0,0,11
13951,0,27931025435,27931025415,0,0,20
13952,0,27933028223,27933028179,0,0,43
13953,0,27935029675,27935029650,0,0,24
13954,0,27937032469,27937032440,0,0,29
13955,0,27939036990,27939036945,0,0,44
13956,0,27941038179,27941038146,0,0,33
13957,0,27943039208,27943039200,0,0,8
13958,0,27945040810,27945040770,0,0,39
13959,0,27947042244,27947042272,0,0,-28
13960,0,27949046033,27949046046,0,0,-12
13961,0,27951047826,27951047810,0,0,16
13962,0,27953049651,27953049627,0,0,23
13963,0,27955051428,27955051390,0,0,38
13964,0,27957054669,27957054615,0,0,54
13965,0,27959056948,27959056922,0,0,25
13966,0,27961059525,27961059484,0,0,41
13967,0,27963061386,27963061426,0,0,-40
13968,0,27965064460,27965064408,0,0,51
13969,0,27967067416,27967067382,0,0,34
13970,0,27969068990,27969068953,0,0,36
13971,0,27971069878,27971069902,0,0,-24
13972,0,27973072662,27973072691,0,0,-29
13973,0,27975074294,27975074278,0,0,15
13974,0,27977075829,27977075842,0,0,-12
13975,0,27979079300,27979079330,0,0,-30
13976,0,27981081074,27981081085,0,0,-11
13977,0,27983083440,27983083400,0,0,40
13978,0,27985085610,27985085566,0,0,43
13979,0,27987087869,27987087811,0,0,58
13980,0,27989090644,27989090604,0,0,40
13981,0,27991092284,27991092316,0,0,-32
13982,0,27993094671,27993094656,0,0,15
13983,0,27995096534,27995096484,0,0,50
13984,0,27997098634,27997098574,0,0,60
13985,0,27999101281,27999101337,0,0,-55
13986,0,28001104552,28001104507,0,0,44
13987,0,28003106646,28003106615,0,0,31
13988,0,28005109193,28005109158,0,0,34
13989,0,28007110011,28007109964,0,0,46
13990,0,28009113055,28009113006,0,0,48
13991,0,28011114603,28011114572,0,0,31
13992,0,28013116755,28013116748,0,0,7
13993,0,28015119334,28015119369,0,0,-35
13994,0,28017121139,28017121188,0,0,-49
13995,0,28019123593,28019123573,0,0,20
13996,0,28021125795,28021125748,0,0,46
13997,0,28023127838,28023127786,0,0,51
13998,0,28025130213,28025130218,0,0,-5
13999,0,28027132380,28027132319,0,0,60
14000,0,28029134577,28029134489,0,0,88
14001,0,28031136608,28031136541,0,0,67
14002,0,28033140518,28033140460,0,0,58
14003,0,28035141079,28035141015,0,0,63
14004,0,28037142396,28037142348,0,0,48
14005,0,28039147070,28039146999,0,0,71
14006,0,28041148510,28041148472,0,0,38
14007,0,28043150343,28043150287,0,0,56
14008,0,28045152505,28045152451,0,0,53
14009,0,28047154366,28047154287,0,0,78
14010,0,28049156117,28049156067,0,0,49
14011,0,28051158887,28051158829,0,0,58
14012,0,28053161159,28053161114,0,0,45
14013,0,28055163292,28055163245,0,0,46
14014,0,28057164564,28057164519,0,0,44
14015,0,28059167842,28059167788,0,0,53
14016,0,28061170355,28061170309,0,0,46
14017,0,28063172200,28063172152,0,0,47
14018,0,28065174195,28065174184,0,0,11
14019,0,28067176373,28067176388,0,0,-14
14020,0,28069179541,28069179569,0,0,-28
14021,0,28071181100,28071181034,0,0,65
14022,0,28073183140,28073183091,0,0,49
14023,0,28075185635,28075185591,0,0,44
14024,0,28077187932,28077187948,0,0,-15
14025,0,28079190310,28079190325,0,0,-15
14026,0,28081192975,28081192939,0,0,35
14027,0,28083194467,28083194483,0,0,-15
14028,0,28085196802,28085196741,0,0,60
14029,0,28087198969,28087198999,0,0,-29
14030,0,28089201289,28089201313,0,0,-24
14031,0,28091203976,28091203995,0,0,-19
14032,0,28093205833,28093205876,0,0,-42
14033,0,28095207622,28095207654,0,0,-31
14034,0,28097208992,28097209003,0,0,-11
14035,0,28099212262,28099212296,0,0,-34
14036,0,28101214705,28101214669,0,0,35
14037,0,28103216564,28103216538,0,0,26
14038,0,28105218035,28105218013,0,0,22
14039,0,28107221665,28107221651,0,0,13
14040,0,28109223501,28109223425,0,0,76
14041,0,28111225545,28111225520,0,0,24
14042,0,28113227322,28113227312,0,0,10
14043,0,28115230587,28115230562,0,0,24
14044,0,28117232965,28117232905,0,0,60
14045,0,28119235617,28119235613,0,0,4
14046,0,28121238085,28121238047,0,0,38
14047,0,28123238912,28123238884,0,0,28
14048,0,28125241446,28125241426,0,0,19
14049,0,28127243349,28127243323,0,0,26
14050,0,28129244822,28129244762,0,0,59
14051,0,28131249218,28131249191,0,0,27
14052,0,28133250379,28133250339,0,0,39
14053,0,28135252527,28135252501,0,0,26
14054,0,28137254812,28137254779,0,0,32
14055,0,28139257957,28139257941,0,0,15
14056,0,28141259318,28141259280,0,0,38
14057,0,28143261263,28143261251,0,0,11
14058,0,28145263780,28145263750,0,0,29
14059,0,28147266097,28147266077,0,0,20
14060,0,28149268265,28149268303,0,0,-38
14061,0,28151270146,28151270175,0,0,-28
14062,0,28153272718,28153272722,0,0,-4
14063,0,28155274847,28155274809,0,0,38
14064,0,28157277351,28157277378,0,0,-26
14065,0,28159279620,28159279640,0,0,-19
14066,0,28161281983,28161281946,0,0,37
14067,0,28163284919,28163284872,0,0,46
14068,0,28165285871,28165285862,0,0,9
14069,0,28167287972,28167287934,0,0,37
14070,0,28169290203,28169290168,0,0,35
14071,0,28171292514,28171292496,0,0,17
14072,0,28173295098,28173295092,0,0,6
14073,0,28175297141,28175297116,0,0,24
14074,0,28177299468,28177299453,0,0,15
14075,0,28179301331,28179301323,0,0,8
14076,0,28181303314,28181303271,0,0,43
14077,0,28183304487,28183304465,0,0,22
14078,0,28185307415,28185307393,0,0,22
14079,0,28187310314,28187310331,0,0,-16
14080,0,28189313273,28189313228,0,0,44
14081,0,28191315058,28191315044,0,0,13
14082,0,28193317631,28193317582,0,0,49
14083,0,28195321393,28195321361,0,0,31
14084,0,28197322826,28197322863,0,0,-36
14085,0,28199323671,28199323716,0,0,-44
14086,0,28201326044,28201326077,0,0,-32
14087,0,28203328500,28203328473,0,0,26
14088,0,28205330476,28205330451,0,0,24
14089,0,28207332374,28207332355,0,0,18
14090,0,28209335480,28209335460,0,0,20
14091,0,28211337669,28211337626,0,0,42
14092,0,28213339470,28213339429,0,0,41
14093,0,28215341313,28215341298,0,0,15
14094,0,28217343912,28217343869,0,0,42
14095,0,28219345721,28219345707,0,0,14
14096,0,28221348247,28221348195,0,0,51
14097,0,28223350449,28223350429,0,0,19
14098,0,28225353315,28225353276,0,0,39
14099,0,28227356033,28227355991,0,0,42
14100,0,28229357485,28229357430,0,0,54
14101,0,28231359030,28231359020,0,0,9
14102,0,28233361575,28233361544,0,0,31
14103,0,28235364906,28235364928,0,0,-22
14104,0,28237365980,28237365922,0,0,58
14105,0,28239369643,28239369623,0,0,20
14106,0,28241370743,28241370715,0,0,28
14107,0,28243372787,28243372746,0,0,41
14108,0,28245375473,28245375451,0,0,21
14109,0,28247377119,28247377094,0,0,25
14110,0,28249379237,28249379208,0,0,29
14111,0,28251382035,28251381990,0,0,44
14112,0,28253383754,28253383696,0,0,57
14113,0,28255385801,28255385826,0,0,-24
14114,0,28257387883,28257387870,0,0,13
14115,0,28259391177,28259391155,0,0,22
14116,0,28261392453,28261392388,0,0,65
14117,0,28263393863,28263393804,0,0,59
14118,0,28265396941,28265396907,0,0,33
14119,0,28267399647,28267399581,0,0,65
14120,0,28269401740,28269401702,0,0,38
14121,0,28271404079,28271404009,0,0,69
14122,0,28273406232,28273406162,0,0,69
14123,0,28275408937,28275408888,0,0,48
14124,0,28277410304,28277410229,0,0,74
14125,0,28279412649,28279412601,0,0,47
14126,0,28281414875,28281414898,0,0,-23
14127,0,28283416860,28283416900,0,0,-40
14128,0,28285419124,28285419101,0,0,23
14129,0,28287421743,28287421762,0,0,-19
14130,0,28289423828,28289423846,0,0,-17
14131,0,28291426896,28291426916,0,0,-20
14132,0,28293427840,28293427865,0,0,-24
14133,0,28295429523,28295429482,0,0,40
14134,0,28297432460,28297432408,0,0,51
14135,0,28299433707,28299433659,0,0,47
14136,0,28301436038,28301435998,0,0,39
14137,0,28303439261,28303439275,0,0,-13
14138,0,28305441746,28305441672,0,0,74
14139,0,28307443840,28307443796,0,0,43
14140,0,28309446532,28309446487,0,0,44
14141,0,28311448200,28311448206,0,0,-6
14142,0,28313450555,28313450569,0,0,-14
14143,0,28315452544,28315452493,0,0,51
14144,0,28317455164,28317455178,0,0,-14
14145,0,28319457197,28319457136,0,0,60
14146,0,28321459271,28321459211,0,0,60
14147,0,28323463080,28323463095,0,0,-14
14148,0,28325464430,28325464442,0,0,-11
14149,0,28327465886,28327465878,0,0,7
14150,0,28329468286,28329468242,0,0,43
14151,0,28331470384,28331470343,0,0,40
14152,0,28333472970,28333472914,0,0,56
14153,0,28335475188,28335475156,0,0,31
14154,0,28337477274,28337477231,0,0,42
14155,0,28339480760,28339480743,0,0,17
14156,0,28341482336,28341482290,0,0,45
14157,0,28343483854,28343483822,0,0,31
14158,0,28345486134,28345486087,0,0,47
14159,0,28347488748,28347488710,0,0,38
14160,0,28349490737,28349490669,0,0,68
14161,0,28351492823,28351492791,0,0,31
14162,0,28353495907,28353495872,0,0,34
14163,0,28355498267,28355498229,0,0,37
14164,0,28357500569,28357500505,0,0,63
14165,0,28359501116,28359501049,0,0,66
14166,0,28361503267,28361503225,0,0,41
14167,0,28363506449,28363506486,0,0,-36
14168,0,28365508418,28365508395,0,0,23
14169,0,28367510328,28367510313,0,0,14
14170,0,28369511646,28369511599,0,0,47
14171,0,28371515339,28371515303,0,0,36
14172,0,28373517616,28373517585,0,0,31
14173,0,28375520160,28375520150,0,0,10
14174,0,28377521842,28377521799,0,0,43
14175,0,28379523862,28379523894,0,0,-31
14176,0,28381526499,28381526472,0,0,26
14177,0,28383527984,28383527961,0,0,22
14178,0,28385529948,28385530076,0,0,-128
14179,0,28387533665,28387533692,0,0,-27
14180,0,28389536911,28389536812,0,0,98
14181,0,28391536675,28391536629,0,0,46
14182,0,28393538532,28393538482,0,0,50
14183,0,28395541386,28395541378,0,0,8
14184,0,28397542951,28397542880,0,0,70
14185,0,28399546593,28399546556,0,0,37
14186,0,28401548564,28401548532,0,0,31
14187,0,28403550753,28403550727,0,0,26
14188,0,28405553139,28405553088,0,0,51
14189,0,28407555093,28407555135,0,0,-42
14190,0,28409557466,28409557422,0,0,43
14191,0,28411559426,28411559411,0,0,14
14192,0,28413562195,28413562169,0,0,25
14193,0,28415563814,28415563779,0,0,34
14194,0,28417566331,28417566283,0,0,47
14195,0,28419568421,28419568387,0,0,33
14196,0,28421571853,28421571781,0,0,71
14197,0,28423573612,28423573581,0,0,31
14198,0,28425575776,28425575745,0,0,31
14199,0,28427577139,28427577094,0,0,44
14200,0,28429579357,28429579315,0,0,41
14201,0,28431581491,28431581473,0,0,17
14202,0,28433583622,28433583548,0,0,74
14203,0,28435586583,28435586532,0,0,51
14204,0,28437588884,28437588842,0,0,41
14205,0,28439592068,28439592024,0,0,44
14206,0,28441593506,28441593492,0,0,14
14207,0,28443594693,28443594656,0,0,37
14208,0,28445596629,28445596570,0,0,58
14209,0,28447599405,28447599377,0,0,28
14210,0,28449601818,28449601808,0,0,10
14211,0,28451604204,28451604204,0,0,0
14212,0,28453607243,28453607208,0,0,35
14213,0,28455608528,28455608501,0,0,27
14214,0,28457610897,28457610881,0,0,15
14215,0,28459612979,28459612945,0,0,34
14216,0,28461615629,28461615557,0,0,71
14217,0,28463617328,28463617320,0,0,8
14218,0,28465619780,28465619766,0,0,13
14219,0,28467621575,28467621541,0,0,34
14220,0,28469624525,28469624489,0,0,36
14221,0,28471626065,28471626029,0,0,35
14222,0,28473627752,28473627744,0,0,8
14223,0,28475630239,28475630213,0,0,25
14224,0,28477632087,28477632071,0,0,16
14225,0,28479635203,28479635175,0,0,27
14226,0,28481638860,28481638854,0,0,6
14227,0,28483640405,28483640378,0,0,26
14228,0,28485642289,28485642253,0,0,35
14229,0,28487643712,28487643673,0,0,38
14230,0,28489645451,28489645425,0,0,26
14231,0,28491648914,28491648887,0,0,27
14232,0,28493651094,28493651059,0,0,34
14233,0,28495653129,28495653094,0,0,35
14234,0,28497656045,28497655968,0,0,77
14235,0,28499659276,28499659232,0,0,44
14236,0,28501660880,28501660865,0,0,15
14237,0,28503661812,28503661760,0,0,51
14238,0,28505663883,28505663834,0,0,49
14239,0,28507665571,28507665520,0,0,51
14240,0,28509669210,28509669130,0,0,79
14241,0,28511670881,28511670804,0,0,76
14242,0,28513672773,28513672691,0,0,81
14243,0,28515674928,28515674854,0,0,73
14244,0,28517678615,28517678548,0,0,67
14245,0,28519679706,28519679661,0,0,44
14246,0,28521681710,28521681679,0,0,30
14247,0,28523683937,28523683915,0,0,22
14248,0,28525685991,28525685939,0,0,51
14249,0,28527687319,28527687287,0,0,32
14250,0,28529690218,28529690161,0,0,56
14251,0,28531693274,28531693267,0,0,6
14252,0,28533695420,28533695394,0,0,25
14253,0,28535696894,28535696906,0,0,-12
14254,0,28537698955,28537698997,0,0,-42
14255,0,28539703196,28539703211,0,0,-14
14256,0,28541703984,28541704007,0,0,-22
14257,0,28543706136,28543706150,0,0,-13
14258,0,28545707674,28545707692,0,0,-17
14259,0,28547710731,28547710700,0,0,31
14260,0,28549714205,28549714179,0,0,26
14261,0,28551715203,28551715177,0,0,26
14262,0,28553717816,28553717762,0,0,53
14263,0,28555719635,28555719660,0,0,-24
14264,0,28557721997,28557721988,0,0,8
14265,0,28559724289,28559724303,0,0,-13
14266,0,28561726669,28561726659,0,0,9
14267,0,28563728556,28563728581,0,0,-24
14268,0,28565731057,28565731002,0,0,55
14269,0,28567733410,28567733350,0,0,59
14270,0,28569735265,28569735217,0,0,47
14271,0,28571737459,28571737489,0,0,-29
14272,0,28573740470,28573740443,0,0,26
14273,0,28575742379,28575742392,0,0,-13
14274,0,28577744472,28577744463,0,0,8
14275,0,28579747108,28579747159,0,0,-50
14276,0,28581749838,28581749796,0,0,42
14277,0,28583750787,28583750759,0,0,28
14278,0,28585752635,28585752657,0,0,-21
14279,0,28587753978,28587753993,0,0,-15
14280,0,28589756839,28589756817,0,0,22
14281,0,28591759795,28591759810,0,0,-14
14282,0,28593762457,28593762470,0,0,-13
14283,0,28595764136,28595764150,0,0,-13
14284,0,28597766621,28597766626,0,0,-5
14285,0,28599768251,28599768267,0,0,-16
14286,0,28601770036,28601770054,0,0,-17
14287,0,28603773337,28603773358,0,0,-20
14288,0,28605775962,28605775995,0,0,-33
14289,0,28607777926,28607777868,0,0,58
14290,0,28609779759,28609779714,0,0,45
14291,0,28611781743,28611781705,0,0,37
14292,0,28613785269,28613785223,0,0,46
14293,0,28615788007,28615787952,0,0,55
14294,0,28617788670,28617788708,0,0,-38
14295,0,28619790649,28619790689,0,0,-39
14296,0,28621793083,28621793164,0,0,-80
14297,0,28623795245,28623795271,0,0,-26
14298,0,28625797995,28625798033,0,0,-38
14299,0,28627799489,28627799563,0,0,-74
14300,0,28629801809,28629801789,0,0,20
14301,0,28631803071,28631803055,0,0,16
14302,0,28633805878,28633805840,0,0,38
14303,0,28635808552,28635808505,0,0,46
14304,0,28637811878,28637811844,0,0,33
14305,0,28639815635,28639815613,0,0,22
14306,0,28641815307,28641815339,0,0,-31
14307,0,28643817601,28643817642,0,0,-40
14308,0,28645821053,28645821092,0,0,-38
14309,0,28647822036,28647822020,0,0,16
14310,0,28649824141,28649824098,0,0,42
14311,0,28651826936,28651826950,0,0,-13
14312,0,28653828825,28653828838,0,0,-12
14313,0,28655830552,28655830584,0,0,-31
14314,0,28657832087,28657832122,0,0,-35
14315,0,28659835321,28659835296,0,0,25
14316,0,28661838035,28661838011,0,0,24
14317,0,28663839886,28663839838,0,0,47
14318,0,28665842038,28665842011,0,0,26
14319,0,28667844254,28667844226,0,0,27
14320,0,28669846793,28669846746,0,0,47
14321,0,28671848658,28671848615,0,0,43
14322,0,28673851235,28673851204,0,0,31
14323,0,28675853024,28675853060,0,0,-35
14324,0,28677856370,28677856408,0,0,-37
14325,0,28679857625,28679857599,0,0,26
14326,0,28681859865,28681859831,0,0,33
14327,0,28683861580,28683861546,0,0,34
14328,0,28685863443,28685863408,0,0,34
14329,0,28687866749,28687866730,0,0,19
14330,0,28689869086,28689869054,0,0,31
14331,0,28691870806,28691870782,0,0,23
14332,0,28693872974,28693872946,0,0,27
14333,0,28695874370,28695874357,0,0,12
14334,0,28697876752,28697876727,0,0,24
14335,0,28699879231,28699879192,0,0,39
14336,0,28701881280,28701881222,0,0,58
14337,0,28703884290,28703884276,0,0,13
14338,0,28705886833,28705886772,0,0,60
14339,0,28707889322,28707889287,0,0,35
14340,0,28709892094,28709892029,0,0,65
14341,0,28711893564,28711893518,0,0,46
14342,0,28713895559,28713895538,0,0,21
14343,0,28715897836,28715897813,0,0,23
14344,0,28717900026,28717899988,0,0,38
14345,0,28719901757,28719901721,0,0,35
14346,0,28721903513,28721903487,0,0,25
14347,0,28723906179,28723906213,0,0,-34
14348,0,28725907931,28725907893,0,0,38
14349,0,28727910961,28727910945,0,0,15
14350,0,28729913691,28729913649,0,0,42
14351,0,28731915491,28731915477,0,0,13
14352,0,28733917527,28733917550,0,0,-22
14353,0,28735919923,28735919936,0,0,-13
14354,0,28737922047,28737922069,0,0,-22
14355,0,28739925747,28739925741,0,0,6
14356,0,28741926516,28741926472,0,0,43
14357,0,28743929184,28743929148,0,0,35
14358,0,28745931903,28745931846,0,0,57
14359,0,28747934271,28747934208,0,0,62
14360,0,28749935811,28749935750,0,0,60
14361,0,28751937697,28751937649,0,0,47
14362,0,28753940341,28753940256,0,0,85
14363,0,28755942515,28755942431,0,0,84
14364,0,28757944552,28757944517,0,0,35
14365,0,28759946853,28759946790,0,0,63
14366,0,28761948417,28761948444,0,0,-26
14367,0,28763950350,28763950316,0,0,33
14368,0,28765953579,28765953604,0,0,-24
14369,0,28767955719,28767955750,0,0,-31
14370,0,28769957856,28769957892,0,0,-36
14371,0,28771960403,28771960438,0,0,-34
14372,0,28773962467,28773962411,0,0,55
14373,0,28775965142,28775965107,0,0,35
14374,0,28777965769,28777965729,0,0,40
14375,0,28779969182,28779969145,0,0,37
14376,0,28781971289,28781971256,0,0,32
14377,0,28783973110,28783973076,0,0,33
14378,0,28785974877,28785974831,0,0,46
14379,0,28787977494,28787977473,0,0,21
14380,0,28789979817,28789979789,0,0,27
14381,0,28791982140,28791982155,0,0,-15
14382,0,28793984662,28793984625,0,0,37
14383,0,28795986752,28795986728,0,0,24
14384,0,28797988739,28797988718,0,0,20
14385,0,28799991181,28799991135,0,0,45
14386,0,28801993399,28801993410,0,0,-11
14387,0,28803995899,28803995860,0,0,38
14388,0,28805998299,28805998269,0,0,29
14389,0,28808000696,28808000638,0,0,58
14390,0,28810001694,28810001666,0,0,27
14391,0,28812004211,28812004186,0,0,24
14392,0,28814006715,28814006669,0,0,46
14393,0,28816008794,28816008759,0,0,35
14394,0,28818011710,28818011633,0,0,76
14395,0,28820013327,28820013298,0,0,29
14396,0,28822016209,28822016164,0,0,45
14397,0,28824017480,28824017455,0,0,24
14398,0,28826019403,28826019348,0,0,55
14399,0,28828022039,28828021981,0,0,58
14400,0,28830024894,28830024880,0,0,13
14401,0,28832026853,28832026797,0,0,56
14402,0,28834029153,28834029103,0,0,49
14403,0,28836032120,28836032071,0,0,48
14404,0,28838034722,28838034664,0,0,58
14405,0,28840038080,28840038092,0,0,-12
14406,0,28842038632,28842038647,0,0,-14
14407,0,28844041111,28844041079,0,0,31
14408,0,28846042416,28846042360,0,0,56
14409,0,28848044541,28848044501,0,0,40
14410,0,28850046503,28850046447,0,0,56
14411,0,28852047796,28852047768,0,0,27
14412,0,28854050038,28854050047,0,0,-8
14413,0,28856053288,28856053329,0,0,-40
14414,0,28858055835,28858055838,0,0,-3
14415,0,28860058151,28860058160,0,0,-8
14416,0,28862060008,28862059961,0,0,47
14417,0,28864062554,28864062545,0,0,8
14418,0,28866064713,28866064725,0,0,-12
14419,0,28868066694,28868066653,0,0,40
14420,0,28870069386,28870069301,0,0,85
14421,0,28872072177,28872072185,0,0,-8
14422,0,28874073606,28874073552,0,0,53
14423,0,28876075457,28876075411,0,0,46
14424,0,28878078307,28878078261,0,0,45
14425,0,28880080310,28880080285,0,0,24
14426,0,28882082838,28882082805,0,0,33
14427,0,28884084548,28884084509,0,0,38
14428,0,28886087497,28886087449,0,0,47
14429,0,28888088623,28888088590,0,0,33
14430,0,28890089892,28890089849,0,0,43
14431,0,28892092646,28892092600,0,0,45
14432,0,28894095707,28894095664,0,0,43
14433,0,28896098241,28896098186,0,0,54
14434,0,28898100150,28898100089,0,0,60
14435,0,28900102957,28900102912,0,0,44
14436,0,28902104636,28902104581,0,0,55
14437,0,28904106720,28904106662,0,0,58
14438,0,28906109078,28906109047,0,0,31
14439,0,28908111343,28908111321,0,0,22
14440,0,28910113506,28910113467,0,0,38
14441,0,28912115625,28912115599,0,0,26
14442,0,28914118444,28914118412,0,0,32
14443,0,28916120485,28916120467,0,0,17
14444,0,28918123251,28918123222,0,0,29
14445,0,28920125818,28920125793,0,0,25
14446,0,28922126457,28922126402,0,0,55
14447,0,28924128853,28924128826,0,0,26
14448,0,28926133056,28926133015,0,0,40
14449,0,28928134046,28928134004,0,0,41
14450,0,28930134449,28930134431,0,0,17
14451,0,28932136732,28932136689,0,0,42
14452,0,28934140011,28934139988,0,0,23
14453,0,28936142103,28936142119,0,0,-15
14454,0,28938143240,28938143221,0,0,18
14455,0,28940147101,28940147059,0,0,42
14456,0,28942148707,28942148754,0,0,-46
14457,0,28944150348,28944150312,0,0,35
14458,0,28946153076,28946153047,0,0,28
14459,0,28948155131,28948155108,0,0,22
14460,0,28950157699,28950157671,0,0,28
14461,0,28952159022,28952158988,0,0,33
14462,0,28954161575,28954161560,0,0,15
14463,0,28956165044,28956165026,0,0,18
14464,0,28958167065,28958167026,0,0,38
14465,0,28960168871,28960168852,0,0,19
14466,0,28962170269,28962170301,0,0,-32
14467,0,28964173416,28964173405,0,0,11
14468,0,28966175487,28966175424,0,0,62
14469,0,28968177683,28968177658,0,0,24
14470,0,28970178898,28970178837,0,0,60
14471,0,28972181358,28972181292,0,0,66
14472,0,28974184564,28974184514,0,0,50
14473,0,28976186549,28976186496,0,0,53
14474,0,28978188290,28978188240,0,0,50
14475,0,28980191029,28980190970,0,0,59
14476,0,28982192491,28982192480,0,0,11
14477,0,28984195571,28984195603,0,0,-31
14478,0,28986197813,28986197849,0,0,-36
14479,0,28988199977,28988200015,0,0,-38
14480,0,28990202692,28990202748,0,0,-55
14481,0,28992205013,28992204993,0,0,20
14482,0,28994207436,28994207412,0,0,24
14483,0,28996208948,28996208934,0,0,13
14484,0,28998211447,28998211404,0,0,43
14485,0,29000213723,29000213735,0,0,-12
14486,0,29002215745,29002215700,0,0,44
14487,0,29004217899,29004217871,0,0,28
14488,0,29006220513,29006220493,0,0,20
14489,0,29008222052,29008222024,0,0,27
14490,0,29010223578,29010223520,0,0,58
14491,0,29012226605,29012226566,0,0,39
14492,0,29014227981,29014227940,0,0,40
14493,0,29016230072,29016230047,0,0,25
14494,0,29018232460,29018232419,0,0,40
14495,0,29020235733,29020235695,0,0,38
14496,0,29022237762,29022237788,0,0,-26
14497,0,29024238865,29024238899,0,0,-33
14498,0,29026241354,29026241285,0,0,68
14499,0,29028245344,29028245379,0,0,-34
14500,0,29030247417,29030247429,0,0,-11
14501,0,29032250443,29032250477,0,0,-33
14502,0,29034251424,29034251460,0,0,-35
14503,0,29036253537,29036253478,0,0,58
14504,0,29038255639,29038255601,0,0,38
14505,0,29040258232,29040258206,0,0,25
14506,0,29042260691,29042260654,0,0,36
14507,0,29044261977,29044261923,0,0,53
14508,0,29046263669,29046263631,0,0,38
14509,0,29048266744,29048266685,0,0,59
14510,0,29050268228,29050268197,0,0,31
14511,0,29052271312,29052271266,0,0,46
14512,0,29054273631,29054273568,0,0,62
14513,0,29056275588,29056275532,0,0,56
14514,0,29058277186,29058277153,0,0,33
14515,0,29060280190,29060280154,0,0,35
14516,0,29062282177,29062282144,0,0,32
14517,0,29064284373,29064284398,0,0,-24
14518,0,29066285818,29066285777,0,0,41
14519,0,29068287746,29068287704,0,0,41
14520,0,29070290658,29070290613,0,0,44
14521,0,29072293612,29072293583,0,0,29
14522,0,29074296568,29074296501,0,0,66
14523,0,29076297947,29076297907,0,0,39
14524,0,29078300671,29078300643,0,0,28
14525,0,29080302650,29080302611,0,0,39
14526,0,29082305157,29082305112,0,0,45
14527,0,29084306957,29084306919,0,0,38
14528,0,29086309222,29086309186,0,0,35
14529,0,29088311318,29088311287,0,0,31
14530,0,29090313725,29090313671,0,0,53
14531,0,29092315954,29092315980,0,0,-26
14532,0,29094318613,29094318592,0,0,20
14533,0,29096321517,29096321494,0,0,22
14534,0,29098323374,29098323314,0,0,59
14535,0,29100324799,29100324754,0,0,44
14536,0,29102327229,29102327168,0,0,60
14537,0,29104329170,29104329141,0,0,29
14538,0,29106331874,29106331826,0,0,47
14539,0,29108333956,29108333926,0,0,29
14540,0,29110336447,29110336405,0,0,41
14541,0,29112338280,29112338303,0,0,-23
14542,0,29114340047,29114340097,0,0,-49
14543,0,29116341465,29116341483,0,0,-17
14544,0,29118344368,29118344405,0,0,-36
14545,0,29120346191,29120346213,0,0,-22
14546,0,29122348822,29122348801,0,0,20
14547,0,29124350650,29124350620,0,0,30
14548,0,29126353777,29126353752,0,0,25
14549,0,29128355891,29128355873,0,0,17
14550,0,29130358505,29130358460,0,0,44
14551,0,29132360556,29132360510,0,0,45
14552,0,29134362855,29134362813,0,0,42
14553,0,29136364900,29136364860,0,0,39
14554,0,29138367622,29138367556,0,0,66
14555,0,29140370790,29140370752,0,0,37
14556,0,29142371593,29142371555,0,0,38
14557,0,29144373688,29144373637,0,0,51
14558,0,29146376577,29146376528,0,0,49
14559,0,29148377892,29148377829,0,0,62
14560,0,29150379668,29150379631,0,0,36
14561,0,29152383033,29152382982,0,0,51
14562,0,29154384971,29154384903,0,0,67
14563,0,29156387586,29156387535,0,0,51
14564,0,29158389259,29158389188,0,0,71
14565,0,29160391368,29160391342,0,0,26
14566,0,29162394056,29162394016,0,0,39
14567,0,29164395608,29164395617,0,0,-8
14568,0,29166397184,29166397168,0,0,15
14569,0,29168400337,29168400286,0,0,51
14570,0,29170402788,29170402770,0,0,17
14571,0,29172404663,29172404636,0,0,26
14572,0,29174407199,29174407175,0,0,23
14573,0,29176409794,29176409743,0,0,51
14574,0,29178411669,29178411639,0,0,29
14575,0,29180413715,29180413688,0,0,26
14576,0,29182416148,29182416128,0,0,20
14577,0,29184419060,29184419034,0,0,26
14578,0,29186420665,29186420636,0,0,28
14579,0,29188422247,29188422210,0,0,37
14580,0,29190423937,29190423901,0,0,36
14581,0,29192426907,29192426892,0,0,15
14582,0,29194429688,29194429658,0,0,29
14583,0,29196431570,29196431541,0,0,28
14584,0,29198433966,29198433933,0,0,33
14585,0,29200435889,29200435855,0,0,34
14586,0,29202439159,29202439115,0,0,43
14587,0,29204441417,29204441395,0,0,21
14588,0,29206442634,29206442606,0,0,28
14589,0,29208445052,29208445017,0,0,35
14590,0,29210447156,29210447126,0,0,29
14591,0,29212449852,29212449829,0,0,22
14592,0,29214452119,29214452107,0,0,12
14593,0,29216453756,29216453739,0,0,17
14594,0,29218456282,29218456235,0,0,46
14595,0,29220458982,29220459012,0,0,-29
14596,0,29222462211,29222462184,0,0,27
14597,0,29224462925,29224462901,0,0,23
14598,0,29226465755,29226465746,0,0,9
14599,0,29228466712,29228466698,0,0,14
14600,0,29230468700,29230468686,0,0,13
14601,0,29232471505,29232471483,0,0,22
14602,0,29234474002,29234473970,0,0,31
14603,0,29236476316,29236476312,0,0,4
14604,0,29238478571,29238478563,0,0,8
14605,0,29240481794,29240481816,0,0,-22
14606,0,29242482547,29242482455,0,0,92
14607,0,29244484165,29244484125,0,0,39
14608,0,29246488108,29246488057,0,0,51
14609,0,29248490429,29248490438,0,0,-8
14610,0,29250492356,29250492318,0,0,38
14611,0,29252493998,29252493960,0,0,38
14612,0,29254496320,29254496276,0,0,43
14613,0,29256498091,29256498083,0,0,8
14614,0,29258500953,29258500889,0,0,64
14615,0,29260503233,29260503256,0,0,-22
14616,0,29262505578,29262505610,0,0,-31
14617,0,29264506964,29264506924,0,0,39
14618,0,29266508568,29266508530,0,0,38
14619,0,29268512090,29268512052,0,0,38
14620,0,29270513702,29270513743,0,0,-40
14621,0,29272515528,29272515554,0,0,-26
14622,0,29274517326,29274517255,0,0,71
14623,0,29276520714,29276520672,0,0,42
14624,0,29278522658,29278522664,0,0,-6
14625,0,29280524922,29280524950,0,0,-28
14626,0,29282526349,29282526305,0,0,43
14627,0,29284529773,29284529735,0,0,38
14628,0,29286532206,29286532162,0,0,44
14629,0,29288533962,29288533917,0,0,44
14630,0,29290536112,29290536040,0,0,71
14631,0,29292538217,29292538173,0,0,43
14632,0,29294540865,29294540824,0,0,40
14633,0,29296543017,29296542978,0,0,38
14634,0,29298546056,29298546008,0,0,47
14635,0,29300548435,29300548427,0,0,7
14636,0,29302549323,29302549302,0,0,20
14637,0,29304550228,29304550188,0,0,40
14638,0,29306552364,29306552325,0,0,38
14639,0,29308555489,29308555447,0,0,41
14640,0,29310558928,29310558896,0,0,31
14641,0,29312560464,29312560409,0,0,54
14642,0,29314562795,29314562762,0,0,33
14643,0,29316565100,29316565070,0,0,29
14644,0,29318567608,29318567558,0,0,49
14645,0,29320569117,29320569090,0,0,26
14646,0,29322571379,29322571355,0,0,24
14647,0,29324573038,29324572994,0,0,43
14648,0,29326576444,29326576408,0,0,35
14649,0,29328578238,29328578213,0,0,24
14650,0,29330579914,29330579877,0,0,36
14651,0,29332582773,29332582754,0,0,19
14652,0,29334585056,29334585020,0,0,36
14653,0,29336587280,29336587232,0,0,48
14654,0,29338589490,29338589476,0,0,13
14655,0,29340592941,29340592957,0,0,-15
14656,0,29342594003,29342594027,0,0,-24
14657,0,29344596017,29344595987,0,0,29
14658,0,29346597715,29346597681,0,0,33
14659,0,29348601346,29348601302,0,0,44
14660,0,29350602631,29350602593,0,0,38
14661,0,29352604135,29352604097,0,0,38
14662,0,29354607724,29354607737,0,0,-12
14663,0,29356609353,29356609386,0,0,-32
14664,0,29358611849,29358611887,0,0,-38
14665,0,29360614011,29360613993,0,0,17
14666,0,29362616250,29362616219,0,0,31
14667,0,29364618422,29364618396,0,0,26
14668,0,29366620625,29366620577,0,0,48
14669,0,29368621381,29368621346,0,0,34
14670,0,29370624153,29370624097,0,0,56
14671,0,29372627194,29372627152,0,0,41
14672,0,29374630259,29374630226,0,0,32
14673,0,29376632050,29376631997,0,0,52
14674,0,29378634005,29378633975,0,0,29
14675,0,29380636205,29380636244,0,0,-38
14676,0,29382638620,29382638658,0,0,-38
14677,0,29384640366,29384640391,0,0,-24
14678,0,29386643382,29386643321,0,0,60
14679,0,29388644845,29388644815,0,0,29
14680,0,29390646516,29390646458,0,0,58
14681,0,29392649430,29392649424,0,0,5
14682,0,29394652005,29394651970,0,0,35
14683,0,29396654137,29396654096,0,0,40
14684,0,29398656151,29398656125,0,0,26
14685,0,29400658256,29400658217,0,0,38
14686,0,29402660012,29402659951,0,0,60
14687,0,29404663686,29404663653,0,0,33
14688,0,29406665293,29406665269,0,0,24
14689,0,29408667267,29408667235,0,0,31
14690,0,29410668759,29410668690,0,0,69
14691,0,29412672532,29412672523,0,0,8
14692,0,29414674498,29414674443,0,0,55
14693,0,29416676161,29416676135,0,0,25
14694,0,29418678638,29418678628,0,0,10
14695,0,29420680652,29420680666,0,0,-13
14696,0,29422682673,29422682687,0,0,-14
14697,0,29424683930,29424683892,0,0,37
14698,0,29426686576,29426686514,0,0,62
14699,0,29428689857,29428689838,0,0,19
14700,0,29430692058,29430692002,0,0,56
14701,0,29432694061,29432694030,0,0,31
14702,0,29434696185,29434696130,0,0,54
14703,0,29436698271,29436698226,0,0,44
14704,0,29438700005,29438699967,0,0,38
14705,0,29440704817,29440704830,0,0,-12
14706,0,29442705254,29442705287,0,0,-32
14707,0,29444707602,29444707630,0,0,-28
14708,0,29446709799,29446709774,0,0,24
14709,0,29448711929,29448711891,0,0,38
14710,0,29450714914,29450714872,0,0,41
14711,0,29452716126,29452716103,0,0,23
14712,0,29454717384,29454717299,0,0,84
14713,0,29456719917,29456719872,0,0,44
14714,0,29458722990,29458722952,0,0,38
14715,0,29460725480,29460725521,0,0,-40
14716,0,29462727642,29462727586,0,0,56
14717,0,29464729335,29464729327,0,0,8
14718,0,29466731062,29466731056,0,0,6
14719,0,29468734274,29468734265,0,0,8
14720,0,29470736348,29470736400,0,0,-52
14721,0,29472738669,29472738654,0,0,15
14722,0,29474740770,29474740797,0,0,-26
14723,0,29476743557,29476743520,0,0,37
14724,0,29478745429,29478745479,0,0,-49
14725,0,29480747165,29480747222,0,0,-57
14726,0,29482748787,29482748822,0,0,-35
14727,0,29484751885,29484751919,0,0,-33
14728,0,29486754359,29486754384,0,0,-24
14729,0,29488756648,29488756674,0,0,-26
14730,0,29490758808,29490758849,0,0,-40
14731,0,29492761062,29492761103,0,0,-40
14732,0,29494762752,29494762756,0,0,-3
14733,0,29496764100,29496764078,0,0,22
14734,0,29498766678,29498766685,0,0,-6
14735,0,29500769819,29500769868,0,0,-49
14736,0,29502772461,29502772436,0,0,24
14737,0,29504774200,29504774187,0,0,12
14738,0,29506776719,29506776692,0,0,26
14739,0,29508778761,29508778731,0,0,30
14740,0,29510780940,29510780916,0,0,23
14741,0,29512782680,29512782633,0,0,47
14742,0,29514784269,29514784193,0,0,75
14743,0,29516787278,29516787226,0,0,51
14744,0,29518788486,29518788447,0,0,39
14745,0,29520791281,29520791230,0,0,51
14746,0,29522794392,29522794330,0,0,61
14747,0,29524796747,29524796753,0,0,-6
14748,0,29526799760,29526799789,0,0,-29
14749,0,29528801698,29528801660,0,0,38
14750,0,29530802175,29530802098,0,0,76
14751,0,29532805230,29532805204,0,0,25
14752,0,29534807464,29534807422,0,0,42
14753,0,29536809583,29536809528,0,0,54
14754,0,29538810955,29538810884,0,0,70
14755,0,29540816832,29540816782,0,0,50
14756,0,29542817491,29542817425,0,0,65
14757,0,29544818551,29544818528,0,0,23
14758,0,29546820977,29546820976,0,0,0
14759,0,29548824184,29548824141,0,0,42
14760,0,29550825558,29550825534,0,0,23
14761,0,29552827887,29552827844,0,0,43
14762,0,29554829971,29554829943,0,0,27
14763,0,29556832267,29556832301,0,0,-33
14764,0,29558834428,29558834422,0,0,6
14765,0,29560836927,29560836966,0,0,-38
14766,0,29562838856,29562838782,0,0,74
14767,0,29564841353,29564841324,0,0,29
14768,0,29566844204,29566844148,0,0,56
14769,0,29568846786,29568846819,0,0,-32
14770,0,29570847480,29570847457,0,0,23
14771,0,29572850000,29572849964,0,0,35
14772,0,29574852329,29574852294,0,0,34
14773,0,29576853817,29576853789,0,0,28
14774,0,29578855503,29578855449,0,0,53
14775,0,29580859382,29580859357,0,0,25
14776,0,29582859724,29582859647,0,0,76
14777,0,29584862407,29584862365,0,0,42
14778,0,29586866025,29586865994,0,0,31
14779,0,29588867386,29588867422,0,0,-35
14780,0,29590870340,29590870301,0,0,39
14781,0,29592872081,29592872093,0,0,-11
14782,0,29594874328,29594874342,0,0,-13
14783,0,29596876610,29596876636,0,0,-26
14784,0,29598878559,29598878515,0,0,43
14785,0,29600879814,29600879789,0,0,24
14786,0,29602882893,29602882831,0,0,61
14787,0,29604885472,29604885453,0,0,19
14788,0,29606888244,29606888203,0,0,41
14789,0,29608889640,29608889591,0,0,49
14790,0,29610890767,29610890781,0,0,-13
14791,0,29612894273,29612894283,0,0,-10
14792,0,29614896405,29614896384,0,0,21
14793,0,29616898656,29616898603,0,0,52
14794,0,29618901437,29618901400,0,0,36
14795,0,29620903435,29620903411,0,0,24
14796,0,29622905334,29622905256,0,0,78
14797,0,29624907764,29624907725,0,0,38
14798,0,29626910002,29626909961,0,0,40
14799,0,29628912153,29628912128,0,0,25
14800,0,29630914813,29630914737,0,0,76
14801,0,29632917037,29632917076,0,0,-38
14802,0,29634918631,29634918593,0,0,38
14803,0,29636921678,29636921656,0,0,21
14804,0,29638923531,29638923503,0,0,28
14805,0,29640927170,29640927125,0,0,44
14806,0,29642928042,29642928031,0,0,11
14807,0,29644931202,29644931227,0,0,-25
14808,0,29646932697,29646932757,0,0,-60
14809,0,29648934417,29648934433,0,0,-15
14810,0,29650936745,29650936776,0,0,-31
14811,0,29652938653,29652938621,0,0,32
14812,0,29654941182,29654941166,0,0,15
14813,0,29656943254,29656943240,0,0,14
14814,0,29658945661,29658945710,0,0,-48
14815,0,29660947835,29660947811,0,0,23
14816,0,29662950161,29662950172,0,0,-10
14817,0,29664952065,29664952107,0,0,-42
14818,0,29666953569,29666953521,0,0,48
14819,0,29668957826,29668957802,0,0,23
14820,0,29670959663,29670959622,0,0,40
14821,0,29672960157,29672960112,0,0,44
14822,0,29674963369,29674963305,0,0,64
14823,0,29676965161,29676965116,0,0,45
14824,0,29678967032,29678967052,0,0,-20
14825,0,29680969952,29680969964,0,0,-11
14826,0,29682972488,29682972458,0,0,29
14827,0,29684974236,29684974198,0,0,38
14828,0,29686976640,29686976581,0,0,59
14829,0,29688978994,29688978948,0,0,46
14830,0,29690979692,29690979623,0,0,68
14831,0,29692982601,29692982543,0,0,57
14832,0,29694985457,29694985488,0,0,-31
14833,0,29696987366,29696987376,0,0,-10
14834,0,29698989804,29698989764,0,0,40
14835,0,29700991900,29700991876,0,0,23
14836,0,29702993823,29702993793,0,0,29
14837,0,29704996533,29704996517,0,0,15
14838,0,29706998802,29706998784,0,0,17
14839,0,29709001404,29709001405,0,0,0
14840,0,29711003222,29711003172,0,0,49
14841,0,29713004326,29713004316,0,0,9
14842,0,29715007116,29715007110,0,0,6
14843,0,29717010483,29717010468,0,0,14
14844,0,29719012697,29719012732,0,0,-35
14845,0,29721014299,29721014242,0,0,56
14846,0,29723016278,29723016217,0,0,60
14847,0,29725018874,29725018826,0,0,48
14848,0,29727021246,29727021258,0,0,-12
14849,0,29729023258,29729023194,0,0,63
14850,0,29731025607,29731025623,0,0,-15
14851,0,29733028012,29733027954,0,0,58
14852,0,29735030683,29735030640,0,0,42
14853,0,29737032374,29737032343,0,0,30
14854,0,29739035046,29739035005,0,0,40
14855,0,29741038267,29741038229,0,0,38
14856,0,29743040535,29743040507,0,0,28
14857,0,29745041515,29745041495,0,0,20
14858,0,29747043645,29747043619,0,0,26
14859,0,29749046102,29749046087,0,0,14
14860,0,29751047967,29751047917,0,0,49
14861,0,29753050116,29753050159,0,0,-42
14862,0,29755052726,29755052693,0,0,33
14863,0,29757054392,29757054384,0,0,8
14864,0,29759057249,29759057210,0,0,39
14865,0,29761059105,29761059090,0,0,14
14866,0,29763061567,29763061555,0,0,11
14867,0,29765063453,29765063415,0,0,38
14868,0,29767065934,29767065890,0,0,43
14869,0,29769067615,29769067552,0,0,62
14870,0,29771069270,29771069271,0,0,0
14871,0,29773072225,29773072177,0,0,47
14872,0,29775075418,29775075362,0,0,56
14873,0,29777077484,29777077444,0,0,40
14874,0,29779078892,29779078905,0,0,-13
14875,0,29781080779,29781080730,0,0,49
14876,0,29783082829,29783082784,0,0,44
14877,0,29785085787,29785085811,0,0,-23
14878,0,29787088069,29787088055,0,0,14
14879,0,29789089906,29789089934,0,0,-28
14880,0,29791092697,29791092724,0,0,-26
14881,0,29793095013,29793095025,0,0,-12
14882,0,29795096461,29795096377,0,0,84
14883,0,29797098803,29797098737,0,0,65
14884,0,29799102165,29799102170,0,0,-4
14885,0,29801103123,29801103159,0,0,-35
14886,0,29803104771,29803104762,0,0,8
14887,0,29805107865,29805107892,0,0,-27
14888,0,29807110892,29807110879,0,0,12
14889,0,29809111285,29809111320,0,0,-34
14890,0,29811114447,29811114481,0,0,-34
14891,0,29813116354,29813116321,0,0,32
14892,0,29815118319,29815118351,0,0,-32
14893,0,29817122029,29817121991,0,0,38
14894,0,29819123817,29819123750,0,0,67
14895,0,29821125574,29821125543,0,0,30
14896,0,29823128507,29823128432,0,0,74
14897,0,29825130172,29825130114,0,0,57
14898,0,29827131874,29827131847,0,0,26
14899,0,29829133778,29829133800,0,0,-22
14900,0,29831137570,29831137547,0,0,23
14901,0,29833139098,29833139068,0,0,29
14902,0,29835141078,29835141055,0,0,22
14903,0,29837143571,29837143547,0,0,24
14904,0,29839146506,29839146426,0,0,79
14905,0,29841148001,29841147959,0,0,42
14906,0,29843150539,29843150524,0,0,14
14907,0,29845152224,29845152200,0,0,24
14908,0,29847154529,29847154480,0,0,48
14909,0,29849157048,29849157024,0,0,23
14910,0,29851159496,29851159470,0,0,25
14911,0,29853161105,29853161087,0,0,18
14912,0,29855164009,29855163938,0,0,71
14913,0,29857165889,29857165858,0,0,31
14914,0,29859168141,29859168084,0,0,57
14915,0,29861171168,29861171204,0,0,-35
14916,0,29863173886,29863173890,0,0,-4
14917,0,29865174712,29865174726,0,0,-14
14918,0,29867176794,29867176804,0,0,-10
14919,0,29869178998,29869179027,0,0,-29
14920,0,29871182507,29871182530,0,0,-23
14921,0,29873183905,29873183940,0,0,-34
14922,0,29875185808,29875185849,0,0,-40
14923,0,29877188334,29877188305,0,0,28
14924,0,29879190247,29879190214,0,0,32
14925,0,29881192270,29881192246,0,0,24
14926,0,29883194571,29883194516,0,0,54
14927,0,29885197460,29885197440,0,0,19
14928,0,29887200270,29887200232,0,0,38
14929,0,29889202534,29889202494,0,0,40
14930,0,29891203801,29891203768,0,0,32
14931,0,29893205467,29893205430,0,0,36
14932,0,29895207352,29895207315,0,0,37
14933,0,29897210161,29897210153,0,0,7
14934,0,29899212593,29899212531,0,0,62
14935,0,29901214706,29901214682,0,0,24
14936,0,29903217837,29903217775,0,0,61
14937,0,29905220185,29905220157,0,0,27
14938,0,29907221703,29907221652,0,0,51
14939,0,29909223835,29909223795,0,0,39
14940,0,29911225905,29911225869,0,0,35
14941,0,29913228246,29913228235,0,0,11
14942,0,29915230169,29915230121,0,0,48
14943,0,29917232739,29917232710,0,0,29
14944,0,29919235201,29919235151,0,0,49
14945,0,29921237658,29921237613,0,0,44
14946,0,29923239400,29923239373,0,0,27
14947,0,29925241271,29925241243,0,0,28
14948,0,29927243939,29927243950,0,0,-10
14949,0,29929246212,29929246168,0,0,43
14950,0,29931247996,29931247936,0,0,60
14951,0,29933249839,29933249811,0,0,27
14952,0,29935252553,29935252527,0,0,26
14953,0,29937254656,29937254621,0,0,34
14954,0,29939256893,29939256915,0,0,-22
14955,0,29941261044,29941261083,0,0,-39
14956,0,29943261141,29943261180,0,0,-39
14957,0,29945263054,29945263089,0,0,-34
14958,0,29947265964,29947266015,0,0,-51
14959,0,29949267753,29949267746,0,0,7
14960,0,29951269933,29951269874,0,0,59
14961,0,29953272269,29953272240,0,0,29
14962,0,29955274158,29955274137,0,0,20
14963,0,29957276821,29957276795,0,0,25
14964,0,29959279204,29959279160,0,0,43
14965,0,29961281440,29961281422,0,0,17
14966,0,29963283530,29963283516,0,0,14
14967,0,29965286087,29965286078,0,0,9
14968,0,29967289045,29967288976,0,0,69
14969,0,29969290338,29969290298,0,0,39
14970,0,29971292367,29971292309,0,0,58
14971,0,29973293779,29973293755,0,0,24
14972,0,29975296815,29975296786,0,0,29
14973,0,29977298441,29977298411,0,0,29
14974,0,29979302143,29979302096,0,0,46
14975,0,29981303560,29981303525,0,0,35
14976,0,29983306568,29983306548,0,0,20
14977,0,29985308398,29985308424,0,0,-25
14978,0,29987310224,29987310213,0,0,11
14979,0,29989313292,29989313269,0,0,22
14980,0,29991314761,29991314732,0,0,29
14981,0,29993317022,29993317058,0,0,-35
14982,0,29995318758,29995318802,0,0,-44
14983,0,29997320509,29997320534,0,0,-25
14984,0,29999324746,29999324759,0,0,-12
14985,0,30001325611,30001325636,0,0,-24
14986,0,30003327215,30003327258,0,0,-42
14987,0,30005330941,30005330921,0,0,19
14988,0,30007332304,30007332291,0,0,13
14989,0,30009333707,30009333738,0,0,-30
14990,0,30011337053,30011337104,0,0,-50
14991,0,30013339236,30013339211,0,0,24
14992,0,30015341438,30015341382,0,0,55
14993,0,30017343331,30017343307,0,0,24
14994,0,30019345439,30019345433,0,0,5
14995,0,30021348367,30021348339,0,0,27
14996,0,30023350685,30023350668,0,0,16
14997,0,30025352282,30025352246,0,0,35
14998,0,30027353986,30027353943,0,0,42
14999,0,30029357020,30029356964,0,0,55
15000,0,30031359521,30031359435,0,0,85
15001,0,30033361415,30033361370,0,0,45
15002,0,30035364020,30035363953,0,0,66
15003,0,30037366079,30037366053,0,0,26
15004,0,30039368103,30039368129,0,0,-26
15005,0,30041371743,30041371768,0,0,-24
15006,0,30043373424,30043373409,0,0,14
15007,0,30045375006,30045374961,0,0,44
15008,0,30047377031,30047377043,0,0,-12
15009,0,30049379325,30049379346,0,0,-20
15010,0,30051381687,30051381705,0,0,-18
15011,0,30053384234,30053384197,0,0,36
15012,0,30055385982,30055385930,0,0,51
15013,0,30057388386,30057388348,0,0,38
15014,0,30059390791,30059390747,0,0,43
15015,0,30061392744,30061392713,0,0,31
15016,0,30063394958,30063394900,0,0,58
15017,0,30065397499,30065397460,0,0,39
15018,0,30067399087,30067399033,0,0,53
15019,0,30069400559,30069400590,0,0,-31
15020,0,30071403722,30071403754,0,0,-31
15021,0,30073405934,30073405948,0,0,-13
15022,0,30075407116,30075407127,0,0,-10
15023,0,30077410355,30077410366,0,0,-11
15024,0,30079412990,30079413010,0,0,-20
15025,0,30081414977,30081414918,0,0,59
15026,0,30083417254,30083417193,0,0,61
15027,0,30085419573,30085419524,0,0,48
15028,0,30087421755,30087421714,0,0,40
15029,0,30089423947,30089423899,0,0,47
15030,0,30091426105,30091426091,0,0,13
15031,0,30093428076,30093428026,0,0,49
15032,0,30095430426,30095430329,0,0,96
15033,0,30097433372,30097433328,0,0,43
15034,0,30099435269,30099435193,0,0,76
15035,0,30101436893,30101436827,0,0,65
15036,0,30103438467,30103438398,0,0,68
15037,0,30105441293,30105441255,0,0,38
15038,0,30107443222,30107443162,0,0,60
15039,0,30109445670,30109445611,0,0,59
15040,0,30111447547,30111447467,0,0,79
15041,0,30113450568,30113450525,0,0,42
15042,0,30115452932,30115452838,0,0,94
15043,0,30117456078,30117456036,0,0,41
15044,0,30119458373,30119458326,0,0,47
15045,0,30121459749,30121459712,0,0,37
15046,0,30123461492,30123461416,0,0,76
15047,0,30125462883,30125462835,0,0,47
15048,0,30127465834,30127465804,0,0,29
15049,0,30129468709,30129468658,0,0,51
15050,0,30131470706,30131470732,0,0,-26
15051,0,30133472512,30133472524,0,0,-11
15052,0,30135474505,30135474467,0,0,38
15053,0,30137477091,30137477132,0,0,-40
15054,0,30139479503,30139479435,0,0,67
15055,0,30141482678,30141482656,0,0,22
15056,0,30143484096,30143484051,0,0,44
15057,0,30145486188,30145486180,0,0,8
15058,0,30147488267,30147488217,0,0,49
15059,0,30149490573,30149490529,0,0,44
15060,0,30151492771,30151492803,0,0,-31
15061,0,30153495505,30153495479,0,0,25
15062,0,30155497577,30155497519,0,0,58
15063,0,30157499328,30157499283,0,0,44
15064,0,30159501797,30159501808,0,0,-11
15065,0,30161504303,30161504336,0,0,-33
15066,0,30163506442,30163506449,0,0,-7
15067,0,30165508399,30165508447,0,0,-47
15068,0,30167510278,30167510319,0,0,-40
15069,0,30169511438,30169511467,0,0,-28
15070,0,30171513842,30171513851,0,0,-9
15071,0,30173516575,30173516552,0,0,23
15072,0,30175519683,30175519661,0,0,21
15073,0,30177521656,30177521644,0,0,11
15074,0,30179523756,30179523732,0,0,24
15075,0,30181526117,30181526149,0,0,-31
15076,0,30183529543,30183529525,0,0,17
15077,0,30185529867,30185529835,0,0,31
15078,0,30187531860,30187531832,0,0,28
15079,0,30189535483,30189535463,0,0,19
15080,0,30191537382,30191537334,0,0,47
15081,0,30193541134,30193541096,0,0,38
15082,0,30195541937,30195541905,0,0,32
15083,0,30197544386,30197544372,0,0,14
15084,0,30199546141,30199546116,0,0,24
15085,0,30201548193,30201548218,0,0,-25
15086,0,30203549400,30203549408,0,0,-8
15087,0,30205552320,30205552283,0,0,36
15088,0,30207556173,30207556133,0,0,40
15089,0,30209558305,30209558329,0,0,-24
15090,0,30211559843,30211559809,0,0,33
15091,0,30213561656,30213561651,0,0,4
15092,0,30215563854,30215563817,0,0,36
15093,0,30217566053,30217566015,0,0,38
15094,0,30219568043,30219568028,0,0,15
15095,0,30221570991,30221570982,0,0,8
15096,0,30223573060,30223573015,0,0,44
15097,0,30225576209,30225576176,0,0,33
15098,0,30227577472,30227577444,0,0,28
15099,0,30229579217,30229579210,0,0,7
15100,0,30231580830,30231580799,0,0,31
15101,0,30233583970,30233583943,0,0,26
15102,0,30235586614,30235586570,0,0,44
15103,0,30237588302,30237588339,0,0,-36
15104,0,30239590996,30239591030,0,0,-33
15105,0,30241593973,30241593950,0,0,23
15106,0,30243595071,30243595044,0,0,27
15107,0,30245597424,30245597450,0,0,-26
15108,0,30247599754,30247599716,0,0,38
15109,0,30249602142,30249602107,0,0,34
15110,0,30251604458,30251604418,0,0,40
15111,0,30253606705,30253606687,0,0,17
15112,0,30255608594,30255608543,0,0,51
15113,0,30257611703,30257611745,0,0,-42
15114,0,30259613163,30259613125,0,0,38
15115,0,30261615387,30261615411,0,0,-23
15116,0,30263617417,30263617406,0,0,10
15117,0,30265619837,30265619777,0,0,59
15118,0,30267622290,30267622215,0,0,75
15119,0,30269624249,30269624224,0,0,24
15120,0,30271626795,30271626768,0,0,26
15121,0,30273628268,30273628257,0,0,11
15122,0,30275629435,30275629411,0,0,24
15123,0,30277631629,30277631587,0,0,42
15124,0,30279634316,30279634349,0,0,-32
15125,0,30281636907,30281636939,0,0,-31
15126,0,30283638486,30283638518,0,0,-31
15127,0,30285641275,30285641301,0,0,-25
15128,0,30287643657,30287643591,0,0,65
15129,0,30289647605,30289647554,0,0,51
15130,0,30291648961,30291648950,0,0,10
15131,0,30293650470,30293650450,0,0,20
15132,0,30295652157,30295652117,0,0,39
15133,0,30297655048,30297655011,0,0,37
15134,0,30299656157,30299656148,0,0,9
15135,0,30301658494,30301658452,0,0,41
15136,0,30303662283,30303662235,0,0,47
15137,0,30305663996,30305663948,0,0,48
15138,0,30307666370,30307666418,0,0,-47
15139,0,30309669085,30309669121,0,0,-35
15140,0,30311670950,30311670960,0,0,-10
15141,0,30313672682,30313672704,0,0,-22
15142,0,30315674177,30315674156,0,0,20
15143,0,30317677413,30317677365,0,0,47
15144,0,30319679853,30319679765,0,0,87
15145,0,30321682937,30321682856,0,0,80
15146,0,30323684244,30323684161,0,0,83
15147,0,30325686656,30325686600,0,0,56
15148,0,30327688660,30327688602,0,0,58
15149,0,30329691389,30329691364,0,0,24
15150,0,30331693215,30331693170,0,0,44
15151,0,30333695098,30333695055,0,0,42
15152,0,30335697512,30335697476,0,0,35
15153,0,30337699942,30337699954,0,0,-11
15154,0,30339701814,30339701750,0,0,64
15155,0,30341705594,30341705557,0,0,36
15156,0,30343706678,30343706649,0,0,28
15157,0,30345708695,30345708669,0,0,25
15158,0,30347710763,30347710716,0,0,46
15159,0,30349712614,30349712573,0,0,41
15160,0,30351715126,30351715058,0,0,68
15161,0,30353718981,30353718937,0,0,43
15162,0,30355720525,30355720455,0,0,69
15163,0,30357721792,30357721760,0,0,31
15164,0,30359724510,30359724463,0,0,46
15165,0,30361726154,30361726078,0,0,75
15166,0,30363728615,30363728537,0,0,78
15167,0,30365731789,30365731731,0,0,58
15168,0,30367733351,30367733291,0,0,60
15169,0,30369735232,30369735166,0,0,66
15170,0,30371737418,30371737343,0,0,74
15171,0,30373739847,30373739805,0,0,41
15172,0,30375742322,30375742232,0,0,89
15173,0,30377744680,30377744642,0,0,38
15174,0,30379746453,30379746485,0,0,-31
15175,0,30381748705,30381748665,0,0,40
15176,0,30383750858,30383750806,0,0,51
15177,0,30385753094,30385753056,0,0,38
15178,0,30387754988,30387755015,0,0,-26
15179,0,30389756223,30389756248,0,0,-24
15180,0,30391759112,30391759128,0,0,-15
15181,0,30393761838,30393761850,0,0,-11
15182,0,30395764271,30395764305,0,0,-34
15183,0,30397766134,30397766096,0,0,38
15184,0,30399767935,30399767851,0,0,84
15185,0,30401771321,30401771280,0,0,40
15186,0,30403773361,30403773319,0,0,42
15187,0,30405775113,30405775067,0,0,46
15188,0,30407777712,30407777691,0,0,21
15189,0,30409779766,30409779736,0,0,29
15190,0,30411781957,30411781920,0,0,36
15191,0,30413784144,30413784126,0,0,17
15192,0,30415786214,30415786156,0,0,58
15193,0,30417788899,30417788862,0,0,37
15194,0,30419791644,30419791574,0,0,69
15195,0,30421793022,30421792983,0,0,38
15196,0,30423795215,30423795187,0,0,27
15197,0,30425797442,30425797421,0,0,20
15198,0,30427800002,30427799983,0,0,19
15199,0,30429802235,30429802228,0,0,7
15200,0,30431804143,30431804104,0,0,39
15201,0,30433806487,30433806471,0,0,15
15202,0,30435808865,30435808847,0,0,18
15203,0,30437811796,30437811770,0,0,26
15204,0,30439814011,30439813973,0,0,37
15205,0,30441817431,30441817400,0,0,31
15206,0,30443816283,30443816255,0,0,28
15207,0,30445818494,30445818447,0,0,46
15208,0,30447821471,30447821501,0,0,-29
15209,0,30449825489,30449825516,0,0,-26
15210,0,30451826852,30451826797,0,0,54
15211,0,30453828575,30453828553,0,0,21
15212,0,30455830918,30455830898,0,0,19
15213,0,30457833101,30457833074,0,0,26
15214,0,30459835227,30459835209,0,0,17
15215,0,30461836189,30461836161,0,0,28
15216,0,30463838590,30463838556,0,0,33
15217,0,30465840853,30465840807,0,0,45
15218,0,30467843438,30467843392,0,0,46
15219,0,30469846601,30469846534,0,0,66
15220,0,30471849198,30471849235,0,0,-36
15221,0,30473850827,30473850837,0,0,-9
15222,0,30475853298,30475853227,0,0,71
15223,0,30477856437,30477856417,0,0,19
15224,0,30479858774,30479858739,0,0,34
15225,0,30481860047,30481860039,0,0,7
15226,0,30483863764,30483863783,0,0,-18
15227,0,30485864467,30485864509,0,0,-42
15228,0,30487866922,30487866959,0,0,-36
15229,0,30489868321,30489868355,0,0,-33
15230,0,30491869885,30491869917,0,0,-31
15231,0,30493873096,30493873132,0,0,-35
15232,0,30495875667,30495875683,0,0,-16
15233,0,30497877596,30497877582,0,0,14
15234,0,30499880044,30499880001,0,0,43
15235,0,30501883042,30501883028,0,0,14
15236,0,30503886010,30503886051,0,0,-40
15237,0,30505886348,30505886378,0,0,-30
15238,0,30507888863,30507888875,0,0,-11
15239,0,30509890880,30509890845,0,0,35
15240,0,30511893642,30511893591,0,0,51
15241,0,30513895425,30513895397,0,0,27
15242,0,30515899350,30515899296,0,0,53
15243,0,30517900323,30517900297,0,0,25
15244,0,30519902395,30519902408,0,0,-12
15245,0,30521904230,30521904204,0,0,26
15246,0,30523906575,30523906548,0,0,26
15247,0,30525909247,30525909238,0,0,8
15248,0,30527912597,30527912570,0,0,26
15249,0,30529914110,30529914151,0,0,-41
15250,0,30531915763,30531915746,0,0,16
15251,0,30533918043,30533918079,0,0,-35
15252,0,30535920223,30535920254,0,0,-31
15253,0,30537922196,30537922221,0,0,-24
15254,0,30539924294,30539924285,0,0,9
15255,0,30541928237,30541928202,0,0,34
15256,0,30543929706,30543929660,0,0,46
15257,0,30545932829,30545932816,0,0,13
15258,0,30547935123,30547935068,0,0,55
15259,0,30549935841,30549935813,0,0,28
15260,0,30551937950,30551937928,0,0,22
15261,0,30553940143,30553940155,0,0,-11
15262,0,30555942465,30555942395,0,0,69
15263,0,30557944838,30557944772,0,0,66
15264,0,30559946851,30559946812,0,0,39
15265,0,30561948997,30561948946,0,0,51
15266,0,30563950892,30563950883,0,0,8
15267,0,30565952098,30565952040,0,0,58
15268,0,30567954775,30567954725,0,0,49
15269,0,30569957613,30569957588,0,0,25
15270,0,30571960106,30571960077,0,0,29
15271,0,30573961991,30573961943,0,0,47
15272,0,30575963982,30575963914,0,0,67
15273,0,30577966227,30577966191,0,0,35
15274,0,30579968714,30579968709,0,0,5
15275,0,30581970004,30581969980,0,0,23
15276,0,30583973461,30583973433,0,0,27
15277,0,30585975401,30585975432,0,0,-31
15278,0,30587977641,30587977620,0,0,20
15279,0,30589980074,30589980048,0,0,26
15280,0,30591982662,30591982619,0,0,42
15281,0,30593984591,30593984577,0,0,14
15282,0,30595986348,30595986322,0,0,25
15283,0,30597987588,30597987567,0,0,21
15284,0,30599989604,30599989574,0,0,30
15285,0,30601992278,30601992214,0,0,63
15286,0,30603995676,30603995597,0,0,78
15287,0,30605997702,30605997660,0,0,42
15288,0,30608000554,30608000514,0,0,40
15289,0,30610001847,30610001786,0,0,60
15290,0,30612004236,30612004229,0,0,7
15291,0,30614005692,30614005702,0,0,-9
15292,0,30616009236,30616009231,0,0,5
15293,0,30618011559,30618011568,0,0,-8
15294,0,30620013424,30620013465,0,0,-40
15295,0,30622015683,30622015696,0,0,-12
15296,0,30624017879,30624017890,0,0,-11
15297,0,30626019871,30626019902,0,0,-30
15298,0,30628021873,30628021912,0,0,-38
15299,0,30630024802,30630024790,0,0,11
15300,0,30632028011,30632027964,0,0,47
15301,0,30634028424,30634028367,0,0,57
15302,0,30636030327,30636030258,0,0,68
15303,0,30638032874,30638032827,0,0,46
15304,0,30640034755,30640034677,0,0,78
15305,0,30642039081,30642039022,0,0,59
15306,0,30644040087,30644040002,0,0,85
15307,0,30646042152,30646042099,0,0,52
15308,0,30648044719,30648044671,0,0,48
15309,0,30650046619,30650046625,0,0,-6
15310,0,30652048878,30652048889,0,0,-11
15311,0,30654050537,30654050559,0,0,-22
15312,0,30656052541,30656052541,0,0,0
15313,0,30658055527,30658055485,0,0,42
15314,0,30660057785,30660057734,0,0,51
15315,0,30662060229,30662060195,0,0,33
15316,0,30664062680,30664062642,0,0,38
15317,0,30666064093,30666064125,0,0,-32
15318,0,30668066444,30668066418,0,0,25
15319,0,30670068742,30670068716,0,0,26
15320,0,30672070276,30672070231,0,0,44
15321,0,30674073098,30674073080,0,0,17
15322,0,30676075658,30676075606,0,0,51
15323,0,30678077652,30678077623,0,0,29
15324,0,30680078896,30680078860,0,0,35
15325,0,30682081698,30682081658,0,0,40
15326,0,30684084483,30684084449,0,0,33
15327,0,30686086948,30686086918,0,0,29
15328,0,30688088579,30688088571,0,0,8
15329,0,30690090272,30690090246,0,0,26
15330,0,30692092937,30692092920,0,0,17
15331,0,30694094801,30694094786,0,0,15
15332,0,30696097802,30696097771,0,0,31
15333,0,30698099743,30698099734,0,0,8
15334,0,30700101100,30700101114,0,0,-14
15335,0,30702103405,30702103443,0,0,-38
15336,0,30704106803,30704106807,0,0,-4
15337,0,30706109496,30706109541,0,0,-44
15338,0,30708112138,30708112131,0,0,6
15339,0,30710113374,30710113348,0,0,26
15340,0,30712114293,30712114303,0,0,-10
15341,0,30714116610,30714116575,0,0,34
15342,0,30716119197,30716119161,0,0,35
15343,0,30718123143,30718123121,0,0,22
15344,0,30720124786,30720124733,0,0,52
15345,0,30722127265,30722127233,0,0,32
15346,0,30724129217,30724129200,0,0,17
15347,0,30726130826,30726130802,0,0,24
15348,0,30728132422,30728132395,0,0,26
15349,0,30730135214,30730135192,0,0,22
15350,0,30732137022,30732137003,0,0,19
15351,0,30734140137,30734140094,0,0,42
15352,0,30736142296,30736142246,0,0,50
15353,0,30738144420,30738144373,0,0,47
15354,0,30740146921,30740146878,0,0,42
15355,0,30742150271,30742150251,0,0,19
15356,0,30744151579,30744151588,0,0,-9
15357,0,30746153114,30746153149,0,0,-35
15358,0,30748154274,30748154305,0,0,-30
15359,0,30750156512,30750156478,0,0,33
15360,0,30752159287,30752159281,0,0,6
15361,0,30754162107,30754162070,0,0,36
15362,0,30756163573,30756163534,0,0,38
15363,0,30758167774,30758167760,0,0,13
15364,0,30760169907,30760169937,0,0,-29
15365,0,30762171321,30762171284,0,0,36
15366,0,30764173400,30764173373,0,0,26
15367,0,30766175757,30766175733,0,0,23
15368,0,30768177918,30768177874,0,0,44
15369,0,30770180244,30770180201,0,0,43
15370,0,30772182303,30772182254,0,0,48
15371,0,30774184681,30774184656,0,0,24
15372,0,30776186758,30776186723,0,0,35
15373,0,30778189188,30778189242,0,0,-54
15374,0,30780191337,30780191366,0,0,-28
15375,0,30782194330,30782194352,0,0,-22
15376,0,30784197040,30784196982,0,0,58
15377,0,30786198110,30786198087,0,0,23
15378,0,30788200258,30788200219,0,0,39
15379,0,30790202988,30790202959,0,0,29
15380,0,30792205012,30792204994,0,0,17
15381,0,30794206402,30794206322,0,0,79
15382,0,30796208035,30796208047,0,0,-11
15383,0,30798211755,30798211688,0,0,66
15384,0,30800213873,30800213862,0,0,10
15385,0,30802215773,30802215718,0,0,55
15386,0,30804218670,30804218595,0,0,75
15387,0,30806219982,30806219905,0,0,76
15388,0,30808221714,30808221638,0,0,75
15389,0,30810224791,30810224759,0,0,31
15390,0,30812227023,30812226995,0,0,27
15391,0,30814229992,30814230024,0,0,-31
15392,0,30816232606,30816232584,0,0,22
15393,0,30818233537,30818233523,0,0,13
15394,0,30820235920,30820235880,0,0,39
15395,0,30822239197,30822239155,0,0,42
15396,0,30824241404,30824241380,0,0,23
15397,0,30826242548,30826242523,0,0,25
15398,0,30828244426,30828244417,0,0,8
15399,0,30830246134,30830246109,0,0,24
15400,0,30832249442,30832249433,0,0,8
15401,0,30834251566,30834251593,0,0,-27
15402,0,30836253558,30836253502,0,0,56
15403,0,30838255682,30838255644,0,0,38
15404,0,30840258048,30840257994,0,0,53
15405,0,30842261102,30842261062,0,0,39
15406,0,30844261532,30844261501,0,0,31
15407,0,30846264674,30846264636,0,0,37
15408,0,30848267593,30848267563,0,0,29
15409,0,30850269516,30850269471,0,0,44
15410,0,30852271265,30852271217,0,0,47
15411,0,30854272438,30854272412,0,0,25
15412,0,30856274997,30856274949,0,0,48
15413,0,30858278734,30858278686,0,0,47
15414,0,30860280547,30860280498,0,0,48
15415,0,30862282507,30862282467,0,0,39
15416,0,30864284723,30864284694,0,0,28
15417,0,30866287109,30866287081,0,0,27
15418,0,30868289341,30868289255,0,0,86
15419,0,30870292500,30870292459,0,0,40
15420,0,30872293278,30872293245,0,0,33
15421,0,30874295143,30874295103,0,0,39
15422,0,30876298479,30876298439,0,0,40
15423,0,30878300487,30878300436,0,0,51
15424,0,30880302417,30880302348,0,0,69
15425,0,30882304438,30882304390,0,0,47
15426,0,30884306473,30884306429,0,0,44
15427,0,30886309280,30886309243,0,0,37
15428,0,30888311750,30888311724,0,0,26
15429,0,30890313375,30890313363,0,0,11
15430,0,30892314919,30892314937,0,0,-18
15431,0,30894318047,30894318060,0,0,-13
15432,0,30896320874,30896320896,0,0,-22
15433,0,30898322887,30898322846,0,0,40
15434,0,30900325278,30900325287,0,0,-8
15435,0,30902328269,30902328231,0,0,38
15436,0,30904329140,30904329090,0,0,49
15437,0,30906331660,30906331612,0,0,48
15438,0,30908334130,30908334070,0,0,59
15439,0,30910335711,30910335656,0,0,55
15440,0,30912338423,30912338357,0,0,66
15441,0,30914340220,30914340230,0,0,-10
15442,0,30916342211,30916342222,0,0,-11
15443,0,30918344871,30918344860,0,0,11
15444,0,30920347251,30920347265,0,0,-13
15445,0,30922349096,30922349044,0,0,51
15446,0,30924351237,30924351152,0,0,85
15447,0,30926353790,30926353743,0,0,47
15448,0,30928356170,30928356161,0,0,8
15449,0,30930358148,30930358171,0,0,-22
15450,0,30932360722,30932360661,0,0,60
15451,0,30934364257,30934364202,0,0,54
15452,0,30936364839,30936364865,0,0,-25
15453,0,30938366862,30938366895,0,0,-32
15454,0,30940368370,30940368415,0,0,-44
15455,0,30942373199,30942373159,0,0,39
15456,0,30944373832,30944373797,0,0,35
15457,0,30946375720,30946375689,0,0,31
15458,0,30948377989,30948378010,0,0,-20
15459,0,30950382172,30950382184,0,0,-12
15460,0,30952383483,30952383498,0,0,-14
15461,0,30954384573,30954384552,0,0,21
15462,0,30956385911,30956385863,0,0,47
15463,0,30958387938,30958387916,0,0,21
15464,0,30960390540,30960390488,0,0,51
15465,0,30962394337,30962394312,0,0,24
15466,0,30964396714,30964396679,0,0,35
15467,0,30966399197,30966399175,0,0,22
15468,0,30968400795,30968400777,0,0,17
15469,0,30970402787,30970402761,0,0,25
15470,0,30972405228,30972405218,0,0,9
15471,0,30974407277,30974407252,0,0,24
15472,0,30976409481,30976409519,0,0,-37
15473,0,30978412401,30978412443,0,0,-42
15474,0,30980413822,30980413862,0,0,-39
15475,0,30982415831,30982415869,0,0,-38
15476,0,30984417233,30984417219,0,0,14
15477,0,30986420509,30986420484,0,0,24
15478,0,30988422580,30988422536,0,0,44
15479,0,30990424215,30990424198,0,0,16
15480,0,30992427758,30992427780,0,0,-22
15481,0,30994429757,30994429791,0,0,-33
15482,0,30996431844,30996431822,0,0,21
15483,0,30998434898,30998434873,0,0,24
15484,0,31000435948,31000435982,0,0,-33
15485,0,31002438376,31002438411,0,0,-35
15486,0,31004440665,31004440708,0,0,-42
15487,0,31006442652,31006442689,0,0,-36
15488,0,31008444975,31008444917,0,0,58
15489,0,31010446584,31010446575,0,0,8
15490,0,31012449283,31012449229,0,0,54
15491,0,31014451889,31014451869,0,0,20
15492,0,31016454320,31016454271,0,0,48
15493,0,31018455647,31018455697,0,0,-50
15494,0,31020457197,31020457197,0,0,0
15495,0,31022460047,31022460015,0,0,31
15496,0,31024461438,31024461379,0,0,58
15497,0,31026463712,31026463674,0,0,38
15498,0,31028466114,31028466066,0,0,47
15499,0,31030468923,31030468880,0,0,42
15500,0,31032470426,31032470442,0,0,-15
15501,0,31034472705,31034472748,0,0,-42
15502,0,31036475134,31036475106,0,0,28
15503,0,31038477395,31038477380,0,0,15
15504,0,31040480761,31040480725,0,0,35
15505,0,31042484395,31042484359,0,0,36
15506,0,31044485033,31044485024,0,0,8
15507,0,31046487188,31046487181,0,0,7
15508,0,31048489764,31048489753,0,0,10
15509,0,31050491516,31050491461,0,0,54
15510,0,31052494096,31052494074,0,0,22
15511,0,31054496557,31054496532,0,0,25
15512,0,31056498256,31056498194,0,0,62
15513,0,31058500453,31058500412,0,0,41
15514,0,31060502910,31060502843,0,0,66
15515,0,31062505071,31062505044,0,0,26
15516,0,31064507426,31064507362,0,0,64
15517,0,31066509731,31066509692,0,0,38
15518,0,31068511886,31068511840,0,0,45
15519,0,31070514028,31070513990,0,0,38
15520,0,31072515983,31072515940,0,0,42
15521,0,31074517222,31074517216,0,0,6
15522,0,31076521097,31076521053,0,0,44
15523,0,31078523799,31078523768,0,0,31
15524,0,31080526757,31080526747,0,0,9
15525,0,31082527155,31082527185,0,0,-29
15526,0,31084529903,31084529837,0,0,66
15527,0,31086531847,31086531795,0,0,51
15528,0,31088534155,31088534123,0,0,31
15529,0,31090536148,31090536108,0,0,40
15530,0,31092538384,31092538306,0,0,77
15531,0,31094540610,31094540572,0,0,38
15532,0,31096543112,31096543094,0,0,17
15533,0,31098545157,31098545111,0,0,46
15534,0,31100547426,31100547388,0,0,38
15535,0,31102549595,31102549569,0,0,26
15536,0,31104552002,31104551957,0,0,45
15537,0,31106553880,31106553835,0,0,44
15538,0,31108556537,31108556548,0,0,-10
15539,0,31110558555,31110558570,0,0,-15
15540,0,31112560640,31112560588,0,0,51
15541,0,31114562820,31114562777,0,0,43
15542,0,31116565184,31116565112,0,0,71
15543,0,31118567068,31118567018,0,0,49
15544,0,31120568381,31120568325,0,0,55
15545,0,31122570664,31122570631,0,0,33
15546,0,31124574639,31124574556,0,0,83
15547,0,31126575869,31126575837,0,0,32
15548,0,31128578319,31128578233,0,0,85
15549,0,31130579783,31130579818,0,0,-35
15550,0,31132583066,31132583107,0,0,-40
15551,0,31134584764,31134584796,0,0,-32
15552,0,31136586640,31136586603,0,0,37
15553,0,31138589546,31138589492,0,0,53
15554,0,31140591901,31140591846,0,0,54
15555,0,31142596811,31142596791,0,0,20
15556,0,31144597359,31144597304,0,0,55
15557,0,31146598777,31146598723,0,0,54
15558,0,31148600619,31148600577,0,0,42
15559,0,31150602386,31150602355,0,0,30
15560,0,31152604368,31152604289,0,0,79
15561,0,31154607476,31154607417,0,0,58
15562,0,31156610546,31156610620,0,0,-74
15563,0,31158613009,31158612974,0,0,35
15564,0,31160615200,31160615162,0,0,38
15565,0,31162617388,31162617352,0,0,35
15566,0,31164619421,31164619393,0,0,27
15567,0,31166621739,31166621707,0,0,31
15568,0,31168625515,31168625498,0,0,16
15569,0,31170625952,31170625914,0,0,38
15570,0,31172626709,31172626671,0,0,38
15571,0,31174629549,31174629586,0,0,-36
15572,0,31176631861,31176631870,0,0,-8
15573,0,31178633676,31178633631,0,0,45
15574,0,31180635667,31180635616,0,0,51
15575,0,31182638877,31182638866,0,0,11
15576,0,31184641275,31184641249,0,0,26
15577,0,31186642963,31186642985,0,0,-22
15578,0,31188645195,31188645137,0,0,58
15579,0,31190647469,31190647417,0,0,51
15580,0,31192650972,31192650922,0,0,49
15581,0,31194651941,31194651902,0,0,39
15582,0,31196654714,31196654723,0,0,-8
15583,0,31198656631,31198656575,0,0,55
15584,0,31200658988,31200658944,0,0,44
15585,0,31202660929,31202660882,0,0,47
15586,0,31204663190,31204663158,0,0,31
15587,0,31206665370,31206665332,0,0,38
15588,0,31208667349,31208667321,0,0,28
15589,0,31210669916,31210669878,0,0,38
15590,0,31212671982,31212671921,0,0,60
15591,0,31214674294,31214674320,0,0,-25
15592,0,31216676551,31216676561,0,0,-9
15593,0,31218678980,31218679004,0,0,-23
15594,0,31220680953,31220680964,0,0,-10
15595,0,31222683396,31222683354,0,0,42
15596,0,31224686348,31224686330,0,0,17
15597,0,31226687959,31226688000,0,0,-40
15598,0,31228690529,31228690471,0,0,58
15599,0,31230692226,31230692187,0,0,39
15600,0,31232694382,31232694339,0,0,42
15601,0,31234696368,31234696334,0,0,33
15602,0,31236698735,31236698703,0,0,32
15603,0,31238701511,31238701474,0,0,37
15604,0,31240703026,31240703074,0,0,-47
15605,0,31242706908,31242706959,0,0,-50
15606,0,31244707762,31244707788,0,0,-25
15607,0,31246709326,31246709360,0,0,-33
15608,0,31248711116,31248711077,0,0,38
15609,0,31250714270,31250714252,0,0,17
15610,0,31252716990,31252717021,0,0,-31
15611,0,31254718517,31254718493,0,0,24
15612,0,31256720909,31256720881,0,0,27
15613,0,31258722926,31258722901,0,0,25
15614,0,31260726020,31260725986,0,0,33
15615,0,31262727323,31262727297,0,0,25
15616,0,31264730133,31264730107,0,0,25
15617,0,31266732162,31266732134,0,0,27
15618,0,31268734485,31268734460,0,0,25
15619,0,31270737159,31270737133,0,0,25
15620,0,31272738934,31272738916,0,0,17
15621,0,31274741001,31274741001,0,0,0
15622,0,31276743805,31276743847,0,0,-42
15623,0,31278745369,31278745429,0,0,-60
15624,0,31280747467,31280747440,0,0,26
15625,0,31282750051,31282750061,0,0,-10
15626,0,31284751714,31284751683,0,0,31
15627,0,31286753240,31286753222,0,0,17
15628,0,31288757029,31288756981,0,0,47
15629,0,31290756902,31290756868,0,0,33
15630,0,31292759978,31292759900,0,0,78
15631,0,31294762804,31294762817,0,0,-12
15632,0,31296764123,31296764083,0,0,40
15633,0,31298766110,31298766060,0,0,49
15634,0,31300768909,31300768867,0,0,42
15635,0,31302771997,31302771948,0,0,49
15636,0,31304774840,31304774796,0,0,43
15637,0,31306776442,31306776386,0,0,55
15638,0,31308777681,31308777643,0,0,38
15639,0,31310780754,31310780781,0,0,-26
15640,0,31312783435,31312783440,0,0,-4
15641,0,31314785555,31314785570,0,0,-15
15642,0,31316788308,31316788286,0,0,22
15643,0,31318789670,31318789683,0,0,-13
15644,0,31320793141,31320793073,0,0,68
15645,0,31322794523,31322794549,0,0,-26
15646,0,31324796790,31324796799,0,0,-8
15647,0,31326798658,31326798682,0,0,-23
15648,0,31328801447,31328801469,0,0,-22
15649,0,31330802720,31330802743,0,0,-23
15650,0,31332804369,31332804406,0,0,-36
15651,0,31334807615,31334807587,0,0,28
15652,0,31336809911,31336809863,0,0,47
15653,0,31338812053,31338811990,0,0,63
15654,0,31340814105,31340814031,0,0,74
15655,0,31342817341,31342817303,0,0,37
15656,0,31344818811,31344818791,0,0,20
15657,0,31346821338,31346821323,0,0,14
15658,0,31348823480,31348823469,0,0,11
15659,0,31350825391,31350825406,0,0,-15
15660,0,31352828974,31352828999,0,0,-24
15661,0,31354830570,31354830526,0,0,43
15662,0,31356831944,31356831905,0,0,39
15663,0,31358833063,31358833088,0,0,-24
15664,0,31360836700,31360836642,0,0,57
15665,0,31362838574,31362838536,0,0,38
15666,0,31364839736,31364839695,0,0,40
15667,0,31366841953,31366841902,0,0,51
15668,0,31368844361,31368844330,0,0,31
15669,0,31370847571,31370847588,0,0,-16
15670,0,31372850175,31372850187,0,0,-12
15671,0,31374851891,31374851862,0,0,28
15672,0,31376854121,31376854067,0,0,54
15673,0,31378854995,31378854965,0,0,29
15674,0,31380857630,31380857569,0,0,60
15675,0,31382860734,31382860696,0,0,38
15676,0,31384863165,31384863114,0,0,50
15677,0,31386865483,31386865443,0,0,40
15678,0,31388868085,31388868047,0,0,38
15679,0,31390870427,31390870379,0,0,48
15680,0,31392872316,31392872258,0,0,58
15681,0,31394874491,31394874449,0,0,42
15682,0,31396876882,31396876906,0,0,-24
15683,0,31398880033,31398880051,0,0,-18
15684,0,31400882203,31400882242,0,0,-38
15685,0,31402882898,31402882881,0,0,16
15686,0,31404884880,31404884821,0,0,59
15687,0,31406887553,31406887581,0,0,-27
15688,0,31408889575,31408889524,0,0,50
15689,0,31410891856,31410891811,0,0,44
15690,0,31412893294,31412893258,0,0,35
15691,0,31414896104,31414896076,0,0,27
15692,0,31416898784,31416898755,0,0,29
15693,0,31418901145,31418901116,0,0,28
15694,0,31420903678,31420903669,0,0,9
15695,0,31422905405,31422905373,0,0,32
15696,0,31424907896,31424907840,0,0,56
15697,0,31426910062,31426910082,0,0,-19
15698,0,31428913112,31428913074,0,0,37
15699,0,31430915552,31430915516,0,0,35
15700,0,31432917197,31432917166,0,0,30
15701,0,31434918712,31434918669,0,0,42
15702,0,31436921340,31436921359,0,0,-18
15703,0,31438923417,31438923456,0,0,-38
15704,0,31440925849,31440925871,0,0,-22
15705,0,31442928979,31442929002,0,0,-22
15706,0,31444930166,31444930112,0,0,54
15707,0,31446932404,31446932366,0,0,38
15708,0,31448935887,31448935849,0,0,38
15709,0,31450937415,31450937400,0,0,15
15710,0,31452939331,31452939310,0,0,21
15711,0,31454940990,31454940982,0,0,7
15712,0,31456943377,31456943334,0,0,43
15713,0,31458945904,31458945890,0,0,13
15714,0,31460947661,31460947707,0,0,-46
15715,0,31462950967,31462950941,0,0,26
15716,0,31464953322,31464953277,0,0,44
15717,0,31466954653,31466954611,0,0,41
15718,0,31468956534,31468956514,0,0,20
15719,0,31470958732,31470958756,0,0,-24
15720,0,31472961087,31472961010,0,0,76
15721,0,31474963283,31474963235,0,0,47
15722,0,31476965670,31476965612,0,0,58
15723,0,31478967588,31478967561,0,0,26
15724,0,31480969755,31480969786,0,0,-31
15725,0,31482972213,31482972208,0,0,4
15726,0,31484974588,31484974579,0,0,9
15727,0,31486976492,31486976442,0,0,49
15728,0,31488979494,31488979459,0,0,35
15729,0,31490980944,31490980867,0,0,76
15730,0,31492982143,31492982105,0,0,38
15731,0,31494984782,31494984722,0,0,60
15732,0,31496987657,31496987606,0,0,51
15733,0,31498989719,31498989674,0,0,44
15734,0,31500991120,31500991072,0,0,47
15735,0,31502994642,31502994633,0,0,9
15736,0,31504997037,31504996972,0,0,65
15737,0,31506998858,31506998829,0,0,29
15738,0,31509000858,31509000798,0,0,60
15739,0,31511002130,31511002071,0,0,59
15740,0,31513004471,31513004459,0,0,12
15741,0,31515007597,31515007583,0,0,14
15742,0,31517009091,31517009070,0,0,20
15743,0,31519012233,31519012226,0,0,7
15744,0,31521014312,31521014264,0,0,47
15745,0,31523015874,31523015930,0,0,-56
15746,0,31525019568,31525019530,0,0,37
15747,0,31527021386,31527021365,0,0,20
15748,0,31529023610,31529023589,0,0,20
15749,0,31531025474,31531025449,0,0,25
15750,0,31533027789,31533027765,0,0,24
15751,0,31535030231,31535030212,0,0,18
15752,0,31537032505,31537032473,0,0,32
15753,0,31539034302,31539034265,0,0,36
15754,0,31541036159,31541036132,0,0,27
15755,0,31543040285,31543040262,0,0,22
15756,0,31545041283,31545041262,0,0,20
15757,0,31547044536,31547044569,0,0,-33
15758,0,31549044047,31549044000,0,0,47
15759,0,31551046957,31551046934,0,0,22
15760,0,31553050375,31553050316,0,0,58
15761,0,31555052220,31555052182,0,0,37
15762,0,31557054980,31557054957,0,0,22
15763,0,31559056840,31559056832,0,0,8
15764,0,31561058844,31561058814,0,0,29
15765,0,31563061211,31563061179,0,0,31
15766,0,31565063728,31565063690,0,0,38
15767,0,31567065606,31567065568,0,0,38
15768,0,31569068208,31569068157,0,0,51
15769,0,31571070276,31571070301,0,0,-24
15770,0,31573072579,31573072569,0,0,9
15771,0,31575074708,31575074659,0,0,49
15772,0,31577077137,31577077090,0,0,46
15773,0,31579080348,31579080312,0,0,35
15774,0,31581082194,31581082168,0,0,25
15775,0,31583084460,31583084416,0,0,44
15776,0,31585086612,31585086532,0,0,79
15777,0,31587087818,31587087770,0,0,47
15778,0,31589090591,31589090605,0,0,-13
15779,0,31591093170,31591093197,0,0,-26
15780,0,31593096238,31593096269,0,0,-31
15781,0,31595096595,31595096570,0,0,24
15782,0,31597098238,31597098208,0,0,29
15783,0,31599101013,31599100986,0,0,26
15784,0,31601103519,31601103484,0,0,34
15785,0,31603105779,31603105743,0,0,36
15786,0,31605107733,31605107667,0,0,65
15787,0,31607109080,31607109055,0,0,25
15788,0,31609112061,31609112023,0,0,38
15789,0,31611114727,31611114689,0,0,38
15790,0,31613117112,31613117123,0,0,-11
15791,0,31615118651,31615118622,0,0,28
15792,0,31617120560,31617120505,0,0,55
15793,0,31619124018,31619123963,0,0,55
15794,0,31621126307,31621126262,0,0,44
15795,0,31623127744,31623127712,0,0,32
15796,0,31625130022,31625129991,0,0,31
15797,0,31627132071,31627132035,0,0,35
15798,0,31629133617,31629133653,0,0,-36
15799,0,31631137079,31631137044,0,0,34
15800,0,31633139752,31633139687,0,0,65
15801,0,31635141365,31635141349,0,0,15
15802,0,31637143460,31637143451,0,0,8
15803,0,31639145400,31639145422,0,0,-22
15804,0,31641147191,31641147155,0,0,35
15805,0,31643152786,31643152734,0,0,51
15806,0,31645152258,31645152229,0,0,28
15807,0,31647154415,31647154404,0,0,11
15808,0,31649156898,31649156838,0,0,60
15809,0,31651158994,31651158942,0,0,51
15810,0,31653162001,31653161971,0,0,29
15811,0,31655163761,31655163728,0,0,33
15812,0,31657166275,31657166247,0,0,27
15813,0,31659168184,31659168134,0,0,49
15814,0,31661170904,31661170838,0,0,66
15815,0,31663172755,31663172729,0,0,25
15816,0,31665174570,31665174488,0,0,81
15817,0,31667176997,31667176940,0,0,56
15818,0,31669178761,31669178736,0,0,24
15819,0,31671180251,31671180217,0,0,33
15820,0,31673184183,31673184156,0,0,26
15821,0,31675186778,31675186746,0,0,32
15822,0,31677188313,31677188265,0,0,48
15823,0,31679190083,31679190051,0,0,31
15824,0,31681192470,31681192419,0,0,51
15825,0,31683194530,31683194503,0,0,26
15826,0,31685197546,31685197490,0,0,56
15827,0,31687199179,31687199142,0,0,37
15828,0,31689201565,31689201530,0,0,34
15829,0,31691203611,31691203577,0,0,33
15830,0,31693205480,31693205440,0,0,39
15831,0,31695207732,31695207698,0,0,34
15832,0,31697210585,31697210514,0,0,70
15833,0,31699212673,31699212653,0,0,20
15834,0,31701214964,31701214918,0,0,45
15835,0,31703216557,31703216512,0,0,45
15836,0,31705218357,31705218386,0,0,-29
15837,0,31707222793,31707222756,0,0,37
15838,0,31709223039,31709223000,0,0,39
15839,0,31711224824,31711224856,0,0,-32
15840,0,31713227841,31713227804,0,0,36
15841,0,31715229687,31715229672,0,0,15
15842,0,31717232523,31717232500,0,0,23
15843,0,31719235635,31719235611,0,0,24
15844,0,31721238530,31721238510,0,0,20
15845,0,31723239209,31723239172,0,0,37
15846,0,31725241569,31725241530,0,0,39
15847,0,31727243973,31727243930,0,0,42
15848,0,31729245957,31729245889,0,0,67
15849,0,31731247811,31731247761,0,0,49
15850,0,31733250040,31733250047,0,0,-6
15851,0,31735252291,31735252313,0,0,-22
15852,0,31737253637,31737253651,0,0,-13
15853,0,31739257047,31739257060,0,0,-13
15854,0,31741259193,31741259136,0,0,57
15855,0,31743262730,31743262691,0,0,39
15856,0,31745264080,31745264049,0,0,31
15857,0,31747265961,31747265917,0,0,44
15858,0,31749268150,31749268132,0,0,17
15859,0,31751270359,31751270324,0,0,35
15860,0,31753272456,31753272448,0,0,7
15861,0,31755275073,31755275047,0,0,26
15862,0,31757277148,31757277119,0,0,29
15863,0,31759279684,31759279741,0,0,-57
15864,0,31761281826,31761281842,0,0,-16
15865,0,31763283788,31763283823,0,0,-34
15866,0,31765286035,31765286078,0,0,-42
15867,0,31767288117,31767288162,0,0,-44
15868,0,31769290343,31769290302,0,0,41
15869,0,31771292729,31771292680,0,0,49
15870,0,31773294860,31773294832,0,0,28
15871,0,31775296868,31775296834,0,0,33
15872,0,31777298948,31777298934,0,0,13
15873,0,31779300575,31779300608,0,0,-32
15874,0,31781304191,31781304161,0,0,29
15875,0,31783306840,31783306793,0,0,47
15876,0,31785310013,31785309979,0,0,34
15877,0,31787311462,31787311428,0,0,34
15878,0,31789312488,31789312465,0,0,22
15879,0,31791314794,31791314772,0,0,22
15880,0,31793317307,31793317244,0,0,63
15881,0,31795319569,31795319558,0,0,11
15882,0,31797321746,31797321700,0,0,46
15883,0,31799324058,31799324114,0,0,-56
15884,0,31801326521,31801326566,0,0,-44
15885,0,31803329116,31803329168,0,0,-51
15886,0,31805331135,31805331094,0,0,41
15887,0,31807333276,31807333265,0,0,11
15888,0,31809335768,31809335822,0,0,-53
15889,0,31811338089,31811338114,0,0,-24
15890,0,31813339285,31813339247,0,0,38
15891,0,31815342042,31815342017,0,0,25
15892,0,31817343741,31817343683,0,0,58
15893,0,31819346156,31819346116,0,0,40
15894,0,31821348222,31821348242,0,0,-20
15895,0,31823350979,31823350931,0,0,48
15896,0,31825352782,31825352721,0,0,61
15897,0,31827354565,31827354535,0,0,29
15898,0,31829355824,31829355750,0,0,73
15899,0,31831358499,31831358431,0,0,67
15900,0,31833361471,31833361433,0,0,38
15901,0,31835364201,31835364156,0,0,44
15902,0,31837366748,31837366707,0,0,40
15903,0,31839368232,31839368176,0,0,56
15904,0,31841370319,31841370358,0,0,-38
15905,0,31843373603,31843373537,0,0,65
15906,0,31845373589,31845373550,0,0,39
15907,0,31847376833,31847376859,0,0,-25
15908,0,31849379727,31849379750,0,0,-23
15909,0,31851381730,31851381756,0,0,-26
15910,0,31853383349,31853383334,0,0,15
15911,0,31855386426,31855386398,0,0,28
15912,0,31857388404,31857388360,0,0,43
15913,0,31859390618,31859390586,0,0,32
15914,0,31861392614,31861392626,0,0,-12
15915,0,31863394751,31863394768,0,0,-16
15916,0,31865396011,31865396031,0,0,-20
15917,0,31867399248,31867399269,0,0,-20
15918,0,31869401504,31869401521,0,0,-17
15919,0,31871403913,31871403871,0,0,42
15920,0,31873406170,31873406088,0,0,81
15921,0,31875408698,31875408674,0,0,24
15922,0,31877411026,31877410991,0,0,34
15923,0,31879412485,31879412520,0,0,-35
15924,0,31881415097,31881415112,0,0,-15
15925,0,31883417052,31883417095,0,0,-42
15926,0,31885420024,31885420044,0,0,-19
15927,0,31887421683,31887421718,0,0,-35
15928,0,31889424325,31889424349,0,0,-24
15929,0,31891426282,31891426304,0,0,-22
15930,0,31893428575,31893428565,0,0,9
15931,0,31895430621,31895430656,0,0,-34
15932,0,31897433119,31897433154,0,0,-34
15933,0,31899434968,31899435010,0,0,-42
15934,0,31901438206,31901438164,0,0,41
15935,0,31903440266,31903440248,0,0,17
15936,0,31905442382,31905442346,0,0,35
15937,0,31907443618,31907443581,0,0,37
15938,0,31909445433,31909445407,0,0,26
15939,0,31911449476,31911449432,0,0,43
15940,0,31913452250,31913452212,0,0,38
15941,0,31915453314,31915453276,0,0,38
15942,0,31917454956,31917454929,0,0,26
15943,0,31919457433,31919457375,0,0,58
15944,0,31921459718,31921459662,0,0,56
15945,0,31923461925,31923461952,0,0,-26
15946,0,31925463809,31925463838,0,0,-28
15947,0,31927465914,31927465875,0,0,38
15948,0,31929467446,31929467408,0,0,37
15949,0,31931470494,31931470450,0,0,43
15950,0,31933473048,31933473009,0,0,38
15951,0,31935474978,31935474997,0,0,-19
15952,0,31937477034,31937477008,0,0,26
15953,0,31939478325,31939478277,0,0,47
15954,0,31941481675,31941481629,0,0,46
15955,0,31943485382,31943485347,0,0,35
15956,0,31945486555,31945486505,0,0,49
15957,0,31947488552,31947488512,0,0,40
15958,0,31949491022,31949490987,0,0,34
15959,0,31951493146,31951493112,0,0,33
15960,0,31953495604,31953495548,0,0,55
15961,0,31955496865,31955496907,0,0,-42
15962,0,31957498743,31957498752,0,0,-9
15963,0,31959501753,31959501721,0,0,31
15964,0,31961504838,31961504864,0,0,-25
15965,0,31963507592,31963507548,0,0,43
15966,0,31965509995,31965509975,0,0,20
15967,0,31967510865,31967510842,0,0,22
15968,0,31969512381,31969512319,0,0,62
15969,0,31971514374,31971514416,0,0,-42
15970,0,31973517344,31973517306,0,0,38
15971,0,31975520229,31975520251,0,0,-21
15972,0,31977521981,31977521943,0,0,37
15973,0,31979523937,31979523977,0,0,-40
15974,0,31981525920,31981525910,0,0,9
15975,0,31983527402,31983527437,0,0,-35
15976,0,31985530516,31985530505,0,0,10
15977,0,31987533103,31987533067,0,0,35
15978,0,31989534960,31989534919,0,0,40
15979,0,31991537476,31991537444,0,0,31
15980,0,31993539734,31993539689,0,0,44
15981,0,31995541805,31995541796,0,0,8
15982,0,31997545541,31997545482,0,0,59
15983,0,31999546510,31999546499,0,0,11
15984,0,32001548692,32001548639,0,0,53
15985,0,32003551093,32003551148,0,0,-54
15986,0,32005552248,32005552274,0,0,-26
15987,0,32007554123,32007554112,0,0,11
15988,0,32009557339,32009557312,0,0,26
15989,0,32011559406,32011559377,0,0,29
15990,0,32013561185,32013561212,0,0,-26
15991,0,32015563651,32015563687,0,0,-35
15992,0,32017565557,32017565499,0,0,58
15993,0,32019568328,32019568301,0,0,26
15994,0,32021570632,32021570577,0,0,54
15995,0,32023571656,32023571687,0,0,-31
15996,0,32025574984,32025574966,0,0,17
15997,0,32027577478,32027577423,0,0,54
15998,0,32029580705,32029580675,0,0,30
15999,0,32031581797,32031581788,0,0,8
16000,0,32033584330,32033584280,0,0,49
16001,0,32035586285,32035586247,0,0,38
16002,0,32037589359,32037589335,0,0,23
16003,0,32039592530,32039592584,0,0,-53
16004,0,32041594116,32041594067,0,0,49
16005,0,32043596485,32043596461,0,0,23
16006,0,32045597564,32045597519,0,0,44
16007,0,32047599438,32047599423,0,0,15
16008,0,32049601834,32049601860,0,0,-25
16009,0,32051603828,32051603860,0,0,-32
16010,0,32053605550,32053605505,0,0,44
16011,0,32055608745,32055608725,0,0,20
16012,0,32057611029,32057611019,0,0,10
16013,0,32059612761,32059612737,0,0,24
16014,0,32061615379,32061615343,0,0,35
16015,0,32063617308,32063617289,0,0,19
16016,0,32065619721,32065619748,0,0,-26
16017,0,32067621658,32067621695,0,0,-36
16018,0,32069623118,32069623154,0,0,-35
16019,0,32071626568,32071626608,0,0,-39
16020,0,32073628879,32073628869,0,0,10
16021,0,32075630800,32075630768,0,0,31
16022,0,32077633530,32077633503,0,0,26
16023,0,32079634877,32079634849,0,0,28
16024,0,32081636498,32081636441,0,0,57
16025,0,32083639189,32083639143,0,0,45
16026,0,32085640733,32085640705,0,0,28
16027,0,32087643743,32087643710,0,0,33
16028,0,32089645011,32089644980,0,0,31
16029,0,32091647227,32091647208,0,0,19
16030,0,32093650926,32093650900,0,0,26
16031,0,32095652794,32095652756,0,0,38
16032,0,32097653901,32097653912,0,0,-10
16033,0,32099656774,32099656806,0,0,-32
16034,0,32101659464,32101659503,0,0,-38
16035,0,32103661305,32103661272,0,0,32
16036,0,32105663902,32105663880,0,0,21
16037,0,32107664721,32107664694,0,0,26
16038,0,32109667647,32109667620,0,0,26
16039,0,32111671112,32111671081,0,0,30
16040,0,32113673678,32113673613,0,0,65
16041,0,32115675389,32115675417,0,0,-27
16042,0,32117677314,32117677316,0,0,-2
16043,0,32119678722,32119678681,0,0,40
16044,0,32121681844,32121681768,0,0,75
16045,0,32123684332,32123684345,0,0,-13
16046,0,32125687838,32125687855,0,0,-16
16047,0,32127688901,32127688825,0,0,75
16048,0,32129691466,32129691417,0,0,48
16049,0,32131693046,32131693059,0,0,-13
16050,0,32133695963,32133695885,0,0,77
16051,0,32135697241,32135697246,0,0,-4
16052,0,32137698625,32137698642,0,0,-16
16053,0,32139701730,32139701736,0,0,-5
16054,0,32141703254,32141703200,0,0,53
16055,0,32143708019,32143707999,0,0,20
16056,0,32145708878,32145708788,0,0,89
16057,0,32147710480,32147710429,0,0,51
16058,0,32149711952,32149711876,0,0,75
16059,0,32151715300,32151715260,0,0,39
16060,0,32153718121,32153718055,0,0,65
16061,0,32155719522,32155719476,0,0,45
16062,0,32157721514,32157721463,0,0,50
16063,0,32159722812,32159722767,0,0,44
16064,0,32161725260,32161725209,0,0,51
16065,0,32163728359,32163728294,0,0,64
16066,0,32165729653,32165729670,0,0,-16
16067,0,32167731772,32167731728,0,0,43
16068,0,32169734764,32169734711,0,0,53
16069,0,32171737260,32171737230,0,0,29
16070,0,32173739566,32173739529,0,0,36
16071,0,32175741720,32175741669,0,0,50
16072,0,32177743240,32177743170,0,0,69
16073,0,32179746116,32179746070,0,0,46
16074,0,32181747568,32181747521,0,0,46
16075,0,32183750655,32183750606,0,0,49
16076,0,32185752119,32185752098,0,0,20
16077,0,32187754902,32187754925,0,0,-22
16078,0,32189757719,32189757751,0,0,-31
16079,0,32191760146,32191760118,0,0,27
16080,0,32193762244,32193762199,0,0,44
16081,0,32195764462,32195764424,0,0,38
16082,0,32197766602,32197766558,0,0,43
16083,0,32199768621,32199768570,0,0,51
16084,0,32201771667,32201771653,0,0,13
16085,0,32203773118,32203773103,0,0,15
16086,0,32205775876,32205775865,0,0,11
16087,0,32207777837,32207777797,0,0,39
16088,0,32209779636,32209779584,0,0,52
16089,0,32211781040,32211781005,0,0,34
16090,0,32213784625,32213784579,0,0,45
16091,0,32215786385,32215786350,0,0,34
16092,0,32217789681,32217789658,0,0,23
16093,0,32219793218,32219793251,0,0,-32
16094,0,32221794797,32221794818,0,0,-20
16095,0,32223796215,32223796231,0,0,-15
16096,0,32225797753,32225797766,0,0,-12
16097,0,32227800471,32227800499,0,0,-28
16098,0,32229802153,32229802127,0,0,26
16099,0,32231805401,32231805375,0,0,26
16100,0,32233808005,32233807993,0,0,11
16101,0,32235808375,32235808361,0,0,13
16102,0,32237810035,32237809991,0,0,44
16103,0,32239813216,32239813196,0,0,20
16104,0,32241816029,32241815982,0,0,46
16105,0,32243818929,32243819032,0,0,-103
16106,0,32245820143,32245820099,0,0,44
16107,0,32247821832,32247821815,0,0,17
16108,0,32249823170,32249823098,0,0,71
16109,0,32251825327,32251825307,0,0,19
16110,0,32253827511,32253827500,0,0,11
16111,0,32255830926,32255830889,0,0,36
16112,0,32257833492,32257833457,0,0,34
16113,0,32259835378,32259835367,0,0,11
16114,0,32261837833,32261837811,0,0,21
16115,0,32263839887,32263839847,0,0,40
16116,0,32265842349,32265842328,0,0,20
16117,0,32267844626,32267844593,0,0,32
16118,0,32269847081,32269847063,0,0,17
16119,0,32271848150,32271848126,0,0,23
16120,0,32273850151,32273850090,0,0,60
16121,0,32275853407,32275853371,0,0,35
16122,0,32277855877,32277855831,0,0,46
16123,0,32279857837,32279857827,0,0,9
16124,0,32281860473,32281860435,0,0,37
16125,0,32283862078,32283862121,0,0,-42
16126,0,32285864824,32285864865,0,0,-40
16127,0,32287867730,32287867768,0,0,-38
16128,0,32289868741,32289868706,0,0,35
16129,0,32291870662,32291870633,0,0,28
16130,0,32293872621,32293872650,0,0,-29
16131,0,32295876303,32295876267,0,0,35
16132,0,32297878491,32297878520,0,0,-29
16133,0,32299879346,32299879325,0,0,20
16134,0,32301881262,32301881252,0,0,9
16135,0,32303884652,32303884703,0,0,-51
16136,0,32305887416,32305887440,0,0,-24
16137,0,32307888392,32307888418,0,0,-26
16138,0,32309890068,32309890092,0,0,-24
16139,0,32311892896,32311892867,0,0,29
16140,0,32313894422,32313894380,0,0,42
16141,0,32315897121,32315897093,0,0,27
16142,0,32317899047,32317899004,0,0,42
16143,0,32319902715,32319902692,0,0,23
16144,0,32321903148,32321903164,0,0,-15
16145,0,32323905074,32323905090,0,0,-15
16146,0,32325908677,32325908703,0,0,-25
16147,0,32327912373,32327912345,0,0,27
16148,0,32329913411,32329913365,0,0,45
16149,0,32331915123,32331915101,0,0,22
16150,0,32333917152,32333917123,0,0,29
16151,0,32335919755,32335919710,0,0,44
16152,0,32337921116,32337921061,0,0,55
16153,0,32339924534,32339924579,0,0,-45
16154,0,32341927334,32341927344,0,0,-10
16155,0,32343929943,32343929918,0,0,25
16156,0,32345931516,32345931520,0,0,-4
16157,0,32347933092,32347933085,0,0,6
16158,0,32349934427,32349934436,0,0,-8
16159,0,32351938016,32351938035,0,0,-19
16160,0,32353940197,32353940211,0,0,-13
16161,0,32355942695,32355942717,0,0,-22
16162,0,32357944656,32357944600,0,0,55
16163,0,32359948052,32359947997,0,0,55
16164,0,32361950012,32361949936,0,0,76
16165,0,32363951617,32363951559,0,0,58
16166,0,32365953319,32365953255,0,0,63
16167,0,32367955675,32367955617,0,0,58
16168,0,32369957882,32369957864,0,0,17
16169,0,32371959768,32371959702,0,0,66
16170,0,32373961155,32373961078,0,0,77
16171,0,32375964413,32375964363,0,0,49
16172,0,32377967026,32377966977,0,0,49
16173,0,32379969310,32379969273,0,0,37
16174,0,32381971254,32381971210,0,0,44
16175,0,32383974173,32383974148,0,0,24
16176,0,32385975829,32385975802,0,0,27
16177,0,32387978079,32387978028,0,0,51
16178,0,32389980402,32389980364,0,0,38
16179,0,32391982458,32391982422,0,0,35
16180,0,32393984765,32393984774,0,0,-8
16181,0,32395986421,32395986454,0,0,-33
16182,0,32397988649,32397988618,0,0,30
16183,0,32399991483,32399991443,0,0,40
16184,0,32401993649,32401993577,0,0,71
16185,0,32403995500,32403995464,0,0,35
16186,0,32405998017,32405997947,0,0,69
16187,0,32408000044,32407999994,0,0,50
16188,0,32410002478,32410002434,0,0,44
16189,0,32412004600,32412004544,0,0,55
16190,0,32414007071,32414007036,0,0,34
16191,0,32416010017,32416010033,0,0,-15
16192,0,32418011593,32418011584,0,0,9
16193,0,32420013359,32420013368,0,0,-8
16194,0,32422015386,32422015364,0,0,21
16195,0,32424017433,32424017442,0,0,-8
16196,0,32426019901,32426019922,0,0,-21
16197,0,32428021970,32428021921,0,0,49
16198,0,32430023199,32430023144,0,0,54
16199,0,32432025738,32432025710,0,0,28
16200,0,32434029705,32434029633,0,0,72
16201,0,32436031084,32436031044,0,0,40
16202,0,32438033203,32438033175,0,0,27
16203,0,32440034644,32440034597,0,0,47
16204,0,32442038080,32442038053,0,0,26
16205,0,32444041471,32444041431,0,0,40
16206,0,32446042388,32446042421,0,0,-33
16207,0,32448046071,32448046083,0,0,-11
16208,0,32450047786,32450047716,0,0,69
16209,0,32452049899,32452049869,0,0,30
16210,0,32454051501,32454051521,0,0,-19
16211,0,32456053711,32456053655,0,0,56
16212,0,32458055919,32458055896,0,0,22
16213,0,32460057869,32460057852,0,0,16
16214,0,32462060378,32462060360,0,0,17
16215,0,32464062519,32464062501,0,0,17
16216,0,32466064743,32466064716,0,0,27
16217,0,32468066963,32468066912,0,0,50
16218,0,32470068715,32470068685,0,0,29
16219,0,32472069971,32472069892,0,0,78
16220,0,32474072465,32474072436,0,0,28
16221,0,32476075846,32476075877,0,0,-31
16222,0,32478078229,32478078205,0,0,24
16223,0,32480079782,32480079766,0,0,15
16224,0,32482082259,32482082237,0,0,22
16225,0,32484085384,32484085379,0,0,4
16226,0,32486086793,32486086778,0,0,15
16227,0,32488089160,32488089134,0,0,25
16228,0,32490091181,32490091158,0,0,22
16229,0,32492093407,32492093390,0,0,17
16230,0,32494096393,32494096328,0,0,65
16231,0,32496098015,32496097979,0,0,35
16232,0,32498099811,32498099748,0,0,62
16233,0,32500101294,32500101246,0,0,48
16234,0,32502104592,32502104581,0,0,11
16235,0,32504106647,32504106675,0,0,-28
16236,0,32506109139,32506109179,0,0,-40
16237,0,32508111579,32508111631,0,0,-51
16238,0,32510113596,32510113545,0,0,51
16239,0,32512115506,32512115461,0,0,44
16240,0,32514117700,32514117652,0,0,47
16241,0,32516119245,32516119212,0,0,33
16242,0,32518122191,32518122157,0,0,34
16243,0,32520123670,32520123633,0,0,37
16244,0,32522126848,32522126816,0,0,31
16245,0,32524129038,32524129018,0,0,20
16246,0,32526131645,32526131601,0,0,44
16247,0,32528133160,32528133134,0,0,25
16248,0,32530134711,32530134691,0,0,20
16249,0,32532138079,32532138022,0,0,57
16250,0,32534140538,32534140483,0,0,55
16251,0,32536142260,32536142232,0,0,28
16252,0,32538144509,32538144489,0,0,19
16253,0,32540145485,32540145453,0,0,31
16254,0,32542148618,32542148600,0,0,17
16255,0,32544152280,32544152266,0,0,14
16256,0,32546154863,32546154835,0,0,27
16257,0,32548156492,32548156467,0,0,24
16258,0,32550158296,32550158243,0,0,52
16259,0,32552160802,32552160831,0,0,-29
16260,0,32554162533,32554162559,0,0,-26
16261,0,32556164583,32556164595,0,0,-11
16262,0,32558166997,32558167017,0,0,-20
16263,0,32560169104,32560169070,0,0,33
16264,0,32562171623,32562171595,0,0,27
16265,0,32564173586,32564173552,0,0,34
16266,0,32566175740,32566175690,0,0,49
16267,0,32568178078,32568178047,0,0,31
16268,0,32570181125,32570181098,0,0,27
16269,0,32572183521,32572183485,0,0,35
16270,0,32574184420,32574184449,0,0,-29
16271,0,32576185842,32576185894,0,0,-51
16272,0,32578189270,32578189242,0,0,28
16273,0,32580191551,32580191537,0,0,14
16274,0,32582193460,32582193416,0,0,44
16275,0,32584195802,32584195782,0,0,20
16276,0,32586198000,32586197946,0,0,53
16277,0,32588199902,32588199874,0,0,27
16278,0,32590201759,32590201711,0,0,47
16279,0,32592204081,32592204035,0,0,45
16280,0,32594206024,32594206015,0,0,8
16281,0,32596208851,32596208865,0,0,-14
16282,0,32598210274,32598210222,0,0,51
16283,0,32600213217,32600213189,0,0,28
16284,0,32602214966,32602214984,0,0,-18
16285,0,32604217758,32604217764,0,0,-5
16286,0,32606218918,32606218926,0,0,-8
16287,0,32608221949,32608221893,0,0,56
16288,0,32610225737,32610225731,0,0,6
16289,0,32612226851,32612226871,0,0,-20
16290,0,32614229102,32614229107,0,0,-5
16291,0,32616231443,32616231465,0,0,-22
16292,0,32618233838,32618233810,0,0,27
16293,0,32620235744,32620235692,0,0,51
16294,0,32622238062,32622238057,0,0,5
16295,0,32624240541,32624240504,0,0,37
16296,0,32626243033,32626242955,0,0,78
16297,0,32628244444,32628244434,0,0,9
16298,0,32630245922,32630245871,0,0,51
16299,0,32632249284,32632249258,0,0,25
16300,0,32634252150,32634252112,0,0,38
16301,0,32636254111,32636254156,0,0,-44
16302,0,32638255836,32638255861,0,0,-24
16303,0,32640258029,32640257972,0,0,56
16304,0,32642260355,32642260330,0,0,24
16305,0,32644264593,32644264606,0,0,-13
16306,0,32646265284,32646265245,0,0,38
16307,0,32648266795,32648266759,0,0,35
16308,0,32650268708,32650268676,0,0,31
16309,0,32652271415,32652271451,0,0,-35
16310,0,32654273703,32654273729,0,0,-26
16311,0,32656275991,32656276001,0,0,-10
16312,0,32658278780,32658278769,0,0,11
16313,0,32660280078,32660280104,0,0,-25
16314,0,32662281788,32662281749,0,0,39
16315,0,32664284904,32664284860,0,0,43
16316,0,32666287170,32666287128,0,0,42
16317,0,32668289761,32668289740,0,0,21
16318,0,32670291935,32670291907,0,0,27
16319,0,32672293550,32672293530,0,0,20
16320,0,32674297471,32674297429,0,0,42
16321,0,32676298407,32676298379,0,0,28
16322,0,32678301077,32678301065,0,0,11
16323,0,32680303446,32680303457,0,0,-11
16324,0,32682306013,32682305968,0,0,44
16325,0,32684307561,32684307492,0,0,69
16326,0,32686309447,32686309388,0,0,58
16327,0,32688311651,32688311597,0,0,53
16328,0,32690315264,32690315182,0,0,82
16329,0,32692317325,32692317337,0,0,-12
16330,0,32694318292,32694318195,0,0,97
16331,0,32696320102,32696320049,0,0,53
16332,0,32698321712,32698321725,0,0,-12
16333,0,32700325314,32700325331,0,0,-16
16334,0,32702327242,32702327204,0,0,38
16335,0,32704329029,32704328984,0,0,44
16336,0,32706331568,32706331540,0,0,27
16337,0,32708335068,32708335094,0,0,-25
16338,0,32710337020,32710336964,0,0,56
16339,0,32712338281,32712338243,0,0,38
16340,0,32714340678,32714340642,0,0,35
16341,0,32716342694,32716342673,0,0,21
16342,0,32718345548,32718345528,0,0,20
16343,0,32720347355,32720347330,0,0,24
16344,0,32722349882,32722349827,0,0,54
16345,0,32724351833,32724351858,0,0,-24
16346,0,32726353986,32726353997,0,0,-11
16347,0,32728355944,32728355998,0,0,-53
16348,0,32730358127,32730358095,0,0,31
16349,0,32732361026,32732360999,0,0,27
16350,0,32734363109,32734363071,0,0,38
16351,0,32736364988,32736364957,0,0,30
16352,0,32738368261,32738368230,0,0,31
16353,0,32740369923,32740369876,0,0,47
16354,0,32742371676,32742371638,0,0,38
16355,0,32744376229,32744376203,0,0,25
16356,0,32746376944,32746376973,0,0,-28
16357,0,32748378175,32748378148,0,0,26
16358,0,32750381015,32750380986,0,0,29
16359,0,32752382944,32752382926,0,0,17
16360,0,32754385443,32754385458,0,0,-14
16361,0,32756387134,32756387160,0,0,-26
16362,0,32758389643,32758389581,0,0,62
16363,0,32760391842,32760391817,0,0,25
16364,0,32762393631,32762393623,0,0,8
16365,0,32764395226,32764395220,0,0,6
16366,0,32766397835,32766397825,0,0,9
16367,0,32768399447,32768399427,0,0,20
16368,0,32770403303,32770403285,0,0,17
16369,0,32772404907,32772404884,0,0,23
16370,0,32774407021,32774406995,0,0,26
16371,0,32776408350,32776408272,0,0,78
16372,0,32778411341,32778411323,0,0,17
16373,0,32780412575,32780412566,0,0,8
16374,0,32782414595,32782414566,0,0,29
16375,0,32784417166,32784417201,0,0,-35
16376,0,32786420144,32786420096,0,0,47
16377,0,32788421674,32788421644,0,0,29
16378,0,32790424789,32790424815,0,0,-26
16379,0,32792426112,32792426096,0,0,15
16380,0,32794428852,32794428812,0,0,40
16381,0,32796430312,32796430294,0,0,17
16382,0,32798433774,32798433739,0,0,35
16383,0,32800436514,32800436489,0,0,24
16384,0,32802438804,32802438759,0,0,45
16385,0,32804439662,32804439646,0,0,15
16386,0,32806443090,32806443077,0,0,13
16387,0,32808444795,32808444779,0,0,15
16388,0,32810446510,32810446462,0,0,47
16389,0,32812449079,32812449056,0,0,23
16390,0,32814450825,32814450800,0,0,24
16391,0,32816453846,32816453831,0,0,15
16392,0,32818456294,32818456322,0,0,-28
16393,0,32820457939,32820457971,0,0,-31
16394,0,32822459474,32822459480,0,0,-6
16395,0,32824462412,32824462462,0,0,-50
16396,0,32826464371,32826464350,0,0,21
16397,0,32828466973,32828466963,0,0,9
16398,0,32830468247,32830468223,0,0,23
16399,0,32832470329,32832470298,0,0,31
16400,0,32834473547,32834473518,0,0,29
16401,0,32836477427,32836477409,0,0,17
16402,0,32838478697,32838478668,0,0,29
16403,0,32840480350,32840480321,0,0,29
16404,0,32842482228,32842482165,0,0,62
16405,0,32844486674,32844486687,0,0,-13
16406,0,32846487613,32846487637,0,0,-23
16407,0,32848489267,32848489279,0,0,-12
16408,0,32850491612,32850491599,0,0,13
16409,0,32852494083,32852493992,0,0,91
16410,0,32854496266,32854496217,0,0,48
16411,0,32856498276,32856498209,0,0,67
16412,0,32858500510,32858500482,0,0,28
16413,0,32860502398,32860502362,0,0,35
16414,0,32862503813,32862503770,0,0,42
16415,0,32864506164,32864506206,0,0,-42
16416,0,32866509478,32866509511,0,0,-33
16417,0,32868511905,32868511881,0,0,24
16418,0,32870514325,32870514249,0,0,76
16419,0,32872517404,32872517366,0,0,38
16420,0,32874520121,32874520164,0,0,-42
16421,0,32876521004,32876521042,0,0,-38
16422,0,32878522741,32878522725,0,0,15
16423,0,32880524898,32880524861,0,0,36
16424,0,32882527234,32882527174,0,0,60
16425,0,32884529496,32884529460,0,0,35
16426,0,32886532074,32886532015,0,0,58
16427,0,32888533760,32888533746,0,0,14
16428,0,32890536683,32890536642,0,0,40
16429,0,32892538778,32892538744,0,0,33
16430,0,32894540550,32894540514,0,0,35
16431,0,32896542693,32896542672,0,0,20
16432,0,32898544893,32898544919,0,0,-25
16433,0,32900547607,32900547633,0,0,-26
16434,0,32902550274,32902550238,0,0,35
16435,0,32904551758,32904551777,0,0,-18
16436,0,32906554181,32906554153,0,0,27
16437,0,32908555975,32908556011,0,0,-35
16438,0,32910557367,32910557387,0,0,-20
16439,0,32912561039,32912561021,0,0,17
16440,0,32914563240,32914563265,0,0,-24
16441,0,32916564804,32916564764,0,0,39
16442,0,32918566260,32918566215,0,0,44
16443,0,32920569512,32920569500,0,0,11
16444,0,32922572224,32922572172,0,0,51
16445,0,32924574038,32924573995,0,0,42
16446,0,32926576626,32926576604,0,0,21
16447,0,32928578503,32928578511,0,0,-8
16448,0,32930580851,32930580878,0,0,-26
16449,0,32932584286,32932584302,0,0,-15
16450,0,32934585248,32934585253,0,0,-5
16451,0,32936587466,32936587498,0,0,-31
16452,0,32938589901,32938589916,0,0,-15
16453,0,32940591862,32940591808,0,0,53
16454,0,32942594116,32942594089,0,0,26
16455,0,32944597808,32944597752,0,0,55
16456,0,32946598842,32946598773,0,0,68
16457,0,32948600972,32948600923,0,0,48
16458,0,32950603457,32950603479,0,0,-22
16459,0,32952605360,32952605322,0,0,38
16460,0,32954607945,32954607957,0,0,-12
16461,0,32956609678,32956609640,0,0,38
16462,0,32958611571,32958611519,0,0,51
16463,0,32960613322,32960613262,0,0,60
16464,0,32962616658,32962616610,0,0,48
16465,0,32964619613,32964619543,0,0,69
16466,0,32966620777,32966620719,0,0,58
16467,0,32968622670,32968622619,0,0,51
16468,0,32970624247,32970624196,0,0,50
16469,0,32972627892,32972627850,0,0,42
16470,0,32974629867,32974629845,0,0,21
16471,0,32976631908,32976631858,0,0,49
16472,0,32978634905,32978634839,0,0,66
16473,0,32980636698,32980636742,0,0,-44
16474,0,32982638764,32982638752,0,0,11
16475,0,32984640772,32984640792,0,0,-20
16476,0,32986643422,32986643424,0,0,-2
16477,0,32988645330,32988645284,0,0,46
16478,0,32990647707,32990647662,0,0,44
16479,0,32992649411,32992649343,0,0,67
16480,0,32994651112,32994651124,0,0,-12
16481,0,32996655482,32996655489,0,0,-6
16482,0,32998656494,32998656431,0,0,62
16483,0,33000659825,33000659793,0,0,31
16484,0,33002662009,33002661964,0,0,45
16485,0,33004662768,33004662754,0,0,14
16486,0,33006664479,33006664445,0,0,33
16487,0,33008667655,33008667629,0,0,25
16488,0,33010669772,33010669750,0,0,21
16489,0,33012671674,33012671627,0,0,46
16490,0,33014673645,33014673587,0,0,58
16491,0,33016676344,33016676306,0,0,38
16492,0,33018679240,33018679173,0,0,67
16493,0,33020680442,33020680404,0,0,38
16494,0,33022682122,33022682069,0,0,53
16495,0,33024685169,33024685146,0,0,23
16496,0,33026687927,33026687902,0,0,24
16497,0,33028690901,33028690892,0,0,8
16498,0,33030692575,33030692548,0,0,26
16499,0,33032693506,33032693546,0,0,-40
16500,0,33034695727,33034695747,0,0,-20
16501,0,33036698436,33036698398,0,0,38
16502,0,33038700348,33038700331,0,0,16
16503,0,33040703173,33040703159,0,0,14
16504,0,33042705354,33042705382,0,0,-27
16505,0,33044708469,33044708506,0,0,-36
16506,0,33046708981,33046708995,0,0,-14
16507,0,33048711865,33048711901,0,0,-35
16508,0,33050714328,33050714278,0,0,49
16509,0,33052716367,33052716329,0,0,38
16510,0,33054719194,33054719207,0,0,-13
16511,0,33056720893,33056720932,0,0,-39
16512,0,33058723354,33058723389,0,0,-35
16513,0,33060726231,33060726193,0,0,38
16514,0,33062727613,33062727584,0,0,29
16515,0,33064731060,33064731022,0,0,38
16516,0,33066733331,33066733256,0,0,74
16517,0,33068734153,33068734106,0,0,47
16518,0,33070736316,33070736268,0,0,48
16519,0,33072738871,33072738802,0,0,69
16520,0,33074741110,33074741042,0,0,67
16521,0,33076743039,33076742989,0,0,49
16522,0,33078745917,33078745852,0,0,65
16523,0,33080748190,33080748166,0,0,23
16524,0,33082750031,33082750052,0,0,-20
16525,0,33084751595,33084751642,0,0,-47
16526,0,33086753199,33086753179,0,0,20
16527,0,33088756740,33088756716,0,0,23
16528,0,33090759413,33090759480,0,0,-66
16529,0,33092762269,33092762258,0,0,11
16530,0,33094763328,33094763309,0,0,19
16531,0,33096765629,33096765615,0,0,14
16532,0,33098768131,33098768108,0,0,22
16533,0,33100769769,33100769737,0,0,32
16534,0,33102772267,33102772229,0,0,38
16535,0,33104774896,33104774847,0,0,49
16536,0,33106776543,33106776469,0,0,73
16537,0,33108778511,33108778470,0,0,40
16538,0,33110780047,33110779992,0,0,54
16539,0,33112783314,33112783274,0,0,40
16540,0,33114785545,33114785567,0,0,-22
16541,0,33116787012,33116787053,0,0,-40
16542,0,33118788612,33118788619,0,0,-6
16543,0,33120790957,33120790982,0,0,-25
16544,0,33122794208,33122794221,0,0,-13
16545,0,33124796609,33124796550,0,0,59
16546,0,33126798631,33126798582,0,0,49
16547,0,33128800910,33128800862,0,0,47
16548,0,33130803777,33130803743,0,0,34
16549,0,33132805779,33132805725,0,0,53
16550,0,33134808112,33134808053,0,0,58
16551,0,33136809620,33136809572,0,0,47
16552,0,33138811278,33138811195,0,0,82
16553,0,33140814868,33140814837,0,0,31
16554,0,33142817069,33142817074,0,0,-5
16555,0,33144820671,33144820666,0,0,5
16556,0,33146821883,33146821834,0,0,49
16557,0,33148824417,33148824382,0,0,35
16558,0,33150825454,33150825436,0,0,17
16559,0,33152827489,33152827427,0,0,62
16560,0,33154830412,33154830376,0,0,35
16561,0,33156833394,33156833426,0,0,-32
16562,0,33158834466,33158834475,0,0,-8
16563,0,33160836402,33160836366,0,0,35
16564,0,33162838832,33162838795,0,0,37
16565,0,33164840671,33164840629,0,0,41
16566,0,33166842017,33166841989,0,0,27
16567,0,33168844639,33168844599,0,0,40
16568,0,33170847975,33170847966,0,0,8
16569,0,33172850073,33172850016,0,0,56
16570,0,33174851974,33174851905,0,0,69
16571,0,33176853349,33176853328,0,0,21
16572,0,33178857777,33178857710,0,0,67
16573,0,33180860194,33180860157,0,0,36
16574,0,33182861476,33182861437,0,0,38
16575,0,33184863166,33184863137,0,0,28
16576,0,33186865784,33186865811,0,0,-26
16577,0,33188869392,33188869415,0,0,-23
16578,0,33190869898,33190869847,0,0,51
16579,0,33192873130,33192873085,0,0,44
16580,0,33194875521,33194875444,0,0,76
16581,0,33196876512,33196876499,0,0,13
16582,0,33198879160,33198879125,0,0,35
16583,0,33200881377,33200881334,0,0,42
16584,0,33202883973,33202883908,0,0,64
16585,0,33204885861,33204885817,0,0,43
16586,0,33206887754,33206887676,0,0,78
16587,0,33208889565,33208889546,0,0,19
16588,0,33210891195,33210891132,0,0,62
16589,0,33212894278,33212894262,0,0,15
16590,0,33214896111,33214896073,0,0,38
16591,0,33216898957,33216898922,0,0,35
16592,0,33218901382,33218901342,0,0,40
16593,0,33220903624,33220903596,0,0,27
16594,0,33222906352,33222906407,0,0,-54
16595,0,33224907794,33224907820,0,0,-26
16596,0,33226910265,33226910229,0,0,35
16597,0,33228911696,33228911659,0,0,37
16598,0,33230913363,33230913329,0,0,33
16599,0,33232916498,33232916461,0,0,37
16600,0,33234918811,33234918729,0,0,82
16601,0,33236920738,33236920680,0,0,58
16602,0,33238922146,33238922081,0,0,64
16603,0,33240924400,33240924424,0,0,-23
16604,0,33242927766,33242927777,0,0,-11
16605,0,33244931439,33244931403,0,0,35
16606,0,33246932293,33246932255,0,0,38
16607,0,33248934314,33248934256,0,0,58
16608,0,33250936876,33250936921,0,0,-45
16609,0,33252938369,33252938309,0,0,60
16610,0,33254941304,33254941249,0,0,54
16611,0,33256943671,33256943628,0,0,42
16612,0,33258945743,33258945716,0,0,26
16613,0,33260947920,33260947880,0,0,40
16614,0,33262949967,33262949952,0,0,14
16615,0,33264952860,33264952831,0,0,29
16616,0,33266954435,33266954369,0,0,65
16617,0,33268956366,33268956400,0,0,-34
16618,0,33270958181,33270958197,0,0,-16
16619,0,33272961164,33272961135,0,0,28
16620,0,33274963429,33274963400,0,0,29
16621,0,33276965755,33276965716,0,0,39
16622,0,33278968057,33278968033,0,0,23
16623,0,33280970173,33280970147,0,0,25
16624,0,33282972537,33282972510,0,0,26
16625,0,33284974550,33284974523,0,0,27
16626,0,33286976631,33286976613,0,0,17
16627,0,33288978494,33288978459,0,0,34
16628,0,33290980830,33290980808,0,0,21
16629,0,33292984048,33292984021,0,0,26
16630,0,33294985811,33294985791,0,0,20
16631,0,33296988116,33296988156,0,0,-39
16632,0,33298989978,33298990022,0,0,-43
16633,0,33300992100,33300992134,0,0,-33
16634,0,33302993332,33302993369,0,0,-36
16635,0,33304996844,33304996878,0,0,-33
16636,0,33306998973,33306998968,0,0,4
16637,0,33309000950,33309000930,0,0,20
16638,0,33311002682,33311002648,0,0,33
16639,0,33313005429,33313005419,0,0,9
16640,0,33315007954,33315007896,0,0,58
16641,0,33317009797,33317009775,0,0,21
16642,0,33319012292,33319012231,0,0,61
16643,0,33321015353,33321015348,0,0,5
16644,0,33323018035,33323018024,0,0,11
16645,0,33325018973,33325018957,0,0,16
16646,0,33327021398,33327021378,0,0,20
16647,0,33329023351,33329023335,0,0,15
16648,0,33331026177,33331026116,0,0,60
16649,0,33333027930,33333027921,0,0,9
16650,0,33335029934,33335029928,0,0,6
16651,0,33337031241,33337031185,0,0,56
16652,0,33339034815,33339034743,0,0,71
16653,0,33341036687,33341036702,0,0,-14
16654,0,33343039435,33343039366,0,0,69
16655,0,33345042481,33345042443,0,0,38
16656,0,33347043319,33347043265,0,0,53
16657,0,33349044548,33349044488,0,0,59
16658,0,33351047900,33351047875,0,0,24
16659,0,33353049933,33353049905,0,0,27
16660,0,33355052188,33355052161,0,0,26
16661,0,33357054361,33357054346,0,0,15
16662,0,33359056564,33359056528,0,0,36
16663,0,33361058768,33361058750,0,0,17
16664,0,33363060694,33363060628,0,0,66
16665,0,33365062992,33365062952,0,0,39
16666,0,33367064832,33367064795,0,0,36
16667,0,33369068322,33369068284,0,0,38
16668,0,33371070680,33371070666,0,0,14
16669,0,33373072256,33373072231,0,0,24
16670,0,33375074797,33375074723,0,0,74
16671,0,33377076844,33377076813,0,0,31
16672,0,33379079705,33379079713,0,0,-7
16673,0,33381081644,33381081663,0,0,-18
16674,0,33383085278,33383085240,0,0,37
16675,0,33385086894,33385086857,0,0,36
16676,0,33387089100,33387089092,0,0,8
16677,0,33389090240,33389090262,0,0,-22
16678,0,33391092057,33391092025,0,0,31
16679,0,33393094001,33393093948,0,0,52
16680,0,33395097023,33395096978,0,0,44
16681,0,33397098912,33397098967,0,0,-54
16682,0,33399102164,33399102175,0,0,-10
16683,0,33401103534,33401103557,0,0,-23
16684,0,33403106031,33403105993,0,0,38
16685,0,33405107991,33405107964,0,0,26
16686,0,33407110402,33407110350,0,0,51
16687,0,33409112539,33409112505,0,0,33
16688,0,33411116076,33411116024,0,0,51
16689,0,33413118038,33413117995,0,0,42
16690,0,33415120233,33415120181,0,0,52
16691,0,33417121690,33417121658,0,0,32
16692,0,33419123857,33419123821,0,0,35
16693,0,33421126008,33421125993,0,0,15
16694,0,33423128390,33423128364,0,0,26
16695,0,33425129928,33425129887,0,0,40
16696,0,33427131654,33427131683,0,0,-28
16697,0,33429134713,33429134723,0,0,-10
16698,0,33431137284,33431137310,0,0,-26
16699,0,33433138906,33433138872,0,0,33
16700,0,33435141849,33435141861,0,0,-12
16701,0,33437143487,33437143463,0,0,24
16702,0,33439146065,33439146001,0,0,63
16703,0,33441147847,33441147795,0,0,51
16704,0,33443150986,33443151003,0,0,-16
16705,0,33445154285,33445154299,0,0,-14
16706,0,33447156467,33447156423,0,0,43
16707,0,33449156770,33449156738,0,0,32
16708,0,33451159569,33451159524,0,0,44
16709,0,33453161197,33453161190,0,0,7
16710,0,33455162335,33455162314,0,0,21
16711,0,33457164850,33457164819,0,0,31
16712,0,33459167824,33459167773,0,0,51
16713,0,33461169795,33461169769,0,0,25
16714,0,33463172751,33463172707,0,0,43
16715,0,33465175391,33465175343,0,0,47
16716,0,33467177582,33467177522,0,0,59
16717,0,33469179143,33469179124,0,0,19
16718,0,33471181523,33471181554,0,0,-30
16719,0,33473183634,33473183676,0,0,-42
16720,0,33475186617,33475186567,0,0,49
16721,0,33477188032,33477187994,0,0,38
16722,0,33479190233,33479190269,0,0,-35
16723,0,33481193116,33481193146,0,0,-29
16724,0,33483195499,33483195440,0,0,59
16725,0,33485196927,33485196889,0,0,38
16726,0,33487199235,33487199180,0,0,55
16727,0,33489201540,33489201506,0,0,33
16728,0,33491203675,33491203656,0,0,19
16729,0,33493205719,33493205667,0,0,51
16730,0,33495207161,33495207101,0,0,60
16731,0,33497210417,33497210391,0,0,26
16732,0,33499212482,33499212451,0,0,31
16733,0,33501214579,33501214551,0,0,27
16734,0,33503215967,33503215919,0,0,47
16735,0,33505219259,33505219235,0,0,24
16736,0,33507221392,33507221360,0,0,31
16737,0,33509223631,33509223612,0,0,19
16738,0,33511225918,33511225878,0,0,40
16739,0,33513228871,33513228826,0,0,44
16740,0,33515230467,33515230385,0,0,82
16741,0,33517232402,33517232352,0,0,50
16742,0,33519234217,33519234184,0,0,33
16743,0,33521237212,33521237179,0,0,32
16744,0,33523239382,33523239328,0,0,53
16745,0,33525241295,33525241245,0,0,49
16746,0,33527242892,33527242847,0,0,44
16747,0,33529245865,33529245826,0,0,38
16748,0,33531247986,33531247917,0,0,68
16749,0,33533249069,33533249030,0,0,38
16750,0,33535251649,33535251594,0,0,55
16751,0,33537254784,33537254751,0,0,32
16752,0,33539257531,33539257507,0,0,24
16753,0,33541259133,33541259103,0,0,30
16754,0,33543261883,33543261837,0,0,46
16755,0,33545265124,33545265073,0,0,51
16756,0,33547266574,33547266541,0,0,33
16757,0,33549268379,33549268323,0,0,55
16758,0,33551270476,33551270424,0,0,51
16759,0,33553272640,33553272568,0,0,71
16760,0,33555274991,33555274946,0,0,44
16761,0,33557276993,33557276957,0,0,35
16762,0,33559279851,33559279773,0,0,78
16763,0,33561281818,33561281804,0,0,13
16764,0,33563283822,33563283779,0,0,42
16765,0,33565286109,33565286179,0,0,-69
16766,0,33567288649,33567288691,0,0,-42
16767,0,33569290308,33569290359,0,0,-50
16768,0,33571293433,33571293425,0,0,8
16769,0,33573294818,33573294874,0,0,-56
16770,0,33575297575,33575297598,0,0,-22
16771,0,33577300662,33577300704,0,0,-42
16772,0,33579302026,33579302045,0,0,-19
16773,0,33581303304,33581303284,0,0,20
16774,0,33583304768,33583304794,0,0,-25
16775,0,33585306962,33585306999,0,0,-36
16776,0,33587309929,33587309965,0,0,-35
16777,0,33589312980,33589313015,0,0,-35
16778,0,33591315371,33591315325,0,0,45
16779,0,33593317065,33593317035,0,0,29
16780,0,33595320296,33595320258,0,0,38
16781,0,33597322793,33597322758,0,0,35
16782,0,33599324041,33599324015,0,0,25
16783,0,33601325757,33601325739,0,0,17
16784,0,33603327574,33603327526,0,0,47
16785,0,33605330469,33605330441,0,0,27
16786,0,33607332853,33607332821,0,0,32
16787,0,33609336029,33609335975,0,0,53
16788,0,33611336982,33611336945,0,0,37
16789,0,33613339965,33613339923,0,0,41
16790,0,33615341867,33615341793,0,0,74
16791,0,33617343775,33617343723,0,0,51
16792,0,33619346124,33619346071,0,0,53
16793,0,33621347808,33621347768,0,0,40
16794,0,33623349609,33623349580,0,0,29
16795,0,33625352621,33625352579,0,0,41
16796,0,33627354742,33627354676,0,0,65
16797,0,33629356093,33629356055,0,0,38
16798,0,33631359730,33631359669,0,0,61
16799,0,33633361489,33633361433,0,0,56
16800,0,33635363982,33635363946,0,0,35
16801,0,33637366122,33637366076,0,0,46
16802,0,33639368525,33639368453,0,0,71
16803,0,33641372275,33641372233,0,0,42
16804,0,33643372743,33643372708,0,0,34
16805,0,33645376753,33645376728,0,0,24
16806,0,33647377288,33647377248,0,0,40
16807,0,33649379567,33649379525,0,0,42
16808,0,33651381571,33651381584,0,0,-13
16809,0,33653383711,33653383739,0,0,-27
16810,0,33655385970,33655385972,0,0,-1
16811,0,33657388426,33657388445,0,0,-18
16812,0,33659391274,33659391186,0,0,87
16813,0,33661393146,33661393136,0,0,9
16814,0,33663395404,33663395353,0,0,51
16815,0,33665397514,33665397504,0,0,9
16816,0,33667399273,33667399208,0,0,64
16817,0,33669400788,33669400780,0,0,8
16818,0,33671403745,33671403697,0,0,47
16819,0,33673408167,33673408116,0,0,51
16820,0,33675408377,33675408334,0,0,42
16821,0,33677410761,33677410712,0,0,49
16822,0,33679412939,33679412899,0,0,40
16823,0,33681414794,33681414758,0,0,35
16824,0,33683417566,33683417534,0,0,32
16825,0,33685419254,33685419226,0,0,28
16826,0,33687420622,33687420560,0,0,62
16827,0,33689423532,33689423501,0,0,31
16828,0,33691425305,33691425280,0,0,24
16829,0,33693428567,33693428552,0,0,15
16830,0,33695430701,33695430638,0,0,62
16831,0,33697432628,33697432592,0,0,35
16832,0,33699434914,33699434966,0,0,-51
16833,0,33701437424,33701437449,0,0,-25
16834,0,33703439406,33703439422,0,0,-15
16835,0,33705443173,33705443187,0,0,-13
16836,0,33707443912,33707443948,0,0,-36
16837,0,33709445958,33709445920,0,0,38
16838,0,33711448121,33711448033,0,0,87
16839,0,33713450361,33713450312,0,0,49
16840,0,33715452014,33715452041,0,0,-26
16841,0,33717454882,33717454834,0,0,47
16842,0,33719458072,33719458014,0,0,58
16843,0,33721460433,33721460393,0,0,40
16844,0,33723463147,33723463092,0,0,54
16845,0,33725463889,33725463838,0,0,51
16846,0,33727465087,33727465060,0,0,26
16847,0,33729468376,33729468408,0,0,-32
16848,0,33731471453,33731471478,0,0,-24
16849,0,33733473527,33733473564,0,0,-36
16850,0,33735474105,33735474039,0,0,66
16851,0,33737478843,33737478795,0,0,48
16852,0,33739479850,33739479806,0,0,44
16853,0,33741482208,33741482220,0,0,-12
16854,0,33743483743,33743483756,0,0,-12
16855,0,33745486553,33745486570,0,0,-16
16856,0,33747488884,33747488913,0,0,-29
16857,0,33749491042,33749491010,0,0,31
16858,0,33751493158,33751493100,0,0,58
16859,0,33753495332,33753495314,0,0,17
16860,0,33755497211,33755497248,0,0,-37
16861,0,33757499698,33757499743,0,0,-44
16862,0,33759501771,33759501804,0,0,-32
16863,0,33761503701,33761503659,0,0,42
16864,0,33763505405,33763505366,0,0,39
16865,0,33765508695,33765508674,0,0,21
16866,0,33767510822,33767510761,0,0,60
16867,0,33769512799,33769512752,0,0,46
16868,0,33771515321,33771515276,0,0,45
16869,0,33773518023,33773517998,0,0,24
16870,0,33775519495,33775519476,0,0,18
16871,0,33777521564,33777521513,0,0,50
16872,0,33779523390,33779523352,0,0,38
16873,0,33781526179,33781526139,0,0,39
16874,0,33783528698,33783528651,0,0,47
16875,0,33785530403,33785530366,0,0,37
16876,0,33787532005,33787531922,0,0,83
16877,0,33789535205,33789535167,0,0,38
16878,0,33791537504,33791537458,0,0,45
16879,0,33793540229,33793540184,0,0,45
16880,0,33795541924,33795541842,0,0,81
16881,0,33797544361,33797544318,0,0,42
16882,0,33799546796,33799546825,0,0,-29
16883,0,33801549500,33801549525,0,0,-25
16884,0,33803551102,33803551146,0,0,-44
16885,0,33805553667,33805553658,0,0,8
16886,0,33807555051,33807554991,0,0,60
16887,0,33809556769,33809556760,0,0,8
16888,0,33811559034,33811559035,0,0,-1
16889,0,33813560872,33813560854,0,0,17
16890,0,33815564387,33815564343,0,0,44
16891,0,33817566238,33817566192,0,0,45
16892,0,33819568597,33819568559,0,0,38
16893,0,33821570632,33821570647,0,0,-15
16894,0,33823573869,33823573900,0,0,-30
16895,0,33825576281,33825576299,0,0,-17
16896,0,33827577530,33827577476,0,0,53
16897,0,33829580020,33829579995,0,0,24
16898,0,33831581902,33831581894,0,0,8
16899,0,33833584629,33833584606,0,0,23
16900,0,33835587141,33835587096,0,0,44
16901,0,33837587240,33837587226,0,0,13
16902,0,33839589937,33839589882,0,0,55
16903,0,33841593777,33841593820,0,0,-42
16904,0,33843596552,33843596515,0,0,37
16905,0,33845598946,33845598930,0,0,15
16906,0,33847599842,33847599820,0,0,22
16907,0,33849601691,33849601669,0,0,21
16908,0,33851604266,33851604298,0,0,-32
16909,0,33853605656,33853605648,0,0,7
16910,0,33855607928,33855607912,0,0,15
16911,0,33857610296,33857610271,0,0,24
16912,0,33859612007,33859611974,0,0,33
16913,0,33861615715,33861615757,0,0,-42
16914,0,33863618220,33863618278,0,0,-58
16915,0,33865619625,33865619595,0,0,29
16916,0,33867622997,33867622984,0,0,13
16917,0,33869624501,33869624444,0,0,57
16918,0,33871626334,33871626283,0,0,51
16919,0,33873628482,33873628444,0,0,38
16920,0,33875631112,33875631066,0,0,46
16921,0,33877633139,33877633076,0,0,62
16922,0,33879635654,33879635596,0,0,58
16923,0,33881637286,33881637249,0,0,37
16924,0,33883640032,33883639961,0,0,71
16925,0,33885641979,33885641910,0,0,69
16926,0,33887643939,33887643853,0,0,85
16927,0,33889645310,33889645277,0,0,33
16928,0,33891648934,33891648878,0,0,56
16929,0,33893650869,33893650827,0,0,41
16930,0,33895653498,33895653422,0,0,76
16931,0,33897655331,33897655287,0,0,43
16932,0,33899658469,33899658460,0,0,8
16933,0,33901660075,33901660024,0,0,50
16934,0,33903662219,33903662165,0,0,53
16935,0,33905664121,33905664081,0,0,39
16936,0,33907666414,33907666366,0,0,48
16937,0,33909668474,33909668513,0,0,-38
16938,0,33911671089,33911671134,0,0,-44
16939,0,33913673039,33913672998,0,0,40
16940,0,33915675411,33915675450,0,0,-38
16941,0,33917677548,33917677500,0,0,47
16942,0,33919679789,33919679754,0,0,35
16943,0,33921681851,33921681805,0,0,46
16944,0,33923684391,33923684359,0,0,31
16945,0,33925686541,33925686501,0,0,40
16946,0,33927688569,33927688528,0,0,41
16947,0,33929691013,33929690989,0,0,24
16948,0,33931694197,33931694172,0,0,24
16949,0,33933695158,33933695143,0,0,15
16950,0,33935697793,33935697734,0,0,59
16951,0,33937699462,33937699498,0,0,-35
16952,0,33939701524,33939701600,0,0,-76
16953,0,33941704049,33941704080,0,0,-30
16954,0,33943706446,33943706476,0,0,-29
16955,0,33945710018,33945710051,0,0,-32
16956,0,33947710772,33947710764,0,0,8
16957,0,33949713263,33949713245,0,0,17
16958,0,33951715411,33951715345,0,0,66
16959,0,33953717589,33953717543,0,0,46
16960,0,33955720165,33955720115,0,0,49
16961,0,33957722421,33957722447,0,0,-25
16962,0,33959724073,33959724112,0,0,-38
16963,0,33961726852,33961726861,0,0,-8
16964,0,33963729521,33963729532,0,0,-10
16965,0,33965730584,33965730597,0,0,-13
16966,0,33967732411,33967732345,0,0,65
16967,0,33969735451,33969735460,0,0,-8
16968,0,33971737840,33971737822,0,0,17
16969,0,33973739420,33973739404,0,0,16
16970,0,33975741281,33975741223,0,0,58
16971,0,33977744412,33977744367,0,0,44
16972,0,33979747038,33979747028,0,0,9
16973,0,33981749065,33981749017,0,0,48
16974,0,33983750959,33983750949,0,0,9
16975,0,33985753183,33985753150,0,0,33
16976,0,33987755719,33987755673,0,0,45
16977,0,33989757459,33989757423,0,0,35
16978,0,33991758687,33991758698,0,0,-10
16979,0,33993761903,33993761917,0,0,-14
16980,0,33995764771,33995764822,0,0,-50
16981,0,33997766293,33997766322,0,0,-29
16982,0,33999768865,33999768880,0,0,-15
16983,0,34001771729,34001771742,0,0,-13
16984,0,34003773289,34003773312,0,0,-22
16985,0,34005775210,34005775205,0,0,4
16986,0,34007776586,34007776526,0,0,59
16987,0,34009780322,34009780293,0,0,29
16988,0,34011781910,34011781894,0,0,15
16989,0,34013784270,34013784229,0,0,40
16990,0,34015787244,34015787206,0,0,38
16991,0,34017788903,34017788872,0,0,31
16992,0,34019790806,34019790820,0,0,-13
16993,0,34021793054,34021793026,0,0,28
16994,0,34023795268,34023795208,0,0,59
16995,0,34025798185,34025798170,0,0,15
16996,0,34027801357,34027801321,0,0,35
16997,0,34029802141,34029802129,0,0,12
16998,0,34031803934,34031803921,0,0,13
16999,0,34033805494,34033805455,0,0,39
17000,0,34035808782,34035808759,0,0,23
17001,0,34037810876,34037810912,0,0,-35
17002,0,34039813696,34039813726,0,0,-30
17003,0,34041815373,34041815351,0,0,22
17004,0,34043817684,34043817656,0,0,27
17005,0,34045821307,34045821337,0,0,-29
17006,0,34047822144,34047822172,0,0,-27
17007,0,34049824307,34049824282,0,0,25
17008,0,34051827551,34051827598,0,0,-47
17009,0,34053830165,34053830197,0,0,-32
17010,0,34055831614,34055831591,0,0,23
17011,0,34057833139,34057833125,0,0,13
17012,0,34059836476,34059836453,0,0,23
17013,0,34061837608,34061837570,0,0,38
17014,0,34063840273,34063840233,0,0,39
17015,0,34065842582,34065842561,0,0,21
17016,0,34067844344,34067844314,0,0,30
17017,0,34069846726,34069846708,0,0,17
17018,0,34071849141,34071849101,0,0,40
17019,0,34073850776,34073850767,0,0,8
17020,0,34075852033,34075851983,0,0,49
17021,0,34077853947,34077853921,0,0,26
17022,0,34079856705,34079856644,0,0,60
17023,0,34081859982,34081859967,0,0,14
17024,0,34083862085,34083862056,0,0,29
17025,0,34085864500,34085864482,0,0,17
17026,0,34087866989,34087866950,0,0,39
17027,0,34089868905,34089868863,0,0,41
17028,0,34091871452,34091871418,0,0,33
17029,0,34093873224,34093873198,0,0,25
17030,0,34095875664,34095875670,0,0,-6
17031,0,34097877833,34097877860,0,0,-26
17032,0,34099879771,34099879791,0,0,-19
17033,0,34101882413,34101882429,0,0,-16
17034,0,34103884514,34103884525,0,0,-11
17035,0,34105886642,34105886684,0,0,-42
17036,0,34107888682,34107888687,0,0,-5
17037,0,34109890000,34109890031,0,0,-31
17038,0,34111893273,34111893305,0,0,-31
17039,0,34113895730,34113895698,0,0,31
17040,0,34115898199,34115898155,0,0,44
17041,0,34117899749,34117899719,0,0,30
17042,0,34119901366,34119901324,0,0,42
17043,0,34121904876,34121904838,0,0,38
17044,0,34123908856,34123908812,0,0,43
17045,0,34125908721,34125908682,0,0,39
17046,0,34127910575,34127910519,0,0,56
17047,0,34129913343,34129913316,0,0,26
17048,0,34131915764,34131915730,0,0,33
17049,0,34133917660,34133917625,0,0,35
17050,0,34135919296,34135919254,0,0,41
17051,0,34137922972,34137922934,0,0,38
17052,0,34139924865,34139924820,0,0,44
17053,0,34141926823,34141926803,0,0,20
17054,0,34143929692,34143929626,0,0,65
17055,0,34145932772,34145932745,0,0,26
17056,0,34147933381,34147933355,0,0,25
17057,0,34149935555,34149935507,0,0,47
17058,0,34151937959,34151937937,0,0,22
17059,0,34153940782,34153940749,0,0,33
17060,0,34155943608,34155943561,0,0,47
17061,0,34157944652,34157944631,0,0,21
17062,0,34159947271,34159947221,0,0,49
17063,0,34161949109,34161949071,0,0,38
17064,0,34163951179,34163951143,0,0,36
17065,0,34165953700,34165953651,0,0,48
17066,0,34167955680,34167955701,0,0,-20
17067,0,34169957730,34169957739,0,0,-8
17068,0,34171960584,34171960505,0,0,79
17069,0,34173962514,34173962455,0,0,59
17070,0,34175964382,34175964324,0,0,58
17071,0,34177966714,34177966658,0,0,55
17072,0,34179969186,34179969139,0,0,46
17073,0,34181971433,34181971415,0,0,17
17074,0,34183973429,34183973375,0,0,53
17075,0,34185975469,34185975425,0,0,43
17076,0,34187977761,34187977710,0,0,51
17077,0,34189980505,34189980440,0,0,65
17078,0,34191982525,34191982446,0,0,79
17079,0,34193984576,34193984521,0,0,55
17080,0,34195986981,34195986993,0,0,-12
17081,0,34197989237,34197989189,0,0,47
17082,0,34199991120,34199991087,0,0,33
17083,0,34201993595,34201993546,0,0,49
17084,0,34203996177,34203996135,0,0,42
17085,0,34205998314,34205998267,0,0,47
17086,0,34208000214,34208000159,0,0,54
17087,0,34210002031,34210001985,0,0,45
17088,0,34212003436,34212003372,0,0,64
17089,0,34214006412,34214006361,0,0,51
17090,0,34216007838,34216007770,0,0,67
17091,0,34218010366,34218010328,0,0,38
17092,0,34220013760,34220013688,0,0,71
17093,0,34222016626,34222016637,0,0,-10
17094,0,34224018080,34224018013,0,0,66
17095,0,34226019889,34226019836,0,0,53
17096,0,34228021029,34228020965,0,0,64
17097,0,34230023533,34230023485,0,0,48
17098,0,34232026952,34232026901,0,0,51
17099,0,34234029051,34234028997,0,0,53
17100,0,34236031532,34236031522,0,0,9
17101,0,34238033206,34238033168,0,0,38
17102,0,34240034768,34240034721,0,0,47
17103,0,34242037788,34242037750,0,0,38
17104,0,34244040876,34244040831,0,0,44
17105,0,34246044020,34246044015,0,0,4
17106,0,34248044702,34248044714,0,0,-12
17107,0,34250046716,34250046687,0,0,29
17108,0,34252049233,34252049208,0,0,25
17109,0,34254052467,34254052442,0,0,24
17110,0,34256053779,34256053728,0,0,51
17111,0,34258055355,34258055323,0,0,31
17112,0,34260056542,34260056573,0,0,-30
17113,0,34262059283,34262059240,0,0,42
17114,0,34264062364,34264062348,0,0,15
17115,0,34266064730,34266064707,0,0,23
17116,0,34268067208,34268067175,0,0,32
17117,0,34270068546,34270068574,0,0,-27
17118,0,34272070861,34272070901,0,0,-40
17119,0,34274073838,34274073878,0,0,-40
17120,0,34276075786,34276075726,0,0,59
17121,0,34278077628,34278077621,0,0,6
17122,0,34280079132,34280079156,0,0,-23
17123,0,34282083718,34282083687,0,0,31
17124,0,34284086107,34284086075,0,0,31
17125,0,34286087520,34286087493,0,0,26
17126,0,34288088125,34288088081,0,0,44
17127,0,34290091770,34290091747,0,0,23
17128,0,34292093642,34292093615,0,0,26
17129,0,34294096240,34294096205,0,0,35
17130,0,34296099585,34296099564,0,0,21
17131,0,34298101285,34298101256,0,0,29
17132,0,34300102737,34300102769,0,0,-32
17133,0,34302104622,34302104654,0,0,-32
17134,0,34304106519,34304106559,0,0,-40
17135,0,34306108020,34306108053,0,0,-33
17136,0,34308111291,34308111329,0,0,-38
17137,0,34310113367,34310113402,0,0,-35
17138,0,34312115856,34312115837,0,0,18
17139,0,34314118096,34314118083,0,0,12
17140,0,34316120145,34316120112,0,0,32
17141,0,34318123026,34318123003,0,0,23
17142,0,34320124403,34320124378,0,0,24
17143,0,34322126692,34322126683,0,0,8
17144,0,34324128892,34324128868,0,0,23
17145,0,34326130483,34326130448,0,0,35
17146,0,34328133271,34328133254,0,0,16
17147,0,34330134741,34330134714,0,0,26
17148,0,34332138258,34332138298,0,0,-40
17149,0,34334139692,34334139663,0,0,28
17150,0,34336141669,34336141693,0,0,-23
17151,0,34338144595,34338144633,0,0,-38
17152,0,34340147272,34340147316,0,0,-43
17153,0,34342149033,34342149008,0,0,24
17154,0,34344151341,34344151325,0,0,15
17155,0,34346156080,34346156049,0,0,31
17156,0,34348156835,34348156801,0,0,33
17157,0,34350158024,34350158008,0,0,15
17158,0,34352159983,34352159939,0,0,44
17159,0,34354161298,34354161286,0,0,11
17160,0,34356165535,34356165487,0,0,47
17161,0,34358167179,34358167155,0,0,24
17162,0,34360170230,34360170186,0,0,43
17163,0,34362173056,34362173090,0,0,-33
17164,0,34364173687,34364173679,0,0,7
17165,0,34366175568,34366175620,0,0,-51
17166,0,34368177332,34368177350,0,0,-17
17167,0,34370180822,34370180796,0,0,26
17168,0,34372183724,34372183691,0,0,33
17169,0,34374186047,34374186021,0,0,25
17170,0,34376187260,34376187233,0,0,26
17171,0,34378189106,34378189068,0,0,38
17172,0,34380191511,34380191496,0,0,15
17173,0,34382194795,34382194773,0,0,22
17174,0,34384196700,34384196647,0,0,53
17175,0,34386197839,34386197805,0,0,33
17176,0,34388199453,34388199402,0,0,51
17177,0,34390202606,34390202574,0,0,32
17178,0,34392204836,34392204802,0,0,34
17179,0,34394206685,34394206641,0,0,44
17180,0,34396208841,34396208753,0,0,87
17181,0,34398211453,34398211480,0,0,-26
17182,0,34400214188,34400214128,0,0,59
17183,0,34402216175,34402216138,0,0,36
17184,0,34404218442,34404218389,0,0,53
17185,0,34406220071,34406220083,0,0,-12
17186,0,34408221734,34408221743,0,0,-8
17187,0,34410224800,34410224728,0,0,71
17188,0,34412228172,34412228087,0,0,85
17189,0,34414230997,34414230973,0,0,23
17190,0,34416230524,34416230455,0,0,69
17191,0,34418233699,34418233648,0,0,51
17192,0,34420235958,34420235942,0,0,15
17193,0,34422237983,34422237923,0,0,59
17194,0,34424239460,34424239395,0,0,65
17195,0,34426242367,34426242332,0,0,35
17196,0,34428243860,34428243780,0,0,79
17197,0,34430246925,34430246955,0,0,-29
17198,0,34432249156,34432249169,0,0,-13
17199,0,34434251523,34434251485,0,0,38
17200,0,34436253649,34436253599,0,0,49
17201,0,34438256359,34438256319,0,0,40
17202,0,34440257842,34440257811,0,0,31
17203,0,34442259724,34442259669,0,0,54
17204,0,34444262666,34444262621,0,0,44
17205,0,34446266570,34446266534,0,0,35
17206,0,34448267496,34448267464,0,0,31
17207,0,34450269519,34450269452,0,0,67
17208,0,34452271489,34452271414,0,0,74
17209,0,34454273569,34454273515,0,0,53
17210,0,34456274961,34456274912,0,0,48
17211,0,34458277924,34458277891,0,0,33
17212,0,34460279854,34460279812,0,0,42
17213,0,34462283083,34462283096,0,0,-13
17214,0,34464284511,34464284472,0,0,38
17215,0,34466286608,34466286622,0,0,-13
17216,0,34468289306,34468289319,0,0,-12
17217,0,34470291366,34470291359,0,0,7
17218,0,34472293440,34472293355,0,0,84
17219,0,34474297010,34474296971,0,0,38
17220,0,34476298947,34476298879,0,0,67
17221,0,34478300661,34478300635,0,0,26
17222,0,34480302780,34480302716,0,0,63
17223,0,34482304734,34482304728,0,0,6
17224,0,34484306735,34484306691,0,0,44
17225,0,34486307959,34486307984,0,0,-24
17226,0,34488310598,34488310542,0,0,56
17227,0,34490314088,34490314044,0,0,44
17228,0,34492316104,34492316062,0,0,42
17229,0,34494318271,34494318233,0,0,38
17230,0,34496319662,34496319586,0,0,76
17231,0,34498322536,34498322491,0,0,44
17232,0,34500325022,34500324963,0,0,59
17233,0,34502327066,34502327042,0,0,23
17234,0,34504329622,34504329635,0,0,-13
17235,0,34506331606,34506331571,0,0,35
17236,0,34508334102,34508334087,0,0,15
17237,0,34510337418,34510337400,0,0,17
17238,0,34512338530,34512338501,0,0,29
17239,0,34514340671,34514340614,0,0,57
17240,0,34516342712,34516342689,0,0,22
17241,0,34518344525,34518344494,0,0,31
17242,0,34520346172,34520346148,0,0,24
17243,0,34522349151,34522349124,0,0,26
17244,0,34524350882,34524350860,0,0,21
17245,0,34526353919,34526353889,0,0,29
17246,0,34528356217,34528356255,0,0,-37
17247,0,34530358374,34530358416,0,0,-42
17248,0,34532360770,34532360804,0,0,-33
17249,0,34534362658,34534362632,0,0,26
17250,0,34536365173,34536365123,0,0,49
17251,0,34538367289,34538367315,0,0,-26
17252,0,34540370191,34540370163,0,0,28
17253,0,34542372797,34542372764,0,0,33
17254,0,34544374176,34544374121,0,0,55
17255,0,34546377525,34546377498,0,0,27
17256,0,34548378820,34548378794,0,0,25
17257,0,34550380558,34550380550,0,0,8
17258,0,34552383158,34552383130,0,0,28
17259,0,34554385055,34554385013,0,0,42
17260,0,34556387217,34556387182,0,0,34
17261,0,34558389184,34558389160,0,0,23
17262,0,34560390772,34560390717,0,0,54
17263,0,34562394887,34562394867,0,0,19
17264,0,34564397390,34564397342,0,0,47
17265,0,34566398032,34566398022,0,0,9
17266,0,34568399942,34568399898,0,0,43
17267,0,34570402741,34570402703,0,0,38
17268,0,34572405498,34572405488,0,0,9
17269,0,34574407077,34574407051,0,0,25
17270,0,34576409669,34576409677,0,0,-7
17271,0,34578411522,34578411480,0,0,42
17272,0,34580414363,34580414323,0,0,39
17273,0,34582416217,34582416200,0,0,17
17274,0,34584418374,34584418334,0,0,39
17275,0,34586421206,34586421240,0,0,-33
17276,0,34588422991,34588422949,0,0,41
17277,0,34590425052,34590425037,0,0,15
17278,0,34592427624,34592427579,0,0,44
17279,0,34594429729,34594429710,0,0,19
17280,0,34596432217,34596432180,0,0,36
17281,0,34598434616,34598434592,0,0,24
17282,0,34600436288,34600436247,0,0,40
17283,0,34602439010,34602438970,0,0,40
17284,0,34604441266,34604441211,0,0,55
17285,0,34606442836,34606442810,0,0,26
17286,0,34608446759,34608446720,0,0,38
17287,0,34610447112,34610447087,0,0,24
17288,0,34612449410,34612449355,0,0,54
17289,0,34614452285,34614452309,0,0,-24
17290,0,34616453706,34616453730,0,0,-24
17291,0,34618454907,34618454964,0,0,-57
17292,0,34620458360,34620458301,0,0,59
17293,0,34622460489,34622460476,0,0,13
17294,0,34624463153,34624463121,0,0,31
17295,0,34626464809,34626464791,0,0,18
17296,0,34628467503,34628467474,0,0,29
17297,0,34630469910,34630469903,0,0,6
17298,0,34632471339,34632471306,0,0,33
17299,0,34634473082,34634473049,0,0,32
17300,0,34636477008,34636476984,0,0,24
17301,0,34638478967,34638478943,0,0,24
17302,0,34640480483,34640480453,0,0,29
17303,0,34642481723,34642481688,0,0,34
17304,0,34644485524,34644485471,0,0,52
17305,0,34646488715,34646488688,0,0,26
17306,0,34648489637,34648489605,0,0,31
17307,0,34650491835,34650491769,0,0,65
17308,0,34652494264,34652494197,0,0,66
17309,0,34654496350,34654496299,0,0,50
17310,0,34656497563,34656497573,0,0,-9
17311,0,34658500532,34658500547,0,0,-15
17312,0,34660503671,34660503687,0,0,-15
17313,0,34662505244,34662505269,0,0,-24
17314,0,34664507328,34664507341,0,0,-13
17315,0,34666510103,34666510145,0,0,-42
17316,0,34668511829,34668511821,0,0,7
17317,0,34670513883,34670513911,0,0,-28
17318,0,34672516115,34672516147,0,0,-31
17319,0,34674518460,34674518492,0,0,-31
17320,0,34676520910,34676520938,0,0,-27
17321,0,34678523235,34678523240,0,0,-4
17322,0,34680525363,34680525330,0,0,33
17323,0,34682527408,34682527377,0,0,31
17324,0,34684529478,34684529422,0,0,56
17325,0,34686531950,34686531919,0,0,31
17326,0,34688533777,34688533799,0,0,-22
17327,0,34690535312,34690535350,0,0,-38
17328,0,34692539092,34692539112,0,0,-20
17329,0,34694540762,34694540716,0,0,46
17330,0,34696542680,34696542669,0,0,11
17331,0,34698544336,34698544297,0,0,38
17332,0,34700548087,34700548033,0,0,53
17333,0,34702549520,34702549482,0,0,38
17334,0,34704551417,34704551428,0,0,-10
17335,0,34706553246,34706553276,0,0,-30
17336,0,34708556047,34708555993,0,0,53
17337,0,34710557223,34710557183,0,0,40
17338,0,34712559676,34712559653,0,0,23
17339,0,34714562864,34714562817,0,0,46
17340,0,34716565334,34716565296,0,0,38
17341,0,34718567220,34718567204,0,0,16
17342,0,34720569438,34720569388,0,0,49
17343,0,34722571947,34722571910,0,0,37
17344,0,34724574559,34724574519,0,0,40
17345,0,34726576341,34726576380,0,0,-38
17346,0,34728578743,34728578761,0,0,-17
17347,0,34730580667,34730580614,0,0,53
17348,0,34732583363,34732583277,0,0,85
17349,0,34734585067,34734585083,0,0,-15
17350,0,34736587613,34736587561,0,0,51
17351,0,34738590008,34738589942,0,0,65
17352,0,34740592208,34740592134,0,0,74
17353,0,34742594055,34742594015,0,0,40
17354,0,34744596630,34744596572,0,0,58
17355,0,34746600258,34746600211,0,0,46
17356,0,34748600955,34748600888,0,0,66
17357,0,34750602809,34750602756,0,0,53
17358,0,34752604344,34752604345,0,0,0
17359,0,34754607639,34754607646,0,0,-6
17360,0,34756610721,34756610693,0,0,27
17361,0,34758612761,34758612774,0,0,-12
17362,0,34760612955,34760612886,0,0,69
17363,0,34762615735,34762615724,0,0,11
17364,0,34764618369,34764618350,0,0,19
17365,0,34766620031,34766620008,0,0,23
17366,0,34768624862,34768624829,0,0,33
17367,0,34770626215,34770626177,0,0,38
17368,0,34772627665,34772627650,0,0,15
17369,0,34774629943,34774629905,0,0,38
17370,0,34776632444,34776632413,0,0,31
17371,0,34778634802,34778634828,0,0,-25
17372,0,34780636335,34780636390,0,0,-54
17373,0,34782638793,34782638782,0,0,10
17374,0,34784640746,34784640702,0,0,44
17375,0,34786643073,34786643060,0,0,13
17376,0,34788645902,34788645925,0,0,-22
17377,0,34790647388,34790647408,0,0,-19
17378,0,34792649918,34792649930,0,0,-12
17379,0,34794652768,34794652748,0,0,20
17380,0,34796655433,34796655384,0,0,49
17381,0,34798656400,34798656384,0,0,15
17382,0,34800660072,34800660105,0,0,-32
17383,0,34802661201,34802661220,0,0,-19
17384,0,34804663213,34804663205,0,0,7
17385,0,34806665882,34806665852,0,0,29
17386,0,34808667503,34808667469,0,0,33
17387,0,34810669667,34810669640,0,0,26
17388,0,34812671971,34812671943,0,0,28
17389,0,34814674598,34814674568,0,0,29
17390,0,34816676677,34816676605,0,0,71
17391,0,34818678204,34818678243,0,0,-39
17392,0,34820679760,34820679751,0,0,8
17393,0,34822682675,34822682648,0,0,26
17394,0,34824684485,34824684453,0,0,31
17395,0,34826687611,34826687575,0,0,35
17396,0,34828690098,34828690078,0,0,20
17397,0,34830692029,34830691990,0,0,39
17398,0,34832695737,34832695781,0,0,-44
17399,0,34834696570,34834696606,0,0,-36
17400,0,34836698671,34836698678,0,0,-6
17401,0,34838701001,34838701025,0,0,-24
17402,0,34840703741,34840703759,0,0,-17
17403,0,34842705577,34842705592,0,0,-15
17404,0,34844707727,34844707756,0,0,-29
17405,0,34846710995,34846711004,0,0,-8
17406,0,34848712022,34848712053,0,0,-31
17407,0,34850714482,34850714514,0,0,-31
17408,0,34852717116,34852717121,0,0,-5
17409,0,34854718731,34854718750,0,0,-19
17410,0,34856721203,34856721168,0,0,34
17411,0,34858724049,34858724033,0,0,15
17412,0,34860726396,34860726350,0,0,46
17413,0,34862727518,34862727493,0,0,24
17414,0,34864729990,34864729973,0,0,16
17415,0,34866731649,34866731635,0,0,13
17416,0,34868733532,34868733490,0,0,41
17417,0,34870736756,34870736729,0,0,26
17418,0,34872738726,34872738703,0,0,23
17419,0,34874740741,34874740727,0,0,14
17420,0,34876742765,34876742737,0,0,28
17421,0,34878744288,34878744269,0,0,19
17422,0,34880747656,34880747663,0,0,-6
17423,0,34882749819,34882749797,0,0,22
17424,0,34884752521,34884752502,0,0,18
17425,0,34886754207,34886754177,0,0,29
17426,0,34888756834,34888756816,0,0,17
17427,0,34890759017,34890758959,0,0,58
17428,0,34892761192,34892761134,0,0,57
17429,0,34894763755,34894763676,0,0,78
17430,0,34896766288,34896766218,0,0,69
17431,0,34898767654,34898767594,0,0,60
17432,0,34900769781,34900769715,0,0,65
17433,0,34902772013,34902771951,0,0,61
17434,0,34904774923,34904774858,0,0,65
17435,0,34906776327,34906776297,0,0,29
17436,0,34908778349,34908778317,0,0,31
17437,0,34910781311,34910781283,0,0,28
17438,0,34912783525,34912783532,0,0,-7
17439,0,34914785358,34914785327,0,0,31
17440,0,34916787990,34916787915,0,0,74
17441,0,34918789540,34918789510,0,0,29
17442,0,34920791567,34920791500,0,0,67
17443,0,34922795288,34922795257,0,0,31
17444,0,34924797714,34924797675,0,0,39
17445,0,34926798770,34926798716,0,0,53
17446,0,34928801937,34928801887,0,0,49
17447,0,34930805895,34930805860,0,0,35
17448,0,34932805842,34932805828,0,0,13
17449,0,34934807671,34934807635,0,0,36
17450,0,34936809701,34936809673,0,0,28
17451,0,34938810854,34938810803,0,0,51
17452,0,34940813406,34940813450,0,0,-43
17453,0,34942816170,34942816201,0,0,-30
17454,0,34944818269,34944818316,0,0,-47
17455,0,34946822403,34946822427,0,0,-24
17456,0,34948823437,34948823442,0,0,-5
17457,0,34950825497,34950825552,0,0,-54
17458,0,34952827835,34952827868,0,0,-32
17459,0,34954829531,34954829550,0,0,-18
17460,0,34956831523,34956831539,0,0,-16
17461,0,34958834561,34958834577,0,0,-15
17462,0,34960836473,34960836425,0,0,47
17463,0,34962838415,34962838377,0,0,38
17464,0,34964840301,34964840276,0,0,25
17465,0,34966843924,34966843877,0,0,47
17466,0,34968845442,34968845384,0,0,58
17467,0,34970847606,34970847561,0,0,44
17468,0,34972849741,34972849705,0,0,35
17469,0,34974851220,34974851170,0,0,49
17470,0,34976854228,34976854160,0,0,67
17471,0,34978855840,34978855802,0,0,38
17472,0,34980858864,34980858814,0,0,49
17473,0,34982861132,34982861109,0,0,22
17474,0,34984863516,34984863477,0,0,39
17475,0,34986866251,34986866214,0,0,36
17476,0,34988867795,34988867723,0,0,71
17477,0,34990870280,34990870292,0,0,-11
17478,0,34992871902,34992871844,0,0,58
17479,0,34994874413,34994874366,0,0,47
17480,0,34996876674,34996876620,0,0,54
17481,0,34998879297,34998879250,0,0,47
17482,0,35000881096,35000881037,0,0,59
17483,0,35002883260,35002883212,0,0,47
17484,0,35004885899,35004885864,0,0,35
17485,0,35006887702,35006887654,0,0,47
17486,0,35008890187,35008890122,0,0,65
17487,0,35010892235,35010892194,0,0,41
17488,0,35012895423,35012895367,0,0,56
17489,0,35014897615,35014897557,0,0,58
17490,0,35016898441,35016898393,0,0,47
17491,0,35018900472,35018900432,0,0,40
17492,0,35020903271,35020903216,0,0,54
17493,0,35022905134,35022905127,0,0,7
17494,0,35024906771,35024906791,0,0,-19
17495,0,35026910856,35026910880,0,0,-24
17496,0,35028911966,35028911995,0,0,-28
17497,0,35030913197,35030913191,0,0,6
17498,0,35032915928,35032915937,0,0,-8
17499,0,35034918635,35034918597,0,0,38
17500,0,35036920428,35036920392,0,0,35
17501,0,35038922927,35038922889,0,0,38
17502,0,35040924681,35040924658,0,0,23
17503,0,35042928155,35042928121,0,0,33
17504,0,35044930462,35044930424,0,0,38
17505,0,35046933425,35046933415,0,0,9
17506,0,35048934531,35048934564,0,0,-32
17507,0,35050936569,35050936587,0,0,-17
17508,0,35052938839,35052938809,0,0,29
17509,0,35054942222,35054942197,0,0,24
17510,0,35056943416,35056943380,0,0,35
17511,0,35058946462,35058946435,0,0,26
17512,0,35060948140,35060948096,0,0,43
17513,0,35062950570,35062950514,0,0,56
17514,0,35064952774,35064952732,0,0,42
17515,0,35066954283,35066954249,0,0,33
17516,0,35068956011,35068955983,0,0,27
17517,0,35070959078,35070959057,0,0,20
17518,0,35072961860,35072961831,0,0,29
17519,0,35074963543,35074963561,0,0,-18
17520,0,35076966630,35076966646,0,0,-15
17521,0,35078968962,35078968993,0,0,-31
17522,0,35080970735,35080970777,0,0,-42
17523,0,35082972824,35082972810,0,0,14
17524,0,35084974571,35084974544,0,0,26
17525,0,35086976386,35086976412,0,0,-25
17526,0,35088977976,35088978014,0,0,-38
17527,0,35090981908,35090981937,0,0,-29
17528,0,35092982364,35092982401,0,0,-36
17529,0,35094986098,35094986086,0,0,11
17530,0,35096987916,35096987903,0,0,13
17531,0,35098990006,35098989978,0,0,28
17532,0,35100992168,35100992175,0,0,-6
17533,0,35102993163,35102993195,0,0,-32
17534,0,35104995744,35104995736,0,0,8
17535,0,35106999128,35106999103,0,0,25
17536,0,35109001395,35109001339,0,0,56
17537,0,35111003361,35111003341,0,0,20
17538,0,35113006015,35113005970,0,0,44
17539,0,35115008603,35115008543,0,0,60
17540,0,35117010884,35117010809,0,0,74
17541,0,35119012856,35119012796,0,0,60
17542,0,35121014820,35121014739,0,0,81
17543,0,35123017831,35123017786,0,0,44
17544,0,35125018673,35125018631,0,0,42
17545,0,35127020352,35127020326,0,0,26
17546,0,35129023591,35129023523,0,0,67
17547,0,35131026505,35131026477,0,0,27
17548,0,35133028916,35133028959,0,0,-42
17549,0,35135029945,35135029934,0,0,11
17550,0,35137031508,35137031472,0,0,35
17551,0,35139034131,35139034112,0,0,19
17552,0,35141035921,35141035897,0,0,23
17553,0,35143039038,35143039030,0,0,7
17554,0,35145041497,35145041491,0,0,6
17555,0,35147044841,35147044797,0,0,43
17556,0,35149045916,35149045878,0,0,37
17557,0,35151048283,35151048247,0,0,35
17558,0,35153050319,35153050285,0,0,34
17559,0,35155053707,35155053741,0,0,-33
17560,0,35157055820,35157055845,0,0,-25
17561,0,35159058211,35159058177,0,0,33
17562,0,35161059818,35161059804,0,0,14
17563,0,35163061440,35163061471,0,0,-30
17564,0,35165063455,35165063478,0,0,-22
17565,0,35167066269,35167066280,0,0,-11
17566,0,35169068047,35169068060,0,0,-12
17567,0,35171070792,35171070803,0,0,-11
17568,0,35173072858,35173072824,0,0,33
17569,0,35175074728,35175074672,0,0,55
17570,0,35177077322,35177077335,0,0,-13
17571,0,35179079434,35179079439,0,0,-4
17572,0,35181081300,35181081310,0,0,-10
17573,0,35183084134,35183084160,0,0,-25
17574,0,35185085678,35185085630,0,0,47
17575,0,35187088002,35187087947,0,0,55
17576,0,35189091080,35189091028,0,0,51
17577,0,35191092541,35191092507,0,0,34
17578,0,35193095297,35193095253,0,0,44
17579,0,35195097187,35195097125,0,0,62
17580,0,35197099393,35197099337,0,0,55
17581,0,35199101091,35199101039,0,0,51
17582,0,35201102872,35201102791,0,0,80
17583,0,35203105732,35203105691,0,0,41
17584,0,35205107983,35205107942,0,0,40
17585,0,35207110152,35207110099,0,0,53
17586,0,35209112877,35209112894,0,0,-16
17587,0,35211115105,35211115065,0,0,40
17588,0,35213117197,35213117157,0,0,40
17589,0,35215119260,35215119238,0,0,22
17590,0,35217121265,35217121240,0,0,24
17591,0,35219123197,35219123169,0,0,27
17592,0,35221125983,35221125995,0,0,-12
17593,0,35223128096,35223128121,0,0,-24
17594,0,35225130483,35225130428,0,0,55
17595,0,35227132449,35227132424,0,0,25
17596,0,35229134930,35229134892,0,0,38
17597,0,35231136783,35231136812,0,0,-29
17598,0,35233139539,35233139577,0,0,-37
17599,0,35235141464,35235141496,0,0,-32
17600,0,35237143442,35237143433,0,0,8
17601,0,35239145029,35239145071,0,0,-42
17602,0,35241148099,35241148125,0,0,-26
17603,0,35243151194,35243151166,0,0,28
17604,0,35245153595,35245153553,0,0,42
17605,0,35247155923,35247155881,0,0,42
17606,0,35249156893,35249156842,0,0,51
17607,0,35251158676,35251158648,0,0,27
17608,0,35253161671,35253161591,0,0,79
17609,0,35255163494,35255163454,0,0,39
17610,0,35257166124,35257166085,0,0,39
17611,0,35259167849,35259167879,0,0,-30
17612,0,35261170088,35261170127,0,0,-38
17613,0,35263172100,35263172076,0,0,23
17614,0,35265173894,35265173883,0,0,11
17615,0,35267177489,35267177445,0,0,44
17616,0,35269179389,35269179435,0,0,-45
17617,0,35271181921,35271181955,0,0,-33
17618,0,35273183622,35273183656,0,0,-33
17619,0,35275185674,35275185687,0,0,-12
17620,0,35277187788,35277187831,0,0,-42
17621,0,35279188851,35279188808,0,0,42
17622,0,35281191422,35281191372,0,0,49
17623,0,35283194692,35283194637,0,0,55
17624,0,35285198027,35285197976,0,0,51
17625,0,35287199216,35287199182,0,0,33
17626,0,35289201762,35289201716,0,0,46
17627,0,35291203786,35291203739,0,0,46
17628,0,35293206548,35293206523,0,0,24
17629,0,35295208010,35295208039,0,0,-29
17630,0,35297210459,35297210400,0,0,59
17631,0,35299212659,35299212601,0,0,58
17632,0,35301214790,35301214722,0,0,67
17633,0,35303217087,35303217049,0,0,38
17634,0,35305218934,35305218896,0,0,38
17635,0,35307221295,35307221257,0,0,38
17636,0,35309225282,35309225235,0,0,46
17637,0,35311226213,35311226174,0,0,39
17638,0,35313227797,35313227749,0,0,48
17639,0,35315229164,35315229184,0,0,-20
17640,0,35317232423,35317232385,0,0,38
17641,0,35319234743,35319234710,0,0,33
17642,0,35321237139,35321237165,0,0,-26
17643,0,35323239429,35323239392,0,0,36
17644,0,35325241392,35325241367,0,0,24
17645,0,35327243351,35327243327,0,0,24
17646,0,35329244614,35329244591,0,0,23
17647,0,35331246910,35331246858,0,0,51
17648,0,35333250249,35333250235,0,0,13
17649,0,35335253824,35335253804,0,0,20
17650,0,35337255150,35337255133,0,0,17
17651,0,35339257301,35339257337,0,0,-35
17652,0,35341259182,35341259247,0,0,-65
17653,0,35343261611,35343261624,0,0,-13
17654,0,35345263804,35345263838,0,0,-33
17655,0,35347267670,35347267662,0,0,8
17656,0,35349269986,35349269961,0,0,25
17657,0,35351270313,35351270277,0,0,35
17658,0,35353272443,35353272431,0,0,11
17659,0,35355273657,35355273652,0,0,4
17660,0,35357277116,35357277074,0,0,42
17661,0,35359279228,35359279213,0,0,14
17662,0,35361281911,35361281863,0,0,47
17663,0,35363283664,35363283652,0,0,11
17664,0,35365286220,35365286204,0,0,16
17665,0,35367288271,35367288243,0,0,27
17666,0,35369290887,35369290877,0,0,9
17667,0,35371292942,35371292931,0,0,11
17668,0,35373295574,35373295602,0,0,-28
17669,0,35375297119,35375297152,0,0,-33
17670,0,35377299543,35377299559,0,0,-16
17671,0,35379301584,35379301633,0,0,-48
17672,0,35381304970,35381305018,0,0,-47
17673,0,35383306250,35383306306,0,0,-56
17674,0,35385308752,35385308771,0,0,-18
17675,0,35387310168,35387310134,0,0,34
17676,0,35389311754,35389311711,0,0,42
17677,0,35391315125,35391315098,0,0,26
17678,0,35393317739,35393317694,0,0,44
17679,0,35395319773,35395319721,0,0,51
17680,0,35397322321,35397322273,0,0,48
17681,0,35399323981,35399323993,0,0,-11
17682,0,35401326564,35401326577,0,0,-13
17683,0,35403328418,35403328376,0,0,42
17684,0,35405331155,35405331127,0,0,28
17685,0,35407332325,35407332270,0,0,55
17686,0,35409333676,35409333649,0,0,27
17687,0,35411336000,35411335966,0,0,33
17688,0,35413339398,35413339361,0,0,36
17689,0,35415341393,35415341363,0,0,30
17690,0,35417342724,35417342673,0,0,51
17691,0,35419345530,35419345485,0,0,44
17692,0,35421347825,35421347770,0,0,55
17693,0,35423350296,35423350253,0,0,43
17694,0,35425352480,35425352447,0,0,33
17695,0,35427355040,35427355005,0,0,34
17696,0,35429357256,35429357219,0,0,37
17697,0,35431359075,35431359049,0,0,26
17698,0,35433360625,35433360588,0,0,36
17699,0,35435364442,35435364393,0,0,49
17700,0,35437366462,35437366404,0,0,58
17701,0,35439368612,35439368560,0,0,51
17702,0,35441370426,35441370415,0,0,11
17703,0,35443372829,35443372842,0,0,-13
17704,0,35445375537,35445375514,0,0,23
17705,0,35447377631,35447377583,0,0,48
17706,0,35449379494,35449379435,0,0,59
17707,0,35451381487,35451381441,0,0,46
17708,0,35453383963,35453383901,0,0,62
17709,0,35455385224,35455385157,0,0,66
17710,0,35457388242,35457388269,0,0,-26
17711,0,35459390681,35459390646,0,0,35
17712,0,35461393343,35461393310,0,0,33
17713,0,35463394642,35463394605,0,0,37
17714,0,35465397208,35465397177,0,0,31
17715,0,35467400026,35467400066,0,0,-40
17716,0,35469400254,35469400288,0,0,-33
17717,0,35471402339,35471402309,0,0,30
17718,0,35473405417,35473405382,0,0,34
17719,0,35475407797,35475407761,0,0,35
17720,0,35477410835,35477410794,0,0,41
17721,0,35479412649,35479412625,0,0,23
17722,0,35481413843,35481413819,0,0,24
17723,0,35483417135,35483417079,0,0,56
17724,0,35485418948,35485418922,0,0,26
17725,0,35487420611,35487420573,0,0,38
17726,0,35489423643,35489423608,0,0,35
17727,0,35491424967,35491424927,0,0,40
17728,0,35493428683,35493428649,0,0,33
17729,0,35495430296,35495430247,0,0,49
17730,0,35497432159,35497432130,0,0,29
17731,0,35499435797,35499435773,0,0,24
17732,0,35501438622,35501438613,0,0,8
17733,0,35503439078,35503439067,0,0,11
17734,0,35505440506,35505440462,0,0,44
17735,0,35507442580,35507442538,0,0,42
17736,0,35509446092,35509446042,0,0,50
17737,0,35511448122,35511448138,0,0,-15
17738,0,35513449152,35513449173,0,0,-20
17739,0,35515451457,35515451495,0,0,-38
17740,0,35517454149,35517454083,0,0,66
17741,0,35519456929,35519456909,0,0,20
17742,0,35521458644,35521458625,0,0,19
17743,0,35523461174,35523461133,0,0,40
17744,0,35525462768,35525462724,0,0,44
17745,0,35527465332,35527465272,0,0,59
17746,0,35529468498,35529468457,0,0,40
17747,0,35531470619,35531470584,0,0,34
17748,0,35533473202,35533473174,0,0,28
17749,0,35535474915,35535474898,0,0,16
17750,0,35537477542,35537477575,0,0,-32
17751,0,35539479444,35539479458,0,0,-14
17752,0,35541482498,35541482561,0,0,-62
17753,0,35543483260,35543483213,0,0,46
17754,0,35545485937,35545485918,0,0,19
17755,0,35547488894,35547488864,0,0,30
17756,0,35549490600,35549490571,0,0,28
17757,0,35551492586,35551492612,0,0,-25
17758,0,35553493878,35553493906,0,0,-27
17759,0,35555496135,35555496164,0,0,-29
17760,0,35557499267,35557499258,0,0,8
17761,0,35559500875,35559500860,0,0,14
17762,0,35561504092,35561504048,0,0,44
17763,0,35563506919,35563506880,0,0,38
17764,0,35565508865,35565508784,0,0,80
17765,0,35567510853,35567510874,0,0,-20
17766,0,35569513327,35569513252,0,0,74
17767,0,35571514770,35571514721,0,0,49
17768,0,35573516272,35573516254,0,0,17
17769,0,35575520921,35575520946,0,0,-25
17770,0,35577521598,35577521537,0,0,60
17771,0,35579522648,35579522630,0,0,17
17772,0,35581525098,35581525079,0,0,18
17773,0,35583527074,35583527089,0,0,-15
17774,0,35585529489,35585529528,0,0,-38
17775,0,35587531880,35587531845,0,0,34
17776,0,35589535383,35589535323,0,0,59
17777,0,35591537454,35591537424,0,0,29
17778,0,35593539334,35593539343,0,0,-9
17779,0,35595541200,35595541173,0,0,26
17780,0,35597543934,35597543886,0,0,47
17781,0,35599546343,35599546283,0,0,60
17782,0,35601548455,35601548404,0,0,50
17783,0,35603550695,35603550660,0,0,35
17784,0,35605553214,35605553168,0,0,46
17785,0,35607556213,35607556155,0,0,58
17786,0,35609557356,35609557323,0,0,32
17787,0,35611559397,35611559384,0,0,13
17788,0,35613561123,35613561089,0,0,33
17789,0,35615563975,35615563946,0,0,29
17790,0,35617566608,35617566602,0,0,6
17791,0,35619568856,35619568842,0,0,13
17792,0,35621570918,35621570874,0,0,43
17793,0,35623572729,35623572723,0,0,6
17794,0,35625574504,35625574480,0,0,23
17795,0,35627578539,35627578528,0,0,11
17796,0,35629580999,35629580966,0,0,33
17797,0,35631581768,35631581741,0,0,26
17798,0,35633584051,35633583996,0,0,54
17799,0,35635585980,35635585957,0,0,22
17800,0,35637587629,35637587608,0,0,21
17801,0,35639592182,35639592143,0,0,38
17802,0,35641594319,35641594298,0,0,20
17803,0,35643596827,35643596801,0,0,26
17804,0,35645597197,35645597189,0,0,7
17805,0,35647599323,35647599355,0,0,-31
17806,0,35649601604,35649601647,0,0,-42
17807,0,35651604492,35651604483,0,0,8
17808,0,35653608039,35653608077,0,0,-38
17809,0,35655609693,35655609730,0,0,-36
17810,0,35657611134,35657611141,0,0,-6
17811,0,35659613773,35659613789,0,0,-16
17812,0,35661616487,35661616449,0,0,38
17813,0,35663617502,35663617452,0,0,49
17814,0,35665620228,35665620188,0,0,39
17815,0,35667622742,35667622697,0,0,44
17816,0,35669625804,35669625764,0,0,40
17817,0,35671627950,35671627902,0,0,47
17818,0,35673628667,35673628611,0,0,56
17819,0,35675630660,35675630694,0,0,-33
17820,0,35677633435,35677633380,0,0,54
17821,0,35679635384,35679635346,0,0,38
17822,0,35681637986,35681637941,0,0,44
17823,0,35683640130,35683640083,0,0,46
17824,0,35685641941,35685641872,0,0,68
17825,0,35687644226,35687644239,0,0,-12
17826,0,35689646977,35689646923,0,0,54
17827,0,35691649420,35691649390,0,0,29
17828,0,35693652123,35693652064,0,0,59
17829,0,35695653932,35695653959,0,0,-26
17830,0,35697656479,35697656458,0,0,20
17831,0,35699657476,35699657433,0,0,42
17832,0,35701659911,35701659844,0,0,67
17833,0,35703663809,35703663777,0,0,32
17834,0,35705665676,35705665696,0,0,-20
17835,0,35707666460,35707666441,0,0,19
17836,0,35709669116,35709669081,0,0,35
17837,0,35711670387,35711670359,0,0,27
17838,0,35713672413,35713672374,0,0,39
17839,0,35715675761,35715675714,0,0,47
17840,0,35717678339,35717678316,0,0,22
17841,0,35719680332,35719680278,0,0,53
17842,0,35721682448,35721682464,0,0,-15
17843,0,35723683961,35723683914,0,0,47
17844,0,35725685505,35725685467,0,0,38
17845,0,35727689137,35727689094,0,0,42
17846,0,35729690937,35729690902,0,0,35
17847,0,35731692869,35731692820,0,0,48
17848,0,35733694465,35733694407,0,0,58
17849,0,35735698421,35735698401,0,0,20
17850,0,35737698991,35737698961,0,0,30
17851,0,35739701727,35739701703,0,0,23
17852,0,35741703379,35741703410,0,0,-30
17853,0,35743706707,35743706734,0,0,-26
17854,0,35745709680,35745709646,0,0,34
17855,0,35747713490,35747713466,0,0,24
17856,0,35749713107,35749713082,0,0,25
17857,0,35751715452,35751715408,0,0,43
17858,0,35753717687,35753717651,0,0,35
17859,0,35755720707,35755720658,0,0,49
17860,0,35757723337,35757723279,0,0,58
17861,0,35759723810,35759723835,0,0,-25
17862,0,35761725673,35761725612,0,0,60
17863,0,35763728396,35763728426,0,0,-30
17864,0,35765730566,35765730580,0,0,-13
17865,0,35767734249,35767734286,0,0,-36
17866,0,35769735956,35769735990,0,0,-33
17867,0,35771737405,35771737435,0,0,-30
17868,0,35773739656,35773739614,0,0,41
17869,0,35775740814,35775740768,0,0,45
17870,0,35777743355,35777743330,0,0,24
17871,0,35779746547,35779746509,0,0,38
17872,0,35781748506,35781748468,0,0,38
17873,0,35783750125,35783750073,0,0,51
17874,0,35785753302,35785753258,0,0,44
17875,0,35787755460,35787755433,0,0,26
17876,0,35789758467,35789758447,0,0,20
17877,0,35791761132,35791761109,0,0,23
17878,0,35793762012,35793761987,0,0,24
17879,0,35795764444,35795764417,0,0,27
17880,0,35797766641,35797766610,0,0,31
17881,0,35799769688,35799769725,0,0,-36
17882,0,35801770858,35801770813,0,0,44
17883,0,35803773474,35803773436,0,0,38
17884,0,35805775695,35805775650,0,0,44
17885,0,35807777574,35807777537,0,0,37
17886,0,35809779834,35809779777,0,0,56
17887,0,35811782100,35811782089,0,0,11
17888,0,35813784424,35813784405,0,0,19
17889,0,35815786085,35815786109,0,0,-23
17890,0,35817787820,35817787793,0,0,26
17891,0,35819791429,35819791383,0,0,45
17892,0,35821793613,35821793557,0,0,55
17893,0,35823795072,35823795024,0,0,47
17894,0,35825796556,35825796496,0,0,60
17895,0,35827799440,35827799397,0,0,42
17896,0,35829801034,35829801041,0,0,-6
17897,0,35831804541,35831804553,0,0,-11
17898,0,35833806602,35833806608,0,0,-6
17899,0,35835808391,35835808404,0,0,-13
17900,0,35837809795,35837809730,0,0,65
17901,0,35839811985,35839811943,0,0,41
17902,0,35841815106,35841815152,0,0,-46
17903,0,35843818278,35843818244,0,0,33
17904,0,35845819939,35845819904,0,0,34
17905,0,35847823748,35847823708,0,0,40
17906,0,35849824228,35849824260,0,0,-32
17907,0,35851826996,35851827036,0,0,-40
17908,0,35853829120,35853829186,0,0,-66
17909,0,35855830961,35855831008,0,0,-47
17910,0,35857833321,35857833312,0,0,8
17911,0,35859835564,35859835534,0,0,30
17912,0,35861838182,35861838146,0,0,35
17913,0,35863840886,35863840962,0,0,-76
17914,0,35865842104,35865842129,0,0,-24
17915,0,35867844297,35867844328,0,0,-31
17916,0,35869846633,35869846597,0,0,35
17917,0,35871849195,35871849218,0,0,-23
17918,0,35873851439,35873851394,0,0,44
17919,0,35875853209,35875853160,0,0,49
17920,0,35877856025,35877855952,0,0,72
17921,0,35879857766,35879857716,0,0,50
17922,0,35881860440,35881860422,0,0,17
17923,0,35883862755,35883862737,0,0,17
17924,0,35885864800,35885864757,0,0,42
17925,0,35887866776,35887866753,0,0,22
17926,0,35889869143,35889869096,0,0,47
17927,0,35891870876,35891870860,0,0,15
17928,0,35893872535,35893872503,0,0,32
17929,0,35895876824,35895876797,0,0,26
17930,0,35897877779,35897877787,0,0,-7
17931,0,35899880103,35899880075,0,0,27
17932,0,35901882039,35901882074,0,0,-35
17933,0,35903882916,35903882910,0,0,6
17934,0,35905886376,35905886413,0,0,-36
17935,0,35907889292,35907889329,0,0,-36
17936,0,35909891559,35909891610,0,0,-51
17937,0,35911893709,35911893685,0,0,24
17938,0,35913895495,35913895520,0,0,-24
17939,0,35915897894,35915897849,0,0,45
17940,0,35917900825,35917900831,0,0,-6
17941,0,35919902209,35919902226,0,0,-17
17942,0,35921905131,35921905145,0,0,-13
17943,0,35923906757,35923906737,0,0,19
17944,0,35925909278,35925909202,0,0,76
17945,0,35927912265,35927912207,0,0,58
17946,0,35929913825,35929913775,0,0,49
17947,0,35931915199,35931915148,0,0,51
17948,0,35933917332,35933917256,0,0,76
17949,0,35935919865,35935919826,0,0,39
17950,0,35937922112,35937922071,0,0,41
17951,0,35939925783,35939925736,0,0,47
17952,0,35941926426,35941926408,0,0,17
17953,0,35943927885,35943927920,0,0,-34
17954,0,35945931157,35945931115,0,0,42
17955,0,35947935453,35947935406,0,0,46
17956,0,35949936511,35949936463,0,0,47
17957,0,35951937608,35951937570,0,0,37
17958,0,35953939417,35953939398,0,0,18
17959,0,35955942736,35955942694,0,0,41
17960,0,35957944852,35957944811,0,0,40
17961,0,35959947224,35959947193,0,0,31
17962,0,35961950340,35961950350,0,0,-10
17963,0,35963951248,35963951263,0,0,-15
17964,0,35965953398,35965953387,0,0,11
17965,0,35967955726,35967955732,0,0,-5
17966,0,35969957921,35969957934,0,0,-13
17967,0,35971960969,35971960937,0,0,32
17968,0,35973965844,35973965885,0,0,-40
17969,0,35975966674,35975966712,0,0,-38
17970,0,35977966924,35977966953,0,0,-29
17971,0,35979969155,35979969195,0,0,-40
17972,0,35981971175,35981971150,0,0,24
17973,0,35983973210,35983973235,0,0,-24
17974,0,35985974789,35985974766,0,0,23
17975,0,35987977671,35987977701,0,0,-30
17976,0,35989979838,35989979865,0,0,-27
17977,0,35991981420,35991981379,0,0,40
17978,0,35993986429,35993986403,0,0,26
17979,0,35995987997,35995987966,0,0,31
17980,0,35997988991,35997989008,0,0,-16
17981,0,35999991197,35999991239,0,0,-42
17982,0,36001993987,36001994008,0,0,-20
17983,0,36003995776,36003995802,0,0,-26
17984,0,36005998318,36005998256,0,0,62
17985,0,36008000154,36008000089,0,0,65
17986,0,36010002077,36010002052,0,0,24
17987,0,36012003546,36012003497,0,0,48
17988,0,36014007459,36014007424,0,0,34
17989,0,36016008860,36016008802,0,0,58
17990,0,36018010178,36018010130,0,0,48
17991,0,36020013598,36020013567,0,0,31
17992,0,36022016118,36022016057,0,0,60
17993,0,36024018021,36024017970,0,0,51
17994,0,36026021463,36026021475,0,0,-11
17995,0,36028022605,36028022577,0,0,28
17996,0,36030024861,36030024803,0,0,58
17997,0,36032027242,36032027209,0,0,33
17998,0,36034029184,36034029126,0,0,57
17999,0,36036031340,36036031305,0,0,34
18000,0,36038033962,36038033979,0,0,-17
18001,0,36040035449,36040035411,0,0,38
18002,0,36042038166,36042038151,0,0,15
18003,0,36044041613,36044041587,0,0,26
18004,0,36046043006,36046042988,0,0,17
18005,0,36048045798,36048045764,0,0,33
18006,0,36050046853,36050046881,0,0,-28
18007,0,36052049180,36052049147,0,0,33
18008,0,36054051191,36054051169,0,0,21
18009,0,36056053570,36056053560,0,0,10
18010,0,36058055873,36058055862,0,0,11
18011,0,36060058241,36060058221,0,0,20
18012,0,36062060559,36062060538,0,0,21
18013,0,36064063113,36064063078,0,0,35
18014,0,36066064698,36066064667,0,0,31
18015,0,36068066892,36068066881,0,0,10
18016,0,36070069506,36070069451,0,0,55
18017,0,36072071108,36072071069,0,0,39
18018,0,36074072663,36074072635,0,0,27
18019,0,36076076418,36076076390,0,0,28
18020,0,36078078430,36078078375,0,0,54
18021,0,36080080064,36080080070,0,0,-6
18022,0,36082082649,36082082626,0,0,23
18023,0,36084084736,36084084770,0,0,-34
18024,0,36086087130,36086087158,0,0,-28
18025,0,36088089125,36088089085,0,0,40
18026,0,36090091420,36090091380,0,0,40
18027,0,36092093314,36092093303,0,0,11
18028,0,36094094811,36094094851,0,0,-40
18029,0,36096097954,36096097948,0,0,5
18030,0,36098100489,36098100469,0,0,20
18031,0,36100103049,36100103025,0,0,23
18032,0,36102104883,36102104868,0,0,15
18033,0,36104106939,36104106920,0,0,19
18034,0,36106109306,36106109270,0,0,35
18035,0,36108111662,36108111624,0,0,38
18036,0,36110114254,36110114233,0,0,20
18037,0,36112115693,36112115648,0,0,44
18038,0,36114117132,36114117103,0,0,29
18039,0,36116120379,36116120341,0,0,37
18040,0,36118122469,36118122448,0,0,20
18041,0,36120124299,36120124256,0,0,43
18042,0,36122127089,36122127075,0,0,14
18043,0,36124129093,36124129076,0,0,17
18044,0,36126131413,36126131392,0,0,21
18045,0,36128133566,36128133616,0,0,-50
18046,0,36130136105,36130136061,0,0,44
18047,0,36132137570,36132137544,0,0,25
18048,0,36134140079,36134140041,0,0,38
18049,0,36136142417,36136142379,0,0,38
18050,0,36138144847,36138144827,0,0,20
18051,0,36140147434,36140147423,0,0,11
18052,0,36142149253,36142149206,0,0,47
18053,0,36144151167,36144151132,0,0,34
18054,0,36146153311,36146153276,0,0,35
18055,0,36148157150,36148157123,0,0,27
18056,0,36150157823,36150157777,0,0,45
18057,0,36152159118,36152159076,0,0,42
18058,0,36154162779,36154162743,0,0,35
18059,0,36156164474,36156164458,0,0,15
18060,0,36158165829,36158165768,0,0,60
18061,0,36160168128,36160168086,0,0,41
18062,0,36162171249,36162171208,0,0,40
18063,0,36164173424,36164173396,0,0,27
18064,0,36166174883,36166174859,0,0,23
18065,0,36168178336,36168178305,0,0,31
18066,0,36170181085,36170181051,0,0,34
18067,0,36172182559,36172182508,0,0,50
18068,0,36174185570,36174185520,0,0,49
18069,0,36176186985,36176186960,0,0,24
18070,0,36178189166,36178189128,0,0,38
18071,0,36180191492,36180191438,0,0,53
18072,0,36182194062,36182194058,0,0,4
18073,0,36184196297,36184196265,0,0,31
18074,0,36186199840,36186199817,0,0,22
18075,0,36188200146,36188200120,0,0,26
18076,0,36190201685,36190201595,0,0,89
18077,0,36192205168,36192205130,0,0,38
18078,0,36194207055,36194207039,0,0,15
18079,0,36196209127,36196209101,0,0,26
18080,0,36198211614,36198211599,0,0,15
18081,0,36200213790,36200213752,0,0,38
18082,0,36202215874,36202215824,0,0,49
18083,0,36204218991,36204218943,0,0,47
18084,0,36206221643,36206221601,0,0,42
18085,0,36208222745,36208222710,0,0,35
18086,0,36210225504,36210225423,0,0,80
18087,0,36212226908,36212226865,0,0,43
18088,0,36214229498,36214229434,0,0,63
18089,0,36216231903,36216231855,0,0,47
18090,0,36218234754,36218234711,0,0,42
18091,0,36220235731,36220235691,0,0,40
18092,0,36222238773,36222238708,0,0,64
18093,0,36224240930,36224240882,0,0,48
18094,0,36226242488,36226242406,0,0,82
18095,0,36228244656,36228244598,0,0,58
18096,0,36230247157,36230247107,0,0,49
18097,0,36232249412,36232249370,0,0,41
18098,0,36234251912,36234251925,0,0,-12
18099,0,36236253943,36236253885,0,0,58
18100,0,36238256420,36238256376,0,0,43
18101,0,36240258043,36240257995,0,0,48
18102,0,36242259334,36242259276,0,0,58
18103,0,36244262448,36244262397,0,0,51
18104,0,36246264070,36246264002,0,0,67
18105,0,36248268731,36248268687,0,0,43
18106,0,36250270740,36250270698,0,0,42
18107,0,36252271768,36252271725,0,0,42
18108,0,36254273764,36254273775,0,0,-11
18109,0,36256276108,36256276128,0,0,-20
18110,0,36258278984,36258278970,0,0,14
18111,0,36260280926,36260280862,0,0,63
18112,0,36262283073,36262283022,0,0,51
18113,0,36264285063,36264284995,0,0,67
18114,0,36266287298,36266287260,0,0,38
18115,0,36268290441,36268290383,0,0,58
18116,0,36270292492,36270292422,0,0,69
18117,0,36272293900,36272293838,0,0,61
18118,0,36274295899,36274295862,0,0,37
18119,0,36276298355,36276298309,0,0,45
18120,0,36278300999,36278300941,0,0,58
18121,0,36280302522,36280302535,0,0,-13
18122,0,36282304977,36282304925,0,0,51
18123,0,36284307480,36284307440,0,0,40
18124,0,36286309440,36286309390,0,0,49
18125,0,36288311744,36288311707,0,0,36
18126,0,36290314450,36290314442,0,0,8
18127,0,36292316907,36292316838,0,0,68
18128,0,36294320634,36294320608,0,0,26
18129,0,36296321464,36296321434,0,0,29
18130,0,36298323516,36298323489,0,0,26
18131,0,36300324978,36300324955,0,0,22
18132,0,36302327986,36302327950,0,0,35
18133,0,36304329394,36304329420,0,0,-25
18134,0,36306331904,36306331943,0,0,-38
18135,0,36308333751,36308333712,0,0,38
18136,0,36310336026,36310335976,0,0,49
18137,0,36312338296,36312338288,0,0,7
18138,0,36314340510,36314340480,0,0,29
18139,0,36316343570,36316343549,0,0,21
18140,0,36318345340,36318345318,0,0,22
18141,0,36320347631,36320347595,0,0,35
18142,0,36322349873,36322349847,0,0,25
18143,0,36324351741,36324351726,0,0,15
18144,0,36326354546,36326354488,0,0,58
18145,0,36328356458,36328356426,0,0,31
18146,0,36330358815,36330358777,0,0,38
18147,0,36332360757,36332360748,0,0,9
18148,0,36334363090,36334363042,0,0,48
18149,0,36336365412,36336365380,0,0,31
18150,0,36338367047,36338367066,0,0,-19
18151,0,36340369291,36340369347,0,0,-56
18152,0,36342371779,36342371822,0,0,-42
18153,0,36344374273,36344374237,0,0,35
18154,0,36346375745,36346375715,0,0,29
18155,0,36348379507,36348379485,0,0,22
18156,0,36350380721,36350380667,0,0,53
18157,0,36352382644,36352382632,0,0,11
18158,0,36354385055,36354385029,0,0,25
18159,0,36356387332,36356387319,0,0,12
18160,0,36358389718,36358389713,0,0,4
18161,0,36360391834,36360391802,0,0,31
18162,0,36362394330,36362394370,0,0,-40
18163,0,36364396928,36364396907,0,0,21
18164,0,36366399435,36366399395,0,0,39
18165,0,36368400694,36368400671,0,0,22
18166,0,36370403023,36370403011,0,0,11
18167,0,36372404921,36372404896,0,0,24
18168,0,36374407647,36374407620,0,0,26
18169,0,36376410047,36376410062,0,0,-14
18170,0,36378411334,36378411376,0,0,-42
18171,0,36380413737,36380413764,0,0,-26
18172,0,36382415741,36382415687,0,0,53
18173,0,36384417234,36384417194,0,0,40
18174,0,36386420191,36386420166,0,0,24
18175,0,36388422084,36388422058,0,0,25
18176,0,36390425802,36390425815,0,0,-13
18177,0,36392427184,36392427223,0,0,-38
18178,0,36394429923,36394429885,0,0,38
18179,0,36396432597,36396432558,0,0,39
18180,0,36398435208,36398435172,0,0,36
18181,0,36400436150,36400436120,0,0,29
18182,0,36402438740,36402438712,0,0,27
18183,0,36404440919,36404440893,0,0,26
18184,0,36406442814,36406442764,0,0,49
18185,0,36408445604,36408445589,0,0,14
18186,0,36410447423,36410447395,0,0,27
18187,0,36412450850,36412450833,0,0,16
18188,0,36414452260,36414452195,0,0,65
18189,0,36416453785,36416453761,0,0,23
18190,0,36418455084,36418455066,0,0,17
18191,0,36420458163,36420458190,0,0,-26
18192,0,36422460310,36422460362,0,0,-51
18193,0,36424462089,36424462057,0,0,32
18194,0,36426465637,36426465597,0,0,40
18195,0,36428467582,36428467557,0,0,24
18196,0,36430469756,36430469798,0,0,-42
18197,0,36432471653,36432471699,0,0,-46
18198,0,36434473943,36434473957,0,0,-13
18199,0,36436476449,36436476491,0,0,-42
18200,0,36438478549,36438478539,0,0,10
18201,0,36440480837,36440480870,0,0,-33
18202,0,36442483115,36442483076,0,0,39
18203,0,36444486101,36444486056,0,0,44
18204,0,36446487397,36446487339,0,0,58
18205,0,36448491356,36448491330,0,0,25
18206,0,36450492453,36450492422,0,0,30
18207,0,36452494135,36452494087,0,0,48
18208,0,36454496215,36454496146,0,0,69
18209,0,36456498583,36456498525,0,0,58
18210,0,36458501543,36458501483,0,0,59
18211,0,36460504330,36460504278,0,0,51
18212,0,36462505053,36462505044,0,0,8
18213,0,36464507318,36464507332,0,0,-13
18214,0,36466509992,36466509904,0,0,87
18215,0,36468512094,36468512035,0,0,59
18216,0,36470514440,36470514361,0,0,79
18217,0,36472516555,36472516459,0,0,95
18218,0,36474519205,36474519146,0,0,59
18219,0,36476521756,36476521738,0,0,17
18220,0,36478523246,36478523197,0,0,48
18221,0,36480525141,36480525092,0,0,48
18222,0,36482527715,36482527658,0,0,57
18223,0,36484529386,36484529350,0,0,36
18224,0,36486530858,36486530798,0,0,60
18225,0,36488535199,36488535166,0,0,32
18226,0,36490537295,36490537257,0,0,38
18227,0,36492539541,36492539489,0,0,51
18228,0,36494541143,36494541105,0,0,38
18229,0,36496543031,36496542963,0,0,68
18230,0,36498545287,36498545231,0,0,56
18231,0,36500547597,36500547549,0,0,48
18232,0,36502549978,36502549914,0,0,63
18233,0,36504552531,36504552483,0,0,48
18234,0,36506554104,36506554040,0,0,63
18235,0,36508556557,36508556509,0,0,48
18236,0,36510558755,36510558658,0,0,96
18237,0,36512560986,36512560934,0,0,51
18238,0,36514563362,36514563352,0,0,9
18239,0,36516565427,36516565448,0,0,-20
18240,0,36518567936,36518567945,0,0,-8
18241,0,36520569367,36520569375,0,0,-7
18242,0,36522570896,36522570931,0,0,-35
18243,0,36524575020,36524574982,0,0,37
18244,0,36526577671,36526577602,0,0,68
18245,0,36528578683,36528578644,0,0,38
18246,0,36530581121,36530581092,0,0,29
18247,0,36532583284,36532583243,0,0,40
18248,0,36534586062,36534586002,0,0,59
18249,0,36536587773,36536587725,0,0,47
18250,0,36538589753,36538589715,0,0,38
18251,0,36540592937,36540592899,0,0,37
18252,0,36542593962,36542593867,0,0,94
18253,0,36544595054,36544595010,0,0,44
18254,0,36546597446,36546597377,0,0,68
18255,0,36548601611,36548601555,0,0,56
18256,0,36550602375,36550602338,0,0,37
18257,0,36552605438,36552605397,0,0,41
18258,0,36554607441,36554607417,0,0,24
18259,0,36556610233,36556610215,0,0,17
18260,0,36558611733,36558611705,0,0,28
18261,0,36560612987,36560612964,0,0,22
18262,0,36562615391,36562615365,0,0,25
18263,0,36564619495,36564619536,0,0,-40
18264,0,36566621268,36566621292,0,0,-24
18265,0,36568622936,36568622978,0,0,-42
18266,0,36570625360,36570625337,0,0,22
18267,0,36572627465,36572627521,0,0,-56
18268,0,36574630806,36574630757,0,0,48
18269,0,36576631943,36576631975,0,0,-32
18270,0,36578634026,36578634087,0,0,-60
18271,0,36580636169,36580636213,0,0,-44
18272,0,36582637717,36582637756,0,0,-38
18273,0,36584640588,36584640620,0,0,-31
18274,0,36586641788,36586641825,0,0,-36
18275,0,36588644671,36588644692,0,0,-20
18276,0,36590647533,36590647480,0,0,53
18277,0,36592649065,36592649107,0,0,-42
18278,0,36594650689,36594650642,0,0,47
18279,0,36596653065,36596653026,0,0,38
18280,0,36598656808,36598656756,0,0,51
18281,0,36600658699,36600658741,0,0,-42
18282,0,36602661441,36602661475,0,0,-33
18283,0,36604662940,36604662968,0,0,-27
18284,0,36606666170,36606666183,0,0,-13
18285,0,36608667692,36608667671,0,0,20
18286,0,36610669675,36610669623,0,0,51
18287,0,36612671423,36612671400,0,0,23
18288,0,36614674128,36614674098,0,0,29
18289,0,36616677484,36616677462,0,0,22
18290,0,36618678911,36618678860,0,0,51
18291,0,36620680796,36620680765,0,0,31
18292,0,36622682766,36622682750,0,0,15
18293,0,36624684114,36624684071,0,0,42
18294,0,36626686602,36626686570,0,0,31
18295,0,36628690235,36628690200,0,0,35
18296,0,36630691730,36630691708,0,0,22
18297,0,36632693186,36632693158,0,0,28
18298,0,36634696315,36634696370,0,0,-55
18299,0,36636698165,36636698199,0,0,-33
18300,0,36638701238,36638701247,0,0,-8
18301,0,36640703878,36640703851,0,0,26
18302,0,36642705860,36642705851,0,0,8
18303,0,36644708217,36644708189,0,0,28
18304,0,36646709961,36646709937,0,0,24
18305,0,36648713386,36648713422,0,0,-35
18306,0,36650714641,36650714669,0,0,-28
18307,0,36652716460,36652716496,0,0,-35
18308,0,36654719196,36654719200,0,0,-4
18309,0,36656721009,36656720984,0,0,24
18310,0,36658723307,36658723269,0,0,38
18311,0,36660725595,36660725556,0,0,38
18312,0,36662728053,36662728067,0,0,-13
18313,0,36664729588,36664729580,0,0,8
18314,0,36666731285,36666731261,0,0,23
18315,0,36668734389,36668734421,0,0,-31
18316,0,36670738140,36670738177,0,0,-36
18317,0,36672739497,36672739503,0,0,-6
18318,0,36674741957,36674741925,0,0,31
18319,0,36676743960,36676743934,0,0,26
18320,0,36678745701,36678745666,0,0,34
18321,0,36680747828,36680747792,0,0,35
18322,0,36682749667,36682749647,0,0,20
18323,0,36684750837,36684750809,0,0,27
18324,0,36686753413,36686753403,0,0,9
18325,0,36688756359,36688756319,0,0,39
18326,0,36690758038,36690757993,0,0,44
18327,0,36692761179,36692761155,0,0,23
18328,0,36694763290,36694763298,0,0,-7
18329,0,36696765626,36696765676,0,0,-50
18330,0,36698767711,36698767646,0,0,65
18331,0,36700769885,36700769822,0,0,63
18332,0,36702773270,36702773185,0,0,85
18333,0,36704774307,36704774248,0,0,58
18334,0,36706776636,36706776563,0,0,73
18335,0,36708778752,36708778716,0,0,35
18336,0,36710781678,36710781603,0,0,75
18337,0,36712783030,36712783012,0,0,17
18338,0,36714784570,36714784522,0,0,47
18339,0,36716788973,36716788950,0,0,23
18340,0,36718791606,36718791551,0,0,55
18341,0,36720792037,36720792020,0,0,16
18342,0,36722794653,36722794597,0,0,55
18343,0,36724796364,36724796327,0,0,36
18344,0,36726798927,36726798898,0,0,28
18345,0,36728800603,36728800552,0,0,51
18346,0,36730802223,36730802177,0,0,46
18347,0,36732805617,36732805584,0,0,33
18348,0,36734809481,36734809458,0,0,23
18349,0,36736810251,36736810201,0,0,49
18350,0,36738812105,36738812082,0,0,23
18351,0,36740814189,36740814164,0,0,25
18352,0,36742815346,36742815286,0,0,59
18353,0,36744818052,36744818074,0,0,-22
18354,0,36746820880,36746820836,0,0,43
18355,0,36748823445,36748823419,0,0,26
18356,0,36750825340,36750825285,0,0,55
18357,0,36752826497,36752826520,0,0,-22
18358,0,36754829354,36754829387,0,0,-33
18359,0,36756832302,36756832315,0,0,-13
18360,0,36758834613,36758834600,0,0,12
18361,0,36760836630,36760836574,0,0,56
18362,0,36762839244,36762839213,0,0,31
18363,0,36764841060,36764841031,0,0,29
18364,0,36766843809,36766843743,0,0,65
18365,0,36768846239,36768846200,0,0,38
18366,0,36770847661,36770847623,0,0,38
18367,0,36772849646,36772849611,0,0,35
18368,0,36774851669,36774851642,0,0,27
18369,0,36776854584,36776854545,0,0,39
18370,0,36778857260,36778857224,0,0,36
18371,0,36780859608,36780859619,0,0,-11
18372,0,36782861175,36782861109,0,0,66
18373,0,36784863200,36784863144,0,0,56
18374,0,36786864680,36786864661,0,0,19
18375,0,36788867802,36788867753,0,0,49
18376,0,36790870146,36790870098,0,0,47
18377,0,36792872679,36792872618,0,0,60
18378,0,36794874965,36794874907,0,0,57
18379,0,36796876433,36796876395,0,0,38
18380,0,36798879346,36798879284,0,0,62
18381,0,36800881538,36800881469,0,0,68
18382,0,36802882966,36802882958,0,0,7
18383,0,36804884096,36804884051,0,0,44
18384,0,36806886568,36806886507,0,0,60
18385,0,36808889434,36808889393,0,0,40
18386,0,36810892175,36810892139,0,0,35
18387,0,36812895044,36812895006,0,0,38
18388,0,36814896624,36814896615,0,0,8
18389,0,36816898779,36816898755,0,0,24
18390,0,36818901243,36818901224,0,0,18
18391,0,36820903471,36820903446,0,0,25
18392,0,36822905615,36822905660,0,0,-44
18393,0,36824907775,36824907836,0,0,-60
18394,0,36826910355,36826910343,0,0,12
18395,0,36828912380,36828912361,0,0,19
18396,0,36830915969,36830915945,0,0,24
18397,0,36832916877,36832916850,0,0,26
18398,0,36834919627,36834919587,0,0,40
18399,0,36836920800,36836920770,0,0,29
18400,0,36838922451,36838922395,0,0,56
18401,0,36840925889,36840925860,0,0,29
18402,0,36842927925,36842927912,0,0,13
18403,0,36844931113,36844931128,0,0,-14
18404,0,36846933146,36846933157,0,0,-10
18405,0,36848935911,36848935862,0,0,48
18406,0,36850936646,36850936624,0,0,21
18407,0,36852939693,36852939651,0,0,42
18408,0,36854941163,36854941206,0,0,-42
18409,0,36856943332,36856943299,0,0,32
18410,0,36858945528,36858945494,0,0,34
18411,0,36860947883,36860947845,0,0,38
18412,0,36862950907,36862950850,0,0,57
18413,0,36864951176,36864951168,0,0,8
18414,0,36866954930,36866954892,0,0,38
18415,0,36868956847,36868956862,0,0,-15
18416,0,36870959022,36870958993,0,0,28
18417,0,36872961788,36872961759,0,0,29
18418,0,36874963726,36874963685,0,0,40
18419,0,36876965328,36876965287,0,0,40
18420,0,36878966705,36878966656,0,0,49
18421,0,36880968999,36880968957,0,0,42
18422,0,36882972338,36882972308,0,0,29
18423,0,36884974899,36884974860,0,0,39
18424,0,36886977148,36886977195,0,0,-47
18425,0,36888979000,36888979034,0,0,-33
18426,0,36890980970,36890980996,0,0,-26
18427,0,36892982265,36892982289,0,0,-24
18428,0,36894985956,36894985975,0,0,-18
18429,0,36896987858,36896987891,0,0,-32
18430,0,36898990582,36898990555,0,0,26
18431,0,36900992324,36900992279,0,0,44
18432,0,36902995682,36902995617,0,0,64
18433,0,36904998067,36904998032,0,0,34
18434,0,36906999371,36906999333,0,0,38
18435,0,36909001953,36909001932,0,0,21
18436,0,36911003683,36911003648,0,0,35
18437,0,36913005733,36913005719,0,0,14
18438,0,36915007823,36915007807,0,0,15
18439,0,36917009941,36917009932,0,0,8
18440,0,36919013034,36919012991,0,0,43
18441,0,36921014114,36921014103,0,0,11
18442,0,36923016021,36923015976,0,0,44
18443,0,36925019597,36925019573,0,0,23
18444,0,36927022278,36927022242,0,0,35
18445,0,36929023674,36929023639,0,0,34
18446,0,36931026116,36931026110,0,0,6
18447,0,36933028164,36933028155,0,0,9
18448,0,36935030866,36935030847,0,0,18
18449,0,36937032561,36937032543,0,0,17
18450,0,36939034608,36939034539,0,0,68
18451,0,36941036620,36941036571,0,0,48
18452,0,36943038323,36943038339,0,0,-15
18453,0,36945041301,36945041316,0,0,-15
18454,0,36947043551,36947043530,0,0,20
18455,0,36949046682,36949046694,0,0,-11
18456,0,36951047331,36951047265,0,0,65
18457,0,36953050045,36953049999,0,0,46
18458,0,36955052170,36955052132,0,0,38
18459,0,36957053672,36957053644,0,0,27
18460,0,36959057244,36959057253,0,0,-9
18461,0,36961060278,36961060319,0,0,-40
18462,0,36963062432,36963062417,0,0,15
18463,0,36965064576,36965064538,0,0,38
18464,0,36967065885,36967065825,0,0,59
18465,0,36969067946,36969067963,0,0,-17
18466,0,36971070365,36971070376,0,0,-11
18467,0,36973072629,36973072646,0,0,-16
18468,0,36975074814,36975074856,0,0,-42
18469,0,36977076334,36977076307,0,0,26
18470,0,36979078627,36979078637,0,0,-9
18471,0,36981081588,36981081620,0,0,-31
18472,0,36983083942,36983083967,0,0,-24
18473,0,36985085829,36985085795,0,0,33
18474,0,36987088078,36987088040,0,0,38
18475,0,36989090087,36989090051,0,0,35
18476,0,36991092965,36991092928,0,0,36
18477,0,36993095575,36993095519,0,0,55
18478,0,36995096152,36995096078,0,0,74
18479,0,36997098995,36997098959,0,0,36
18480,0,36999101770,36999101734,0,0,35
18481,0,37001103679,37001103649,0,0,29
18482,0,37003105916,37003105885,0,0,31
18483,0,37005107913,37005107946,0,0,-32
18484,0,37007110200,37007110182,0,0,17
18485,0,37009111952,37009111901,0,0,51
18486,0,37011114011,37011113948,0,0,63
18487,0,37013116658,37013116620,0,0,37
18488,0,37015118179,37015118139,0,0,39
18489,0,37017120874,37017120833,0,0,40
18490,0,37019123164,37019123127,0,0,36
18491,0,37021125644,37021125592,0,0,52
18492,0,37023127721,37023127669,0,0,51
18493,0,37025130769,37025130751,0,0,17
18494,0,37027131528,37027131485,0,0,42
18495,0,37029134125,37029134081,0,0,44
18496,0,37031136032,37031135965,0,0,67
18497,0,37033139035,37033139068,0,0,-32
18498,0,37035141404,37035141436,0,0,-31
18499,0,37037144584,37037144597,0,0,-12
18500,0,37039147136,37039147130,0,0,5
18501,0,37041148053,37041148013,0,0,39
18502,0,37043150177,37043150107,0,0,69
18503,0,37045151769,37045151711,0,0,58
18504,0,37047155435,37047155340,0,0,94
18505,0,37049158202,37049158149,0,0,53
18506,0,37051159901,37051159841,0,0,59
18507,0,37053161214,37053161174,0,0,40
18508,0,37055163240,37055163198,0,0,41
18509,0,37057166728,37057166658,0,0,69
18510,0,37059167700,37059167655,0,0,44
18511,0,37061170426,37061170375,0,0,51
18512,0,37063172166,37063172119,0,0,47
18513,0,37065173630,37065173584,0,0,45
18514,0,37067176256,37067176220,0,0,35
18515,0,37069179624,37069179575,0,0,49
18516,0,37071181828,37071181790,0,0,38
18517,0,37073183428,37073183340,0,0,87
18518,0,37075185510,37075185476,0,0,34
18519,0,37077188053,37077188013,0,0,39
18520,0,37079191034,37079191044,0,0,-10
18521,0,37081192450,37081192409,0,0,40
18522,0,37083195159,37083195116,0,0,43
18523,0,37085197375,37085197337,0,0,38
18524,0,37087199678,37087199710,0,0,-31
18525,0,37089202446,37089202471,0,0,-25
18526,0,37091203695,37091203615,0,0,80
18527,0,37093206053,37093206005,0,0,48
18528,0,37095208669,37095208617,0,0,51
18529,0,37097210896,37097210838,0,0,58
18530,0,37099212502,37099212532,0,0,-29
18531,0,37101216000,37101215952,0,0,47
18532,0,37103217690,37103217636,0,0,53
18533,0,37105218221,37105218179,0,0,41
18534,0,37107221660,37107221634,0,0,25
18535,0,37109223245,37109223207,0,0,38
18536,0,37111225296,37111225259,0,0,37
18537,0,37113227991,37113227939,0,0,51
18538,0,37115229640,37115229586,0,0,53
18539,0,37117232552,37117232542,0,0,9
18540,0,37119235550,37119235522,0,0,28
18541,0,37121237965,37121237917,0,0,47
18542,0,37123239215,37123239166,0,0,49
18543,0,37125241330,37125241358,0,0,-28
18544,0,37127244029,37127244058,0,0,-29
18545,0,37129246203,37129246161,0,0,41
18546,0,37131248060,37131248081,0,0,-20
18547,0,37133250297,37133250329,0,0,-31
18548,0,37135253184,37135253168,0,0,15
18549,0,37137254517,37137254510,0,0,7
18550,0,37139256397,37139256357,0,0,40
18551,0,37141259214,37141259196,0,0,17
18552,0,37143261924,37143261898,0,0,26
18553,0,37145263550,37145263541,0,0,9
18554,0,37147265078,37147265064,0,0,13
18555,0,37149269355,37149269337,0,0,17
18556,0,37151270887,37151270857,0,0,29
18557,0,37153273262,37153273244,0,0,17
18558,0,37155274222,37155274204,0,0,18
18559,0,37157277161,37157277130,0,0,30
18560,0,37159279232,37159279203,0,0,29
18561,0,37161281667,37161281635,0,0,31
18562,0,37163283608,37163283631,0,0,-22
18563,0,37165285936,37165285958,0,0,-22
18564,0,37167289395,37167289378,0,0,16
18565,0,37169290140,37169290144,0,0,-4
18566,0,37171291611,37171291539,0,0,71
18567,0,37173295425,37173295388,0,0,36
18568,0,37175297773,37175297733,0,0,39
18569,0,37177299054,37177299018,0,0,35
18570,0,37179300579,37179300570,0,0,9
18571,0,37181303687,37181303680,0,0,6
18572,0,37183305865,37183305804,0,0,60
18573,0,37185308026,37185308069,0,0,-42
18574,0,37187309605,37187309651,0,0,-46
18575,0,37189312403,37189312437,0,0,-33
18576,0,37191313836,37191313875,0,0,-38
18577,0,37193317144,37193317202,0,0,-57
18578,0,37195319620,37195319581,0,0,39
18579,0,37197321308,37197321257,0,0,51
18580,0,37199322400,37199322415,0,0,-15
18581,0,37201324723,37201324741,0,0,-18
18582,0,37203327375,37203327384,0,0,-8
18583,0,37205330315,37205330254,0,0,60
18584,0,37207332080,37207332050,0,0,29
18585,0,37209334534,37209334541,0,0,-7
18586,0,37211336644,37211336606,0,0,38
18587,0,37213339369,37213339328,0,0,40
18588,0,37215341811,37215341796,0,0,15
18589,0,37217344953,37217344913,0,0,40
18590,0,37219345892,37219345907,0,0,-14
18591,0,37221347444,37221347467,0,0,-22
18592,0,37223350541,37223350581,0,0,-39
18593,0,37225353358,37225353364,0,0,-6
18594,0,37227354984,37227355006,0,0,-21
18595,0,37229358217,37229358179,0,0,38
18596,0,37231360417,37231360366,0,0,51
18597,0,37233361245,37233361206,0,0,39
18598,0,37235362902,37235362858,0,0,44
18599,0,37237365633,37237365590,0,0,43
18600,0,37239367719,37239367669,0,0,49
18601,0,37241370977,37241370916,0,0,60
18602,0,37243373075,37243373002,0,0,72
18603,0,37245375163,37245375116,0,0,46
18604,0,37247377554,37247377471,0,0,83
18605,0,37249382246,37249382208,0,0,37
18606,0,37251381900,37251381822,0,0,77
18607,0,37253383919,37253383862,0,0,56
18608,0,37255386978,37255386912,0,0,65
18609,0,37257388861,37257388841,0,0,20
18610,0,37259391112,37259391064,0,0,47
18611,0,37261392918,37261392892,0,0,26
18612,0,37263395370,37263395310,0,0,60
18613,0,37265397142,37265397104,0,0,38
18614,0,37267399980,37267399904,0,0,76
18615,0,37269401825,37269401772,0,0,53
18616,0,37271404200,37271404152,0,0,47
18617,0,37273406303,37273406330,0,0,-26
18618,0,37275408865,37275408860,0,0,4
18619,0,37277410638,37277410605,0,0,33
18620,0,37279413827,37279413789,0,0,38
18621,0,37281415822,37281415784,0,0,38
18622,0,37283416770,37283416727,0,0,43
18623,0,37285419388,37285419360,0,0,27
18624,0,37287422823,37287422771,0,0,51
18625,0,37289424860,37289424892,0,0,-32
18626,0,37291426842,37291426832,0,0,9
18627,0,37293428504,37293428532,0,0,-28
18628,0,37295430939,37295430903,0,0,35
18629,0,37297432982,37297432934,0,0,47
18630,0,37299435429,37299435369,0,0,60
18631,0,37301437361,37301437319,0,0,42
18632,0,37303439501,37303439505,0,0,-4
18633,0,37305441640,37305441665,0,0,-24
18634,0,37307443838,37307443829,0,0,8
18635,0,37309446467,37309446482,0,0,-15
18636,0,37311448474,37311448524,0,0,-50
18637,0,37313450952,37313450981,0,0,-28
18638,0,37315453966,37315453912,0,0,53
18639,0,37317455364,37317455332,0,0,31
18640,0,37319457784,37319457734,0,0,50
18641,0,37321459919,37321459866,0,0,52
18642,0,37323462124,37323462065,0,0,59
18643,0,37325465197,37325465152,0,0,44
18644,0,37327467440,37327467462,0,0,-22
18645,0,37329467902,37329467892,0,0,10
18646,0,37331469512,37331469442,0,0,69
18647,0,37333471545,37333471507,0,0,38
18648,0,37335474098,37335474062,0,0,35
18649,0,37337477141,37337477119,0,0,22
18650,0,37339478692,37339478661,0,0,31
18651,0,37341482182,37341482143,0,0,39
18652,0,37343484111,37343484031,0,0,80
18653,0,37345486161,37345486184,0,0,-22
18654,0,37347490135,37347490164,0,0,-29
18655,0,37349492099,37349492094,0,0,5
18656,0,37351493319,37351493296,0,0,23
18657,0,37353495179,37353495214,0,0,-35
18658,0,37355497507,37355497520,0,0,-13
18659,0,37357500317,37357500346,0,0,-29
18660,0,37359502173,37359502128,0,0,44
18661,0,37361503878,37361503857,0,0,21
18662,0,37363505910,37363505941,0,0,-30
18663,0,37365508599,37365508610,0,0,-11
18664,0,37367510844,37367510786,0,0,58
18665,0,37369512932,37369512887,0,0,44
18666,0,37371515160,37371515131,0,0,29
18667,0,37373517548,37373517522,0,0,25
18668,0,37375519625,37375519568,0,0,56
18669,0,37377521861,37377521838,0,0,23
18670,0,37379524167,37379524116,0,0,51
18671,0,37381526191,37381526161,0,0,29
18672,0,37383528333,37383528323,0,0,9
18673,0,37385529706,37385529680,0,0,25
18674,0,37387533224,37387533203,0,0,21
18675,0,37389534863,37389534855,0,0,8
18676,0,37391536536,37391536530,0,0,6
18677,0,37393539559,37393539515,0,0,43
18678,0,37395541840,37395541878,0,0,-37
18679,0,37397543583,37397543622,0,0,-38
18680,0,37399545169,37399545234,0,0,-65
18681,0,37401548818,37401548854,0,0,-35
18682,0,37403550966,37403551017,0,0,-50
18683,0,37405553036,37405553005,0,0,31
18684,0,37407555085,37407555047,0,0,38
18685,0,37409557739,37409557724,0,0,14
18686,0,37411561316,37411561272,0,0,44
18687,0,37413561714,37413561754,0,0,-39
18688,0,37415564402,37415564426,0,0,-23
18689,0,37417566811,37417566861,0,0,-49
18690,0,37419568524,37419568566,0,0,-42
18691,0,37421571113,37421571085,0,0,27
18692,0,37423573235,37423573211,0,0,24
18693,0,37425575013,37425575067,0,0,-53
18694,0,37427576254,37427576233,0,0,21
18695,0,37429578994,37429578986,0,0,8
18696,0,37431582208,37431582196,0,0,11
18697,0,37433584521,37433584477,0,0,43
18698,0,37435586765,37435586699,0,0,65
18699,0,37437588484,37437588506,0,0,-22
18700,0,37439590796,37439590806,0,0,-9
18701,0,37441592665,37441592678,0,0,-13
18702,0,37443595031,37443595046,0,0,-14
18703,0,37445596462,37445596418,0,0,44
18704,0,37447599565,37447599525,0,0,39
18705,0,37449603728,37449603741,0,0,-13
18706,0,37451603953,37451603967,0,0,-13
18707,0,37453606423,37453606444,0,0,-20
18708,0,37455608104,37455608110,0,0,-6
18709,0,37457609674,37457609712,0,0,-38
18710,0,37459613132,37459613078,0,0,54
18711,0,37461615420,37461615393,0,0,27
18712,0,37463618397,37463618349,0,0,47
18713,0,37465620702,37465620659,0,0,42
18714,0,37467622350,37467622319,0,0,31
18715,0,37469624127,37469624097,0,0,29
18716,0,37471626630,37471626566,0,0,63
18717,0,37473629415,37473629453,0,0,-38
18718,0,37475633228,37475633148,0,0,80
18719,0,37477634175,37477634128,0,0,47
18720,0,37479635804,37479635770,0,0,33
18721,0,37481637601,37481637583,0,0,17
18722,0,37483640328,37483640273,0,0,55
18723,0,37485642732,37485642695,0,0,36
18724,0,37487644370,37487644330,0,0,39
18725,0,37489646276,37489646238,0,0,38
18726,0,37491648332,37491648274,0,0,58
18727,0,37493651588,37493651555,0,0,33
18728,0,37495653208,37495653161,0,0,47
18729,0,37497655195,37497655121,0,0,74
18730,0,37499656671,37499656609,0,0,62
18731,0,37501659833,37501659786,0,0,46
18732,0,37503662704,37503662635,0,0,68
18733,0,37505664629,37505664575,0,0,54
18734,0,37507668065,37507667991,0,0,74
18735,0,37509668786,37509668746,0,0,39
18736,0,37511670388,37511670416,0,0,-28
18737,0,37513672226,37513672271,0,0,-44
18738,0,37515675920,37515675898,0,0,22
18739,0,37517677759,37517677736,0,0,22
18740,0,37519680038,37519680002,0,0,35
18741,0,37521682180,37521682140,0,0,40
18742,0,37523684723,37523684694,0,0,28
18743,0,37525687070,37525687012,0,0,58
18744,0,37527689139,37527689083,0,0,56
18745,0,37529691141,37529691110,0,0,31
18746,0,37531693024,37531692992,0,0,31
18747,0,37533695407,37533695369,0,0,38
18748,0,37535697734,37535697687,0,0,47
18749,0,37537699943,37537699900,0,0,43
18750,0,37539702806,37539702746,0,0,60
18751,0,37541703581,37541703541,0,0,39
18752,0,37543706818,37543706786,0,0,31
18753,0,37545708912,37545708888,0,0,24
18754,0,37547711304,37547711275,0,0,29
18755,0,37549715453,37549715426,0,0,27
18756,0,37551716729,37551716703,0,0,25
18757,0,37553717879,37553717917,0,0,-38
18758,0,37555719896,37555719929,0,0,-32
18759,0,37557722447,37557722413,0,0,33
18760,0,37559724753,37559724717,0,0,35
18761,0,37561726579,37561726533,0,0,46
18762,0,37563729613,37563729643,0,0,-30
18763,0,37565732528,37565732494,0,0,33
18764,0,37567733137,37567733112,0,0,24
18765,0,37569735402,37569735378,0,0,24
18766,0,37571738013,37571737988,0,0,24
18767,0,37573739703,37573739651,0,0,51
18768,0,37575742880,37575742825,0,0,54
18769,0,37577744566,37577744541,0,0,24
18770,0,37579746778,37579746759,0,0,19
18771,0,37581749058,37581749026,0,0,31
18772,0,37583751386,37583751335,0,0,51
18773,0,37585753350,37585753324,0,0,26
18774,0,37587756165,37587756121,0,0,44
18775,0,37589757590,37589757572,0,0,17
18776,0,37591760951,37591760913,0,0,38
18777,0,37593763130,37593763109,0,0,20
18778,0,37595764283,37595764255,0,0,27
18779,0,37597766985,37597766937,0,0,47
18780,0,37599768992,37599768954,0,0,38
18781,0,37601770975,37601770957,0,0,17
18782,0,37603773319,37603773325,0,0,-6
18783,0,37605775179,37605775211,0,0,-31
18784,0,37607777189,37607777214,0,0,-24
18785,0,37609779937,37609779960,0,0,-22
18786,0,37611782406,37611782397,0,0,8
18787,0,37613785013,37613785029,0,0,-15
18788,0,37615786985,37615787006,0,0,-20
18789,0,37617788595,37617788611,0,0,-15
18790,0,37619790029,37619790047,0,0,-18
18791,0,37621793087,37621793106,0,0,-19
18792,0,37623795352,37623795343,0,0,8
18793,0,37625797617,37625797578,0,0,38
18794,0,37627799889,37627799859,0,0,29
18795,0,37629802231,37629802205,0,0,26
18796,0,37631804377,37631804321,0,0,56
18797,0,37633806837,37633806796,0,0,40
18798,0,37635810457,37635810413,0,0,43
18799,0,37637810787,37637810729,0,0,58
18800,0,37639812874,37639812853,0,0,20
18801,0,37641815467,37641815424,0,0,42
18802,0,37643818279,37643818235,0,0,44
18803,0,37645820025,37645820033,0,0,-8
18804,0,37647822312,37647822330,0,0,-17
18805,0,37649825595,37649825570,0,0,25
18806,0,37651827377,37651827311,0,0,65
18807,0,37653828581,37653828529,0,0,51
18808,0,37655830080,37655830035,0,0,45
18809,0,37657833824,37657833814,0,0,9
18810,0,37659835749,37659835731,0,0,17
18811,0,37661837937,37661837912,0,0,25
18812,0,37663840075,37663840047,0,0,27
18813,0,37665842370,37665842336,0,0,33
18814,0,37667844574,37667844566,0,0,8
18815,0,37669848012,37669847991,0,0,20
18816,0,37671849060,37671849019,0,0,41
18817,0,37673851074,37673851064,0,0,10
18818,0,37675853828,37675853779,0,0,49
18819,0,37677856206,37677856188,0,0,17
18820,0,37679857911,37679857901,0,0,9
18821,0,37681860083,37681860035,0,0,48
18822,0,37683862819,37683862766,0,0,53
18823,0,37685864798,37685864790,0,0,8
18824,0,37687866777,37687866791,0,0,-13
18825,0,37689868908,37689868942,0,0,-33
18826,0,37691871032,37691871046,0,0,-13
18827,0,37693873326,37693873362,0,0,-35
18828,0,37695875476,37695875512,0,0,-35
18829,0,37697877826,37697877881,0,0,-54
18830,0,37699879957,37699879914,0,0,42
18831,0,37701881761,37701881736,0,0,25
18832,0,37703884174,37703884114,0,0,59
18833,0,37705887681,37705887706,0,0,-24
18834,0,37707889842,37707889790,0,0,52
18835,0,37709891087,37709891045,0,0,42
18836,0,37711893444,37711893400,0,0,44
18837,0,37713895568,37713895516,0,0,51
18838,0,37715898530,37715898460,0,0,69
18839,0,37717899997,37717899942,0,0,54
18840,0,37719902325,37719902257,0,0,67
18841,0,37721904547,37721904514,0,0,33
18842,0,37723906997,37723906947,0,0,49
18843,0,37725908944,37725908906,0,0,38
18844,0,37727910897,37727910859,0,0,38
18845,0,37729912172,37729912116,0,0,55
18846,0,37731915078,37731915011,0,0,67
18847,0,37733919149,37733919114,0,0,35
18848,0,37735919971,37735919910,0,0,60
18849,0,37737922443,37737922408,0,0,35
18850,0,37739924956,37739924873,0,0,83
18851,0,37741927089,37741927051,0,0,37
18852,0,37743929688,37743929647,0,0,41
18853,0,37745931370,37745931340,0,0,30
18854,0,37747933477,37747933453,0,0,24
18855,0,37749936651,37749936604,0,0,47
18856,0,37751937748,37751937702,0,0,46
18857,0,37753939866,37753939848,0,0,17
18858,0,37755941141,37755941085,0,0,55
18859,0,37757943471,37757943450,0,0,20
18860,0,37759946647,37759946659,0,0,-11
18861,0,37761948997,37761948958,0,0,39
18862,0,37763951268,37763951225,0,0,42
18863,0,37765953201,37765953173,0,0,27
18864,0,37767954964,37767954896,0,0,67
18865,0,37769957930,37769957885,0,0,44
18866,0,37771960606,37771960581,0,0,25
18867,0,37773962357,37773962325,0,0,31
18868,0,37775965013,37775965037,0,0,-24
18869,0,37777966647,37777966635,0,0,11
18870,0,37779970019,37779970004,0,0,15
18871,0,37781972330,37781972288,0,0,41
18872,0,37783973804,37783973764,0,0,39
18873,0,37785975839,37785975824,0,0,15
18874,0,37787977578,37787977539,0,0,38
18875,0,37789978983,37789978950,0,0,32
18876,0,37791982507,37791982458,0,0,49
18877,0,37793984782,37793984757,0,0,24
18878,0,37795986936,37795986921,0,0,15
18879,0,37797990002,37797989979,0,0,22
18880,0,37799991373,37799991326,0,0,47
18881,0,37801993305,37801993258,0,0,47
18882,0,37803994766,37803994749,0,0,16
18883,0,37805998764,37805998784,0,0,-20
18884,0,37808001285,37808001242,0,0,43
18885,0,37810002377,37810002333,0,0,44
18886,0,37812005415,37812005434,0,0,-19
18887,0,37814007813,37814007803,0,0,10
18888,0,37816008897,37816008909,0,0,-11
18889,0,37818009946,37818009902,0,0,43
18890,0,37820012877,37820012817,0,0,60
18891,0,37822015860,37822015831,0,0,29
18892,0,37824018680,37824018689,0,0,-8
18893,0,37826019926,37826019945,0,0,-18
18894,0,37828021469,37828021496,0,0,-26
18895,0,37830025289,37830025328,0,0,-38
18896,0,37832026042,37832026069,0,0,-26
18897,0,37834029136,37834029178,0,0,-42
18898,0,37836031209,37836031242,0,0,-32
18899,0,37838033392,37838033413,0,0,-20
18900,0,37840035594,37840035622,0,0,-28
18901,0,37842037732,37842037772,0,0,-40
18902,0,37844039563,37844039593,0,0,-30
18903,0,37846042469,37846042435,0,0,33
18904,0,37848044397,37848044364,0,0,32
18905,0,37850047442,37850047403,0,0,39
18906,0,37852049264,37852049291,0,0,-26
18907,0,37854051428,37854051373,0,0,55
18908,0,37856053896,37856053872,0,0,23
18909,0,37858057260,37858057209,0,0,51
18910,0,37860059040,37860058989,0,0,51
18911,0,37862060122,37862060080,0,0,42
18912,0,37864062247,37864062197,0,0,49
18913,0,37866063765,37866063791,0,0,-25
18914,0,37868066984,37868066993,0,0,-8
18915,0,37870069584,37870069604,0,0,-19
18916,0,37872071123,37872071135,0,0,-11
18917,0,37874072226,37874072175,0,0,51
18918,0,37876075521,37876075478,0,0,43
18919,0,37878078390,37878078352,0,0,38
18920,0,37880080049,37880080004,0,0,44
18921,0,37882081273,37882081249,0,0,23
18922,0,37884083818,37884083777,0,0,41
18923,0,37886087427,37886087391,0,0,36
18924,0,37888089410,37888089401,0,0,8
18925,0,37890091588,37890091604,0,0,-15
18926,0,37892093546,37892093537,0,0,9
18927,0,37894095644,37894095584,0,0,60
18928,0,37896099532,37896099453,0,0,78
18929,0,37898101674,37898101666,0,0,7
18930,0,37900102375,37900102431,0,0,-56
18931,0,37902104328,37902104316,0,0,11
18932,0,37904106267,37904106248,0,0,19
18933,0,37906108690,37906108681,0,0,8
18934,0,37908111480,37908111467,0,0,13
18935,0,37910114961,37910114951,0,0,9
18936,0,37912115894,37912115869,0,0,24
18937,0,37914117858,37914117802,0,0,56
18938,0,37916120051,37916120008,0,0,42
18939,0,37918122499,37918122490,0,0,8
18940,0,37920124643,37920124585,0,0,58
18941,0,37922126949,37922126901,0,0,47
18942,0,37924129469,37924129478,0,0,-8
18943,0,37926131398,37926131420,0,0,-21
18944,0,37928133965,37928133889,0,0,76
18945,0,37930136265,37930136226,0,0,38
18946,0,37932138207,37932138175,0,0,32
18947,0,37934140353,37934140339,0,0,14
18948,0,37936142856,37936142847,0,0,8
18949,0,37938144789,37938144755,0,0,33
18950,0,37940147072,37940147040,0,0,32
18951,0,37942149397,37942149388,0,0,8
18952,0,37944151210,37944151276,0,0,-65
18953,0,37946152577,37946152550,0,0,26
18954,0,37948156224,37948156235,0,0,-11
18955,0,37950159903,37950159887,0,0,16
18956,0,37952160495,37952160471,0,0,23
18957,0,37954162758,37954162739,0,0,19
18958,0,37956165014,37956164989,0,0,24
18959,0,37958167110,37958167080,0,0,29
18960,0,37960170937,37960170922,0,0,15
18961,0,37962171504,37962171460,0,0,43
18962,0,37964174232,37964174191,0,0,41
18963,0,37966175694,37966175642,0,0,51
18964,0,37968177569,37968177510,0,0,59
18965,0,37970180323,37970180293,0,0,29
18966,0,37972182620,37972182579,0,0,40
18967,0,37974185146,37974185104,0,0,42
18968,0,37976187916,37976187870,0,0,46
18969,0,37978190300,37978190248,0,0,51
18970,0,37980191482,37980191432,0,0,49
18971,0,37982193686,37982193640,0,0,46
18972,0,37984196079,37984196049,0,0,29
18973,0,37986197973,37986197938,0,0,34
18974,0,37988199548,37988199523,0,0,24
18975,0,37990202210,37990202172,0,0,38
18976,0,37992205414,37992205366,0,0,48
18977,0,37994207507,37994207497,0,0,10
18978,0,37996209186,37996209139,0,0,46
18979,0,37998212184,37998212161,0,0,23
18980,0,38000213979,38000213969,0,0,10
18981,0,38002216179,38002216142,0,0,37
18982,0,38004218435,38004218386,0,0,49
18983,0,38006220278,38006220242,0,0,36
18984,0,38008222850,38008222802,0,0,47
18985,0,38010225433,38010225411,0,0,22
18986,0,38012227208,38012227152,0,0,56
18987,0,38014229334,38014229294,0,0,39
18988,0,38016231737,38016231670,0,0,67
18989,0,38018234531,38018234517,0,0,13
18990,0,38020236362,38020236318,0,0,44
18991,0,38022237930,38022237883,0,0,46
18992,0,38024240706,38024240649,0,0,56
18993,0,38026242766,38026242741,0,0,24
18994,0,38028244954,38028244925,0,0,28
18995,0,38030246725,38030246690,0,0,34
18996,0,38032248238,38032248210,0,0,28
18997,0,38034251367,38034251356,0,0,11
18998,0,38036252715,38036252678,0,0,36
18999,0,38038256281,38038256312,0,0,-31
19000,0,38040258592,38040258566,0,0,25
19001,0,38042260352,38042260323,0,0,29
19002,0,38044262749,38044262706,0,0,42
19003,0,38046265715,38046265673,0,0,42
19004,0,38048267615,38048267668,0,0,-52
19005,0,38050271064,38050271029,0,0,34
19006,0,38052271510,38052271501,0,0,8
19007,0,38054273921,38054273943,0,0,-22
19008,0,38056276917,38056276948,0,0,-30
19009,0,38058277229,38058277187,0,0,42
19010,0,38060280272,38060280240,0,0,31
19011,0,38062281671,38062281638,0,0,33
19012,0,38064285232,38064285168,0,0,64
19013,0,38066287804,38066287762,0,0,42
19014,0,38068289573,38068289582,0,0,-8
19015,0,38070291795,38070291824,0,0,-29
19016,0,38072293682,38072293676,0,0,5
19017,0,38074295881,38074295916,0,0,-35
19018,0,38076298424,38076298416,0,0,8
19019,0,38078301253,38078301279,0,0,-25
19020,0,38080303773,38080303810,0,0,-37
19021,0,38082305180,38082305130,0,0,49
19022,0,38084307361,38084307283,0,0,78
19023,0,38086309809,38086309829,0,0,-20
19024,0,38088313191,38088313142,0,0,49
19025,0,38090314011,38090313975,0,0,35
19026,0,38092317017,38092316982,0,0,34
19027,0,38094319378,38094319363,0,0,15
19028,0,38096320864,38096320811,0,0,52
19029,0,38098322843,38098322822,0,0,21
19030,0,38100325224,38100325188,0,0,35
19031,0,38102328091,38102328075,0,0,15
19032,0,38104330594,38104330552,0,0,42
19033,0,38106331698,38106331665,0,0,33
19034,0,38108333894,38108333839,0,0,55
19035,0,38110336721,38110336692,0,0,28
19036,0,38112338252,38112338235,0,0,16
19037,0,38114340605,38114340573,0,0,31
19038,0,38116342912,38116342876,0,0,35
19039,0,38118344867,38118344849,0,0,18
19040,0,38120347658,38120347633,0,0,24
19041,0,38122349518,38122349503,0,0,15
19042,0,38124352594,38124352533,0,0,60
19043,0,38126356541,38126356520,0,0,21
19044,0,38128357618,38128357564,0,0,54
19045,0,38130358178,38130358215,0,0,-36
19046,0,38132360322,38132360283,0,0,39
19047,0,38134361514,38134361491,0,0,23
19048,0,38136363952,38136363930,0,0,22
19049,0,38138367117,38138367105,0,0,11
19050,0,38140368857,38140368861,0,0,-4
19051,0,38142371927,38142371912,0,0,15
19052,0,38144374020,38144373979,0,0,41
19053,0,38146375892,38146375858,0,0,33
19054,0,38148378305,38148378240,0,0,64
19055,0,38150382554,38150382545,0,0,8
19056,0,38152383851,38152383838,0,0,13
19057,0,38154385262,38154385247,0,0,15
19058,0,38156387670,38156387632,0,0,38
19059,0,38158389406,38158389400,0,0,6
19060,0,38160392150,38160392124,0,0,26
19061,0,38162394352,38162394339,0,0,13
19062,0,38164396106,38164396067,0,0,39
19063,0,38166398431,38166398407,0,0,23
19064,0,38168400416,38168400379,0,0,37
19065,0,38170401508,38170401563,0,0,-54
19066,0,38172404056,38172404040,0,0,15
19067,0,38174406876,38174406869,0,0,6
19068,0,38176408544,38176408513,0,0,31
19069,0,38178411353,38178411325,0,0,27
19070,0,38180413191,38180413143,0,0,47
19071,0,38182415829,38182415791,0,0,38
19072,0,38184418544,38184418489,0,0,54
19073,0,38186420833,38186420816,0,0,17
19074,0,38188423036,38188422995,0,0,40
19075,0,38190426320,38190426280,0,0,39
19076,0,38192428364,38192428375,0,0,-11
19077,0,38194429435,38194429395,0,0,40
19078,0,38196431709,38196431670,0,0,38
19079,0,38198433391,38198433374,0,0,16
19080,0,38200435527,38200435460,0,0,66
19081,0,38202438503,38202438479,0,0,23
19082,0,38204441400,38204441411,0,0,-11
19083,0,38206443006,38206442978,0,0,27
19084,0,38208445159,38208445191,0,0,-31
19085,0,38210446928,38210446957,0,0,-28
19086,0,38212449189,38212449143,0,0,46
19087,0,38214451587,38214451570,0,0,16
19088,0,38216454819,38216454795,0,0,24
19089,0,38218455833,38218455813,0,0,20
19090,0,38220457284,38220457242,0,0,42
19091,0,38222459258,38222459230,0,0,28
19092,0,38224462280,38224462219,0,0,60
19093,0,38226464750,38226464721,0,0,29
19094,0,38228466503,38228466455,0,0,47
19095,0,38230469414,38230469373,0,0,40
19096,0,38232472615,38232472559,0,0,56
19097,0,38234473970,38234473959,0,0,11
19098,0,38236476980,38236476966,0,0,14
19099,0,38238478797,38238478830,0,0,-32
19100,0,38240481286,38240481262,0,0,24
19101,0,38242482716,38242482711,0,0,5
19102,0,38244484228,38244484200,0,0,27
19103,0,38246486912,38246486884,0,0,28
19104,0,38248490422,38248490364,0,0,58
19105,0,38250493424,38250493391,0,0,33
19106,0,38252494009,38252493926,0,0,83
19107,0,38254496238,38254496207,0,0,31
19108,0,38256498636,38256498597,0,0,39
19109,0,38258500537,38258500527,0,0,9
19110,0,38260502795,38260502821,0,0,-26
19111,0,38262505840,38262505872,0,0,-32
19112,0,38264506611,38264506638,0,0,-26
19113,0,38266509736,38266509656,0,0,79
19114,0,38268512009,38268511944,0,0,65
19115,0,38270513876,38270513827,0,0,48
19116,0,38272516148,38272516166,0,0,-17
19117,0,38274518625,38274518565,0,0,60
19118,0,38276521365,38276521310,0,0,55
19119,0,38278523063,38278522993,0,0,69
19120,0,38280526426,38280526416,0,0,9
19121,0,38282527462,38282527483,0,0,-21
19122,0,38284529723,38284529671,0,0,51
19123,0,38286531824,38286531770,0,0,53
19124,0,38288534248,38288534188,0,0,60
19125,0,38290536479,38290536419,0,0,60
19126,0,38292539083,38292539093,0,0,-10
19127,0,38294540887,38294540898,0,0,-11
19128,0,38296543008,38296543023,0,0,-15
19129,0,38298545145,38298545117,0,0,27
19130,0,38300547369,38300547281,0,0,87
19131,0,38302550324,38302550273,0,0,51
19132,0,38304552580,38304552535,0,0,44
19133,0,38306554245,38306554206,0,0,38
19134,0,38308556574,38308556562,0,0,11
19135,0,38310558296,38310558251,0,0,44
19136,0,38312559870,38312559804,0,0,66
19137,0,38314564528,38314564483,0,0,45
19138,0,38316565651,38316565555,0,0,96
19139,0,38318568128,38318568093,0,0,35
19140,0,38320569698,38320569676,0,0,22
19141,0,38322570755,38322570687,0,0,67
19142,0,38324573633,38324573587,0,0,45
19143,0,38326577187,38326577149,0,0,38
19144,0,38328579471,38328579452,0,0,19
19145,0,38330580712,38330580687,0,0,24
19146,0,38332583448,38332583408,0,0,39
19147,0,38334584988,38334584937,0,0,51
19148,0,38336587109,38336587053,0,0,56
19149,0,38338589745,38338589698,0,0,46
19150,0,38340592295,38340592328,0,0,-32
19151,0,38342594241,38342594187,0,0,53
19152,0,38344597203,38344597166,0,0,37
19153,0,38346599660,38346599632,0,0,28
19154,0,38348600741,38348600779,0,0,-38
19155,0,38350604685,38350604717,0,0,-32
19156,0,38352605667,38352605642,0,0,24
19157,0,38354607781,38354607755,0,0,25
19158,0,38356609798,38356609753,0,0,44
19159,0,38358611580,38358611555,0,0,24
19160,0,38360613447,38360613402,0,0,44
19161,0,38362616491,38362616471,0,0,20
19162,0,38364618673,38364618643,0,0,29
19163,0,38366620929,38366620899,0,0,29
19164,0,38368623294,38368623277,0,0,16
19165,0,38370625197,38370625182,0,0,15
19166,0,38372627709,38372627683,0,0,25
19167,0,38374629635,38374629615,0,0,20
19168,0,38376631865,38376631814,0,0,51
19169,0,38378634141,38378634096,0,0,44
19170,0,38380636395,38380636347,0,0,47
19171,0,38382638836,38382638883,0,0,-46
19172,0,38384641206,38384641237,0,0,-30
19173,0,38386642854,38386642895,0,0,-40
19174,0,38388645211,38388645167,0,0,44
19175,0,38390649065,38390649141,0,0,-76
19176,0,38392650075,38392650053,0,0,21
19177,0,38394651860,38394651846,0,0,14
19178,0,38396653485,38396653458,0,0,26
19179,0,38398656306,38398656294,0,0,11
19180,0,38400658748,38400658696,0,0,51
19181,0,38402660654,38402660622,0,0,31
19182,0,38404662667,38404662638,0,0,29
19183,0,38406665313,38406665285,0,0,27
19184,0,38408667871,38408667831,0,0,40
19185,0,38410670659,38410670641,0,0,17
19186,0,38412672317,38412672302,0,0,15
19187,0,38414674180,38414674155,0,0,24
19188,0,38416676260,38416676215,0,0,44
19189,0,38418677786,38418677776,0,0,9
19190,0,38420680873,38420680858,0,0,15
19191,0,38422682966,38422683007,0,0,-40
19192,0,38424685330,38424685375,0,0,-44
19193,0,38426688001,38426687986,0,0,15
19194,0,38428690593,38428690547,0,0,45
19195,0,38430692014,38430692031,0,0,-16
19196,0,38432694388,38432694427,0,0,-38
19197,0,38434696551,38434696507,0,0,43
19198,0,38436698756,38436698766,0,0,-9
19199,0,38438700879,38438700862,0,0,17
19200,0,38440703657,38440703602,0,0,55
19201,0,38442706251,38442706221,0,0,29
19202,0,38444707810,38444707763,0,0,47
19203,0,38446710611,38446710577,0,0,33
19204,0,38448713013,38448712995,0,0,17
19205,0,38450715988,38450715949,0,0,39
19206,0,38452716701,38452716693,0,0,8
19207,0,38454718932,38454718908,0,0,23
19208,0,38456721044,38456721024,0,0,20
19209,0,38458723083,38458723065,0,0,17
19210,0,38460725242,38460725186,0,0,56
19211,0,38462727501,38462727453,0,0,47
19212,0,38464731350,38464731336,0,0,14
19213,0,38466732739,38466732702,0,0,36
19214,0,38468734411,38468734346,0,0,65
19215,0,38470736426,38470736397,0,0,29
19216,0,38472738896,38472738835,0,0,60
19217,0,38474741024,38474741006,0,0,17
19218,0,38476742982,38476742973,0,0,8
19219,0,38478744366,38478744343,0,0,22
19220,0,38480747930,38480747963,0,0,-32
19221,0,38482750002,38482749946,0,0,56
19222,0,38484752289,38484752320,0,0,-31
19223,0,38486754656,38486754615,0,0,40
19224,0,38488756846,38488756809,0,0,36
19225,0,38490758650,38490758602,0,0,47
19226,0,38492760550,38492760483,0,0,66
19227,0,38494763049,38494763017,0,0,31
19228,0,38496766421,38496766382,0,0,39
19229,0,38498768550,38498768566,0,0,-15
19230,0,38500770594,38500770576,0,0,17
19231,0,38502772315,38502772278,0,0,36
19232,0,38504774835,38504774788,0,0,46
19233,0,38506777969,38506777921,0,0,48
19234,0,38508779146,38508779063,0,0,83
19235,0,38510781490,38510781419,0,0,71
19236,0,38512783115,38512783043,0,0,71
19237,0,38514784456,38514784413,0,0,42
19238,0,38516787929,38516787831,0,0,98
19239,0,38518790169,38518790095,0,0,74
19240,0,38520792543,38520792477,0,0,66
19241,0,38522794928,38522794895,0,0,33
19242,0,38524796693,38524796624,0,0,69
19243,0,38526798880,38526798847,0,0,32
19244,0,38528801733,38528801715,0,0,17
19245,0,38530803603,38530803545,0,0,58
19246,0,38532805642,38532805633,0,0,8
19247,0,38534807714,38534807683,0,0,31
19248,0,38536811381,38536811348,0,0,33
19249,0,38538814289,38538814234,0,0,55
19250,0,38540814653,38540814612,0,0,40
19251,0,38542817031,38542816982,0,0,49
19252,0,38544819142,38544819096,0,0,46
19253,0,38546821430,38546821411,0,0,19
19254,0,38548823361,38548823318,0,0,43
19255,0,38550826571,38550826531,0,0,40
19256,0,38552828167,38552828133,0,0,33
19257,0,38554829976,38554829907,0,0,68
19258,0,38556832705,38556832633,0,0,71
19259,0,38558834611,38558834560,0,0,51
19260,0,38560837389,38560837334,0,0,55
19261,0,38562838973,38562838912,0,0,61
19262,0,38564841185,38564841136,0,0,49
19263,0,38566843361,38566843296,0,0,65
19264,0,38568846008,38568845959,0,0,49
19265,0,38570848987,38570849016,0,0,-29
19266,0,38572850147,38572850153,0,0,-6
19267,0,38574852628,38574852591,0,0,36
19268,0,38576854732,38576854703,0,0,28
19269,0,38578857096,38578857140,0,0,-43
19270,0,38580859262,38580859275,0,0,-13
19271,0,38582861780,38582861755,0,0,25
19272,0,38584863449,38584863406,0,0,42
19273,0,38586865789,38586865744,0,0,44
19274,0,38588867886,38588867847,0,0,39
19275,0,38590870343,38590870292,0,0,51
19276,0,38592872841,38592872787,0,0,53
19277,0,38594874384,38594874325,0,0,59
19278,0,38596876757,38596876718,0,0,39
19279,0,38598879271,38598879235,0,0,36
19280,0,38600881555,38600881579,0,0,-24
19281,0,38602884335,38602884379,0,0,-44
19282,0,38604885229,38604885265,0,0,-36
19283,0,38606886309,38606886346,0,0,-36
19284,0,38608889552,38608889580,0,0,-27
19285,0,38610893095,38610893129,0,0,-33
19286,0,38612895769,38612895731,0,0,38
19287,0,38614896749,38614896732,0,0,17
19288,0,38616899035,38616899008,0,0,26
19289,0,38618901719,38618901728,0,0,-8
19290,0,38620903634,38620903591,0,0,43
19291,0,38622906065,38622906060,0,0,5
19292,0,38624908285,38624908314,0,0,-28
19293,0,38626910564,38626910604,0,0,-40
19294,0,38628912218,38628912182,0,0,35
19295,0,38630914320,38630914304,0,0,15
19296,0,38632916841,38632916811,0,0,29
19297,0,38634919943,38634919910,0,0,32
19298,0,38636922185,38636922221,0,0,-35
19299,0,38638924256,38638924235,0,0,21
19300,0,38640927683,38640927656,0,0,26
19301,0,38642928671,38642928638,0,0,32
19302,0,38644929235,38644929182,0,0,53
19303,0,38646931929,38646931918,0,0,11
19304,0,38648933889,38648933862,0,0,26
19305,0,38650938705,38650938740,0,0,-34
19306,0,38652939582,38652939556,0,0,25
19307,0,38654941184,38654941167,0,0,16
19308,0,38656944371,38656944303,0,0,68
19309,0,38658947008,38658946949,0,0,59
19310,0,38660948129,38660948056,0,0,73
19311,0,38662950294,38662950270,0,0,24
19312,0,38664952505,38664952471,0,0,34
19313,0,38666956007,38666955962,0,0,44
19314,0,38668957335,38668957303,0,0,31
19315,0,38670959298,38670959262,0,0,36
19316,0,38672961615,38672961596,0,0,18
19317,0,38674963889,38674963871,0,0,17
19318,0,38676965653,38676965628,0,0,25
19319,0,38678968388,38678968371,0,0,16
19320,0,38680970173,38680970134,0,0,39
19321,0,38682972393,38682972361,0,0,31
19322,0,38684974771,38684974750,0,0,21
19323,0,38686977286,38686977268,0,0,17
19324,0,38688979176,38688979131,0,0,44
19325,0,38690981413,38690981382,0,0,31
19326,0,38692983816,38692983823,0,0,-6
19327,0,38694985768,38694985732,0,0,36
19328,0,38696988195,38696988137,0,0,58
19329,0,38698990534,38698990498,0,0,35
19330,0,38700993476,38700993424,0,0,51
19331,0,38702994886,38702994869,0,0,16
19332,0,38704997272,38704997213,0,0,59
19333,0,38706998676,38706998646,0,0,29
19334,0,38709000579,38709000548,0,0,31
19335,0,38711003867,38711003852,0,0,14
19336,0,38713005868,38713005858,0,0,9
19337,0,38715007771,38715007748,0,0,23
19338,0,38717008763,38717008738,0,0,24
19339,0,38719011086,38719011126,0,0,-40
19340,0,38721013980,38721013963,0,0,17
19341,0,38723016574,38723016593,0,0,-19
19342,0,38725018232,38725018267,0,0,-34
19343,0,38727021466,38727021442,0,0,24
19344,0,38729023403,38729023361,0,0,41
19345,0,38731026122,38731026101,0,0,21
19346,0,38733030099,38733030076,0,0,23
19347,0,38735031775,38735031736,0,0,38
19348,0,38737032429,38737032385,0,0,43
19349,0,38739035708,38739035674,0,0,34
19350,0,38741037875,38741037847,0,0,27
19351,0,38743038973,38743038952,0,0,20
19352,0,38745041588,38745041540,0,0,47
19353,0,38747043438,38747043368,0,0,69
19354,0,38749045683,38749045594,0,0,89
19355,0,38751049498,38751049437,0,0,60
19356,0,38753050413,38753050429,0,0,-16
19357,0,38755052559,38755052489,0,0,69
19358,0,38757054433,38757054337,0,0,96
19359,0,38759055591,38759055521,0,0,69
19360,0,38761058306,38761058217,0,0,88
19361,0,38763061586,38763061565,0,0,20
19362,0,38765063457,38765063461,0,0,-4
19363,0,38767066516,38767066541,0,0,-24
19364,0,38769068202,38769068255,0,0,-52
19365,0,38771070559,38771070525,0,0,33
19366,0,38773072795,38773072726,0,0,68
19367,0,38775074468,38775074441,0,0,26
19368,0,38777075998,38777075968,0,0,29
19369,0,38779079047,38779079060,0,0,-13
19370,0,38781080958,38781080959,0,0,0
19371,0,38783082671,38783082620,0,0,50
19372,0,38785086380,38785086328,0,0,51
19373,0,38787088425,38787088406,0,0,19
19374,0,38789090497,38789090503,0,0,-5
19375,0,38791092418,38791092449,0,0,-30
19376,0,38793094727,38793094740,0,0,-13
19377,0,38795097401,38795097417,0,0,-15
19378,0,38797100807,38797100755,0,0,52
19379,0,38799101557,38799101510,0,0,47
19380,0,38801103829,38801103796,0,0,32
19381,0,38803105788,38803105794,0,0,-6
19382,0,38805108184,38805108141,0,0,43
19383,0,38807110426,38807110384,0,0,42
19384,0,38809113124,38809113093,0,0,31
19385,0,38811114566,38811114528,0,0,38
19386,0,38813117687,38813117631,0,0,56
19387,0,38815119506,38815119458,0,0,48
19388,0,38817121297,38817121244,0,0,53
19389,0,38819122849,38819122835,0,0,13
19390,0,38821126036,38821125978,0,0,58
19391,0,38823128152,38823128141,0,0,11
19392,0,38825130406,38825130384,0,0,22
19393,0,38827132591,38827132559,0,0,31
19394,0,38829134879,38829134837,0,0,42
19395,0,38831137666,38831137673,0,0,-6
19396,0,38833139256,38833139213,0,0,42
19397,0,38835141447,38835141467,0,0,-20
19398,0,38837143806,38837143822,0,0,-15
19399,0,38839145841,38839145854,0,0,-13
19400,0,38841147312,38841147282,0,0,29
19401,0,38843149994,38843149937,0,0,56
19402,0,38845151914,38845151891,0,0,23
19403,0,38847155696,38847155650,0,0,45
19404,0,38849158137,38849158101,0,0,35
19405,0,38851160325,38851160292,0,0,33
19406,0,38853161739,38853161660,0,0,78
19407,0,38855163850,38855163810,0,0,40
19408,0,38857166993,38857166909,0,0,84
19409,0,38859169432,38859169417,0,0,14
19410,0,38861171151,38861171127,0,0,24
19411,0,38863171697,38863171671,0,0,25
19412,0,38865174820,38865174779,0,0,41
19413,0,38867176651,38867176640,0,0,11
19414,0,38869178260,38869178229,0,0,30
19415,0,38871181240,38871181271,0,0,-31
19416,0,38873183256,38873183308,0,0,-52
19417,0,38875185918,38875185964,0,0,-45
19418,0,38877188597,38877188628,0,0,-30
19419,0,38879190671,38879190646,0,0,24
19420,0,38881192561,38881192596,0,0,-35
19421,0,38883194553,38883194579,0,0,-25
19422,0,38885196474,38885196429,0,0,44
19423,0,38887199400,38887199372,0,0,28
19424,0,38889201630,38889201595,0,0,34
19425,0,38891204573,38891204611,0,0,-38
19426,0,38893206550,38893206564,0,0,-13
19427,0,38895207090,38895207129,0,0,-38
19428,0,38897210752,38897210784,0,0,-31
19429,0,38899212725,38899212753,0,0,-27
19430,0,38901215212,38901215228,0,0,-15
19431,0,38903217089,38903217113,0,0,-24
19432,0,38905219546,38905219565,0,0,-19
19433,0,38907221507,38907221534,0,0,-26
19434,0,38909224161,38909224188,0,0,-26
19435,0,38911225797,38911225822,0,0,-24
19436,0,38913228573,38913228613,0,0,-40
19437,0,38915230292,38915230304,0,0,-11
19438,0,38917231946,38917231888,0,0,58
19439,0,38919234561,38919234525,0,0,35
19440,0,38921236993,38921236943,0,0,49
19441,0,38923240782,38923240766,0,0,15
19442,0,38925243040,38925242993,0,0,47
19443,0,38927243611,38927243586,0,0,24
19444,0,38929245894,38929245854,0,0,39
19445,0,38931247887,38931247911,0,0,-24
19446,0,38933249579,38933249602,0,0,-22
19447,0,38935252326,38935252289,0,0,37
19448,0,38937253743,38937253716,0,0,26
19449,0,38939256975,38939256931,0,0,43
19450,0,38941258123,38941258080,0,0,43
19451,0,38943260448,38943260422,0,0,26
19452,0,38945263635,38945263601,0,0,34
19453,0,38947265808,38947265766,0,0,42
19454,0,38949267050,38949266988,0,0,61
19455,0,38951270713,38951270678,0,0,34
19456,0,38953272476,38953272465,0,0,11
19457,0,38955273997,38955273972,0,0,25
19458,0,38957277727,38957277746,0,0,-18
19459,0,38959279076,38959279114,0,0,-38
19460,0,38961281780,38961281816,0,0,-35
19461,0,38963283715,38963283706,0,0,8
19462,0,38965285948,38965285887,0,0,60
19463,0,38967288246,38967288236,0,0,9
19464,0,38969290631,38969290595,0,0,35
19465,0,38971292478,38971292442,0,0,35
19466,0,38973294192,38973294145,0,0,47
19467,0,38975297452,38975297417,0,0,34
19468,0,38977299373,38977299337,0,0,35
19469,0,38979301680,38979301714,0,0,-33
19470,0,38981303878,38981303834,0,0,44
19471,0,38983306049,38983306029,0,0,20
19472,0,38985308503,38985308530,0,0,-27
19473,0,38987310939,38987310958,0,0,-18
19474,0,38989313814,38989313756,0,0,58
19475,0,38991314926,38991314948,0,0,-22
19476,0,38993318242,38993318235,0,0,6
19477,0,38995320768,38995320784,0,0,-15
19478,0,38997321896,38997321907,0,0,-10
19479,0,38999324275,38999324294,0,0,-18
19480,0,39001326364,39001326280,0,0,83
19481,0,39003328442,39003328489,0,0,-46
19482,0,39005330928,39005330907,0,0,20
19483,0,39007332660,39007332620,0,0,40
19484,0,39009335435,39009335386,0,0,49
19485,0,39011336906,39011336874,0,0,31
19486,0,39013338483,39013338393,0,0,89
19487,0,39015341945,39015341916,0,0,28
19488,0,39017344644,39017344606,0,0,38
19489,0,39019346199,39019346170,0,0,28
19490,0,39021349722,39021349671,0,0,51
19491,0,39023351006,39023350977,0,0,28
19492,0,39025353146,39025353103,0,0,43
19493,0,39027355250,39027355212,0,0,38
19494,0,39029357183,39029357150,0,0,32
19495,0,39031359802,39031359781,0,0,21
19496,0,39033361808,39033361782,0,0,26
19497,0,39035364168,39035364161,0,0,7
19498,0,39037367054,39037366997,0,0,57
19499,0,39039368970,39039368949,0,0,20
19500,0,39041369338,39041369294,0,0,43
19501,0,39043371546,39043371507,0,0,39
19502,0,39045374134,39045374072,0,0,61
19503,0,39047377749,39047377708,0,0,40
19504,0,39049380065,39049380080,0,0,-14
19505,0,39051383317,39051383282,0,0,35
19506,0,39053383948,39053383912,0,0,35
19507,0,39055387433,39055387413,0,0,19
19508,0,39057388192,39057388140,0,0,51
19509,0,39059389480,39059389444,0,0,35
19510,0,39061393993,39061393954,0,0,38
19511,0,39063396157,39063396137,0,0,20
19512,0,39065397402,39065397384,0,0,17
19513,0,39067399540,39067399499,0,0,40
19514,0,39069401758,39069401710,0,0,47
19515,0,39071403911,39071403876,0,0,35
19516,0,39073406569,39073406516,0,0,53
19517,0,39075408725,39075408710,0,0,15
19518,0,39077411000,39077410961,0,0,38
19519,0,39079413057,39079413074,0,0,-16
19520,0,39081415296,39081415287,0,0,8
19521,0,39083417100,39083417055,0,0,44
19522,0,39085418720,39085418637,0,0,83
19523,0,39087423539,39087423554,0,0,-14
19524,0,39089425471,39089425462,0,0,8
19525,0,39091426110,39091426066,0,0,44
19526,0,39093428879,39093428802,0,0,76
19527,0,39095430365,39095430320,0,0,44
19528,0,39097431869,39097431782,0,0,87
19529,0,39099435093,39099435105,0,0,-11
19530,0,39101437389,39101437400,0,0,-10
19531,0,39103439674,39103439696,0,0,-22
19532,0,39105441691,39105441645,0,0,45
19533,0,39107443878,39107443831,0,0,46
19534,0,39109446440,39109446391,0,0,48
19535,0,39111449046,39111448995,0,0,51
19536,0,39113450901,39113450869,0,0,31
19537,0,39115453031,39115452991,0,0,40
19538,0,39117454960,39117454973,0,0,-12
19539,0,39119457408,39119457357,0,0,51
19540,0,39121459649,39121459573,0,0,75
19541,0,39123461514,39123461471,0,0,42
19542,0,39125462633,39125462588,0,0,44
19543,0,39127465440,39127465411,0,0,29
19544,0,39129468444,39129468397,0,0,47
19545,0,39131470285,39131470239,0,0,46
19546,0,39133472262,39133472244,0,0,17
19547,0,39135475395,39135475346,0,0,49
19548,0,39137478010,39137477966,0,0,44
19549,0,39139479449,39139479459,0,0,-10
19550,0,39141481918,39141481888,0,0,29
19551,0,39143484054,39143484042,0,0,11
19552,0,39145486312,39145486337,0,0,-25
19553,0,39147488262,39147488296,0,0,-34
19554,0,39149489787,39149489746,0,0,41
19555,0,39151496894,39151496856,0,0,38
19556,0,39153496335,39153496345,0,0,-9
19557,0,39155497031,39155497072,0,0,-40
19558,0,39157498592,39157498602,0,0,-10
19559,0,39159502294,39159502322,0,0,-28
19560,0,39161503982,39161504022,0,0,-40
19561,0,39163506289,39163506285,0,0,4
19562,0,39165508293,39165508326,0,0,-33
19563,0,39167510345,39167510337,0,0,8
19564,0,39169513083,39169513061,0,0,21
19565,0,39171515454,39171515469,0,0,-15
19566,0,39173517350,39173517307,0,0,43
19567,0,39175519622,39175519587,0,0,34
19568,0,39177522781,39177522808,0,0,-26
19569,0,39179525290,39179525276,0,0,13
19570,0,39181525829,39181525867,0,0,-38
19571,0,39183528305,39183528343,0,0,-38
19572,0,39185530921,39185530909,0,0,11
19573,0,39187533344,39187533337,0,0,6
19574,0,39189536272,39189536237,0,0,35
19575,0,39191538559,39191538549,0,0,10
19576,0,39193539571,39193539557,0,0,13
19577,0,39195542086,39195542049,0,0,36
19578,0,39197543966,39197544000,0,0,-33
19579,0,39199546462,39199546478,0,0,-15
19580,0,39201548838,39201548820,0,0,17
19581,0,39203550573,39203550562,0,0,11
19582,0,39205552234,39205552266,0,0,-31
19583,0,39207555359,39207555398,0,0,-38
19584,0,39209557211,39209557201,0,0,9
19585,0,39211558577,39211558520,0,0,57
19586,0,39213561730,39213561732,0,0,-1
19587,0,39215565452,39215565404,0,0,47
19588,0,39217567546,39217567486,0,0,60
19589,0,39219569872,39219569825,0,0,47
19590,0,39221570912,39221570858,0,0,54
19591,0,39223572728,39223572742,0,0,-13
19592,0,39225574543,39225574519,0,0,23
19593,0,39227578011,39227577986,0,0,24
19594,0,39229580029,39229580006,0,0,22
19595,0,39231582220,39231582196,0,0,24
19596,0,39233584438,39233584387,0,0,51
19597,0,39235586179,39235586166,0,0,13
19598,0,39237587565,39237587578,0,0,-13
19599,0,39239590617,39239590649,0,0,-31
19600,0,39241592904,39241592924,0,0,-20
19601,0,39243595964,39243595990,0,0,-25
19602,0,39245596813,39245596779,0,0,34
19603,0,39247600841,39247600816,0,0,24
19604,0,39249602060,39249601985,0,0,74
19605,0,39251605636,39251605600,0,0,35
19606,0,39253606450,39253606485,0,0,-34
19607,0,39255608522,39255608546,0,0,-23
19608,0,39257611186,39257611211,0,0,-25
19609,0,39259612988,39259613015,0,0,-26
19610,0,39261615666,39261615688,0,0,-22
19611,0,39263617107,39263617058,0,0,49
19612,0,39265619223,39265619198,0,0,24
19613,0,39267621741,39267621709,0,0,32
19614,0,39269623389,39269623371,0,0,17
19615,0,39271627460,39271627422,0,0,38
19616,0,39273630278,39273630298,0,0,-20
19617,0,39275631101,39275631127,0,0,-25
19618,0,39277633341,39277633330,0,0,11
19619,0,39279637349,39279637302,0,0,47
19620,0,39281639091,39281639019,0,0,71
19621,0,39283639813,39283639779,0,0,33
19622,0,39285642060,39285642017,0,0,42
19623,0,39287643993,39287643954,0,0,39
19624,0,39289645376,39289645324,0,0,51
19625,0,39291649096,39291649044,0,0,51
19626,0,39293651055,39293650989,0,0,65
19627,0,39295653175,39295653147,0,0,28
19628,0,39297655604,39297655518,0,0,85
19629,0,39299657748,39299657710,0,0,38
19630,0,39301660262,39301660195,0,0,67
19631,0,39303662883,39303662850,0,0,32
19632,0,39305665521,39305665470,0,0,51
19633,0,39307666289,39307666248,0,0,41
19634,0,39309668103,39309668066,0,0,37
19635,0,39311670912,39311670931,0,0,-18
19636,0,39313674561,39313674596,0,0,-34
19637,0,39315675203,39315675177,0,0,25
19638,0,39317676588,39317676530,0,0,58
19639,0,39319679887,39319679860,0,0,27
19640,0,39321682206,39321682174,0,0,32
19641,0,39323684166,39323684136,0,0,29
19642,0,39325686923,39325686889,0,0,33
19643,0,39327688515,39327688480,0,0,35
19644,0,39329691276,39329691240,0,0,35
19645,0,39331693761,39331693737,0,0,24
19646,0,39333695572,39333695504,0,0,67
19647,0,39335697431,39335697411,0,0,19
19648,0,39337700452,39337700416,0,0,35
19649,0,39339702021,39339702016,0,0,4
19650,0,39341704975,39341704909,0,0,66
19651,0,39343706859,39343706830,0,0,29
19652,0,39345710085,39345710040,0,0,44
19653,0,39347710988,39347710964,0,0,24
19654,0,39349713219,39349713139,0,0,79
19655,0,39351716790,39351716872,0,0,-82
19656,0,39353717982,39353718027,0,0,-44
19657,0,39355719652,39355719679,0,0,-26
19658,0,39357721570,39357721539,0,0,31
19659,0,39359724852,39359724818,0,0,33
19660,0,39361726476,39361726452,0,0,23
19661,0,39363728373,39363728361,0,0,12
19662,0,39365730066,39365730022,0,0,44
19663,0,39367732673,39367732657,0,0,15
19664,0,39369735076,39369735028,0,0,48
19665,0,39371737940,39371737902,0,0,38
19666,0,39373740122,39373740067,0,0,55
19667,0,39375741937,39375741915,0,0,21
19668,0,39377744529,39377744481,0,0,47
19669,0,39379746616,39379746570,0,0,45
19670,0,39381749158,39381749103,0,0,54
19671,0,39383751193,39383751173,0,0,20
19672,0,39385753222,39385753153,0,0,68
19673,0,39387755493,39387755451,0,0,41
19674,0,39389757635,39389757591,0,0,44
19675,0,39391759971,39391759930,0,0,40
19676,0,39393761854,39393761793,0,0,60
19677,0,39395763283,39395763325,0,0,-42
19678,0,39397767272,39397767255,0,0,17
19679,0,39399768455,39399768469,0,0,-13
19680,0,39401769901,39401769856,0,0,45
19681,0,39403772962,39403772937,0,0,25
19682,0,39405774782,39405774720,0,0,62
19683,0,39407778825,39407778813,0,0,11
19684,0,39409782170,39409782105,0,0,64
19685,0,39411781812,39411781844,0,0,-32
19686,0,39413783284,39413783215,0,0,68
19687,0,39415786471,39415786440,0,0,31
19688,0,39417789026,39417788972,0,0,54
19689,0,39419791199,39419791161,0,0,38
19690,0,39421792582,39421792534,0,0,48
19691,0,39423795377,39423795334,0,0,42
19692,0,39425797681,39425797723,0,0,-42
19693,0,39427799847,39427799876,0,0,-29
19694,0,39429801941,39429801950,0,0,-8
19695,0,39431803613,39431803652,0,0,-39
19696,0,39433806770,39433806795,0,0,-24
19697,0,39435809128,39435809117,0,0,10
19698,0,39437811256,39437811241,0,0,14
19699,0,39439813279,39439813251,0,0,28
19700,0,39441816635,39441816613,0,0,22
19701,0,39443817904,39443817860,0,0,44
19702,0,39445821076,39445821067,0,0,8
19703,0,39447823123,39447823107,0,0,15
19704,0,39449824593,39449824569,0,0,23
19705,0,39451828591,39451828566,0,0,24
19706,0,39453829581,39453829566,0,0,14
19707,0,39455831727,39455831764,0,0,-37
19708,0,39457833421,39457833406,0,0,14
19709,0,39459835595,39459835567,0,0,27
19710,0,39461838242,39461838220,0,0,22
19711,0,39463839921,39463839965,0,0,-43
19712,0,39465842625,39465842670,0,0,-44
19713,0,39467844729,39467844709,0,0,20
19714,0,39469846604,39469846557,0,0,46
19715,0,39471849994,39471850056,0,0,-61
19716,0,39473853009,39473853047,0,0,-38
19717,0,39475853078,39475853128,0,0,-50
19718,0,39477854803,39477854760,0,0,42
19719,0,39479857366,39479857355,0,0,11
19720,0,39481859116,39481859086,0,0,30
19721,0,39483862506,39483862448,0,0,58
19722,0,39485864764,39485864710,0,0,53
19723,0,39487866859,39487866800,0,0,59
19724,0,39489868728,39489868657,0,0,70
19725,0,39491869714,39491869722,0,0,-8
19726,0,39493873156,39493873149,0,0,6
19727,0,39495876448,39495876458,0,0,-10
19728,0,39497880103,39497880140,0,0,-37
19729,0,39499880979,39499881015,0,0,-35
19730,0,39501882243,39501882268,0,0,-24
19731,0,39503884889,39503884851,0,0,38
19732,0,39505887916,39505887840,0,0,75
19733,0,39507888755,39507888720,0,0,35
19734,0,39509890578,39509890557,0,0,20
19735,0,39511893505,39511893494,0,0,11
19736,0,39513895829,39513895800,0,0,29
19737,0,39515898234,39515898195,0,0,39
19738,0,39517899743,39517899699,0,0,43
19739,0,39519901077,39519901032,0,0,44
19740,0,39521903613,39521903638,0,0,-24
19741,0,39523906278,39523906298,0,0,-20
19742,0,39525908087,39525908026,0,0,61
19743,0,39527911058,39527911001,0,0,56
19744,0,39529914129,39529914087,0,0,42
19745,0,39531915946,39531915900,0,0,46
19746,0,39533918054,39533918044,0,0,10
19747,0,39535919853,39535919874,0,0,-20
19748,0,39537922559,39537922573,0,0,-13
19749,0,39539924767,39539924800,0,0,-33
19750,0,39541927018,39541927028,0,0,-9
19751,0,39543928959,39543928985,0,0,-26
19752,0,39545931514,39545931447,0,0,66
19753,0,39547933812,39547933754,0,0,58
19754,0,39549935765,39549935720,0,0,44
19755,0,39551939160,39551939118,0,0,42
19756,0,39553940404,39553940352,0,0,51
19757,0,39555942167,39555942133,0,0,33
19758,0,39557944417,39557944370,0,0,47
19759,0,39559946740,39559946687,0,0,52
19760,0,39561949368,39561949337,0,0,31
19761,0,39563951172,39563951116,0,0,56
19762,0,39565954007,39565953969,0,0,38
19763,0,39567955462,39567955431,0,0,31
19764,0,39569958907,39569958857,0,0,49
19765,0,39571961563,39571961530,0,0,33
19766,0,39573962867,39573962827,0,0,40
19767,0,39575964494,39575964488,0,0,5
19768,0,39577966944,39577966906,0,0,38
19769,0,39579969412,39579969366,0,0,45
19770,0,39581971391,39581971346,0,0,45
19771,0,39583973413,39583973371,0,0,41
19772,0,39585975691,39585975662,0,0,28
19773,0,39587978199,39587978173,0,0,26
19774,0,39589980197,39589980208,0,0,-11
19775,0,39591982725,39591982687,0,0,38
19776,0,39593985066,39593985040,0,0,26
19777,0,39595986901,39595986844,0,0,56
19778,0,39597989364,39597989316,0,0,47
19779,0,39599991963,39599991951,0,0,11
19780,0,39601994548,39601994508,0,0,39
19781,0,39603995525,39603995510,0,0,14
19782,0,39605997197,39605997152,0,0,44
19783,0,39608000448,39608000429,0,0,19
19784,0,39610002391,39610002343,0,0,47
19785,0,39612004518,39612004478,0,0,39
19786,0,39614006957,39614006925,0,0,31
19787,0,39616009400,39616009357,0,0,42
19788,0,39618011331,39618011293,0,0,38
19789,0,39620013336,39620013371,0,0,-35
19790,0,39622014706,39622014625,0,0,80
19791,0,39624018230,39624018204,0,0,26
19792,0,39626020716,39626020669,0,0,47
19793,0,39628022498,39628022469,0,0,29
19794,0,39630024781,39630024752,0,0,28
19795,0,39632026858,39632026820,0,0,38
19796,0,39634030005,39634029987,0,0,17
19797,0,39636032174,39636032150,0,0,23
19798,0,39638033059,39638033039,0,0,20
19799,0,39640036341,39640036315,0,0,26
19800,0,39642038398,39642038433,0,0,-34
19801,0,39644040974,39644041006,0,0,-32
19802,0,39646042606,39646042649,0,0,-42
19803,0,39648044923,39648044955,0,0,-31
19804,0,39650047000,39650046976,0,0,23
19805,0,39652050633,39652050658,0,0,-24
19806,0,39654051331,39654051355,0,0,-23
19807,0,39656053242,39656053220,0,0,22
19808,0,39658055014,39658054975,0,0,39
19809,0,39660057676,39660057648,0,0,27
19810,0,39662058796,39662058822,0,0,-25
19811,0,39664061880,39664061916,0,0,-35
19812,0,39666065713,39666065698,0,0,14
19813,0,39668066784,39668066740,0,0,43
19814,0,39670069389,39670069334,0,0,55
19815,0,39672071613,39672071545,0,0,68
19816,0,39674073442,39674073395,0,0,47
19817,0,39676075024,39676074952,0,0,71
19818,0,39678078214,39678078184,0,0,29
19819,0,39680079838,39680079790,0,0,47
19820,0,39682082115,39682082047,0,0,68
19821,0,39684084887,39684084861,0,0,25
19822,0,39686087594,39686087534,0,0,59
19823,0,39688089267,39688089208,0,0,58
19824,0,39690091176,39690091198,0,0,-22
19825,0,39692092616,39692092556,0,0,60
19826,0,39694095743,39694095753,0,0,-10
19827,0,39696097197,39696097160,0,0,37
19828,0,39698100256,39698100199,0,0,57
19829,0,39700102498,39700102436,0,0,61
19830,0,39702104776,39702104768,0,0,8
19831,0,39704106519,39704106450,0,0,68
19832,0,39706108371,39706108350,0,0,21
19833,0,39708111656,39708111611,0,0,44
19834,0,39710114028,39710114074,0,0,-46
19835,0,39712115900,39712115936,0,0,-35
19836,0,39714118310,39714118357,0,0,-46
19837,0,39716120103,39716120136,0,0,-33
19838,0,39718122031,39718121993,0,0,38
19839,0,39720124631,39720124624,0,0,6
19840,0,39722127727,39722127709,0,0,17
19841,0,39724129103,39724129115,0,0,-12
19842,0,39726131587,39726131594,0,0,-6
19843,0,39728134347,39728134368,0,0,-20
19844,0,39730136266,39730136225,0,0,40
19845,0,39732139207,39732139188,0,0,18
19846,0,39734140514,39734140472,0,0,41
19847,0,39736142865,39736142838,0,0,26
19848,0,39738144746,39738144777,0,0,-31
19849,0,39740147301,39740147279,0,0,22
19850,0,39742149337,39742149299,0,0,37
19851,0,39744152024,39744152015,0,0,9
19852,0,39746153793,39746153769,0,0,24
19853,0,39748156123,39748156123,0,0,0
19854,0,39750158465,39750158411,0,0,53
19855,0,39752161631,39752161584,0,0,47
19856,0,39754162752,39754162715,0,0,37
19857,0,39756164750,39756164694,0,0,56
19858,0,39758167134,39758167092,0,0,42
19859,0,39760169638,39760169613,0,0,24
19860,0,39762171617,39762171543,0,0,74
19861,0,39764173804,39764173770,0,0,33
19862,0,39766176326,39766176344,0,0,-17
19863,0,39768178087,39768178037,0,0,50
19864,0,39770180349,39770180287,0,0,61
19865,0,39772182724,39772182716,0,0,8
19866,0,39774185051,39774185069,0,0,-17
19867,0,39776187035,39776187042,0,0,-7
19868,0,39778189600,39778189562,0,0,38
19869,0,39780191320,39780191282,0,0,38
19870,0,39782192409,39782192346,0,0,62
19871,0,39784194624,39784194584,0,0,40
19872,0,39786197114,39786197130,0,0,-15
19873,0,39788199872,39788199817,0,0,54
19874,0,39790201865,39790201789,0,0,75
19875,0,39792205727,39792205677,0,0,49
19876,0,39794208252,39794208194,0,0,58
19877,0,39796210565,39796210527,0,0,38
19878,0,39798211920,39798211937,0,0,-17
19879,0,39800213831,39800213775,0,0,56
19880,0,39802216381,39802216417,0,0,-35
19881,0,39804218502,39804218464,0,0,38
19882,0,39806220402,39806220374,0,0,27
19883,0,39808223084,39808223040,0,0,44
19884,0,39810224651,39810224622,0,0,29
19885,0,39812226390,39812226377,0,0,12
19886,0,39814229411,39814229334,0,0,76
19887,0,39816231454,39816231415,0,0,39
19888,0,39818234858,39818234793,0,0,65
19889,0,39820237038,39820237019,0,0,19
19890,0,39822238336,39822238292,0,0,44
19891,0,39824240068,39824240143,0,0,-74
19892,0,39826242186,39826242148,0,0,38
19893,0,39828245484,39828245444,0,0,40
19894,0,39830246177,39830246125,0,0,51
19895,0,39832249047,39832249000,0,0,47
19896,0,39834250883,39834250862,0,0,20
19897,0,39836254226,39836254193,0,0,33
19898,0,39838256441,39838256416,0,0,24
19899,0,39840257996,39840257976,0,0,20
19900,0,39842259348,39842259313,0,0,34
19901,0,39844262453,39844262425,0,0,27
19902,0,39846264551,39846264516,0,0,34
19903,0,39848267532,39848267507,0,0,24
19904,0,39850269617,39850269648,0,0,-31
19905,0,39852272964,39852272969,0,0,-5
19906,0,39854273694,39854273679,0,0,15
19907,0,39856276505,39856276533,0,0,-27
19908,0,39858278454,39858278476,0,0,-22
19909,0,39860281329,39860281342,0,0,-13
19910,0,39862281704,39862281696,0,0,8
19911,0,39864285235,39864285181,0,0,54
19912,0,39866287453,39866287411,0,0,41
19913,0,39868289704,39868289672,0,0,31
19914,0,39870291503,39870291432,0,0,71
19915,0,39872292771,39872292761,0,0,9
19916,0,39874296595,39874296613,0,0,-17
19917,0,39876298442,39876298466,0,0,-24
19918,0,39878300532,39878300476,0,0,56
19919,0,39880302591,39880302566,0,0,25
19920,0,39882305006,39882304964,0,0,41
19921,0,39884307339,39884307309,0,0,29
19922,0,39886309896,39886309860,0,0,35
19923,0,39888311440,39888311410,0,0,30
19924,0,39890313849,39890313790,0,0,59
19925,0,39892316998,39892316962,0,0,35
19926,0,39894318492,39894318444,0,0,47
19927,0,39896320804,39896320778,0,0,26
19928,0,39898322325,39898322289,0,0,35
19929,0,39900323723,39900323700,0,0,23
19930,0,39902326267,39902326240,0,0,26
19931,0,39904329532,39904329514,0,0,17
19932,0,39906331275,39906331240,0,0,35
19933,0,39908332723,39908332681,0,0,42
19934,0,39910335430,39910335383,0,0,47
19935,0,39912338299,39912338269,0,0,29
19936,0,39914341349,39914341306,0,0,42
19937,0,39916342607,39916342625,0,0,-17
19938,0,39918343918,39918343933,0,0,-15
19939,0,39920348292,39920348305,0,0,-13
19940,0,39922349671,39922349681,0,0,-10
19941,0,39924352220,39924352257,0,0,-36
19942,0,39926353056,39926352995,0,0,60
19943,0,39928356183,39928356138,0,0,44
19944,0,39930358201,39930358175,0,0,25
19945,0,39932359407,39932359377,0,0,29
19946,0,39934361779,39934361737,0,0,42
19947,0,39936364548,39936364563,0,0,-14
19948,0,39938366098,39938366114,0,0,-15
19949,0,39940368424,39940368379,0,0,44
19950,0,39942372319,39942372285,0,0,33
19951,0,39944374208,39944374159,0,0,48
19952,0,39946376418,39946376399,0,0,19
19953,0,39948378679,39948378665,0,0,14
19954,0,39950380901,39950380891,0,0,9
19955,0,39952384644,39952384635,0,0,8
19956,0,39954385576,39954385561,0,0,14
19957,0,39956388249,39956388235,0,0,13
19958,0,39958389851,39958389846,0,0,5
19959,0,39960391651,39960391635,0,0,15
19960,0,39962394019,39962393990,0,0,29
19961,0,39964396048,39964395991,0,0,57
19962,0,39966397470,39966397440,0,0,29
19963,0,39968401121,39968401061,0,0,59
19964,0,39970402711,39970402673,0,0,38
19965,0,39972405220,39972405165,0,0,54
19966,0,39974407826,39974407817,0,0,8
19967,0,39976409608,39976409625,0,0,-17
19968,0,39978412108,39978412155,0,0,-47
19969,0,39980413832,39980413909,0,0,-76
19970,0,39982416073,39982416084,0,0,-11
19971,0,39984418851,39984418898,0,0,-47
19972,0,39986420933,39986420951,0,0,-17
19973,0,39988424503,39988424529,0,0,-25
19974,0,39990425494,39990425532,0,0,-38
19975,0,39992427196,39992427186,0,0,9
19976,0,39994429125,39994429103,0,0,22
19977,0,39996431586,39996431575,0,0,11
19978,0,39998433327,39998433267,0,0,59
19979,0,40000435748,40000435714,0,0,33
19980,0,40002437604,40002437571,0,0,33
19981,0,40004440441,40004440406,0,0,34
19982,0,40006442079,40006442026,0,0,52
19983,0,40008445309,40008445274,0,0,34
19984,0,40010447721,40010447672,0,0,48
19985,0,40012449440,40012449378,0,0,61
19986,0,40014451006,40014451040,0,0,-34
19987,0,40016454049,40016454081,0,0,-32
19988,0,40018456384,40018456323,0,0,60
19989,0,40020459240,40020459225,0,0,14
19990,0,40022459895,40022459851,0,0,44
19991,0,40024463046,40024463007,0,0,38
19992,0,40026465750,40026465692,0,0,58
19993,0,40028467384,40028467396,0,0,-11
19994,0,40030469984,40030469932,0,0,51
19995,0,40032471889,40032471847,0,0,42
19996,0,40034473934,40034473887,0,0,47
19997,0,40036476215,40036476163,0,0,51
19998,0,40038478242,40038478201,0,0,41
19999,0,40040479726,40040479671,0,0,55
20000,0,40042483460,40042483394,0,0,65
