pkt_id,tx_ts_ns,rx1_ts_ns,rx2_ts_ns,latency_rx1_ns,latency_rx2_ns,diff_latency_ns
1,0,0,25,0,0,-25
2,0,2003325,2003361,0,0,-36
3,0,3983901,3983926,0,0,-25
4,0,5985416,5985453,0,0,-36
5,0,7987366,7987397,0,0,-31
6,0,9989676,9989638,0,0,38
7,0,11992304,11992273,0,0,31
8,0,13994964,13994997,0,0,-33
9,0,15996071,15996110,0,0,-38
10,0,17998376,17998417,0,0,-40
11,0,20000628,20000653,0,0,-24
12,0,22002909,22002947,0,0,-38
13,0,24005166,24005134,0,0,31
14,0,26007327,26007348,0,0,-21
15,0,28009218,28009245,0,0,-26
16,0,30011808,30011817,0,0,-8
17,0,32016370,32016404,0,0,-33
18,0,34016200,34016182,0,0,17
19,0,36018674,36018624,0,0,49
20,0,38020867,38020831,0,0,35
21,0,40023352,40023300,0,0,52
22,0,42026391,42026364,0,0,27
23,0,44027411,44027366,0,0,44
24,0,46029685,46029668,0,0,16
25,0,48032210,48032179,0,0,30
26,0,50034084,50034066,0,0,17
27,0,52036462,52036431,0,0,31
28,0,54038898,54038884,0,0,13
29,0,56040354,56040344,0,0,9
30,0,58043993,58043973,0,0,19
31,0,60046871,60046841,0,0,29
32,0,62048369,62048341,0,0,27
33,0,64050162,64050117,0,0,44
34,0,66051644,66051612,0,0,32
35,0,68053685,68053680,0,0,4
36,0,70056173,70056221,0,0,-48
37,0,72062979,72063004,0,0,-24
38,0,74061008,74061036,0,0,-28
39,0,76062505,76062537,0,0,-31
40,0,78065076,78065107,0,0,-31
41,0,80066833,80066851,0,0,-17
42,0,82068476,82068532,0,0,-56
43,0,84071956,84071932,0,0,23
44,0,86073883,86073840,0,0,42
45,0,88075782,88075771,0,0,11
46,0,90077324,90077373,0,0,-49
47,0,92081475,92081516,0,0,-40
48,0,94082281,94082303,0,0,-22
49,0,96086365,96086404,0,0,-38
50,0,98086952,98086922,0,0,30
51,0,100088287,100088260,0,0,26
52,0,102091581,102091543,0,0,38
53,0,104093386,104093348,0,0,38
54,0,106094996,106095013,0,0,-17
55,0,108098496,108098516,0,0,-20
56,0,110100528,110100502,0,0,26
57,0,112102406,112102355,0,0,51
58,0,114103510,114103489,0,0,20
59,0,116106042,116106063,0,0,-21
60,0,118109293,118109327,0,0,-33
61,0,120111779,120111810,0,0,-30
62,0,122113842,122113857,0,0,-15
63,0,124115925,124115880,0,0,44
64,0,126118013,126117997,0,0,15
65,0,128120438,128120429,0,0,8
66,0,130122622,130122604,0,0,17
67,0,132125717,132125707,0,0,9
68,0,134127211,134127200,0,0,11
69,0,136129120,136129094,0,0,26
70,0,138130684,138130674,0,0,9
71,0,140134231,140134206,0,0,24
72,0,142136005,142135940,0,0,65
73,0,144138240,144138194,0,0,45
74,0,146140343,146140317,0,0,26
75,0,148141673,148141622,0,0,50
76,0,150145125,150145080,0,0,44
77,0,152146729,152146681,0,0,47
78,0,154148538,154148552,0,0,-13
79,0,156151988,156152008,0,0,-20
80,0,158154092,158154105,0,0,-13
81,0,160156555,160156520,0,0,35
82,0,162157644,162157632,0,0,11
83,0,164160640,164160614,0,0,26
84,0,166162795,166162765,0,0,29
85,0,168165300,168165348,0,0,-48
86,0,170167285,170167319,0,0,-33
87,0,172168932,172168969,0,0,-36
88,0,174170934,174170907,0,0,26
89,0,176173793,176173764,0,0,29
90,0,178176212,178176204,0,0,8
91,0,180178348,180178328,0,0,20
92,0,182180552,182180538,0,0,13
93,0,184182766,184182757,0,0,8
94,0,186185476,186185431,0,0,45
95,0,188187442,188187407,0,0,34
96,0,190189707,190189474,0,0,233
97,0,192193989,192193947,0,0,42
98,0,194194136,194194163,0,0,-26
99,0,196195850,196195862,0,0,-12
100,0,198197529,198197551,0,0,-22
101,0,200200166,200200173,0,0,-6
102,0,202202088,202202044,0,0,43
103,0,204205251,204205261,0,0,-10
104,0,206207279,206207304,0,0,-24
105,0,208209730,208209742,0,0,-11
106,0,210211574,210211591,0,0,-16
107,0,212213534,212213478,0,0,55
108,0,214214809,214214755,0,0,54
109,0,216217197,216217164,0,0,33
110,0,218219782,218219804,0,0,-22
111,0,220222741,220222762,0,0,-20
112,0,222224024,222224035,0,0,-10
113,0,224227164,224227146,0,0,17
114,0,226228519,226228486,0,0,33
115,0,228231847,228231813,0,0,34
116,0,230233797,230233838,0,0,-40
117,0,232236075,232236097,0,0,-22
118,0,234237117,234237142,0,0,-24
119,0,236239625,236239634,0,0,-8
120,0,238242848,238242842,0,0,6
121,0,240245395,240245343,0,0,51
122,0,242247457,242247384,0,0,73
123,0,244249452,244249467,0,0,-15
124,0,246251801,246251792,0,0,8
125,0,248253851,248253873,0,0,-22
126,0,250256143,250256103,0,0,40
127,0,252258867,252258851,0,0,15
128,0,254260667,254260618,0,0,49
129,0,256263611,256263605,0,0,5
130,0,258264795,258264843,0,0,-48
131,0,260267044,260267067,0,0,-22
132,0,262268280,262268319,0,0,-38
133,0,264270521,264270555,0,0,-34
134,0,266272799,266272834,0,0,-35
135,0,268274957,268274988,0,0,-30
136,0,270277758,270277787,0,0,-29
137,0,272280473,272280510,0,0,-37
138,0,274281957,274281974,0,0,-16
139,0,276285098,276285129,0,0,-30
140,0,278287368,278287334,0,0,33
141,0,280289340,280289320,0,0,20
142,0,282291019,282290984,0,0,35
143,0,284294142,284294168,0,0,-25
144,0,286296301,286296332,0,0,-30
145,0,288298723,288298698,0,0,25
146,0,290301449,290301431,0,0,17
147,0,292304518,292304334,0,0,184
148,0,294305267,294305301,0,0,-33
149,0,296307040,296307066,0,0,-25
150,0,298308993,298309015,0,0,-22
151,0,300312082,300312053,0,0,28
152,0,302314007,302313970,0,0,37
153,0,304316420,304316373,0,0,47
154,0,306318442,306318448,0,0,-6
155,0,308320666,308320623,0,0,42
156,0,310323353,310323323,0,0,29
157,0,312325668,312325625,0,0,42
158,0,314327834,314327800,0,0,33
159,0,316330546,316330537,0,0,9
160,0,318331959,318331925,0,0,34
161,0,320334328,320334298,0,0,29
162,0,322336366,322336322,0,0,43
163,0,324338901,324338881,0,0,20
164,0,326340696,326340656,0,0,40
165,0,328343030,328343019,0,0,11
166,0,330345184,330345156,0,0,28
167,0,332347507,332347537,0,0,-30
168,0,334349777,334349795,0,0,-18
169,0,336352176,336352196,0,0,-20
170,0,338354316,338354307,0,0,8
171,0,340356054,340356036,0,0,17
172,0,342357389,342357380,0,0,8
173,0,344359446,344359409,0,0,36
174,0,346361897,346361869,0,0,27
175,0,348365423,348365392,0,0,31
176,0,350367303,350367274,0,0,28
177,0,352369849,352369826,0,0,23
178,0,354371912,354371880,0,0,31
179,0,356374049,356374039,0,0,9
180,0,358376693,358376681,0,0,11
181,0,360378628,360378650,0,0,-22
182,0,362380609,362380637,0,0,-27
183,0,364382505,364382481,0,0,23
184,0,366384369,366384349,0,0,20
185,0,368386814,368386806,0,0,8
186,0,370389901,370389887,0,0,13
187,0,372392293,372392265,0,0,28
188,0,374394234,374394200,0,0,34
189,0,376396343,376396377,0,0,-33
190,0,378398474,378398507,0,0,-33
191,0,380400888,380400869,0,0,19
192,0,382403313,382403354,0,0,-40
193,0,384406483,384406441,0,0,41
194,0,386407330,386407307,0,0,23
195,0,388408591,388408625,0,0,-33
196,0,390411579,390411540,0,0,38
197,0,392414201,392414165,0,0,35
198,0,394415702,394415682,0,0,20
199,0,396418965,396418958,0,0,6
200,0,398421310,398421294,0,0,15
201,0,400423287,400423328,0,0,-40
202,0,402424915,402424906,0,0,8
203,0,404426017,404425998,0,0,19
204,0,406428510,406428489,0,0,20
205,0,408431026,408431071,0,0,-44
206,0,410433975,410434018,0,0,-42
207,0,412434982,412435021,0,0,-38
208,0,414437179,414437211,0,0,-31
209,0,416439768,416439752,0,0,15
210,0,418443455,418443424,0,0,30
211,0,420445658,420445610,0,0,48
212,0,422447465,422447426,0,0,38
213,0,424448200,424448226,0,0,-26
214,0,426451004,426450978,0,0,25
215,0,428454071,428454059,0,0,11
216,0,430456453,430456438,0,0,15
217,0,432458680,432458650,0,0,29
218,0,434460648,434460665,0,0,-17
219,0,436461746,436461732,0,0,13
220,0,438464249,438464229,0,0,20
221,0,440466860,440466834,0,0,26
222,0,442469102,442469139,0,0,-36
223,0,444472848,444472883,0,0,-35
224,0,446475781,446475789,0,0,-8
225,0,448476393,448476405,0,0,-11
226,0,450478945,450478965,0,0,-20
227,0,452481011,452481026,0,0,-15
228,0,454483096,454483115,0,0,-19
229,0,456486157,456486145,0,0,11
230,0,458487584,458487539,0,0,44
231,0,460489626,460489640,0,0,-13
232,0,462491971,462491995,0,0,-23
233,0,464493963,464493955,0,0,8
234,0,466495595,466495568,0,0,26
235,0,468499137,468499119,0,0,17
236,0,470501247,470501209,0,0,38
237,0,472502692,472502647,0,0,44
238,0,474504584,474504617,0,0,-33
239,0,476507008,476507049,0,0,-40
240,0,478509452,478509505,0,0,-53
241,0,480512402,480512352,0,0,49
242,0,482515471,482515424,0,0,47
243,0,484516728,484516698,0,0,29
244,0,486518543,486518514,0,0,28
245,0,488519682,488519672,0,0,9
246,0,490522408,490522354,0,0,53
247,0,492527420,492527431,0,0,-11
248,0,494527651,494527626,0,0,24
249,0,496530141,496530096,0,0,44
250,0,498532206,498532157,0,0,49
251,0,500534226,500534166,0,0,59
252,0,502536817,502536750,0,0,66
253,0,504538768,504538719,0,0,49
254,0,506540994,506540932,0,0,61
255,0,508543213,508543159,0,0,54
256,0,510546257,510546215,0,0,41
257,0,512547649,512547606,0,0,42
258,0,514550000,514549933,0,0,66
259,0,516552659,516552607,0,0,51
260,0,518554090,518554052,0,0,38
261,0,520555150,520555111,0,0,39
262,0,522558188,522558126,0,0,61
263,0,524561051,524561000,0,0,51
264,0,526562977,526562964,0,0,13
265,0,528564754,528564719,0,0,35
266,0,530567750,530567759,0,0,-8
267,0,532569919,532569873,0,0,46
268,0,534572129,534572085,0,0,43
269,0,536573986,536573940,0,0,46
270,0,538575235,538575187,0,0,48
271,0,540578051,540578004,0,0,47
272,0,542580791,542580817,0,0,-26
273,0,544582407,544582390,0,0,17
274,0,546586743,546586703,0,0,39
275,0,548587914,548587877,0,0,36
276,0,550589698,550589735,0,0,-37
277,0,552591420,552591439,0,0,-18
278,0,554594621,554594633,0,0,-11
279,0,556596896,556596854,0,0,42
280,0,558598732,558598684,0,0,47
281,0,560601122,560601102,0,0,20
282,0,562603529,562603470,0,0,58
283,0,564605719,564605684,0,0,35
284,0,566607957,566607918,0,0,39
285,0,568609843,568609806,0,0,36
286,0,570611537,570611502,0,0,35
287,0,572614935,572614919,0,0,15
288,0,574616610,574616618,0,0,-8
289,0,576618651,576618633,0,0,17
290,0,578620844,578620806,0,0,38
291,0,580621604,580621581,0,0,23
292,0,582624513,582624475,0,0,38
293,0,584627550,584627532,0,0,17
294,0,586629104,586629082,0,0,22
295,0,588632313,588632279,0,0,33
296,0,590634696,590634662,0,0,33
297,0,592637850,592637826,0,0,23
298,0,594638905,594638935,0,0,-30
299,0,596641089,596641121,0,0,-31
300,0,598643617,598643590,0,0,27
301,0,600646026,600646008,0,0,17
302,0,602648459,602648489,0,0,-30
303,0,604649849,604649887,0,0,-38
304,0,606652691,606652718,0,0,-26
305,0,608654225,608654202,0,0,22
306,0,610656759,610656734,0,0,24
307,0,612659480,612659471,0,0,8
308,0,614661302,614661357,0,0,-54
309,0,616663822,616663852,0,0,-30
310,0,618665550,618665582,0,0,-31
311,0,620668643,620668682,0,0,-38
312,0,622670924,622670955,0,0,-30
313,0,624671737,624671723,0,0,13
314,0,626674536,626674501,0,0,34
315,0,628676411,628676393,0,0,17
316,0,630677852,630677877,0,0,-24
317,0,632681092,632681129,0,0,-37
318,0,634683613,634683639,0,0,-25
319,0,636686752,636686721,0,0,31
320,0,638689061,638689037,0,0,24
321,0,640689967,640689957,0,0,9
322,0,642692056,642692037,0,0,19
323,0,644693570,644693546,0,0,24
324,0,646696615,646696590,0,0,24
325,0,648697852,648697845,0,0,6
326,0,650701020,650701008,0,0,11
327,0,652702120,652702150,0,0,-30
328,0,654704404,654704439,0,0,-34
329,0,656706847,656706834,0,0,13
330,0,658709826,658709815,0,0,11
331,0,660711412,660711383,0,0,29
332,0,662714568,662714557,0,0,10
333,0,664716730,664716712,0,0,17
334,0,666718833,666718798,0,0,35
335,0,668721152,668721137,0,0,15
336,0,670723402,670723422,0,0,-20
337,0,672725973,672726024,0,0,-51
338,0,674729269,674729258,0,0,11
339,0,676730012,676730005,0,0,6
340,0,678732035,678732004,0,0,30
341,0,680733356,680733341,0,0,14
342,0,682736539,682736525,0,0,13
343,0,684739323,684739385,0,0,-62
344,0,686741049,686741015,0,0,33
345,0,688742265,688742238,0,0,26
346,0,690744647,690744626,0,0,21
347,0,692749406,692749400,0,0,6
348,0,694750101,694750073,0,0,28
349,0,696752225,696752199,0,0,26
350,0,698754112,698754087,0,0,24
351,0,700756467,700756433,0,0,33
352,0,702758181,702758199,0,0,-17
353,0,704761364,704761415,0,0,-50
354,0,706764422,706764473,0,0,-51
355,0,708766367,708766343,0,0,23
356,0,710767923,710767952,0,0,-28
357,0,712769581,712769575,0,0,6
358,0,714771559,714771504,0,0,54
359,0,716775033,716775013,0,0,20
360,0,718777222,718777196,0,0,25
361,0,720779062,720779090,0,0,-28
362,0,722781225,722781241,0,0,-15
363,0,724783325,724783301,0,0,24
364,0,726786435,726786382,0,0,53
365,0,728787670,728787629,0,0,41
366,0,730789400,730789349,0,0,51
367,0,732792714,732792725,0,0,-10
368,0,734794644,734794667,0,0,-22
369,0,736796352,736796380,0,0,-28
370,0,738799041,738798957,0,0,83
371,0,740800949,740800877,0,0,71
372,0,742802922,742802849,0,0,73
373,0,744806220,744806149,0,0,71
374,0,746808481,746808424,0,0,56
375,0,748809815,748809731,0,0,84
376,0,750811311,750811266,0,0,44
377,0,752813548,752813500,0,0,48
378,0,754816579,754816573,0,0,5
379,0,756819595,756819557,0,0,38
380,0,758821320,758821348,0,0,-28
381,0,760823069,760823103,0,0,-33
382,0,762824831,762824869,0,0,-37
383,0,764828471,764828493,0,0,-22
384,0,766830317,766830276,0,0,41
385,0,768831590,768831518,0,0,71
386,0,770835665,770835651,0,0,13
387,0,772839130,772839080,0,0,50
388,0,774838990,774838960,0,0,29
389,0,776839925,776839900,0,0,24
390,0,778842836,778842793,0,0,43
391,0,780846425,780846368,0,0,56
392,0,782848217,782848164,0,0,53
393,0,784850069,784850083,0,0,-13
394,0,786851882,786851888,0,0,-6
395,0,788854631,788854653,0,0,-21
396,0,790857119,790857068,0,0,51
397,0,792861652,792861644,0,0,8
398,0,794862534,794862480,0,0,54
399,0,796863474,796863422,0,0,51
400,0,798865804,798865784,0,0,20
401,0,800868006,800867992,0,0,14
402,0,802869435,802869418,0,0,17
403,0,804873718,804873705,0,0,13
404,0,806874698,806874648,0,0,49
405,0,808877013,808876999,0,0,13
406,0,810879399,810879432,0,0,-33
407,0,812881862,812881896,0,0,-33
408,0,814883926,814883959,0,0,-33
409,0,816886391,816886406,0,0,-15
410,0,818888446,818888476,0,0,-30
411,0,820890339,820890292,0,0,47
412,0,822892682,822892640,0,0,41
413,0,824894352,824894305,0,0,47
414,0,826896293,826896244,0,0,49
415,0,828899810,828899793,0,0,17
416,0,830901621,830901612,0,0,8
417,0,832903879,832903837,0,0,42
418,0,834905397,834905427,0,0,-30
419,0,836908019,836907995,0,0,24
420,0,838910074,838910048,0,0,26
421,0,840912270,840912242,0,0,27
422,0,842915024,842914986,0,0,38
423,0,844917144,844917137,0,0,7
424,0,846918719,846918691,0,0,28
425,0,848921557,848921509,0,0,48
426,0,850924947,850925026,0,0,-78
427,0,852925900,852925955,0,0,-55
428,0,854928013,854928042,0,0,-29
429,0,856929429,856929394,0,0,34
430,0,858932471,858932453,0,0,17
431,0,860934429,860934478,0,0,-49
432,0,862936041,862936079,0,0,-38
433,0,864939723,864939712,0,0,11
434,0,866942048,866942078,0,0,-30
435,0,868944254,868944229,0,0,24
436,0,870945352,870945331,0,0,21
437,0,872947871,872947842,0,0,29
438,0,874949640,874949621,0,0,19
439,0,876952981,876952933,0,0,47
440,0,878955132,878955096,0,0,35
441,0,880957056,880957026,0,0,29
442,0,882958003,882957956,0,0,47
443,0,884960023,884959989,0,0,33
444,0,886962825,886962781,0,0,44
445,0,888966132,888966152,0,0,-20
446,0,890968555,890968547,0,0,7
447,0,892972246,892972256,0,0,-10
448,0,894972564,894972567,0,0,-3
449,0,896974404,896974340,0,0,64
450,0,898976418,898976360,0,0,58
451,0,900980787,900980728,0,0,59
452,0,902981539,902981487,0,0,51
453,0,904983124,904983146,0,0,-22
454,0,906984803,906984755,0,0,47
455,0,908987683,908987628,0,0,55
456,0,910989877,910989852,0,0,24
457,0,912993543,912993577,0,0,-33
458,0,914994786,914994828,0,0,-42
459,0,916996801,916996843,0,0,-42
460,0,918998913,918998899,0,0,13
461,0,921001516,921001475,0,0,41
462,0,923003853,923003829,0,0,23
463,0,925006057,925006024,0,0,33
464,0,927007939,927007902,0,0,37
465,0,929009564,929009593,0,0,-28
466,0,931012233,931012269,0,0,-35
467,0,933014598,933014637,0,0,-38
468,0,935016417,935016460,0,0,-42
469,0,937019332,937019373,0,0,-40
470,0,939022357,939022339,0,0,17
471,0,941023375,941023413,0,0,-38
472,0,943025166,943025196,0,0,-30
473,0,945028020,945027972,0,0,48
474,0,947029826,947029777,0,0,48
475,0,949032939,949032909,0,0,29
476,0,951034897,951034909,0,0,-11
477,0,953036775,953036748,0,0,26
478,0,955038427,955038369,0,0,58
479,0,957042363,957042329,0,0,33
480,0,959044200,959044182,0,0,17
481,0,961046583,961046555,0,0,27
482,0,963048438,963048411,0,0,26
483,0,965051393,965051437,0,0,-44
484,0,967052465,967052509,0,0,-44
485,0,969053689,969053714,0,0,-24
486,0,971056835,971056823,0,0,11
487,0,973059534,973059492,0,0,42
488,0,975061698,975061644,0,0,53
489,0,977063865,977063871,0,0,-5
490,0,979065842,979065857,0,0,-15
491,0,981067365,981067376,0,0,-11
492,0,983071242,983071264,0,0,-22
493,0,985073732,985073672,0,0,59
494,0,987075130,987075062,0,0,68
495,0,989076862,989076797,0,0,65
496,0,991078436,991078448,0,0,-11
497,0,993082773,993082806,0,0,-33
498,0,995083844,995083851,0,0,-7
499,0,997087042,997087008,0,0,33
500,0,999088496,999088466,0,0,29
501,0,1001090431,1001090387,0,0,43
502,0,1003093150,1003093115,0,0,34
503,0,1005094946,1005094896,0,0,49
504,0,1007096949,1007096921,0,0,28
505,0,1009098533,1009098518,0,0,15
506,0,1011101802,1011101770,0,0,32
507,0,1013103523,1013103488,0,0,35
508,0,1015104833,1015104806,0,0,26
509,0,1017107356,1017107334,0,0,21
510,0,1019111139,1019111110,0,0,29
511,0,1021113193,1021113157,0,0,35
512,0,1023115555,1023115507,0,0,47
513,0,1025117740,1025117701,0,0,38
514,0,1027119015,1027119023,0,0,-8
515,0,1029120685,1029120701,0,0,-16
516,0,1031125582,1031125588,0,0,-6
517,0,1033126158,1033126186,0,0,-27
518,0,1035127562,1035127574,0,0,-11
519,0,1037130696,1037130651,0,0,44
520,0,1039132858,1039132811,0,0,46
521,0,1041135738,1041135721,0,0,17
522,0,1043137910,1043137884,0,0,26
523,0,1045139633,1045139662,0,0,-29
524,0,1047141811,1047141771,0,0,39
525,0,1049143860,1049143825,0,0,35
526,0,1051146053,1051146035,0,0,17
527,0,1053148255,1053148250,0,0,4
528,0,1055149688,1055149649,0,0,39
529,0,1057153510,1057153525,0,0,-15
530,0,1059155000,1059155007,0,0,-7
531,0,1061157097,1061157056,0,0,41
532,0,1063159330,1063159271,0,0,58
533,0,1065160684,1065160629,0,0,54
534,0,1067164019,1067163968,0,0,51
535,0,1069166380,1069166334,0,0,46
536,0,1071168566,1071168526,0,0,39
537,0,1073170471,1073170425,0,0,45
538,0,1075171898,1075171852,0,0,46
539,0,1077174989,1077174931,0,0,58
540,0,1079177766,1079177777,0,0,-11
541,0,1081180253,1081180246,0,0,6
542,0,1083181876,1083181892,0,0,-15
543,0,1085184711,1085184662,0,0,49
544,0,1087186208,1087186179,0,0,28
545,0,1089188053,1089188045,0,0,8
546,0,1091190302,1091190280,0,0,22
547,0,1093194970,1093194956,0,0,14
548,0,1095197131,1095197173,0,0,-42
549,0,1097197427,1097197451,0,0,-24
550,0,1099199481,1099199575,0,0,-93
551,0,1101201429,1101201401,0,0,28
552,0,1103203051,1103203020,0,0,31
553,0,1105206400,1105206370,0,0,29
554,0,1107208667,1107208626,0,0,41
555,0,1109210375,1109210340,0,0,34
556,0,1111211619,1111211569,0,0,49
557,0,1113214186,1113214171,0,0,15
558,0,1115217581,1115217566,0,0,15
559,0,1117219476,1117219512,0,0,-36
560,0,1119221969,1119222014,0,0,-44
561,0,1121224026,1121224055,0,0,-28
562,0,1123226323,1123226309,0,0,14
563,0,1125228498,1125228471,0,0,26
564,0,1127231103,1127231061,0,0,42
565,0,1129233572,1129233537,0,0,35
566,0,1131235308,1131235339,0,0,-31
567,0,1133237143,1133237166,0,0,-22
568,0,1135239049,1135239012,0,0,36
569,0,1137241689,1137241685,0,0,4
570,0,1139243296,1139243259,0,0,37
571,0,1141246556,1141246532,0,0,23
572,0,1143248539,1143248571,0,0,-31
573,0,1145250784,1145250826,0,0,-42
574,0,1147252917,1147252946,0,0,-29
575,0,1149255483,1149255525,0,0,-42
576,0,1151257184,1151257195,0,0,-11
577,0,1153258958,1153258990,0,0,-31
578,0,1155261734,1155261784,0,0,-50
579,0,1157263965,1157264000,0,0,-34
580,0,1159266293,1159266325,0,0,-31
581,0,1161268733,1161268725,0,0,8
582,0,1163271355,1163271337,0,0,18
583,0,1165273168,1165273141,0,0,27
584,0,1167275290,1167275329,0,0,-38
585,0,1169276857,1169276901,0,0,-43
586,0,1171278755,1171278797,0,0,-42
587,0,1173281739,1173281755,0,0,-16
588,0,1175284233,1175284253,0,0,-20
589,0,1177286793,1177286827,0,0,-34
590,0,1179288615,1179288570,0,0,45
591,0,1181290492,1181290458,0,0,33
592,0,1183292040,1183292019,0,0,21
593,0,1185294875,1185294849,0,0,26
594,0,1187296659,1187296642,0,0,16
595,0,1189300004,1189299970,0,0,33
596,0,1191303239,1191303213,0,0,25
597,0,1193305504,1193305539,0,0,-34
598,0,1195306965,1195307016,0,0,-51
599,0,1197308459,1197308441,0,0,17
600,0,1199311299,1199311278,0,0,21
601,0,1201313686,1201313659,0,0,26
602,0,1203315768,1203315746,0,0,22
603,0,1205317328,1205317308,0,0,19
604,0,1207319688,1207319663,0,0,24
605,0,1209321451,1209321446,0,0,4
606,0,1211323483,1211323519,0,0,-35
607,0,1213327615,1213327591,0,0,23
608,0,1215329833,1215329784,0,0,49
609,0,1217330876,1217330798,0,0,77
610,0,1219333053,1219332988,0,0,65
611,0,1221335350,1221335366,0,0,-15
612,0,1223338721,1223338664,0,0,56
613,0,1225340097,1225340028,0,0,69
614,0,1227341970,1227341921,0,0,49
615,0,1229344536,1229344480,0,0,55
616,0,1231346375,1231346333,0,0,41
617,0,1233348298,1233348305,0,0,-7
618,0,1235350014,1235350049,0,0,-35
619,0,1237353258,1237353283,0,0,-24
620,0,1239355452,1239355424,0,0,27
621,0,1241357623,1241357569,0,0,53
622,0,1243358922,1243358886,0,0,35
623,0,1245361889,1245361844,0,0,44
624,0,1247364229,1247364211,0,0,17
625,0,1249367513,1249367487,0,0,26
626,0,1251369908,1251369865,0,0,43
627,0,1253370651,1253370609,0,0,41
628,0,1255373922,1255373914,0,0,8
629,0,1257374278,1257374255,0,0,23
630,0,1259377719,1259377679,0,0,39
631,0,1261380029,1261380071,0,0,-42
632,0,1263382133,1263382100,0,0,33
633,0,1265383805,1265383774,0,0,31
634,0,1267384963,1267384916,0,0,47
635,0,1269388458,1269388480,0,0,-21
636,0,1271390979,1271391015,0,0,-35
637,0,1273393340,1273393366,0,0,-26
638,0,1275395768,1275395791,0,0,-23
639,0,1277398483,1277398445,0,0,37
640,0,1279401079,1279401065,0,0,13
641,0,1281402163,1281402137,0,0,25
642,0,1283404633,1283404598,0,0,34
643,0,1285406880,1285406862,0,0,17
644,0,1287409994,1287409966,0,0,27
645,0,1289410687,1289410658,0,0,28
646,0,1291412355,1291412349,0,0,6
647,0,1293416560,1293416595,0,0,-35
648,0,1295417428,1295417446,0,0,-17
649,0,1297419371,1297419402,0,0,-30
650,0,1299422542,1299422552,0,0,-10
651,0,1301424400,1301424359,0,0,41
652,0,1303426732,1303426698,0,0,34
653,0,1305428426,1305428452,0,0,-25
654,0,1307429790,1307429808,0,0,-17
655,0,1309433613,1309433563,0,0,50
656,0,1311435755,1311435717,0,0,38
657,0,1313437429,1313437386,0,0,42
658,0,1315439022,1315438984,0,0,37
659,0,1317442020,1317441993,0,0,27
660,0,1319445613,1319445635,0,0,-22
661,0,1321446480,1321446494,0,0,-13
662,0,1323449261,1323449280,0,0,-18
663,0,1325450732,1325450697,0,0,35
664,0,1327452188,1327452126,0,0,61
665,0,1329455394,1329455354,0,0,40
666,0,1331457895,1331457857,0,0,38
667,0,1333460151,1333460114,0,0,36
668,0,1335461903,1335461846,0,0,56
669,0,1337463232,1337463240,0,0,-7
670,0,1339466643,1339466613,0,0,29
671,0,1341468966,1341468931,0,0,35
672,0,1343471388,1343471411,0,0,-23
673,0,1345473692,1345473705,0,0,-13
674,0,1347475602,1347475624,0,0,-21
675,0,1349477305,1349477258,0,0,47
676,0,1351480111,1351480065,0,0,45
677,0,1353481959,1353481921,0,0,38
678,0,1355483380,1355483338,0,0,42
679,0,1357487125,1357487093,0,0,31
680,0,1359488729,1359488695,0,0,33
681,0,1361490907,1361490921,0,0,-13
682,0,1363493304,1363493276,0,0,28
683,0,1365495516,1365495533,0,0,-16
684,0,1367497532,1367497561,0,0,-29
685,0,1369499485,1369499510,0,0,-25
686,0,1371502504,1371502519,0,0,-14
687,0,1373503723,1373503669,0,0,53
688,0,1375505708,1375505735,0,0,-26
689,0,1377508542,1377508573,0,0,-30
690,0,1379510345,1379510304,0,0,40
691,0,1381513432,1381513394,0,0,38
692,0,1383516905,1383516948,0,0,-42
693,0,1385517418,1385517428,0,0,-9
694,0,1387518951,1387518963,0,0,-11
695,0,1389522197,1389522173,0,0,23
696,0,1391524425,1391524452,0,0,-26
697,0,1393528373,1393528395,0,0,-22
698,0,1395529101,1395529074,0,0,26
699,0,1397531130,1397531144,0,0,-14
700,0,1399533276,1399533242,0,0,34
701,0,1401535576,1401535536,0,0,40
702,0,1403537931,1403537939,0,0,-8
703,0,1405541006,1405540998,0,0,8
704,0,1407543278,1407543242,0,0,35
705,0,1409543988,1409543959,0,0,28
706,0,1411545966,1411545919,0,0,46
707,0,1413548984,1413548961,0,0,22
708,0,1415551057,1415551028,0,0,29
709,0,1417553328,1417553314,0,0,13
710,0,1419556161,1419556141,0,0,20
711,0,1421557853,1421557818,0,0,34
712,0,1423559719,1423559671,0,0,47
713,0,1425560870,1425560844,0,0,25
714,0,1427563839,1427563815,0,0,23
715,0,1429567247,1429567235,0,0,11
716,0,1431569541,1431569510,0,0,31
717,0,1433571060,1433570793,0,0,267
718,0,1435572650,1435572680,0,0,-30
719,0,1437575739,1437575783,0,0,-44
720,0,1439577588,1439577602,0,0,-13
721,0,1441579306,1441579323,0,0,-17
722,0,1443582503,1443582464,0,0,39
723,0,1445584429,1445584395,0,0,33
724,0,1447586607,1447586552,0,0,54
725,0,1449588624,1449588659,0,0,-34
726,0,1451590496,1451590453,0,0,42
727,0,1453593688,1453593641,0,0,47
728,0,1455596112,1455596070,0,0,41
729,0,1457597820,1457597853,0,0,-32
730,0,1459600157,1459600212,0,0,-55
731,0,1461602052,1461602090,0,0,-38
732,0,1463604083,1463604069,0,0,14
733,0,1465606673,1465606659,0,0,13
734,0,1467609202,1467609179,0,0,23
735,0,1469611541,1469611519,0,0,21
736,0,1471613105,1471613119,0,0,-13
737,0,1473614382,1473614405,0,0,-22
738,0,1475617066,1475617078,0,0,-11
739,0,1477620435,1477620391,0,0,44
740,0,1479622694,1479622639,0,0,54
741,0,1481625322,1481625270,0,0,51
742,0,1483625456,1483625486,0,0,-29
743,0,1485627777,1485627802,0,0,-24
744,0,1487631094,1487631107,0,0,-13
745,0,1489633815,1489633770,0,0,44
746,0,1491635982,1491635937,0,0,44
747,0,1493639518,1493639476,0,0,42
748,0,1495639788,1495639746,0,0,41
749,0,1497641201,1497641168,0,0,33
750,0,1499643849,1499643857,0,0,-8
751,0,1501647165,1501647135,0,0,29
752,0,1503649467,1503649414,0,0,53
753,0,1505651539,1505651489,0,0,49
754,0,1507653114,1507653078,0,0,35
755,0,1509654629,1509654591,0,0,38
756,0,1511657816,1511657764,0,0,51
757,0,1513660241,1513660207,0,0,33
758,0,1515662880,1515662818,0,0,62
759,0,1517664617,1517664568,0,0,49
760,0,1519666591,1519666521,0,0,69
761,0,1521667910,1521667928,0,0,-17
762,0,1523671511,1523671525,0,0,-13
763,0,1525673653,1525673660,0,0,-6
764,0,1527675909,1527675860,0,0,49
765,0,1529677963,1529677901,0,0,62
766,0,1531680182,1531680145,0,0,37
767,0,1533682982,1533682930,0,0,51
768,0,1535684521,1535684483,0,0,37
769,0,1537687795,1537687755,0,0,40
770,0,1539689885,1539689833,0,0,51
771,0,1541689795,1541689737,0,0,58
772,0,1543692400,1543692362,0,0,38
773,0,1545695224,1545695186,0,0,38
774,0,1547697233,1547697249,0,0,-15
775,0,1549700795,1549700801,0,0,-5
776,0,1551702411,1551702387,0,0,23
777,0,1553704633,1553704605,0,0,28
778,0,1555706588,1555706553,0,0,35
779,0,1557707898,1557707869,0,0,28
780,0,1559710020,1559709998,0,0,21
781,0,1561712914,1561712862,0,0,51
782,0,1563715756,1563715726,0,0,29
783,0,1565717495,1565717440,0,0,54
784,0,1567719454,1567719400,0,0,53
785,0,1569722060,1569722022,0,0,37
786,0,1571723901,1571723931,0,0,-30
787,0,1573726743,1573726769,0,0,-25
788,0,1575729393,1575729429,0,0,-36
789,0,1577731955,1577731921,0,0,33
790,0,1579732660,1579732625,0,0,35
791,0,1581735771,1581735730,0,0,41
792,0,1583738069,1583738034,0,0,34
793,0,1585740457,1585740479,0,0,-22
794,0,1587742395,1587742427,0,0,-31
795,0,1589744686,1589744662,0,0,23
796,0,1591746634,1591746611,0,0,22
797,0,1593749936,1593749907,0,0,29
798,0,1595751885,1595751844,0,0,40
799,0,1597755121,1597755076,0,0,44
800,0,1599757211,1599757141,0,0,69
801,0,1601758414,1601758382,0,0,31
802,0,1603759919,1603759874,0,0,44
803,0,1605761445,1605761397,0,0,48
804,0,1607764957,1607764915,0,0,42
805,0,1609768258,1609768287,0,0,-29
806,0,1611768953,1611768967,0,0,-13
807,0,1613770166,1613770173,0,0,-7
808,0,1615773422,1615773410,0,0,11
809,0,1617774792,1617774746,0,0,46
810,0,1619777331,1619777294,0,0,37
811,0,1621780343,1621780371,0,0,-27
812,0,1623782823,1623782833,0,0,-9
813,0,1625784559,1625784585,0,0,-26
814,0,1627785936,1627785896,0,0,39
815,0,1629789148,1629789107,0,0,40
816,0,1631791398,1631791375,0,0,23
817,0,1633793708,1633793671,0,0,37
818,0,1635796589,1635796621,0,0,-31
819,0,1637797982,1637798011,0,0,-28
820,0,1639800491,1639800458,0,0,33
821,0,1641803538,1641803516,0,0,21
822,0,1643804648,1643804612,0,0,35
823,0,1645807117,1645807082,0,0,35
824,0,1647809240,1647809272,0,0,-31
825,0,1649811116,1649811152,0,0,-35
826,0,1651812655,1651812620,0,0,34
827,0,1653816461,1653816438,0,0,22
828,0,1655818299,1655818283,0,0,16
829,0,1657821177,1657821159,0,0,18
830,0,1659822547,1659822534,0,0,13
831,0,1661824372,1661824405,0,0,-33
832,0,1663826229,1663826281,0,0,-52
833,0,1665829157,1665829148,0,0,8
834,0,1667831983,1667831958,0,0,24
835,0,1669834115,1669834106,0,0,8
836,0,1671835851,1671835817,0,0,33
837,0,1673838770,1673838743,0,0,27
838,0,1675839496,1675839474,0,0,22
839,0,1677842615,1677842602,0,0,13
840,0,1679844728,1679844722,0,0,5
841,0,1681846092,1681846084,0,0,8
842,0,1683849169,1683849150,0,0,19
843,0,1685851375,1685851415,0,0,-39
844,0,1687853544,1687853582,0,0,-38
845,0,1689855555,1689855603,0,0,-48
846,0,1691857267,1691857321,0,0,-53
847,0,1693861521,1693861495,0,0,26
848,0,1695862727,1695862694,0,0,32
849,0,1697864438,1697864414,0,0,23
850,0,1699865912,1699865941,0,0,-29
851,0,1701868846,1701868888,0,0,-42
852,0,1703870496,1703870473,0,0,22
853,0,1705874188,1705874175,0,0,13
854,0,1707876221,1707876208,0,0,13
855,0,1709878283,1709878269,0,0,14
856,0,1711880429,1711880370,0,0,58
857,0,1713882723,1713882735,0,0,-11
858,0,1715884792,1715884759,0,0,33
859,0,1717887421,1717887361,0,0,59
860,0,1719889654,1719889617,0,0,37
861,0,1721891128,1721891075,0,0,53
862,0,1723892474,1723892414,0,0,59
863,0,1725895496,1725895449,0,0,47
864,0,1727898445,1727898410,0,0,35
865,0,1729900816,1729900757,0,0,59
866,0,1731902768,1731902750,0,0,17
867,0,1733904504,1733904469,0,0,34
868,0,1735906024,1735906055,0,0,-30
869,0,1737909089,1737909098,0,0,-8
870,0,1739911094,1739911116,0,0,-22
871,0,1741914272,1741914239,0,0,33
872,0,1743916047,1743916012,0,0,34
873,0,1745918523,1745918503,0,0,20
874,0,1747920449,1747920413,0,0,35
875,0,1749922889,1749922848,0,0,41
876,0,1751924877,1751924855,0,0,22
877,0,1753927306,1753927270,0,0,35
878,0,1755928676,1755928634,0,0,41
879,0,1757931815,1757931766,0,0,49
880,0,1759934081,1759934053,0,0,28
881,0,1761935649,1761935643,0,0,6
882,0,1763937159,1763937105,0,0,53
883,0,1765940978,1765940929,0,0,49
884,0,1767943056,1767943011,0,0,44
885,0,1769944695,1769944705,0,0,-10
886,0,1771946874,1771946836,0,0,38
887,0,1773948475,1773948429,0,0,46
888,0,1775951662,1775951669,0,0,-6
889,0,1777953024,1777953030,0,0,-6
890,0,1779956464,1779956498,0,0,-34
891,0,1781958385,1781958399,0,0,-13
892,0,1783960610,1783960551,0,0,58
893,0,1785962534,1785962479,0,0,55
894,0,1787964274,1787964237,0,0,36
895,0,1789967800,1789967828,0,0,-28
896,0,1791969638,1791969677,0,0,-38
897,0,1793972344,1793972307,0,0,36
898,0,1795972729,1795972689,0,0,39
899,0,1797975820,1797975808,0,0,11
900,0,1799977319,1799977283,0,0,35
901,0,1801980728,1801980683,0,0,44
902,0,1803983484,1803983447,0,0,36
903,0,1805983783,1805983743,0,0,39
904,0,1807987231,1807987197,0,0,34
905,0,1809989213,1809989157,0,0,56
906,0,1811991022,1811990977,0,0,44
907,0,1813994546,1813994498,0,0,47
908,0,1815995992,1815996001,0,0,-8
909,0,1817997915,1817997901,0,0,13
910,0,1819999613,1819999574,0,0,39
911,0,1822002396,1822002355,0,0,41
912,0,1824003986,1824004005,0,0,-19
913,0,1826007503,1826007543,0,0,-40
914,0,1828009361,1828009402,0,0,-40
915,0,1830011566,1830011600,0,0,-33
916,0,1832013485,1832013449,0,0,35
917,0,1834015924,1834015905,0,0,18
918,0,1836018370,1836018343,0,0,27
919,0,1838021125,1838021078,0,0,47
920,0,1840023160,1840023200,0,0,-39
921,0,1842025463,1842025500,0,0,-36
922,0,1844027156,1844027192,0,0,-35
923,0,1846029219,1846029181,0,0,38
924,0,1848030522,1848030487,0,0,35
925,0,1850032728,1850032685,0,0,43
926,0,1852035542,1852035606,0,0,-63
927,0,1854039011,1854039040,0,0,-29
928,0,1856041119,1856041130,0,0,-11
929,0,1858042821,1858042795,0,0,25
930,0,1860045121,1860045086,0,0,35
931,0,1862047559,1862047547,0,0,11
932,0,1864049861,1864049823,0,0,38
933,0,1866051521,1866051537,0,0,-15
934,0,1868053817,1868053842,0,0,-25
935,0,1870055849,1870055813,0,0,36
936,0,1872057083,1872057057,0,0,25
937,0,1874060005,1874059961,0,0,43
938,0,1876063062,1876063088,0,0,-25
939,0,1878064909,1878064874,0,0,34
940,0,1880067322,1880067291,0,0,31
941,0,1882069287,1882069250,0,0,36
942,0,1884070622,1884070578,0,0,43
943,0,1886074328,1886074282,0,0,45
944,0,1888076615,1888076645,0,0,-30
945,0,1890078505,1890078463,0,0,41
946,0,1892080693,1892080702,0,0,-8
947,0,1894084064,1894084078,0,0,-13
948,0,1896085148,1896085166,0,0,-18
949,0,1898087950,1898087984,0,0,-33
950,0,1900090921,1900090932,0,0,-11
951,0,1902091163,1902091197,0,0,-33
952,0,1904093136,1904093123,0,0,12
953,0,1906096311,1906096301,0,0,10
954,0,1908098712,1908098635,0,0,76
955,0,1910101058,1910101013,0,0,44
956,0,1912103048,1912102996,0,0,51
957,0,1914104750,1914104764,0,0,-13
958,0,1916106298,1916106308,0,0,-10
959,0,1918110503,1918110509,0,0,-5
960,0,1920112667,1920112603,0,0,64
961,0,1922113868,1922113802,0,0,66
962,0,1924116017,1924115964,0,0,53
963,0,1926117424,1926117413,0,0,10
964,0,1928120555,1928120546,0,0,8
965,0,1930121697,1930121687,0,0,10
966,0,1932125990,1932125931,0,0,58
967,0,1934127787,1934127778,0,0,8
968,0,1936129973,1936129964,0,0,9
969,0,1938131733,1938131716,0,0,17
970,0,1940133639,1940133656,0,0,-16
971,0,1942135164,1942135152,0,0,11
972,0,1944139173,1944139216,0,0,-42
973,0,1946140860,1946140909,0,0,-49
974,0,1948142853,1948142828,0,0,25
975,0,1950144874,1950144851,0,0,23
976,0,1952146465,1952146440,0,0,24
977,0,1954149862,1954149849,0,0,13
978,0,1956152061,1956152042,0,0,19
979,0,1958154610,1958154582,0,0,27
980,0,1960156325,1960156292,0,0,33
981,0,1962158467,1962158449,0,0,17
982,0,1964161602,1964161574,0,0,28
983,0,1966163501,1966163482,0,0,18
984,0,1968165168,1968165194,0,0,-26
985,0,1970167708,1970167716,0,0,-8
986,0,1972169849,1972169879,0,0,-30
987,0,1974172190,1974172212,0,0,-22
988,0,1976174200,1976174155,0,0,44
989,0,1978175853,1978175865,0,0,-12
990,0,1980178060,1980178075,0,0,-15
991,0,1982180658,1982180674,0,0,-15
992,0,1984183423,1984183440,0,0,-16
993,0,1986185201,1986185162,0,0,38
994,0,1988187505,1988187455,0,0,50
995,0,1990189341,1990189347,0,0,-5
996,0,1992190631,1992190638,0,0,-6
997,0,1994194631,1994194656,0,0,-25
998,0,1996197558,1996197499,0,0,58
999,0,1998198882,1998198826,0,0,56
1000,0,2000200974,2000200923,0,0,51
1001,0,2002203135,2002203102,0,0,33
1002,0,2004205225,2004205247,0,0,-21
1003,0,2006207793,2006207818,0,0,-25
1004,0,2008210078,2008210040,0,0,38
1005,0,2010211292,2010211251,0,0,41
1006,0,2012213651,2012213609,0,0,41
1007,0,2014216244,2014216213,0,0,31
1008,0,2016218527,2016218489,0,0,37
1009,0,2018220972,2018220957,0,0,14
1010,0,2020223210,2020223172,0,0,38
1011,0,2022225364,2022225314,0,0,49
1012,0,2024226976,2024226949,0,0,26
1013,0,2026228544,2026228506,0,0,38
1014,0,2028233321,2028233353,0,0,-32
1015,0,2030234281,2030234242,0,0,38
1016,0,2032236423,2032236457,0,0,-33
1017,0,2034238637,2034238609,0,0,27
1018,0,2036240941,2036240905,0,0,35
1019,0,2038242782,2038242749,0,0,32
1020,0,2040244345,2040244300,0,0,44
1021,0,2042247668,2042247695,0,0,-26
1022,0,2044249686,2044249681,0,0,4
1023,0,2046252472,2046252508,0,0,-35
1024,0,2048254983,2048255017,0,0,-33
1025,0,2050256190,2050256222,0,0,-32
1026,0,2052257577,2052257608,0,0,-31
1027,0,2054261214,2054261234,0,0,-20
1028,0,2056262821,2056262853,0,0,-32
1029,0,2058264208,2058264222,0,0,-13
1030,0,2060267878,2060267910,0,0,-31
1031,0,2062269511,2062269479,0,0,31
1032,0,2064270880,2064270863,0,0,17
1033,0,2066274616,2066274596,0,0,20
1034,0,2068276555,2068276583,0,0,-28
1035,0,2070278463,2070278494,0,0,-31
1036,0,2072281068,2072281098,0,0,-30
1037,0,2074282665,2074282650,0,0,15
1038,0,2076284521,2076284476,0,0,44
1039,0,2078287750,2078287729,0,0,21
1040,0,2080289676,2080289638,0,0,38
1041,0,2082291838,2082291802,0,0,35
1042,0,2084293462,2084293416,0,0,45
1043,0,2086296141,2086296092,0,0,49
1044,0,2088297617,2088297566,0,0,51
1045,0,2090301087,2090301107,0,0,-19
1046,0,2092304085,2092304047,0,0,38
1047,0,2094307250,2094307218,0,0,31
1048,0,2096307620,2096307596,0,0,23
1049,0,2098309740,2098309698,0,0,41
1050,0,2100312112,2100312087,0,0,25
1051,0,2102314214,2102314164,0,0,49
1052,0,2104316774,2104316730,0,0,44
1053,0,2106318199,2106318232,0,0,-33
1054,0,2108319895,2108319922,0,0,-26
1055,0,2110323581,2110323543,0,0,38
1056,0,2112325042,2112325004,0,0,38
1057,0,2114327233,2114327217,0,0,15
1058,0,2116329966,2116329994,0,0,-27
1059,0,2118331889,2118331914,0,0,-24
1060,0,2120333066,2120333085,0,0,-18
1061,0,2122334827,2122334810,0,0,17
1062,0,2124337563,2124337545,0,0,17
1063,0,2126342326,2126342298,0,0,28
1064,0,2128343167,2128343149,0,0,17
1065,0,2130345321,2130345361,0,0,-40
1066,0,2132347495,2132347514,0,0,-18
1067,0,2134349848,2134349879,0,0,-31
1068,0,2136351940,2136351954,0,0,-13
1069,0,2138353389,2138353367,0,0,22
1070,0,2140356703,2140356665,0,0,38
1071,0,2142358563,2142358585,0,0,-22
1072,0,2144360476,2144360501,0,0,-25
1073,0,2146362120,2146362146,0,0,-26
1074,0,2148364398,2148364424,0,0,-26
1075,0,2150367853,2150367809,0,0,43
1076,0,2152370137,2152370117,0,0,20
1077,0,2154371620,2154371591,0,0,29
1078,0,2156373029,2156373002,0,0,26
1079,0,2158375887,2158375907,0,0,-19
1080,0,2160378006,2160378033,0,0,-26
1081,0,2162381444,2162381415,0,0,29
1082,0,2164383203,2164383168,0,0,35
1083,0,2166385254,2166385217,0,0,37
1084,0,2168386377,2168386337,0,0,40
1085,0,2170388384,2170388359,0,0,24
1086,0,2172391438,2172391467,0,0,-29
1087,0,2174395396,2174395357,0,0,39
1088,0,2176397388,2176397350,0,0,37
1089,0,2178397537,2178397510,0,0,26
1090,0,2180399712,2180399703,0,0,9
1091,0,2182401615,2182401684,0,0,-68
1092,0,2184404501,2184404561,0,0,-60
1093,0,2186407753,2186407745,0,0,8
1094,0,2188409853,2188409907,0,0,-53
1095,0,2190412963,2190412930,0,0,33
1096,0,2192414121,2192414132,0,0,-10
1097,0,2194416525,2194416539,0,0,-14
1098,0,2196417928,2196417948,0,0,-20
1099,0,2198421344,2198421358,0,0,-13
1100,0,2200423492,2200423512,0,0,-20
1101,0,2202425139,2202425161,0,0,-22
1102,0,2204426269,2204426235,0,0,34
1103,0,2206428835,2206428867,0,0,-31
1104,0,2208432026,2208432058,0,0,-31
1105,0,2210434996,2210435042,0,0,-45
1106,0,2212436588,2212436606,0,0,-17
1107,0,2214438829,2214438871,0,0,-42
1108,0,2216440864,2216440824,0,0,39
1109,0,2218442352,2218442317,0,0,35
1110,0,2220446023,2220445998,0,0,24
1111,0,2222449042,2222449079,0,0,-36
1112,0,2224449842,2224449828,0,0,14
1113,0,2226452066,2226452052,0,0,13
1114,0,2228454308,2228454276,0,0,31
1115,0,2230456289,2230456323,0,0,-33
1116,0,2232457831,2232457882,0,0,-50
1117,0,2234461412,2234461437,0,0,-24
1118,0,2236463394,2236463426,0,0,-31
1119,0,2238465965,2238465986,0,0,-20
1120,0,2240467491,2240467467,0,0,23
1121,0,2242469213,2242469170,0,0,42
1122,0,2244472429,2244472386,0,0,43
1123,0,2246474490,2246474497,0,0,-6
1124,0,2248476510,2248476549,0,0,-38
1125,0,2250477485,2250477498,0,0,-13
1126,0,2252479818,2252479833,0,0,-15
1127,0,2254483123,2254483065,0,0,58
1128,0,2256484280,2256484272,0,0,8
1129,0,2258487124,2258487158,0,0,-33
1130,0,2260490157,2260490166,0,0,-8
1131,0,2262491745,2262491701,0,0,44
1132,0,2264492984,2264492938,0,0,46
1133,0,2266495190,2266495160,0,0,29
1134,0,2268498024,2268497979,0,0,44
1135,0,2270500970,2270500928,0,0,41
1136,0,2272503500,2272503527,0,0,-26
1137,0,2274505609,2274505636,0,0,-26
1138,0,2276507838,2276507862,0,0,-23
1139,0,2278509775,2278509792,0,0,-16
1140,0,2280511260,2280511269,0,0,-9
1141,0,2282514531,2282514557,0,0,-26
1142,0,2284516799,2284516839,0,0,-40
1143,0,2286519728,2286519742,0,0,-14
1144,0,2288521164,2288521147,0,0,16
1145,0,2290523426,2290523361,0,0,64
1146,0,2292526413,2292526385,0,0,27
1147,0,2294529485,2294529496,0,0,-10
1148,0,2296530072,2296530101,0,0,-28
1149,0,2298532230,2298532262,0,0,-32
1150,0,2300534256,2300534218,0,0,38
1151,0,2302535885,2302535844,0,0,41
1152,0,2304539444,2304539435,0,0,8
1153,0,2306541442,2306541382,0,0,60
1154,0,2308543033,2308543051,0,0,-17
1155,0,2310544406,2310544382,0,0,23
1156,0,2312546559,2312546593,0,0,-33
1157,0,2314548937,2314548905,0,0,31
1158,0,2316552389,2316552349,0,0,40
1159,0,2318555889,2318555858,0,0,31
1160,0,2320556734,2320556694,0,0,40
1161,0,2322559295,2322559240,0,0,55
1162,0,2324561261,2324561213,0,0,47
1163,0,2326563074,2326563034,0,0,40
1164,0,2328564685,2328564635,0,0,49
1165,0,2330567231,2330567190,0,0,41
1166,0,2332570383,2332570349,0,0,33
1167,0,2334571858,2334571822,0,0,35
1168,0,2336573172,2336573106,0,0,65
1169,0,2338575595,2338575586,0,0,8
1170,0,2340577990,2340577953,0,0,36
1171,0,2342581503,2342581480,0,0,22
1172,0,2344583471,2344583442,0,0,29
1173,0,2346585915,2346585860,0,0,54
1174,0,2348587986,2348587961,0,0,24
1175,0,2350590593,2350590556,0,0,36
1176,0,2352591674,2352591634,0,0,40
1177,0,2354595359,2354595329,0,0,30
1178,0,2356596588,2356596530,0,0,58
1179,0,2358598265,2358598229,0,0,35
1180,0,2360601271,2360601219,0,0,51
1181,0,2362603032,2362602972,0,0,60
1182,0,2364604793,2364604778,0,0,14
1183,0,2366609004,2366608982,0,0,21
1184,0,2368611233,2368611225,0,0,8
1185,0,2370612498,2370612521,0,0,-22
1186,0,2372614387,2372614429,0,0,-42
1187,0,2374615586,2374615623,0,0,-36
1188,0,2376618178,2376618164,0,0,13
1189,0,2378621302,2378621276,0,0,26
1190,0,2380623466,2380623451,0,0,14
1191,0,2382625278,2382625257,0,0,21
1192,0,2384628029,2384627990,0,0,38
1193,0,2386629721,2386629709,0,0,11
1194,0,2388631764,2388631806,0,0,-42
1195,0,2390634815,2390634867,0,0,-51
1196,0,2392637350,2392637377,0,0,-26
1197,0,2394640353,2394640342,0,0,11
1198,0,2396640056,2396640089,0,0,-33
1199,0,2398642223,2398642265,0,0,-42
1200,0,2400644626,2400644598,0,0,28
1201,0,2402648183,2402648135,0,0,47
1202,0,2404650393,2404650430,0,0,-37
1203,0,2406652000,2406652031,0,0,-31
1204,0,2408653511,2408653539,0,0,-28
1205,0,2410656773,2410656815,0,0,-42
1206,0,2412659067,2412659107,0,0,-40
1207,0,2414661591,2414661567,0,0,23
1208,0,2416664788,2416664744,0,0,43
1209,0,2418665338,2418665377,0,0,-38
1210,0,2420666768,2420666793,0,0,-24
1211,0,2422669098,2422669079,0,0,18
1212,0,2424672218,2424672193,0,0,24
1213,0,2426673804,2426673838,0,0,-34
1214,0,2428677178,2428677231,0,0,-52
1215,0,2430679185,2430679214,0,0,-29
1216,0,2432681331,2432681378,0,0,-47
1217,0,2434683701,2434683664,0,0,36
1218,0,2436686078,2436686099,0,0,-20
1219,0,2438688251,2438688278,0,0,-27
1220,0,2440690415,2440690447,0,0,-32
1221,0,2442692019,2442691999,0,0,20
1222,0,2444694573,2444694549,0,0,23
1223,0,2446698121,2446698102,0,0,19
1224,0,2448700321,2448700288,0,0,32
1225,0,2450701687,2450701664,0,0,22
1226,0,2452704306,2452704272,0,0,33
1227,0,2454706328,2454706312,0,0,15
1228,0,2456707809,2456707795,0,0,13
1229,0,2458709012,2458708999,0,0,13
1230,0,2460711923,2460711878,0,0,44
1231,0,2462715312,2462715265,0,0,47
1232,0,2464717037,2464717069,0,0,-31
1233,0,2466719352,2466719386,0,0,-34
1234,0,2468721126,2468721103,0,0,23
1235,0,2470722654,2470722631,0,0,23
1236,0,2472726021,2472725989,0,0,31
1237,0,2474728165,2474728150,0,0,14
1238,0,2476730375,2476730341,0,0,33
1239,0,2478732476,2478732467,0,0,9
1240,0,2480735585,2480735546,0,0,39
1241,0,2482735839,2482735801,0,0,38
1242,0,2484738432,2484738395,0,0,36
1243,0,2486741937,2486741977,0,0,-39
1244,0,2488743863,2488743895,0,0,-31
1245,0,2490745509,2490745550,0,0,-40
1246,0,2492747094,2492747114,0,0,-20
1247,0,2494752206,2494752170,0,0,36
1248,0,2496752695,2496752647,0,0,48
1249,0,2498755105,2498755077,0,0,27
1250,0,2500756903,2500756873,0,0,29
1251,0,2502758683,2502758647,0,0,35
1252,0,2504760617,2504760587,0,0,29
1253,0,2506763415,2506763443,0,0,-28
1254,0,2508764963,2508764943,0,0,19
1255,0,2510768572,2510768546,0,0,26
1256,0,2512771624,2512771577,0,0,46
1257,0,2514772283,2514772300,0,0,-16
1258,0,2516773570,2516773546,0,0,24
1259,0,2518776080,2518776043,0,0,36
1260,0,2520778956,2520778919,0,0,37
1261,0,2522780111,2522780056,0,0,54
1262,0,2524782847,2524782822,0,0,24
1263,0,2526785930,2526785900,0,0,29
1264,0,2528788176,2528788127,0,0,49
1265,0,2530790013,2530790013,0,0,0
1266,0,2532791637,2532791589,0,0,47
1267,0,2534795113,2534795096,0,0,17
1268,0,2536797979,2536798025,0,0,-46
1269,0,2538799059,2538799097,0,0,-38
1270,0,2540800410,2540800433,0,0,-22
1271,0,2542803932,2542803946,0,0,-13
1272,0,2544807018,2544806971,0,0,47
1273,0,2546808631,2546808584,0,0,47
1274,0,2548810255,2548810182,0,0,72
1275,0,2550811635,2550811604,0,0,31
1276,0,2552814939,2552814879,0,0,60
1277,0,2554817008,2554816959,0,0,49
1278,0,2556819632,2556819573,0,0,59
1279,0,2558822914,2558822856,0,0,57
1280,0,2560825213,2560825177,0,0,35
1281,0,2562826345,2562826292,0,0,53
1282,0,2564827770,2564827716,0,0,53
1283,0,2566828995,2566828950,0,0,44
1284,0,2568831802,2568831746,0,0,56
1285,0,2570835155,2570835092,0,0,63
1286,0,2572837202,2572837146,0,0,56
1287,0,2574839256,2574839272,0,0,-16
1288,0,2576841314,2576841328,0,0,-13
1289,0,2578843008,2578842971,0,0,37
1290,0,2580845943,2580845950,0,0,-6
1291,0,2582848627,2582848653,0,0,-25
1292,0,2584850366,2584850382,0,0,-16
1293,0,2586852415,2586852442,0,0,-26
1294,0,2588854296,2588854327,0,0,-31
1295,0,2590857177,2590857141,0,0,35
1296,0,2592859105,2592859061,0,0,43
1297,0,2594862338,2594862304,0,0,33
1298,0,2596864339,2596864330,0,0,9
1299,0,2598865916,2598865868,0,0,47
1300,0,2600867937,2600867948,0,0,-11
1301,0,2602869426,2602869438,0,0,-11
1302,0,2604872977,2604872920,0,0,57
1303,0,2606874865,2606874838,0,0,26
1304,0,2608877974,2608877936,0,0,38
1305,0,2610877850,2610877804,0,0,45
1306,0,2612880564,2612880519,0,0,45
1307,0,2614883713,2614883735,0,0,-22
1308,0,2616885813,2616885836,0,0,-22
1309,0,2618887309,2618887335,0,0,-26
1310,0,2620890424,2620890388,0,0,36
1311,0,2622892552,2622892542,0,0,9
1312,0,2624895381,2624895331,0,0,49
1313,0,2626897782,2626897760,0,0,21
1314,0,2628899451,2628899426,0,0,24
1315,0,2630902139,2630902110,0,0,29
1316,0,2632904297,2632904272,0,0,24
1317,0,2634905793,2634905776,0,0,17
1318,0,2636907186,2636907152,0,0,34
1319,0,2638910113,2638910140,0,0,-26
1320,0,2640912391,2640912366,0,0,24
1321,0,2642914046,2642914020,0,0,26
1322,0,2644917417,2644917404,0,0,13
1323,0,2646919199,2646919162,0,0,36
1324,0,2648921294,2648921274,0,0,20
1325,0,2650923669,2650923642,0,0,26
1326,0,2652924781,2652924741,0,0,39
1327,0,2654927644,2654927634,0,0,9
1328,0,2656930753,2656930764,0,0,-10
1329,0,2658932606,2658932598,0,0,7
1330,0,2660934629,2660934608,0,0,20
1331,0,2662936215,2662936184,0,0,31
1332,0,2664939162,2664939217,0,0,-55
1333,0,2666940994,2666941050,0,0,-56
1334,0,2668943990,2668944047,0,0,-56
1335,0,2670945744,2670945721,0,0,23
1336,0,2672949346,2672949323,0,0,23
1337,0,2674951193,2674951179,0,0,13
1338,0,2676953350,2676953319,0,0,31
1339,0,2678955269,2678955250,0,0,19
1340,0,2680957530,2680957496,0,0,34
1341,0,2682959422,2682959396,0,0,25
1342,0,2684962073,2684962047,0,0,25
1343,0,2686964550,2686964537,0,0,13
1344,0,2688966959,2688967008,0,0,-48
1345,0,2690969008,2690969047,0,0,-38
1346,0,2692970543,2692970586,0,0,-42
1347,0,2694974328,2694974382,0,0,-53
1348,0,2696975142,2696975126,0,0,15
1349,0,2698976942,2698976902,0,0,40
1350,0,2700978817,2700978794,0,0,22
1351,0,2702982181,2702982210,0,0,-29
1352,0,2704984815,2704984851,0,0,-36
1353,0,2706986054,2706986071,0,0,-16
1354,0,2708988471,2708988525,0,0,-53
1355,0,2710990784,2710990753,0,0,30
1356,0,2712992742,2712992728,0,0,13
1357,0,2714995334,2714995280,0,0,53
1358,0,2716997216,2716997179,0,0,37
1359,0,2718999150,2718999116,0,0,33
1360,0,2721000959,2721001010,0,0,-51
1361,0,2723003406,2723003366,0,0,40
1362,0,2725005122,2725005095,0,0,26
1363,0,2727008905,2727008876,0,0,29
1364,0,2729010705,2729010707,0,0,-2
1365,0,2731013764,2731013800,0,0,-36
1366,0,2733016538,2733016567,0,0,-29
1367,0,2735017366,2735017348,0,0,17
1368,0,2737020551,2737020513,0,0,38
1369,0,2739021888,2739021878,0,0,10
1370,0,2741024076,2741024044,0,0,31
1371,0,2743026334,2743026383,0,0,-48
1372,0,2745028196,2745028216,0,0,-20
1373,0,2747029436,2747029465,0,0,-29
1374,0,2749032154,2749032124,0,0,29
1375,0,2751035589,2751035555,0,0,33
1376,0,2753037568,2753037534,0,0,33
1377,0,2755039629,2755039594,0,0,35
1378,0,2757041833,2757041770,0,0,63
1379,0,2759044346,2759044307,0,0,38
1380,0,2761046030,2761045996,0,0,33
1381,0,2763048055,2763048044,0,0,11
1382,0,2765050881,2765050859,0,0,22
1383,0,2767052826,2767052786,0,0,39
1384,0,2769055659,2769055615,0,0,43
1385,0,2771058162,2771058126,0,0,35
1386,0,2773058923,2773058900,0,0,23
1387,0,2775062261,2775062235,0,0,26
1388,0,2777063763,2777063707,0,0,56
1389,0,2779064853,2779064805,0,0,48
1390,0,2781067276,2781067309,0,0,-32
1391,0,2783069452,2783069473,0,0,-20
1392,0,2785072670,2785072684,0,0,-13
1393,0,2787075395,2787075338,0,0,56
1394,0,2789077555,2789077502,0,0,53
1395,0,2791079894,2791079828,0,0,66
1396,0,2793081797,2793081816,0,0,-18
1397,0,2795085177,2795085170,0,0,7
1398,0,2797086600,2797086611,0,0,-11
1399,0,2799088850,2799088813,0,0,36
1400,0,2801090943,2801090989,0,0,-45
1401,0,2803093844,2803093884,0,0,-40
1402,0,2805095059,2805095091,0,0,-31
1403,0,2807097603,2807097635,0,0,-31
1404,0,2809099501,2809099532,0,0,-30
1405,0,2811102333,2811102368,0,0,-34
1406,0,2813104170,2813104122,0,0,48
1407,0,2815107139,2815107080,0,0,59
1408,0,2817109226,2817109171,0,0,55
1409,0,2819109608,2819109570,0,0,38
1410,0,2821111901,2821111927,0,0,-25
1411,0,2823115300,2823115312,0,0,-11
1412,0,2825117770,2825117705,0,0,65
1413,0,2827119456,2827119396,0,0,59
1414,0,2829120872,2829120802,0,0,69
1415,0,2831123049,2831122981,0,0,68
1416,0,2833125961,2833126005,0,0,-44
1417,0,2835128752,2835128721,0,0,31
1418,0,2837130813,2837130763,0,0,49
1419,0,2839132911,2839132858,0,0,52
1420,0,2841135197,2841135128,0,0,69
1421,0,2843137032,2843136978,0,0,53
1422,0,2845138855,2845138801,0,0,53
1423,0,2847142472,2847142426,0,0,46
1424,0,2849144321,2849144281,0,0,40
1425,0,2851145849,2851145835,0,0,13
1426,0,2853147480,2853147466,0,0,14
1427,0,2855150777,2855150725,0,0,51
1428,0,2857153195,2857153160,0,0,35
1429,0,2859155512,2859155486,0,0,25
1430,0,2861157409,2861157368,0,0,41
1431,0,2863159376,2863159328,0,0,47
1432,0,2865160975,2865160933,0,0,41
1433,0,2867164258,2867164241,0,0,17
1434,0,2869166651,2869166609,0,0,41
1435,0,2871168705,2871168669,0,0,35
1436,0,2873170915,2873170907,0,0,7
1437,0,2875172738,2875172732,0,0,6
1438,0,2877174282,2877174314,0,0,-31
1439,0,2879178815,2879178788,0,0,27
1440,0,2881180779,2881180731,0,0,47
1441,0,2883183000,2883182984,0,0,15
1442,0,2885185125,2885185087,0,0,38
1443,0,2887186256,2887186238,0,0,17
1444,0,2889188560,2889188532,0,0,28
1445,0,2891191157,2891191117,0,0,40
1446,0,2893193713,2893193675,0,0,38
1447,0,2895196931,2895196954,0,0,-22
1448,0,2897197377,2897197389,0,0,-11
1449,0,2899199597,2899199585,0,0,11
1450,0,2901200910,2901200898,0,0,11
1451,0,2903204274,2903204231,0,0,43
1452,0,2905206956,2905206932,0,0,23
1453,0,2907208907,2907208863,0,0,44
1454,0,2909211179,2909211217,0,0,-38
1455,0,2911212885,2911212902,0,0,-17
1456,0,2913215074,2913215116,0,0,-42
1457,0,2915216032,2915215988,0,0,43
1458,0,2917219008,2917218984,0,0,24
1459,0,2919222096,2919222065,0,0,31
1460,0,2921224307,2921224289,0,0,17
1461,0,2923226414,2923226362,0,0,51
1462,0,2925228548,2925228513,0,0,34
1463,0,2927230692,2927230667,0,0,24
1464,0,2929233049,2929232997,0,0,51
1465,0,2931235582,2931235528,0,0,53
1466,0,2933237725,2933237696,0,0,29
1467,0,2935239896,2935239851,0,0,44
1468,0,2937242020,2937241993,0,0,27
1469,0,2939243896,2939243835,0,0,61
1470,0,2941245970,2941245921,0,0,49
1471,0,2943249231,2943249196,0,0,35
1472,0,2945251956,2945251973,0,0,-16
1473,0,2947254105,2947254053,0,0,51
1474,0,2949255439,2949255389,0,0,49
1475,0,2951257660,2951257604,0,0,56
1476,0,2953259955,2953259896,0,0,58
1477,0,2955262211,2955262154,0,0,56
1478,0,2957264055,2957263994,0,0,60
1479,0,2959265734,2959265759,0,0,-25
1480,0,2961268602,2961268624,0,0,-21
1481,0,2963270802,2963270840,0,0,-38
1482,0,2965273341,2965273312,0,0,29
1483,0,2967275852,2967275839,0,0,13
1484,0,2969277641,2969277623,0,0,17
1485,0,2971279693,2971279685,0,0,8
1486,0,2973281618,2973281593,0,0,25
1487,0,2975283343,2975283332,0,0,11
1488,0,2977286414,2977286443,0,0,-29
1489,0,2979289020,2979289010,0,0,9
1490,0,2981290798,2981290791,0,0,7
1491,0,2983292095,2983292066,0,0,29
1492,0,2985295723,2985295728,0,0,-5
1493,0,2987297566,2987297591,0,0,-24
1494,0,2989300034,2989300071,0,0,-37
1495,0,2991302690,2991302671,0,0,18
1496,0,2993304489,2993304459,0,0,29
1497,0,2995308876,2995308840,0,0,36
1498,0,2997308501,2997308454,0,0,47
1499,0,2999310225,2999310247,0,0,-22
1500,0,3001313440,3001313458,0,0,-18
1501,0,3003315687,3003315713,0,0,-25
1502,0,3005318011,3005318027,0,0,-16
1503,0,3007321130,3007321149,0,0,-19
1504,0,3009323105,3009323071,0,0,34
1505,0,3011324169,3011324213,0,0,-43
1506,0,3013325426,3013325459,0,0,-33
1507,0,3015329204,3015329171,0,0,32
1508,0,3017331472,3017331406,0,0,66
1509,0,3019332597,3019332606,0,0,-9
1510,0,3021334323,3021334296,0,0,27
1511,0,3023337322,3023337267,0,0,55
1512,0,3025338896,3025338856,0,0,40
1513,0,3027342569,3027342512,0,0,57
1514,0,3029344472,3029344420,0,0,52
1515,0,3031346901,3031346845,0,0,56
1516,0,3033348497,3033348447,0,0,49
1517,0,3035349903,3035349852,0,0,51
1518,0,3037352486,3037352424,0,0,62
1519,0,3039355553,3039355514,0,0,39
1520,0,3041358024,3041358067,0,0,-42
1521,0,3043360280,3043360314,0,0,-33
1522,0,3045362262,3045362231,0,0,31
1523,0,3047364073,3047364040,0,0,33
1524,0,3049366076,3049366110,0,0,-33
1525,0,3051369332,3051369335,0,0,-2
1526,0,3053370662,3053370679,0,0,-17
1527,0,3055372689,3055372719,0,0,-30
1528,0,3057375761,3057375793,0,0,-31
1529,0,3059378321,3059378358,0,0,-36
1530,0,3061379440,3061379449,0,0,-8
1531,0,3063382379,3063382393,0,0,-13
1532,0,3065384593,3065384631,0,0,-38
1533,0,3067386552,3067386568,0,0,-15
1534,0,3069389023,3069389005,0,0,17
1535,0,3071391218,3071391179,0,0,39
1536,0,3073393262,3073393220,0,0,42
1537,0,3075395963,3075395894,0,0,69
1538,0,3077397637,3077397589,0,0,47
1539,0,3079398880,3079398842,0,0,37
1540,0,3081402096,3081402037,0,0,58
1541,0,3083403156,3083403106,0,0,49
1542,0,3085405800,3085405753,0,0,46
1543,0,3087408748,3087408705,0,0,43
1544,0,3089411105,3089411095,0,0,9
1545,0,3091413277,3091413233,0,0,43
1546,0,3093415370,3093415332,0,0,38
1547,0,3095418458,3095418435,0,0,23
1548,0,3097419871,3097419851,0,0,19
1549,0,3099422490,3099422485,0,0,4
1550,0,3101424404,3101424372,0,0,31
1551,0,3103426912,3103426841,0,0,70
1552,0,3105428716,3105428660,0,0,55
1553,0,3107430013,3107429969,0,0,44
1554,0,3109433415,3109433356,0,0,59
1555,0,3111436555,3111436514,0,0,40
1556,0,3113439053,3113439006,0,0,47
1557,0,3115440150,3115440094,0,0,55
1558,0,3117442233,3117442206,0,0,27
1559,0,3119444285,3119444236,0,0,49
1560,0,3121445566,3121445519,0,0,47
1561,0,3123449258,3123449208,0,0,49
1562,0,3125451189,3125451126,0,0,62
1563,0,3127453072,3127453083,0,0,-10
1564,0,3129454686,3129454718,0,0,-31
1565,0,3131457715,3131457675,0,0,40
1566,0,3133459512,3133459454,0,0,58
1567,0,3135463022,3135462995,0,0,27
1568,0,3137464695,3137464725,0,0,-30
1569,0,3139466110,3139466148,0,0,-38
1570,0,3141468078,3141468053,0,0,24
1571,0,3143471117,3143471095,0,0,22
1572,0,3145473778,3145473757,0,0,20
1573,0,3147475581,3147475564,0,0,17
1574,0,3149478098,3149478074,0,0,24
1575,0,3151479940,3151479904,0,0,35
1576,0,3153482109,3153482145,0,0,-35
1577,0,3155484353,3155484393,0,0,-39
1578,0,3157487121,3157487172,0,0,-50
1579,0,3159489392,3159489368,0,0,23
1580,0,3161491596,3161491563,0,0,33
1581,0,3163493240,3163493249,0,0,-8
1582,0,3165494724,3165494690,0,0,33
1583,0,3167498096,3167498072,0,0,24
1584,0,3169500224,3169500246,0,0,-22
1585,0,3171502795,3171502838,0,0,-42
1586,0,3173504761,3173504797,0,0,-35
1587,0,3175506539,3175506580,0,0,-40
1588,0,3177509659,3177509695,0,0,-35
1589,0,3179510810,3179510845,0,0,-35
1590,0,3181512935,3181512928,0,0,7
1591,0,3183516034,3183516006,0,0,27
1592,0,3185518351,3185518337,0,0,13
1593,0,3187520220,3187520194,0,0,26
1594,0,3189523334,3189523301,0,0,33
1595,0,3191524721,3191524750,0,0,-29
1596,0,3193527192,3193527216,0,0,-24
1597,0,3195531213,3195531178,0,0,34
1598,0,3197532778,3197532817,0,0,-38
1599,0,3199534579,3199534550,0,0,28
1600,0,3201536892,3201536917,0,0,-25
1601,0,3203538263,3203538289,0,0,-25
1602,0,3205540802,3205540835,0,0,-33
1603,0,3207542819,3207542780,0,0,38
1604,0,3209544719,3209544703,0,0,15
1605,0,3211546660,3211546620,0,0,39
1606,0,3213548152,3213548201,0,0,-49
1607,0,3215550972,3215550988,0,0,-16
1608,0,3217552632,3217552684,0,0,-51
1609,0,3219555868,3219555898,0,0,-30
1610,0,3221559392,3221559400,0,0,-8
1611,0,3223560364,3223560327,0,0,36
1612,0,3225562228,3225562196,0,0,31
1613,0,3227563251,3227563283,0,0,-31
1614,0,3229565766,3229565799,0,0,-33
1615,0,3231569038,3231569079,0,0,-40
1616,0,3233571231,3233571274,0,0,-42
1617,0,3235573121,3235573182,0,0,-60
1618,0,3237575047,3237575077,0,0,-30
1619,0,3239577925,3239577906,0,0,18
1620,0,3241580189,3241580166,0,0,23
1621,0,3243582691,3243582713,0,0,-22
1622,0,3245584567,3245584548,0,0,18
1623,0,3247587128,3247587111,0,0,16
1624,0,3249589163,3249589125,0,0,38
1625,0,3251591404,3251591389,0,0,14
1626,0,3253594334,3253594312,0,0,21
1627,0,3255594655,3255594694,0,0,-38
1628,0,3257598016,3257598070,0,0,-53
1629,0,3259599622,3259599584,0,0,38
1630,0,3261601645,3261601620,0,0,25
1631,0,3263604568,3263604516,0,0,51
1632,0,3265607276,3265607211,0,0,65
1633,0,3267609900,3267609822,0,0,78
1634,0,3269611271,3269611201,0,0,69
1635,0,3271613326,3271613283,0,0,42
1636,0,3273614944,3273614894,0,0,50
1637,0,3275617685,3275617645,0,0,39
1638,0,3277619503,3277619424,0,0,78
1639,0,3279622573,3279622529,0,0,43
1640,0,3281624837,3281624800,0,0,37
1641,0,3283627024,3283627009,0,0,15
1642,0,3285630365,3285630321,0,0,43
1643,0,3287631411,3287631383,0,0,28
1644,0,3289633543,3289633497,0,0,46
1645,0,3291636213,3291636221,0,0,-8
1646,0,3293638377,3293638413,0,0,-36
1647,0,3295641248,3295641262,0,0,-13
1648,0,3297641695,3297641669,0,0,25
1649,0,3299644788,3299644774,0,0,14
1650,0,3301647023,3301646991,0,0,31
1651,0,3303649799,3303649761,0,0,38
1652,0,3305651533,3305651506,0,0,26
1653,0,3307653655,3307653627,0,0,27
1654,0,3309656186,3309656202,0,0,-16
1655,0,3311658422,3311658429,0,0,-7
1656,0,3313660512,3313660523,0,0,-11
1657,0,3315662845,3315662871,0,0,-26
1658,0,3317666062,3317666085,0,0,-22
1659,0,3319666832,3319666779,0,0,52
1660,0,3321669206,3321669179,0,0,26
1661,0,3323671469,3323671444,0,0,24
1662,0,3325674033,3325673993,0,0,40
1663,0,3327677060,3327677013,0,0,46
1664,0,3329679115,3329679085,0,0,30
1665,0,3331680152,3331680125,0,0,26
1666,0,3333681307,3333681338,0,0,-30
1667,0,3335683468,3335683496,0,0,-28
1668,0,3337686350,3337686321,0,0,29
1669,0,3339689584,3339689564,0,0,19
1670,0,3341691898,3341691869,0,0,29
1671,0,3343693713,3343693653,0,0,60
1672,0,3345695674,3345695586,0,0,87
1673,0,3347696812,3347696777,0,0,35
1674,0,3349702058,3349701991,0,0,66
1675,0,3351703379,3351703323,0,0,56
1676,0,3353706122,3353706085,0,0,36
1677,0,3355706990,3355706951,0,0,38
1678,0,3357709191,3357709142,0,0,48
1679,0,3359711714,3359711685,0,0,28
1680,0,3361713328,3361713300,0,0,27
1681,0,3363715782,3363715795,0,0,-13
1682,0,3365719134,3365719084,0,0,50
1683,0,3367720199,3367720223,0,0,-23
1684,0,3369723447,3369723481,0,0,-33
1685,0,3371724919,3371724941,0,0,-22
1686,0,3373727263,3373727296,0,0,-32
1687,0,3375729662,3375729613,0,0,49
1688,0,3377731804,3377731756,0,0,47
1689,0,3379734026,3379733988,0,0,38
1690,0,3381737386,3381737328,0,0,58
1691,0,3383738125,3383738077,0,0,48
1692,0,3385740223,3385740179,0,0,44
1693,0,3387741888,3387741817,0,0,71
1694,0,3389745484,3389745420,0,0,63
1695,0,3391746988,3391746931,0,0,57
1696,0,3393749029,3393748983,0,0,45
1697,0,3395751761,3395751732,0,0,29
1698,0,3397754185,3397754195,0,0,-10
1699,0,3399756160,3399756122,0,0,38
1700,0,3401758250,3401758206,0,0,44
1701,0,3403760321,3403760269,0,0,51
1702,0,3405762389,3405762330,0,0,59
1703,0,3407763916,3407763895,0,0,20
1704,0,3409767004,3409766962,0,0,41
1705,0,3411769858,3411769880,0,0,-21
1706,0,3413772962,3413772968,0,0,-6
1707,0,3415773799,3415773812,0,0,-12
1708,0,3417776313,3417776305,0,0,7
1709,0,3419778085,3419778043,0,0,41
1710,0,3421779509,3421779471,0,0,38
1711,0,3423782808,3423782762,0,0,46
1712,0,3425785374,3425785366,0,0,8
1713,0,3427786787,3427786764,0,0,23
1714,0,3429788139,3429788119,0,0,20
1715,0,3431791192,3431791215,0,0,-22
1716,0,3433793075,3433793040,0,0,34
1717,0,3435796788,3435796766,0,0,21
1718,0,3437798200,3437798171,0,0,28
1719,0,3439800648,3439800623,0,0,24
1720,0,3441802782,3441802740,0,0,41
1721,0,3443804964,3443804951,0,0,13
1722,0,3445807678,3445807723,0,0,-44
1723,0,3447809538,3447809568,0,0,-30
1724,0,3449812065,3449812097,0,0,-32
1725,0,3451813450,3451813422,0,0,27
1726,0,3453815187,3453815156,0,0,31
1727,0,3455818659,3455818641,0,0,17
1728,0,3457820783,3457820753,0,0,29
1729,0,3459823057,3459823032,0,0,24
1730,0,3461825013,3461824991,0,0,22
1731,0,3463827137,3463827120,0,0,17
1732,0,3465829339,3465829317,0,0,21
1733,0,3467831489,3467831465,0,0,24
1734,0,3469834231,3469834282,0,0,-50
1735,0,3471836226,3471836280,0,0,-54
1736,0,3473838685,3473838729,0,0,-43
1737,0,3475840337,3475840351,0,0,-13
1738,0,3477842602,3477842629,0,0,-26
1739,0,3479845215,3479845191,0,0,24
1740,0,3481847703,3481847683,0,0,20
1741,0,3483849360,3483849395,0,0,-35
1742,0,3485850635,3485850609,0,0,26
1743,0,3487853292,3487853314,0,0,-22
1744,0,3489855123,3489855148,0,0,-25
1745,0,3491858203,3491858142,0,0,60
1746,0,3493859474,3493859444,0,0,29
1747,0,3495863958,3495863909,0,0,49
1748,0,3497865514,3497865485,0,0,29
1749,0,3499866993,3499867022,0,0,-29
1750,0,3501868279,3501868229,0,0,49
1751,0,3503871561,3503871554,0,0,6
1752,0,3505873594,3505873584,0,0,9
1753,0,3507875202,3507875179,0,0,23
1754,0,3509878352,3509878332,0,0,20
1755,0,3511881569,3511881545,0,0,24
1756,0,3513882778,3513882750,0,0,27
1757,0,3515884340,3515884327,0,0,13
1758,0,3517885982,3517885969,0,0,13
1759,0,3519889456,3519889421,0,0,35
1760,0,3521893100,3521893111,0,0,-11
1761,0,3523893750,3523893739,0,0,11
1762,0,3525895050,3525895067,0,0,-16
1763,0,3527898129,3527898098,0,0,31
1764,0,3529899468,3529899440,0,0,27
1765,0,3531901915,3531901874,0,0,41
1766,0,3533904878,3533904852,0,0,26
1767,0,3535906049,3535906011,0,0,38
1768,0,3537908417,3537908359,0,0,58
1769,0,3539911496,3539911459,0,0,37
1770,0,3541912899,3541912858,0,0,41
1771,0,3543917221,3543917187,0,0,33
1772,0,3545918294,3545918319,0,0,-24
1773,0,3547920108,3547920139,0,0,-31
1774,0,3549921903,3549921865,0,0,38
1775,0,3551925062,3551925035,0,0,27
1776,0,3553927204,3553927146,0,0,58
1777,0,3555930011,3555929973,0,0,38
1778,0,3557932020,3557931961,0,0,59
1779,0,3559933700,3559933665,0,0,35
1780,0,3561935081,3561935114,0,0,-33
1781,0,3563936997,3563937022,0,0,-24
1782,0,3565939551,3565939492,0,0,59
1783,0,3567943105,3567943083,0,0,21
1784,0,3569945067,3569945030,0,0,36
1785,0,3571947423,3571947433,0,0,-9
1786,0,3573949365,3573949357,0,0,8
1787,0,3575951649,3575951674,0,0,-24
1788,0,3577953721,3577953733,0,0,-12
1789,0,3579955176,3579955144,0,0,31
1790,0,3581958201,3581958248,0,0,-47
1791,0,3583959871,3583959814,0,0,57
1792,0,3585963665,3585963623,0,0,41
1793,0,3587965046,3587964998,0,0,47
1794,0,3589967505,3589967466,0,0,38
1795,0,3591969373,3591969319,0,0,53
1796,0,3593970932,3593970906,0,0,26
1797,0,3595974774,3595974716,0,0,58
1798,0,3597975096,3597975122,0,0,-25
1799,0,3599978560,3599978584,0,0,-24
1800,0,3601980815,3601980841,0,0,-26
1801,0,3603982997,3603983029,0,0,-31
1802,0,3605985008,3605985036,0,0,-28
1803,0,3607987089,3607987052,0,0,37
1804,0,3609988388,3609988408,0,0,-19
1805,0,3611990477,3611990437,0,0,40
1806,0,3613993116,3613993080,0,0,36
1807,0,3615996657,3615996615,0,0,41
1808,0,3617998577,3617998540,0,0,36
1809,0,3620000303,3620000267,0,0,35
1810,0,3622001525,3622001502,0,0,23
1811,0,3624004193,3624004176,0,0,16
1812,0,3626007445,3626007486,0,0,-40
1813,0,3628009601,3628009559,0,0,41
1814,0,3630011862,3630011825,0,0,36
1815,0,3632013905,3632013897,0,0,8
1816,0,3634016013,3634015984,0,0,28
1817,0,3636017675,3636017633,0,0,41
1818,0,3638021003,3638021025,0,0,-22
1819,0,3640024048,3640024080,0,0,-32
1820,0,3642025652,3642025611,0,0,41
1821,0,3644027007,3644026985,0,0,22
1822,0,3646028485,3646028440,0,0,44
1823,0,3648032656,3648032631,0,0,24
1824,0,3650034351,3650034323,0,0,27
1825,0,3652036298,3652036303,0,0,-5
1826,0,3654038869,3654038876,0,0,-6
1827,0,3656040584,3656040570,0,0,14
1828,0,3658042890,3658042824,0,0,66
1829,0,3660044770,3660044732,0,0,38
1830,0,3662046928,3662046876,0,0,51
1831,0,3664050239,3664050180,0,0,58
1832,0,3666052624,3666052570,0,0,53
1833,0,3668053868,3668053815,0,0,53
1834,0,3670055687,3670055639,0,0,48
1835,0,3672059802,3672059763,0,0,38
1836,0,3674061328,3674061312,0,0,16
1837,0,3676062912,3676062925,0,0,-12
1838,0,3678065051,3678065076,0,0,-25
1839,0,3680066298,3680066332,0,0,-33
1840,0,3682069692,3682069724,0,0,-32
1841,0,3684071367,3684071392,0,0,-24
1842,0,3686073086,3686073130,0,0,-44
1843,0,3688076769,3688076741,0,0,28
1844,0,3690078718,3690078680,0,0,37
1845,0,3692080644,3692080617,0,0,26
1846,0,3694082162,3694082128,0,0,34
1847,0,3696086820,3696086772,0,0,47
1848,0,3698087489,3698087456,0,0,33
1849,0,3700090062,3700090036,0,0,26
1850,0,3702092003,3702091966,0,0,36
1851,0,3704093723,3704093682,0,0,41
1852,0,3706095106,3706095069,0,0,36
1853,0,3708097512,3708097537,0,0,-24
1854,0,3710101132,3710101177,0,0,-45
1855,0,3712103574,3712103615,0,0,-40
1856,0,3714105428,3714105469,0,0,-40
1857,0,3716107162,3716107148,0,0,14
1858,0,3718108406,3718108361,0,0,45
1859,0,3720110900,3720110886,0,0,13
1860,0,3722114480,3722114451,0,0,29
1861,0,3724116795,3724116771,0,0,23
1862,0,3726118634,3726118667,0,0,-32
1863,0,3728120457,3728120496,0,0,-39
1864,0,3730122236,3730122228,0,0,8
1865,0,3732124977,3732124941,0,0,35
1866,0,3734126582,3734126576,0,0,5
1867,0,3736131421,3736131447,0,0,-25
1868,0,3738131822,3738131863,0,0,-40
1869,0,3740133120,3740133166,0,0,-45
1870,0,3742136694,3742136665,0,0,29
1871,0,3744138399,3744138391,0,0,8
1872,0,3746139887,3746139941,0,0,-54
1873,0,3748143094,3748143125,0,0,-30
1874,0,3750145232,3750145270,0,0,-38
1875,0,3752147282,3752147350,0,0,-68
1876,0,3754150347,3754150337,0,0,9
1877,0,3756151919,3756151971,0,0,-51
1878,0,3758154374,3758154349,0,0,24
1879,0,3760156911,3760156881,0,0,29
1880,0,3762158552,3762158597,0,0,-44
1881,0,3764160948,3764160984,0,0,-35
1882,0,3766163092,3766163104,0,0,-11
1883,0,3768165056,3768165012,0,0,43
1884,0,3770167621,3770167569,0,0,51
1885,0,3772170220,3772170245,0,0,-24
1886,0,3774172138,3774172148,0,0,-10
1887,0,3776174709,3776174717,0,0,-8
1888,0,3778176157,3778176197,0,0,-40
1889,0,3780177833,3780177859,0,0,-25
1890,0,3782181408,3782181370,0,0,38
1891,0,3784183575,3784183554,0,0,21
1892,0,3786185639,3786185614,0,0,24
1893,0,3788187227,3788187189,0,0,38
1894,0,3790188974,3790188932,0,0,42
1895,0,3792190964,3792190938,0,0,25
1896,0,3794195238,3794195248,0,0,-9
1897,0,3796197822,3796197832,0,0,-9
1898,0,3798198930,3798198961,0,0,-30
1899,0,3800200541,3800200553,0,0,-12
1900,0,3802203911,3802203928,0,0,-17
1901,0,3804205198,3804205154,0,0,44
1902,0,3806206714,3806206683,0,0,30
1903,0,3808210493,3808210450,0,0,42
1904,0,3810212162,3810212195,0,0,-32
1905,0,3812214540,3812214573,0,0,-32
1906,0,3814216975,3814216990,0,0,-14
1907,0,3816218892,3816218901,0,0,-8
1908,0,3818221011,3818221029,0,0,-18
1909,0,3820223795,3820223763,0,0,31
1910,0,3822225700,3822225653,0,0,46
1911,0,3824227402,3824227436,0,0,-33
1912,0,3826228986,3826228993,0,0,-6
1913,0,3828232421,3828232443,0,0,-22
1914,0,3830234692,3830234651,0,0,40
1915,0,3832236945,3832236908,0,0,36
1916,0,3834239432,3834239406,0,0,25
1917,0,3836240065,3836240026,0,0,39
1918,0,3838243010,3838243044,0,0,-33
1919,0,3840245116,3840245130,0,0,-14
1920,0,3842247665,3842247678,0,0,-13
1921,0,3844250499,3844250478,0,0,21
1922,0,3846252411,3846252354,0,0,56
1923,0,3848254428,3848254395,0,0,32
1924,0,3850256379,3850256334,0,0,44
1925,0,3852257780,3852257752,0,0,27
1926,0,3854260617,3854260630,0,0,-13
1927,0,3856263393,3856263363,0,0,29
1928,0,3858265450,3858265437,0,0,13
1929,0,3860267669,3860267613,0,0,56
1930,0,3862269941,3862269970,0,0,-28
1931,0,3864272186,3864272194,0,0,-8
1932,0,3866275384,3866275422,0,0,-38
1933,0,3868276811,3868276844,0,0,-33
1934,0,3870278894,3870278928,0,0,-33
1935,0,3872280984,3872280966,0,0,18
1936,0,3874283063,3874283078,0,0,-14
1937,0,3876284551,3876284507,0,0,43
1938,0,3878288159,3878288141,0,0,17
1939,0,3880289990,3880289958,0,0,31
1940,0,3882292368,3882292330,0,0,38
1941,0,3884294595,3884294587,0,0,8
1942,0,3886296092,3886296069,0,0,23
1943,0,3888298045,3888298077,0,0,-31
1944,0,3890301233,3890301250,0,0,-17
1945,0,3892303548,3892303499,0,0,48
1946,0,3894305613,3894305577,0,0,35
1947,0,3896309212,3896309180,0,0,31
1948,0,3898311613,3898311586,0,0,26
1949,0,3900311834,3900311862,0,0,-28
1950,0,3902313634,3902313659,0,0,-24
1951,0,3904317234,3904317249,0,0,-14
1952,0,3906319347,3906319361,0,0,-14
1953,0,3908321162,3908321141,0,0,20
1954,0,3910323165,3910323150,0,0,14
1955,0,3912325615,3912325643,0,0,-28
1956,0,3914327845,3914327871,0,0,-26
1957,0,3916330655,3916330698,0,0,-43
1958,0,3918332182,3918332148,0,0,33
1959,0,3920334534,3920334500,0,0,34
1960,0,3922336561,3922336533,0,0,28
1961,0,3924338655,3924338624,0,0,31
1962,0,3926340101,3926340085,0,0,15
1963,0,3928344123,3928344069,0,0,54
1964,0,3930346542,3930346574,0,0,-31
1965,0,3932347399,3932347361,0,0,38
1966,0,3934348696,3934348674,0,0,21
1967,0,3936351035,3936351026,0,0,9
1968,0,3938354501,3938354514,0,0,-13
1969,0,3940356898,3940356911,0,0,-12
1970,0,3942358810,3942358829,0,0,-18
1971,0,3944361283,3944361301,0,0,-17
1972,0,3946363307,3946363257,0,0,49
1973,0,3948365062,3948365025,0,0,36
1974,0,3950367090,3950367040,0,0,49
1975,0,3952370393,3952370338,0,0,54
1976,0,3954372069,3954371991,0,0,77
1977,0,3956373313,3956373284,0,0,29
1978,0,3958375833,3958375846,0,0,-13
1979,0,3960379149,3960379173,0,0,-24
1980,0,3962381875,3962381811,0,0,64
1981,0,3964381995,3964381960,0,0,35
1982,0,3966385312,3966385323,0,0,-11
1983,0,3968388618,3968388546,0,0,71
1984,0,3970390221,3970390146,0,0,75
1985,0,3972392415,3972392359,0,0,55
1986,0,3974394905,3974394915,0,0,-10
1987,0,3976397452,3976397443,0,0,8
1988,0,3978399097,3978399091,0,0,6
1989,0,3980401136,3980401093,0,0,42
1990,0,3982402836,3982402869,0,0,-32
1991,0,3984405974,3984405966,0,0,8
1992,0,3986407713,3986407757,0,0,-43
1993,0,3988409177,3988409236,0,0,-59
1994,0,3990412693,3990412665,0,0,27
1995,0,3992414804,3992414775,0,0,29
1996,0,3994417479,3994417459,0,0,20
1997,0,3996419813,3996419793,0,0,20
1998,0,3998421352,3998421312,0,0,40
1999,0,4000423831,4000423873,0,0,-41
2000,0,4002425488,4002425533,0,0,-44
2001,0,4004427887,4004427918,0,0,-31
2002,0,4006429661,4006429636,0,0,24
2003,0,4008432755,4008432745,0,0,10
2004,0,4010435098,4010435083,0,0,15
2005,0,4012436648,4012436697,0,0,-49
2006,0,4014437969,4014438020,0,0,-50
2007,0,4016440813,4016440846,0,0,-33
2008,0,4018443436,4018443409,0,0,26
2009,0,4020446568,4020446550,0,0,18
2010,0,4022448579,4022448534,0,0,44
2011,0,4024450364,4024450337,0,0,27
2012,0,4026453377,4026453355,0,0,21
2013,0,4028453966,4028453919,0,0,47
2014,0,4030456179,4030456132,0,0,47
2015,0,4032459546,4032459498,0,0,47
2016,0,4034461054,4034461008,0,0,46
2017,0,4036462860,4036462819,0,0,41
2018,0,4038465956,4038465907,0,0,48
2019,0,4040467973,4040467926,0,0,47
2020,0,4042469945,4042469906,0,0,38
2021,0,4044471276,4044471233,0,0,42
2022,0,4046474947,4046474903,0,0,43
2023,0,4048477372,4048477314,0,0,57
2024,0,4050479191,4050479163,0,0,27
2025,0,4052481457,4052481417,0,0,40
2026,0,4054483420,4054483375,0,0,45
2027,0,4056485414,4056485366,0,0,48
2028,0,4058487929,4058487874,0,0,55
2029,0,4060490503,4060490476,0,0,26
2030,0,4062492317,4062492356,0,0,-38
2031,0,4064494632,4064494650,0,0,-17
2032,0,4066496934,4066496951,0,0,-16
2033,0,4068499168,4068499139,0,0,29
2034,0,4070501742,4070501716,0,0,26
2035,0,4072503539,4072503496,0,0,42
2036,0,4074506173,4074506155,0,0,17
2037,0,4076507806,4076507755,0,0,51
2038,0,4078509094,4078509103,0,0,-8
2039,0,4080512429,4080512435,0,0,-6
2040,0,4082514554,4082514568,0,0,-14
2041,0,4084517073,4084517098,0,0,-24
2042,0,4086518912,4086518874,0,0,38
2043,0,4088520453,4088520424,0,0,29
2044,0,4090523525,4090523485,0,0,40
2045,0,4092525373,4092525404,0,0,-31
2046,0,4094527232,4094527184,0,0,47
2047,0,4096533013,4096532967,0,0,45
2048,0,4098533631,4098533588,0,0,43
2049,0,4100534430,4100534386,0,0,44
2050,0,4102535306,4102535261,0,0,44
2051,0,4104537835,4104537793,0,0,42
2052,0,4106540357,4106540319,0,0,38
2053,0,4108543954,4108543906,0,0,47
2054,0,4110546157,4110546113,0,0,43
2055,0,4112547543,4112547520,0,0,23
2056,0,4114549094,4114549058,0,0,36
2057,0,4116551689,4116551667,0,0,21
2058,0,4118555174,4118555132,0,0,42
2059,0,4120557233,4120557208,0,0,24
2060,0,4122559901,4122559869,0,0,31
2061,0,4124560503,4124560485,0,0,17
2062,0,4126563763,4126563782,0,0,-19
2063,0,4128565806,4128565823,0,0,-16
2064,0,4130568151,4130568191,0,0,-39
2065,0,4132570373,4132570316,0,0,56
2066,0,4134572375,4134572341,0,0,34
2067,0,4136573851,4136573821,0,0,29
2068,0,4138577067,4138577043,0,0,23
2069,0,4140578671,4140578687,0,0,-15
2070,0,4142580481,4142580514,0,0,-32
2071,0,4144583878,4144583919,0,0,-40
2072,0,4146585919,4146585860,0,0,58
2073,0,4148587824,4148587808,0,0,15
2074,0,4150589069,4150589033,0,0,35
2075,0,4152591444,4152591486,0,0,-42
2076,0,4154594989,4154595011,0,0,-22
2077,0,4156598008,4156598042,0,0,-33
2078,0,4158598274,4158598289,0,0,-15
2079,0,4160602231,4160602189,0,0,41
2080,0,4162603747,4162603706,0,0,40
2081,0,4164605961,4164605998,0,0,-36
2082,0,4166608006,4166608032,0,0,-25
2083,0,4168610447,4168610491,0,0,-44
2084,0,4170612896,4170612858,0,0,38
2085,0,4172614366,4172614339,0,0,27
2086,0,4174615884,4174615842,0,0,42
2087,0,4176619128,4176619092,0,0,35
2088,0,4178621020,4178620986,0,0,33
2089,0,4180622928,4180622883,0,0,44
2090,0,4182626928,4182626889,0,0,38
2091,0,4184628864,4184628849,0,0,14
2092,0,4186629272,4186629227,0,0,44
2093,0,4188632305,4188632274,0,0,30
2094,0,4190633913,4190633879,0,0,33
2095,0,4192637453,4192637405,0,0,48
2096,0,4194639276,4194639235,0,0,41
2097,0,4196642661,4196642596,0,0,65
2098,0,4198643533,4198643491,0,0,42
2099,0,4200644713,4200644665,0,0,48
2100,0,4202646696,4202646725,0,0,-28
2101,0,4204649924,4204649936,0,0,-11
2102,0,4206653113,4206653132,0,0,-18
2103,0,4208654651,4208654667,0,0,-15
2104,0,4210657389,4210657408,0,0,-18
2105,0,4212659505,4212659520,0,0,-15
2106,0,4214661902,4214661849,0,0,53
2107,0,4216663875,4216663825,0,0,49
2108,0,4218665887,4218665856,0,0,30
2109,0,4220668492,4220668451,0,0,41
2110,0,4222670716,4222670705,0,0,11
2111,0,4224673161,4224673153,0,0,8
2112,0,4226675314,4226675285,0,0,28
2113,0,4228677303,4228677286,0,0,16
2114,0,4230678860,4230678827,0,0,33
2115,0,4232680404,4232680451,0,0,-47
2116,0,4234683687,4234683671,0,0,15
2117,0,4236686013,4236686057,0,0,-43
2118,0,4238688740,4238688685,0,0,54
2119,0,4240690986,4240690935,0,0,50
2120,0,4242692365,4242692337,0,0,28
2121,0,4244693738,4244693683,0,0,55
2122,0,4246696384,4246696335,0,0,48
2123,0,4248698949,4248698916,0,0,33
2124,0,4250700750,4250700694,0,0,55
2125,0,4252705021,4252704968,0,0,53
2126,0,4254705879,4254705905,0,0,-25
2127,0,4256708240,4256708296,0,0,-55
2128,0,4258710168,4258710216,0,0,-47
2129,0,4260711349,4260711323,0,0,26
2130,0,4262714271,4262714238,0,0,33
2131,0,4264717760,4264717731,0,0,29
2132,0,4266719627,4266719609,0,0,17
2133,0,4268721372,4268721350,0,0,21
2134,0,4270722567,4270722609,0,0,-42
2135,0,4272725024,4272724997,0,0,26
2136,0,4274728480,4274728466,0,0,13
2137,0,4276730971,4276730957,0,0,14
2138,0,4278732749,4278732722,0,0,26
2139,0,4280734580,4280734559,0,0,21
2140,0,4282735932,4282735916,0,0,15
2141,0,4284740071,4284740047,0,0,24
2142,0,4286741310,4286741268,0,0,41
2143,0,4288745071,4288745017,0,0,53
2144,0,4290747020,4290746996,0,0,24
2145,0,4292748159,4292748107,0,0,51
2146,0,4294750528,4294750466,0,0,61
2147,0,4296754632,4296754590,0,0,42
2148,0,4298754697,4298754667,0,0,30
2149,0,4300756887,4300756853,0,0,33
2150,0,4302759575,4302759537,0,0,38
2151,0,4304761165,4304761117,0,0,47
2152,0,4306762797,4306762808,0,0,-10
2153,0,4308766075,4308766090,0,0,-15
2154,0,4310768054,4310768025,0,0,29
2155,0,4312769335,4312769283,0,0,51
2156,0,4314772808,4314772770,0,0,38
2157,0,4316775890,4316775819,0,0,71
2158,0,4318775874,4318775828,0,0,45
2159,0,4320778023,4320778049,0,0,-26
2160,0,4322780505,4322780548,0,0,-42
2161,0,4324784161,4324784114,0,0,47
2162,0,4326786123,4326786085,0,0,38
2163,0,4328787986,4328787943,0,0,43
2164,0,4330789237,4330789224,0,0,13
2165,0,4332791716,4332791676,0,0,40
2166,0,4334794849,4334794862,0,0,-13
2167,0,4336795992,4336796007,0,0,-15
2168,0,4338799507,4338799483,0,0,24
2169,0,4340801422,4340801392,0,0,29
2170,0,4342803123,4342803096,0,0,26
2171,0,4344805480,4344805452,0,0,28
2172,0,4346807400,4346807462,0,0,-62
2173,0,4348811946,4348811888,0,0,58
2174,0,4350813496,4350813463,0,0,33
2175,0,4352815409,4352815391,0,0,17
2176,0,4354817011,4354816972,0,0,38
2177,0,4356818242,4356818266,0,0,-23
2178,0,4358820729,4358820771,0,0,-42
2179,0,4360824117,4360824156,0,0,-38
2180,0,4362826318,4362826298,0,0,20
2181,0,4364828295,4364828327,0,0,-31
2182,0,4366829244,4366829217,0,0,27
2183,0,4368831901,4368831880,0,0,20
2184,0,4370834885,4370834862,0,0,23
2185,0,4372836799,4372836782,0,0,16
2186,0,4374839597,4374839541,0,0,55
2187,0,4376841612,4376841573,0,0,38
2188,0,4378843844,4378843807,0,0,37
2189,0,4380846249,4380846208,0,0,41
2190,0,4382848159,4382848134,0,0,24
2191,0,4384849462,4384849430,0,0,32
2192,0,4386852842,4386852868,0,0,-26
2193,0,4388854865,4388854900,0,0,-34
2194,0,4390856305,4390856251,0,0,53
2195,0,4392859812,4392859777,0,0,34
2196,0,4394861979,4394861950,0,0,29
2197,0,4396865682,4396865703,0,0,-21
2198,0,4398866495,4398866500,0,0,-4
2199,0,4400868191,4400868233,0,0,-42
2200,0,4402869612,4402869574,0,0,38
2201,0,4404873127,4404873072,0,0,54
2202,0,4406876412,4406876367,0,0,44
2203,0,4408878422,4408878434,0,0,-11
2204,0,4410879689,4410879715,0,0,-25
2205,0,4412882553,4412882579,0,0,-26
2206,0,4414882600,4414882615,0,0,-15
2207,0,4416885810,4416885786,0,0,23
2208,0,4418888411,4418888371,0,0,40
2209,0,4420891078,4420891047,0,0,31
2210,0,4422892918,4422892937,0,0,-18
2211,0,4424894510,4424894552,0,0,-42
2212,0,4426896120,4426896092,0,0,27
2213,0,4428898395,4428898372,0,0,23
2214,0,4430900808,4430900786,0,0,21
2215,0,4432904458,4432904480,0,0,-22
2216,0,4434906404,4434906438,0,0,-34
2217,0,4436908014,4436908040,0,0,-26
2218,0,4438909397,4438909438,0,0,-40
2219,0,4440911551,4440911513,0,0,38
2220,0,4442913812,4442913804,0,0,7
2221,0,4444917700,4444917667,0,0,32
2222,0,4446919727,4446919692,0,0,35
2223,0,4448921963,4448921955,0,0,7
2224,0,4450923957,4450923942,0,0,14
2225,0,4452926235,4452926203,0,0,31
2226,0,4454928644,4454928609,0,0,34
2227,0,4456931205,4456931181,0,0,24
2228,0,4458933425,4458933408,0,0,16
2229,0,4460935047,4460935110,0,0,-62
2230,0,4462937603,4462937642,0,0,-38
2231,0,4464939364,4464939411,0,0,-47
2232,0,4466941576,4466941588,0,0,-12
2233,0,4468944382,4468944364,0,0,17
2234,0,4470946382,4470946361,0,0,20
2235,0,4472948222,4472948204,0,0,17
2236,0,4474949291,4474949345,0,0,-53
2237,0,4476953251,4476953295,0,0,-44
2238,0,4478955537,4478955524,0,0,13
2239,0,4480958498,4480958474,0,0,23
2240,0,4482960636,4482960598,0,0,38
2241,0,4484962049,4484962078,0,0,-28
2242,0,4486964055,4486964024,0,0,30
2243,0,4488966215,4488966251,0,0,-35
2244,0,4490968762,4490968732,0,0,29
2245,0,4492971125,4492971109,0,0,15
2246,0,4494972851,4494972814,0,0,36
2247,0,4496976051,4496976026,0,0,24
2248,0,4498976294,4498976251,0,0,42
2249,0,4500978496,4500978477,0,0,19
2250,0,4502980923,4502980895,0,0,28
2251,0,4504984458,4504984447,0,0,11
2252,0,4506986442,4506986433,0,0,8
2253,0,4508988224,4508988210,0,0,14
2254,0,4510990902,4510990934,0,0,-32
2255,0,4512991543,4512991577,0,0,-34
2256,0,4514993938,4514993986,0,0,-48
2257,0,4516997105,4516997134,0,0,-29
2258,0,4518999488,4518999453,0,0,35
2259,0,4521000548,4521000505,0,0,43
2260,0,4523002991,4523002947,0,0,44
2261,0,4525005928,4525005962,0,0,-33
2262,0,4527007903,4527007887,0,0,16
2263,0,4529011400,4529011374,0,0,26
2264,0,4531012859,4531012825,0,0,33
2265,0,4533014477,4533014453,0,0,24
2266,0,4535017782,4535017752,0,0,29
2267,0,4537019732,4537019719,0,0,13
2268,0,4539022133,4539022095,0,0,38
2269,0,4541023114,4541023088,0,0,26
2270,0,4543026391,4543026361,0,0,29
2271,0,4545028409,4545028372,0,0,37
2272,0,4547030986,4547030934,0,0,51
2273,0,4549033273,4549033279,0,0,-6
2274,0,4551035521,4551035478,0,0,42
2275,0,4553037731,4553037743,0,0,-12
2276,0,4555039939,4555039962,0,0,-22
2277,0,4557041548,4557041571,0,0,-23
2278,0,4559042818,4559042778,0,0,40
2279,0,4561045526,4561045515,0,0,11
2280,0,4563049476,4563049451,0,0,25
2281,0,4565051265,4565051217,0,0,47
2282,0,4567053276,4567053227,0,0,48
2283,0,4569055155,4569055134,0,0,20
2284,0,4571056356,4571056338,0,0,17
2285,0,4573058292,4573058248,0,0,43
2286,0,4575062041,4575061997,0,0,43
2287,0,4577064364,4577064325,0,0,38
2288,0,4579066516,4579066472,0,0,43
2289,0,4581068175,4581068141,0,0,33
2290,0,4583069795,4583069757,0,0,38
2291,0,4585073168,4585073122,0,0,46
2292,0,4587075612,4587075656,0,0,-43
2293,0,4589077835,4589077866,0,0,-30
2294,0,4591080056,4591080069,0,0,-13
2295,0,4593081433,4593081453,0,0,-20
2296,0,4595083292,4595083229,0,0,62
2297,0,4597088412,4597088357,0,0,55
2298,0,4599088686,4599088611,0,0,74
2299,0,4601091337,4601091275,0,0,62
2300,0,4603093437,4603093449,0,0,-12
2301,0,4605094847,4605094858,0,0,-11
2302,0,4607097323,4607097337,0,0,-13
2303,0,4609100702,4609100708,0,0,-6
2304,0,4611102742,4611102756,0,0,-13
2305,0,4613103487,4613103498,0,0,-11
2306,0,4615106272,4615106297,0,0,-24
2307,0,4617107734,4617107755,0,0,-21
2308,0,4619111373,4619111388,0,0,-14
2309,0,4621112611,4621112550,0,0,60
2310,0,4623114116,4623114066,0,0,49
2311,0,4625116905,4625116867,0,0,38
2312,0,4627119979,4627119948,0,0,31
2313,0,4629122207,4629122172,0,0,35
2314,0,4631124053,4631124071,0,0,-17
2315,0,4633125170,4633125186,0,0,-15
2316,0,4635127866,4635127844,0,0,21
2317,0,4637131313,4637131245,0,0,67
2318,0,4639135047,4639135005,0,0,41
2319,0,4641135332,4641135304,0,0,27
2320,0,4643137840,4643137792,0,0,47
2321,0,4645139736,4645139691,0,0,44
2322,0,4647141231,4647141182,0,0,48
2323,0,4649144634,4649144591,0,0,43
2324,0,4651146339,4651146375,0,0,-36
2325,0,4653147829,4653147839,0,0,-10
2326,0,4655150767,4655150806,0,0,-38
2327,0,4657152200,4657152163,0,0,36
2328,0,4659155546,4659155498,0,0,47
2329,0,4661157829,4661157813,0,0,16
2330,0,4663159802,4663159775,0,0,27
2331,0,4665161143,4665161110,0,0,33
2332,0,4667164373,4667164405,0,0,-31
2333,0,4669166216,4669166231,0,0,-14
2334,0,4671169360,4671169366,0,0,-5
2335,0,4673171415,4673171396,0,0,19
2336,0,4675173107,4675173098,0,0,8
2337,0,4677175501,4677175466,0,0,34
2338,0,4679178222,4679178205,0,0,17
2339,0,4681179467,4681179500,0,0,-32
2340,0,4683180971,4683180998,0,0,-26
2341,0,4685183629,4685183619,0,0,9
2342,0,4687186679,4687186650,0,0,29
2343,0,4689188820,4689188782,0,0,38
2344,0,4691190912,4691190892,0,0,19
2345,0,4693193197,4693193183,0,0,14
2346,0,4695195482,4695195507,0,0,-24
2347,0,4697199244,4697199280,0,0,-36
2348,0,4699200336,4699200351,0,0,-15
2349,0,4701202263,4701202220,0,0,43
2350,0,4703205240,4703205220,0,0,20
2351,0,4705206071,4705206110,0,0,-38
2352,0,4707207943,4707207983,0,0,-40
2353,0,4709211523,4709211509,0,0,14
2354,0,4711213423,4711213388,0,0,34
2355,0,4713215287,4713215249,0,0,38
2356,0,4715216701,4715216731,0,0,-30
2357,0,4717219579,4717219688,0,0,-108
2358,0,4719221059,4719221098,0,0,-38
2359,0,4721224533,4721224558,0,0,-24
2360,0,4723226804,4723226780,0,0,23
2361,0,4725228876,4725228860,0,0,15
2362,0,4727231278,4727231259,0,0,18
2363,0,4729233413,4729233382,0,0,31
2364,0,4731235502,4731235480,0,0,22
2365,0,4733238248,4733238229,0,0,19
2366,0,4735241313,4735241283,0,0,29
2367,0,4737242161,4737242146,0,0,15
2368,0,4739244181,4739244166,0,0,14
2369,0,4741245333,4741245313,0,0,20
2370,0,4743248982,4743248944,0,0,38
2371,0,4745252021,4745251983,0,0,38
2372,0,4747253754,4747253708,0,0,45
2373,0,4749255368,4749255337,0,0,31
2374,0,4751256655,4751256638,0,0,17
2375,0,4753259932,4753259901,0,0,31
2376,0,4755261786,4755261768,0,0,17
2377,0,4757263588,4757263629,0,0,-40
2378,0,4759266736,4759266768,0,0,-31
2379,0,4761268358,4761268382,0,0,-23
2380,0,4763270164,4763270175,0,0,-11
2381,0,4765273171,4765273186,0,0,-14
2382,0,4767276967,4767277001,0,0,-33
2383,0,4769278006,4769278044,0,0,-38
2384,0,4771280244,4771280287,0,0,-42
2385,0,4773281966,4773281950,0,0,15
2386,0,4775283785,4775283755,0,0,29
2387,0,4777286530,4777286507,0,0,23
2388,0,4779288928,4779288970,0,0,-42
2389,0,4781290923,4781290972,0,0,-49
2390,0,4783292140,4783292167,0,0,-26
2391,0,4785294709,4785294744,0,0,-35
2392,0,4787297736,4787297706,0,0,29
2393,0,4789300088,4789300046,0,0,42
2394,0,4791302361,4791302314,0,0,47
2395,0,4793304737,4793304725,0,0,11
2396,0,4795306773,4795306734,0,0,39
2397,0,4797310220,4797310181,0,0,39
2398,0,4799310957,4799310929,0,0,28
2399,0,4801313185,4801313166,0,0,19
2400,0,4803315988,4803315970,0,0,17
2401,0,4805318525,4805318559,0,0,-33
2402,0,4807320243,4807320216,0,0,26
2403,0,4809322161,4809322125,0,0,35
2404,0,4811324732,4811324696,0,0,35
2405,0,4813326474,4813326451,0,0,23
2406,0,4815328611,4815328573,0,0,38
2407,0,4817331188,4817331155,0,0,33
2408,0,4819333818,4819333786,0,0,32
2409,0,4821335804,4821335768,0,0,35
2410,0,4823337456,4823337420,0,0,36
2411,0,4825338820,4825338787,0,0,33
2412,0,4827341496,4827341453,0,0,43
2413,0,4829344609,4829344564,0,0,44
2414,0,4831347855,4831347806,0,0,49
2415,0,4833348875,4833348896,0,0,-21
2416,0,4835351077,4835351092,0,0,-15
2417,0,4837352105,4837352119,0,0,-13
2418,0,4839354894,4839354845,0,0,48
2419,0,4841357970,4841357912,0,0,58
2420,0,4843360127,4843360152,0,0,-24
2421,0,4845362297,4845362314,0,0,-17
2422,0,4847364660,4847364694,0,0,-33
2423,0,4849366767,4849366719,0,0,47
2424,0,4851369008,4851368984,0,0,24
2425,0,4853371537,4853371505,0,0,31
2426,0,4855373751,4855373691,0,0,60
2427,0,4857375463,4857375435,0,0,27
2428,0,4859376505,4859376463,0,0,42
2429,0,4861378997,4861378970,0,0,26
2430,0,4863383321,4863383272,0,0,49
2431,0,4865387003,4865386968,0,0,34
2432,0,4867387415,4867387374,0,0,41
2433,0,4869388874,4869388861,0,0,12
2434,0,4871390478,4871390500,0,0,-22
2435,0,4873393373,4873393378,0,0,-5
2436,0,4875396157,4875396114,0,0,43
2437,0,4877398267,4877398220,0,0,47
2438,0,4879400532,4879400453,0,0,78
2439,0,4881402064,4881402002,0,0,61
2440,0,4883403439,4883403415,0,0,24
2441,0,4885405567,4885405502,0,0,65
2442,0,4887408367,4887408289,0,0,77
2443,0,4889411810,4889411815,0,0,-5
2444,0,4891413695,4891413657,0,0,38
2445,0,4893415676,4893415642,0,0,34
2446,0,4895417593,4895417605,0,0,-11
2447,0,4897421040,4897421080,0,0,-40
2448,0,4899421357,4899421383,0,0,-25
2449,0,4901425470,4901425456,0,0,14
2450,0,4903426687,4903426651,0,0,36
2451,0,4905427617,4905427579,0,0,38
2452,0,4907430206,4907430231,0,0,-24
2453,0,4909433564,4909433576,0,0,-11
2454,0,4911435917,4911435874,0,0,42
2455,0,4913438352,4913438303,0,0,49
2456,0,4915440329,4915440342,0,0,-13
2457,0,4917442759,4917442769,0,0,-10
2458,0,4919444442,4919444393,0,0,49
2459,0,4921445645,4921445607,0,0,38
2460,0,4923448592,4923448566,0,0,26
2461,0,4925451508,4925451519,0,0,-10
2462,0,4927454074,4927454035,0,0,38
2463,0,4929457346,4929457326,0,0,20
2464,0,4931457992,4931458021,0,0,-29
2465,0,4933459951,4933459966,0,0,-14
2466,0,4935461825,4935461851,0,0,-25
2467,0,4937464571,4937464557,0,0,13
2468,0,4939466703,4939466678,0,0,24
2469,0,4941468215,4941468188,0,0,26
2470,0,4943471356,4943471339,0,0,17
2471,0,4945473058,4945473024,0,0,34
2472,0,4947474811,4947474791,0,0,19
2473,0,4949478500,4949478473,0,0,26
2474,0,4951480203,4951480189,0,0,13
2475,0,4953482067,4953482046,0,0,21
2476,0,4955483654,4955483635,0,0,18
2477,0,4957486939,4957486905,0,0,33
2478,0,4959489274,4959489249,0,0,24
2479,0,4961492486,4961492460,0,0,26
2480,0,4963493335,4963493308,0,0,26
2481,0,4965494680,4965494656,0,0,24
2482,0,4967498595,4967498553,0,0,41
2483,0,4969499629,4969499594,0,0,34
2484,0,4971501816,4971501842,0,0,-25
2485,0,4973505528,4973505522,0,0,6
2486,0,4975506689,4975506725,0,0,-35
2487,0,4977508015,4977507992,0,0,23
2488,0,4979511830,4979511795,0,0,34
2489,0,4981513874,4981513848,0,0,25
2490,0,4983515765,4983515732,0,0,33
2491,0,4985518423,4985518391,0,0,32
2492,0,4987520178,4987520143,0,0,35
2493,0,4989521215,4989521159,0,0,55
2494,0,4991524352,4991524316,0,0,36
2495,0,4993528194,4993528137,0,0,56
2496,0,4995529136,4995529092,0,0,43
2497,0,4997533012,4997532972,0,0,40
2498,0,4999533529,4999533492,0,0,36
2499,0,5001535424,5001535387,0,0,36
2500,0,5003538145,5003538112,0,0,33
2501,0,5005539771,5005539716,0,0,54
2502,0,5007542089,5007542048,0,0,41
2503,0,5009544772,5009544745,0,0,26
2504,0,5011547507,5011547492,0,0,15
2505,0,5013549197,5013549234,0,0,-36
2506,0,5015551498,5015551527,0,0,-29
2507,0,5017553702,5017553674,0,0,27
2508,0,5019556200,5019556162,0,0,37
2509,0,5021558038,5021558000,0,0,38
2510,0,5023560514,5023560539,0,0,-24
2511,0,5025563283,5025563306,0,0,-23
2512,0,5027563887,5027563929,0,0,-42
2513,0,5029566562,5029566595,0,0,-32
2514,0,5031568529,5031568501,0,0,27
2515,0,5033571821,5033571786,0,0,35
2516,0,5035573559,5035573530,0,0,29
2517,0,5037575610,5037575572,0,0,38
2518,0,5039577038,5039577080,0,0,-41
2519,0,5041580343,5041580307,0,0,35
2520,0,5043582496,5043582461,0,0,35
2521,0,5045584292,5045584261,0,0,31
2522,0,5047586975,5047586927,0,0,48
2523,0,5049589298,5049589265,0,0,33
2524,0,5051591179,5051591141,0,0,38
2525,0,5053592333,5053592275,0,0,58
2526,0,5055594875,5055594855,0,0,20
2527,0,5057600063,5057600042,0,0,21
2528,0,5059601424,5059601399,0,0,25
2529,0,5061602710,5061602744,0,0,-33
2530,0,5063604807,5063604835,0,0,-27
2531,0,5065606779,5065606793,0,0,-13
2532,0,5067608358,5067608395,0,0,-36
2533,0,5069611395,5069611346,0,0,48
2534,0,5071612973,5071612915,0,0,58
2535,0,5073616123,5073616058,0,0,65
2536,0,5075618025,5075618039,0,0,-13
2537,0,5077619412,5077619430,0,0,-17
2538,0,5079623044,5079622976,0,0,68
2539,0,5081625267,5081625198,0,0,69
2540,0,5083627322,5083627282,0,0,40
2541,0,5085629224,5085629180,0,0,43
2542,0,5087631649,5087631680,0,0,-31
2543,0,5089634664,5089634678,0,0,-13
2544,0,5091635622,5091635653,0,0,-31
2545,0,5093637545,5093637498,0,0,46
2546,0,5095640808,5095640771,0,0,36
2547,0,5097644006,5097644044,0,0,-38
2548,0,5099644883,5099644902,0,0,-18
2549,0,5101646606,5101646636,0,0,-30
2550,0,5103648601,5103648640,0,0,-39
2551,0,5105652278,5105652250,0,0,28
2552,0,5107654287,5107654274,0,0,13
2553,0,5109655835,5109655788,0,0,47
2554,0,5111657538,5111657515,0,0,22
2555,0,5113660656,5113660620,0,0,35
2556,0,5115662978,5115662955,0,0,23
2557,0,5117664966,5117664946,0,0,20
2558,0,5119667216,5119667181,0,0,35
2559,0,5121669941,5121669934,0,0,6
2560,0,5123672645,5123672608,0,0,36
2561,0,5125673924,5125673874,0,0,50
2562,0,5127676275,5127676300,0,0,-24
2563,0,5129678847,5129678862,0,0,-15
2564,0,5131680774,5131680739,0,0,35
2565,0,5133682585,5133682547,0,0,38
2566,0,5135683856,5135683831,0,0,24
2567,0,5137687008,5137686975,0,0,33
2568,0,5139689420,5139689390,0,0,29
2569,0,5141691875,5141691887,0,0,-11
2570,0,5143693595,5143693566,0,0,29
2571,0,5145694764,5145694720,0,0,44
2572,0,5147697390,5147697342,0,0,47
2573,0,5149700220,5149700208,0,0,11
2574,0,5151702131,5151702081,0,0,49
2575,0,5153705274,5153705229,0,0,45
2576,0,5155707977,5155707926,0,0,50
2577,0,5157708110,5157708055,0,0,55
2578,0,5159710397,5159710339,0,0,57
2579,0,5161712609,5161712564,0,0,45
2580,0,5163715737,5163715684,0,0,53
2581,0,5165718660,5165718651,0,0,8
2582,0,5167720627,5167720635,0,0,-7
2583,0,5169722335,5169722300,0,0,35
2584,0,5171724484,5171724434,0,0,49
2585,0,5173726786,5173726739,0,0,47
2586,0,5175728412,5175728379,0,0,33
2587,0,5177732294,5177732237,0,0,57
2588,0,5179733826,5179733779,0,0,47
2589,0,5181735916,5181735879,0,0,36
2590,0,5183737062,5183737093,0,0,-31
2591,0,5185739319,5185739297,0,0,22
2592,0,5187743423,5187743398,0,0,24
2593,0,5189745780,5189745738,0,0,42
2594,0,5191747280,5191747245,0,0,34
2595,0,5193749313,5193749302,0,0,11
2596,0,5195751353,5195751337,0,0,15
2597,0,5197754352,5197754480,0,0,-128
2598,0,5199756367,5199756389,0,0,-22
2599,0,5201758658,5201758692,0,0,-33
2600,0,5203760406,5203760453,0,0,-47
2601,0,5205762602,5205762586,0,0,16
2602,0,5207764130,5207764112,0,0,17
2603,0,5209766853,5209766808,0,0,44
2604,0,5211768424,5211768398,0,0,26
2605,0,5213772085,5213772056,0,0,29
2606,0,5215774395,5215774357,0,0,38
2607,0,5217775896,5217775912,0,0,-16
2608,0,5219778128,5219778167,0,0,-39
2609,0,5221779406,5221779397,0,0,8
2610,0,5223782080,5223782056,0,0,23
2611,0,5225785740,5225785702,0,0,38
2612,0,5227787876,5227787856,0,0,19
2613,0,5229789055,5229789029,0,0,26
2614,0,5231790442,5231790469,0,0,-26
2615,0,5233793274,5233793295,0,0,-20
2616,0,5235796537,5235796500,0,0,37
2617,0,5237798343,5237798311,0,0,32
2618,0,5239800440,5239800419,0,0,21
2619,0,5241801822,5241801859,0,0,-37
2620,0,5243805258,5243805295,0,0,-36
2621,0,5245806916,5245806961,0,0,-45
2622,0,5247809066,5247809049,0,0,16
2623,0,5249812692,5249812668,0,0,23
2624,0,5251815985,5251815958,0,0,26
2625,0,5253815859,5253815868,0,0,-8
2626,0,5255818033,5255818045,0,0,-11
2627,0,5257820458,5257820498,0,0,-40
2628,0,5259822869,5259822903,0,0,-33
2629,0,5261825280,5261825253,0,0,26
2630,0,5263827524,5263827541,0,0,-17
2631,0,5265829512,5265829538,0,0,-25
2632,0,5267831820,5267831840,0,0,-20
2633,0,5269833693,5269833669,0,0,23
2634,0,5271835359,5271835415,0,0,-56
2635,0,5273838523,5273838496,0,0,26
2636,0,5275840840,5275840787,0,0,52
2637,0,5277843035,5277843008,0,0,26
2638,0,5279845539,5279845507,0,0,31
2639,0,5281847186,5281847171,0,0,14
2640,0,5283850280,5283850256,0,0,23
2641,0,5285851202,5285851170,0,0,32
2642,0,5287853820,5287853792,0,0,27
2643,0,5289854919,5289854907,0,0,11
2644,0,5291857949,5291857928,0,0,21
2645,0,5293860383,5293860354,0,0,29
2646,0,5295861809,5295861782,0,0,27
2647,0,5297866970,5297867005,0,0,-35
2648,0,5299868088,5299868059,0,0,29
2649,0,5301869692,5301869683,0,0,9
2650,0,5303870821,5303870778,0,0,42
2651,0,5305873696,5305873681,0,0,14
2652,0,5307875492,5307875460,0,0,31
2653,0,5309879193,5309879150,0,0,43
2654,0,5311881375,5311881332,0,0,43
2655,0,5313883382,5313883330,0,0,51
2656,0,5315886362,5315886396,0,0,-33
2657,0,5317887245,5317887187,0,0,58
2658,0,5319888797,5319888811,0,0,-13
2659,0,5321891958,5321891969,0,0,-11
2660,0,5323894078,5323894090,0,0,-11
2661,0,5325895879,5325895888,0,0,-8
2662,0,5327897584,5327897574,0,0,9
2663,0,5329900639,5329900617,0,0,22
2664,0,5331903164,5331903138,0,0,26
2665,0,5333905316,5333905355,0,0,-38
2666,0,5335907388,5335907404,0,0,-15
2667,0,5337909574,5337909590,0,0,-15
2668,0,5339911862,5339911894,0,0,-32
2669,0,5341913675,5341913647,0,0,28
2670,0,5343915458,5343915446,0,0,11
2671,0,5345919083,5345919097,0,0,-13
2672,0,5347922164,5347922176,0,0,-11
2673,0,5349922941,5349922903,0,0,38
2674,0,5351924970,5351924952,0,0,18
2675,0,5353926591,5353926567,0,0,23
2676,0,5355929695,5355929648,0,0,47
2677,0,5357932793,5357932738,0,0,55
2678,0,5359934378,5359934384,0,0,-6
2679,0,5361936429,5361936404,0,0,24
2680,0,5363938653,5363938616,0,0,37
2681,0,5365940408,5365940375,0,0,33
2682,0,5367942232,5367942180,0,0,51
2683,0,5369945516,5369945478,0,0,38
2684,0,5371947714,5371947683,0,0,31
2685,0,5373949164,5373949174,0,0,-10
2686,0,5375951232,5375951258,0,0,-25
2687,0,5377954683,5377954696,0,0,-13
2688,0,5379957501,5379957523,0,0,-22
2689,0,5381959203,5381959157,0,0,45
2690,0,5383960608,5383960569,0,0,38
2691,0,5385961725,5385961696,0,0,28
2692,0,5387964033,5387964051,0,0,-18
2693,0,5389966581,5389966613,0,0,-32
2694,0,5391970274,5391970316,0,0,-42
2695,0,5393972485,5393972440,0,0,44
2696,0,5395974829,5395974811,0,0,17
2697,0,5397977458,5397977433,0,0,24
2698,0,5399977582,5399977544,0,0,37
2699,0,5401980876,5401980829,0,0,47
2700,0,5403983300,5403983267,0,0,33
2701,0,5405985671,5405985640,0,0,31
2702,0,5407987633,5407987581,0,0,51
2703,0,5409989785,5409989762,0,0,22
2704,0,5411991750,5411991698,0,0,51
2705,0,5413993375,5413993346,0,0,29
2706,0,5415996376,5415996331,0,0,44
2707,0,5417998964,5417998924,0,0,40
2708,0,5420001169,5420001102,0,0,67
2709,0,5422003045,5422003000,0,0,45
2710,0,5424005364,5424005304,0,0,60
2711,0,5426007671,5426007613,0,0,58
2712,0,5428010258,5428010191,0,0,67
2713,0,5430012352,5430012295,0,0,56
2714,0,5432014361,5432014309,0,0,52
2715,0,5434015932,5434015874,0,0,58
2716,0,5436017503,5436017512,0,0,-9
2717,0,5438020237,5438020251,0,0,-14
2718,0,5440023900,5440023842,0,0,57
2719,0,5442026669,5442026631,0,0,38
2720,0,5444029699,5444029651,0,0,48
2721,0,5446030149,5446030102,0,0,47
2722,0,5448032090,5448032049,0,0,40
2723,0,5450034288,5450034247,0,0,41
2724,0,5452036248,5452036200,0,0,48
2725,0,5454038028,5454038013,0,0,14
2726,0,5456040812,5456040763,0,0,49
2727,0,5458042168,5458042123,0,0,44
2728,0,5460045767,5460045721,0,0,45
2729,0,5462047487,5462047520,0,0,-32
2730,0,5464050145,5464050157,0,0,-12
2731,0,5466052342,5466052374,0,0,-31
2732,0,5468054291,5468054256,0,0,35
2733,0,5470056280,5470056220,0,0,59
2734,0,5472057665,5472057692,0,0,-26
2735,0,5474060546,5474060566,0,0,-20
2736,0,5476063019,5476063058,0,0,-38
2737,0,5478065811,5478065860,0,0,-49
2738,0,5480067688,5480067705,0,0,-17
2739,0,5482069831,5482069844,0,0,-13
2740,0,5484072337,5484072364,0,0,-26
2741,0,5486074247,5486074212,0,0,34
2742,0,5488076647,5488076597,0,0,50
2743,0,5490078861,5490078824,0,0,37
2744,0,5492081043,5492081035,0,0,7
2745,0,5494083065,5494083043,0,0,22
2746,0,5496084207,5496084192,0,0,15
2747,0,5498088449,5498088413,0,0,35
2748,0,5500089646,5500089669,0,0,-23
2749,0,5502091432,5502091408,0,0,23
2750,0,5504094367,5504094330,0,0,36
2751,0,5506096242,5506096222,0,0,20
2752,0,5508097628,5508097608,0,0,20
2753,0,5510101188,5510101161,0,0,27
2754,0,5512103350,5512103324,0,0,25
2755,0,5514105660,5514105701,0,0,-40
2756,0,5516107391,5516107425,0,0,-33
2757,0,5518108744,5518108793,0,0,-48
2758,0,5520112008,5520111991,0,0,17
2759,0,5522114112,5522114067,0,0,45
2760,0,5524115313,5524115348,0,0,-35
2761,0,5526117901,5526117943,0,0,-42
2762,0,5528120937,5528120951,0,0,-13
2763,0,5530122621,5530122663,0,0,-42
2764,0,5532124601,5532124626,0,0,-25
2765,0,5534127459,5534127452,0,0,6
2766,0,5536129040,5536128997,0,0,42
2767,0,5538132359,5538132321,0,0,38
2768,0,5540134204,5540134142,0,0,61
2769,0,5542136408,5542136343,0,0,65
2770,0,5544137868,5544137811,0,0,56
2771,0,5546140716,5546140681,0,0,34
2772,0,5548142808,5548142758,0,0,49
2773,0,5550145164,5550145137,0,0,27
2774,0,5552146766,5552146822,0,0,-56
2775,0,5554149593,5554149642,0,0,-49
2776,0,5556151483,5556151526,0,0,-43
2777,0,5558154195,5558154257,0,0,-62
2778,0,5560155764,5560155748,0,0,15
2779,0,5562159133,5562159125,0,0,8
2780,0,5564161527,5564161519,0,0,8
2781,0,5566162573,5566162606,0,0,-32
2782,0,5568164303,5568164312,0,0,-8
2783,0,5570167139,5570167149,0,0,-9
2784,0,5572169862,5572169902,0,0,-40
2785,0,5574172170,5574172177,0,0,-6
2786,0,5576173997,5576173961,0,0,36
2787,0,5578175437,5578175393,0,0,44
2788,0,5580177956,5580177944,0,0,11
2789,0,5582180518,5582180473,0,0,44
2790,0,5584182674,5584182636,0,0,37
2791,0,5586185976,5586185938,0,0,38
2792,0,5588187732,5588187684,0,0,48
2793,0,5590189964,5590189932,0,0,31
2794,0,5592192295,5592192259,0,0,35
2795,0,5594194699,5594194681,0,0,17
2796,0,5596197048,5596197006,0,0,42
2797,0,5598200577,5598200548,0,0,29
2798,0,5600201637,5600201591,0,0,45
2799,0,5602203153,5602203103,0,0,50
2800,0,5604204440,5604204460,0,0,-20
2801,0,5606208546,5606208587,0,0,-40
2802,0,5608209617,5608209629,0,0,-11
2803,0,5610212874,5610212899,0,0,-24
2804,0,5612214786,5612214810,0,0,-24
2805,0,5614216577,5614216541,0,0,35
2806,0,5616218476,5616218435,0,0,40
2807,0,5618221002,5618220969,0,0,33
2808,0,5620223412,5620223366,0,0,46
2809,0,5622225792,5622225741,0,0,50
2810,0,5624227551,5624227510,0,0,41
2811,0,5626228973,5626228927,0,0,45
2812,0,5628232395,5628232361,0,0,33
2813,0,5630234274,5630234286,0,0,-11
2814,0,5632236222,5632236226,0,0,-4
2815,0,5634239610,5634239626,0,0,-15
2816,0,5636241287,5636241314,0,0,-26
2817,0,5638244248,5638244255,0,0,-6
2818,0,5640245455,5640245415,0,0,39
2819,0,5642246397,5642246350,0,0,47
2820,0,5644248679,5644248671,0,0,7
2821,0,5646251823,5646251785,0,0,38
2822,0,5648254420,5648254397,0,0,23
2823,0,5650256085,5650256054,0,0,30
2824,0,5652258178,5652258130,0,0,47
2825,0,5654260804,5654260774,0,0,29
2826,0,5656262844,5656262886,0,0,-42
2827,0,5658266065,5658266107,0,0,-42
2828,0,5660268149,5660268181,0,0,-31
2829,0,5662269680,5662269732,0,0,-51
2830,0,5664271197,5664271143,0,0,54
2831,0,5666274240,5666274233,0,0,6
2832,0,5668276211,5668276171,0,0,40
2833,0,5670280210,5670280231,0,0,-20
2834,0,5672281511,5672281537,0,0,-25
2835,0,5674283265,5674283296,0,0,-30
2836,0,5676285801,5676285755,0,0,45
2837,0,5678287729,5678287687,0,0,41
2838,0,5680289777,5680289748,0,0,29
2839,0,5682292585,5682292567,0,0,17
2840,0,5684294902,5684294871,0,0,30
2841,0,5686296789,5686296751,0,0,38
2842,0,5688299256,5688299242,0,0,13
2843,0,5690301462,5690301426,0,0,35
2844,0,5692303543,5692303506,0,0,36
2845,0,5694305872,5694305833,0,0,38
2846,0,5696308198,5696308211,0,0,-13
2847,0,5698312316,5698312328,0,0,-11
2848,0,5700312409,5700312435,0,0,-25
2849,0,5702315590,5702315569,0,0,20
2850,0,5704316839,5704316804,0,0,35
2851,0,5706319948,5706319910,0,0,38
2852,0,5708321193,5708321139,0,0,53
2853,0,5710322865,5710322883,0,0,-17
2854,0,5712324451,5712324465,0,0,-13
2855,0,5714326698,5714326710,0,0,-11
2856,0,5716329438,5716329404,0,0,33
2857,0,5718332668,5718332597,0,0,71
2858,0,5720335096,5720335116,0,0,-20
2859,0,5722336647,5722336657,0,0,-10
2860,0,5724339101,5724339113,0,0,-11
2861,0,5726341135,5726341157,0,0,-22
2862,0,5728342207,5728342197,0,0,9
2863,0,5730345103,5730345079,0,0,24
2864,0,5732348123,5732348085,0,0,37
2865,0,5734350624,5734350658,0,0,-33
2866,0,5736351110,5736351137,0,0,-26
2867,0,5738353228,5738353239,0,0,-11
2868,0,5740355793,5740355742,0,0,51
2869,0,5742359571,5742359545,0,0,26
2870,0,5744361185,5744361150,0,0,35
2871,0,5746363539,5746363515,0,0,23
2872,0,5748366003,5748366013,0,0,-10
2873,0,5750368048,5750368097,0,0,-49
2874,0,5752370195,5752370227,0,0,-31
2875,0,5754373042,5754373003,0,0,38
2876,0,5756375062,5756375023,0,0,38
2877,0,5758376955,5758376917,0,0,38
2878,0,5760379103,5760379146,0,0,-42
2879,0,5762382287,5762382257,0,0,29
2880,0,5764384487,5764384533,0,0,-45
2881,0,5766385620,5766385603,0,0,16
2882,0,5768387334,5768387319,0,0,14
2883,0,5770390123,5770390142,0,0,-19
2884,0,5772392603,5772392647,0,0,-44
2885,0,5774394364,5774394413,0,0,-48
2886,0,5776396612,5776396574,0,0,38
2887,0,5778399344,5778399303,0,0,41
2888,0,5780401008,5780401055,0,0,-46
2889,0,5782402721,5782402697,0,0,23
2890,0,5784405437,5784405512,0,0,-74
2891,0,5786407377,5786407379,0,0,-1
2892,0,5788410579,5788410618,0,0,-38
2893,0,5790413225,5790413267,0,0,-41
2894,0,5792414968,5792414958,0,0,9
2895,0,5794416948,5794416931,0,0,17
2896,0,5796418872,5796418859,0,0,13
2897,0,5798423085,5798423064,0,0,21
2898,0,5800423979,5800424030,0,0,-51
2899,0,5802426600,5802426639,0,0,-38
2900,0,5804428995,5804429031,0,0,-35
2901,0,5806430353,5806430319,0,0,34
2902,0,5808432631,5808432583,0,0,47
2903,0,5810434845,5810434858,0,0,-13
2904,0,5812437294,5812437310,0,0,-16
2905,0,5814439524,5814439541,0,0,-16
2906,0,5816441596,5816441551,0,0,44
2907,0,5818444374,5818444346,0,0,27
2908,0,5820445613,5820445557,0,0,56
2909,0,5822446637,5822446597,0,0,40
2910,0,5824449558,5824449512,0,0,46
2911,0,5826452495,5826452453,0,0,42
2912,0,5828455067,5828455022,0,0,44
2913,0,5830458148,5830458105,0,0,42
2914,0,5832459017,5832458970,0,0,47
2915,0,5834459923,5834459882,0,0,41
2916,0,5836462606,5836462582,0,0,23
2917,0,5838466298,5838466254,0,0,44
2918,0,5840468530,5840468530,0,0,0
2919,0,5842470155,5842470114,0,0,41
2920,0,5844472422,5844472366,0,0,56
2921,0,5846474058,5846474008,0,0,49
2922,0,5848477292,5848477255,0,0,37
2923,0,5850479390,5850479366,0,0,23
2924,0,5852481442,5852481406,0,0,35
2925,0,5854483417,5854483350,0,0,67
2926,0,5856484988,5856484941,0,0,47
2927,0,5858488229,5858488185,0,0,43
2928,0,5860490720,5860490686,0,0,33
2929,0,5862493777,5862493791,0,0,-13
2930,0,5864494785,5864494813,0,0,-28
2931,0,5866497067,5866497022,0,0,44
2932,0,5868499394,5868499352,0,0,41
2933,0,5870501349,5870501303,0,0,46
2934,0,5872502770,5872502732,0,0,38
2935,0,5874506155,5874506103,0,0,51
2936,0,5876508890,5876508855,0,0,35
2937,0,5878510174,5878510191,0,0,-16
2938,0,5880511483,5880511459,0,0,23
2939,0,5882514564,5882514538,0,0,26
2940,0,5884516248,5884516190,0,0,58
2941,0,5886519435,5886519426,0,0,9
2942,0,5888521660,5888521619,0,0,40
2943,0,5890524107,5890524069,0,0,37
2944,0,5892525766,5892525792,0,0,-26
2945,0,5894527357,5894527364,0,0,-6
2946,0,5896531249,5896531211,0,0,38
2947,0,5898533259,5898533211,0,0,47
2948,0,5900534748,5900534764,0,0,-15
2949,0,5902536581,5902536528,0,0,53
2950,0,5904537898,5904537867,0,0,31
2951,0,5906540460,5906540496,0,0,-35
2952,0,5908543973,5908544007,0,0,-34
2953,0,5910546289,5910546303,0,0,-13
2954,0,5912548481,5912548433,0,0,48
2955,0,5914550187,5914550199,0,0,-11
2956,0,5916551115,5916551101,0,0,14
2957,0,5918553717,5918553698,0,0,19
2958,0,5920556062,5920556033,0,0,28
2959,0,5922559803,5922559761,0,0,41
2960,0,5924561372,5924561343,0,0,28
2961,0,5926562728,5926562785,0,0,-57
2962,0,5928566032,5928566056,0,0,-23
2963,0,5930568038,5930568078,0,0,-40
2964,0,5932570471,5932570447,0,0,23
2965,0,5934573267,5934573233,0,0,33
2966,0,5936574989,5936574950,0,0,39
2967,0,5938576931,5938576893,0,0,38
2968,0,5940578314,5940578280,0,0,33
2969,0,5942581393,5942581423,0,0,-30
2970,0,5944583249,5944583280,0,0,-31
2971,0,5946585811,5946585761,0,0,49
2972,0,5948587761,5948587738,0,0,22
2973,0,5950590308,5950590271,0,0,36
2974,0,5952591689,5952591656,0,0,33
2975,0,5954595052,5954595015,0,0,37
2976,0,5956597655,5956597637,0,0,17
2977,0,5958599889,5958599872,0,0,16
2978,0,5960602784,5960602728,0,0,55
2979,0,5962603334,5962603309,0,0,24
2980,0,5964605063,5964605035,0,0,28
2981,0,5966608702,5966608656,0,0,46
2982,0,5968610568,5968610533,0,0,35
2983,0,5970613202,5970613166,0,0,36
2984,0,5972614939,5972614921,0,0,17
2985,0,5974616696,5974616676,0,0,20
2986,0,5976618017,5976617982,0,0,34
2987,0,5978620690,5978620685,0,0,5
2988,0,5980623957,5980623930,0,0,26
2989,0,5982626740,5982626719,0,0,20
2990,0,5984628690,5984628674,0,0,16
2991,0,5986630326,5986630278,0,0,48
2992,0,5988631520,5988631481,0,0,38
2993,0,5990633918,5990633930,0,0,-12
2994,0,5992637105,5992637123,0,0,-17
2995,0,5994638450,5994638472,0,0,-22
2996,0,5996641796,5996641768,0,0,27
2997,0,5998645152,5998645083,0,0,69
2998,0,6000645775,6000645715,0,0,59
2999,0,6002647136,6002647105,0,0,31
3000,0,6004649939,6004649889,0,0,49
3001,0,6006652957,6006652889,0,0,67
3002,0,6008655206,6008655142,0,0,63
3003,0,6010657259,6010657206,0,0,53
3004,0,6012659321,6012659269,0,0,51
3005,0,6014660291,6014660233,0,0,58
3006,0,6016663051,6016663042,0,0,8
3007,0,6018667087,6018667098,0,0,-10
3008,0,6020669310,6020669320,0,0,-10
3009,0,6022670725,6022670665,0,0,60
3010,0,6024673686,6024673624,0,0,61
3011,0,6026674661,6026674591,0,0,69
3012,0,6028676264,6028676255,0,0,8
3013,0,6030679943,6030679990,0,0,-47
3014,0,6032681977,6032682023,0,0,-46
3015,0,6034683530,6034683571,0,0,-41
3016,0,6036685285,6036685316,0,0,-30
3017,0,6038688383,6038688418,0,0,-35
3018,0,6040690833,6040690866,0,0,-32
3019,0,6042693072,6042693118,0,0,-45
3020,0,6044695137,6044695193,0,0,-55
3021,0,6046697177,6046697223,0,0,-46
3022,0,6048699556,6048699519,0,0,37
3023,0,6050701758,6050701742,0,0,15
3024,0,6052704024,6052703998,0,0,26
3025,0,6054706611,6054706582,0,0,29
3026,0,6056709422,6056709447,0,0,-24
3027,0,6058710739,6058710784,0,0,-44
3028,0,6060712291,6060712336,0,0,-44
3029,0,6062713945,6062713998,0,0,-53
3030,0,6064717373,6064717393,0,0,-20
3031,0,6066719889,6066719918,0,0,-29
3032,0,6068721896,6068721885,0,0,11
3033,0,6070723914,6070723934,0,0,-20
3034,0,6072724924,6072724885,0,0,38
3035,0,6074727348,6074727310,0,0,38
3036,0,6076731036,6076730999,0,0,37
3037,0,6078732951,6078732893,0,0,58
3038,0,6080735339,6080735303,0,0,36
3039,0,6082737939,6082737900,0,0,39
3040,0,6084739587,6084739604,0,0,-16
3041,0,6086741665,6086741690,0,0,-24
3042,0,6088745431,6088745406,0,0,24
3043,0,6090746467,6090746447,0,0,19
3044,0,6092748308,6092748258,0,0,49
3045,0,6094749370,6094749312,0,0,58
3046,0,6096751674,6096751690,0,0,-15
3047,0,6098755451,6098755404,0,0,46
3048,0,6100757260,6100757222,0,0,38
3049,0,6102759728,6102759697,0,0,31
3050,0,6104762127,6104762098,0,0,28
3051,0,6106763859,6106763804,0,0,55
3052,0,6108766105,6108766060,0,0,45
3053,0,6110767147,6110767189,0,0,-42
3054,0,6112770000,6112770015,0,0,-15
3055,0,6114772996,6114773027,0,0,-31
3056,0,6116775173,6116775130,0,0,43
3057,0,6118777164,6118777200,0,0,-35
3058,0,6120779636,6120779650,0,0,-13
3059,0,6122781673,6122781629,0,0,43
3060,0,6124783825,6124783772,0,0,53
3061,0,6126785259,6126785240,0,0,18
3062,0,6128788583,6128788537,0,0,46
3063,0,6130790400,6130790371,0,0,28
3064,0,6132792045,6132792016,0,0,29
3065,0,6134795105,6134795071,0,0,34
3066,0,6136797849,6136797797,0,0,51
3067,0,6138799694,6138799656,0,0,38
3068,0,6140801715,6140801678,0,0,37
3069,0,6142802982,6142802945,0,0,37
3070,0,6144806247,6144806220,0,0,26
3071,0,6146808601,6146808559,0,0,41
3072,0,6148810977,6148810934,0,0,42
3073,0,6150813868,6150813831,0,0,37
3074,0,6152816273,6152816229,0,0,43
3075,0,6154816930,6154816904,0,0,25
3076,0,6156818090,6156818116,0,0,-25
3077,0,6158820916,6158820931,0,0,-14
3078,0,6160824355,6160824380,0,0,-25
3079,0,6162826678,6162826634,0,0,43
3080,0,6164829203,6164829186,0,0,16
3081,0,6166830887,6166830851,0,0,35
3082,0,6168832718,6168832750,0,0,-32
3083,0,6170833815,6170833856,0,0,-40
3084,0,6172836680,6172836721,0,0,-40
3085,0,6174839824,6174839854,0,0,-30
3086,0,6176842026,6176842003,0,0,23
3087,0,6178843847,6178843831,0,0,15
3088,0,6180845256,6180845227,0,0,28
3089,0,6182848184,6182848138,0,0,46
3090,0,6184850823,6184850837,0,0,-13
3091,0,6186853384,6186853391,0,0,-6
3092,0,6188855374,6188855328,0,0,45
3093,0,6190856905,6190856855,0,0,50
3094,0,6192858622,6192858596,0,0,25
3095,0,6194861368,6194861325,0,0,42
3096,0,6196863600,6196863573,0,0,27
3097,0,6198867910,6198867901,0,0,8
3098,0,6200868496,6200868469,0,0,26
3099,0,6202870274,6202870266,0,0,8
3100,0,6204872007,6204871970,0,0,36
3101,0,6206874940,6206874972,0,0,-31
3102,0,6208876407,6208876430,0,0,-22
3103,0,6210880435,6210880387,0,0,48
3104,0,6212881974,6212881949,0,0,24
3105,0,6214884027,6214883986,0,0,41
3106,0,6216886399,6216886357,0,0,42
3107,0,6218888556,6218888541,0,0,15
3108,0,6220891009,6220891036,0,0,-26
3109,0,6222893044,6222893083,0,0,-38
3110,0,6224895182,6224895234,0,0,-51
3111,0,6226897170,6226897204,0,0,-33
3112,0,6228899100,6228899064,0,0,35
3113,0,6230901761,6230901736,0,0,24
3114,0,6232903371,6232903336,0,0,35
3115,0,6234906894,6234906887,0,0,6
3116,0,6236909054,6236909031,0,0,23
3117,0,6238910213,6238910185,0,0,27
3118,0,6240911869,6240911818,0,0,50
3119,0,6242914207,6242914168,0,0,38
3120,0,6244917832,6244917857,0,0,-24
3121,0,6246919813,6246919817,0,0,-4
3122,0,6248922110,6248922122,0,0,-11
3123,0,6250925472,6250925487,0,0,-15
3124,0,6252926605,6252926611,0,0,-5
3125,0,6254928528,6254928534,0,0,-5
3126,0,6256930857,6256930815,0,0,42
3127,0,6258933320,6258933283,0,0,36
3128,0,6260935056,6260935014,0,0,42
3129,0,6262936524,6262936548,0,0,-23
3130,0,6264939611,6264939595,0,0,16
3131,0,6266940902,6266940875,0,0,26
3132,0,6268944232,6268944202,0,0,30
3133,0,6270946791,6270946763,0,0,28
3134,0,6272948791,6272948823,0,0,-31
3135,0,6274951075,6274951124,0,0,-49
3136,0,6276953241,6276953235,0,0,6
3137,0,6278955259,6278955243,0,0,15
3138,0,6280958113,6280958099,0,0,13
3139,0,6282961267,6282961253,0,0,13
3140,0,6284962164,6284962146,0,0,17
3141,0,6286963838,6286963849,0,0,-10
3142,0,6288965310,6288965323,0,0,-13
3143,0,6290968635,6290968598,0,0,37
3144,0,6292969709,6292969640,0,0,68
3145,0,6294972280,6294972230,0,0,50
3146,0,6296975328,6296975302,0,0,26
3147,0,6298979087,6298979047,0,0,40
3148,0,6300980110,6300980062,0,0,47
3149,0,6302981851,6302981828,0,0,23
3150,0,6304983477,6304983465,0,0,11
3151,0,6306986902,6306986874,0,0,28
3152,0,6308989024,6308988995,0,0,28
3153,0,6310990723,6310990772,0,0,-48
3154,0,6312992188,6312992223,0,0,-35
3155,0,6314996952,6314996934,0,0,17
3156,0,6316997842,6316997822,0,0,20
3157,0,6318999973,6318999937,0,0,35
3158,0,6321002051,6321002016,0,0,35
3159,0,6323004299,6323004279,0,0,20
3160,0,6325006607,6325006584,0,0,23
3161,0,6327008644,6327008617,0,0,27
3162,0,6329011269,6329011240,0,0,29
3163,0,6331013705,6331013690,0,0,14
3164,0,6333015472,6333015447,0,0,24
3165,0,6335017380,6335017382,0,0,-2
3166,0,6337019151,6337019168,0,0,-17
3167,0,6339022602,6339022616,0,0,-14
3168,0,6341024364,6341024333,0,0,31
3169,0,6343026900,6343026864,0,0,35
3170,0,6345028927,6345028878,0,0,49
3171,0,6347032261,6347032210,0,0,51
3172,0,6349033548,6349033504,0,0,44
3173,0,6351035512,6351035467,0,0,44
3174,0,6353037876,6353037818,0,0,58
3175,0,6355040445,6355040404,0,0,41
3176,0,6357042262,6357042208,0,0,53
3177,0,6359044262,6359044284,0,0,-22
3178,0,6361047198,6361047211,0,0,-12
3179,0,6363048865,6363048880,0,0,-15
3180,0,6365050806,6365050816,0,0,-10
3181,0,6367053078,6367053033,0,0,45
3182,0,6369055744,6369055710,0,0,34
3183,0,6371057376,6371057352,0,0,24
3184,0,6373059406,6373059360,0,0,46
3185,0,6375061788,6375061797,0,0,-8
3186,0,6377062975,6377063002,0,0,-26
3187,0,6379067072,6379067035,0,0,37
3188,0,6381069148,6381069104,0,0,43
3189,0,6383070712,6383070676,0,0,35
3190,0,6385072480,6385072444,0,0,35
3191,0,6387075510,6387075523,0,0,-13
3192,0,6389077959,6389077995,0,0,-35
3193,0,6391080000,6391079981,0,0,18
3194,0,6393082449,6393082409,0,0,39
3195,0,6395084488,6395084460,0,0,27
3196,0,6397086689,6397086697,0,0,-7
3197,0,6399089924,6399089930,0,0,-6
3198,0,6401091289,6401091321,0,0,-31
3199,0,6403094617,6403094634,0,0,-16
3200,0,6405096773,6405096742,0,0,31
3201,0,6407097914,6407097867,0,0,47
3202,0,6409099797,6409099777,0,0,19
3203,0,6411102276,6411102261,0,0,14
3204,0,6413104249,6413104210,0,0,39
3205,0,6415105777,6415105735,0,0,42
3206,0,6417108953,6417108919,0,0,34
3207,0,6419110856,6419110826,0,0,29
3208,0,6421112057,6421112007,0,0,49
3209,0,6423114560,6423114525,0,0,34
3210,0,6425118106,6425118132,0,0,-26
3211,0,6427120427,6427120462,0,0,-34
3212,0,6429122190,6429122138,0,0,51
3213,0,6431123932,6431123894,0,0,38
3214,0,6433125644,6433125612,0,0,32
3215,0,6435128640,6435128612,0,0,27
3216,0,6437130023,6437130002,0,0,21
3217,0,6439133971,6439133939,0,0,32
3218,0,6441135344,6441135309,0,0,35
3219,0,6443137717,6443137678,0,0,39
3220,0,6445140503,6445140478,0,0,24
3221,0,6447141653,6447141593,0,0,60
3222,0,6449144024,6449144051,0,0,-26
3223,0,6451147173,6451147190,0,0,-17
3224,0,6453148774,6453148802,0,0,-28
3225,0,6455149912,6455149939,0,0,-26
3226,0,6457152476,6457152458,0,0,18
3227,0,6459155476,6459155443,0,0,32
3228,0,6461157952,6461157988,0,0,-35
3229,0,6463159945,6463159984,0,0,-38
3230,0,6465162350,6465162377,0,0,-26
3231,0,6467164287,6467164316,0,0,-28
3232,0,6469166462,6469166418,0,0,43
3233,0,6471168868,6471168827,0,0,40
3234,0,6473171373,6473171349,0,0,23
3235,0,6475175151,6475175119,0,0,31
3236,0,6477175750,6477175722,0,0,27
3237,0,6479177770,6479177743,0,0,26
3238,0,6481180495,6481180466,0,0,29
3239,0,6483182172,6483182126,0,0,45
3240,0,6485184863,6485184821,0,0,42
3241,0,6487186710,6487186692,0,0,17
3242,0,6489189097,6489189062,0,0,35
3243,0,6491191129,6491191083,0,0,46
3244,0,6493193334,6493193295,0,0,39
3245,0,6495195229,6495195202,0,0,26
3246,0,6497197060,6497197039,0,0,21
3247,0,6499201596,6499201568,0,0,28
3248,0,6501202451,6501202425,0,0,25
3249,0,6503204575,6503204568,0,0,6
3250,0,6505207128,6505207098,0,0,29
3251,0,6507209143,6507209107,0,0,36
3252,0,6509212272,6509212260,0,0,12
3253,0,6511213441,6511213405,0,0,35
3254,0,6513215650,6513215608,0,0,41
3255,0,6515217719,6515217757,0,0,-37
3256,0,6517219933,6517219997,0,0,-64
3257,0,6519221276,6519221248,0,0,28
3258,0,6521223639,6521223620,0,0,19
3259,0,6523227258,6523227212,0,0,46
3260,0,6525229183,6525229218,0,0,-35
3261,0,6527231157,6527231191,0,0,-34
3262,0,6529233347,6529233382,0,0,-35
3263,0,6531236145,6531236129,0,0,15
3264,0,6533238022,6533237979,0,0,42
3265,0,6535240278,6535240269,0,0,8
3266,0,6537242091,6537242056,0,0,35
3267,0,6539243669,6539243649,0,0,19
3268,0,6541246987,6541246973,0,0,13
3269,0,6543248498,6543248483,0,0,14
3270,0,6545250517,6545250497,0,0,20
3271,0,6547253536,6547253525,0,0,10
3272,0,6549255988,6549255973,0,0,14
3273,0,6551257725,6551257701,0,0,23
3274,0,6553259177,6553259211,0,0,-33
3275,0,6555262749,6555262799,0,0,-50
3276,0,6557264548,6557264523,0,0,24
3277,0,6559266848,6559266809,0,0,38
3278,0,6561269685,6561269642,0,0,42
3279,0,6563271022,6563270986,0,0,35
3280,0,6565272397,6565272372,0,0,24
3281,0,6567275519,6567275543,0,0,-24
3282,0,6569277989,6569277984,0,0,4
3283,0,6571280694,6571280646,0,0,48
3284,0,6573283368,6573283332,0,0,36
3285,0,6575284782,6575284757,0,0,24
3286,0,6577287060,6577287032,0,0,27
3287,0,6579288722,6579288750,0,0,-28
3288,0,6581290321,6581290350,0,0,-28
3289,0,6583293854,6583293888,0,0,-33
3290,0,6585295653,6585295624,0,0,28
3291,0,6587297949,6587297925,0,0,23
3292,0,6589300067,6589300042,0,0,24
3293,0,6591301117,6591301106,0,0,11
3294,0,6593303683,6593303643,0,0,39
3295,0,6595307432,6595307388,0,0,43
3296,0,6597309384,6597309340,0,0,43
3297,0,6599312373,6599312361,0,0,11
3298,0,6601312725,6601312749,0,0,-24
3299,0,6603315468,6603315488,0,0,-20
3300,0,6605318018,6605318042,0,0,-23
3301,0,6607320761,6607320722,0,0,38
3302,0,6609322719,6609322679,0,0,40
3303,0,6611324397,6611324372,0,0,24
3304,0,6613325723,6613325705,0,0,17
3305,0,6615328249,6615328202,0,0,47
3306,0,6617331892,6617331879,0,0,13
3307,0,6619333721,6619333683,0,0,38
3308,0,6621336080,6621336055,0,0,24
3309,0,6623337642,6623337613,0,0,29
3310,0,6625339304,6625339285,0,0,18
3311,0,6627342267,6627342237,0,0,30
3312,0,6629343717,6629343674,0,0,43
3313,0,6631347085,6631347103,0,0,-17
3314,0,6633349343,6633349356,0,0,-12
3315,0,6635351689,6635351655,0,0,34
3316,0,6637354994,6637354952,0,0,41
3317,0,6639355454,6639355397,0,0,57
3318,0,6641357579,6641357507,0,0,71
3319,0,6643360770,6643360703,0,0,66
3320,0,6645362773,6645362713,0,0,59
3321,0,6647365095,6647365042,0,0,52
3322,0,6649367122,6649367090,0,0,31
3323,0,6651368896,6651368918,0,0,-22
3324,0,6653370568,6653370498,0,0,69
3325,0,6655373657,6655373602,0,0,55
3326,0,6657376281,6657376224,0,0,56
3327,0,6659378884,6659378835,0,0,49
3328,0,6661380216,6661380144,0,0,71
3329,0,6663381639,6663381591,0,0,47
3330,0,6665385499,6665385442,0,0,56
3331,0,6667387193,6667387141,0,0,51
3332,0,6669390270,6669390279,0,0,-8
3333,0,6671390719,6671390673,0,0,45
3334,0,6673392660,6673392613,0,0,47
3335,0,6675396222,6675396156,0,0,66
3336,0,6677397649,6677397605,0,0,43
3337,0,6679399629,6679399589,0,0,40
3338,0,6681402679,6681402633,0,0,46
3339,0,6683405064,6683405024,0,0,39
3340,0,6685407189,6685407131,0,0,58
3341,0,6687408946,6687408884,0,0,61
3342,0,6689410584,6689410549,0,0,35
3343,0,6691414464,6691414426,0,0,38
3344,0,6693415761,6693415716,0,0,44
3345,0,6695416867,6695416819,0,0,48
3346,0,6697419051,6697419020,0,0,31
3347,0,6699422739,6699422701,0,0,38
3348,0,6701426267,6701426211,0,0,55
3349,0,6703427310,6703427271,0,0,38
3350,0,6705429945,6705429894,0,0,51
3351,0,6707431276,6707431238,0,0,38
3352,0,6709434200,6709434161,0,0,38
3353,0,6711435811,6711435782,0,0,29
3354,0,6713438462,6713438433,0,0,29
3355,0,6715440492,6715440465,0,0,27
3356,0,6717443114,6717443161,0,0,-47
3357,0,6719444370,6719444383,0,0,-12
3358,0,6721446224,6721446253,0,0,-29
3359,0,6723450554,6723450584,0,0,-29
3360,0,6725452607,6725452577,0,0,29
3361,0,6727454278,6727454233,0,0,44
3362,0,6729456411,6729456382,0,0,29
3363,0,6731457993,6731458025,0,0,-31
3364,0,6733461287,6733461312,0,0,-25
3365,0,6735462384,6735462352,0,0,31
3366,0,6737464397,6737464381,0,0,15
3367,0,6739467168,6739467145,0,0,23
3368,0,6741469478,6741469444,0,0,33
3369,0,6743471442,6743471413,0,0,29
3370,0,6745473743,6745473728,0,0,15
3371,0,6747475940,6747475916,0,0,23
3372,0,6749478346,6749478310,0,0,36
3373,0,6751480604,6751480591,0,0,13
3374,0,6753483166,6753483138,0,0,28
3375,0,6755485101,6755485091,0,0,10
3376,0,6757487532,6757487575,0,0,-42
3377,0,6759489069,6759489109,0,0,-39
3378,0,6761490708,6761490688,0,0,20
3379,0,6763494006,6763493988,0,0,17
3380,0,6765497061,6765497028,0,0,33
3381,0,6767497973,6767498017,0,0,-44
3382,0,6769499356,6769499393,0,0,-37
3383,0,6771502647,6771502615,0,0,31
3384,0,6773503726,6773503695,0,0,31
3385,0,6775506519,6775506493,0,0,25
3386,0,6777509348,6777509327,0,0,21
3387,0,6779511395,6779511379,0,0,16
3388,0,6781513530,6781513504,0,0,26
3389,0,6783514741,6783514705,0,0,36
3390,0,6785517622,6785517605,0,0,16
3391,0,6787520755,6787520737,0,0,17
3392,0,6789523220,6789523182,0,0,38
3393,0,6791524791,6791524776,0,0,14
3394,0,6793526996,6793526971,0,0,24
3395,0,6795528297,6795528318,0,0,-20
3396,0,6797531587,6797531537,0,0,49
3397,0,6799535193,6799535184,0,0,8
3398,0,6801536224,6801536197,0,0,26
3399,0,6803538651,6803538690,0,0,-39
3400,0,6805540129,6805540165,0,0,-35
3401,0,6807541433,6807541462,0,0,-29
3402,0,6809544098,6809544137,0,0,-38
3403,0,6811547506,6811547489,0,0,16
3404,0,6813549341,6813549303,0,0,38
3405,0,6815551272,6815551249,0,0,23
3406,0,6817552842,6817552886,0,0,-43
3407,0,6819555824,6819555806,0,0,17
3408,0,6821556907,6821556925,0,0,-17
3409,0,6823559846,6823559826,0,0,19
3410,0,6825562672,6825562653,0,0,19
3411,0,6827564503,6827564491,0,0,11
3412,0,6829567168,6829567123,0,0,44
3413,0,6831569240,6831569278,0,0,-38
3414,0,6833570834,6833570825,0,0,8
3415,0,6835574249,6835574224,0,0,24
3416,0,6837576029,6837576041,0,0,-11
3417,0,6839578330,6839578318,0,0,11
3418,0,6841580207,6841580236,0,0,-29
3419,0,6843581483,6843581510,0,0,-26
3420,0,6845584229,6845584266,0,0,-36
3421,0,6847587528,6847587548,0,0,-20
3422,0,6849589812,6849589785,0,0,26
3423,0,6851592611,6851592583,0,0,27
3424,0,6853594710,6853594753,0,0,-42
3425,0,6855595007,6855595038,0,0,-30
3426,0,6857598819,6857598866,0,0,-47
3427,0,6859600698,6859600728,0,0,-29
3428,0,6861603709,6861603682,0,0,26
3429,0,6863605190,6863605149,0,0,40
3430,0,6865607411,6865607373,0,0,38
3431,0,6867609353,6867609316,0,0,36
3432,0,6869612060,6869612052,0,0,8
3433,0,6871614047,6871614008,0,0,38
3434,0,6873616535,6873616507,0,0,27
3435,0,6875618185,6875618161,0,0,23
3436,0,6877619406,6877619366,0,0,39
3437,0,6879621686,6879621611,0,0,74
3438,0,6881624179,6881624140,0,0,39
3439,0,6883627747,6883627680,0,0,66
3440,0,6885629603,6885629538,0,0,65
3441,0,6887631617,6887631559,0,0,58
3442,0,6889632557,6889632499,0,0,57
3443,0,6891634821,6891634761,0,0,60
3444,0,6893637667,6893637629,0,0,38
3445,0,6895641505,6895641539,0,0,-33
3446,0,6897642184,6897642211,0,0,-26
3447,0,6899646433,6899646386,0,0,47
3448,0,6901647453,6901647426,0,0,27
3449,0,6903649749,6903649730,0,0,18
3450,0,6905652220,6905652208,0,0,11
3451,0,6907654259,6907654242,0,0,16
3452,0,6909656301,6909656343,0,0,-42
3453,0,6911658311,6911658282,0,0,29
3454,0,6913660503,6913660460,0,0,42
3455,0,6915661927,6915661893,0,0,33
3456,0,6917664938,6917664928,0,0,9
3457,0,6919666766,6919666757,0,0,8
3458,0,6921669713,6921669721,0,0,-8
3459,0,6923671501,6923671462,0,0,38
3460,0,6925673191,6925673139,0,0,51
3461,0,6927677134,6927677076,0,0,58
3462,0,6929679066,6929679026,0,0,39
3463,0,6931681267,6931681214,0,0,52
3464,0,6933683359,6933683370,0,0,-11
3465,0,6935684757,6935684768,0,0,-10
3466,0,6937687038,6937687031,0,0,7
3467,0,6939689694,6939689635,0,0,58
3468,0,6941692320,6941692261,0,0,58
3469,0,6943694132,6943694157,0,0,-24
3470,0,6945696157,6945696191,0,0,-33
3471,0,6947698268,6947698229,0,0,39
3472,0,6949699800,6949699750,0,0,49
3473,0,6951702546,6951702504,0,0,41
3474,0,6953704384,6953704339,0,0,44
3475,0,6955707604,6955707566,0,0,37
3476,0,6957709705,6957709730,0,0,-24
3477,0,6959712975,6959712965,0,0,10
3478,0,6961714077,6961714094,0,0,-16
3479,0,6963716886,6963716848,0,0,38
3480,0,6965718734,6965718681,0,0,53
3481,0,6967721314,6967721267,0,0,47
3482,0,6969723119,6969723131,0,0,-11
3483,0,6971725083,6971725054,0,0,28
3484,0,6973727685,6973727625,0,0,59
3485,0,6975729701,6975729670,0,0,31
3486,0,6977732092,6977732105,0,0,-13
3487,0,6979735165,6979735147,0,0,17
3488,0,6981737537,6981737572,0,0,-35
3489,0,6983738428,6983738465,0,0,-37
3490,0,6985741557,6985741595,0,0,-38
3491,0,6987742696,6987742738,0,0,-42
3492,0,6989743910,6989743870,0,0,40
3493,0,6991747788,6991747778,0,0,9
3494,0,6993750036,6993749981,0,0,55
3495,0,6995751602,6995751658,0,0,-55
3496,0,6997752959,6997753008,0,0,-48
3497,0,6999757354,6999757417,0,0,-63
3498,0,7001758916,7001758951,0,0,-34
3499,0,7003761164,7003761125,0,0,38
3500,0,7005763287,7005763266,0,0,21
3501,0,7007765020,7007764982,0,0,38
3502,0,7009766283,7009766256,0,0,26
3503,0,7011769661,7011769644,0,0,17
3504,0,7013771998,7013771972,0,0,26
3505,0,7015774779,7015774744,0,0,35
3506,0,7017776731,7017776705,0,0,26
3507,0,7019778636,7019778615,0,0,21
3508,0,7021780688,7021780674,0,0,13
3509,0,7023782466,7023782458,0,0,8
3510,0,7025784539,7025784496,0,0,43
3511,0,7027787831,7027787794,0,0,36
3512,0,7029789904,7029789867,0,0,37
3513,0,7031791831,7031791773,0,0,58
3514,0,7033794022,7033793990,0,0,32
3515,0,7035797302,7035797255,0,0,47
3516,0,7037799768,7037799712,0,0,55
3517,0,7039800988,7039800961,0,0,27
3518,0,7041803222,7041803172,0,0,49
3519,0,7043805857,7043805820,0,0,36
3520,0,7045807838,7045807777,0,0,61
3521,0,7047810227,7047810191,0,0,35
3522,0,7049812447,7049812453,0,0,-5
3523,0,7051814561,7051814592,0,0,-30
3524,0,7053816727,7053816768,0,0,-40
3525,0,7055818993,7055818968,0,0,25
3526,0,7057820505,7057820477,0,0,27
3527,0,7059822912,7059822886,0,0,25
3528,0,7061825202,7061825173,0,0,29
3529,0,7063827940,7063827977,0,0,-37
3530,0,7065829811,7065829805,0,0,6
3531,0,7067831971,7067832020,0,0,-48
3532,0,7069833761,7069833723,0,0,38
3533,0,7071834878,7071834915,0,0,-36
3534,0,7073838568,7073838602,0,0,-33
3535,0,7075841703,7075841682,0,0,21
3536,0,7077843259,7077843235,0,0,23
3537,0,7079845359,7079845319,0,0,40
3538,0,7081847777,7081847762,0,0,15
3539,0,7083849559,7083849542,0,0,16
3540,0,7085851708,7085851699,0,0,8
3541,0,7087854480,7087854532,0,0,-51
3542,0,7089856795,7089856762,0,0,32
3543,0,7091858330,7091858285,0,0,44
3544,0,7093859897,7093859864,0,0,33
3545,0,7095862986,7095862946,0,0,40
3546,0,7097864688,7097864649,0,0,38
3547,0,7099869357,7099869376,0,0,-18
3548,0,7101870219,7101870239,0,0,-20
3549,0,7103871672,7103871658,0,0,13
3550,0,7105873343,7105873281,0,0,61
3551,0,7107876086,7107876065,0,0,20
3552,0,7109878411,7109878445,0,0,-33
3553,0,7111881370,7111881350,0,0,19
3554,0,7113883628,7113883665,0,0,-36
3555,0,7115884967,7115884997,0,0,-30
3556,0,7117886431,7117886393,0,0,37
3557,0,7119890146,7119890098,0,0,47
3558,0,7121892963,7121892904,0,0,58
3559,0,7123895849,7123895860,0,0,-10
3560,0,7125896737,7125896750,0,0,-12
3561,0,7127898319,7127898333,0,0,-13
3562,0,7129899892,7129899831,0,0,60
3563,0,7131903613,7131903566,0,0,47
3564,0,7133905901,7133905840,0,0,60
3565,0,7135907952,7135907904,0,0,47
3566,0,7137909831,7137909800,0,0,31
3567,0,7139911022,7139911016,0,0,6
3568,0,7141914452,7141914413,0,0,39
3569,0,7143915093,7143915058,0,0,35
3570,0,7145917829,7145917801,0,0,27
3571,0,7147921305,7147921266,0,0,39
3572,0,7149923624,7149923595,0,0,28
3573,0,7151926278,7151926240,0,0,38
3574,0,7153927705,7153927679,0,0,26
3575,0,7155929992,7155929954,0,0,38
3576,0,7157932013,7157932044,0,0,-31
3577,0,7159934843,7159934805,0,0,38
3578,0,7161936583,7161936548,0,0,35
3579,0,7163938669,7163938687,0,0,-17
3580,0,7165941134,7165941147,0,0,-12
3581,0,7167942366,7167942376,0,0,-10
3582,0,7169945356,7169945330,0,0,26
3583,0,7171948582,7171948539,0,0,43
3584,0,7173949859,7173949871,0,0,-12
3585,0,7175951908,7175951943,0,0,-35
3586,0,7177954318,7177954339,0,0,-21
3587,0,7179956112,7179956124,0,0,-11
3588,0,7181957813,7181957761,0,0,51
3589,0,7183960966,7183960922,0,0,43
3590,0,7185963231,7185963196,0,0,35
3591,0,7187965280,7187965245,0,0,34
3592,0,7189967512,7189967545,0,0,-32
3593,0,7191968745,7191968705,0,0,40
3594,0,7193972404,7193972373,0,0,31
3595,0,7195974608,7195974593,0,0,15
3596,0,7197977177,7197977166,0,0,11
3597,0,7199980193,7199980213,0,0,-20
3598,0,7201980782,7201980791,0,0,-9
3599,0,7203982089,7203982080,0,0,8
3600,0,7205985302,7205985310,0,0,-8
3601,0,7207986897,7207986838,0,0,58
3602,0,7209990061,7209989989,0,0,71
3603,0,7211992332,7211992274,0,0,58
3604,0,7213994956,7213994901,0,0,55
3605,0,7215997335,7215997347,0,0,-11
3606,0,7217998716,7217998737,0,0,-20
3607,0,7220002874,7220002891,0,0,-16
3608,0,7222004539,7222004552,0,0,-13
3609,0,7224005604,7224005572,0,0,31
3610,0,7226007759,7226007723,0,0,36
3611,0,7228009985,7228010000,0,0,-15
3612,0,7230011320,7230011339,0,0,-18
3613,0,7232014865,7232014845,0,0,20
3614,0,7234016795,7234016768,0,0,26
3615,0,7236018806,7236018774,0,0,31
3616,0,7238020984,7238020945,0,0,39
3617,0,7240023164,7240023140,0,0,23
3618,0,7242026018,7242026049,0,0,-30
3619,0,7244027961,7244028055,0,0,-93
3620,0,7246030513,7246030577,0,0,-64
3621,0,7248031926,7248031952,0,0,-25
3622,0,7250035453,7250035478,0,0,-24
3623,0,7252036851,7252036815,0,0,36
3624,0,7254038503,7254038551,0,0,-48
3625,0,7256040432,7256040489,0,0,-57
3626,0,7258043719,7258043709,0,0,9
3627,0,7260045350,7260045314,0,0,36
3628,0,7262046609,7262046582,0,0,27
3629,0,7264048894,7264048858,0,0,36
3630,0,7266052453,7266052438,0,0,14
3631,0,7268055501,7268055475,0,0,26
3632,0,7270057895,7270057857,0,0,38
3633,0,7272058840,7272058826,0,0,13
3634,0,7274061022,7274061014,0,0,7
3635,0,7276063393,7276063367,0,0,26
3636,0,7278065477,7278065485,0,0,-8
3637,0,7280068163,7280068198,0,0,-35
3638,0,7282070902,7282070927,0,0,-24
3639,0,7284071649,7284071613,0,0,35
3640,0,7286073802,7286073764,0,0,37
3641,0,7288076862,7288076856,0,0,6
3642,0,7290078648,7290078660,0,0,-11
3643,0,7292081002,7292081032,0,0,-30
3644,0,7294084378,7294084406,0,0,-28
3645,0,7296085519,7296085561,0,0,-42
3646,0,7298086858,7298086925,0,0,-67
3647,0,7300091970,7300092007,0,0,-36
3648,0,7302092443,7302092474,0,0,-31
3649,0,7304094683,7304094725,0,0,-42
3650,0,7306096939,7306096966,0,0,-26
3651,0,7308098534,7308098568,0,0,-33
3652,0,7310100388,7310100350,0,0,38
3653,0,7312103092,7312103066,0,0,25
3654,0,7314105728,7314105683,0,0,45
3655,0,7316108369,7316108343,0,0,26
3656,0,7318110326,7318110315,0,0,11
3657,0,7320111942,7320111903,0,0,38
3658,0,7322113278,7322113260,0,0,17
3659,0,7324115337,7324115321,0,0,15
3660,0,7326117826,7326117793,0,0,33
3661,0,7328120594,7328120639,0,0,-44
3662,0,7330123697,7330123723,0,0,-26
3663,0,7332125453,7332125444,0,0,8
3664,0,7334127963,7334128001,0,0,-38
3665,0,7336129565,7336129588,0,0,-22
3666,0,7338131312,7338131283,0,0,29
3667,0,7340134876,7340134844,0,0,31
3668,0,7342136880,7342136871,0,0,8
3669,0,7344138941,7344138984,0,0,-42
3670,0,7346142330,7346142361,0,0,-31
3671,0,7348143497,7348143463,0,0,33
3672,0,7350145882,7350145867,0,0,15
3673,0,7352148186,7352148157,0,0,29
3674,0,7354150370,7354150397,0,0,-26
3675,0,7356152294,7356152320,0,0,-26
3676,0,7358155682,7358155716,0,0,-33
3677,0,7360156431,7360156443,0,0,-12
3678,0,7362158835,7362158783,0,0,52
3679,0,7364162523,7364162465,0,0,58
3680,0,7366164731,7366164666,0,0,65
3681,0,7368166072,7368166041,0,0,31
3682,0,7370167953,7370167892,0,0,61
3683,0,7372170119,7372170071,0,0,48
3684,0,7374172817,7374172739,0,0,77
3685,0,7376174705,7376174678,0,0,26
3686,0,7378178377,7378178339,0,0,38
3687,0,7380179016,7380178993,0,0,23
3688,0,7382181323,7382181279,0,0,43
3689,0,7384183421,7384183393,0,0,27
3690,0,7386186630,7386186575,0,0,55
3691,0,7388189060,7388189035,0,0,24
3692,0,7390189953,7390189901,0,0,51
3693,0,7392191334,7392191300,0,0,34
3694,0,7394194634,7394194616,0,0,17
3695,0,7396196594,7396196543,0,0,50
3696,0,7398198011,7398197982,0,0,28
3697,0,7400203242,7400203197,0,0,44
3698,0,7402203984,7402203961,0,0,23
3699,0,7404205392,7404205359,0,0,33
3700,0,7406207145,7406207093,0,0,51
3701,0,7408209732,7408209759,0,0,-26
3702,0,7410212213,7410212238,0,0,-24
3703,0,7412213697,7412213672,0,0,24
3704,0,7414216847,7414216808,0,0,38
3705,0,7416218918,7416218870,0,0,47
3706,0,7418220162,7418220124,0,0,38
3707,0,7420222638,7420222600,0,0,38
3708,0,7422225059,7422225031,0,0,28
3709,0,7424228444,7424228405,0,0,39
3710,0,7426230354,7426230319,0,0,34
3711,0,7428232325,7428232297,0,0,28
3712,0,7430235041,7430235032,0,0,8
3713,0,7432237265,7432237235,0,0,29
3714,0,7434239279,7434239245,0,0,33
3715,0,7436241836,7436241791,0,0,45
3716,0,7438243585,7438243530,0,0,54
3717,0,7440245341,7440245286,0,0,55
3718,0,7442248898,7442248856,0,0,42
3719,0,7444250017,7444249970,0,0,46
3720,0,7446251005,7446250950,0,0,54
3721,0,7448254136,7448254089,0,0,46
3722,0,7450256772,7450256805,0,0,-33
3723,0,7452258795,7452258746,0,0,49
3724,0,7454260899,7454260849,0,0,49
3725,0,7456263466,7456263411,0,0,55
3726,0,7458264964,7458264910,0,0,54
3727,0,7460268403,7460268346,0,0,56
3728,0,7462270634,7462270591,0,0,43
3729,0,7464272712,7464272660,0,0,51
3730,0,7466274669,7466274624,0,0,44
3731,0,7468276569,7468276531,0,0,38
3732,0,7470278253,7470278195,0,0,58
3733,0,7472281280,7472281295,0,0,-15
3734,0,7474284757,7474284768,0,0,-11
3735,0,7476285446,7476285458,0,0,-11
3736,0,7478287279,7478287295,0,0,-15
3737,0,7480290434,7480290365,0,0,69
3738,0,7482292587,7482292528,0,0,58
3739,0,7484294607,7484294615,0,0,-8
3740,0,7486297092,7486297083,0,0,9
3741,0,7488298961,7488298992,0,0,-30
3742,0,7490300395,7490300415,0,0,-20
3743,0,7492303923,7492303944,0,0,-20
3744,0,7494306552,7494306570,0,0,-17
3745,0,7496308597,7496308557,0,0,39
3746,0,7498310844,7498310802,0,0,41
3747,0,7500313973,7500313921,0,0,51
3748,0,7502314453,7502314395,0,0,58
3749,0,7504315683,7504315711,0,0,-27
3750,0,7506319469,7506319475,0,0,-5
3751,0,7508321914,7508321874,0,0,40
3752,0,7510323699,7510323731,0,0,-31
3753,0,7512325761,7512325779,0,0,-18
3754,0,7514328251,7514328271,0,0,-20
3755,0,7516330289,7516330296,0,0,-6
3756,0,7518332525,7518332546,0,0,-20
3757,0,7520335031,7520335056,0,0,-25
3758,0,7522337595,7522337600,0,0,-5
3759,0,7524339218,7524339251,0,0,-32
3760,0,7526341521,7526341537,0,0,-15
3761,0,7528343289,7528343328,0,0,-38
3762,0,7530344912,7530344883,0,0,29
3763,0,7532348378,7532348328,0,0,49
3764,0,7534350640,7534350617,0,0,23
3765,0,7536352204,7536352169,0,0,35
3766,0,7538354707,7538354689,0,0,17
3767,0,7540357217,7540357186,0,0,30
3768,0,7542359339,7542359373,0,0,-34
3769,0,7544361667,7544361698,0,0,-31
3770,0,7546363805,7546363760,0,0,44
3771,0,7548366021,7548365993,0,0,27
3772,0,7550368312,7550368334,0,0,-22
3773,0,7552370366,7552370402,0,0,-35
3774,0,7554373029,7554373070,0,0,-41
3775,0,7556375653,7556375689,0,0,-36
3776,0,7558378074,7558378096,0,0,-22
3777,0,7560379274,7560379315,0,0,-40
3778,0,7562381348,7562381342,0,0,6
3779,0,7564383319,7564383298,0,0,20
3780,0,7566384734,7566384693,0,0,41
3781,0,7568387559,7568387534,0,0,25
3782,0,7570391357,7570391309,0,0,48
3783,0,7572392190,7572392177,0,0,13
3784,0,7574394023,7574393995,0,0,28
3785,0,7576396578,7576396631,0,0,-52
3786,0,7578398428,7578398462,0,0,-33
3787,0,7580401751,7580401788,0,0,-36
3788,0,7582403612,7582403637,0,0,-24
3789,0,7584405875,7584405829,0,0,46
3790,0,7586406806,7586406768,0,0,38
3791,0,7588409361,7588409319,0,0,42
3792,0,7590412720,7590412730,0,0,-9
3793,0,7592415242,7592415247,0,0,-5
3794,0,7594417071,7594417093,0,0,-21
3795,0,7596419061,7596419013,0,0,47
3796,0,7598420891,7598420849,0,0,42
3797,0,7600424938,7600424910,0,0,28
3798,0,7602426083,7602426053,0,0,29
3799,0,7604429863,7604429849,0,0,13
3800,0,7606430604,7606430674,0,0,-70
3801,0,7608432744,7608432708,0,0,35
3802,0,7610434673,7610434653,0,0,20
3803,0,7612436141,7612436131,0,0,9
3804,0,7614439089,7614439132,0,0,-42
3805,0,7616440581,7616440593,0,0,-12
3806,0,7618443781,7618443741,0,0,39
3807,0,7620446665,7620446633,0,0,31
3808,0,7622447976,7622447993,0,0,-16
3809,0,7624449065,7624449105,0,0,-40
3810,0,7626452043,7626451988,0,0,55
3811,0,7628455161,7628455121,0,0,40
3812,0,7630457474,7630457449,0,0,24
3813,0,7632459008,7632458982,0,0,26
3814,0,7634460527,7634460551,0,0,-24
3815,0,7636463386,7636463410,0,0,-24
3816,0,7638464703,7638464711,0,0,-7
3817,0,7640467525,7640467534,0,0,-9
3818,0,7642470295,7642470311,0,0,-15
3819,0,7644471203,7644471163,0,0,40
3820,0,7646474023,7646474009,0,0,13
3821,0,7648477090,7648477053,0,0,36
3822,0,7650480298,7650480255,0,0,42
3823,0,7652482712,7652482672,0,0,40
3824,0,7654483496,7654483458,0,0,37
3825,0,7656484801,7656484768,0,0,33
3826,0,7658487751,7658487761,0,0,-10
3827,0,7660490949,7660490903,0,0,45
3828,0,7662492901,7662492852,0,0,48
3829,0,7664495507,7664495468,0,0,38
3830,0,7666496969,7666496934,0,0,35
3831,0,7668499143,7668499120,0,0,23
3832,0,7670500772,7670500724,0,0,47
3833,0,7672503789,7672503755,0,0,33
3834,0,7674506492,7674506438,0,0,53
3835,0,7676508711,7676508732,0,0,-21
3836,0,7678510496,7678510457,0,0,38
3837,0,7680512157,7680512191,0,0,-33
3838,0,7682513930,7682513947,0,0,-16
3839,0,7684518322,7684518341,0,0,-18
3840,0,7686520456,7686520488,0,0,-32
3841,0,7688522576,7688522550,0,0,26
3842,0,7690524817,7690524781,0,0,36
3843,0,7692525663,7692525630,0,0,33
3844,0,7694527206,7694527157,0,0,48
3845,0,7696529237,7696529211,0,0,26
3846,0,7698532256,7698532221,0,0,35
3847,0,7700537725,7700537683,0,0,41
3848,0,7702537433,7702537394,0,0,39
3849,0,7704539061,7704539039,0,0,22
3850,0,7706540206,7706540182,0,0,24
3851,0,7708542611,7708542643,0,0,-32
3852,0,7710545069,7710545108,0,0,-38
3853,0,7712549066,7712549106,0,0,-40
3854,0,7714551014,7714550975,0,0,39
3855,0,7716553087,7716553049,0,0,38
3856,0,7718555096,7718555052,0,0,44
3857,0,7720557102,7720557058,0,0,43
3858,0,7722558561,7722558587,0,0,-25
3859,0,7724561903,7724561955,0,0,-51
3860,0,7726563942,7726563905,0,0,36
3861,0,7728565874,7728565912,0,0,-38
3862,0,7730567537,7730567587,0,0,-49
3863,0,7732571571,7732571608,0,0,-36
3864,0,7734572815,7734572791,0,0,24
3865,0,7736575357,7736575321,0,0,36
3866,0,7738577551,7738577535,0,0,15
3867,0,7740579456,7740579422,0,0,33
3868,0,7742581714,7742581672,0,0,41
3869,0,7744583993,7744583964,0,0,29
3870,0,7746586600,7746586549,0,0,51
3871,0,7748588350,7748588313,0,0,36
3872,0,7750590981,7750590930,0,0,50
3873,0,7752592840,7752592792,0,0,48
3874,0,7754595128,7754595098,0,0,30
3875,0,7756596941,7756596903,0,0,37
3876,0,7758598712,7758598660,0,0,51
3877,0,7760602020,7760601983,0,0,36
3878,0,7762604280,7762604286,0,0,-5
3879,0,7764607339,7764607356,0,0,-16
3880,0,7766608060,7766608078,0,0,-18
3881,0,7768609550,7768609565,0,0,-15
3882,0,7770613249,7770613208,0,0,41
3883,0,7772615583,7772615546,0,0,37
3884,0,7774617644,7774617584,0,0,59
3885,0,7776618957,7776618907,0,0,49
3886,0,7778620611,7778620584,0,0,26
3887,0,7780622817,7780622771,0,0,45
3888,0,7782625225,7782625186,0,0,38
3889,0,7784628620,7784628604,0,0,15
3890,0,7786631015,7786630973,0,0,42
3891,0,7788633144,7788633135,0,0,8
3892,0,7790635068,7790635020,0,0,47
3893,0,7792636876,7792636863,0,0,13
3894,0,7794638977,7794638950,0,0,26
3895,0,7796643099,7796643084,0,0,15
3896,0,7798644148,7798644178,0,0,-30
3897,0,7800647201,7800647224,0,0,-22
3898,0,7802647016,7802647044,0,0,-28
3899,0,7804649815,7804649851,0,0,-35
3900,0,7806651591,7806651603,0,0,-11
3901,0,7808654191,7808654167,0,0,23
3902,0,7810657468,7810657514,0,0,-45
3903,0,7812660535,7812660584,0,0,-48
3904,0,7814663008,7814663062,0,0,-53
3905,0,7816662970,7816662935,0,0,34
3906,0,7818665444,7818665438,0,0,6
3907,0,7820668730,7820668701,0,0,29
3908,0,7822671071,7822671056,0,0,15
3909,0,7824673040,7824673033,0,0,7
3910,0,7826674173,7826674145,0,0,27
3911,0,7828678626,7828678656,0,0,-29
3912,0,7830679620,7830679657,0,0,-36
3913,0,7832682307,7832682294,0,0,12
3914,0,7834684105,7834684084,0,0,21
3915,0,7836686334,7836686314,0,0,20
3916,0,7838688642,7838688615,0,0,26
3917,0,7840690343,7840690397,0,0,-54
3918,0,7842692276,7842692255,0,0,20
3919,0,7844695555,7844695532,0,0,23
3920,0,7846697979,7846697968,0,0,10
3921,0,7848699905,7848699877,0,0,28
3922,0,7850701905,7850701889,0,0,16
3923,0,7852704883,7852704846,0,0,36
3924,0,7854706676,7854706633,0,0,43
3925,0,7856708820,7856708782,0,0,38
3926,0,7858711073,7858711031,0,0,41
3927,0,7860712859,7860712817,0,0,41
3928,0,7862715476,7862715447,0,0,29
3929,0,7864717333,7864717274,0,0,58
3930,0,7866719773,7866719734,0,0,38
3931,0,7868722808,7868722744,0,0,63
3932,0,7870725161,7870725116,0,0,44
3933,0,7872726064,7872726039,0,0,24
3934,0,7874727853,7874727886,0,0,-32
3935,0,7876730874,7876730896,0,0,-22
3936,0,7878732793,7878732813,0,0,-19
3937,0,7880734817,7880734834,0,0,-17
3938,0,7882738357,7882738364,0,0,-6
3939,0,7884740982,7884740946,0,0,35
3940,0,7886742074,7886742047,0,0,26
3941,0,7888744087,7888744037,0,0,49
3942,0,7890747353,7890747363,0,0,-9
3943,0,7892749228,7892749199,0,0,28
3944,0,7894751992,7894751950,0,0,41
3945,0,7896752825,7896752785,0,0,40
3946,0,7898754226,7898754202,0,0,24
3947,0,7900759206,7900759155,0,0,51
3948,0,7902759799,7902759813,0,0,-14
3949,0,7904762465,7904762486,0,0,-21
3950,0,7906764207,7906764239,0,0,-31
3951,0,7908766480,7908766497,0,0,-17
3952,0,7910768705,7910768730,0,0,-24
3953,0,7912770607,7912770619,0,0,-11
3954,0,7914772251,7914772210,0,0,40
3955,0,7916775850,7916775802,0,0,48
3956,0,7918777951,7918777912,0,0,38
3957,0,7920779917,7920779956,0,0,-38
3958,0,7922782157,7922782166,0,0,-9
3959,0,7924784071,7924784031,0,0,39
3960,0,7926787714,7926787670,0,0,43
3961,0,7928788941,7928788893,0,0,47
3962,0,7930791301,7930791319,0,0,-17
3963,0,7932793192,7932793220,0,0,-27
3964,0,7934795567,7934795595,0,0,-28
3965,0,7936797171,7936797137,0,0,33
3966,0,7938798777,7938798751,0,0,26
3967,0,7940802969,7940802943,0,0,25
3968,0,7942805226,7942805208,0,0,17
3969,0,7944806244,7944806269,0,0,-24
3970,0,7946807694,7946807730,0,0,-35
3971,0,7948810294,7948810256,0,0,38
3972,0,7950812186,7950812148,0,0,38
3973,0,7952815431,7952815384,0,0,46
3974,0,7954817548,7954817500,0,0,48
3975,0,7956819411,7956819363,0,0,48
3976,0,7958821876,7958821851,0,0,25
3977,0,7960824029,7960823986,0,0,42
3978,0,7962825890,7962825843,0,0,47
3979,0,7964829591,7964829537,0,0,53
3980,0,7966831815,7966831791,0,0,23
3981,0,7968833056,7968833036,0,0,19
3982,0,7970834737,7970834698,0,0,38
3983,0,7972837544,7972837525,0,0,19
3984,0,7974838825,7974838799,0,0,26
3985,0,7976842233,7976842177,0,0,56
3986,0,7978844348,7978844321,0,0,26
3987,0,7980846477,7980846445,0,0,31
3988,0,7982849117,7982849071,0,0,46
3989,0,7984850955,7984850914,0,0,41
3990,0,7986853296,7986853258,0,0,38
3991,0,7988855398,7988855342,0,0,56
3992,0,7990858733,7990858691,0,0,42
3993,0,7992859934,7992859889,0,0,44
3994,0,7994862531,7994862493,0,0,38
3995,0,7996864628,7996864657,0,0,-29
3996,0,7998866766,7998866777,0,0,-11
3997,0,8000870449,8000870430,0,0,18
3998,0,8002871200,8002871148,0,0,52
3999,0,8004873925,8004873899,0,0,25
4000,0,8006875671,8006875681,0,0,-10
4001,0,8008877763,8008877788,0,0,-24
4002,0,8010880302,8010880310,0,0,-8
4003,0,8012882357,8012882391,0,0,-33
4004,0,8014884283,8014884315,0,0,-31
4005,0,8016886402,8016886368,0,0,33
4006,0,8018887325,8018887348,0,0,-22
4007,0,8020890007,8020890041,0,0,-33
4008,0,8022894253,8022894262,0,0,-8
4009,0,8024894292,8024894321,0,0,-28
4010,0,8026896619,8026896649,0,0,-29
4011,0,8028899894,8028899858,0,0,36
4012,0,8030901220,8030901166,0,0,53
4013,0,8032903784,8032903763,0,0,21
4014,0,8034905624,8034905642,0,0,-18
4015,0,8036908876,8036908889,0,0,-13
4016,0,8038910954,8038910908,0,0,45
4017,0,8040912658,8040912620,0,0,38
4018,0,8042914676,8042914653,0,0,22
4019,0,8044917937,8044917899,0,0,38
4020,0,8046919561,8046919540,0,0,21
4021,0,8048921498,8048921438,0,0,59
4022,0,8050924952,8050924895,0,0,56
4023,0,8052926217,8052926173,0,0,44
4024,0,8054928667,8054928611,0,0,56
4025,0,8056930137,8056930079,0,0,58
4026,0,8058934039,8058934065,0,0,-26
4027,0,8060936042,8060936037,0,0,5
4028,0,8062938049,8062938068,0,0,-18
4029,0,8064939429,8064939419,0,0,9
4030,0,8066941589,8066941532,0,0,57
4031,0,8068944439,8068944368,0,0,71
4032,0,8070947101,8070947092,0,0,9
4033,0,8072949319,8072949312,0,0,6
4034,0,8074951279,8074951271,0,0,7
4035,0,8076953172,8076953122,0,0,49
4036,0,8078955339,8078955315,0,0,24
4037,0,8080956488,8080956478,0,0,9
4038,0,8082958921,8082958977,0,0,-56
4039,0,8084962460,8084962506,0,0,-45
4040,0,8086965589,8086965622,0,0,-32
4041,0,8088966665,8088966730,0,0,-65
4042,0,8090968884,8090968926,0,0,-42
4043,0,8092970839,8092970804,0,0,35
4044,0,8094972322,8094972285,0,0,36
4045,0,8096975787,8096975774,0,0,13
4046,0,8098977776,8098977824,0,0,-48
4047,0,8100981005,8100981019,0,0,-13
4048,0,8102982241,8102982211,0,0,29
4049,0,8104983973,8104983915,0,0,58
4050,0,8106985692,8106985683,0,0,8
4051,0,8108989409,8108989380,0,0,29
4052,0,8110991642,8110991584,0,0,57
4053,0,8112992964,8112992915,0,0,48
4054,0,8114994856,8114994837,0,0,18
4055,0,8116998017,8116997997,0,0,20
4056,0,8119001426,8119001371,0,0,54
4057,0,8121002492,8121002475,0,0,16
4058,0,8123004885,8123004915,0,0,-30
4059,0,8125006415,8125006444,0,0,-29
4060,0,8127008175,8127008186,0,0,-10
4061,0,8129010677,8129010683,0,0,-6
4062,0,8131012443,8131012459,0,0,-15
4063,0,8133017268,8133017282,0,0,-13
4064,0,8135018882,8135018903,0,0,-20
4065,0,8137020061,8137020071,0,0,-10
4066,0,8139022462,8139022476,0,0,-13
4067,0,8141024294,8141024243,0,0,51
4068,0,8143025700,8143025668,0,0,31
4069,0,8145029140,8145029096,0,0,43
4070,0,8147030970,8147030923,0,0,46
4071,0,8149031839,8149031799,0,0,40
4072,0,8151036213,8151036156,0,0,56
4073,0,8153037901,8153037851,0,0,49
4074,0,8155040014,8155040001,0,0,13
4075,0,8157042850,8157042811,0,0,38
4076,0,8159045165,8159045182,0,0,-16
4077,0,8161046230,8161046262,0,0,-31
4078,0,8163048183,8163048167,0,0,15
4079,0,8165051071,8165051043,0,0,28
4080,0,8167053582,8167053525,0,0,56
4081,0,8169055921,8169055883,0,0,38
4082,0,8171058049,8171058011,0,0,38
4083,0,8173060069,8173060023,0,0,45
4084,0,8175062318,8175062322,0,0,-4
4085,0,8177064035,8177064076,0,0,-40
4086,0,8179066308,8179066254,0,0,53
4087,0,8181069521,8181069482,0,0,39
4088,0,8183072061,8183072043,0,0,17
4089,0,8185073312,8185073278,0,0,33
4090,0,8187076053,8187076024,0,0,29
4091,0,8189077700,8189077731,0,0,-31
4092,0,8191080125,8191080116,0,0,8
4093,0,8193082400,8193082361,0,0,38
4094,0,8195084604,8195084566,0,0,38
4095,0,8197087310,8197087340,0,0,-30
4096,0,8199089211,8199089244,0,0,-33
4097,0,8201092621,8201092655,0,0,-33
4098,0,8203093332,8203093283,0,0,48
4099,0,8205094877,8205094842,0,0,34
4100,0,8207098191,8207098158,0,0,33
4101,0,8209099713,8209099685,0,0,27
4102,0,8211101561,8211101589,0,0,-28
4103,0,8213104557,8213104584,0,0,-26
4104,0,8215107577,8215107606,0,0,-29
4105,0,8217108221,8217108268,0,0,-47
4106,0,8219111274,8219111313,0,0,-38
4107,0,8221113611,8221113621,0,0,-10
4108,0,8223115628,8223115642,0,0,-14
4109,0,8225116499,8225116516,0,0,-16
4110,0,8227119405,8227119419,0,0,-13
4111,0,8229122855,8229122879,0,0,-24
4112,0,8231124894,8231124855,0,0,39
4113,0,8233126673,8233126645,0,0,27
4114,0,8235127753,8235127703,0,0,49
4115,0,8237130507,8237130462,0,0,44
4116,0,8239133611,8239133586,0,0,24
4117,0,8241136025,8241135990,0,0,35
4118,0,8243138195,8243138167,0,0,28
4119,0,8245140069,8245140031,0,0,38
4120,0,8247142211,8247142195,0,0,15
4121,0,8249144420,8249144438,0,0,-17
4122,0,8251146080,8251146116,0,0,-35
4123,0,8253149880,8253149910,0,0,-29
4124,0,8255152245,8255152215,0,0,29
4125,0,8257153252,8257153215,0,0,36
4126,0,8259154633,8259154618,0,0,14
4127,0,8261158912,8261158896,0,0,15
4128,0,8263161381,8263161334,0,0,46
4129,0,8265162635,8265162602,0,0,33
4130,0,8267164639,8267164604,0,0,35
4131,0,8269166487,8269166449,0,0,38
4132,0,8271167942,8271167919,0,0,23
4133,0,8273170176,8273170155,0,0,21
4134,0,8275172415,8275172375,0,0,40
4135,0,8277174952,8277174927,0,0,24
4136,0,8279178271,8279178305,0,0,-33
4137,0,8281180946,8281180971,0,0,-25
4138,0,8283181817,8283181797,0,0,19
4139,0,8285184473,8285184433,0,0,40
4140,0,8287185802,8287185768,0,0,34
4141,0,8289189403,8289189368,0,0,35
4142,0,8291191797,8291191761,0,0,35
4143,0,8293193321,8293193273,0,0,48
4144,0,8295195022,8295194984,0,0,38
4145,0,8297198281,8297198230,0,0,51
4146,0,8299200243,8299200224,0,0,19
4147,0,8301204523,8301204478,0,0,44
4148,0,8303206036,8303205998,0,0,38
4149,0,8305206678,8305206629,0,0,49
4150,0,8307208232,8307208204,0,0,28
4151,0,8309210812,8309210775,0,0,36
4152,0,8311214393,8311214363,0,0,29
4153,0,8313217086,8313217099,0,0,-13
4154,0,8315218249,8315218281,0,0,-31
4155,0,8317219915,8317219940,0,0,-24
4156,0,8319221445,8319221424,0,0,20
4157,0,8321224644,8321224633,0,0,11
4158,0,8323227321,8323227307,0,0,13
4159,0,8325230795,8325230790,0,0,5
4160,0,8327232526,8327232586,0,0,-60
4161,0,8329233899,8329233944,0,0,-44
4162,0,8331235832,8331235832,0,0,0
4163,0,8333237862,8333237813,0,0,49
4164,0,8335239647,8335239597,0,0,49
4165,0,8337243101,8337243057,0,0,43
4166,0,8339244952,8339244966,0,0,-13
4167,0,8341246464,8341246484,0,0,-20
4168,0,8343248327,8343248342,0,0,-15
4169,0,8345252556,8345252569,0,0,-13
4170,0,8347253833,8347253800,0,0,33
4171,0,8349255860,8349255811,0,0,49
4172,0,8351257841,8351257872,0,0,-31
4173,0,8353258793,8353258835,0,0,-42
4174,0,8355261817,8355261856,0,0,-39
4175,0,8357265148,8357265177,0,0,-29
4176,0,8359266811,8359266779,0,0,31
4177,0,8361268352,8361268319,0,0,33
4178,0,8363271482,8363271444,0,0,37
4179,0,8365273124,8365273139,0,0,-15
4180,0,8367275828,8367275860,0,0,-32
4181,0,8369278131,8369278175,0,0,-43
4182,0,8371280453,8371280486,0,0,-32
4183,0,8373282774,8373282748,0,0,25
4184,0,8375285233,8375285199,0,0,34
4185,0,8377288133,8377288105,0,0,27
4186,0,8379289368,8379289354,0,0,13
4187,0,8381291711,8381291667,0,0,43
4188,0,8383293766,8383293744,0,0,22
4189,0,8385296468,8385296443,0,0,24
4190,0,8387298181,8387298195,0,0,-14
4191,0,8389300020,8389300044,0,0,-23
4192,0,8391302104,8391302126,0,0,-22
4193,0,8393305339,8393305350,0,0,-11
4194,0,8395307415,8395307438,0,0,-22
4195,0,8397310164,8397310175,0,0,-11
4196,0,8399312439,8399312401,0,0,38
4197,0,8401315435,8401315388,0,0,47
4198,0,8403316043,8403316011,0,0,31
4199,0,8405317794,8405317757,0,0,36
4200,0,8407319939,8407319892,0,0,47
4201,0,8409323892,8409323843,0,0,48
4202,0,8411325030,8411324984,0,0,46
4203,0,8413327262,8413327211,0,0,51
4204,0,8415329581,8415329529,0,0,51
4205,0,8417331561,8417331539,0,0,22
4206,0,8419333333,8419333285,0,0,47
4207,0,8421336575,8421336529,0,0,45
4208,0,8423338526,8423338512,0,0,13
4209,0,8425340238,8425340205,0,0,33
4210,0,8427341515,8427341530,0,0,-15
4211,0,8429344933,8429344972,0,0,-38
4212,0,8431346893,8431346925,0,0,-31
4213,0,8433348458,8433348423,0,0,34
4214,0,8435351896,8435351868,0,0,28
4215,0,8437353448,8437353410,0,0,38
4216,0,8439354770,8439354736,0,0,33
4217,0,8441358459,8441358479,0,0,-20
4218,0,8443360617,8443360642,0,0,-24
4219,0,8445362894,8445362910,0,0,-15
4220,0,8447364546,8447364561,0,0,-14
4221,0,8449366036,8449366053,0,0,-16
4222,0,8451369585,8451369602,0,0,-17
4223,0,8453372079,8453372104,0,0,-24
4224,0,8455373660,8455373694,0,0,-33
4225,0,8457375946,8457375910,0,0,35
4226,0,8459378431,8459378407,0,0,24
4227,0,8461380286,8461380251,0,0,35
4228,0,8463383226,8463383193,0,0,33
4229,0,8465384333,8465384298,0,0,34
4230,0,8467385966,8467385914,0,0,51
4231,0,8469388416,8469388442,0,0,-26
4232,0,8471391401,8471391357,0,0,43
4233,0,8473393728,8473393673,0,0,55
4234,0,8475394871,8475394833,0,0,38
4235,0,8477397257,8477397238,0,0,19
4236,0,8479400444,8479400406,0,0,38
4237,0,8481402848,8481402838,0,0,9
4238,0,8483405024,8483404998,0,0,25
4239,0,8485406945,8485406921,0,0,23
4240,0,8487408458,8487408415,0,0,42
4241,0,8489411084,8489411029,0,0,55
4242,0,8491412800,8491412763,0,0,36
4243,0,8493416363,8493416325,0,0,37
4244,0,8495418088,8495418048,0,0,40
4245,0,8497419465,8497419441,0,0,23
4246,0,8499422761,8499422772,0,0,-11
4247,0,8501426450,8501426458,0,0,-8
4248,0,8503427858,8503427873,0,0,-15
4249,0,8505430964,8505430987,0,0,-22
4250,0,8507431632,8507431649,0,0,-17
4251,0,8509433736,8509433761,0,0,-25
4252,0,8511436001,8511435947,0,0,53
4253,0,8513436984,8513436934,0,0,50
4254,0,8515439903,8515439924,0,0,-21
4255,0,8517443245,8517443282,0,0,-36
4256,0,8519445274,8519445251,0,0,23
4257,0,8521447208,8521447172,0,0,36
4258,0,8523449502,8523449476,0,0,25
4259,0,8525451983,8525451943,0,0,39
4260,0,8527453698,8527453728,0,0,-29
4261,0,8529455187,8529455228,0,0,-40
4262,0,8531458411,8531458452,0,0,-40
4263,0,8533460494,8533460471,0,0,22
4264,0,8535462597,8535462638,0,0,-40
4265,0,8537464880,8537464849,0,0,31
4266,0,8539466997,8539466949,0,0,48
4267,0,8541469849,8541469812,0,0,37
4268,0,8543471680,8543471709,0,0,-29
4269,0,8545473586,8545473628,0,0,-41
4270,0,8547474700,8547474672,0,0,27
4271,0,8549476866,8549476840,0,0,26
4272,0,8551479160,8551479201,0,0,-40
4273,0,8553482209,8553482241,0,0,-31
4274,0,8555484957,8555484994,0,0,-36
4275,0,8557487544,8557487600,0,0,-55
4276,0,8559489534,8559489494,0,0,39
4277,0,8561491305,8561491280,0,0,24
4278,0,8563493233,8563493210,0,0,23
4279,0,8565496183,8565496151,0,0,31
4280,0,8567498324,8567498291,0,0,33
4281,0,8569501274,8569501299,0,0,-25
4282,0,8571502177,8571502160,0,0,16
4283,0,8573505242,8573505209,0,0,33
4284,0,8575507256,8575507208,0,0,47
4285,0,8577509833,8577509792,0,0,40
4286,0,8579512089,8579512138,0,0,-48
4287,0,8581514876,8581514910,0,0,-34
4288,0,8583517140,8583517178,0,0,-38
4289,0,8585518136,8585518116,0,0,19
4290,0,8587520396,8587520431,0,0,-35
4291,0,8589522701,8589522727,0,0,-26
4292,0,8591525120,8591525155,0,0,-35
4293,0,8593527202,8593527247,0,0,-45
4294,0,8595529670,8595529649,0,0,20
4295,0,8597532119,8597532085,0,0,33
4296,0,8599534097,8599534074,0,0,23
4297,0,8601538501,8601538483,0,0,17
4298,0,8603539581,8603539606,0,0,-24
4299,0,8605540414,8605540409,0,0,4
4300,0,8607542151,8607542114,0,0,37
4301,0,8609545474,8609545440,0,0,33
4302,0,8611547685,8611547670,0,0,14
4303,0,8613549966,8613549941,0,0,24
4304,0,8615551852,8615551892,0,0,-39
4305,0,8617553762,8617553768,0,0,-5
4306,0,8619555157,8619555197,0,0,-40
4307,0,8621558437,8621558470,0,0,-33
4308,0,8623561017,8623560960,0,0,56
4309,0,8625563333,8625563283,0,0,49
4310,0,8627565070,8627565030,0,0,40
4311,0,8629566876,8629566868,0,0,8
4312,0,8631568795,8631568762,0,0,33
4313,0,8633572044,8633572026,0,0,17
4314,0,8635575253,8635575219,0,0,34
4315,0,8637576516,8637576489,0,0,26
4316,0,8639578736,8639578682,0,0,53
4317,0,8641580456,8641580488,0,0,-31
4318,0,8643582305,8643582330,0,0,-24
4319,0,8645586301,8645586254,0,0,47
4320,0,8647588761,8647588705,0,0,56
4321,0,8649590447,8649590399,0,0,47
4322,0,8651592338,8651592295,0,0,42
4323,0,8653594177,8653594143,0,0,33
4324,0,8655595967,8655595928,0,0,39
4325,0,8657597014,8657596988,0,0,26
4326,0,8659600157,8659600132,0,0,24
4327,0,8661602879,8661602867,0,0,11
4328,0,8663605314,8663605297,0,0,16
4329,0,8665607105,8665607119,0,0,-13
4330,0,8667609660,8667609674,0,0,-13
4331,0,8669611555,8669611597,0,0,-42
4332,0,8671612570,8671612510,0,0,60
4333,0,8673615701,8673615683,0,0,17
4334,0,8675618942,8675618952,0,0,-10
4335,0,8677620385,8677620417,0,0,-31
4336,0,8679621840,8679621878,0,0,-38
4337,0,8681624118,8681624089,0,0,28
4338,0,8683627817,8683627786,0,0,31
4339,0,8685629913,8685629874,0,0,39
4340,0,8687631700,8687631640,0,0,59
4341,0,8689632904,8689632913,0,0,-8
4342,0,8691635075,8691635087,0,0,-12
4343,0,8693637373,8693637375,0,0,-1
4344,0,8695639711,8695639732,0,0,-21
4345,0,8697642291,8697642303,0,0,-12
4346,0,8699645890,8699645907,0,0,-16
4347,0,8701647597,8701647613,0,0,-15
4348,0,8703649838,8703649853,0,0,-15
4349,0,8705650370,8705650380,0,0,-9
4350,0,8707653424,8707653386,0,0,38
4351,0,8709656829,8709656774,0,0,54
4352,0,8711658955,8711658898,0,0,56
4353,0,8713661084,8713661110,0,0,-26
4354,0,8715662680,8715662690,0,0,-9
4355,0,8717664415,8717664425,0,0,-10
4356,0,8719667771,8719667803,0,0,-31
4357,0,8721670248,8721670223,0,0,24
4358,0,8723672101,8723672033,0,0,67
4359,0,8725673730,8725673671,0,0,58
4360,0,8727675505,8727675527,0,0,-21
4361,0,8729678637,8729678649,0,0,-11
4362,0,8731682146,8731682164,0,0,-17
4363,0,8733683697,8733683628,0,0,69
4364,0,8735685164,8735685138,0,0,25
4365,0,8737686557,8737686507,0,0,49
4366,0,8739689403,8739689435,0,0,-31
4367,0,8741690734,8741690749,0,0,-14
4368,0,8743693637,8743693659,0,0,-22
4369,0,8745696487,8745696499,0,0,-12
4370,0,8747698584,8747698613,0,0,-28
4371,0,8749700604,8749700556,0,0,48
4372,0,8751702165,8751702197,0,0,-31
4373,0,8753705575,8753705600,0,0,-24
4374,0,8755707600,8755707566,0,0,33
4375,0,8757709952,8757709923,0,0,29
4376,0,8759712584,8759712537,0,0,47
4377,0,8761714265,8761714251,0,0,13
4378,0,8763717471,8763717440,0,0,31
4379,0,8765718773,8765718734,0,0,39
4380,0,8767720912,8767720871,0,0,40
4381,0,8769723166,8769723136,0,0,29
4382,0,8771725621,8771725584,0,0,36
4383,0,8773728067,8773728052,0,0,15
4384,0,8775729991,8775729955,0,0,35
4385,0,8777731615,8777731594,0,0,20
4386,0,8779733185,8779733175,0,0,9
4387,0,8781736451,8781736422,0,0,29
4388,0,8783738695,8783738647,0,0,47
4389,0,8785741332,8785741309,0,0,23
4390,0,8787742794,8787742773,0,0,20
4391,0,8789743678,8789743646,0,0,32
4392,0,8791746825,8791746791,0,0,33
4393,0,8793750139,8793750114,0,0,24
4394,0,8795751986,8795751981,0,0,4
4395,0,8797753962,8797753917,0,0,44
4396,0,8799755415,8799755392,0,0,23
4397,0,8801759685,8801759721,0,0,-35
4398,0,8803760150,8803760187,0,0,-36
4399,0,8805763033,8805763075,0,0,-42
4400,0,8807765633,8807765665,0,0,-31
4401,0,8809767461,8809767494,0,0,-32
4402,0,8811769712,8811769748,0,0,-35
4403,0,8813772231,8813772269,0,0,-38
4404,0,8815775131,8815775122,0,0,8
4405,0,8817777275,8817777256,0,0,18
4406,0,8819778863,8819778839,0,0,24
4407,0,8821781740,8821781709,0,0,31
4408,0,8823783211,8823783186,0,0,24
4409,0,8825785454,8825785424,0,0,29
4410,0,8827787851,8827787829,0,0,21
4411,0,8829789944,8829789906,0,0,38
4412,0,8831791944,8831791912,0,0,31
4413,0,8833794321,8833794309,0,0,11
4414,0,8835796535,8835796521,0,0,13
4415,0,8837798769,8837798756,0,0,13
4416,0,8839800823,8839800786,0,0,37
4417,0,8841802738,8841802718,0,0,20
4418,0,8843805260,8843805235,0,0,24
4419,0,8845806845,8845806802,0,0,43
4420,0,8847809620,8847809580,0,0,39
4421,0,8849810555,8849810521,0,0,33
4422,0,8851813226,8851813215,0,0,11
4423,0,8853816829,8853816816,0,0,13
4424,0,8855819087,8855819044,0,0,42
4425,0,8857820560,8857820582,0,0,-22
4426,0,8859823057,8859823019,0,0,38
4427,0,8861824497,8861824478,0,0,18
4428,0,8863827445,8863827427,0,0,17
4429,0,8865829119,8865829083,0,0,36
4430,0,8867832138,8867832077,0,0,60
4431,0,8869834128,8869834170,0,0,-42
4432,0,8871835285,8871835263,0,0,21
4433,0,8873837579,8873837560,0,0,19
4434,0,8875840071,8875840040,0,0,31
4435,0,8877843976,8877843960,0,0,15
4436,0,8879845792,8879845743,0,0,49
4437,0,8881847413,8881847375,0,0,38
4438,0,8883848983,8883848950,0,0,33
4439,0,8885851687,8885851661,0,0,26
4440,0,8887853433,8887853395,0,0,38
4441,0,8889856595,8889856571,0,0,23
4442,0,8891859919,8891859897,0,0,21
4443,0,8893860561,8893860539,0,0,22
4444,0,8895862617,8895862593,0,0,24
4445,0,8897865217,8897865191,0,0,25
4446,0,8899867074,8899867040,0,0,33
4447,0,8901872647,8901872607,0,0,40
4448,0,8903873903,8903873935,0,0,-31
4449,0,8905874388,8905874415,0,0,-26
4450,0,8907876057,8907876079,0,0,-22
4451,0,8909878010,8909878027,0,0,-17
4452,0,8911881415,8911881373,0,0,41
4453,0,8913883280,8913883246,0,0,33
4454,0,8915885750,8915885711,0,0,38
4455,0,8917887606,8917887570,0,0,36
4456,0,8919889974,8919890007,0,0,-33
4457,0,8921892105,8921892150,0,0,-44
4458,0,8923895566,8923895582,0,0,-15
4459,0,8925897368,8925897322,0,0,45
4460,0,8927899019,8927898975,0,0,43
4461,0,8929901214,8929901189,0,0,24
4462,0,8931903018,8931902945,0,0,73
4463,0,8933904725,8933904661,0,0,63
4464,0,8935907768,8935907700,0,0,67
4465,0,8937909280,8937909218,0,0,61
4466,0,8939912065,8939912006,0,0,58
4467,0,8941913327,8941913342,0,0,-15
4468,0,8943915541,8943915566,0,0,-24
4469,0,8945918605,8945918648,0,0,-42
4470,0,8947920381,8947920415,0,0,-34
4471,0,8949923662,8949923677,0,0,-14
4472,0,8951926308,8951926281,0,0,26
4473,0,8953927543,8953927495,0,0,48
4474,0,8955928826,8955928778,0,0,47
4475,0,8957932289,8957932312,0,0,-22
4476,0,8959934671,8959934680,0,0,-8
4477,0,8961936972,8961936932,0,0,39
4478,0,8963938871,8963938831,0,0,40
4479,0,8965941926,8965941883,0,0,43
4480,0,8967943335,8967943285,0,0,49
4481,0,8969946009,8969946034,0,0,-24
4482,0,8971948224,8971948235,0,0,-11
4483,0,8973950376,8973950310,0,0,66
4484,0,8975952277,8975952227,0,0,49
4485,0,8977954348,8977954308,0,0,40
4486,0,8979955794,8979955803,0,0,-8
4487,0,8981958935,8981958947,0,0,-11
4488,0,8983961146,8983961087,0,0,58
4489,0,8985963765,8985963719,0,0,45
4490,0,8987965511,8987965439,0,0,71
4491,0,8989967919,8989967870,0,0,49
4492,0,8991970103,8991970058,0,0,44
4493,0,8993971929,8993971962,0,0,-33
4494,0,8995973941,8995973973,0,0,-32
4495,0,8997977358,8997977382,0,0,-23
4496,0,8999978950,8999978913,0,0,36
4497,0,9001982660,9001982624,0,0,35
4498,0,9003983224,9003983191,0,0,33
4499,0,9005984640,9005984604,0,0,35
4500,0,9007988609,9007988563,0,0,46
4501,0,9009990654,9009990624,0,0,29
4502,0,9011992368,9011992390,0,0,-21
4503,0,9013994621,9013994593,0,0,27
4504,0,9015996928,9015996889,0,0,38
4505,0,9017998730,9017998687,0,0,42
4506,0,9020000493,9020000507,0,0,-14
4507,0,9022005071,9022005094,0,0,-22
4508,0,9024005801,9024005831,0,0,-29
4509,0,9026007377,9026007348,0,0,28
4510,0,9028009080,9028009060,0,0,20
4511,0,9030012144,9030012124,0,0,20
4512,0,9032014031,9032013997,0,0,33
4513,0,9034017497,9034017459,0,0,38
4514,0,9036018878,9036018911,0,0,-32
4515,0,9038020741,9038020716,0,0,24
4516,0,9040022116,9040022085,0,0,31
4517,0,9042024552,9042024521,0,0,31
4518,0,9044026965,9044026925,0,0,39
4519,0,9046030510,9046030542,0,0,-32
4520,0,9048032311,9048032345,0,0,-33
4521,0,9050034332,9050034368,0,0,-36
4522,0,9052036239,9052036266,0,0,-26
4523,0,9054040146,9054040113,0,0,32
4524,0,9056041310,9056041271,0,0,38
4525,0,9058043927,9058043889,0,0,38
4526,0,9060045469,9060045509,0,0,-40
4527,0,9062046611,9062046631,0,0,-20
4528,0,9064049617,9064049568,0,0,48
4529,0,9066052192,9066052172,0,0,20
4530,0,9068053742,9068053714,0,0,28
4531,0,9070057116,9070057087,0,0,29
4532,0,9072059635,9072059612,0,0,23
4533,0,9074060880,9074060900,0,0,-20
4534,0,9076062567,9076062584,0,0,-16
4535,0,9078066386,9078066334,0,0,51
4536,0,9080068180,9080068145,0,0,35
4537,0,9082070742,9082070727,0,0,15
4538,0,9084072678,9084072660,0,0,17
4539,0,9086075811,9086075753,0,0,57
4540,0,9088076885,9088076911,0,0,-26
4541,0,9090079557,9090079498,0,0,58
4542,0,9092081735,9092081682,0,0,53
4543,0,9094084501,9094084446,0,0,55
4544,0,9096086691,9096086633,0,0,57
4545,0,9098087716,9098087742,0,0,-26
4546,0,9100089614,9100089621,0,0,-6
4547,0,9102093752,9102093701,0,0,50
4548,0,9104094626,9104094589,0,0,37
4549,0,9106096719,9106096701,0,0,17
4550,0,9108098348,9108098381,0,0,-32
4551,0,9110101342,9110101368,0,0,-25
4552,0,9112103419,9112103446,0,0,-26
4553,0,9114104519,9114104560,0,0,-40
4554,0,9116107152,9116107197,0,0,-45
4555,0,9118111490,9118111516,0,0,-26
4556,0,9120112634,9120112620,0,0,13
4557,0,9122114440,9122114415,0,0,24
4558,0,9124116310,9124116283,0,0,26
4559,0,9126119328,9126119353,0,0,-24
4560,0,9128121402,9128121442,0,0,-40
4561,0,9130123126,9130123155,0,0,-29
4562,0,9132125858,9132125804,0,0,54
4563,0,9134127644,9134127625,0,0,19
4564,0,9136129991,9136129974,0,0,17
4565,0,9138132143,9138132088,0,0,55
4566,0,9140133828,9140133795,0,0,33
4567,0,9142137142,9142137108,0,0,33
4568,0,9144139320,9144139289,0,0,30
4569,0,9146141917,9146141874,0,0,43
4570,0,9148144641,9148144662,0,0,-21
4571,0,9150148136,9150148089,0,0,47
4572,0,9152148758,9152148711,0,0,47
4573,0,9154150404,9154150393,0,0,10
4574,0,9156152844,9156152821,0,0,22
4575,0,9158154941,9158154919,0,0,22
4576,0,9160156779,9160156749,0,0,29
4577,0,9162158411,9162158435,0,0,-24
4578,0,9164161339,9164161350,0,0,-11
4579,0,9166163985,9166163943,0,0,42
4580,0,9168166216,9168166157,0,0,58
4581,0,9170167898,9170167833,0,0,64
4582,0,9172169497,9172169438,0,0,58
4583,0,9174172266,9174172280,0,0,-13
4584,0,9176173715,9176173724,0,0,-8
4585,0,9178177307,9178177321,0,0,-13
4586,0,9180179456,9180179391,0,0,65
4587,0,9182182283,9182182229,0,0,53
4588,0,9184183399,9184183361,0,0,38
4589,0,9186184479,9186184452,0,0,26
4590,0,9188187153,9188187098,0,0,54
4591,0,9190190946,9190190891,0,0,55
4592,0,9192192757,9192192778,0,0,-20
4593,0,9194194711,9194194677,0,0,33
4594,0,9196197011,9196196975,0,0,35
4595,0,9198198850,9198198819,0,0,31
4596,0,9200200438,9200200391,0,0,47
4597,0,9202205346,9202205311,0,0,34
4598,0,9204206105,9204206085,0,0,20
4599,0,9206208138,9206208093,0,0,44
4600,0,9208210316,9208210302,0,0,13
4601,0,9210212651,9210212680,0,0,-29
4602,0,9212214750,9212214767,0,0,-16
4603,0,9214217591,9214217606,0,0,-15
4604,0,9216219800,9216219757,0,0,42
4605,0,9218220940,9218220912,0,0,28
4606,0,9220222714,9220222676,0,0,38
4607,0,9222226644,9222226603,0,0,41
4608,0,9224228387,9224228329,0,0,58
4609,0,9226231151,9226231103,0,0,47
4610,0,9228232472,9228232429,0,0,42
4611,0,9230233615,9230233559,0,0,55
4612,0,9232236278,9232236246,0,0,32
4613,0,9234239049,9234239021,0,0,27
4614,0,9236240973,9236240930,0,0,43
4615,0,9238244057,9238244032,0,0,24
4616,0,9240245882,9240245838,0,0,43
4617,0,9242248159,9242248106,0,0,52
4618,0,9244251051,9244251031,0,0,20
4619,0,9246252292,9246252257,0,0,34
4620,0,9248254803,9248254748,0,0,54
4621,0,9250257386,9250257332,0,0,53
4622,0,9252259454,9252259419,0,0,35
4623,0,9254261610,9254261541,0,0,68
4624,0,9256262840,9256262856,0,0,-15
4625,0,9258264605,9258264595,0,0,9
4626,0,9260266938,9260266930,0,0,8
4627,0,9262269750,9262269743,0,0,7
4628,0,9264272940,9264272960,0,0,-20
4629,0,9266274433,9266274468,0,0,-34
4630,0,9268276497,9268276467,0,0,29
4631,0,9270278936,9270278899,0,0,36
4632,0,9272281337,9272281307,0,0,30
4633,0,9274283890,9274283858,0,0,32
4634,0,9276286299,9276286256,0,0,43
4635,0,9278287802,9278287767,0,0,35
4636,0,9280290501,9280290476,0,0,24
4637,0,9282292557,9282292533,0,0,23
4638,0,9284295174,9284295141,0,0,33
4639,0,9286298757,9286298724,0,0,32
4640,0,9288300507,9288300474,0,0,33
4641,0,9290301575,9290301616,0,0,-40
4642,0,9292304338,9292304386,0,0,-48
4643,0,9294305934,9294305976,0,0,-42
4644,0,9296308237,9296308273,0,0,-35
4645,0,9298310705,9298310725,0,0,-20
4646,0,9300313160,9300313200,0,0,-40
4647,0,9302316035,9302316069,0,0,-34
4648,0,9304316963,9304317013,0,0,-50
4649,0,9306318113,9306318154,0,0,-40
4650,0,9308321056,9308321084,0,0,-27
4651,0,9310324159,9310324129,0,0,29
4652,0,9312326873,9312326841,0,0,31
4653,0,9314326945,9314326914,0,0,31
4654,0,9316329744,9316329723,0,0,21
4655,0,9318332882,9318332856,0,0,26
4656,0,9320334800,9320334767,0,0,33
4657,0,9322336694,9322336673,0,0,20
4658,0,9324339602,9324339578,0,0,23
4659,0,9326341417,9326341403,0,0,14
4660,0,9328344235,9328344222,0,0,13
4661,0,9330345998,9330345979,0,0,19
4662,0,9332347354,9332347323,0,0,31
4663,0,9334350570,9334350530,0,0,40
4664,0,9336352736,9336352710,0,0,26
4665,0,9338354644,9338354608,0,0,36
4666,0,9340356053,9340356027,0,0,26
4667,0,9342358512,9342358477,0,0,35
4668,0,9344361932,9344361910,0,0,22
4669,0,9346363898,9346363867,0,0,31
4670,0,9348366167,9348366148,0,0,18
4671,0,9350368336,9350368321,0,0,15
4672,0,9352371127,9352371087,0,0,39
4673,0,9354372817,9354372851,0,0,-33
4674,0,9356375350,9356375385,0,0,-35
4675,0,9358377771,9358377813,0,0,-42
4676,0,9360379764,9360379809,0,0,-44
4677,0,9362381222,9362381188,0,0,34
4678,0,9364382325,9364382319,0,0,6
4679,0,9366385166,9366385128,0,0,38
4680,0,9368388431,9368388401,0,0,29
4681,0,9370390859,9370390824,0,0,34
4682,0,9372393020,9372392994,0,0,25
4683,0,9374394742,9374394707,0,0,35
4684,0,9376397337,9376397307,0,0,29
4685,0,9378399393,9378399382,0,0,11
4686,0,9380402042,9380402069,0,0,-26
4687,0,9382404522,9382404514,0,0,8
4688,0,9384406646,9384406615,0,0,30
4689,0,9386408073,9386408056,0,0,16
4690,0,9388409573,9388409528,0,0,44
4691,0,9390412665,9390412647,0,0,17
4692,0,9392416051,9392416016,0,0,34
4693,0,9394418885,9394418871,0,0,14
4694,0,9396419612,9396419570,0,0,42
4695,0,9398421346,9398421331,0,0,15
4696,0,9400422938,9400422913,0,0,24
4697,0,9402427496,9402427483,0,0,13
4698,0,9404428624,9404428592,0,0,31
4699,0,9406430654,9406430625,0,0,29
4700,0,9408434509,9408434549,0,0,-40
4701,0,9410434704,9410434660,0,0,44
4702,0,9412436480,9412436411,0,0,69
4703,0,9414440040,9414439981,0,0,59
4704,0,9416442312,9416442235,0,0,76
4705,0,9418444367,9418444308,0,0,58
4706,0,9420446230,9420446192,0,0,38
4707,0,9422448073,9422448085,0,0,-12
4708,0,9424449820,9424449851,0,0,-31
4709,0,9426452570,9426452603,0,0,-33
4710,0,9428454684,9428454664,0,0,20
4711,0,9430457930,9430457898,0,0,31
4712,0,9432459744,9432459732,0,0,12
4713,0,9434461739,9434461705,0,0,34
4714,0,9436464510,9436464460,0,0,49
4715,0,9438466295,9438466237,0,0,58
4716,0,9440469437,9440469400,0,0,36
4717,0,9442470894,9442470899,0,0,-5
4718,0,9444473130,9444473103,0,0,26
4719,0,9446474617,9446474582,0,0,34
4720,0,9448476179,9448476155,0,0,23
4721,0,9450478213,9450478231,0,0,-17
4722,0,9452481082,9452481112,0,0,-29
4723,0,9454484608,9454484644,0,0,-36
4724,0,9456486443,9456486459,0,0,-15
4725,0,9458487967,9458487979,0,0,-11
4726,0,9460489316,9460489349,0,0,-32
4727,0,9462492196,9462492229,0,0,-33
4728,0,9464495518,9464495540,0,0,-22
4729,0,9466497881,9466497896,0,0,-15
4730,0,9468499896,9468499917,0,0,-20
4731,0,9470501784,9470501797,0,0,-13
4732,0,9472504947,9472504958,0,0,-11
4733,0,9474505821,9474505831,0,0,-10
4734,0,9476508129,9476508137,0,0,-8
4735,0,9478511535,9478511490,0,0,44
4736,0,9480513233,9480513253,0,0,-20
4737,0,9482514830,9482514856,0,0,-25
4738,0,9484516186,9484516213,0,0,-27
4739,0,9486518278,9486518287,0,0,-8
4740,0,9488520813,9488520849,0,0,-35
4741,0,9490524349,9490524311,0,0,38
4742,0,9492526224,9492526194,0,0,29
4743,0,9494528233,9494528192,0,0,40
4744,0,9496529764,9496529706,0,0,58
4745,0,9498532848,9498532813,0,0,34
4746,0,9500535579,9500535530,0,0,48
4747,0,9502539380,9502539334,0,0,45
4748,0,9504540731,9504540691,0,0,40
4749,0,9506541554,9506541503,0,0,51
4750,0,9508543087,9508543101,0,0,-13
4751,0,9510544689,9510544696,0,0,-6
4752,0,9512547838,9512547877,0,0,-38
4753,0,9514551150,9514551175,0,0,-24
4754,0,9516552770,9516552724,0,0,46
4755,0,9518554035,9518553977,0,0,57
4756,0,9520556883,9520556824,0,0,58
4757,0,9522559913,9522559878,0,0,34
4758,0,9524562030,9524561988,0,0,41
4759,0,9526564863,9526564811,0,0,51
4760,0,9528566766,9528566710,0,0,56
4761,0,9530568668,9530568608,0,0,60
4762,0,9532570734,9532570691,0,0,43
4763,0,9534573035,9534572973,0,0,62
4764,0,9536576546,9536576556,0,0,-9
4765,0,9538577799,9538577842,0,0,-43
4766,0,9540580119,9540580110,0,0,8
4767,0,9542582734,9542582683,0,0,51
4768,0,9544585092,9544585004,0,0,87
4769,0,9546586246,9546586259,0,0,-13
4770,0,9548588629,9548588669,0,0,-40
4771,0,9550591128,9550591141,0,0,-13
4772,0,9552593431,9552593442,0,0,-11
4773,0,9554595145,9554595168,0,0,-22
4774,0,9556597367,9556597393,0,0,-25
4775,0,9558599417,9558599373,0,0,44
4776,0,9560601377,9560601311,0,0,66
4777,0,9562604461,9562604456,0,0,5
4778,0,9564606819,9564606826,0,0,-6
4779,0,9566608635,9566608591,0,0,44
4780,0,9568610615,9568610588,0,0,26
4781,0,9570611431,9570611383,0,0,48
4782,0,9572614269,9572614240,0,0,29
4783,0,9574617562,9574617596,0,0,-33
4784,0,9576619830,9576619862,0,0,-31
4785,0,9578621730,9578621685,0,0,44
4786,0,9580623445,9580623414,0,0,31
4787,0,9582626713,9582626675,0,0,38
4788,0,9584628626,9584628606,0,0,20
4789,0,9586631309,9586631341,0,0,-31
4790,0,9588633115,9588633135,0,0,-20
4791,0,9590635098,9590635047,0,0,51
4792,0,9592636359,9592636321,0,0,38
4793,0,9594638632,9594638582,0,0,49
4794,0,9596640817,9596640781,0,0,36
4795,0,9598643775,9598643749,0,0,25
4796,0,9600646795,9600646830,0,0,-34
4797,0,9602650919,9602650907,0,0,11
4798,0,9604650825,9604650800,0,0,24
4799,0,9606654421,9606654392,0,0,29
4800,0,9608656762,9608656727,0,0,35
4801,0,9610657886,9610657928,0,0,-41
4802,0,9612659817,9612659858,0,0,-40
4803,0,9614662435,9614662420,0,0,14
4804,0,9616664037,9616663995,0,0,41
4805,0,9618665162,9618665137,0,0,25
4806,0,9620668152,9620668115,0,0,37
4807,0,9622671262,9622671238,0,0,23
4808,0,9624673142,9624673185,0,0,-42
4809,0,9626675392,9626675417,0,0,-25
4810,0,9628677419,9628677460,0,0,-41
4811,0,9630679752,9630679777,0,0,-24
4812,0,9632682008,9632681959,0,0,48
4813,0,9634684780,9634684741,0,0,39
4814,0,9636686694,9636686699,0,0,-5
4815,0,9638688423,9638688378,0,0,44
4816,0,9640690211,9640690224,0,0,-13
4817,0,9642693206,9642693151,0,0,54
4818,0,9644695437,9644695400,0,0,37
4819,0,9646697755,9646697720,0,0,34
4820,0,9648700353,9648700408,0,0,-55
4821,0,9650701842,9650701890,0,0,-48
4822,0,9652703188,9652703228,0,0,-39
4823,0,9654706945,9654706930,0,0,14
4824,0,9656708536,9656708530,0,0,6
4825,0,9658709881,9658709869,0,0,11
4826,0,9660713244,9660713296,0,0,-51
4827,0,9662715538,9662715561,0,0,-22
4828,0,9664717384,9664717417,0,0,-33
4829,0,9666719920,9666719946,0,0,-26
4830,0,9668722402,9668722337,0,0,65
4831,0,9670724783,9670724744,0,0,38
4832,0,9672726862,9672726806,0,0,55
4833,0,9674728956,9674728919,0,0,36
4834,0,9676731250,9676731222,0,0,28
4835,0,9678732790,9678732755,0,0,34
4836,0,9680734446,9680734391,0,0,55
4837,0,9682737121,9682737090,0,0,31
4838,0,9684740237,9684740211,0,0,26
4839,0,9686742283,9686742242,0,0,40
4840,0,9688744116,9688744077,0,0,38
4841,0,9690745712,9690745676,0,0,36
4842,0,9692748811,9692748759,0,0,51
4843,0,9694751288,9694751242,0,0,45
4844,0,9696753271,9696753283,0,0,-11
4845,0,9698755959,9698755977,0,0,-18
4846,0,9700756424,9700756379,0,0,44
4847,0,9702760592,9702760550,0,0,42
4848,0,9704762188,9704762140,0,0,48
4849,0,9706764565,9706764537,0,0,28
4850,0,9708766667,9708766619,0,0,47
4851,0,9710768932,9710768890,0,0,41
4852,0,9712771645,9712771667,0,0,-22
4853,0,9714773053,9714773078,0,0,-24
4854,0,9716774470,9716774498,0,0,-28
4855,0,9718777414,9718777367,0,0,47
4856,0,9720778948,9720778925,0,0,23
4857,0,9722782317,9722782276,0,0,41
4858,0,9724783979,9724783996,0,0,-17
4859,0,9726785473,9726785483,0,0,-9
4860,0,9728788919,9728788934,0,0,-15
4861,0,9730792087,9730792107,0,0,-20
4862,0,9732793510,9732793478,0,0,31
4863,0,9734796065,9734796011,0,0,54
4864,0,9736798167,9736798119,0,0,47
4865,0,9738800101,9738800071,0,0,29
4866,0,9740802152,9740802181,0,0,-28
4867,0,9742804731,9742804764,0,0,-32
4868,0,9744806988,9744806944,0,0,43
4869,0,9746808224,9746808200,0,0,24
4870,0,9748810076,9748810035,0,0,40
4871,0,9750813146,9750813159,0,0,-12
4872,0,9752815395,9752815426,0,0,-31
4873,0,9754816929,9754816876,0,0,53
4874,0,9756819932,9756819944,0,0,-12
4875,0,9758821804,9758821827,0,0,-22
4876,0,9760823408,9760823369,0,0,38
4877,0,9762827634,9762827620,0,0,13
4878,0,9764829248,9764829287,0,0,-38
4879,0,9766831201,9766831236,0,0,-35
4880,0,9768833345,9768833382,0,0,-36
4881,0,9770835577,9770835534,0,0,42
4882,0,9772838033,9772838004,0,0,28
4883,0,9774839687,9774839681,0,0,5
4884,0,9776841387,9776841371,0,0,15
4885,0,9778844202,9778844097,0,0,104
4886,0,9780845821,9780845789,0,0,31
4887,0,9782848828,9782848803,0,0,24
4888,0,9784850866,9784850840,0,0,26
4889,0,9786852119,9786852092,0,0,26
4890,0,9788854620,9788854604,0,0,15
4891,0,9790857980,9790857954,0,0,26
4892,0,9792859915,9792859880,0,0,35
4893,0,9794862961,9794862921,0,0,40
4894,0,9796863379,9796863366,0,0,13
4895,0,9798867134,9798867080,0,0,53
4896,0,9800868714,9800868656,0,0,57
4897,0,9802871582,9802871595,0,0,-12
4898,0,9804873235,9804873256,0,0,-20
4899,0,9806874293,9806874303,0,0,-9
4900,0,9808876649,9808876656,0,0,-6
4901,0,9810879560,9810879537,0,0,23
4902,0,9812881430,9812881393,0,0,36
4903,0,9814885031,9814884982,0,0,49
4904,0,9816887047,9816887012,0,0,35
4905,0,9818888847,9818888802,0,0,44
4906,0,9820890252,9820890216,0,0,35
4907,0,9822893280,9822893231,0,0,49
4908,0,9824894595,9824894552,0,0,42
4909,0,9826898363,9826898324,0,0,38
4910,0,9828899921,9828899961,0,0,-40
4911,0,9830901120,9830901157,0,0,-36
4912,0,9832904510,9832904543,0,0,-33
4913,0,9834905801,9834905828,0,0,-26
4914,0,9836908746,9836908716,0,0,29
4915,0,9838910089,9838910044,0,0,44
4916,0,9840913601,9840913643,0,0,-42
4917,0,9842915399,9842915449,0,0,-50
4918,0,9844916919,9844916871,0,0,47
4919,0,9846919869,9846919849,0,0,19
4920,0,9848921545,9848921501,0,0,43
4921,0,9850925301,9850925265,0,0,35
4922,0,9852926638,9852926664,0,0,-25
4923,0,9854928724,9854928756,0,0,-31
4924,0,9856930157,9856930211,0,0,-53
4925,0,9858933069,9858933098,0,0,-29
4926,0,9860935188,9860935215,0,0,-26
4927,0,9862939260,9862939297,0,0,-36
4928,0,9864940723,9864940775,0,0,-51
4929,0,9866941407,9866941459,0,0,-51
4930,0,9868944202,9868944233,0,0,-31
4931,0,9870945464,9870945498,0,0,-33
4932,0,9872948013,9872948000,0,0,13
4933,0,9874951115,9874951101,0,0,14
4934,0,9876952488,9876952455,0,0,33
4935,0,9878955152,9878955177,0,0,-25
4936,0,9880956896,9880956883,0,0,13
4937,0,9882959871,9882959847,0,0,24
4938,0,9884961988,9884961981,0,0,7
4939,0,9886964862,9886964851,0,0,10
4940,0,9888966730,9888966710,0,0,20
4941,0,9890968528,9890968590,0,0,-62
4942,0,9892970516,9892970560,0,0,-43
4943,0,9894973272,9894973245,0,0,26
4944,0,9896974696,9896974672,0,0,23
4945,0,9898977410,9898977396,0,0,13
4946,0,9900979985,9900979945,0,0,40
4947,0,9902982869,9902982818,0,0,51
4948,0,9904984608,9904984624,0,0,-16
4949,0,9906986516,9906986528,0,0,-11
4950,0,9908988406,9908988426,0,0,-19
4951,0,9910991516,9910991538,0,0,-22
4952,0,9912993782,9912993792,0,0,-9
4953,0,9914995628,9914995631,0,0,-3
4954,0,9916998307,9916998318,0,0,-11
4955,0,9919000195,9919000212,0,0,-16
4956,0,9921001292,9921001317,0,0,-24
4957,0,9923004979,9923005008,0,0,-28
4958,0,9925007114,9925007124,0,0,-10
4959,0,9927009593,9927009552,0,0,40
4960,0,9929011562,9929011505,0,0,56
4961,0,9931014042,9931014009,0,0,33
4962,0,9933016032,9933016042,0,0,-10
4963,0,9935018046,9935017997,0,0,48
4964,0,9937020137,9937020086,0,0,50
4965,0,9939022123,9939022087,0,0,35
4966,0,9941023377,9941023344,0,0,33
4967,0,9943025696,9943025661,0,0,35
4968,0,9945028177,9945028192,0,0,-14
4969,0,9947031348,9947031366,0,0,-17
4970,0,9949033694,9949033638,0,0,56
4971,0,9951035346,9951035303,0,0,43
4972,0,9953037219,9953037191,0,0,27
4973,0,9955041251,9955041263,0,0,-11
4974,0,9957042205,9957042220,0,0,-14
4975,0,9959044054,9959044008,0,0,45
4976,0,9961046788,9961046759,0,0,29
4977,0,9963048541,9963048494,0,0,46
4978,0,9965050319,9965050260,0,0,59
4979,0,9967053286,9967053226,0,0,59
4980,0,9969054861,9969054820,0,0,41
4981,0,9971057959,9971057896,0,0,62
4982,0,9973059473,9973059432,0,0,40
4983,0,9975062336,9975062269,0,0,66
4984,0,9977064706,9977064719,0,0,-13
4985,0,9979066678,9979066698,0,0,-20
4986,0,9981068378,9981068392,0,0,-13
4987,0,9983071692,9983071641,0,0,50
4988,0,9985073653,9985073677,0,0,-23
4989,0,9987075427,9987075444,0,0,-17
4990,0,9989078204,9989078168,0,0,35
4991,0,9991079993,9991079972,0,0,20
4992,0,9993081643,9993081591,0,0,52
4993,0,9995085344,9995085373,0,0,-29
4994,0,9997087166,9997087197,0,0,-31
4995,0,9999088987,9999089010,0,0,-22
4996,0,10001091134,10001091106,0,0,27
4997,0,10003093928,10003093898,0,0,29
4998,0,10005096048,10005096034,0,0,13
4999,0,10007098130,10007098106,0,0,23
5000,0,10009100424,10009100400,0,0,24
5001,0,10011102374,10011102336,0,0,38
5002,0,10013103690,10013103655,0,0,35
5003,0,10015106592,10015106608,0,0,-16
5004,0,10017107854,10017107893,0,0,-38
5005,0,10019110584,10019110622,0,0,-38
5006,0,10021114272,10021114306,0,0,-33
5007,0,10023114085,10023114125,0,0,-40
5008,0,10025117211,10025117224,0,0,-13
5009,0,10027119919,10027119953,0,0,-34
5010,0,10029121649,10029121609,0,0,40
5011,0,10031125089,10031125054,0,0,35
5012,0,10033127223,10033127202,0,0,20
5013,0,10035129091,10035129056,0,0,34
5014,0,10037130291,10037130319,0,0,-28
5015,0,10039133916,10039133955,0,0,-39
5016,0,10041135943,10041135918,0,0,25
5017,0,10043138162,10043138127,0,0,35
5018,0,10045140039,10045140076,0,0,-36
5019,0,10047141085,10047141117,0,0,-31
5020,0,10049143793,10049143832,0,0,-39
5021,0,10051146465,10051146490,0,0,-24
5022,0,10053149395,10053149429,0,0,-33
5023,0,10055152508,10055152471,0,0,36
5024,0,10057154518,10057154552,0,0,-34
5025,0,10059154774,10059154806,0,0,-31
5026,0,10061158000,10061158031,0,0,-31
5027,0,10063159953,10063159906,0,0,47
5028,0,10065161496,10065161455,0,0,41
5029,0,10067163855,10067163823,0,0,31
5030,0,10069167049,10069167030,0,0,18
5031,0,10071168934,10071168896,0,0,37
5032,0,10073171184,10073171152,0,0,31
5033,0,10075173103,10075173071,0,0,31
5034,0,10077174806,10077174833,0,0,-26
5035,0,10079178222,10079178230,0,0,-8
5036,0,10081180833,10081180786,0,0,47
5037,0,10083182155,10083182121,0,0,33
5038,0,10085184479,10085184438,0,0,41
5039,0,10087185411,10087185386,0,0,24
5040,0,10089188575,10089188533,0,0,41
5041,0,10091191714,10091191665,0,0,49
5042,0,10093194177,10093194143,0,0,34
5043,0,10095195841,10095195800,0,0,41
5044,0,10097198024,10097197952,0,0,71
5045,0,10099199217,10099199171,0,0,46
5046,0,10101201561,10101201551,0,0,9
5047,0,10103206575,10103206518,0,0,56
5048,0,10105207262,10105207204,0,0,58
5049,0,10107209295,10107209243,0,0,51
5050,0,10109211510,10109211438,0,0,71
5051,0,10111214116,10111214077,0,0,39
5052,0,10113216726,10113216660,0,0,65
5053,0,10115218721,10115218710,0,0,11
5054,0,10117221470,10117221406,0,0,63
5055,0,10119222961,10119222924,0,0,37
5056,0,10121224972,10121224905,0,0,67
5057,0,10123226752,10123226761,0,0,-9
5058,0,10125228538,10125228529,0,0,8
5059,0,10127232300,10127232336,0,0,-35
5060,0,10129233887,10129233876,0,0,11
5061,0,10131236046,10131236038,0,0,7
5062,0,10133237364,10133237349,0,0,14
5063,0,10135240361,10135240339,0,0,22
5064,0,10137242945,10137242984,0,0,-38
5065,0,10139245470,10139245517,0,0,-47
5066,0,10141247208,10141247226,0,0,-17
5067,0,10143249234,10143249196,0,0,38
5068,0,10145251382,10145251373,0,0,8
5069,0,10147253101,10147253089,0,0,11
5070,0,10149256734,10149256762,0,0,-28
5071,0,10151258519,10151258568,0,0,-49
5072,0,10153260575,10153260588,0,0,-13
5073,0,10155262576,10155262546,0,0,29
5074,0,10157263779,10157263740,0,0,38
5075,0,10159265800,10159265773,0,0,27
5076,0,10161268187,10161268141,0,0,46
5077,0,10163270550,10163270505,0,0,44
5078,0,10165273268,10165273234,0,0,33
5079,0,10167276007,10167275984,0,0,22
5080,0,10169277982,10169277923,0,0,58
5081,0,10171279280,10171279240,0,0,40
5082,0,10173281666,10173281606,0,0,59
5083,0,10175285243,10175285268,0,0,-24
5084,0,10177287233,10177287259,0,0,-25
5085,0,10179289334,10179289343,0,0,-8
5086,0,10181291301,10181291242,0,0,58
5087,0,10183293592,10183293546,0,0,46
5088,0,10185296242,10185296167,0,0,75
5089,0,10187298797,10187298759,0,0,38
5090,0,10189300433,10189300380,0,0,53
5091,0,10191302224,10191302169,0,0,55
5092,0,10193303676,10193303626,0,0,49
5093,0,10195306211,10195306179,0,0,31
5094,0,10197308462,10197308417,0,0,44
5095,0,10199312125,10199312147,0,0,-22
5096,0,10201314051,10201314070,0,0,-18
5097,0,10203317344,10203317378,0,0,-33
5098,0,10205317938,10205317961,0,0,-22
5099,0,10207319284,10207319247,0,0,36
5100,0,10209321776,10209321756,0,0,20
5101,0,10211325510,10211325472,0,0,38
5102,0,10213328330,10213328278,0,0,51
5103,0,10215329298,10215329258,0,0,40
5104,0,10217331577,10217331606,0,0,-28
5105,0,10219333790,10219333748,0,0,42
5106,0,10221335143,10221335105,0,0,38
5107,0,10223338500,10223338463,0,0,36
5108,0,10225340728,10225340717,0,0,11
5109,0,10227342343,10227342359,0,0,-15
5110,0,10229343937,10229343946,0,0,-8
5111,0,10231347379,10231347411,0,0,-31
5112,0,10233349826,10233349856,0,0,-30
5113,0,10235352109,10235352062,0,0,46
5114,0,10237353826,10237353848,0,0,-21
5115,0,10239355823,10239355857,0,0,-33
5116,0,10241357373,10241357391,0,0,-17
5117,0,10243360678,10243360721,0,0,-42
5118,0,10245364309,10245364341,0,0,-31
5119,0,10247366229,10247366205,0,0,23
5120,0,10249368355,10249368307,0,0,48
5121,0,10251369872,10251369912,0,0,-39
5122,0,10253371514,10253371528,0,0,-13
5123,0,10255372619,10255372629,0,0,-9
5124,0,10257374891,10257374871,0,0,19
5125,0,10259377476,10259377458,0,0,17
5126,0,10261379932,10261379898,0,0,33
5127,0,10263382447,10263382489,0,0,-42
5128,0,10265383979,10265384020,0,0,-41
5129,0,10267387485,10267387510,0,0,-24
5130,0,10269389273,10269389285,0,0,-11
5131,0,10271390688,10271390638,0,0,49
5132,0,10273393839,10273393795,0,0,43
5133,0,10275395080,10275395062,0,0,17
5134,0,10277399421,10277399433,0,0,-12
5135,0,10279400469,10279400501,0,0,-31
5136,0,10281401873,10281401895,0,0,-22
5137,0,10283405680,10283405707,0,0,-26
5138,0,10285407265,10285407285,0,0,-20
5139,0,10287409597,10287409621,0,0,-23
5140,0,10289411874,10289411898,0,0,-24
5141,0,10291412575,10291412613,0,0,-37
5142,0,10293415608,10293415622,0,0,-13
5143,0,10295418897,10295418938,0,0,-40
5144,0,10297420466,10297420489,0,0,-23
5145,0,10299421800,10299421782,0,0,17
5146,0,10301424350,10301424284,0,0,65
5147,0,10303428530,10303428517,0,0,13
5148,0,10305429701,10305429642,0,0,58
5149,0,10307431372,10307431404,0,0,-32
5150,0,10309434067,10309434111,0,0,-44
5151,0,10311436107,10311436069,0,0,38
5152,0,10313438615,10313438566,0,0,48
5153,0,10315440726,10315440710,0,0,15
5154,0,10317442792,10317442772,0,0,20
5155,0,10319446260,10319446213,0,0,47
5156,0,10321448933,10321448985,0,0,-51
5157,0,10323449123,10323449139,0,0,-15
5158,0,10325450923,10325450878,0,0,44
5159,0,10327453587,10327453604,0,0,-16
5160,0,10329456311,10329456340,0,0,-29
5161,0,10331458438,10331458452,0,0,-13
5162,0,10333460660,10333460694,0,0,-34
5163,0,10335462812,10335462820,0,0,-8
5164,0,10337465533,10337465491,0,0,42
5165,0,10339466820,10339466784,0,0,36
5166,0,10341468746,10341468711,0,0,35
5167,0,10343473051,10343473002,0,0,49
5168,0,10345474162,10345474178,0,0,-15
5169,0,10347475938,10347475945,0,0,-6
5170,0,10349477474,10349477526,0,0,-51
5171,0,10351480984,10351480937,0,0,47
5172,0,10353482696,10353482659,0,0,36
5173,0,10355484450,10355484410,0,0,40
5174,0,10357487520,10357487465,0,0,54
5175,0,10359489696,10359489640,0,0,56
5176,0,10361491738,10361491710,0,0,27
5177,0,10363493092,10363493049,0,0,43
5178,0,10365496508,10365496473,0,0,35
5179,0,10367498921,10367498901,0,0,20
5180,0,10369500901,10369500943,0,0,-42
5181,0,10371503130,10371503179,0,0,-48
5182,0,10373505058,10373505132,0,0,-74
5183,0,10375507725,10375507707,0,0,17
5184,0,10377509410,10377509401,0,0,8
5185,0,10379510990,10379510962,0,0,27
5186,0,10381514431,10381514451,0,0,-20
5187,0,10383516111,10383516123,0,0,-11
5188,0,10385517498,10385517543,0,0,-44
5189,0,10387520397,10387520412,0,0,-15
5190,0,10389521890,10389521832,0,0,58
5191,0,10391524323,10391524279,0,0,44
5192,0,10393528032,10393527995,0,0,37
5193,0,10395529344,10395529310,0,0,33
5194,0,10397530896,10397530842,0,0,53
5195,0,10399534042,10399534015,0,0,26
5196,0,10401536741,10401536700,0,0,40
5197,0,10403540447,10403540435,0,0,11
5198,0,10405540728,10405540696,0,0,31
5199,0,10407542851,10407542832,0,0,19
5200,0,10409544231,10409544206,0,0,24
5201,0,10411547324,10411547361,0,0,-36
5202,0,10413548959,10413549006,0,0,-47
5203,0,10415552049,10415552088,0,0,-38
5204,0,10417554332,10417554352,0,0,-20
5205,0,10419556426,10419556462,0,0,-36
5206,0,10421558742,10421558734,0,0,7
5207,0,10423560786,10423560768,0,0,17
5208,0,10425562930,10425562919,0,0,11
5209,0,10427564550,10427564521,0,0,29
5210,0,10429567435,10429567405,0,0,29
5211,0,10431569420,10431569364,0,0,56
5212,0,10433571478,10433571427,0,0,50
5213,0,10435574352,10435574296,0,0,55
5214,0,10437576948,10437576899,0,0,48
5215,0,10439580577,10439580531,0,0,45
5216,0,10441581132,10441581097,0,0,34
5217,0,10443582907,10443582854,0,0,53
5218,0,10445584560,10445584507,0,0,53
5219,0,10447588197,10447588215,0,0,-17
5220,0,10449590096,10449590110,0,0,-13
5221,0,10451592375,10451592337,0,0,38
5222,0,10453594420,10453594372,0,0,48
5223,0,10455596507,10455596459,0,0,48
5224,0,10457598665,10457598610,0,0,54
5225,0,10459600692,10459600706,0,0,-14
5226,0,10461602157,10461602118,0,0,38
5227,0,10463605670,10463605633,0,0,36
5228,0,10465608157,10465608132,0,0,24
5229,0,10467609769,10467609723,0,0,45
5230,0,10469611933,10469611895,0,0,38
5231,0,10471614147,10471614112,0,0,35
5232,0,10473616660,10473616627,0,0,33
5233,0,10475618626,10475618580,0,0,45
5234,0,10477621301,10477621274,0,0,26
5235,0,10479623424,10479623386,0,0,37
5236,0,10481625186,10481625157,0,0,29
5237,0,10483626513,10483626462,0,0,51
5238,0,10485629148,10485629162,0,0,-13
5239,0,10487631946,10487631976,0,0,-30
5240,0,10489634313,10489634344,0,0,-31
5241,0,10491636409,10491636429,0,0,-19
5242,0,10493638778,10493638806,0,0,-28
5243,0,10495641022,10495640970,0,0,51
5244,0,10497643050,10497643031,0,0,19
5245,0,10499644443,10499644415,0,0,27
5246,0,10501648125,10501648137,0,0,-12
5247,0,10503652844,10503652865,0,0,-20
5248,0,10505651862,10505651887,0,0,-24
5249,0,10507653600,10507653642,0,0,-42
5250,0,10509656546,10509656512,0,0,33
5251,0,10511659101,10511659132,0,0,-30
5252,0,10513661265,10513661302,0,0,-36
5253,0,10515663168,10515663213,0,0,-44
5254,0,10517665605,10517665558,0,0,47
5255,0,10519667918,10519667889,0,0,29
5256,0,10521670134,10521670129,0,0,4
5257,0,10523672676,10523672649,0,0,26
5258,0,10525674501,10525674454,0,0,46
5259,0,10527676303,10527676272,0,0,31
5260,0,10529677757,10529677721,0,0,35
5261,0,10531681088,10531681080,0,0,8
5262,0,10533683399,10533683374,0,0,24
5263,0,10535686811,10535686786,0,0,25
5264,0,10537688297,10537688325,0,0,-28
5265,0,10539690150,10539690182,0,0,-31
5266,0,10541691744,10541691771,0,0,-26
5267,0,10543692933,10543692875,0,0,58
5268,0,10545695714,10545695689,0,0,24
5269,0,10547699420,10547699392,0,0,28
5270,0,10549701072,10549701101,0,0,-29
5271,0,10551702767,10551702791,0,0,-24
5272,0,10553704316,10553704332,0,0,-15
5273,0,10555707840,10555707854,0,0,-13
5274,0,10557710116,10557710073,0,0,43
5275,0,10559712595,10559712575,0,0,19
5276,0,10561714431,10561714438,0,0,-6
5277,0,10563716512,10563716485,0,0,26
5278,0,10565717585,10565717607,0,0,-22
5279,0,10567723458,10567723483,0,0,-24
5280,0,10569724716,10569724732,0,0,-15
5281,0,10571726542,10571726527,0,0,15
5282,0,10573728941,10573728923,0,0,17
5283,0,10575729800,10575729820,0,0,-20
5284,0,10577731959,10577731993,0,0,-33
5285,0,10579733222,10579733253,0,0,-31
5286,0,10581735564,10581735586,0,0,-22
5287,0,10583738868,10583738881,0,0,-13
5288,0,10585741349,10585741339,0,0,9
5289,0,10587743383,10587743345,0,0,38
5290,0,10589745737,10589745752,0,0,-15
5291,0,10591747418,10591747456,0,0,-37
5292,0,10593749094,10593749054,0,0,39
5293,0,10595752404,10595752380,0,0,23
5294,0,10597754413,10597754402,0,0,11
5295,0,10599756366,10599756329,0,0,36
5296,0,10601758892,10601758872,0,0,20
5297,0,10603762642,10603762626,0,0,15
5298,0,10605763561,10605763595,0,0,-33
5299,0,10607766157,10607766189,0,0,-32
5300,0,10609767732,10609767703,0,0,28
5301,0,10611770031,10611769992,0,0,39
5302,0,10613772131,10613772103,0,0,27
5303,0,10615774360,10615774346,0,0,13
5304,0,10617776786,10617776752,0,0,34
5305,0,10619778991,10619778973,0,0,17
5306,0,10621780974,10621780963,0,0,11
5307,0,10623782103,10623782065,0,0,38
5308,0,10625784285,10625784257,0,0,27
5309,0,10627786862,10627786821,0,0,41
5310,0,10629790393,10629790404,0,0,-11
5311,0,10631792374,10631792398,0,0,-24
5312,0,10633795955,10633795984,0,0,-29
5313,0,10635796985,10635797024,0,0,-38
5314,0,10637798737,10637798766,0,0,-29
5315,0,10639801306,10639801287,0,0,19
5316,0,10641803662,10641803603,0,0,59
5317,0,10643805683,10643805643,0,0,40
5318,0,10645807693,10645807718,0,0,-24
5319,0,10647809919,10647809897,0,0,21
5320,0,10649812486,10649812449,0,0,37
5321,0,10651814546,10651814532,0,0,13
5322,0,10653815957,10653815931,0,0,26
5323,0,10655818990,10655818961,0,0,29
5324,0,10657821139,10657821121,0,0,17
5325,0,10659823352,10659823334,0,0,17
5326,0,10661825689,10661825661,0,0,28
5327,0,10663827769,10663827745,0,0,24
5328,0,10665830294,10665830236,0,0,58
5329,0,10667832452,10667832417,0,0,35
5330,0,10669834935,10669834930,0,0,4
5331,0,10671836422,10671836448,0,0,-25
5332,0,10673837559,10673837538,0,0,21
5333,0,10675840051,10675840041,0,0,9
5334,0,10677842811,10677842767,0,0,43
5335,0,10679845705,10679845749,0,0,-43
5336,0,10681848415,10681848448,0,0,-33
5337,0,10683849718,10683849764,0,0,-46
5338,0,10685851332,10685851368,0,0,-35
5339,0,10687854498,10687854448,0,0,50
5340,0,10689857638,10689857583,0,0,54
5341,0,10691859514,10691859480,0,0,33
5342,0,10693861405,10693861375,0,0,29
5343,0,10695864022,10695863998,0,0,24
5344,0,10697867056,10697867028,0,0,28
5345,0,10699867647,10699867680,0,0,-33
5346,0,10701869271,10701869285,0,0,-13
5347,0,10703873975,10703873945,0,0,30
5348,0,10705874391,10705874373,0,0,17
5349,0,10707875269,10707875213,0,0,56
5350,0,10709877883,10709877841,0,0,41
5351,0,10711880014,10711879988,0,0,25
5352,0,10713882617,10713882600,0,0,17
5353,0,10715885928,10715885905,0,0,22
5354,0,10717887935,10717887926,0,0,8
5355,0,10719889726,10719889678,0,0,47
5356,0,10721891168,10721891160,0,0,7
5357,0,10723893555,10723893592,0,0,-37
5358,0,10725897109,10725897160,0,0,-51
5359,0,10727899457,10727899438,0,0,18
5360,0,10729902179,10729902149,0,0,30
5361,0,10731903352,10731903305,0,0,47
5362,0,10733905599,10733905621,0,0,-22
5363,0,10735907576,10735907586,0,0,-9
5364,0,10737909768,10737909782,0,0,-13
5365,0,10739912330,10739912274,0,0,56
5366,0,10741913606,10741913547,0,0,59
5367,0,10743916694,10743916629,0,0,65
5368,0,10745918056,10745918017,0,0,38
5369,0,10747921143,10747921068,0,0,75
5370,0,10749922883,10749922802,0,0,80
5371,0,10751926485,10751926505,0,0,-20
5372,0,10753927973,10753927925,0,0,48
5373,0,10755930402,10755930363,0,0,38
5374,0,10757932311,10757932321,0,0,-10
5375,0,10759934452,10759934393,0,0,58
5376,0,10761937220,10761937180,0,0,39
5377,0,10763939514,10763939526,0,0,-12
5378,0,10765941367,10765941384,0,0,-16
5379,0,10767943352,10767943310,0,0,41
5380,0,10769945337,10769945298,0,0,38
5381,0,10771947824,10771947842,0,0,-17
5382,0,10773949120,10773949086,0,0,33
5383,0,10775952540,10775952502,0,0,38
5384,0,10777955276,10777955301,0,0,-24
5385,0,10779956804,10779956748,0,0,56
5386,0,10781958932,10781958962,0,0,-30
5387,0,10783959982,10783959930,0,0,51
5388,0,10785962847,10785962871,0,0,-24
5389,0,10787966349,10787966285,0,0,63
5390,0,10789967907,10789967874,0,0,32
5391,0,10791970287,10791970228,0,0,59
5392,0,10793972307,10793972262,0,0,44
5393,0,10795973422,10795973381,0,0,41
5394,0,10797976714,10797976678,0,0,35
5395,0,10799979415,10799979378,0,0,36
5396,0,10801981553,10801981526,0,0,26
5397,0,10803984674,10803984654,0,0,20
5398,0,10805984988,10805984962,0,0,26
5399,0,10807987776,10807987725,0,0,51
5400,0,10809989305,10809989263,0,0,42
5401,0,10811992927,10811992942,0,0,-15
5402,0,10813994890,10813994915,0,0,-24
5403,0,10815996727,10815996748,0,0,-21
5404,0,10817999285,10817999319,0,0,-33
5405,0,10820001200,10820001166,0,0,33
5406,0,10822002820,10822002796,0,0,24
5407,0,10824007082,10824007060,0,0,22
5408,0,10826010152,10826010123,0,0,29
5409,0,10828010219,10828010197,0,0,21
5410,0,10830012683,10830012714,0,0,-31
5411,0,10832014337,10832014307,0,0,29
5412,0,10834015937,10834015919,0,0,17
5413,0,10836019118,10836019157,0,0,-39
5414,0,10838020499,10838020506,0,0,-6
5415,0,10840023494,10840023521,0,0,-26
5416,0,10842025957,10842026008,0,0,-51
5417,0,10844027883,10844027861,0,0,21
5418,0,10846029782,10846029742,0,0,40
5419,0,10848032795,10848032757,0,0,37
5420,0,10850034790,10850034783,0,0,6
5421,0,10852036789,10852036768,0,0,21
5422,0,10854037934,10854037970,0,0,-35
5423,0,10856040313,10856040404,0,0,-90
5424,0,10858043522,10858043514,0,0,8
5425,0,10860046357,10860046339,0,0,17
5426,0,10862048220,10862048196,0,0,23
5427,0,10864050173,10864050134,0,0,39
5428,0,10866052891,10866052867,0,0,23
5429,0,10868054817,10868054797,0,0,20
5430,0,10870057747,10870057773,0,0,-25
5431,0,10872059331,10872059378,0,0,-47
5432,0,10874061296,10874061276,0,0,19
5433,0,10876062912,10876062893,0,0,18
5434,0,10878066166,10878066152,0,0,13
5435,0,10880068348,10880068366,0,0,-17
5436,0,10882070771,10882070810,0,0,-38
5437,0,10884072660,10884072693,0,0,-33
5438,0,10886075079,10886075033,0,0,46
5439,0,10888078003,10888077970,0,0,32
5440,0,10890081033,10890081018,0,0,14
5441,0,10892080720,10892080714,0,0,6
5442,0,10894083907,10894083878,0,0,29
5443,0,10896086196,10896086166,0,0,30
5444,0,10898088241,10898088233,0,0,8
5445,0,10900090167,10900090135,0,0,31
5446,0,10902091572,10902091537,0,0,35
5447,0,10904096389,10904096438,0,0,-48
5448,0,10906096955,10906096959,0,0,-3
5449,0,10908098382,10908098407,0,0,-25
5450,0,10910101638,10910101668,0,0,-29
5451,0,10912103205,10912103170,0,0,35
5452,0,10914104844,10914104834,0,0,9
5453,0,10916106760,10916106742,0,0,17
5454,0,10918109637,10918109620,0,0,17
5455,0,10920112881,10920112930,0,0,-48
5456,0,10922116204,10922116175,0,0,29
5457,0,10924117062,10924117027,0,0,34
5458,0,10926119226,10926119201,0,0,24
5459,0,10928121504,10928121469,0,0,34
5460,0,10930123558,10930123536,0,0,22
5461,0,10932125216,10932125184,0,0,32
5462,0,10934128362,10934128394,0,0,-31
5463,0,10936130287,10936130252,0,0,34
5464,0,10938132759,10938132704,0,0,54
5465,0,10940134739,10940134705,0,0,33
5466,0,10942136692,10942136728,0,0,-35
5467,0,10944139415,10944139447,0,0,-31
5468,0,10946141908,10946141871,0,0,36
5469,0,10948143773,10948143721,0,0,51
5470,0,10950145929,10950145885,0,0,43
5471,0,10952148249,10952148203,0,0,46
5472,0,10954152011,10954151975,0,0,35
5473,0,10956153388,10956153394,0,0,-5
5474,0,10958154626,10958154593,0,0,32
5475,0,10960156081,10960156107,0,0,-25
5476,0,10962159780,10962159751,0,0,29
5477,0,10964161115,10964161080,0,0,34
5478,0,10966163065,10966163037,0,0,27
5479,0,10968166122,10968166087,0,0,34
5480,0,10970168954,10970168964,0,0,-9
5481,0,10972170423,10972170445,0,0,-22
5482,0,10974171514,10974171476,0,0,38
5483,0,10976173704,10976173636,0,0,67
5484,0,10978176400,10978176378,0,0,22
5485,0,10980180013,10980179967,0,0,45
5486,0,10982181484,10982181494,0,0,-10
5487,0,10984182420,10984182352,0,0,67
5488,0,10986185258,10986185192,0,0,66
5489,0,10988189072,10988189079,0,0,-6
5490,0,10990190053,10990190012,0,0,40
5491,0,10992193063,10992193033,0,0,29
5492,0,10994195258,10994195226,0,0,31
5493,0,10996197375,10996197411,0,0,-36
5494,0,10998199777,10998199792,0,0,-15
5495,0,11000202004,11000202023,0,0,-19
5496,0,11002203525,11002203507,0,0,17
5497,0,11004206817,11004206795,0,0,21
5498,0,11006208655,11006208625,0,0,29
5499,0,11008210317,11008210278,0,0,38
5500,0,11010211608,11010211575,0,0,33
5501,0,11012214043,11012214015,0,0,28
5502,0,11014217269,11014217227,0,0,41
5503,0,11016220530,11016220482,0,0,48
5504,0,11018222888,11018222851,0,0,36
5505,0,11020225079,11020225042,0,0,36
5506,0,11022226153,11022226164,0,0,-11
5507,0,11024228292,11024228312,0,0,-20
5508,0,11026230496,11026230461,0,0,34
5509,0,11028233069,11028233003,0,0,66
5510,0,11030235276,11030235226,0,0,49
5511,0,11032237469,11032237420,0,0,49
5512,0,11034239394,11034239406,0,0,-12
5513,0,11036241370,11036241388,0,0,-17
5514,0,11038242930,11038242930,0,0,0
5515,0,11040246410,11040246444,0,0,-33
5516,0,11042248622,11042248594,0,0,28
5517,0,11044250101,11044250069,0,0,32
5518,0,11046252017,11046251972,0,0,44
5519,0,11048254896,11048254858,0,0,37
5520,0,11050256123,11050256164,0,0,-41
5521,0,11052259896,11052259930,0,0,-34
5522,0,11054261755,11054261705,0,0,49
5523,0,11056264329,11056264261,0,0,67
5524,0,11058266727,11058266697,0,0,29
5525,0,11060268786,11060268725,0,0,60
5526,0,11062270704,11062270674,0,0,30
5527,0,11064272965,11064272939,0,0,26
5528,0,11066275321,11066275265,0,0,56
5529,0,11068277406,11068277359,0,0,47
5530,0,11070279370,11070279326,0,0,43
5531,0,11072280449,11072280431,0,0,17
5532,0,11074283163,11074283155,0,0,7
5533,0,11076286551,11076286513,0,0,38
5534,0,11078288327,11078288307,0,0,19
5535,0,11080291097,11080291082,0,0,15
5536,0,11082293070,11082293045,0,0,24
5537,0,11084295824,11084295867,0,0,-42
5538,0,11086296274,11086296313,0,0,-38
5539,0,11088299998,11088300040,0,0,-42
5540,0,11090302104,11090302141,0,0,-36
5541,0,11092303706,11092303666,0,0,40
5542,0,11094305251,11094305220,0,0,31
5543,0,11096308155,11096308137,0,0,17
5544,0,11098309594,11098309559,0,0,34
5545,0,11100313284,11100313276,0,0,8
5546,0,11102315197,11102315161,0,0,35
5547,0,11104318920,11104318891,0,0,29
5548,0,11106319292,11106319265,0,0,27
5549,0,11108320615,11108320602,0,0,12
5550,0,11110323537,11110323508,0,0,29
5551,0,11112326530,11112326564,0,0,-33
5552,0,11114328359,11114328365,0,0,-5
5553,0,11116331679,11116331696,0,0,-17
5554,0,11118333195,11118333159,0,0,35
5555,0,11120335064,11120335020,0,0,43
5556,0,11122337770,11122337727,0,0,43
5557,0,11124340022,11124340047,0,0,-24
5558,0,11126342186,11126342200,0,0,-13
5559,0,11128344073,11128344083,0,0,-10
5560,0,11130346270,11130346238,0,0,32
5561,0,11132348269,11132348221,0,0,47
5562,0,11134349889,11134349858,0,0,31
5563,0,11136353117,11136353143,0,0,-25
5564,0,11138354930,11138354966,0,0,-35
5565,0,11140355946,11140355966,0,0,-20
5566,0,11142358756,11142358703,0,0,53
5567,0,11144362287,11144362229,0,0,58
5568,0,11146364047,11146363990,0,0,57
5569,0,11148366453,11148366394,0,0,58
5570,0,11150369075,11150369026,0,0,49
5571,0,11152370531,11152370556,0,0,-24
5572,0,11154373072,11154373110,0,0,-38
5573,0,11156375122,11156375084,0,0,38
5574,0,11158377246,11158377231,0,0,15
5575,0,11160379642,11160379628,0,0,14
5576,0,11162381835,11162381893,0,0,-58
5577,0,11164384535,11164384567,0,0,-31
5578,0,11166385649,11166385680,0,0,-30
5579,0,11168387541,11168387524,0,0,16
5580,0,11170391157,11170391145,0,0,11
5581,0,11172393295,11172393279,0,0,15
5582,0,11174395043,11174395051,0,0,-8
5583,0,11176396294,11176396279,0,0,15
5584,0,11178399806,11178399834,0,0,-28
5585,0,11180402420,11180402455,0,0,-35
5586,0,11182403298,11182403269,0,0,28
5587,0,11184406843,11184406822,0,0,21
5588,0,11186408961,11186408923,0,0,37
5589,0,11188410651,11188410678,0,0,-26
5590,0,11190413461,11190413487,0,0,-26
5591,0,11192415044,11192415055,0,0,-11
5592,0,11194417309,11194417342,0,0,-33
5593,0,11196420142,11196420087,0,0,55
5594,0,11198422069,11198422026,0,0,43
5595,0,11200423631,11200423595,0,0,35
5596,0,11202425624,11202425667,0,0,-42
5597,0,11204429547,11204429573,0,0,-26
5598,0,11206430547,11206430586,0,0,-38
5599,0,11208434316,11208434285,0,0,31
5600,0,11210436386,11210436360,0,0,26
5601,0,11212438564,11212438536,0,0,28
5602,0,11214439300,11214439258,0,0,42
5603,0,11216441130,11216441064,0,0,65
5604,0,11218444471,11218444413,0,0,58
5605,0,11220446957,11220446971,0,0,-13
5606,0,11222448591,11222448550,0,0,40
5607,0,11224450262,11224450198,0,0,63
5608,0,11226452123,11226452058,0,0,65
5609,0,11228454883,11228454808,0,0,74
5610,0,11230456756,11230456687,0,0,68
5611,0,11232459973,11232459922,0,0,51
5612,0,11234462071,11234462026,0,0,44
5613,0,11236464201,11236464186,0,0,15
5614,0,11238466365,11238466323,0,0,41
5615,0,11240468786,11240468757,0,0,29
5616,0,11242471161,11242471123,0,0,38
5617,0,11244474352,11244474307,0,0,45
5618,0,11246475192,11246475143,0,0,48
5619,0,11248477316,11248477281,0,0,34
5620,0,11250480018,11250480004,0,0,14
5621,0,11252481420,11252481397,0,0,22
5622,0,11254483274,11254483312,0,0,-37
5623,0,11256486701,11256486748,0,0,-47
5624,0,11258488778,11258488817,0,0,-38
5625,0,11260490678,11260490716,0,0,-38
5626,0,11262492406,11262492438,0,0,-31
5627,0,11264495590,11264495531,0,0,58
5628,0,11266497714,11266497675,0,0,38
5629,0,11268499821,11268499779,0,0,42
5630,0,11270502555,11270502511,0,0,43
5631,0,11272504049,11272503998,0,0,50
5632,0,11274507018,11274507000,0,0,17
5633,0,11276509844,11276509785,0,0,59
5634,0,11278511278,11278511214,0,0,63
5635,0,11280513820,11280513777,0,0,43
5636,0,11282515228,11282515265,0,0,-36
5637,0,11284517542,11284517570,0,0,-28
5638,0,11286520099,11286520060,0,0,39
5639,0,11288521870,11288521846,0,0,24
5640,0,11290524444,11290524408,0,0,35
5641,0,11292526640,11292526604,0,0,35
5642,0,11294528548,11294528565,0,0,-17
5643,0,11296530568,11296530561,0,0,6
5644,0,11298531975,11298531984,0,0,-9
5645,0,11300534533,11300534503,0,0,29
5646,0,11302537640,11302537600,0,0,40
5647,0,11304541761,11304541713,0,0,48
5648,0,11306542378,11306542386,0,0,-8
5649,0,11308544842,11308544856,0,0,-13
5650,0,11310545173,11310545205,0,0,-32
5651,0,11312547433,11312547459,0,0,-25
5652,0,11314550222,11314550212,0,0,9
5653,0,11316553312,11316553272,0,0,39
5654,0,11318555663,11318555620,0,0,42
5655,0,11320557364,11320557324,0,0,40
5656,0,11322558883,11322558838,0,0,44
5657,0,11324560842,11324560844,0,0,-2
5658,0,11326563465,11326563478,0,0,-13
5659,0,11328567124,11328567089,0,0,34
5660,0,11330568730,11330568689,0,0,40
5661,0,11332570982,11332570936,0,0,46
5662,0,11334572837,11334572808,0,0,28
5663,0,11336575001,11336574970,0,0,31
5664,0,11338577811,11338577787,0,0,23
5665,0,11340580148,11340580112,0,0,36
5666,0,11342583298,11342583274,0,0,23
5667,0,11344584193,11344584172,0,0,20
5668,0,11346586389,11346586375,0,0,14
5669,0,11348587157,11348587181,0,0,-23
5670,0,11350590189,11350590166,0,0,23
5671,0,11352593816,11352593807,0,0,8
5672,0,11354595661,11354595640,0,0,21
5673,0,11356597663,11356597626,0,0,36
5674,0,11358599062,11358599048,0,0,14
5675,0,11360602143,11360602102,0,0,41
5676,0,11362604217,11362604204,0,0,13
5677,0,11364606419,11364606393,0,0,26
5678,0,11366607826,11366607777,0,0,49
5679,0,11368611208,11368611179,0,0,29
5680,0,11370613077,11370613044,0,0,32
5681,0,11372614278,11372614303,0,0,-24
5682,0,11374617972,11374617995,0,0,-23
5683,0,11376620316,11376620341,0,0,-24
5684,0,11378622008,11378621982,0,0,26
5685,0,11380623928,11380623892,0,0,35
5686,0,11382625860,11382625837,0,0,23
5687,0,11384629206,11384629167,0,0,39
5688,0,11386630851,11386630826,0,0,24
5689,0,11388632533,11388632575,0,0,-41
5690,0,11390635826,11390635841,0,0,-15
5691,0,11392637273,11392637264,0,0,8
5692,0,11394639337,11394639328,0,0,8
5693,0,11396641664,11396641652,0,0,11
5694,0,11398643328,11398643289,0,0,38
5695,0,11400646997,11400646981,0,0,15
5696,0,11402648936,11402648910,0,0,25
5697,0,11404652700,11404652686,0,0,13
5698,0,11406654448,11406654406,0,0,42
5699,0,11408654970,11408654935,0,0,35
5700,0,11410656621,11410656597,0,0,24
5701,0,11412658807,11412658831,0,0,-23
5702,0,11414661130,11414661159,0,0,-29
5703,0,11416664193,11416664239,0,0,-46
5704,0,11418666724,11418666697,0,0,26
5705,0,11420668669,11420668633,0,0,35
5706,0,11422670089,11422670065,0,0,23
5707,0,11424673847,11424673813,0,0,34
5708,0,11426675169,11426675143,0,0,26
5709,0,11428676820,11428676803,0,0,16
5710,0,11430679970,11430679959,0,0,11
5711,0,11432681757,11432681735,0,0,22
5712,0,11434683372,11434683417,0,0,-45
5713,0,11436687003,11436687033,0,0,-30
5714,0,11438689806,11438689826,0,0,-20
5715,0,11440690784,11440690820,0,0,-35
5716,0,11442692674,11442692706,0,0,-32
5717,0,11444695313,11444695288,0,0,24
5718,0,11446696940,11446696932,0,0,8
5719,0,11448701139,11448701108,0,0,31
5720,0,11450703235,11450703206,0,0,28
5721,0,11452704570,11452704542,0,0,27
5722,0,11454706608,11454706593,0,0,15
5723,0,11456708968,11456708901,0,0,67
5724,0,11458711198,11458711123,0,0,75
5725,0,11460714018,11460714029,0,0,-10
5726,0,11462715978,11462715988,0,0,-10
5727,0,11464717967,11464717907,0,0,59
5728,0,11466719868,11466719826,0,0,41
5729,0,11468721418,11468721440,0,0,-22
5730,0,11470725862,11470725804,0,0,57
5731,0,11472727049,11472727009,0,0,39
5732,0,11474728982,11474728939,0,0,43
5733,0,11476730986,11476730937,0,0,48
5734,0,11478732678,11478732705,0,0,-26
5735,0,11480735555,11480735581,0,0,-26
5736,0,11482737948,11482737961,0,0,-13
5737,0,11484740444,11484740478,0,0,-33
5738,0,11486742147,11486742173,0,0,-25
5739,0,11488743259,11488743238,0,0,21
5740,0,11490746320,11490746294,0,0,25
5741,0,11492748659,11492748683,0,0,-23
5742,0,11494750463,11494750502,0,0,-38
5743,0,11496753982,11496753967,0,0,15
5744,0,11498755653,11498755639,0,0,14
5745,0,11500757544,11500757507,0,0,36
5746,0,11502760200,11502760168,0,0,32
5747,0,11504763258,11504763211,0,0,47
5748,0,11506763263,11506763220,0,0,43
5749,0,11508766043,11508766031,0,0,11
5750,0,11510769132,11510769100,0,0,32
5751,0,11512771279,11512771234,0,0,44
5752,0,11514773516,11514773490,0,0,26
5753,0,11516776046,11516776015,0,0,30
5754,0,11518777579,11518777520,0,0,59
5755,0,11520779176,11520779136,0,0,40
5756,0,11522782584,11522782546,0,0,38
5757,0,11524784241,11524784226,0,0,14
5758,0,11526786067,11526786030,0,0,37
5759,0,11528789921,11528789946,0,0,-24
5760,0,11530792185,11530792211,0,0,-25
5761,0,11532794139,11532794149,0,0,-10
5762,0,11534796684,11534796639,0,0,44
5763,0,11536797719,11536797690,0,0,28
5764,0,11538799148,11538799090,0,0,57
5765,0,11540802086,11540802067,0,0,19
5766,0,11542804013,11542804030,0,0,-16
5767,0,11544806862,11544806872,0,0,-10
5768,0,11546809056,11546809006,0,0,49
5769,0,11548810118,11548810074,0,0,43
5770,0,11550812609,11550812548,0,0,60
5771,0,11552815357,11552815292,0,0,65
5772,0,11554817245,11554817262,0,0,-17
5773,0,11556820391,11556820400,0,0,-8
5774,0,11558822269,11558822303,0,0,-33
5775,0,11560824667,11560824627,0,0,39
5776,0,11562827034,11562826985,0,0,49
5777,0,11564828927,11564828883,0,0,43
5778,0,11566831366,11566831315,0,0,51
5779,0,11568833701,11568833641,0,0,60
5780,0,11570835857,11570835799,0,0,58
5781,0,11572838081,11572838013,0,0,68
5782,0,11574840486,11574840436,0,0,49
5783,0,11576842367,11576842307,0,0,59
5784,0,11578844707,11578844658,0,0,49
5785,0,11580847182,11580847147,0,0,35
5786,0,11582849712,11582849719,0,0,-6
5787,0,11584850993,11584851004,0,0,-10
5788,0,11586852717,11586852757,0,0,-39
5789,0,11588855818,11588855782,0,0,36
5790,0,11590858258,11590858228,0,0,29
5791,0,11592860392,11592860418,0,0,-26
5792,0,11594863232,11594863244,0,0,-12
5793,0,11596864795,11596864806,0,0,-11
5794,0,11598867815,11598867821,0,0,-5
5795,0,11600869060,11600869078,0,0,-18
5796,0,11602871431,11602871449,0,0,-18
5797,0,11604875272,11604875296,0,0,-24
5798,0,11606876242,11606876269,0,0,-26
5799,0,11608877665,11608877680,0,0,-15
5800,0,11610879274,11610879299,0,0,-24
5801,0,11612882512,11612882517,0,0,-5
5802,0,11614884813,11614884748,0,0,65
5803,0,11616887038,11616886996,0,0,41
5804,0,11618889148,11618889200,0,0,-51
5805,0,11620891282,11620891314,0,0,-31
5806,0,11622893536,11622893563,0,0,-26
5807,0,11624895750,11624895789,0,0,-38
5808,0,11626897973,11626897943,0,0,29
5809,0,11628900528,11628900478,0,0,49
5810,0,11630903866,11630903838,0,0,27
5811,0,11632904496,11632904522,0,0,-25
5812,0,11634906761,11634906737,0,0,24
5813,0,11636908070,11636908032,0,0,38
5814,0,11638911385,11638911343,0,0,42
5815,0,11640913813,11640913774,0,0,39
5816,0,11642916104,11642916062,0,0,41
5817,0,11644918091,11644918063,0,0,27
5818,0,11646920456,11646920469,0,0,-13
5819,0,11648922210,11648922175,0,0,34
5820,0,11650923846,11650923838,0,0,8
5821,0,11652927317,11652927291,0,0,26
5822,0,11654929057,11654929031,0,0,25
5823,0,11656932121,11656932103,0,0,17
5824,0,11658934265,11658934316,0,0,-51
5825,0,11660935800,11660935766,0,0,33
5826,0,11662939579,11662939571,0,0,8
5827,0,11664940281,11664940267,0,0,14
5828,0,11666943011,11666942981,0,0,29
5829,0,11668944681,11668944705,0,0,-24
5830,0,11670946685,11670946715,0,0,-30
5831,0,11672948050,11672948080,0,0,-29
5832,0,11674951233,11674951256,0,0,-22
5833,0,11676953004,11676952988,0,0,15
5834,0,11678955784,11678955777,0,0,6
5835,0,11680957793,11680957737,0,0,56
5836,0,11682959253,11682959214,0,0,38
5837,0,11684962360,11684962386,0,0,-25
5838,0,11686963916,11686963948,0,0,-31
5839,0,11688967256,11688967276,0,0,-19
5840,0,11690969537,11690969499,0,0,38
5841,0,11692971271,11692971219,0,0,52
5842,0,11694972578,11694972589,0,0,-11
5843,0,11696975656,11696975721,0,0,-65
5844,0,11698977233,11698977284,0,0,-50
5845,0,11700980570,11700980547,0,0,23
5846,0,11702982965,11702982947,0,0,17
5847,0,11704986006,11704985986,0,0,20
5848,0,11706986903,11706986883,0,0,20
5849,0,11708987993,11708988018,0,0,-24
5850,0,11710990862,11710990889,0,0,-26
5851,0,11712994002,11712993966,0,0,35
5852,0,11714995941,11714995916,0,0,24
5853,0,11716997730,11716997694,0,0,36
5854,0,11718999141,11718999093,0,0,48
5855,0,11721001519,11721001468,0,0,51
5856,0,11723004583,11723004600,0,0,-16
5857,0,11725006063,11725006090,0,0,-26
5858,0,11727009057,11727009017,0,0,40
5859,0,11729011186,11729011141,0,0,44
5860,0,11731012849,11731012800,0,0,49
5861,0,11733015858,11733015828,0,0,30
5862,0,11735018474,11735018449,0,0,25
5863,0,11737020898,11737020863,0,0,35
5864,0,11739022926,11739022884,0,0,42
5865,0,11741024727,11741024683,0,0,43
5866,0,11743026134,11743026099,0,0,35
5867,0,11745029674,11745029610,0,0,63
5868,0,11747031851,11747031821,0,0,30
5869,0,11749033555,11749033577,0,0,-21
5870,0,11751034931,11751034876,0,0,55
5871,0,11753038018,11753037959,0,0,59
5872,0,11755040628,11755040570,0,0,57
5873,0,11757042194,11757042150,0,0,44
5874,0,11759043840,11759043788,0,0,51
5875,0,11761047412,11761047433,0,0,-21
5876,0,11763049635,11763049655,0,0,-20
5877,0,11765051075,11765051118,0,0,-42
5878,0,11767052167,11767052107,0,0,59
5879,0,11769055020,11769054976,0,0,43
5880,0,11771057769,11771057719,0,0,50
5881,0,11773060732,11773060676,0,0,56
5882,0,11775062918,11775062925,0,0,-7
5883,0,11777064938,11777064950,0,0,-12
5884,0,11779067174,11779067148,0,0,26
5885,0,11781069229,11781069200,0,0,29
5886,0,11783071053,11783071017,0,0,36
5887,0,11785074812,11785074764,0,0,48
5888,0,11787077096,11787077078,0,0,17
5889,0,11789078145,11789078096,0,0,48
5890,0,11791080063,11791080004,0,0,58
5891,0,11793082147,11793082105,0,0,41
5892,0,11795083880,11795083835,0,0,44
5893,0,11797087165,11797087114,0,0,51
5894,0,11799089244,11799089191,0,0,53
5895,0,11801090358,11801090397,0,0,-38
5896,0,11803093865,11803093821,0,0,43
5897,0,11805097171,11805097161,0,0,9
5898,0,11807098855,11807098817,0,0,38
5899,0,11809100901,11809100872,0,0,28
5900,0,11811102613,11811102642,0,0,-28
5901,0,11813104656,11813104689,0,0,-32
5902,0,11815106435,11815106408,0,0,27
5903,0,11817109674,11817109639,0,0,34
5904,0,11819111608,11819111579,0,0,29
5905,0,11821113457,11821113403,0,0,53
5906,0,11823115065,11823115096,0,0,-31
5907,0,11825119005,11825118982,0,0,23
5908,0,11827119358,11827119338,0,0,20
5909,0,11829121614,11829121587,0,0,26
5910,0,11831125805,11831125839,0,0,-33
5911,0,11833128721,11833128767,0,0,-45
5912,0,11835129506,11835129466,0,0,40
5913,0,11837131387,11837131369,0,0,17
5914,0,11839132815,11839132801,0,0,14
5915,0,11841135946,11841135911,0,0,35
5916,0,11843138510,11843138462,0,0,47
5917,0,11845140577,11845140538,0,0,39
5918,0,11847143149,11847143115,0,0,33
5919,0,11849145937,11849145883,0,0,53
5920,0,11851148191,11851148215,0,0,-23
5921,0,11853149271,11853149278,0,0,-6
5922,0,11855150940,11855150898,0,0,41
5923,0,11857155105,11857155074,0,0,31
5924,0,11859156195,11859156214,0,0,-19
5925,0,11861157294,11861157319,0,0,-24
5926,0,11863160523,11863160492,0,0,31
5927,0,11865162874,11865162847,0,0,26
5928,0,11867165090,11867165062,0,0,28
5929,0,11869167437,11869167401,0,0,35
5930,0,11871169157,11871169141,0,0,16
5931,0,11873170353,11873170318,0,0,35
5932,0,11875173161,11875173178,0,0,-16
5933,0,11877176159,11877176171,0,0,-11
5934,0,11879177504,11879177519,0,0,-14
5935,0,11881181210,11881181173,0,0,36
5936,0,11883183038,11883182991,0,0,47
5937,0,11885184752,11885184734,0,0,18
5938,0,11887186344,11887186325,0,0,18
5939,0,11889190626,11889190602,0,0,23
5940,0,11891192343,11891192316,0,0,26
5941,0,11893194076,11893194034,0,0,41
5942,0,11895196408,11895196366,0,0,41
5943,0,11897198298,11897198247,0,0,51
5944,0,11899200669,11899200716,0,0,-46
5945,0,11901202923,11901202948,0,0,-24
5946,0,11903205180,11903205237,0,0,-56
5947,0,11905209343,11905209301,0,0,42
5948,0,11907210476,11907210438,0,0,37
5949,0,11909211222,11909211202,0,0,20
5950,0,11911213158,11911213132,0,0,26
5951,0,11913216659,11913216631,0,0,28
5952,0,11915218403,11915218383,0,0,20
5953,0,11917221639,11917221615,0,0,23
5954,0,11919224056,11919224050,0,0,5
5955,0,11921225967,11921225939,0,0,28
5956,0,11923227544,11923227539,0,0,4
5957,0,11925229731,11925229694,0,0,37
5958,0,11927232188,11927232226,0,0,-38
5959,0,11929235010,11929234986,0,0,23
5960,0,11931236083,11931236058,0,0,24
5961,0,11933238611,11933238600,0,0,11
5962,0,11935240426,11935240395,0,0,31
5963,0,11937241709,11937241691,0,0,17
5964,0,11939243879,11939243874,0,0,4
5965,0,11941246514,11941246503,0,0,10
5966,0,11943249492,11943249467,0,0,24
5967,0,11945251201,11945251179,0,0,22
5968,0,11947253134,11947253128,0,0,6
5969,0,11949256083,11949256040,0,0,42
5970,0,11951257578,11951257521,0,0,57
5971,0,11953261173,11953261118,0,0,55
5972,0,11955263880,11955263871,0,0,9
5973,0,11957264899,11957264844,0,0,55
5974,0,11959266531,11959266478,0,0,53
5975,0,11961269724,11961269689,0,0,34
5976,0,11963271615,11963271606,0,0,9
5977,0,11965273232,11965273188,0,0,44
5978,0,11967276522,11967276496,0,0,26
5979,0,11969278527,11969278496,0,0,31
5980,0,11971280733,11971280693,0,0,40
5981,0,11973281748,11973281730,0,0,18
5982,0,11975284606,11975284588,0,0,17
5983,0,11977288133,11977288098,0,0,34
5984,0,11979289523,11979289486,0,0,37
5985,0,11981292077,11981292023,0,0,53
5986,0,11983293926,11983293892,0,0,33
5987,0,11985296064,11985296024,0,0,39
5988,0,11987298826,11987298818,0,0,7
5989,0,11989301318,11989301281,0,0,36
5990,0,11991303030,11991303004,0,0,26
5991,0,11993304672,11993304628,0,0,44
5992,0,11995306308,11995306259,0,0,49
5993,0,11997309478,11997309444,0,0,33
5994,0,11999310935,11999310883,0,0,51
5995,0,12001313342,12001313294,0,0,48
5996,0,12003316237,12003316260,0,0,-23
5997,0,12005319470,12005319485,0,0,-14
5998,0,12007319531,12007319503,0,0,27
5999,0,12009321958,12009321930,0,0,28
6000,0,12011325266,12011325208,0,0,58
6001,0,12013327915,12013327934,0,0,-19
6002,0,12015330084,12015330114,0,0,-30
6003,0,12017331939,12017331955,0,0,-16
6004,0,12019334819,12019334787,0,0,31
6005,0,12021335079,12021335028,0,0,51
6006,0,12023338000,12023337961,0,0,38
6007,0,12025341016,12025341038,0,0,-22
6008,0,12027343230,12027343240,0,0,-10
6009,0,12029345426,12029345419,0,0,7
6010,0,12031347602,12031347577,0,0,24
6011,0,12033349552,12033349526,0,0,25
6012,0,12035351854,12035351798,0,0,56
6013,0,12037354519,12037354534,0,0,-15
6014,0,12039356475,12039356502,0,0,-26
6015,0,12041358775,12041358744,0,0,31
6016,0,12043360802,12043360765,0,0,36
6017,0,12045362877,12045362838,0,0,38
6018,0,12047364425,12047364389,0,0,35
6019,0,12049367553,12049367506,0,0,47
6020,0,12051370844,12051370819,0,0,24
6021,0,12053371670,12053371695,0,0,-24
6022,0,12055374689,12055374712,0,0,-23
6023,0,12057376406,12057376378,0,0,28
6024,0,12059377449,12059377392,0,0,57
6025,0,12061380107,12061380063,0,0,43
6026,0,12063383326,12063383296,0,0,29
6027,0,12065385193,12065385166,0,0,26
6028,0,12067387393,12067387386,0,0,7
6029,0,12069389280,12069389265,0,0,15
6030,0,12071391440,12071391389,0,0,51
6031,0,12073394217,12073394185,0,0,31
6032,0,12075396240,12075396275,0,0,-34
6033,0,12077398603,12077398584,0,0,19
6034,0,12079400873,12079400900,0,0,-26
6035,0,12081403031,12081403062,0,0,-31
6036,0,12083406265,12083406296,0,0,-31
6037,0,12085407966,12085407925,0,0,40
6038,0,12087410067,12087410022,0,0,45
6039,0,12089411830,12089411778,0,0,51
6040,0,12091413932,12091413896,0,0,35
6041,0,12093415278,12093415253,0,0,24
6042,0,12095417723,12095417692,0,0,31
6043,0,12097421096,12097421110,0,0,-13
6044,0,12099423121,12099423102,0,0,19
6045,0,12101425150,12101425112,0,0,38
6046,0,12103426453,12103426408,0,0,44
6047,0,12105431577,12105431542,0,0,34
6048,0,12107431804,12107431759,0,0,44
6049,0,12109433248,12109433201,0,0,47
6050,0,12111436345,12111436315,0,0,29
6051,0,12113437698,12113437672,0,0,25
6052,0,12115441885,12115441865,0,0,20
6053,0,12117443046,12117443029,0,0,16
6054,0,12119445649,12119445604,0,0,44
6055,0,12121447217,12121447242,0,0,-24
6056,0,12123448618,12123448640,0,0,-22
6057,0,12125451822,12125451828,0,0,-5
6058,0,12127452817,12127452826,0,0,-8
6059,0,12129455587,12129455601,0,0,-13
6060,0,12131458402,12131458418,0,0,-16
6061,0,12133459927,12133459957,0,0,-29
6062,0,12135463276,12135463303,0,0,-26
6063,0,12137464405,12137464370,0,0,34
6064,0,12139468172,12139468188,0,0,-16
6065,0,12141469950,12141469885,0,0,65
6066,0,12143472107,12143472113,0,0,-6
6067,0,12145474423,12145474444,0,0,-20
6068,0,12147477817,12147477829,0,0,-11
6069,0,12149478057,12149478063,0,0,-6
6070,0,12151479884,12151479884,0,0,0
6071,0,12153483449,12153483475,0,0,-26
6072,0,12155485587,12155485600,0,0,-12
6073,0,12157487955,12157487975,0,0,-20
6074,0,12159490015,12159489965,0,0,50
6075,0,12161491532,12161491487,0,0,45
6076,0,12163493189,12163493119,0,0,69
6077,0,12165495929,12165495865,0,0,63
6078,0,12167498896,12167498822,0,0,73
6079,0,12169502181,12169502107,0,0,74
6080,0,12171504540,12171504474,0,0,65
6081,0,12173505575,12173505557,0,0,18
6082,0,12175507722,12175507701,0,0,21
6083,0,12177509579,12177509573,0,0,6
6084,0,12179512793,12179512782,0,0,11
6085,0,12181514355,12181514343,0,0,11
6086,0,12183516268,12183516250,0,0,17
6087,0,12185517292,12185517283,0,0,8
6088,0,12187520224,12187520212,0,0,12
6089,0,12189522850,12189522894,0,0,-43
6090,0,12191524613,12191524651,0,0,-38
6091,0,12193527740,12193527781,0,0,-40
6092,0,12195529908,12195529946,0,0,-38
6093,0,12197532061,12197532107,0,0,-46
6094,0,12199533645,12199533615,0,0,29
6095,0,12201536386,12201536371,0,0,15
6096,0,12203537621,12203537606,0,0,15
6097,0,12205542718,12205542750,0,0,-31
6098,0,12207542947,12207542972,0,0,-24
6099,0,12209544424,12209544391,0,0,33
6100,0,12211548613,12211548576,0,0,37
6101,0,12213549431,12213549382,0,0,48
6102,0,12215551116,12215551138,0,0,-21
6103,0,12217554708,12217554724,0,0,-15
6104,0,12219556638,12219556660,0,0,-22
6105,0,12221558428,12221558388,0,0,40
6106,0,12223560631,12223560572,0,0,58
6107,0,12225563053,12225563017,0,0,36
6108,0,12227564296,12227564248,0,0,47
6109,0,12229566858,12229566817,0,0,40
6110,0,12231570261,12231570237,0,0,24
6111,0,12233572211,12233572166,0,0,44
6112,0,12235574507,12235574469,0,0,38
6113,0,12237576503,12237576454,0,0,48
6114,0,12239578831,12239578772,0,0,58
6115,0,12241581332,12241581294,0,0,38
6116,0,12243585102,12243585078,0,0,23
6117,0,12245584946,12245584958,0,0,-11
6118,0,12247586955,12247586970,0,0,-14
6119,0,12249590058,12249590023,0,0,35
6120,0,12251591817,12251591779,0,0,38
6121,0,12253593724,12253593676,0,0,48
6122,0,12255596960,12255596922,0,0,38
6123,0,12257598570,12257598532,0,0,38
6124,0,12259600505,12259600470,0,0,35
6125,0,12261603056,12261603004,0,0,52
6126,0,12263604709,12263604715,0,0,-6
6127,0,12265607943,12265607951,0,0,-8
6128,0,12267610110,12267610132,0,0,-21
6129,0,12269611669,12269611694,0,0,-25
6130,0,12271613368,12271613377,0,0,-8
6131,0,12273616515,12273616490,0,0,24
6132,0,12275618759,12275618705,0,0,54
6133,0,12277620305,12277620267,0,0,38
6134,0,12279623793,12279623772,0,0,21
6135,0,12281625413,12281625427,0,0,-13
6136,0,12283627772,12283627806,0,0,-33
6137,0,12285629688,12285629714,0,0,-25
6138,0,12287631548,12287631585,0,0,-36
6139,0,12289634730,12289634685,0,0,44
6140,0,12291636797,12291636838,0,0,-40
6141,0,12293638440,12293638478,0,0,-38
6142,0,12295640301,12295640341,0,0,-40
6143,0,12297643757,12297643786,0,0,-28
6144,0,12299645654,12299645685,0,0,-31
6145,0,12301648209,12301648243,0,0,-33
6146,0,12303650466,12303650497,0,0,-31
6147,0,12305653404,12305653447,0,0,-42
6148,0,12307654493,12307654529,0,0,-35
6149,0,12309656197,12309656245,0,0,-48
6150,0,12311658166,12311658128,0,0,38
6151,0,12313661444,12313661435,0,0,9
6152,0,12315663408,12315663386,0,0,21
6153,0,12317665440,12317665396,0,0,43
6154,0,12319666997,12319666968,0,0,29
6155,0,12321670058,12321670089,0,0,-31
6156,0,12323672130,12323672089,0,0,40
6157,0,12325674758,12325674720,0,0,38
6158,0,12327676647,12327676620,0,0,27
6159,0,12329678961,12329678919,0,0,41
6160,0,12331681402,12331681354,0,0,48
6161,0,12333683787,12333683797,0,0,-10
6162,0,12335685777,12335685791,0,0,-13
6163,0,12337688272,12337688290,0,0,-17
6164,0,12339690357,12339690378,0,0,-20
6165,0,12341693272,12341693215,0,0,56
6166,0,12343694557,12343694516,0,0,40
6167,0,12345696505,12345696469,0,0,35
6168,0,12347697954,12347697916,0,0,37
6169,0,12349701611,12349701639,0,0,-28
6170,0,12351703785,12351703751,0,0,33
6171,0,12353705634,12353705600,0,0,34
6172,0,12355707966,12355708001,0,0,-34
6173,0,12357709852,12357709862,0,0,-9
6174,0,12359711667,12359711630,0,0,36
6175,0,12361715321,12361715272,0,0,49
6176,0,12363716970,12363716904,0,0,65
6177,0,12365718821,12365718775,0,0,46
6178,0,12367720392,12367720343,0,0,49
6179,0,12369722194,12369722208,0,0,-13
6180,0,12371724780,12371724741,0,0,38
6181,0,12373728948,12373728910,0,0,37
6182,0,12375730593,12375730548,0,0,44
6183,0,12377732606,12377732574,0,0,31
6184,0,12379734732,12379734698,0,0,33
6185,0,12381737245,12381737200,0,0,44
6186,0,12383739411,12383739395,0,0,15
6187,0,12385741533,12385741495,0,0,38
6188,0,12387743369,12387743321,0,0,47
6189,0,12389745377,12389745311,0,0,65
6190,0,12391746778,12391746750,0,0,27
6191,0,12393748950,12393748923,0,0,27
6192,0,12395751781,12395751813,0,0,-32
6193,0,12397754715,12397754678,0,0,36
6194,0,12399757008,12399757029,0,0,-20
6195,0,12401758910,12401758864,0,0,46
6196,0,12403761277,12403761238,0,0,38
6197,0,12405764439,12405764393,0,0,46
6198,0,12407764839,12407764779,0,0,60
6199,0,12409767986,12409767931,0,0,55
6200,0,12411770474,12411770414,0,0,60
6201,0,12413772184,12413772179,0,0,4
6202,0,12415773440,12415773409,0,0,31
6203,0,12417775622,12417775608,0,0,13
6204,0,12419778923,12419778992,0,0,-68
6205,0,12421781171,12421781216,0,0,-44
6206,0,12423782870,12423782923,0,0,-52
6207,0,12425786119,12425786153,0,0,-33
6208,0,12427787631,12427787662,0,0,-30
6209,0,12429789195,12429789145,0,0,49
6210,0,12431792259,12431792194,0,0,65
6211,0,12433794617,12433794566,0,0,51
6212,0,12435796979,12435796928,0,0,51
6213,0,12437799557,12437799522,0,0,34
6214,0,12439800143,12439800104,0,0,39
6215,0,12441802448,12441802410,0,0,38
6216,0,12443805784,12443805757,0,0,27
6217,0,12445808173,12445808145,0,0,27
6218,0,12447810770,12447810797,0,0,-26
6219,0,12449812220,12449812269,0,0,-49
6220,0,12451814631,12451814586,0,0,44
6221,0,12453816864,12453816849,0,0,14
6222,0,12455819493,12455819469,0,0,23
6223,0,12457821638,12457821633,0,0,4
6224,0,12459823485,12459823453,0,0,31
6225,0,12461825716,12461825706,0,0,9
6226,0,12463827869,12463827849,0,0,20
6227,0,12465828878,12465828850,0,0,28
6228,0,12467831621,12467831613,0,0,8
6229,0,12469835791,12469835766,0,0,24
6230,0,12471837100,12471837080,0,0,20
6231,0,12473838883,12473838867,0,0,15
6232,0,12475841759,12475841806,0,0,-47
6233,0,12477843473,12477843483,0,0,-9
6234,0,12479844847,12479844796,0,0,51
6235,0,12481848741,12481848683,0,0,58
6236,0,12483850393,12483850359,0,0,33
6237,0,12485852348,12485852326,0,0,22
6238,0,12487854157,12487854174,0,0,-16
6239,0,12489857680,12489857687,0,0,-6
6240,0,12491858935,12491858961,0,0,-25
6241,0,12493861131,12493861085,0,0,46
6242,0,12495863925,12495863887,0,0,38
6243,0,12497865922,12497865884,0,0,38
6244,0,12499868351,12499868289,0,0,62
6245,0,12501870965,12501870937,0,0,27
6246,0,12503871866,12503871825,0,0,40
6247,0,12505876063,12505876029,0,0,34
6248,0,12507877013,12507876988,0,0,25
6249,0,12509879207,12509879182,0,0,24
6250,0,12511881114,12511881077,0,0,37
6251,0,12513882599,12513882613,0,0,-13
6252,0,12515885986,12515885949,0,0,36
6253,0,12517888173,12517888151,0,0,21
6254,0,12519890288,12519890273,0,0,15
6255,0,12521892747,12521892705,0,0,41
6256,0,12523894323,12523894307,0,0,15
6257,0,12525895653,12525895605,0,0,47
6258,0,12527898491,12527898433,0,0,58
6259,0,12529901869,12529901826,0,0,42
6260,0,12531903640,12531903615,0,0,24
6261,0,12533905710,12533905722,0,0,-12
6262,0,12535907026,12535907033,0,0,-6
6263,0,12537909952,12537909977,0,0,-25
6264,0,12539911258,12539911231,0,0,27
6265,0,12541913524,12541913510,0,0,13
6266,0,12543916379,12543916325,0,0,53
6267,0,12545919171,12545919152,0,0,19
6268,0,12547921158,12547921108,0,0,49
6269,0,12549922976,12549922931,0,0,44
6270,0,12551926317,12551926279,0,0,38
6271,0,12553928500,12553928469,0,0,31
6272,0,12555931055,12555931015,0,0,39
6273,0,12557932338,12557932307,0,0,31
6274,0,12559933515,12559933487,0,0,27
6275,0,12561935586,12561935562,0,0,23
6276,0,12563938412,12563938367,0,0,44
6277,0,12565942758,12565942742,0,0,15
6278,0,12567943840,12567943812,0,0,28
6279,0,12569945689,12569945642,0,0,47
6280,0,12571947054,12571947029,0,0,24
6281,0,12573950232,12573950264,0,0,-31
6282,0,12575952717,12575952732,0,0,-15
6283,0,12577955410,12577955425,0,0,-15
6284,0,12579957530,12579957495,0,0,35
6285,0,12581959276,12581959241,0,0,34
6286,0,12583960800,12583960761,0,0,38
6287,0,12585963626,12585963602,0,0,23
6288,0,12587965865,12587965902,0,0,-36
6289,0,12589968457,12589968487,0,0,-30
6290,0,12591970501,12591970525,0,0,-24
6291,0,12593972328,12593972303,0,0,25
6292,0,12595974110,12595974061,0,0,49
6293,0,12597978542,12597978557,0,0,-15
6294,0,12599980012,12599980037,0,0,-24
6295,0,12601981875,12601981887,0,0,-12
6296,0,12603983834,12603983861,0,0,-26
6297,0,12605987947,12605987982,0,0,-34
6298,0,12607987685,12607987705,0,0,-19
6299,0,12609989379,12609989352,0,0,26
6300,0,12611991939,12611991973,0,0,-33
6301,0,12613995263,12613995277,0,0,-13
6302,0,12615997256,12615997291,0,0,-34
6303,0,12618000258,12618000238,0,0,20
6304,0,12620002570,12620002543,0,0,26
6305,0,12622003314,12622003291,0,0,23
6306,0,12624005152,12624005110,0,0,42
6307,0,12626008497,12626008445,0,0,51
6308,0,12628010364,12628010341,0,0,23
6309,0,12630012574,12630012529,0,0,44
6310,0,12632013788,12632013750,0,0,38
6311,0,12634017019,12634016993,0,0,25
6312,0,12636019313,12636019288,0,0,24
6313,0,12638021835,12638021820,0,0,14
6314,0,12640023613,12640023573,0,0,40
6315,0,12642024898,12642024881,0,0,17
6316,0,12644028270,12644028247,0,0,23
6317,0,12646030434,12646030419,0,0,15
6318,0,12648033058,12648033018,0,0,40
6319,0,12650035220,12650035254,0,0,-33
6320,0,12652037402,12652037370,0,0,31
6321,0,12654039420,12654039407,0,0,12
6322,0,12656040560,12656040550,0,0,9
6323,0,12658043581,12658043542,0,0,38
6324,0,12660045017,12660045001,0,0,15
6325,0,12662049651,12662049694,0,0,-42
6326,0,12664050898,12664051023,0,0,-125
6327,0,12666052644,12666052692,0,0,-47
6328,0,12668054946,12668054928,0,0,17
6329,0,12670057075,12670057070,0,0,4
6330,0,12672059784,12672059775,0,0,8
6331,0,12674061933,12674061903,0,0,29
6332,0,12676063757,12676063798,0,0,-40
6333,0,12678066193,12678066227,0,0,-34
6334,0,12680068076,12680068114,0,0,-38
6335,0,12682069764,12682069737,0,0,26
6336,0,12684072402,12684072388,0,0,13
6337,0,12686074370,12686074337,0,0,33
6338,0,12688077191,12688077163,0,0,28
6339,0,12690079199,12690079245,0,0,-46
6340,0,12692080444,12692080428,0,0,15
6341,0,12694083525,12694083479,0,0,45
6342,0,12696085161,12696085152,0,0,8
6343,0,12698088572,12698088550,0,0,22
6344,0,12700090779,12700090814,0,0,-34
6345,0,12702092191,12702092233,0,0,-42
6346,0,12704094119,12704094150,0,0,-30
6347,0,12706098278,12706098243,0,0,35
6348,0,12708098502,12708098489,0,0,13
6349,0,12710101603,12710101570,0,0,33
6350,0,12712103472,12712103465,0,0,7
6351,0,12714104840,12714104806,0,0,34
6352,0,12716107523,12716107478,0,0,45
6353,0,12718110247,12718110274,0,0,-26
6354,0,12720111764,12720111752,0,0,11
6355,0,12722115043,12722115008,0,0,35
6356,0,12724117258,12724117234,0,0,23
6357,0,12726119162,12726119152,0,0,9
6358,0,12728121313,12728121345,0,0,-31
6359,0,12730122522,12730122509,0,0,13
6360,0,12732125730,12732125694,0,0,36
6361,0,12734128404,12734128362,0,0,41
6362,0,12736131040,12736130988,0,0,51
6363,0,12738132859,12738132876,0,0,-16
6364,0,12740135113,12740135128,0,0,-15
6365,0,12742136791,12742136804,0,0,-13
6366,0,12744138658,12744138671,0,0,-12
6367,0,12746142889,12746142842,0,0,47
6368,0,12748144880,12748144849,0,0,31
6369,0,12750146058,12750146086,0,0,-28
6370,0,12752148144,12752148170,0,0,-25
6371,0,12754149157,12754149179,0,0,-22
6372,0,12756151350,12756151364,0,0,-13
6373,0,12758154012,12758153970,0,0,41
6374,0,12760158379,12760158354,0,0,24
6375,0,12762159300,12762159263,0,0,36
6376,0,12764160476,12764160448,0,0,27
6377,0,12766162899,12766162876,0,0,23
6378,0,12768166215,12768166240,0,0,-24
6379,0,12770168696,12770168719,0,0,-23
6380,0,12772170841,12772170863,0,0,-22
6381,0,12774172552,12774172525,0,0,26
6382,0,12776174155,12776174118,0,0,36
6383,0,12778177177,12778177145,0,0,31
6384,0,12780178574,12780178589,0,0,-15
6385,0,12782182121,12782182135,0,0,-13
6386,0,12784184495,12784184438,0,0,57
6387,0,12786186066,12786186004,0,0,61
6388,0,12788188406,12788188343,0,0,63
6389,0,12790190341,12790190279,0,0,62
6390,0,12792193125,12792193074,0,0,51
6391,0,12794195227,12794195240,0,0,-12
6392,0,12796197247,12796197200,0,0,47
6393,0,12798199379,12798199337,0,0,42
6394,0,12800200494,12800200443,0,0,50
6395,0,12802203059,12802203079,0,0,-20
6396,0,12804205974,12804205966,0,0,7
6397,0,12806209359,12806209370,0,0,-11
6398,0,12808210797,12808210749,0,0,47
6399,0,12810214089,12810214037,0,0,51
6400,0,12812215992,12812215934,0,0,57
6401,0,12814216450,12814216415,0,0,35
6402,0,12816219849,12816219789,0,0,60
6403,0,12818222203,12818222168,0,0,35
6404,0,12820224238,12820224177,0,0,60
6405,0,12822225844,12822225786,0,0,58
6406,0,12824228116,12824228071,0,0,44
6407,0,12826229549,12826229503,0,0,46
6408,0,12828231946,12828231962,0,0,-16
6409,0,12830235721,12830235747,0,0,-25
6410,0,12832237391,12832237319,0,0,71
6411,0,12834239811,12834239777,0,0,33
6412,0,12836241652,12836241615,0,0,36
6413,0,12838242682,12838242640,0,0,42
6414,0,12840245508,12840245456,0,0,51
6415,0,12842248537,12842248510,0,0,26
6416,0,12844250411,12844250356,0,0,54
6417,0,12846252006,12846251982,0,0,24
6418,0,12848253678,12848253656,0,0,21
6419,0,12850256119,12850256080,0,0,39
6420,0,12852258843,12852258819,0,0,24
6421,0,12854261802,12854261826,0,0,-24
6422,0,12856264357,12856264391,0,0,-33
6423,0,12858266312,12858266279,0,0,33
6424,0,12860268388,12860268368,0,0,20
6425,0,12862269577,12862269551,0,0,25
6426,0,12864272241,12864272274,0,0,-33
6427,0,12866275537,12866275516,0,0,20
6428,0,12868277608,12868277584,0,0,23
6429,0,12870278980,12870278975,0,0,4
6430,0,12872280780,12872280766,0,0,13
6431,0,12874283601,12874283576,0,0,24
6432,0,12876285662,12876285631,0,0,31
6433,0,12878289536,12878289508,0,0,27
6434,0,12880290973,12880290921,0,0,52
6435,0,12882292633,12882292664,0,0,-30
6436,0,12884294244,12884294214,0,0,29
6437,0,12886297076,12886297040,0,0,35
6438,0,12888300045,12888300022,0,0,23
6439,0,12890302201,12890302213,0,0,-11
6440,0,12892304475,12892304508,0,0,-33
6441,0,12894306091,12894306128,0,0,-36
6442,0,12896307258,12896307296,0,0,-38
6443,0,12898309532,12898309564,0,0,-31
6444,0,12900311847,12900311837,0,0,9
6445,0,12902314621,12902314577,0,0,43
6446,0,12904317670,12904317659,0,0,11
6447,0,12906320386,12906320366,0,0,19
6448,0,12908321350,12908321345,0,0,4
6449,0,12910324119,12910324094,0,0,25
6450,0,12912325891,12912325866,0,0,24
6451,0,12914328015,12914327991,0,0,24
6452,0,12916331385,12916331348,0,0,36
6453,0,12918332523,12918332549,0,0,-25
6454,0,12920335145,12920335121,0,0,23
6455,0,12922336442,12922336408,0,0,33
6456,0,12924339608,12924339582,0,0,26
6457,0,12926341400,12926341406,0,0,-5
6458,0,12928344157,12928344177,0,0,-20
6459,0,12930346278,12930346262,0,0,15
6460,0,12932348866,12932348834,0,0,31
6461,0,12934351002,12934350968,0,0,33
6462,0,12936353023,12936352997,0,0,26
6463,0,12938356361,12938356334,0,0,26
6464,0,12940358368,12940358335,0,0,33
6465,0,12942358339,12942358325,0,0,13
6466,0,12944361139,12944361178,0,0,-38
6467,0,12946363879,12946363915,0,0,-35
6468,0,12948365196,12948365171,0,0,24
6469,0,12950367858,12950367844,0,0,13
6470,0,12952371832,12952371804,0,0,27
6471,0,12954372660,12954372632,0,0,27
6472,0,12956374076,12956374107,0,0,-30
6473,0,12958376411,12958376436,0,0,-24
6474,0,12960379970,12960379997,0,0,-26
6475,0,12962382410,12962382444,0,0,-34
6476,0,12964384543,12964384566,0,0,-22
6477,0,12966386276,12966386334,0,0,-58
6478,0,12968388332,12968388348,0,0,-16
6479,0,12970389462,12970389438,0,0,23
6480,0,12972392130,12972392100,0,0,29
6481,0,12974395748,12974395710,0,0,38
6482,0,12976397357,12976397343,0,0,14
6483,0,12978398143,12978398101,0,0,41
6484,0,12980401175,12980401137,0,0,38
6485,0,12982404458,12982404417,0,0,41
6486,0,12984407608,12984407566,0,0,42
6487,0,12986409010,12986408995,0,0,14
6488,0,12988410982,12988410946,0,0,36
6489,0,12990412856,12990412890,0,0,-33
6490,0,12992414458,12992414442,0,0,15
6491,0,12994417820,12994417782,0,0,38
6492,0,12996419663,12996419626,0,0,36
6493,0,12998421004,12998420983,0,0,21
6494,0,13000424685,13000424667,0,0,17
6495,0,13002426548,13002426515,0,0,33
6496,0,13004428829,13004428861,0,0,-31
6497,0,13006432177,13006432214,0,0,-36
6498,0,13008433430,13008433444,0,0,-14
6499,0,13010435835,13010435853,0,0,-18
6500,0,13012438184,13012438157,0,0,27
6501,0,13014440124,13014440091,0,0,33
6502,0,13016443110,13016443128,0,0,-18
6503,0,13018444280,13018444301,0,0,-21
6504,0,13020446573,13020446584,0,0,-11
6505,0,13022449110,13022449125,0,0,-15
6506,0,13024451583,13024451595,0,0,-12
6507,0,13026453233,13026453197,0,0,35
6508,0,13028455691,13028455626,0,0,64
6509,0,13030457592,13030457615,0,0,-23
6510,0,13032460440,13032460464,0,0,-24
6511,0,13034462755,13034462768,0,0,-13
6512,0,13036464412,13036464429,0,0,-16
6513,0,13038466260,13038466226,0,0,33
6514,0,13040467805,13040467778,0,0,26
6515,0,13042470849,13042470825,0,0,23
6516,0,13044473297,13044473277,0,0,20
6517,0,13046475690,13046475669,0,0,21
6518,0,13048478867,13048478828,0,0,39
6519,0,13050479854,13050479817,0,0,36
6520,0,13052482177,13052482157,0,0,20
6521,0,13054484470,13054484421,0,0,49
6522,0,13056487164,13056487183,0,0,-18
6523,0,13058489406,13058489361,0,0,44
6524,0,13060491050,13060490981,0,0,69
6525,0,13062492848,13062492797,0,0,51
6526,0,13064494582,13064494539,0,0,43
6527,0,13066498419,13066498399,0,0,20
6528,0,13068500682,13068500703,0,0,-21
6529,0,13070502957,13070502968,0,0,-11
6530,0,13072504252,13072504202,0,0,49
6531,0,13074506431,13074506399,0,0,32
6532,0,13076507675,13076507623,0,0,51
6533,0,13078509742,13078509677,0,0,65
6534,0,13080512501,13080512460,0,0,40
6535,0,13082517076,13082517031,0,0,44
6536,0,13084517932,13084517879,0,0,53
6537,0,13086519853,13086519826,0,0,26
6538,0,13088521987,13088521960,0,0,26
6539,0,13090522791,13090522815,0,0,-24
6540,0,13092525874,13092525883,0,0,-8
6541,0,13094529332,13094529375,0,0,-42
6542,0,13096531083,13096531050,0,0,33
6543,0,13098533170,13098533133,0,0,37
6544,0,13100535002,13100534956,0,0,45
6545,0,13102536973,13102536937,0,0,36
6546,0,13104540181,13104540213,0,0,-31
6547,0,13106543882,13106543907,0,0,-24
6548,0,13108544503,13108544511,0,0,-8
6549,0,13110546570,13110546576,0,0,-5
6550,0,13112548497,13112548530,0,0,-32
6551,0,13114550621,13114550643,0,0,-22
6552,0,13116552453,13116552478,0,0,-24
6553,0,13118555844,13118555877,0,0,-32
6554,0,13120557543,13120557489,0,0,53
6555,0,13122558916,13122558901,0,0,14
6556,0,13124561572,13124561550,0,0,21
6557,0,13126563174,13126563162,0,0,11
6558,0,13128566105,13128566059,0,0,46
6559,0,13130570038,13130570081,0,0,-43
6560,0,13132572502,13132572538,0,0,-35
6561,0,13134573230,13134573204,0,0,26
6562,0,13136575408,13136575397,0,0,11
6563,0,13138577625,13138577600,0,0,25
6564,0,13140578994,13140578966,0,0,27
6565,0,13142582648,13142582624,0,0,24
6566,0,13144584217,13144584254,0,0,-36
6567,0,13146586533,13146586558,0,0,-24
6568,0,13148587919,13148587890,0,0,29
6569,0,13150590858,13150590824,0,0,33
6570,0,13152593072,13152593057,0,0,15
6571,0,13154596341,13154596375,0,0,-33
6572,0,13156597982,13156598027,0,0,-44
6573,0,13158599808,13158599856,0,0,-47
6574,0,13160602133,13160602159,0,0,-26
6575,0,13162605797,13162605824,0,0,-26
6576,0,13164606494,13164606537,0,0,-42
6577,0,13166608370,13166608430,0,0,-59
6578,0,13168611279,13168611279,0,0,0
6579,0,13170613018,13170613039,0,0,-20
6580,0,13172614572,13172614592,0,0,-20
6581,0,13174617862,13174617828,0,0,33
6582,0,13176620289,13176620243,0,0,46
6583,0,13178623582,13178623555,0,0,27
6584,0,13180624790,13180624760,0,0,29
6585,0,13182626453,13182626465,0,0,-11
6586,0,13184628337,13184628354,0,0,-17
6587,0,13186631833,13186631790,0,0,43
6588,0,13188633625,13188633576,0,0,49
6589,0,13190635533,13190635488,0,0,44
6590,0,13192638219,13192638238,0,0,-18
6591,0,13194640064,13194640067,0,0,-2
6592,0,13196642998,13196642957,0,0,40
6593,0,13198644721,13198644710,0,0,11
6594,0,13200646808,13200646775,0,0,33
6595,0,13202649182,13202649168,0,0,14
6596,0,13204651432,13204651484,0,0,-51
6597,0,13206654284,13206654310,0,0,-26
6598,0,13208654457,13208654506,0,0,-49
6599,0,13210658153,13210658126,0,0,26
6600,0,13212659969,13212659983,0,0,-13
6601,0,13214661656,13214661622,0,0,33
6602,0,13216664606,13216664587,0,0,19
6603,0,13218666590,13218666546,0,0,43
6604,0,13220668134,13220668102,0,0,31
6605,0,13222671155,13222671186,0,0,-31
6606,0,13224673499,13224673472,0,0,26
6607,0,13226676466,13226676434,0,0,31
6608,0,13228677823,13228677785,0,0,38
6609,0,13230678611,13230678593,0,0,17
6610,0,13232681036,13232681054,0,0,-17
6611,0,13234683028,13234683046,0,0,-17
6612,0,13236686262,13236686223,0,0,39
6613,0,13238689573,13238689546,0,0,27
6614,0,13240691157,13240691107,0,0,49
6615,0,13242694368,13242694341,0,0,27
6616,0,13244695784,13244695738,0,0,46
6617,0,13246697923,13246697902,0,0,21
6618,0,13248700118,13248700094,0,0,24
6619,0,13250702934,13250702910,0,0,23
6620,0,13252704791,13252704754,0,0,37
6621,0,13254706517,13254706501,0,0,16
6622,0,13256707989,13256708004,0,0,-15
6623,0,13258712584,13258712604,0,0,-20
6624,0,13260714582,13260714615,0,0,-33
6625,0,13262716089,13262716001,0,0,87
6626,0,13264718010,13264717939,0,0,71
6627,0,13266720224,13266720246,0,0,-22
6628,0,13268722119,13268722109,0,0,10
6629,0,13270723194,13270723204,0,0,-9
6630,0,13272726345,13272726358,0,0,-13
6631,0,13274730181,13274730125,0,0,56
6632,0,13276731375,13276731320,0,0,55
6633,0,13278733407,13278733379,0,0,28
6634,0,13280734694,13280734653,0,0,40
6635,0,13282738329,13282738347,0,0,-17
6636,0,13284740576,13284740584,0,0,-7
6637,0,13286742697,13286742724,0,0,-26
6638,0,13288744560,13288744530,0,0,29
6639,0,13290747077,13290747040,0,0,37
6640,0,13292749181,13292749141,0,0,40
6641,0,13294751219,13294751184,0,0,34
6642,0,13296753058,13296753044,0,0,13
6643,0,13298756687,13298756715,0,0,-28
6644,0,13300759029,13300759062,0,0,-33
6645,0,13302760106,13302760071,0,0,34
6646,0,13304762583,13304762550,0,0,33
6647,0,13306766914,13306766878,0,0,36
6648,0,13308767354,13308767386,0,0,-32
6649,0,13310769667,13310769679,0,0,-12
6650,0,13312771299,13312771330,0,0,-30
6651,0,13314773406,13314773357,0,0,49
6652,0,13316775507,13316775478,0,0,28
6653,0,13318778058,13318777998,0,0,59
6654,0,13320779642,13320779671,0,0,-28
6655,0,13322783323,13322783280,0,0,42
6656,0,13324786190,13324786141,0,0,48
6657,0,13326786989,13326786979,0,0,9
6658,0,13328788772,13328788735,0,0,36
6659,0,13330790303,13330790291,0,0,12
6660,0,13332793563,13332793588,0,0,-25
6661,0,13334796413,13334796448,0,0,-34
6662,0,13336797991,13336798004,0,0,-13
6663,0,13338800005,13338800020,0,0,-14
6664,0,13340802801,13340802826,0,0,-24
6665,0,13342804712,13342804656,0,0,55
6666,0,13344807386,13344807333,0,0,53
6667,0,13346809532,13346809481,0,0,51
6668,0,13348811384,13348811339,0,0,44
6669,0,13350813575,13350813513,0,0,61
6670,0,13352816088,13352816021,0,0,67
6671,0,13354817936,13354817956,0,0,-20
6672,0,13356820006,13356820017,0,0,-11
6673,0,13358821858,13358821848,0,0,9
6674,0,13360824930,13360824942,0,0,-12
6675,0,13362826883,13362826893,0,0,-10
6676,0,13364829683,13364829627,0,0,55
6677,0,13366831300,13366831263,0,0,36
6678,0,13368832967,13368832927,0,0,40
6679,0,13370836665,13370836625,0,0,39
6680,0,13372839023,13372838966,0,0,57
6681,0,13374840591,13374840628,0,0,-36
6682,0,13376842510,13376842537,0,0,-26
6683,0,13378844647,13378844640,0,0,6
6684,0,13380846943,13380846914,0,0,28
6685,0,13382849779,13382849752,0,0,26
6686,0,13384851674,13384851666,0,0,7
6687,0,13386854038,13386854007,0,0,31
6688,0,13388856197,13388856233,0,0,-35
6689,0,13390857775,13390857743,0,0,31
6690,0,13392859948,13392859910,0,0,38
6691,0,13394862925,13394862903,0,0,22
6692,0,13396865218,13396865180,0,0,38
6693,0,13398866609,13398866586,0,0,23
6694,0,13400868501,13400868474,0,0,26
6695,0,13402871427,13402871461,0,0,-33
6696,0,13404874906,13404874943,0,0,-36
6697,0,13406878043,13406878008,0,0,34
6698,0,13408877993,13408878032,0,0,-38
6699,0,13410879986,13410880042,0,0,-56
6700,0,13412881693,13412881718,0,0,-24
6701,0,13414884572,13414884608,0,0,-35
6702,0,13416886830,13416886873,0,0,-42
6703,0,13418889465,13418889494,0,0,-29
6704,0,13420891752,13420891709,0,0,42
6705,0,13422893671,13422893688,0,0,-16
6706,0,13424895002,13424895024,0,0,-22
6707,0,13426898459,13426898404,0,0,54
6708,0,13428900654,13428900608,0,0,46
6709,0,13430902640,13430902619,0,0,21
6710,0,13432905045,13432905010,0,0,35
6711,0,13434906888,13434906850,0,0,38
6712,0,13436909008,13436908968,0,0,40
6713,0,13438910534,13438910514,0,0,20
6714,0,13440913818,13440913850,0,0,-31
6715,0,13442916397,13442916435,0,0,-38
6716,0,13444918215,13444918182,0,0,33
6717,0,13446920026,13446920013,0,0,13
6718,0,13448921833,13448921818,0,0,15
6719,0,13450925712,13450925740,0,0,-28
6720,0,13452928775,13452928824,0,0,-49
6721,0,13454929558,13454929514,0,0,44
6722,0,13456931244,13456931215,0,0,29
6723,0,13458932674,13458932644,0,0,29
6724,0,13460936035,13460935999,0,0,36
6725,0,13462937803,13462937777,0,0,26
6726,0,13464939651,13464939685,0,0,-33
6727,0,13466942648,13466942665,0,0,-16
6728,0,13468945874,13468945847,0,0,26
6729,0,13470947637,13470947603,0,0,33
6730,0,13472949231,13472949205,0,0,25
6731,0,13474951852,13474951886,0,0,-33
6732,0,13476954026,13476954013,0,0,13
6733,0,13478956553,13478956602,0,0,-49
6734,0,13480958177,13480958200,0,0,-22
6735,0,13482960299,13482960276,0,0,23
6736,0,13484962781,13484962737,0,0,44
6737,0,13486964728,13486964766,0,0,-38
6738,0,13488966027,13488966059,0,0,-31
6739,0,13490969606,13490969656,0,0,-50
6740,0,13492971671,13492971714,0,0,-42
6741,0,13494973944,13494973901,0,0,43
6742,0,13496976004,13496975968,0,0,36
6743,0,13498978253,13498978214,0,0,39
6744,0,13500981276,13500981242,0,0,33
6745,0,13502982505,13502982446,0,0,59
6746,0,13504985057,13504985008,0,0,48
6747,0,13506988759,13506988711,0,0,48
6748,0,13508989435,13508989357,0,0,78
6749,0,13510991334,13510991260,0,0,74
6750,0,13512993412,13512993346,0,0,65
6751,0,13514996357,13514996368,0,0,-11
6752,0,13516999364,13516999377,0,0,-13
6753,0,13519001648,13519001689,0,0,-40
6754,0,13521003108,13521003060,0,0,48
6755,0,13523004742,13523004712,0,0,29
6756,0,13525006436,13525006391,0,0,45
6757,0,13527009689,13527009660,0,0,28
6758,0,13529011906,13529011878,0,0,28
6759,0,13531013759,13531013731,0,0,28
6760,0,13533015853,13533015809,0,0,43
6761,0,13535017348,13535017311,0,0,37
6762,0,13537021386,13537021362,0,0,23
6763,0,13539024133,13539024095,0,0,38
6764,0,13541025107,13541025150,0,0,-42
6765,0,13543026956,13543026968,0,0,-11
6766,0,13545028608,13545028633,0,0,-24
6767,0,13547031307,13547031273,0,0,34
6768,0,13549032689,13549032654,0,0,34
6769,0,13551035349,13551035314,0,0,35
6770,0,13553038316,13553038333,0,0,-17
6771,0,13555040532,13555040484,0,0,47
6772,0,13557042471,13557042448,0,0,23
6773,0,13559043849,13559043803,0,0,45
6774,0,13561046638,13561046604,0,0,33
6775,0,13563049981,13563049941,0,0,40
6776,0,13565053065,13565053022,0,0,42
6777,0,13567053824,13567053796,0,0,27
6778,0,13569056401,13569056427,0,0,-26
6779,0,13571058553,13571058516,0,0,36
6780,0,13573060781,13573060751,0,0,29
6781,0,13575063214,13575063238,0,0,-23
6782,0,13577065428,13577065465,0,0,-37
6783,0,13579067775,13579067803,0,0,-28
6784,0,13581069738,13581069752,0,0,-14
6785,0,13583071527,13583071519,0,0,7
6786,0,13585072831,13585072800,0,0,31
6787,0,13587076298,13587076250,0,0,48
6788,0,13589078665,13589078617,0,0,47
6789,0,13591080524,13591080476,0,0,47
6790,0,13593083021,13593082985,0,0,35
6791,0,13595085050,13595085057,0,0,-6
6792,0,13597087575,13597087597,0,0,-21
6793,0,13599089993,13599090003,0,0,-9
6794,0,13601092078,13601092025,0,0,53
6795,0,13603093930,13603093892,0,0,38
6796,0,13605095132,13605095094,0,0,38
6797,0,13607099826,13607099800,0,0,26
6798,0,13609101076,13609101026,0,0,49
6799,0,13611103029,13611102973,0,0,56
6800,0,13613105205,13613105137,0,0,68
6801,0,13615107610,13615107555,0,0,55
6802,0,13617109321,13617109262,0,0,58
6803,0,13619110934,13619110903,0,0,31
6804,0,13621113951,13621113893,0,0,58
6805,0,13623116530,13623116493,0,0,37
6806,0,13625118637,13625118593,0,0,43
6807,0,13627120397,13627120338,0,0,58
6808,0,13629123262,13629123222,0,0,40
6809,0,13631124862,13631124891,0,0,-29
6810,0,13633126636,13633126656,0,0,-20
6811,0,13635130001,13635129955,0,0,46
6812,0,13637131797,13637131777,0,0,19
6813,0,13639133735,13639133696,0,0,38
6814,0,13641135008,13641134971,0,0,36
6815,0,13643137685,13643137704,0,0,-18
6816,0,13645140869,13645140879,0,0,-9
6817,0,13647143102,13647143129,0,0,-26
6818,0,13649145119,13649145135,0,0,-16
6819,0,13651147032,13651146994,0,0,38
6820,0,13653149094,13653149032,0,0,61
6821,0,13655151761,13655151728,0,0,33
6822,0,13657154156,13657154146,0,0,9
6823,0,13659156620,13659156625,0,0,-5
6824,0,13661159820,13661159829,0,0,-8
6825,0,13663160407,13663160381,0,0,26
6826,0,13665161780,13665161755,0,0,24
6827,0,13667163754,13667163708,0,0,45
6828,0,13669166835,13669166807,0,0,27
6829,0,13671170316,13671170268,0,0,47
6830,0,13673171669,13673171681,0,0,-12
6831,0,13675173617,13675173602,0,0,15
6832,0,13677176216,13677176198,0,0,17
6833,0,13679178355,13679178325,0,0,29
6834,0,13681179550,13681179532,0,0,17
6835,0,13683181872,13683181859,0,0,13
6836,0,13685185460,13685185439,0,0,20
6837,0,13687187212,13687187172,0,0,40
6838,0,13689188559,13689188516,0,0,43
6839,0,13691191637,13691191591,0,0,46
6840,0,13693194364,13693194346,0,0,17
6841,0,13695196620,13695196588,0,0,32
6842,0,13697198997,13697199042,0,0,-44
6843,0,13699200525,13699200555,0,0,-29
6844,0,13701202096,13701202132,0,0,-36
6845,0,13703204804,13703204818,0,0,-14
6846,0,13705206447,13705206417,0,0,29
6847,0,13707212543,13707212526,0,0,16
6848,0,13709213051,13709213018,0,0,33
6849,0,13711213968,13711213946,0,0,22
6850,0,13713214957,13713214936,0,0,21
6851,0,13715217364,13715217347,0,0,17
6852,0,13717220381,13717220345,0,0,35
6853,0,13719222966,13719222950,0,0,16
6854,0,13721225303,13721225275,0,0,27
6855,0,13723227150,13723227121,0,0,29
6856,0,13725228775,13725228753,0,0,21
6857,0,13727233047,13727233008,0,0,39
6858,0,13729234730,13729234682,0,0,47
6859,0,13731236773,13731236734,0,0,39
6860,0,13733238415,13733238438,0,0,-22
6861,0,13735240628,13735240653,0,0,-25
6862,0,13737241977,13737242003,0,0,-26
6863,0,13739245170,13739245142,0,0,28
6864,0,13741247649,13741247614,0,0,34
6865,0,13743250129,13743250119,0,0,9
6866,0,13745251741,13745251783,0,0,-42
6867,0,13747252920,13747252946,0,0,-25
6868,0,13749254956,13749255009,0,0,-53
6869,0,13751257705,13751257743,0,0,-38
6870,0,13753260559,13753260530,0,0,29
6871,0,13755262133,13755262110,0,0,22
6872,0,13757265321,13757265311,0,0,9
6873,0,13759267160,13759267184,0,0,-23
6874,0,13761268389,13761268395,0,0,-5
6875,0,13763271006,13763271026,0,0,-20
6876,0,13765274146,13765274174,0,0,-28
6877,0,13767276515,13767276465,0,0,50
6878,0,13769279310,13769279265,0,0,45
6879,0,13771281348,13771281312,0,0,36
6880,0,13773283458,13773283415,0,0,42
6881,0,13775285417,13775285384,0,0,33
6882,0,13777287759,13777287722,0,0,36
6883,0,13779289480,13779289436,0,0,44
6884,0,13781291337,13781291299,0,0,38
6885,0,13783293766,13783293742,0,0,23
6886,0,13785295862,13785295871,0,0,-8
6887,0,13787298259,13787298293,0,0,-33
6888,0,13789299696,13789299721,0,0,-25
6889,0,13791303666,13791303621,0,0,44
6890,0,13793305736,13793305680,0,0,55
6891,0,13795306937,13795306881,0,0,55
6892,0,13797308810,13797308759,0,0,50
6893,0,13799311644,13799311618,0,0,26
6894,0,13801313543,13801313518,0,0,24
6895,0,13803316472,13803316446,0,0,26
6896,0,13805318777,13805318735,0,0,41
6897,0,13807322213,13807322170,0,0,42
6898,0,13809323849,13809323801,0,0,48
6899,0,13811325060,13811325013,0,0,46
6900,0,13813326326,13813326267,0,0,58
6901,0,13815329045,13815329017,0,0,28
6902,0,13817332258,13817332225,0,0,33
6903,0,13819334062,13819334026,0,0,36
6904,0,13821335539,13821335494,0,0,44
6905,0,13823339973,13823339932,0,0,40
6906,0,13825341370,13825341325,0,0,44
6907,0,13827343573,13827343537,0,0,35
6908,0,13829345370,13829345331,0,0,39
6909,0,13831347635,13831347617,0,0,17
6910,0,13833349678,13833349633,0,0,44
6911,0,13835351395,13835351361,0,0,33
6912,0,13837354705,13837354658,0,0,47
6913,0,13839357000,13839356974,0,0,26
6914,0,13841358497,13841358428,0,0,69
6915,0,13843360037,13843360002,0,0,34
6916,0,13845363064,13845363043,0,0,20
6917,0,13847365287,13847365247,0,0,40
6918,0,13849367091,13849367067,0,0,24
6919,0,13851370041,13851370070,0,0,-29
6920,0,13853372255,13853372237,0,0,17
6921,0,13855375847,13855375876,0,0,-29
6922,0,13857376276,13857376188,0,0,87
6923,0,13859377469,13859377431,0,0,38
6924,0,13861379871,13861379803,0,0,67
6925,0,13863382723,13863382674,0,0,49
6926,0,13865385621,13865385656,0,0,-35
6927,0,13867387310,13867387338,0,0,-28
6928,0,13869388547,13869388469,0,0,78
6929,0,13871391034,13871391001,0,0,33
6930,0,13873393479,13873393510,0,0,-30
6931,0,13875396518,13875396532,0,0,-14
6932,0,13877398966,13877399011,0,0,-44
6933,0,13879400739,13879400746,0,0,-6
6934,0,13881402291,13881402328,0,0,-36
6935,0,13883404931,13883404919,0,0,11
6936,0,13885406748,13885406726,0,0,21
6937,0,13887411325,13887411277,0,0,47
6938,0,13889412607,13889412569,0,0,38
6939,0,13891413985,13891413935,0,0,49
6940,0,13893415730,13893415735,0,0,-5
6941,0,13895418505,13895418451,0,0,54
6942,0,13897420107,13897420031,0,0,76
6943,0,13899424814,13899424776,0,0,38
6944,0,13901426433,13901426398,0,0,34
6945,0,13903427844,13903427856,0,0,-12
6946,0,13905429739,13905429751,0,0,-11
6947,0,13907432973,13907432991,0,0,-17
6948,0,13909434478,13909434510,0,0,-31
6949,0,13911436925,13911436878,0,0,47
6950,0,13913438848,13913438805,0,0,42
6951,0,13915440811,13915440835,0,0,-24
6952,0,13917443330,13917443317,0,0,13
6953,0,13919447125,13919447173,0,0,-48
6954,0,13921446810,13921446841,0,0,-31
6955,0,13923449939,13923449921,0,0,17
6956,0,13925452393,13925452379,0,0,13
6957,0,13927454087,13927454097,0,0,-10
6958,0,13929455741,13929455723,0,0,17
6959,0,13931458973,13931458979,0,0,-5
6960,0,13933461644,13933461657,0,0,-12
6961,0,13935463474,13935463511,0,0,-37
6962,0,13937465388,13937465405,0,0,-16
6963,0,13939466472,13939466423,0,0,49
6964,0,13941468831,13941468804,0,0,27
6965,0,13943471007,13943470988,0,0,19
6966,0,13945473732,13945473714,0,0,18
6967,0,13947476770,13947476742,0,0,28
6968,0,13949479132,13949479110,0,0,22
6969,0,13951482461,13951482445,0,0,15
6970,0,13953483831,13953483795,0,0,36
6971,0,13955485525,13955485519,0,0,6
6972,0,13957487990,13957488023,0,0,-33
6973,0,13959490465,13959490438,0,0,26
6974,0,13961492695,13961492651,0,0,43
6975,0,13963494552,13963494509,0,0,43
6976,0,13965496421,13965496395,0,0,25
6977,0,13967497969,13967497931,0,0,38
6978,0,13969500464,13969500436,0,0,27
6979,0,13971503839,13971503824,0,0,14
6980,0,13973505719,13973505687,0,0,32
6981,0,13975507454,13975507426,0,0,27
6982,0,13977508950,13977508928,0,0,21
6983,0,13979512031,13979512017,0,0,13
6984,0,13981514530,13981514587,0,0,-56
6985,0,13983518235,13983518282,0,0,-47
6986,0,13985518786,13985518833,0,0,-46
6987,0,13987521144,13987521202,0,0,-57
6988,0,13989523339,13989523322,0,0,16
6989,0,13991525571,13991525545,0,0,26
6990,0,13993528188,13993528179,0,0,8
6991,0,13995530439,13995530485,0,0,-45
6992,0,13997532456,13997532485,0,0,-29
6993,0,13999534102,13999534127,0,0,-24
6994,0,14001535858,14001535871,0,0,-13
6995,0,14003539193,14003539139,0,0,53
6996,0,14005541554,14005541522,0,0,31
6997,0,14007544970,14007544922,0,0,48
6998,0,14009545509,14009545463,0,0,45
6999,0,14011546564,14011546515,0,0,48
7000,0,14013549144,14013549096,0,0,47
7001,0,14015553177,14015553161,0,0,15
7002,0,14017554626,14017554597,0,0,29
7003,0,14019557282,14019557249,0,0,33
7004,0,14021559013,14021558965,0,0,47
7005,0,14023560943,14023560984,0,0,-40
7006,0,14025562656,14025562680,0,0,-24
7007,0,14027565986,14027565960,0,0,26
7008,0,14029568101,14029568046,0,0,54
7009,0,14031570542,14031570503,0,0,38
7010,0,14033572211,14033572176,0,0,35
7011,0,14035574358,14035574321,0,0,37
7012,0,14037575552,14037575514,0,0,38
7013,0,14039577959,14039577903,0,0,56
7014,0,14041581114,14041581070,0,0,44
7015,0,14043583553,14043583533,0,0,20
7016,0,14045586098,14045586073,0,0,25
7017,0,14047588527,14047588566,0,0,-38
7018,0,14049588921,14049588940,0,0,-18
7019,0,14051591172,14051591177,0,0,-5
7020,0,14053594984,14053594927,0,0,56
7021,0,14055596991,14055596959,0,0,31
7022,0,14057599203,14057599173,0,0,29
7023,0,14059601496,14059601450,0,0,45
7024,0,14061603256,14061603208,0,0,47
7025,0,14063604507,14063604462,0,0,44
7026,0,14065606889,14065606826,0,0,63
7027,0,14067610302,14067610256,0,0,46
7028,0,14069612518,14069612460,0,0,58
7029,0,14071614943,14071614887,0,0,55
7030,0,14073616802,14073616815,0,0,-12
7031,0,14075618990,14075619005,0,0,-15
7032,0,14077621570,14077621584,0,0,-13
7033,0,14079623569,14079623612,0,0,-42
7034,0,14081626676,14081626635,0,0,41
7035,0,14083627613,14083627578,0,0,34
7036,0,14085628591,14085628633,0,0,-42
7037,0,14087631392,14087631421,0,0,-29
7038,0,14089634817,14089634796,0,0,21
7039,0,14091638199,14091638212,0,0,-13
7040,0,14093640116,14093640067,0,0,49
7041,0,14095641734,14095641706,0,0,27
7042,0,14097642973,14097642939,0,0,34
7043,0,14099644585,14099644552,0,0,33
7044,0,14101648168,14101648107,0,0,60
7045,0,14103650269,14103650295,0,0,-25
7046,0,14105652492,14105652449,0,0,43
7047,0,14107656024,14107655986,0,0,38
7048,0,14109657170,14109657125,0,0,44
7049,0,14111658966,14111658939,0,0,26
7050,0,14113661585,14113661622,0,0,-36
7051,0,14115664048,14115664058,0,0,-10
7052,0,14117665819,14117665795,0,0,24
7053,0,14119667240,14119667213,0,0,27
7054,0,14121669523,14121669494,0,0,29
7055,0,14123672826,14123672794,0,0,31
7056,0,14125674892,14125674845,0,0,46
7057,0,14127677145,14127677103,0,0,42
7058,0,14129679233,14129679210,0,0,23
7059,0,14131681481,14131681447,0,0,33
7060,0,14133683346,14133683295,0,0,50
7061,0,14135684631,14135684588,0,0,43
7062,0,14137687459,14137687489,0,0,-30
7063,0,14139690579,14139690610,0,0,-31
7064,0,14141692237,14141692274,0,0,-36
7065,0,14143693227,14143693264,0,0,-36
7066,0,14145697189,14145697224,0,0,-34
7067,0,14147699291,14147699275,0,0,15
7068,0,14149701332,14149701311,0,0,20
7069,0,14151703517,14151703487,0,0,30
7070,0,14153706384,14153706336,0,0,47
7071,0,14155707898,14155707878,0,0,20
7072,0,14157710719,14157710682,0,0,36
7073,0,14159712367,14159712329,0,0,38
7074,0,14161713735,14161713700,0,0,35
7075,0,14163717087,14163717049,0,0,38
7076,0,14165720023,14165719995,0,0,27
7077,0,14167721168,14167721139,0,0,29
7078,0,14169723168,14169723129,0,0,38
7079,0,14171725400,14171725384,0,0,15
7080,0,14173727564,14173727514,0,0,49
7081,0,14175730530,14175730541,0,0,-10
7082,0,14177733840,14177733860,0,0,-20
7083,0,14179734740,14179734702,0,0,38
7084,0,14181737524,14181737537,0,0,-12
7085,0,14183738633,14183738578,0,0,54
7086,0,14185740747,14185740720,0,0,26
7087,0,14187743867,14187743820,0,0,47
7088,0,14189746142,14189746154,0,0,-11
7089,0,14191747939,14191747933,0,0,5
7090,0,14193749796,14193749746,0,0,49
7091,0,14195752768,14195752720,0,0,48
7092,0,14197754870,14197754822,0,0,48
7093,0,14199757380,14199757315,0,0,65
7094,0,14201759223,14201759235,0,0,-12
7095,0,14203761086,14203761092,0,0,-5
7096,0,14205762444,14205762467,0,0,-22
7097,0,14207766478,14207766453,0,0,25
7098,0,14209769703,14209769637,0,0,65
7099,0,14211770488,14211770433,0,0,55
7100,0,14213772959,14213772892,0,0,67
7101,0,14215774483,14215774431,0,0,51
7102,0,14217776318,14217776331,0,0,-13
7103,0,14219779543,14219779534,0,0,8
7104,0,14221781226,14221781260,0,0,-33
7105,0,14223783194,14223783183,0,0,11
7106,0,14225785716,14225785708,0,0,8
7107,0,14227786937,14227786982,0,0,-44
7108,0,14229790680,14229790732,0,0,-51
7109,0,14231792478,14231792513,0,0,-35
7110,0,14233793799,14233793770,0,0,28
7111,0,14235797552,14235797542,0,0,9
7112,0,14237799132,14237799105,0,0,27
7113,0,14239801378,14239801349,0,0,29
7114,0,14241805156,14241805136,0,0,20
7115,0,14243805620,14243805608,0,0,11
7116,0,14245807385,14245807361,0,0,23
7117,0,14247810424,14247810402,0,0,21
7118,0,14249813247,14249813219,0,0,27
7119,0,14251814869,14251814834,0,0,34
7120,0,14253816845,14253816887,0,0,-42
7121,0,14255818369,14255818389,0,0,-20
7122,0,14257822000,14257821961,0,0,39
7123,0,14259823952,14259823910,0,0,42
7124,0,14261826321,14261826287,0,0,33
7125,0,14263828246,14263828195,0,0,50
7126,0,14265830629,14265830584,0,0,44
7127,0,14267832743,14267832696,0,0,47
7128,0,14269834987,14269835015,0,0,-28
7129,0,14271837445,14271837460,0,0,-15
7130,0,14273840479,14273840503,0,0,-23
7131,0,14275841503,14275841532,0,0,-29
7132,0,14277844017,14277843966,0,0,51
7133,0,14279846058,14279846031,0,0,26
7134,0,14281848707,14281848735,0,0,-28
7135,0,14283850995,14283851012,0,0,-16
7136,0,14285853109,14285853124,0,0,-15
7137,0,14287854806,14287854766,0,0,39
7138,0,14289857413,14289857365,0,0,48
7139,0,14291859321,14291859267,0,0,54
7140,0,14293861730,14293861686,0,0,43
7141,0,14295863802,14295863745,0,0,56
7142,0,14297865835,14297865797,0,0,37
7143,0,14299867310,14299867269,0,0,41
7144,0,14301870641,14301870590,0,0,51
7145,0,14303873013,14303873025,0,0,-12
7146,0,14305876108,14305876121,0,0,-13
7147,0,14307878874,14307878888,0,0,-13
7148,0,14309879443,14309879468,0,0,-24
7149,0,14311881462,14311881408,0,0,53
7150,0,14313883079,14313883040,0,0,38
7151,0,14315885844,14315885815,0,0,29
7152,0,14317887242,14317887251,0,0,-8
7153,0,14319890740,14319890775,0,0,-35
7154,0,14321892944,14321892979,0,0,-35
7155,0,14323894800,14323894762,0,0,38
7156,0,14325897166,14325897127,0,0,39
7157,0,14327899421,14327899390,0,0,31
7158,0,14329900797,14329900829,0,0,-31
7159,0,14331903803,14331903824,0,0,-20
7160,0,14333906244,14333906214,0,0,29
7161,0,14335908339,14335908300,0,0,39
7162,0,14337911687,14337911642,0,0,44
7163,0,14339912208,14339912164,0,0,43
7164,0,14341914039,14341914013,0,0,25
7165,0,14343916943,14343916900,0,0,43
7166,0,14345918646,14345918628,0,0,17
7167,0,14347922220,14347922197,0,0,22
7168,0,14349923806,14349923784,0,0,22
7169,0,14351925198,14351925172,0,0,26
7170,0,14353928371,14353928344,0,0,26
7171,0,14355930650,14355930632,0,0,17
7172,0,14357932950,14357932915,0,0,35
7173,0,14359934777,14359934754,0,0,22
7174,0,14361935883,14361935862,0,0,20
7175,0,14363938584,14363938557,0,0,26
7176,0,14365941400,14365941363,0,0,37
7177,0,14367943204,14367943155,0,0,49
7178,0,14369947705,14369947658,0,0,46
7179,0,14371948366,14371948323,0,0,42
7180,0,14373950943,14373950916,0,0,26
7181,0,14375952606,14375952565,0,0,41
7182,0,14377954413,14377954384,0,0,29
7183,0,14379957664,14379957608,0,0,55
7184,0,14381959467,14381959426,0,0,40
7185,0,14383961437,14383961423,0,0,13
7186,0,14385962835,14385962881,0,0,-46
7187,0,14387966044,14387966021,0,0,23
7188,0,14389968845,14389968811,0,0,33
7189,0,14391970907,14391970949,0,0,-42
7190,0,14393972814,14393972844,0,0,-29
7191,0,14395974340,14395974356,0,0,-15
7192,0,14397976503,14397976546,0,0,-42
7193,0,14399979193,14399979233,0,0,-40
7194,0,14401981819,14401981804,0,0,14
7195,0,14403984337,14403984312,0,0,24
7196,0,14405986448,14405986437,0,0,11
7197,0,14407989468,14407989424,0,0,44
7198,0,14409990265,14409990239,0,0,25
7199,0,14411992597,14411992628,0,0,-30
7200,0,14413995103,14413995149,0,0,-46
7201,0,14415998070,14415998047,0,0,23
7202,0,14417999904,14417999883,0,0,21
7203,0,14420001193,14420001143,0,0,49
7204,0,14422003687,14422003649,0,0,38
7205,0,14424006044,14424006005,0,0,39
7206,0,14426007814,14426007769,0,0,44
7207,0,14428010804,14428010770,0,0,34
7208,0,14430013069,14430013003,0,0,65
7209,0,14432015029,14432015054,0,0,-25
7210,0,14434017242,14434017269,0,0,-26
7211,0,14436020471,14436020494,0,0,-23
7212,0,14438022068,14438022076,0,0,-8
7213,0,14440023726,14440023741,0,0,-15
7214,0,14442025501,14442025523,0,0,-22
7215,0,14444028357,14444028326,0,0,31
7216,0,14446030375,14446030323,0,0,51
7217,0,14448032170,14448032125,0,0,44
7218,0,14450035862,14450035875,0,0,-12
7219,0,14452037575,14452037614,0,0,-38
7220,0,14454039962,14454039930,0,0,31
7221,0,14456041813,14456041777,0,0,35
7222,0,14458044102,14458044066,0,0,35
7223,0,14460045710,14460045668,0,0,41
7224,0,14462047285,14462047266,0,0,19
7225,0,14464050094,14464050060,0,0,34
7226,0,14466053225,14466053205,0,0,20
7227,0,14468056304,14468056297,0,0,6
7228,0,14470057422,14470057402,0,0,20
7229,0,14472059993,14472060061,0,0,-68
7230,0,14474061975,14474062024,0,0,-48
7231,0,14476064353,14476064398,0,0,-44
7232,0,14478066378,14478066398,0,0,-20
7233,0,14480068283,14480068296,0,0,-13
7234,0,14482069611,14482069569,0,0,42
7235,0,14484073710,14484073653,0,0,56
7236,0,14486075611,14486075570,0,0,40
7237,0,14488077780,14488077734,0,0,46
7238,0,14490079775,14490079737,0,0,38
7239,0,14492081590,14492081552,0,0,37
7240,0,14494082739,14494082701,0,0,38
7241,0,14496085212,14496085182,0,0,29
7242,0,14498088883,14498088907,0,0,-24
7243,0,14500092038,14500092060,0,0,-22
7244,0,14502092763,14502092779,0,0,-16
7245,0,14504093771,14504093745,0,0,26
7246,0,14506096410,14506096390,0,0,20
7247,0,14508100813,14508100788,0,0,25
7248,0,14510101690,14510101662,0,0,27
7249,0,14512103442,14512103407,0,0,35
7250,0,14514106550,14514106528,0,0,21
7251,0,14516108269,14516108315,0,0,-46
7252,0,14518109538,14518109499,0,0,38
7253,0,14520111934,14520111906,0,0,28
7254,0,14522115291,14522115331,0,0,-40
7255,0,14524117613,14524117589,0,0,24
7256,0,14526119979,14526119988,0,0,-9
7257,0,14528121684,14528121705,0,0,-20
7258,0,14530123285,14530123253,0,0,31
7259,0,14532125864,14532125815,0,0,49
7260,0,14534127791,14534127735,0,0,56
7261,0,14536131207,14536131162,0,0,44
7262,0,14538133282,14538133235,0,0,46
7263,0,14540136278,14540136235,0,0,42
7264,0,14542138373,14542138328,0,0,45
7265,0,14544139669,14544139631,0,0,38
7266,0,14546141139,14546141080,0,0,58
7267,0,14548144181,14548144140,0,0,40
7268,0,14550146550,14550146496,0,0,53
7269,0,14552147370,14552147380,0,0,-10
7270,0,14554149731,14554149748,0,0,-17
7271,0,14556152830,14556152775,0,0,54
7272,0,14558154104,14558154066,0,0,38
7273,0,14560156557,14560156519,0,0,38
7274,0,14562159811,14562159779,0,0,31
7275,0,14564162286,14564162247,0,0,39
7276,0,14566162896,14566162862,0,0,33
7277,0,14568165168,14568165144,0,0,24
7278,0,14570167423,14570167389,0,0,33
7279,0,14572170208,14572170172,0,0,36
7280,0,14574173328,14574173293,0,0,34
7281,0,14576174744,14576174699,0,0,44
7282,0,14578176216,14578176231,0,0,-14
7283,0,14580178166,14580178171,0,0,-5
7284,0,14582181417,14582181396,0,0,20
7285,0,14584184240,14584184200,0,0,40
7286,0,14586186548,14586186500,0,0,47
7287,0,14588188210,14588188180,0,0,29
7288,0,14590189585,14590189553,0,0,31
7289,0,14592191796,14592191819,0,0,-22
7290,0,14594194331,14594194344,0,0,-13
7291,0,14596198550,14596198525,0,0,25
7292,0,14598199672,14598199648,0,0,24
7293,0,14600202047,14600202027,0,0,20
7294,0,14602204008,14602204045,0,0,-36
7295,0,14604205483,14604205444,0,0,38
7296,0,14606208172,14606208108,0,0,63
7297,0,14608211414,14608211382,0,0,31
7298,0,14610213367,14610213332,0,0,35
7299,0,14612215130,14612215110,0,0,19
7300,0,14614217694,14614217728,0,0,-33
7301,0,14616219469,14616219510,0,0,-40
7302,0,14618221000,14618221024,0,0,-24
7303,0,14620223888,14620223861,0,0,26
7304,0,14622224960,14622224914,0,0,45
7305,0,14624227554,14624227505,0,0,48
7306,0,14626231040,14626231014,0,0,26
7307,0,14628233795,14628233763,0,0,31
7308,0,14630234718,14630234760,0,0,-42
7309,0,14632237795,14632237748,0,0,47
7310,0,14634239578,14634239543,0,0,35
7311,0,14636240876,14636240850,0,0,26
7312,0,14638244083,14638244055,0,0,28
7313,0,14640245377,14640245400,0,0,-22
7314,0,14642248639,14642248590,0,0,49
7315,0,14644251275,14644251288,0,0,-13
7316,0,14646253231,14646253259,0,0,-28
7317,0,14648254778,14648254738,0,0,40
7318,0,14650255967,14650255929,0,0,38
7319,0,14652258442,14652258401,0,0,40
7320,0,14654260931,14654260871,0,0,59
7321,0,14656263432,14656263401,0,0,31
7322,0,14658267051,14658267067,0,0,-15
7323,0,14660269555,14660269548,0,0,6
7324,0,14662269914,14662269903,0,0,11
7325,0,14664272540,14664272502,0,0,38
7326,0,14666274763,14666274726,0,0,36
7327,0,14668278429,14668278392,0,0,36
7328,0,14670279861,14670279817,0,0,43
7329,0,14672281632,14672281612,0,0,20
7330,0,14674283139,14674283084,0,0,55
7331,0,14676285228,14676285208,0,0,20
7332,0,14678288128,14678288121,0,0,6
7333,0,14680290732,14680290685,0,0,47
7334,0,14682292235,14682292259,0,0,-24
7335,0,14684295191,14684295198,0,0,-7
7336,0,14686296689,14686296737,0,0,-48
7337,0,14688300070,14688300035,0,0,34
7338,0,14690301934,14690301919,0,0,15
7339,0,14692303713,14692303696,0,0,17
7340,0,14694307435,14694307469,0,0,-33
7341,0,14696308305,14696308330,0,0,-25
7342,0,14698309830,14698309869,0,0,-38
7343,0,14700313397,14700313364,0,0,32
7344,0,14702315472,14702315434,0,0,38
7345,0,14704317917,14704317887,0,0,29
7346,0,14706320531,14706320526,0,0,4
7347,0,14708323597,14708323631,0,0,-33
7348,0,14710324467,14710324448,0,0,18
7349,0,14712326602,14712326580,0,0,21
7350,0,14714328967,14714328939,0,0,28
7351,0,14716331428,14716331415,0,0,12
7352,0,14718333395,14718333379,0,0,15
7353,0,14720336012,14720336061,0,0,-49
7354,0,14722337782,14722337815,0,0,-33
7355,0,14724339864,14724339838,0,0,26
7356,0,14726343564,14726343525,0,0,39
7357,0,14728344486,14728344449,0,0,36
7358,0,14730346620,14730346600,0,0,19
7359,0,14732350053,14732350049,0,0,4
7360,0,14734352194,14734352211,0,0,-16
7361,0,14736353523,14736353549,0,0,-25
7362,0,14738355748,14738355784,0,0,-36
7363,0,14740357568,14740357559,0,0,8
7364,0,14742359981,14742359957,0,0,23
7365,0,14744361870,14744361909,0,0,-38
7366,0,14746363779,14746363804,0,0,-24
7367,0,14748366396,14748366426,0,0,-29
7368,0,14750367600,14750367631,0,0,-31
7369,0,14752370626,14752370581,0,0,45
7370,0,14754373485,14754373461,0,0,23
7371,0,14756375970,14756375958,0,0,11
7372,0,14758378505,14758378530,0,0,-24
7373,0,14760378834,14760378846,0,0,-11
7374,0,14762381946,14762381988,0,0,-42
7375,0,14764384062,14764384101,0,0,-38
7376,0,14766386316,14766386341,0,0,-24
7377,0,14768387700,14768387658,0,0,42
7378,0,14770391838,14770391815,0,0,23
7379,0,14772393004,14772392996,0,0,8
7380,0,14774394840,14774394887,0,0,-46
7381,0,14776397879,14776397924,0,0,-44
7382,0,14778400418,14778400404,0,0,13
7383,0,14780402015,14780401988,0,0,26
7384,0,14782403669,14782403631,0,0,38
7385,0,14784407031,14784407007,0,0,23
7386,0,14786408849,14786408871,0,0,-22
7387,0,14788411075,14788411086,0,0,-11
7388,0,14790414188,14790414200,0,0,-12
7389,0,14792414534,14792414548,0,0,-13
7390,0,14794417840,14794417812,0,0,28
7391,0,14796419600,14796419576,0,0,23
7392,0,14798421687,14798421662,0,0,24
7393,0,14800424844,14800424885,0,0,-40
7394,0,14802426643,14802426682,0,0,-38
7395,0,14804429070,14804429098,0,0,-28
7396,0,14806431003,14806431023,0,0,-20
7397,0,14808434748,14808434781,0,0,-33
7398,0,14810435992,14810436027,0,0,-35
7399,0,14812437875,14812437904,0,0,-29
7400,0,14814440136,14814440170,0,0,-33
7401,0,14816441751,14816441730,0,0,21
7402,0,14818443949,14818443923,0,0,26
7403,0,14820446930,14820446891,0,0,38
7404,0,14822449889,14822449854,0,0,35
7405,0,14824450538,14824450527,0,0,11
7406,0,14826453411,14826453369,0,0,41
7407,0,14828455237,14828455259,0,0,-22
7408,0,14830456910,14830456860,0,0,49
7409,0,14832459685,14832459626,0,0,59
7410,0,14834461661,14834461608,0,0,53
7411,0,14836464952,14836464892,0,0,60
7412,0,14838467020,14838466982,0,0,38
7413,0,14840468671,14840468595,0,0,76
7414,0,14842470614,14842470556,0,0,58
7415,0,14844473469,14844473394,0,0,74
7416,0,14846475737,14846475676,0,0,60
7417,0,14848477716,14848477659,0,0,57
7418,0,14850478958,14850478903,0,0,55
7419,0,14852481537,14852481498,0,0,38
7420,0,14854485495,14854485451,0,0,43
7421,0,14856486725,14856486656,0,0,69
7422,0,14858489388,14858489352,0,0,35
7423,0,14860492748,14860492692,0,0,55
7424,0,14862494377,14862494332,0,0,45
7425,0,14864495928,14864495940,0,0,-11
7426,0,14866497974,14866497989,0,0,-15
7427,0,14868499671,14868499685,0,0,-13
7428,0,14870501073,14870501095,0,0,-22
7429,0,14872503159,14872503085,0,0,74
7430,0,14874506274,14874506239,0,0,34
7431,0,14876509060,14876509029,0,0,31
7432,0,14878511377,14878511326,0,0,51
7433,0,14880513123,14880513136,0,0,-12
7434,0,14882514768,14882514749,0,0,18
7435,0,14884518274,14884518236,0,0,38
7436,0,14886521208,14886521170,0,0,38
7437,0,14888522193,14888522143,0,0,49
7438,0,14890523040,14890523003,0,0,37
7439,0,14892525835,14892525797,0,0,38
7440,0,14894529249,14894529211,0,0,38
7441,0,14896531438,14896531417,0,0,20
7442,0,14898533426,14898533416,0,0,9
7443,0,14900535349,14900535316,0,0,32
7444,0,14902536784,14902536816,0,0,-31
7445,0,14904539669,14904539694,0,0,-24
7446,0,14906541464,14906541490,0,0,-26
7447,0,14908546131,14908546097,0,0,33
7448,0,14910547072,14910547062,0,0,9
7449,0,14912548842,14912548834,0,0,7
7450,0,14914550530,14914550539,0,0,-9
7451,0,14916553701,14916553727,0,0,-25
7452,0,14918556851,14918556865,0,0,-13
7453,0,14920557885,14920557909,0,0,-24
7454,0,14922560382,14922560348,0,0,33
7455,0,14924562580,14924562537,0,0,43
7456,0,14926564925,14926564888,0,0,37
7457,0,14928566492,14928566468,0,0,24
7458,0,14930567940,14930567895,0,0,44
7459,0,14932571429,14932571406,0,0,22
7460,0,14934573760,14934573735,0,0,24
7461,0,14936575594,14936575550,0,0,43
7462,0,14938576907,14938576863,0,0,43
7463,0,14940579921,14940579896,0,0,24
7464,0,14942581644,14942581681,0,0,-36
7465,0,14944585165,14944585212,0,0,-47
7466,0,14946587095,14946587119,0,0,-23
7467,0,14948589110,14948589142,0,0,-31
7468,0,14950592278,14950592238,0,0,40
7469,0,14952593579,14952593570,0,0,8
7470,0,14954596320,14954596285,0,0,35
7471,0,14956598278,14956598262,0,0,15
7472,0,14958600777,14958600752,0,0,24
7473,0,14960602532,14960602479,0,0,53
7474,0,14962604912,14962604887,0,0,25
7475,0,14964606485,14964606446,0,0,38
7476,0,14966608146,14966608101,0,0,44
7477,0,14968611860,14968611844,0,0,15
7478,0,14970614329,14970614316,0,0,12
7479,0,14972615359,14972615316,0,0,43
7480,0,14974617264,14974617242,0,0,21
7481,0,14976620298,14976620271,0,0,26
7482,0,14978622608,14978622588,0,0,20
7483,0,14980625101,14980625131,0,0,-30
7484,0,14982628076,14982628100,0,0,-24
7485,0,14984628847,14984628885,0,0,-38
7486,0,14986630513,14986630548,0,0,-34
7487,0,14988633844,14988633862,0,0,-18
7488,0,14990635969,14990635954,0,0,15
7489,0,14992638339,14992638355,0,0,-15
7490,0,14994640687,14994640721,0,0,-33
7491,0,14996642541,14996642528,0,0,13
7492,0,14998644607,14998644566,0,0,41
7493,0,15000646611,15000646575,0,0,35
7494,0,15002648360,15002648328,0,0,32
7495,0,15004651890,15004651865,0,0,25
7496,0,15006653646,15006653609,0,0,36
7497,0,15008656906,15008656897,0,0,8
7498,0,15010657138,15010657096,0,0,41
7499,0,15012659856,15012659842,0,0,13
7500,0,15014662381,15014662366,0,0,14
7501,0,15016664071,15016664045,0,0,26
7502,0,15018667074,15018667113,0,0,-39
7503,0,15020668762,15020668801,0,0,-38
7504,0,15022670604,15022670627,0,0,-23
7505,0,15024673732,15024673728,0,0,4
7506,0,15026676060,15026676022,0,0,38
7507,0,15028678245,15028678226,0,0,19
7508,0,15030680746,15030680718,0,0,28
7509,0,15032682497,15032682484,0,0,13
7510,0,15034683798,15034683805,0,0,-6
7511,0,15036687165,15036687191,0,0,-26
7512,0,15038689768,15038689754,0,0,13
7513,0,15040692256,15040692219,0,0,37
7514,0,15042693824,15042693811,0,0,13
7515,0,15044695715,15044695747,0,0,-31
7516,0,15046698251,15046698291,0,0,-39
7517,0,15048700143,15048700186,0,0,-42
7518,0,15050701572,15050701584,0,0,-12
7519,0,15052705937,15052705917,0,0,20
7520,0,15054708327,15054708285,0,0,42
7521,0,15056709184,15056709145,0,0,38
7522,0,15058711865,15058711885,0,0,-19
7523,0,15060713735,15060713749,0,0,-13
7524,0,15062716043,15062716075,0,0,-31
7525,0,15064718374,15064718332,0,0,41
7526,0,15066720485,15066720442,0,0,43
7527,0,15068722885,15068722849,0,0,35
7528,0,15070724908,15070724848,0,0,60
7529,0,15072727062,15072727002,0,0,59
7530,0,15074728662,15074728588,0,0,74
7531,0,15076731642,15076731583,0,0,59
7532,0,15078733803,15078733766,0,0,37
7533,0,15080736730,15080736685,0,0,44
7534,0,15082736850,15082736782,0,0,67
7535,0,15084739348,15084739357,0,0,-9
7536,0,15086742647,15086742664,0,0,-16
7537,0,15088745128,15088745161,0,0,-32
7538,0,15090747602,15090747633,0,0,-31
7539,0,15092749128,15092749114,0,0,14
7540,0,15094751801,15094751776,0,0,24
7541,0,15096753574,15096753540,0,0,33
7542,0,15098755417,15098755368,0,0,48
7543,0,15100758691,15100758644,0,0,46
7544,0,15102760817,15102760768,0,0,48
7545,0,15104762322,15104762285,0,0,36
7546,0,15106764071,15106764027,0,0,43
7547,0,15108769036,15108769009,0,0,26
7548,0,15110769872,15110769885,0,0,-12
7549,0,15112772331,15112772340,0,0,-8
7550,0,15114773381,15114773346,0,0,35
7551,0,15116775750,15116775714,0,0,35
7552,0,15118777717,15118777674,0,0,42
7553,0,15120780804,15120780764,0,0,40
7554,0,15122783054,15122783001,0,0,53
7555,0,15124785415,15124785370,0,0,45
7556,0,15126787109,15126787040,0,0,69
7557,0,15128789496,15128789454,0,0,42
7558,0,15130791656,15130791580,0,0,76
7559,0,15132793752,15132793705,0,0,47
7560,0,15134796966,15134796927,0,0,39
7561,0,15136799721,15136799678,0,0,42
7562,0,15138800394,15138800365,0,0,29
7563,0,15140802587,15140802549,0,0,38
7564,0,15142804894,15142804853,0,0,40
7565,0,15144807485,15144807458,0,0,26
7566,0,15146809217,15146809174,0,0,43
7567,0,15148810410,15148810405,0,0,4
7568,0,15150814148,15150814130,0,0,17
7569,0,15152815718,15152815681,0,0,36
7570,0,15154817307,15154817283,0,0,24
7571,0,15156820485,15156820453,0,0,31
7572,0,15158823116,15158823089,0,0,27
7573,0,15160824910,15160824831,0,0,78
7574,0,15162827495,15162827525,0,0,-30
7575,0,15164829768,15164829782,0,0,-14
7576,0,15166832261,15166832303,0,0,-41
7577,0,15168834105,15168834130,0,0,-24
7578,0,15170836025,15170836056,0,0,-30
7579,0,15172838459,15172838424,0,0,34
7580,0,15174841225,15174841182,0,0,43
7581,0,15176843827,15176843819,0,0,8
7582,0,15178845178,15178845140,0,0,38
7583,0,15180847732,15180847700,0,0,31
7584,0,15182849584,15182849537,0,0,47
7585,0,15184852008,15184851990,0,0,17
7586,0,15186854268,15186854311,0,0,-42
7587,0,15188856060,15188856033,0,0,26
7588,0,15190858440,15190858476,0,0,-35
7589,0,15192860042,15192860027,0,0,14
7590,0,15194862442,15194862422,0,0,20
7591,0,15196865459,15196865447,0,0,11
7592,0,15198867701,15198867690,0,0,11
7593,0,15200869428,15200869404,0,0,23
7594,0,15202871636,15202871606,0,0,29
7595,0,15204874043,15204874015,0,0,28
7596,0,15206876442,15206876397,0,0,44
7597,0,15208880667,15208880637,0,0,30
7598,0,15210881206,15210881179,0,0,26
7599,0,15212882442,15212882413,0,0,29
7600,0,15214884103,15214884079,0,0,23
7601,0,15216887498,15216887453,0,0,44
7602,0,15218889743,15218889728,0,0,15
7603,0,15220892126,15220892098,0,0,28
7604,0,15222894104,15222894023,0,0,80
7605,0,15224896048,15224896015,0,0,33
7606,0,15226898335,15226898282,0,0,53
7607,0,15228900344,15228900355,0,0,-10
7608,0,15230901871,15230901891,0,0,-20
7609,0,15232905925,15232905943,0,0,-18
7610,0,15234908266,15234908206,0,0,60
7611,0,15236909918,15236909887,0,0,31
7612,0,15238912487,15238912422,0,0,65
7613,0,15240914932,15240914876,0,0,55
7614,0,15242916771,15242916739,0,0,31
7615,0,15244918758,15244918719,0,0,39
7616,0,15246920846,15246920819,0,0,26
7617,0,15248922444,15248922408,0,0,35
7618,0,15250923653,15250923687,0,0,-33
7619,0,15252926168,15252926135,0,0,33
7620,0,15254929531,15254929563,0,0,-31
7621,0,15256930956,15256931004,0,0,-48
7622,0,15258933982,15258934023,0,0,-41
7623,0,15260936333,15260936382,0,0,-48
7624,0,15262938452,15262938494,0,0,-41
7625,0,15264940217,15264940258,0,0,-40
7626,0,15266942131,15266942156,0,0,-24
7627,0,15268945292,15268945337,0,0,-44
7628,0,15270947211,15270947251,0,0,-40
7629,0,15272949323,15272949357,0,0,-33
7630,0,15274951016,15274950986,0,0,29
7631,0,15276953734,15276953687,0,0,47
7632,0,15278955316,15278955277,0,0,38
7633,0,15280958441,15280958409,0,0,31
7634,0,15282960741,15282960687,0,0,53
7635,0,15284962367,15284962336,0,0,31
7636,0,15286964608,15286964554,0,0,53
7637,0,15288967469,15288967419,0,0,49
7638,0,15290970244,15290970217,0,0,27
7639,0,15292972119,15292972081,0,0,37
7640,0,15294974597,15294974549,0,0,48
7641,0,15296976096,15296976058,0,0,38
7642,0,15298977444,15298977483,0,0,-38
7643,0,15300980622,15300980653,0,0,-31
7644,0,15302983110,15302983093,0,0,17
7645,0,15304986559,15304986521,0,0,38
7646,0,15306987569,15306987528,0,0,41
7647,0,15308991595,15308991589,0,0,6
7648,0,15310991997,15310992007,0,0,-10
7649,0,15312994017,15312994027,0,0,-10
7650,0,15314996518,15314996458,0,0,59
7651,0,15316999078,15316999041,0,0,36
7652,0,15319000895,15319000844,0,0,51
7653,0,15321002616,15321002578,0,0,38
7654,0,15323004432,15323004421,0,0,11
7655,0,15325007514,15325007530,0,0,-15
7656,0,15327009428,15327009450,0,0,-22
7657,0,15329010988,15329010938,0,0,49
7658,0,15331014047,15331014040,0,0,6
7659,0,15333015885,15333015843,0,0,41
7660,0,15335017402,15335017345,0,0,56
7661,0,15337021163,15337021193,0,0,-30
7662,0,15339021896,15339021930,0,0,-34
7663,0,15341025340,15341025315,0,0,24
7664,0,15343027822,15343027786,0,0,36
7665,0,15345029354,15345029391,0,0,-36
7666,0,15347031048,15347031082,0,0,-33
7667,0,15349033842,15349033871,0,0,-28
7668,0,15351035336,15351035375,0,0,-38
7669,0,15353038525,15353038489,0,0,35
7670,0,15355040955,15355040922,0,0,32
7671,0,15357042777,15357042743,0,0,33
7672,0,15359044319,15359044345,0,0,-26
7673,0,15361047258,15361047274,0,0,-16
7674,0,15363049046,15363049071,0,0,-24
7675,0,15365052133,15365052141,0,0,-8
7676,0,15367054558,15367054528,0,0,29
7677,0,15369057433,15369057423,0,0,9
7678,0,15371058603,15371058640,0,0,-37
7679,0,15373061779,15373061792,0,0,-13
7680,0,15375064154,15375064184,0,0,-30
7681,0,15377066148,15377066179,0,0,-31
7682,0,15379068959,15379068995,0,0,-36
7683,0,15381069390,15381069344,0,0,45
7684,0,15383071188,15383071148,0,0,40
7685,0,15385073765,15385073802,0,0,-36
7686,0,15387075648,15387075679,0,0,-31
7687,0,15389078882,15389078904,0,0,-22
7688,0,15391080643,15391080586,0,0,56
7689,0,15393082208,15393082168,0,0,39
7690,0,15395085411,15395085356,0,0,54
7691,0,15397087207,15397087159,0,0,48
7692,0,15399088667,15399088638,0,0,28
7693,0,15401093040,15401092980,0,0,60
7694,0,15403094482,15403094504,0,0,-22
7695,0,15405096247,15405096199,0,0,47
7696,0,15407098575,15407098581,0,0,-6
7697,0,15409102217,15409102233,0,0,-15
7698,0,15411103198,15411103213,0,0,-14
7699,0,15413105643,15413105668,0,0,-24
7700,0,15415107488,15415107496,0,0,-8
7701,0,15417109572,15417109598,0,0,-26
7702,0,15419110971,15419110943,0,0,28
7703,0,15421114647,15421114589,0,0,57
7704,0,15423116560,15423116598,0,0,-38
7705,0,15425118878,15425118913,0,0,-35
7706,0,15427120930,15427120950,0,0,-20
7707,0,15429122845,15429122871,0,0,-26
7708,0,15431124543,15431124516,0,0,27
7709,0,15433128247,15433128208,0,0,38
7710,0,15435128989,15435128963,0,0,26
7711,0,15437132367,15437132402,0,0,-35
7712,0,15439134802,15439134869,0,0,-67
7713,0,15441136590,15441136633,0,0,-43
7714,0,15443138914,15443138891,0,0,23
7715,0,15445140558,15445140534,0,0,24
7716,0,15447141803,15447141779,0,0,24
7717,0,15449144776,15449144809,0,0,-33
7718,0,15451147873,15451147912,0,0,-39
7719,0,15453149875,15453149850,0,0,24
7720,0,15455150815,15455150778,0,0,36
7721,0,15457152960,15457152935,0,0,24
7722,0,15459155825,15459155788,0,0,36
7723,0,15461159276,15461159237,0,0,38
7724,0,15463161456,15463161441,0,0,14
7725,0,15465163121,15465163172,0,0,-50
7726,0,15467166468,15467166492,0,0,-23
7727,0,15469167316,15469167279,0,0,37
7728,0,15471168784,15471168769,0,0,14
7729,0,15473172102,15473172080,0,0,21
7730,0,15475173823,15475173797,0,0,25
7731,0,15477175323,15477175298,0,0,24
7732,0,15479178778,15479178800,0,0,-22
7733,0,15481180413,15481180452,0,0,-38
7734,0,15483182180,15483182157,0,0,23
7735,0,15485185514,15485185491,0,0,23
7736,0,15487187977,15487187971,0,0,6
7737,0,15489189381,15489189348,0,0,33
7738,0,15491191069,15491191103,0,0,-33
7739,0,15493194208,15493194257,0,0,-48
7740,0,15495196676,15495196640,0,0,35
7741,0,15497198836,15497198817,0,0,19
7742,0,15499201737,15499201716,0,0,20
7743,0,15501202829,15501202808,0,0,20
7744,0,15503205833,15503205858,0,0,-24
7745,0,15505207636,15505207683,0,0,-46
7746,0,15507210017,15507210026,0,0,-8
7747,0,15509213879,15509213856,0,0,23
7748,0,15511214469,15511214446,0,0,23
7749,0,15513216250,15513216224,0,0,26
7750,0,15515217955,15515217993,0,0,-38
7751,0,15517221179,15517221197,0,0,-17
7752,0,15519223350,15519223388,0,0,-38
7753,0,15521225095,15521225111,0,0,-15
7754,0,15523226399,15523226378,0,0,21
7755,0,15525228497,15525228476,0,0,21
7756,0,15527231045,15527231081,0,0,-35
7757,0,15529234626,15529234653,0,0,-26
7758,0,15531237741,15531237757,0,0,-15
7759,0,15533238764,15533238811,0,0,-47
7760,0,15535241292,15535241283,0,0,9
7761,0,15537243242,15537243274,0,0,-32
7762,0,15539245538,15539245508,0,0,29
7763,0,15541247520,15541247478,0,0,42
7764,0,15543248842,15543248824,0,0,17
7765,0,15545252289,15545252246,0,0,43
7766,0,15547254537,15547254504,0,0,32
7767,0,15549256773,15549256743,0,0,30
7768,0,15551259333,15551259271,0,0,61
7769,0,15553261138,15553261078,0,0,60
7770,0,15555263444,15555263454,0,0,-9
7771,0,15557265454,15557265458,0,0,-3
7772,0,15559267800,15559267813,0,0,-13
7773,0,15561269891,15561269814,0,0,76
7774,0,15563273445,15563273378,0,0,67
7775,0,15565274848,15565274784,0,0,63
7776,0,15567276736,15567276759,0,0,-23
7777,0,15569278209,15569278229,0,0,-20
7778,0,15571281858,15571281895,0,0,-36
7779,0,15573283338,15573283355,0,0,-17
7780,0,15575285440,15575285384,0,0,56
7781,0,15577286582,15577286539,0,0,43
7782,0,15579289301,15579289262,0,0,38
7783,0,15581292544,15581292516,0,0,27
7784,0,15583294154,15583294128,0,0,25
7785,0,15585295521,15585295490,0,0,31
7786,0,15587297820,15587297792,0,0,27
7787,0,15589301112,15589301077,0,0,34
7788,0,15591303673,15591303624,0,0,49
7789,0,15593305863,15593305822,0,0,41
7790,0,15595308932,15595308959,0,0,-26
7791,0,15597309398,15597309411,0,0,-12
7792,0,15599310932,15599310945,0,0,-12
7793,0,15601313206,15601313217,0,0,-11
7794,0,15603315778,15603315743,0,0,35
7795,0,15605319148,15605319108,0,0,40
7796,0,15607321229,15607321209,0,0,19
7797,0,15609324420,15609324431,0,0,-11
7798,0,15611325319,15611325341,0,0,-22
7799,0,15613326670,15613326691,0,0,-20
7800,0,15615330359,15615330330,0,0,29
7801,0,15617332492,15617332453,0,0,38
7802,0,15619334400,15619334363,0,0,37
7803,0,15621336701,15621336680,0,0,21
7804,0,15623338778,15623338743,0,0,34
7805,0,15625339543,15625339529,0,0,13
7806,0,15627343695,15627343657,0,0,38
7807,0,15629346530,15629346496,0,0,33
7808,0,15631348717,15631348674,0,0,43
7809,0,15633349920,15633349865,0,0,55
7810,0,15635352273,15635352220,0,0,53
7811,0,15637354345,15637354306,0,0,38
7812,0,15639356788,15639356748,0,0,39
7813,0,15641359042,15641359004,0,0,38
7814,0,15643361096,15643361065,0,0,31
7815,0,15645363114,15645363074,0,0,40
7816,0,15647364462,15647364422,0,0,40
7817,0,15649367517,15649367481,0,0,35
7818,0,15651368927,15651368880,0,0,46
7819,0,15653372991,15653372943,0,0,48
7820,0,15655374884,15655374836,0,0,47
7821,0,15657376496,15657376462,0,0,34
7822,0,15659379010,15659378960,0,0,49
7823,0,15661381103,15661381044,0,0,58
7824,0,15663383725,15663383682,0,0,42
7825,0,15665385918,15665385869,0,0,48
7826,0,15667387752,15667387698,0,0,53
7827,0,15669389922,15669389871,0,0,51
7828,0,15671392395,15671392349,0,0,46
7829,0,15673393577,15673393536,0,0,41
7830,0,15675396658,15675396605,0,0,53
7831,0,15677399632,15677399584,0,0,48
7832,0,15679401479,15679401439,0,0,40
7833,0,15681403356,15681403307,0,0,48
7834,0,15683405662,15683405624,0,0,38
7835,0,15685407604,15685407584,0,0,19
7836,0,15687409366,15687409390,0,0,-23
7837,0,15689412450,15689412464,0,0,-13
7838,0,15691415907,15691415903,0,0,4
7839,0,15693417651,15693417593,0,0,58
7840,0,15695420128,15695420089,0,0,38
7841,0,15697421396,15697421347,0,0,49
7842,0,15699423859,15699423787,0,0,71
7843,0,15701425817,15701425775,0,0,41
7844,0,15703427754,15703427704,0,0,49
7845,0,15705428975,15705428949,0,0,25
7846,0,15707431397,15707431358,0,0,39
7847,0,15709436199,15709436122,0,0,76
7848,0,15711436226,15711436266,0,0,-39
7849,0,15713438241,15713438255,0,0,-13
7850,0,15715441683,15715441704,0,0,-20
7851,0,15717443171,15717443143,0,0,28
7852,0,15719444514,15719444478,0,0,35
7853,0,15721446525,15721446486,0,0,39
7854,0,15723450226,15723450193,0,0,33
7855,0,15725452937,15725452905,0,0,32
7856,0,15727454955,15727454988,0,0,-33
7857,0,15729456505,15729456488,0,0,16
7858,0,15731457751,15731457723,0,0,27
7859,0,15733460080,15733460062,0,0,17
7860,0,15735462508,15735462530,0,0,-22
7861,0,15737465716,15737465752,0,0,-36
7862,0,15739467915,15739467949,0,0,-33
7863,0,15741470046,15741470069,0,0,-23
7864,0,15743472616,15743472590,0,0,26
7865,0,15745475067,15745475033,0,0,33
7866,0,15747477010,15747476990,0,0,20
7867,0,15749479921,15749479906,0,0,14
7868,0,15751482577,15751482620,0,0,-42
7869,0,15753483267,15753483294,0,0,-26
7870,0,15755486815,15755486844,0,0,-29
7871,0,15757488139,15757488101,0,0,38
7872,0,15759490081,15759490060,0,0,20
7873,0,15761493156,15761493190,0,0,-33
7874,0,15763494802,15763494833,0,0,-31
7875,0,15765496842,15765496884,0,0,-42
7876,0,15767499330,15767499313,0,0,17
7877,0,15769501263,15769501244,0,0,19
7878,0,15771503807,15771503769,0,0,38
7879,0,15773505964,15773505996,0,0,-31
7880,0,15775508157,15775508179,0,0,-22
7881,0,15777510468,15777510458,0,0,10
7882,0,15779512471,15779512496,0,0,-24
7883,0,15781514530,15781514548,0,0,-17
7884,0,15783516696,15783516703,0,0,-6
7885,0,15785518341,15785518365,0,0,-23
7886,0,15787522484,15787522498,0,0,-13
7887,0,15789523285,15789523303,0,0,-18
7888,0,15791524871,15791524906,0,0,-34
7889,0,15793527970,15793528020,0,0,-49
7890,0,15795530280,15795530269,0,0,11
7891,0,15797532671,15797532642,0,0,29
7892,0,15799534851,15799534814,0,0,36
7893,0,15801536462,15801536444,0,0,17
7894,0,15803537964,15803537944,0,0,19
7895,0,15805541203,15805541179,0,0,24
7896,0,15807543707,15807543669,0,0,38
7897,0,15809547713,15809547679,0,0,33
7898,0,15811548223,15811548192,0,0,31
7899,0,15813549708,15813549696,0,0,11
7900,0,15815551459,15815551433,0,0,25
7901,0,15817554663,15817554625,0,0,38
7902,0,15819557043,15819556976,0,0,67
7903,0,15821561043,15821561002,0,0,41
7904,0,15823562317,15823562302,0,0,15
7905,0,15825563769,15825563802,0,0,-32
7906,0,15827566033,15827566062,0,0,-28
7907,0,15829567779,15829567810,0,0,-30
7908,0,15831569139,15831569173,0,0,-33
7909,0,15833571855,15833571871,0,0,-16
7910,0,15835574764,15835574772,0,0,-8
7911,0,15837576630,15837576588,0,0,42
7912,0,15839577927,15839577952,0,0,-25
7913,0,15841580065,15841580076,0,0,-11
7914,0,15843582576,15843582597,0,0,-20
7915,0,15845586058,15845586023,0,0,35
7916,0,15847587975,15847587943,0,0,31
7917,0,15849590234,15849590197,0,0,37
7918,0,15851592244,15851592207,0,0,36
7919,0,15853594599,15853594545,0,0,53
7920,0,15855595777,15855595779,0,0,-2
7921,0,15857598557,15857598506,0,0,51
7922,0,15859601241,15859601208,0,0,33
7923,0,15861602462,15861602434,0,0,27
7924,0,15863605228,15863605196,0,0,31
7925,0,15865607648,15865607617,0,0,31
7926,0,15867609642,15867609657,0,0,-15
7927,0,15869612846,15869612860,0,0,-14
7928,0,15871614849,15871614817,0,0,31
7929,0,15873616445,15873616423,0,0,22
7930,0,15875618242,15875618216,0,0,26
7931,0,15877621321,15877621333,0,0,-11
7932,0,15879623628,15879623642,0,0,-14
7933,0,15881625734,15881625748,0,0,-13
7934,0,15883627312,15883627338,0,0,-26
7935,0,15885631360,15885631328,0,0,32
7936,0,15887632600,15887632593,0,0,6
7937,0,15889634576,15889634532,0,0,44
7938,0,15891635581,15891635545,0,0,35
7939,0,15893638222,15893638195,0,0,26
7940,0,15895641417,15895641390,0,0,27
7941,0,15897643577,15897643564,0,0,13
7942,0,15899645687,15899645666,0,0,21
7943,0,15901647723,15901647683,0,0,40
7944,0,15903649964,15903649994,0,0,-30
7945,0,15905651591,15905651622,0,0,-31
7946,0,15907655106,15907655136,0,0,-29
7947,0,15909658230,15909658255,0,0,-24
7948,0,15911659049,15911659011,0,0,38
7949,0,15913660203,15913660195,0,0,7
7950,0,15915662712,15915662690,0,0,22
7951,0,15917667280,15917667247,0,0,32
7952,0,15919668291,15919668254,0,0,36
7953,0,15921670304,15921670286,0,0,17
7954,0,15923672717,15923672701,0,0,15
7955,0,15925674660,15925674642,0,0,17
7956,0,15927676038,15927676014,0,0,23
7957,0,15929679552,15929679530,0,0,22
7958,0,15931681737,15931681715,0,0,21
7959,0,15933683444,15933683431,0,0,13
7960,0,15935684865,15935684819,0,0,46
7961,0,15937687026,15937686995,0,0,31
7962,0,15939689526,15939689543,0,0,-16
7963,0,15941692731,15941692752,0,0,-20
7964,0,15943695095,15943695142,0,0,-47
7965,0,15945697215,15945697243,0,0,-27
7966,0,15947699634,15947699611,0,0,23
7967,0,15949702968,15949702917,0,0,51
7968,0,15951703867,15951703817,0,0,49
7969,0,15953706268,15953706226,0,0,42
7970,0,15955707946,15955707916,0,0,29
7971,0,15957709290,15957709253,0,0,37
7972,0,15959711689,15959711620,0,0,69
7973,0,15961714626,15961714577,0,0,49
7974,0,15963716475,15963716430,0,0,44
7975,0,15965719782,15965719742,0,0,40
7976,0,15967721540,15967721591,0,0,-50
7977,0,15969723355,15969723375,0,0,-20
7978,0,15971724986,15971725029,0,0,-42
7979,0,15973728012,15973728049,0,0,-36
7980,0,15975729465,15975729445,0,0,20
7981,0,15977733149,15977733116,0,0,32
7982,0,15979735004,15979734986,0,0,17
7983,0,15981736708,15981736662,0,0,46
7984,0,15983738709,15983738678,0,0,31
7985,0,15985741616,15985741590,0,0,26
7986,0,15987742780,15987742753,0,0,26
7987,0,15989746219,15989746184,0,0,35
7988,0,15991748975,15991748947,0,0,27
7989,0,15993750289,15993750281,0,0,8
7990,0,15995751206,15995751191,0,0,15
7991,0,15997754259,15997754239,0,0,20
7992,0,15999756975,15999756948,0,0,26
7993,0,16001758521,16001758492,0,0,28
7994,0,16003762046,16003762038,0,0,7
7995,0,16005763821,16005763800,0,0,20
7996,0,16007765819,16007765854,0,0,-35
7997,0,16009768945,16009768934,0,0,10
7998,0,16011770881,16011770846,0,0,35
7999,0,16013775238,16013775189,0,0,48
8000,0,16015775796,16015775785,0,0,11
8001,0,16017776112,16017776079,0,0,32
8002,0,16019779502,16019779487,0,0,14
8003,0,16021781869,16021781905,0,0,-36
8004,0,16023784019,16023784056,0,0,-36
8005,0,16025785994,16025785976,0,0,17
8006,0,16027788345,16027788321,0,0,24
8007,0,16029790382,16029790352,0,0,29
8008,0,16031791914,16031791892,0,0,21
8009,0,16033794913,16033794893,0,0,20
8010,0,16035797101,16035797086,0,0,15
8011,0,16037798970,16037798963,0,0,6
8012,0,16039801913,16039801883,0,0,29
8013,0,16041803306,16041803341,0,0,-34
8014,0,16043805199,16043805241,0,0,-42
8015,0,16045809330,16045809350,0,0,-20
8016,0,16047810408,16047810382,0,0,26
8017,0,16049811788,16049811746,0,0,41
8018,0,16051815003,16051814952,0,0,51
8019,0,16053816941,16053816901,0,0,40
8020,0,16055818476,16055818411,0,0,65
8021,0,16057821690,16057821653,0,0,36
8022,0,16059824565,16059824523,0,0,42
8023,0,16061826618,16061826570,0,0,47
8024,0,16063828622,16063828586,0,0,35
8025,0,16065830325,16065830283,0,0,41
8026,0,16067832050,16067832011,0,0,39
8027,0,16069835081,16069835046,0,0,35
8028,0,16071837231,16071837188,0,0,43
8029,0,16073839995,16073839956,0,0,39
8030,0,16075841445,16075841404,0,0,41
8031,0,16077842979,16077842930,0,0,49
8032,0,16079847597,16079847555,0,0,41
8033,0,16081848752,16081848696,0,0,56
8034,0,16083851108,16083851060,0,0,47
8035,0,16085853287,16085853241,0,0,46
8036,0,16087855062,16087855024,0,0,38
8037,0,16089856865,16089856833,0,0,31
8038,0,16091858214,16091858178,0,0,35
8039,0,16093860611,16093860568,0,0,42
8040,0,16095864292,16095864312,0,0,-20
8041,0,16097866435,16097866377,0,0,58
8042,0,16099868545,16099868501,0,0,44
8043,0,16101870813,16101870775,0,0,38
8044,0,16103873550,16103873563,0,0,-13
8045,0,16105874897,16105874901,0,0,-4
8046,0,16107876498,16107876510,0,0,-11
8047,0,16109881496,16109881433,0,0,63
8048,0,16111883315,16111883265,0,0,50
8049,0,16113884229,16113884175,0,0,53
8050,0,16115886265,16115886223,0,0,41
8051,0,16117888107,16117888062,0,0,45
8052,0,16119889784,16119889746,0,0,37
8053,0,16121893465,16121893429,0,0,35
8054,0,16123895248,16123895193,0,0,54
8055,0,16125896846,16125896808,0,0,37
8056,0,16127898466,16127898448,0,0,17
8057,0,16129902193,16129902143,0,0,49
8058,0,16131904570,16131904591,0,0,-20
8059,0,16133906456,16133906498,0,0,-42
8060,0,16135908493,16135908521,0,0,-28
8061,0,16137910398,16137910366,0,0,31
8062,0,16139912199,16139912173,0,0,26
8063,0,16141916350,16141916358,0,0,-7
8064,0,16143919523,16143919530,0,0,-6
8065,0,16145919690,16145919703,0,0,-13
8066,0,16147921932,16147921907,0,0,25
8067,0,16149924086,16149924101,0,0,-15
8068,0,16151926525,16151926500,0,0,24
8069,0,16153928060,16153927997,0,0,62
8070,0,16155929625,16155929604,0,0,21
8071,0,16157933067,16157933092,0,0,-25
8072,0,16159935125,16159935149,0,0,-23
8073,0,16161937181,16161937161,0,0,20
8074,0,16163939134,16163939112,0,0,21
8075,0,16165942121,16165942114,0,0,6
8076,0,16167944484,16167944456,0,0,28
8077,0,16169946897,16169946845,0,0,51
8078,0,16171948552,16171948592,0,0,-39
8079,0,16173950610,16173950578,0,0,31
8080,0,16175952822,16175952782,0,0,40
8081,0,16177954170,16177954140,0,0,30
8082,0,16179957566,16179957519,0,0,47
8083,0,16181959613,16181959639,0,0,-25
8084,0,16183961992,16183962019,0,0,-26
8085,0,16185964296,16185964335,0,0,-38
8086,0,16187966561,16187966525,0,0,35
8087,0,16189968283,16189968268,0,0,14
8088,0,16191969770,16191969761,0,0,8
8089,0,16193973545,16193973505,0,0,39
8090,0,16195975584,16195975555,0,0,29
8091,0,16197977055,16197977017,0,0,37
8092,0,16199979080,16199979066,0,0,13
8093,0,16201981451,16201981409,0,0,41
8094,0,16203983107,16203983077,0,0,29
8095,0,16205987101,16205987056,0,0,44
8096,0,16207989815,16207989851,0,0,-36
8097,0,16209991937,16209991902,0,0,34
8098,0,16211993224,16211993179,0,0,44
8099,0,16213995318,16213995292,0,0,26
8100,0,16215997413,16215997354,0,0,59
8101,0,16217999777,16217999750,0,0,26
8102,0,16220002243,16220002220,0,0,23
8103,0,16222004295,16222004251,0,0,44
8104,0,16224006523,16224006503,0,0,19
8105,0,16226008800,16226008732,0,0,67
8106,0,16228011005,16228010982,0,0,23
8107,0,16230013633,16230013586,0,0,47
8108,0,16232015289,16232015341,0,0,-51
8109,0,16234017430,16234017435,0,0,-5
8110,0,16236019667,16236019699,0,0,-31
8111,0,16238022320,16238022272,0,0,47
8112,0,16240025440,16240025370,0,0,69
8113,0,16242026523,16242026516,0,0,6
8114,0,16244028819,16244028826,0,0,-6
8115,0,16246030808,16246030811,0,0,-2
8116,0,16248033532,16248033515,0,0,16
8117,0,16250036036,16250036044,0,0,-7
8118,0,16252038276,16252038292,0,0,-15
8119,0,16254040022,16254040035,0,0,-13
8120,0,16256041636,16256041645,0,0,-8
8121,0,16258043451,16258043442,0,0,9
8122,0,16260046467,16260046460,0,0,6
8123,0,16262048681,16262048627,0,0,53
8124,0,16264051355,16264051301,0,0,54
8125,0,16266053179,16266053133,0,0,46
8126,0,16268055446,16268055461,0,0,-15
8127,0,16270058020,16270058057,0,0,-37
8128,0,16272060408,16272060451,0,0,-42
8129,0,16274060583,16274060624,0,0,-41
8130,0,16276063338,16276063324,0,0,13
8131,0,16278066604,16278066584,0,0,20
8132,0,16280068779,16280068761,0,0,18
8133,0,16282070316,16282070287,0,0,28
8134,0,16284072306,16284072348,0,0,-42
8135,0,16286075364,16286075402,0,0,-38
8136,0,16288077347,16288077321,0,0,25
8137,0,16290079118,16290079092,0,0,26
8138,0,16292082379,16292082359,0,0,20
8139,0,16294083999,16294083982,0,0,17
8140,0,16296085912,16296085874,0,0,38
8141,0,16298088451,16298088443,0,0,8
8142,0,16300089948,16300089932,0,0,15
8143,0,16302093508,16302093498,0,0,9
8144,0,16304096708,16304096668,0,0,40
8145,0,16306097572,16306097531,0,0,40
8146,0,16308099523,16308099490,0,0,32
8147,0,16310102181,16310102137,0,0,44
8148,0,16312103671,16312103613,0,0,58
8149,0,16314106480,16314106439,0,0,40
8150,0,16316109018,16316108968,0,0,50
8151,0,16318110905,16318110867,0,0,37
8152,0,16320113284,16320113307,0,0,-23
8153,0,16322115100,16322115113,0,0,-13
8154,0,16324117068,16324117024,0,0,44
8155,0,16326120739,16326120693,0,0,46
8156,0,16328123286,16328123235,0,0,51
8157,0,16330123843,16330123805,0,0,38
8158,0,16332125667,16332125620,0,0,47
8159,0,16334129734,16334129688,0,0,46
8160,0,16336133185,16336133141,0,0,43
8161,0,16338133618,16338133579,0,0,38
8162,0,16340135813,16340135770,0,0,42
8163,0,16342137732,16342137692,0,0,39
8164,0,16344139844,16344139795,0,0,49
8165,0,16346140739,16346140692,0,0,47
8166,0,16348143701,16348143672,0,0,28
8167,0,16350147042,16350147008,0,0,33
8168,0,16352149231,16352149171,0,0,59
8169,0,16354151077,16354151039,0,0,38
8170,0,16356153165,16356153123,0,0,42
8171,0,16358155492,16358155457,0,0,35
8172,0,16360157424,16360157438,0,0,-13
8173,0,16362158838,16362158865,0,0,-26
8174,0,16364162267,16364162289,0,0,-22
8175,0,16366164110,16366164080,0,0,29
8176,0,16368166494,16368166451,0,0,42
8177,0,16370168584,16370168572,0,0,11
8178,0,16372170311,16372170265,0,0,46
8179,0,16374173370,16374173334,0,0,35
8180,0,16376175433,16376175405,0,0,28
8181,0,16378177993,16378177941,0,0,51
8182,0,16380179856,16380179837,0,0,18
8183,0,16382182211,16382182180,0,0,31
8184,0,16384184429,16384184405,0,0,23
8185,0,16386187016,16386186986,0,0,29
8186,0,16388188729,16388188697,0,0,31
8187,0,16390190879,16390190842,0,0,36
8188,0,16392193130,16392193107,0,0,23
8189,0,16394195692,16394195652,0,0,40
8190,0,16396198187,16396198216,0,0,-29
8191,0,16398200170,16398200189,0,0,-18
8192,0,16400203559,16400203609,0,0,-50
8193,0,16402204739,16402204773,0,0,-33
8194,0,16404206332,16404206316,0,0,15
8195,0,16406207811,16406207793,0,0,17
8196,0,16408211158,16408211140,0,0,17
8197,0,16410215109,16410215150,0,0,-41
8198,0,16412215217,16412215260,0,0,-43
8199,0,16414216768,16414216740,0,0,28
8200,0,16416219907,16416219865,0,0,42
8201,0,16418221982,16418221958,0,0,23
8202,0,16420223804,16420223770,0,0,33
8203,0,16422226880,16422226842,0,0,37
8204,0,16424229350,16424229313,0,0,36
8205,0,16426230718,16426230669,0,0,48
8206,0,16428232317,16428232266,0,0,51
8207,0,16430234977,16430234939,0,0,38
8208,0,16432237175,16432237202,0,0,-26
8209,0,16434241441,16434241466,0,0,-24
8210,0,16436242260,16436242280,0,0,-20
8211,0,16438244820,16438244840,0,0,-20
8212,0,16440246440,16440246400,0,0,40
8213,0,16442247382,16442247352,0,0,29
8214,0,16444250806,16444250788,0,0,17
8215,0,16446253582,16446253552,0,0,29
8216,0,16448255786,16448255758,0,0,28
8217,0,16450257643,16450257606,0,0,36
8218,0,16452258808,16452258780,0,0,27
8219,0,16454261730,16454261696,0,0,33
8220,0,16456264674,16456264642,0,0,32
8221,0,16458266753,16458266717,0,0,35
8222,0,16460269088,16460269116,0,0,-28
8223,0,16462271807,16462271829,0,0,-21
8224,0,16464273328,16464273370,0,0,-42
8225,0,16466276344,16466276361,0,0,-16
8226,0,16468277008,16468276958,0,0,50
8227,0,16470280311,16470280282,0,0,29
8228,0,16472282268,16472282298,0,0,-30
8229,0,16474283997,16474284019,0,0,-22
8230,0,16476285615,16476285584,0,0,31
8231,0,16478288591,16478288573,0,0,18
8232,0,16480290551,16480290513,0,0,38
8233,0,16482293638,16482293590,0,0,48
8234,0,16484295656,16484295622,0,0,34
8235,0,16486298107,16486298057,0,0,49
8236,0,16488300088,16488300052,0,0,35
8237,0,16490302334,16490302307,0,0,26
8238,0,16492304718,16492304661,0,0,56
8239,0,16494306805,16494306755,0,0,50
8240,0,16496308959,16496308919,0,0,40
8241,0,16498312178,16498312193,0,0,-15
8242,0,16500313698,16500313715,0,0,-16
8243,0,16502315894,16502315857,0,0,37
8244,0,16504318292,16504318244,0,0,47
8245,0,16506320233,16506320197,0,0,35
8246,0,16508322306,16508322262,0,0,43
8247,0,16510325590,16510325600,0,0,-10
8248,0,16512326998,16512326978,0,0,20
8249,0,16514328959,16514328950,0,0,8
8250,0,16516331112,16516331154,0,0,-42
8251,0,16518333984,16518334010,0,0,-26
8252,0,16520335815,16520335797,0,0,17
8253,0,16522337658,16522337693,0,0,-35
8254,0,16524339132,16524339184,0,0,-51
8255,0,16526342478,16526342491,0,0,-13
8256,0,16528344148,16528344173,0,0,-25
8257,0,16530346795,16530346808,0,0,-12
8258,0,16532348989,16532348958,0,0,31
8259,0,16534351028,16534351049,0,0,-20
8260,0,16536353608,16536353642,0,0,-33
8261,0,16538355343,16538355294,0,0,48
8262,0,16540356662,16540356667,0,0,-5
8263,0,16542359069,16542359045,0,0,23
8264,0,16544362577,16544362542,0,0,35
8265,0,16546364350,16546364323,0,0,26
8266,0,16548366226,16548366213,0,0,13
8267,0,16550368910,16550368886,0,0,24
8268,0,16552371415,16552371429,0,0,-13
8269,0,16554373341,16554373366,0,0,-24
8270,0,16556375559,16556375612,0,0,-52
8271,0,16558377516,16558377498,0,0,17
8272,0,16560379257,16560379314,0,0,-56
8273,0,16562383125,16562383172,0,0,-46
8274,0,16564383430,16564383467,0,0,-36
8275,0,16566386873,16566386845,0,0,27
8276,0,16568389026,16568389019,0,0,6
8277,0,16570391092,16570391057,0,0,35
8278,0,16572392434,16572392386,0,0,48
8279,0,16574395290,16574395303,0,0,-13
8280,0,16576396924,16576396934,0,0,-10
8281,0,16578400622,16578400658,0,0,-36
8282,0,16580402350,16580402316,0,0,34
8283,0,16582404434,16582404415,0,0,19
8284,0,16584405930,16584405901,0,0,28
8285,0,16586408779,16586408729,0,0,50
8286,0,16588410658,16588410619,0,0,38
8287,0,16590414810,16590414812,0,0,-2
8288,0,16592416530,16592416474,0,0,56
8289,0,16594418797,16594418746,0,0,51
8290,0,16596419923,16596419876,0,0,47
8291,0,16598421501,16598421465,0,0,35
8292,0,16600424623,16600424585,0,0,38
8293,0,16602427152,16602427191,0,0,-38
8294,0,16604429988,16604430004,0,0,-16
8295,0,16606432065,16606432033,0,0,31
8296,0,16608432267,16608432213,0,0,53
8297,0,16610436350,16610436301,0,0,48
8298,0,16612438202,16612438161,0,0,40
8299,0,16614440606,16614440579,0,0,26
8300,0,16616442429,16616442399,0,0,29
8301,0,16618444642,16618444613,0,0,29
8302,0,16620447130,16620447096,0,0,33
8303,0,16622449195,16622449168,0,0,27
8304,0,16624451642,16624451698,0,0,-56
8305,0,16626454876,16626454912,0,0,-36
8306,0,16628455969,16628456005,0,0,-35
8307,0,16630458125,16630458149,0,0,-24
8308,0,16632460304,16632460343,0,0,-38
8309,0,16634462117,16634462068,0,0,49
8310,0,16636463637,16636463586,0,0,51
8311,0,16638467260,16638467240,0,0,20
8312,0,16640469419,16640469392,0,0,26
8313,0,16642471385,16642471424,0,0,-38
8314,0,16644473447,16644473501,0,0,-53
8315,0,16646476406,16646476370,0,0,35
8316,0,16648478272,16648478249,0,0,23
8317,0,16650480476,16650480444,0,0,31
8318,0,16652482328,16652482280,0,0,47
8319,0,16654484440,16654484465,0,0,-24
8320,0,16656487294,16656487266,0,0,28
8321,0,16658490222,16658490186,0,0,35
8322,0,16660492012,16660491981,0,0,31
8323,0,16662493898,16662493936,0,0,-37
8324,0,16664495739,16664495771,0,0,-31
8325,0,16666496858,16666496884,0,0,-25
8326,0,16668499594,16668499544,0,0,49
8327,0,16670501768,16670501750,0,0,17
8328,0,16672503919,16672503890,0,0,29
8329,0,16674507161,16674507146,0,0,14
8330,0,16676509016,16676508973,0,0,43
8331,0,16678510456,16678510416,0,0,40
8332,0,16680513916,16680513891,0,0,25
8333,0,16682515358,16682515338,0,0,20
8334,0,16684517244,16684517226,0,0,18
8335,0,16686520693,16686520726,0,0,-33
8336,0,16688522366,16688522391,0,0,-24
8337,0,16690524449,16690524478,0,0,-29
8338,0,16692525425,16692525454,0,0,-29
8339,0,16694528256,16694528226,0,0,29
8340,0,16696531448,16696531389,0,0,58
8341,0,16698533742,16698533705,0,0,36
8342,0,16700536150,16700536165,0,0,-14
8343,0,16702537871,16702537913,0,0,-42
8344,0,16704540101,16704540114,0,0,-13
8345,0,16706541166,16706541186,0,0,-20
8346,0,16708544353,16708544328,0,0,25
8347,0,16710549414,16710549387,0,0,26
8348,0,16712550056,16712550021,0,0,34
8349,0,16714550123,16714550168,0,0,-44
8350,0,16716552738,16716552777,0,0,-39
8351,0,16718555827,16718555817,0,0,9
8352,0,16720558653,16720558633,0,0,20
8353,0,16722562552,16722562520,0,0,31
8354,0,16724563595,16724563570,0,0,24
8355,0,16726564649,16726564584,0,0,65
8356,0,16728567085,16728567059,0,0,26
8357,0,16730568769,16730568744,0,0,24
8358,0,16732570863,16732570825,0,0,38
8359,0,16734574589,16734574555,0,0,34
8360,0,16736576395,16736576335,0,0,60
8361,0,16738577877,16738577857,0,0,20
8362,0,16740578964,16740579000,0,0,-36
8363,0,16742581546,16742581601,0,0,-54
8364,0,16744584901,16744584937,0,0,-36
8365,0,16746587145,16746587161,0,0,-16
8366,0,16748589339,16748589378,0,0,-38
8367,0,16750591356,16750591333,0,0,22
8368,0,16752594125,16752594159,0,0,-33
8369,0,16754597210,16754597258,0,0,-48
8370,0,16756598231,16756598258,0,0,-27
8371,0,16758600260,16758600302,0,0,-42
8372,0,16760602905,16760602940,0,0,-34
8373,0,16762604847,16762604877,0,0,-30
8374,0,16764606973,16764607017,0,0,-44
8375,0,16766609396,16766609376,0,0,20
8376,0,16768611690,16768611670,0,0,20
8377,0,16770614205,16770614219,0,0,-13
8378,0,16772616532,16772616560,0,0,-28
8379,0,16774618108,16774618134,0,0,-25
8380,0,16776620597,16776620631,0,0,-33
8381,0,16778622649,16778622642,0,0,6
8382,0,16780625311,16780625270,0,0,40
8383,0,16782628108,16782628066,0,0,42
8384,0,16784630218,16784630200,0,0,17
8385,0,16786632328,16786632377,0,0,-48
8386,0,16788632768,16788632792,0,0,-23
8387,0,16790635260,16790635312,0,0,-51
8388,0,16792636867,16792636905,0,0,-37
8389,0,16794639395,16794639433,0,0,-38
8390,0,16796642526,16796642492,0,0,34
8391,0,16798643867,16798643862,0,0,4
8392,0,16800647029,16800647059,0,0,-30
8393,0,16802648984,16802649026,0,0,-42
8394,0,16804650674,16804650659,0,0,15
8395,0,16806654470,16806654444,0,0,26
8396,0,16808656292,16808656258,0,0,33
8397,0,16810659305,16810659280,0,0,24
8398,0,16812659723,16812659760,0,0,-36
8399,0,16814662391,16814662434,0,0,-42
8400,0,16816664003,16816663985,0,0,17
8401,0,16818667789,16818667764,0,0,25
8402,0,16820670564,16820670540,0,0,24
8403,0,16822671366,16822671415,0,0,-48
8404,0,16824673083,16824673122,0,0,-38
8405,0,16826675716,16826675753,0,0,-36
8406,0,16828677617,16828677686,0,0,-68
8407,0,16830680400,16830680434,0,0,-33
8408,0,16832682897,16832682864,0,0,33
8409,0,16834684909,16834684869,0,0,40
8410,0,16836687359,16836687320,0,0,39
8411,0,16838690011,16838689973,0,0,38
8412,0,16840691431,16840691383,0,0,47
8413,0,16842692663,16842692639,0,0,24
8414,0,16844695317,16844695289,0,0,27
8415,0,16846698182,16846698144,0,0,38
8416,0,16848700447,16848700410,0,0,36
8417,0,16850702875,16850702820,0,0,55
8418,0,16852705651,16852705626,0,0,24
8419,0,16854706337,16854706310,0,0,26
8420,0,16856709671,16856709646,0,0,25
8421,0,16858711001,16858710955,0,0,45
8422,0,16860713091,16860713067,0,0,23
8423,0,16862715968,16862715918,0,0,49
8424,0,16864717321,16864717278,0,0,42
8425,0,16866721264,16866721249,0,0,14
8426,0,16868722869,16868722839,0,0,30
8427,0,16870725388,16870725371,0,0,16
8428,0,16872727588,16872727537,0,0,51
8429,0,16874729104,16874729126,0,0,-22
8430,0,16876730929,16876730972,0,0,-42
8431,0,16878734582,16878734589,0,0,-6
8432,0,16880736230,16880736175,0,0,55
8433,0,16882738404,16882738339,0,0,65
8434,0,16884741849,16884741789,0,0,59
8435,0,16886742754,16886742679,0,0,74
8436,0,16888745354,16888745267,0,0,86
8437,0,16890747721,16890747695,0,0,25
8438,0,16892749469,16892749411,0,0,58
8439,0,16894751485,16894751447,0,0,38
8440,0,16896752937,16896752890,0,0,46
8441,0,16898756560,16898756503,0,0,57
8442,0,16900758527,16900758469,0,0,58
8443,0,16902761356,16902761307,0,0,49
8444,0,16904763528,16904763477,0,0,50
8445,0,16906764661,16906764617,0,0,44
8446,0,16908766424,16908766369,0,0,54
8447,0,16910771970,16910771928,0,0,41
8448,0,16912772807,16912772766,0,0,41
8449,0,16914774642,16914774594,0,0,47
8450,0,16916777214,16916777166,0,0,47
8451,0,16918777200,16918777152,0,0,47
8452,0,16920779817,16920779774,0,0,43
8453,0,16922782242,16922782216,0,0,26
8454,0,16924784806,16924784752,0,0,54
8455,0,16926787646,16926787602,0,0,44
8456,0,16928789586,16928789544,0,0,41
8457,0,16930791426,16930791388,0,0,37
8458,0,16932792705,16932792663,0,0,42
8459,0,16934795066,16934795008,0,0,58
8460,0,16936798235,16936798194,0,0,41
8461,0,16938800162,16938800110,0,0,51
8462,0,16940803092,16940803050,0,0,41
8463,0,16942804687,16942804652,0,0,35
8464,0,16944806482,16944806438,0,0,43
8465,0,16946809387,16946809357,0,0,30
8466,0,16948813024,16948812997,0,0,26
8467,0,16950814631,16950814600,0,0,31
8468,0,16952816598,16952816562,0,0,35
8469,0,16954818136,16954818113,0,0,22
8470,0,16956819429,16956819387,0,0,41
8471,0,16958821779,16958821728,0,0,50
8472,0,16960825080,16960825058,0,0,22
8473,0,16962827567,16962827530,0,0,36
8474,0,16964829874,16964829848,0,0,26
8475,0,16966831945,16966831972,0,0,-26
8476,0,16968833943,16968833972,0,0,-28
8477,0,16970835783,16970835763,0,0,20
8478,0,16972837890,16972837865,0,0,25
8479,0,16974841943,16974841931,0,0,11
8480,0,16976844393,16976844406,0,0,-13
8481,0,16978845163,16978845190,0,0,-26
8482,0,16980848583,16980848608,0,0,-25
8483,0,16982849580,16982849588,0,0,-7
8484,0,16984851643,16984851608,0,0,34
8485,0,16986853107,16986853078,0,0,28
8486,0,16988856240,16988856280,0,0,-40
8487,0,16990858065,16990858171,0,0,-105
8488,0,16992859889,16992859923,0,0,-33
8489,0,16994862350,16994862387,0,0,-37
8490,0,16996864156,16996864190,0,0,-33
8491,0,16998867594,16998867576,0,0,17
8492,0,17000870087,17000870148,0,0,-60
8493,0,17002871633,17002871623,0,0,9
8494,0,17004873572,17004873547,0,0,24
8495,0,17006876193,17006876155,0,0,38
8496,0,17008878110,17008878089,0,0,20
8497,0,17010881685,17010881658,0,0,27
8498,0,17012884452,17012884432,0,0,20
8499,0,17014884908,17014884885,0,0,23
8500,0,17016886652,17016886641,0,0,11
8501,0,17018889320,17018889340,0,0,-20
8502,0,17020890836,17020890872,0,0,-35
8503,0,17022894417,17022894393,0,0,24
8504,0,17024896442,17024896415,0,0,26
8505,0,17026898386,17026898362,0,0,23
8506,0,17028899921,17028899913,0,0,8
8507,0,17030902938,17030902901,0,0,37
8508,0,17032905787,17032905752,0,0,34
8509,0,17034907862,17034907831,0,0,31
8510,0,17036909788,17036909777,0,0,11
8511,0,17038911418,17038911400,0,0,17
8512,0,17040913614,17040913566,0,0,48
8513,0,17042916253,17042916300,0,0,-46
8514,0,17044919481,17044919499,0,0,-17
8515,0,17046920963,17046920931,0,0,31
8516,0,17048922952,17048922938,0,0,14
8517,0,17050925160,17050925179,0,0,-18
8518,0,17052927130,17052927170,0,0,-40
8519,0,17054928541,17054928576,0,0,-34
8520,0,17056932013,17056932060,0,0,-47
8521,0,17058934384,17058934350,0,0,34
8522,0,17060936753,17060936717,0,0,35
8523,0,17062938691,17062938661,0,0,29
8524,0,17064941024,17064941002,0,0,22
8525,0,17066943181,17066943140,0,0,40
8526,0,17068945614,17068945598,0,0,15
8527,0,17070947890,17070947874,0,0,16
8528,0,17072949671,17072949631,0,0,40
8529,0,17074951773,17074951729,0,0,44
8530,0,17076953857,17076953891,0,0,-33
8531,0,17078954885,17078954893,0,0,-8
8532,0,17080957829,17080957876,0,0,-47
8533,0,17082960742,17082960725,0,0,16
8534,0,17084963211,17084963171,0,0,40
8535,0,17086964914,17086964866,0,0,47
8536,0,17088966733,17088966710,0,0,23
8537,0,17090969418,17090969392,0,0,26
8538,0,17092971223,17092971195,0,0,28
8539,0,17094974380,17094974345,0,0,35
8540,0,17096976377,17096976336,0,0,40
8541,0,17098978558,17098978503,0,0,55
8542,0,17100979598,17100979573,0,0,25
8543,0,17102982934,17102982898,0,0,36
8544,0,17104987035,17104987062,0,0,-26
8545,0,17106988051,17106988022,0,0,29
8546,0,17108990801,17108990776,0,0,24
8547,0,17110992896,17110992860,0,0,36
8548,0,17112993178,17112993126,0,0,51
8549,0,17114996296,17114996273,0,0,23
8550,0,17116997939,17116997970,0,0,-31
8551,0,17119001182,17119001204,0,0,-22
8552,0,17121003222,17121003155,0,0,66
8553,0,17123005148,17123005102,0,0,46
8554,0,17125006959,17125006883,0,0,76
8555,0,17127010067,17127010000,0,0,66
8556,0,17129012142,17129012162,0,0,-20
8557,0,17131014075,17131014085,0,0,-10
8558,0,17133015656,17133015592,0,0,63
8559,0,17135018361,17135018336,0,0,25
8560,0,17137019714,17137019683,0,0,31
8561,0,17139021847,17139021817,0,0,29
8562,0,17141026046,17141026011,0,0,34
8563,0,17143027822,17143027784,0,0,38
8564,0,17145029944,17145029917,0,0,26
8565,0,17147031708,17147031664,0,0,44
8566,0,17149033732,17149033704,0,0,27
8567,0,17151036903,17151036866,0,0,37
8568,0,17153038656,17153038600,0,0,55
8569,0,17155041161,17155041128,0,0,33
8570,0,17157043177,17157043190,0,0,-12
8571,0,17159045361,17159045327,0,0,34
8572,0,17161047979,17161047915,0,0,63
8573,0,17163049410,17163049343,0,0,66
8574,0,17165051168,17165051116,0,0,51
8575,0,17167054910,17167054858,0,0,51
8576,0,17169056996,17169056958,0,0,38
8577,0,17171058369,17171058307,0,0,61
8578,0,17173059889,17173059853,0,0,35
8579,0,17175063052,17175062998,0,0,53
8580,0,17177064247,17177064201,0,0,46
8581,0,17179066853,17179066865,0,0,-11
8582,0,17181069943,17181069957,0,0,-13
8583,0,17183072065,17183072050,0,0,14
8584,0,17185074278,17185074251,0,0,26
8585,0,17187075320,17187075280,0,0,40
8586,0,17189077982,17189077943,0,0,39
8587,0,17191081004,17191080964,0,0,40
8588,0,17193083123,17193083131,0,0,-8
8589,0,17195085653,17195085693,0,0,-39
8590,0,17197087272,17197087218,0,0,53
8591,0,17199088643,17199088587,0,0,56
8592,0,17201091629,17201091634,0,0,-5
8593,0,17203095042,17203095057,0,0,-14
8594,0,17205096339,17205096353,0,0,-13
8595,0,17207098855,17207098825,0,0,29
8596,0,17209101119,17209101087,0,0,31
8597,0,17211104643,17211104579,0,0,63
8598,0,17213106144,17213106093,0,0,51
8599,0,17215108219,17215108197,0,0,22
8600,0,17217110238,17217110211,0,0,27
8601,0,17219111825,17219111866,0,0,-40
8602,0,17221113475,17221113465,0,0,10
8603,0,17223116979,17223116944,0,0,35
8604,0,17225118730,17225118709,0,0,21
8605,0,17227121025,17227121047,0,0,-22
8606,0,17229124059,17229124078,0,0,-19
8607,0,17231127251,17231127292,0,0,-40
8608,0,17233127584,17233127566,0,0,18
8609,0,17235130096,17235130056,0,0,39
8610,0,17237132096,17237132076,0,0,20
8611,0,17239134532,17239134519,0,0,13
8612,0,17241136785,17241136743,0,0,41
8613,0,17243138289,17243138231,0,0,58
8614,0,17245140141,17245140105,0,0,35
8615,0,17247143130,17247143121,0,0,9
8616,0,17249144859,17249144824,0,0,34
8617,0,17251148161,17251148125,0,0,35
8618,0,17253150030,17253149972,0,0,58
8619,0,17255151961,17255151992,0,0,-31
8620,0,17257155315,17257155289,0,0,26
8621,0,17259157118,17259157095,0,0,22
8622,0,17261158120,17261158096,0,0,23
8623,0,17263161255,17263161225,0,0,29
8624,0,17265163348,17265163380,0,0,-32
8625,0,17267165150,17267165170,0,0,-20
8626,0,17269166860,17269166869,0,0,-8
8627,0,17271170752,17271170698,0,0,53
8628,0,17273171208,17273171157,0,0,51
8629,0,17275174418,17275174382,0,0,36
8630,0,17277176725,17277176757,0,0,-31
8631,0,17279178698,17279178726,0,0,-28
8632,0,17281181221,17281181236,0,0,-15
8633,0,17283182201,17283182208,0,0,-6
8634,0,17285186364,17285186316,0,0,47
8635,0,17287188085,17287188042,0,0,42
8636,0,17289190036,17289189976,0,0,60
8637,0,17291191892,17291191839,0,0,53
8638,0,17293193775,17293193788,0,0,-12
8639,0,17295197730,17295197755,0,0,-24
8640,0,17297199970,17297200009,0,0,-39
8641,0,17299202092,17299202064,0,0,28
8642,0,17301204646,17301204613,0,0,33
8643,0,17303206111,17303206156,0,0,-44
8644,0,17305207510,17305207494,0,0,15
8645,0,17307209903,17307209865,0,0,38
8646,0,17309212669,17309212632,0,0,37
8647,0,17311216190,17311216174,0,0,15
8648,0,17313216708,17313216658,0,0,49
8649,0,17315218700,17315218665,0,0,34
8650,0,17317219814,17317219847,0,0,-33
8651,0,17319222038,17319222013,0,0,24
8652,0,17321224664,17321224634,0,0,29
8653,0,17323227821,17323227776,0,0,44
8654,0,17325230056,17325230047,0,0,8
8655,0,17327232148,17327232114,0,0,33
8656,0,17329234753,17329234705,0,0,48
8657,0,17331236973,17331236931,0,0,41
8658,0,17333239325,17333239346,0,0,-20
8659,0,17335242301,17335242272,0,0,28
8660,0,17337243465,17337243426,0,0,38
8661,0,17339245415,17339245390,0,0,25
8662,0,17341246786,17341246747,0,0,38
8663,0,17343249773,17343249743,0,0,29
8664,0,17345251352,17345251386,0,0,-34
8665,0,17347254559,17347254519,0,0,39
8666,0,17349256863,17349256825,0,0,38
8667,0,17351259040,17351259021,0,0,19
8668,0,17353261211,17353261193,0,0,17
8669,0,17355262851,17355262878,0,0,-27
8670,0,17357264772,17357264745,0,0,26
8671,0,17359268004,17359267948,0,0,56
8672,0,17361270444,17361270375,0,0,69
8673,0,17363272829,17363272756,0,0,73
8674,0,17365275124,17365275071,0,0,53
8675,0,17367277403,17367277337,0,0,66
8676,0,17369278202,17369278224,0,0,-22
8677,0,17371281331,17371281278,0,0,53
8678,0,17373283579,17373283529,0,0,50
8679,0,17375285514,17375285467,0,0,47
8680,0,17377287638,17377287579,0,0,59
8681,0,17379289014,17379288966,0,0,48
8682,0,17381292902,17381292847,0,0,54
8683,0,17383294903,17383294885,0,0,17
8684,0,17385297005,17385296946,0,0,59
8685,0,17387298828,17387298816,0,0,11
8686,0,17389299868,17389299824,0,0,43
8687,0,17391302397,17391302376,0,0,21
8688,0,17393305709,17393305671,0,0,38
8689,0,17395308013,17395308042,0,0,-29
8690,0,17397310064,17397310040,0,0,23
8691,0,17399312386,17399312354,0,0,32
8692,0,17401314395,17401314382,0,0,13
8693,0,17403315939,17403315926,0,0,13
8694,0,17405318973,17405318946,0,0,26
8695,0,17407321421,17407321371,0,0,49
8696,0,17409323662,17409323669,0,0,-6
8697,0,17411326606,17411326572,0,0,33
8698,0,17413326533,17413326455,0,0,78
8699,0,17415329018,17415328953,0,0,65
8700,0,17417331242,17417331181,0,0,61
8701,0,17419333737,17419333756,0,0,-18
8702,0,17421336768,17421336784,0,0,-15
8703,0,17423339905,17423339860,0,0,44
8704,0,17425342640,17425342606,0,0,33
8705,0,17427343519,17427343494,0,0,24
8706,0,17429345503,17429345466,0,0,36
8707,0,17431347566,17431347590,0,0,-23
8708,0,17433351351,17433351383,0,0,-31
8709,0,17435352157,17435352117,0,0,39
8710,0,17437353637,17437353597,0,0,40
8711,0,17439356686,17439356650,0,0,35
8712,0,17441359018,17441358973,0,0,44
8713,0,17443361485,17443361447,0,0,38
8714,0,17445363799,17445363740,0,0,58
8715,0,17447365509,17447365457,0,0,51
8716,0,17449367074,17449367008,0,0,65
8717,0,17451370051,17451369993,0,0,58
8718,0,17453371641,17453371595,0,0,46
8719,0,17455374859,17455374865,0,0,-6
8720,0,17457376853,17457376873,0,0,-20
8721,0,17459378958,17459378973,0,0,-14
8722,0,17461380312,17461380269,0,0,43
8723,0,17463383874,17463383830,0,0,44
8724,0,17465386184,17465386199,0,0,-14
8725,0,17467388487,17467388429,0,0,58
8726,0,17469390521,17469390463,0,0,57
8727,0,17471392203,17471392192,0,0,11
8728,0,17473394021,17473393991,0,0,30
8729,0,17475396712,17475396696,0,0,15
8730,0,17477398417,17477398391,0,0,26
8731,0,17479401876,17479401865,0,0,11
8732,0,17481403815,17481403788,0,0,27
8733,0,17483405737,17483405781,0,0,-43
8734,0,17485407026,17485406982,0,0,44
8735,0,17487410467,17487410440,0,0,26
8736,0,17489412786,17489412746,0,0,40
8737,0,17491415202,17491415250,0,0,-48
8738,0,17493416968,17493417005,0,0,-36
8739,0,17495418673,17495418707,0,0,-34
8740,0,17497421815,17497421792,0,0,23
8741,0,17499423071,17499423044,0,0,26
8742,0,17501425071,17501425047,0,0,24
8743,0,17503428314,17503428264,0,0,50
8744,0,17505430162,17505430127,0,0,35
8745,0,17507432462,17507432440,0,0,22
8746,0,17509434664,17509434642,0,0,21
8747,0,17511437876,17511437842,0,0,34
8748,0,17513438283,17513438269,0,0,13
8749,0,17515441641,17515441602,0,0,38
8750,0,17517443420,17517443411,0,0,9
8751,0,17519444699,17519444660,0,0,39
8752,0,17521447902,17521447867,0,0,34
8753,0,17523449009,17523448981,0,0,28
8754,0,17525451641,17525451606,0,0,34
8755,0,17527454993,17527454969,0,0,23
8756,0,17529458289,17529458265,0,0,23
8757,0,17531458709,17531458674,0,0,34
8758,0,17533460892,17533460868,0,0,23
8759,0,17535463697,17535463673,0,0,24
8760,0,17537466543,17537466537,0,0,6
8761,0,17539468543,17539468509,0,0,33
8762,0,17541470375,17541470354,0,0,20
8763,0,17543472660,17543472621,0,0,38
8764,0,17545474762,17545474743,0,0,18
8765,0,17547476677,17547476662,0,0,15
8766,0,17549478593,17549478560,0,0,32
8767,0,17551482483,17551482441,0,0,41
8768,0,17553484941,17553484964,0,0,-22
8769,0,17555485687,17555485721,0,0,-33
8770,0,17557487002,17557486970,0,0,31
8771,0,17559488865,17559488889,0,0,-24
8772,0,17561492669,17561492683,0,0,-13
8773,0,17563495119,17563495139,0,0,-20
8774,0,17565497200,17565497153,0,0,47
8775,0,17567498773,17567498767,0,0,6
8776,0,17569500319,17569500357,0,0,-38
8777,0,17571503424,17571503459,0,0,-35
8778,0,17573505357,17573505369,0,0,-11
8779,0,17575508950,17575508941,0,0,8
8780,0,17577510267,17577510258,0,0,9
8781,0,17579512721,17579512691,0,0,29
8782,0,17581513756,17581513741,0,0,15
8783,0,17583517150,17583517132,0,0,17
8784,0,17585519648,17585519681,0,0,-33
8785,0,17587521848,17587521876,0,0,-27
8786,0,17589523730,17589523702,0,0,27
8787,0,17591525837,17591525804,0,0,33
8788,0,17593528218,17593528202,0,0,16
8789,0,17595530287,17595530324,0,0,-36
8790,0,17597533109,17597533140,0,0,-31
8791,0,17599534981,17599534995,0,0,-13
8792,0,17601537343,17601537364,0,0,-21
8793,0,17603539092,17603539108,0,0,-16
8794,0,17605540995,17605540988,0,0,6
8795,0,17607543684,17607543711,0,0,-26
8796,0,17609546224,17609546231,0,0,-6
8797,0,17611550123,17611550128,0,0,-4
8798,0,17613550579,17613550537,0,0,41
8799,0,17615553720,17615553682,0,0,38
8800,0,17617555832,17617555794,0,0,38
8801,0,17619557257,17619557230,0,0,26
8802,0,17621559469,17621559433,0,0,36
8803,0,17623561932,17623561885,0,0,47
8804,0,17625564629,17625564586,0,0,42
8805,0,17627564346,17627564301,0,0,44
8806,0,17629567102,17629567045,0,0,56
8807,0,17631569572,17631569533,0,0,38
8808,0,17633572652,17633572604,0,0,47
8809,0,17635574890,17635574915,0,0,-24
8810,0,17637577173,17637577137,0,0,35
8811,0,17639579141,17639579116,0,0,24
8812,0,17641580449,17641580404,0,0,44
8813,0,17643583553,17643583518,0,0,35
8814,0,17645585172,17645585147,0,0,24
8815,0,17647588674,17647588657,0,0,16
8816,0,17649590865,17649590830,0,0,34
8817,0,17651592734,17651592719,0,0,15
8818,0,17653595146,17653595111,0,0,34
8819,0,17655597132,17655597077,0,0,55
8820,0,17657600146,17657600116,0,0,30
8821,0,17659600661,17659600617,0,0,43
8822,0,17661604367,17661604321,0,0,45
8823,0,17663605937,17663605901,0,0,36
8824,0,17665608317,17665608285,0,0,31
8825,0,17667610752,17667610739,0,0,13
8826,0,17669612862,17669612822,0,0,40
8827,0,17671615193,17671615219,0,0,-25
8828,0,17673617240,17673617256,0,0,-15
8829,0,17675619674,17675619635,0,0,38
8830,0,17677621537,17677621513,0,0,23
8831,0,17679623900,17679623832,0,0,67
8832,0,17681626967,17681626919,0,0,48
8833,0,17683629785,17683629737,0,0,48
8834,0,17685630375,17685630327,0,0,48
8835,0,17687631734,17687631708,0,0,26
8836,0,17689635815,17689635772,0,0,43
8837,0,17691636319,17691636294,0,0,24
8838,0,17693639483,17693639435,0,0,47
8839,0,17695642193,17695642134,0,0,59
8840,0,17697644085,17697644042,0,0,43
8841,0,17699645774,17699645716,0,0,58
8842,0,17701646914,17701646879,0,0,35
8843,0,17703649336,17703649307,0,0,28
8844,0,17705651490,17705651432,0,0,58
8845,0,17707654141,17707654166,0,0,-24
8846,0,17709657240,17709657247,0,0,-6
8847,0,17711660729,17711660685,0,0,43
8848,0,17713661514,17713661469,0,0,45
8849,0,17715662534,17715662503,0,0,31
8850,0,17717664903,17717664833,0,0,69
8851,0,17719667097,17719667043,0,0,53
8852,0,17721670672,17721670691,0,0,-18
8853,0,17723672592,17723672543,0,0,48
8854,0,17725674045,17725673988,0,0,56
8855,0,17727676721,17727676694,0,0,26
8856,0,17729679197,17729679139,0,0,58
8857,0,17731681862,17731681805,0,0,57
8858,0,17733683865,17733683822,0,0,43
8859,0,17735685662,17735685611,0,0,51
8860,0,17737687270,17737687284,0,0,-13
8861,0,17739689182,17739689137,0,0,44
8862,0,17741692060,17741692013,0,0,47
8863,0,17743696323,17743696267,0,0,55
8864,0,17745698095,17745698060,0,0,35
8865,0,17747698578,17747698542,0,0,35
8866,0,17749700360,17749700296,0,0,63
8867,0,17751702793,17751702743,0,0,50
8868,0,17753706228,17753706182,0,0,46
8869,0,17755708477,17755708435,0,0,41
8870,0,17757711043,17757710989,0,0,53
8871,0,17759712319,17759712292,0,0,26
8872,0,17761714171,17761714182,0,0,-11
8873,0,17763716931,17763716946,0,0,-14
8874,0,17765718802,17765718789,0,0,13
8875,0,17767722108,17767722087,0,0,20
8876,0,17769724714,17769724690,0,0,23
8877,0,17771726005,17771725959,0,0,46
8878,0,17773726903,17773726881,0,0,21
8879,0,17775729350,17775729324,0,0,25
8880,0,17777731684,17777731651,0,0,33
8881,0,17779734134,17779734093,0,0,41
8882,0,17781737301,17781737263,0,0,38
8883,0,17783738991,17783739033,0,0,-42
8884,0,17785741805,17785741856,0,0,-50
8885,0,17787743593,17787743605,0,0,-11
8886,0,17789745359,17789745375,0,0,-15
8887,0,17791748590,17791748670,0,0,-80
8888,0,17793750513,17793750578,0,0,-65
8889,0,17795752607,17795752579,0,0,28
8890,0,17797753905,17797753885,0,0,20
8891,0,17799756107,17799756127,0,0,-20
8892,0,17801758517,17801758492,0,0,25
8893,0,17803762032,17803762017,0,0,14
8894,0,17805764399,17805764438,0,0,-38
8895,0,17807766215,17807766192,0,0,23
8896,0,17809768424,17809768416,0,0,7
8897,0,17811771523,17811771505,0,0,17
8898,0,17813772043,17813772031,0,0,11
8899,0,17815775503,17815775495,0,0,8
8900,0,17817777687,17817777634,0,0,53
8901,0,17819780361,17819780353,0,0,8
8902,0,17821780871,17821780834,0,0,36
8903,0,17823783800,17823783805,0,0,-5
8904,0,17825785025,17825785046,0,0,-20
8905,0,17827787392,17827787412,0,0,-20
8906,0,17829791105,17829791066,0,0,38
8907,0,17831792727,17831792672,0,0,54
8908,0,17833794213,17833794174,0,0,39
8909,0,17835797198,17835797150,0,0,47
8910,0,17837798998,17837798955,0,0,43
8911,0,17839802652,17839802615,0,0,36
8912,0,17841805281,17841805269,0,0,11
8913,0,17843806008,17843806003,0,0,5
8914,0,17845807479,17845807458,0,0,20
8915,0,17847810838,17847810829,0,0,9
8916,0,17849812962,17849812942,0,0,20
8917,0,17851815497,17851815492,0,0,4
8918,0,17853817641,17853817686,0,0,-44
8919,0,17855819440,17855819403,0,0,37
8920,0,17857820538,17857820514,0,0,23
8921,0,17859823016,17859822983,0,0,33
8922,0,17861826598,17861826626,0,0,-27
8923,0,17863829154,17863829116,0,0,38
8924,0,17865830635,17865830667,0,0,-31
8925,0,17867832398,17867832420,0,0,-22
8926,0,17869834250,17869834280,0,0,-29
8927,0,17871838419,17871838382,0,0,36
8928,0,17873841067,17873841034,0,0,33
8929,0,17875842427,17875842401,0,0,26
8930,0,17877844259,17877844274,0,0,-14
8931,0,17879846074,17879846107,0,0,-33
8932,0,17881847449,17881847411,0,0,38
8933,0,17883851602,17883851565,0,0,37
8934,0,17885852252,17885852278,0,0,-25
8935,0,17887855224,17887855234,0,0,-9
8936,0,17889857413,17889857429,0,0,-15
8937,0,17891860261,17891860271,0,0,-10
8938,0,17893861784,17893861746,0,0,38
8939,0,17895862771,17895862709,0,0,62
8940,0,17897865193,17897865141,0,0,51
8941,0,17899867458,17899867420,0,0,37
8942,0,17901870006,17901869961,0,0,44
8943,0,17903873206,17903873187,0,0,19
8944,0,17905875301,17905875249,0,0,51
8945,0,17907877332,17907877306,0,0,26
8946,0,17909878685,17909878633,0,0,51
8947,0,17911882665,17911882694,0,0,-29
8948,0,17913884392,17913884408,0,0,-16
8949,0,17915886809,17915886825,0,0,-15
8950,0,17917887356,17917887364,0,0,-7
8951,0,17919890116,17919890082,0,0,33
8952,0,17921893303,17921893277,0,0,26
8953,0,17923895449,17923895469,0,0,-20
8954,0,17925897932,17925897966,0,0,-33
8955,0,17927899526,17927899478,0,0,48
8956,0,17929901423,17929901384,0,0,39
8957,0,17931903301,17931903256,0,0,44
8958,0,17933906402,17933906358,0,0,44
8959,0,17935909687,17935909632,0,0,55
8960,0,17937912049,17937912018,0,0,30
8961,0,17939913311,17939913267,0,0,43
8962,0,17941915494,17941915471,0,0,22
8963,0,17943916345,17943916325,0,0,20
8964,0,17945919083,17945919038,0,0,44
8965,0,17947923506,17947923479,0,0,26
8966,0,17949924303,17949924265,0,0,38
8967,0,17951926106,17951926048,0,0,58
8968,0,17953927486,17953927446,0,0,40
8969,0,17955929722,17955929705,0,0,17
8970,0,17957932846,17957932804,0,0,41
8971,0,17959934381,17959934343,0,0,38
8972,0,17961937355,17961937373,0,0,-17
8973,0,17963938595,17963938613,0,0,-17
8974,0,17965941024,17965941062,0,0,-38
8975,0,17967944047,17967944019,0,0,28
8976,0,17969946644,17969946618,0,0,26
8977,0,17971949119,17971949081,0,0,38
8978,0,17973950812,17973950786,0,0,26
8979,0,17975953257,17975953229,0,0,28
8980,0,17977955516,17977955478,0,0,38
8981,0,17979958277,17979958244,0,0,33
8982,0,17981959167,17981959130,0,0,36
8983,0,17983962195,17983962164,0,0,31
8984,0,17985964390,17985964332,0,0,58
8985,0,17987966361,17987966338,0,0,23
8986,0,17989967820,17989967849,0,0,-29
8987,0,17991971066,17991971094,0,0,-28
8988,0,17993972992,17993973026,0,0,-33
8989,0,17995974544,17995974586,0,0,-42
8990,0,17997977693,17997977660,0,0,33
8991,0,17999979668,17999979631,0,0,36
8992,0,18001982296,18001982333,0,0,-37
8993,0,18003984903,18003984930,0,0,-26
8994,0,18005987050,18005987069,0,0,-18
8995,0,18007988831,18007988791,0,0,40
8996,0,18009991132,18009991099,0,0,33
8997,0,18011995370,18011995316,0,0,53
8998,0,18013995330,18013995280,0,0,50
8999,0,18015997290,18015997332,0,0,-41
9000,0,18017999124,18017999149,0,0,-24
9001,0,18020002167,18020002200,0,0,-33
9002,0,18022004296,18022004332,0,0,-35
9003,0,18024006469,18024006444,0,0,25
9004,0,18026008918,18026008885,0,0,33
9005,0,18028010625,18028010599,0,0,26
9006,0,18030012329,18030012311,0,0,17
9007,0,18032015561,18032015517,0,0,43
9008,0,18034018032,18034017984,0,0,48
9009,0,18036019923,18036019898,0,0,25
9010,0,18038021294,18038021256,0,0,38
9011,0,18040024226,18040024188,0,0,38
9012,0,18042026682,18042026640,0,0,42
9013,0,18044029916,18044029930,0,0,-14
9014,0,18046031391,18046031359,0,0,31
9015,0,18048033029,18048033018,0,0,11
9016,0,18050035451,18050035422,0,0,28
9017,0,18052037319,18052037299,0,0,20
9018,0,18054038779,18054038771,0,0,7
9019,0,18056041543,18056041515,0,0,28
9020,0,18058044258,18058044240,0,0,17
9021,0,18060046234,18060046209,0,0,24
9022,0,18062047502,18062047467,0,0,34
9023,0,18064051058,18064051039,0,0,18
9024,0,18066053880,18066053850,0,0,30
9025,0,18068054669,18068054698,0,0,-29
9026,0,18070057555,18070057588,0,0,-33
9027,0,18072058793,18072058769,0,0,24
9028,0,18074062239,18074062221,0,0,17
9029,0,18076064714,18076064759,0,0,-44
9030,0,18078065593,18078065656,0,0,-62
9031,0,18080069179,18080069217,0,0,-38
9032,0,18082070748,18082070798,0,0,-50
9033,0,18084072358,18084072410,0,0,-51
9034,0,18086075266,18086075251,0,0,14
9035,0,18088076860,18088076853,0,0,6
9036,0,18090079772,18090079767,0,0,4
9037,0,18092081288,18092081278,0,0,9
9038,0,18094084815,18094084760,0,0,55
9039,0,18096086663,18096086612,0,0,51
9040,0,18098089305,18098089277,0,0,28
9041,0,18100090916,18100090921,0,0,-5
9042,0,18102092558,18102092583,0,0,-24
9043,0,18104095599,18104095627,0,0,-28
9044,0,18106097903,18106097943,0,0,-40
9045,0,18108101089,18108101103,0,0,-13
9046,0,18110102027,18110101989,0,0,38
9047,0,18112106264,18112106227,0,0,36
9048,0,18114106957,18114106925,0,0,31
9049,0,18116109219,18116109184,0,0,35
9050,0,18118111113,18118111154,0,0,-40
9051,0,18120113155,18120113114,0,0,41
9052,0,18122115754,18122115728,0,0,26
9053,0,18124117617,18124117582,0,0,34
9054,0,18126119018,18126118986,0,0,31
9055,0,18128123032,18128123062,0,0,-30
9056,0,18130125638,18130125608,0,0,29
9057,0,18132126620,18132126579,0,0,40
9058,0,18134128509,18134128479,0,0,29
9059,0,18136130051,18136130001,0,0,49
9060,0,18138133385,18138133357,0,0,28
9061,0,18140136869,18140136846,0,0,22
9062,0,18142137931,18142137871,0,0,60
9063,0,18144139548,18144139489,0,0,58
9064,0,18146141406,18146141355,0,0,51
9065,0,18148144451,18148144410,0,0,41
9066,0,18150146692,18150146656,0,0,36
9067,0,18152148940,18152148916,0,0,23
9068,0,18154151262,18154151235,0,0,27
9069,0,18156153089,18156153112,0,0,-23
9070,0,18158154262,18158154223,0,0,38
9071,0,18160156770,18160156735,0,0,34
9072,0,18162160509,18162160457,0,0,51
9073,0,18164162525,18164162549,0,0,-24
9074,0,18166164811,18166164764,0,0,47
9075,0,18168166993,18168166936,0,0,56
9076,0,18170169035,18170169008,0,0,26
9077,0,18172171400,18172171363,0,0,36
9078,0,18174174779,18174174751,0,0,28
9079,0,18176176052,18176176025,0,0,26
9080,0,18178178261,18178178228,0,0,33
9081,0,18180179863,18180179905,0,0,-42
9082,0,18182181595,18182181633,0,0,-38
9083,0,18184184568,18184184538,0,0,29
9084,0,18186186930,18186186905,0,0,24
9085,0,18188188924,18188188886,0,0,38
9086,0,18190190226,18190190183,0,0,43
9087,0,18192193876,18192193826,0,0,49
9088,0,18194195799,18194195749,0,0,49
9089,0,18196197088,18196197042,0,0,46
9090,0,18198200045,18198200008,0,0,36
9091,0,18200202121,18200202072,0,0,48
9092,0,18202203903,18202203925,0,0,-22
9093,0,18204206501,18204206511,0,0,-10
9094,0,18206209183,18206209200,0,0,-17
9095,0,18208211152,18208211120,0,0,31
9096,0,18210213339,18210213310,0,0,29
9097,0,18212216499,18212216476,0,0,23
9098,0,18214217879,18214217839,0,0,40
9099,0,18216220035,18216220004,0,0,31
9100,0,18218222026,18218222013,0,0,13
9101,0,18220222985,18220223000,0,0,-15
9102,0,18222225893,18222225923,0,0,-30
9103,0,18224229152,18224229190,0,0,-37
9104,0,18226231334,18226231361,0,0,-27
9105,0,18228232867,18228232893,0,0,-26
9106,0,18230234611,18230234641,0,0,-30
9107,0,18232237556,18232237525,0,0,30
9108,0,18234238949,18234238911,0,0,38
9109,0,18236241336,18236241302,0,0,33
9110,0,18238244820,18238244793,0,0,27
9111,0,18240246238,18240246266,0,0,-28
9112,0,18242248133,18242248159,0,0,-25
9113,0,18244251164,18244251183,0,0,-19
9114,0,18246253562,18246253608,0,0,-45
9115,0,18248255860,18248255823,0,0,36
9116,0,18250258040,18250257989,0,0,51
9117,0,18252259574,18252259566,0,0,8
9118,0,18254261226,18254261191,0,0,35
9119,0,18256264626,18256264578,0,0,47
9120,0,18258266685,18258266718,0,0,-32
9121,0,18260268665,18260268626,0,0,38
9122,0,18262271471,18262271424,0,0,47
9123,0,18264273705,18264273688,0,0,17
9124,0,18266275769,18266275749,0,0,20
9125,0,18268277816,18268277776,0,0,40
9126,0,18270281628,18270281644,0,0,-16
9127,0,18272282600,18272282544,0,0,56
9128,0,18274285205,18274285158,0,0,47
9129,0,18276286941,18276286910,0,0,30
9130,0,18278288885,18278288860,0,0,25
9131,0,18280289966,18280289920,0,0,45
9132,0,18282292694,18282292703,0,0,-9
9133,0,18284295822,18284295832,0,0,-9
9134,0,18286297997,18286298023,0,0,-26
9135,0,18288299774,18288299764,0,0,9
9136,0,18290301325,18290301252,0,0,72
9137,0,18292303519,18292303453,0,0,65
9138,0,18294305880,18294305821,0,0,58
9139,0,18296309431,18296309367,0,0,64
9140,0,18298311340,18298311298,0,0,41
9141,0,18300313589,18300313523,0,0,66
9142,0,18302316441,18302316391,0,0,50
9143,0,18304317104,18304317022,0,0,81
9144,0,18306320307,18306320227,0,0,80
9145,0,18308322523,18308322480,0,0,42
9146,0,18310324664,18310324613,0,0,50
9147,0,18312328311,18312328254,0,0,56
9148,0,18314329008,18314328941,0,0,66
9149,0,18316330070,18316330027,0,0,42
9150,0,18318332725,18318332694,0,0,31
9151,0,18320336116,18320336107,0,0,8
9152,0,18322338663,18322338633,0,0,30
9153,0,18324340159,18324340185,0,0,-25
9154,0,18326341573,18326341563,0,0,10
9155,0,18328344302,18328344279,0,0,22
9156,0,18330346412,18330346449,0,0,-36
9157,0,18332349341,18332349400,0,0,-58
9158,0,18334352141,18334352152,0,0,-11
9159,0,18336352085,18336352112,0,0,-26
9160,0,18338354658,18338354701,0,0,-42
9161,0,18340358147,18340358125,0,0,21
9162,0,18342360763,18342360758,0,0,4
9163,0,18344362758,18344362734,0,0,23
9164,0,18346364885,18346364856,0,0,28
9165,0,18348366338,18348366323,0,0,14
9166,0,18350368171,18350368139,0,0,31
9167,0,18352371083,18352371026,0,0,57
9168,0,18354372827,18354372806,0,0,21
9169,0,18356376148,18356376182,0,0,-33
9170,0,18358378359,18358378321,0,0,38
9171,0,18360379912,18360379868,0,0,44
9172,0,18362381316,18362381274,0,0,42
9173,0,18364383823,18364383776,0,0,47
9174,0,18366387875,18366387880,0,0,-4
9175,0,18368389283,18368389293,0,0,-10
9176,0,18370391644,18370391651,0,0,-6
9177,0,18372393775,18372393793,0,0,-18
9178,0,18374395668,18374395678,0,0,-10
9179,0,18376396878,18376396896,0,0,-17
9180,0,18378399543,18378399507,0,0,35
9181,0,18380402792,18380402814,0,0,-22
9182,0,18382405049,18382405017,0,0,31
9183,0,18384407654,18384407662,0,0,-8
9184,0,18386409164,18386409191,0,0,-27
9185,0,18388411413,18388411355,0,0,58
9186,0,18390414296,18390414254,0,0,42
9187,0,18392415876,18392415818,0,0,58
9188,0,18394418328,18394418362,0,0,-33
9189,0,18396420373,18396420335,0,0,37
9190,0,18398423532,18398423474,0,0,58
9191,0,18400424660,18400424613,0,0,46
9192,0,18402426394,18402426366,0,0,28
9193,0,18404429331,18404429292,0,0,38
9194,0,18406431564,18406431588,0,0,-24
9195,0,18408433789,18408433813,0,0,-23
9196,0,18410435973,18410435938,0,0,35
9197,0,18412440065,18412440008,0,0,56
9198,0,18414440470,18414440432,0,0,38
9199,0,18416443143,18416443109,0,0,33
9200,0,18418444892,18418444851,0,0,40
9201,0,18420447112,18420447101,0,0,11
9202,0,18422449514,18422449476,0,0,38
9203,0,18424451575,18424451618,0,0,-43
9204,0,18426454240,18426454200,0,0,40
9205,0,18428456539,18428456505,0,0,33
9206,0,18430459478,18430459446,0,0,31
9207,0,18432460840,18432460804,0,0,35
9208,0,18434462676,18434462627,0,0,48
9209,0,18436464639,18436464699,0,0,-60
9210,0,18438466278,18438466240,0,0,38
9211,0,18440469673,18440469649,0,0,23
9212,0,18442471865,18442471832,0,0,33
9213,0,18444473686,18444473679,0,0,6
9214,0,18446475817,18446475805,0,0,11
9215,0,18448477399,18448477433,0,0,-33
9216,0,18450480020,18450479995,0,0,24
9217,0,18452482013,18452481986,0,0,26
9218,0,18454484896,18454484860,0,0,35
9219,0,18456487092,18456487065,0,0,26
9220,0,18458489436,18458489398,0,0,38
9221,0,18460491247,18460491278,0,0,-31
9222,0,18462494155,18462494181,0,0,-26
9223,0,18464496310,18464496334,0,0,-24
9224,0,18466498091,18466498041,0,0,49
9225,0,18468499175,18468499168,0,0,6
9226,0,18470501966,18470501983,0,0,-17
9227,0,18472504685,18472504707,0,0,-22
9228,0,18474506088,18474506127,0,0,-38
9229,0,18476509695,18476509732,0,0,-37
9230,0,18478511334,18478511310,0,0,23
9231,0,18480513180,18480513146,0,0,34
9232,0,18482515854,18482515829,0,0,24
9233,0,18484516776,18484516768,0,0,8
9234,0,18486519756,18486519748,0,0,8
9235,0,18488522910,18488522889,0,0,21
9236,0,18490525128,18490525094,0,0,33
9237,0,18492526917,18492526890,0,0,26
9238,0,18494529412,18494529382,0,0,29
9239,0,18496531773,18496531812,0,0,-38
9240,0,18498534092,18498534126,0,0,-34
9241,0,18500536565,18500536545,0,0,20
9242,0,18502538608,18502538575,0,0,33
9243,0,18504540567,18504540525,0,0,41
9244,0,18506543103,18506543051,0,0,51
9245,0,18508545403,18508545365,0,0,38
9246,0,18510547194,18510547161,0,0,32
9247,0,18512551624,18512551630,0,0,-5
9248,0,18514551731,18514551737,0,0,-5
9249,0,18516553581,18516553624,0,0,-43
9250,0,18518554968,18518554929,0,0,38
9251,0,18520557772,18520557787,0,0,-15
9252,0,18522559889,18522559931,0,0,-41
9253,0,18524562539,18524562543,0,0,-4
9254,0,18526564257,18526564273,0,0,-15
9255,0,18528567816,18528567848,0,0,-31
9256,0,18530568283,18530568265,0,0,17
9257,0,18532571659,18532571604,0,0,54
9258,0,18534574346,18534574367,0,0,-20
9259,0,18536576499,18536576458,0,0,41
9260,0,18538578524,18538578564,0,0,-40
9261,0,18540580092,18540580055,0,0,36
9262,0,18542581660,18542581618,0,0,41
9263,0,18544584966,18544584919,0,0,46
9264,0,18546587286,18546587235,0,0,51
9265,0,18548589396,18548589378,0,0,17
9266,0,18550591749,18550591715,0,0,33
9267,0,18552593784,18552593755,0,0,29
9268,0,18554596199,18554596134,0,0,65
9269,0,18556598191,18556598134,0,0,56
9270,0,18558599912,18558599877,0,0,34
9271,0,18560604186,18560604172,0,0,14
9272,0,18562605289,18562605276,0,0,13
9273,0,18564607477,18564607453,0,0,24
9274,0,18566609436,18566609419,0,0,17
9275,0,18568611395,18568611376,0,0,19
9276,0,18570613690,18570613670,0,0,20
9277,0,18572616731,18572616719,0,0,11
9278,0,18574618575,18574618541,0,0,33
9279,0,18576621384,18576621310,0,0,74
9280,0,18578623037,18578623011,0,0,26
9281,0,18580626005,18580625966,0,0,39
9282,0,18582627761,18582627712,0,0,49
9283,0,18584629589,18584629607,0,0,-17
9284,0,18586631911,18586631946,0,0,-34
9285,0,18588634078,18588634089,0,0,-11
9286,0,18590635970,18590636007,0,0,-36
9287,0,18592638588,18592638578,0,0,9
9288,0,18594640720,18594640712,0,0,7
9289,0,18596644148,18596644130,0,0,17
9290,0,18598646125,18598646112,0,0,13
9291,0,18600647189,18600647150,0,0,38
9292,0,18602649823,18602649783,0,0,40
9293,0,18604651303,18604651273,0,0,29
9294,0,18606653084,18606653058,0,0,25
9295,0,18608656179,18608656152,0,0,27
9296,0,18610658427,18610658404,0,0,22
9297,0,18612661715,18612661760,0,0,-44
9298,0,18614662981,18614662968,0,0,13
9299,0,18616665130,18616665170,0,0,-40
9300,0,18618667391,18618667435,0,0,-44
9301,0,18620670177,18620670165,0,0,11
9302,0,18622671970,18622671908,0,0,61
9303,0,18624674736,18624674689,0,0,46
9304,0,18626675226,18626675184,0,0,42
9305,0,18628678340,18628678345,0,0,-4
9306,0,18630681013,18630681025,0,0,-11
9307,0,18632682997,18632682952,0,0,44
9308,0,18634685391,18634685332,0,0,58
9309,0,18636686870,18636686840,0,0,29
9310,0,18638688646,18638688588,0,0,58
9311,0,18640692021,18640691996,0,0,24
9312,0,18642694573,18642694531,0,0,42
9313,0,18644696784,18644696743,0,0,41
9314,0,18646698200,18646698167,0,0,33
9315,0,18648699334,18648699285,0,0,49
9316,0,18650702062,18650702085,0,0,-22
9317,0,18652704937,18652704953,0,0,-15
9318,0,18654706019,18654706058,0,0,-38
9319,0,18656709303,18656709322,0,0,-18
9320,0,18658710713,18658710687,0,0,26
9321,0,18660712566,18660712534,0,0,31
9322,0,18662715503,18662715462,0,0,40
9323,0,18664718272,18664718239,0,0,33
9324,0,18666719941,18666719977,0,0,-36
9325,0,18668723123,18668723075,0,0,48
9326,0,18670725256,18670725206,0,0,50
9327,0,18672727052,18672727015,0,0,36
9328,0,18674728887,18674728820,0,0,67
9329,0,18676731583,18676731548,0,0,35
9330,0,18678733521,18678733483,0,0,38
9331,0,18680736505,18680736474,0,0,31
9332,0,18682738917,18682738880,0,0,36
9333,0,18684740462,18684740421,0,0,41
9334,0,18686741918,18686741881,0,0,36
9335,0,18688745653,18688745608,0,0,45
9336,0,18690747415,18690747393,0,0,22
9337,0,18692750051,18692749984,0,0,67
9338,0,18694752123,18694752085,0,0,37
9339,0,18696753968,18696753928,0,0,40
9340,0,18698756373,18698756339,0,0,34
9341,0,18700758612,18700758642,0,0,-30
9342,0,18702761071,18702761101,0,0,-30
9343,0,18704764339,18704764359,0,0,-20
9344,0,18706766496,18706766456,0,0,40
9345,0,18708767402,18708767359,0,0,42
9346,0,18710768678,18710768625,0,0,53
9347,0,18712772904,18712772879,0,0,24
9348,0,18714773639,18714773605,0,0,33
9349,0,18716776495,18716776522,0,0,-26
9350,0,18718778572,18718778594,0,0,-22
9351,0,18720780689,18720780658,0,0,31
9352,0,18722782877,18722782838,0,0,39
9353,0,18724784152,18724784113,0,0,39
9354,0,18726787787,18726787808,0,0,-20
9355,0,18728790144,18728790127,0,0,17
9356,0,18730792118,18730792083,0,0,34
9357,0,18732794014,18732793979,0,0,34
9358,0,18734796518,18734796474,0,0,43
9359,0,18736798321,18736798279,0,0,41
9360,0,18738799462,18738799421,0,0,41
9361,0,18740802640,18740802595,0,0,45
9362,0,18742805212,18742805166,0,0,46
9363,0,18744807129,18744807149,0,0,-20
9364,0,18746808801,18746808753,0,0,47
9365,0,18748811587,18748811564,0,0,23
9366,0,18750813139,18750813121,0,0,17
9367,0,18752817640,18752817617,0,0,22
9368,0,18754819126,18754819152,0,0,-25
9369,0,18756820671,18756820689,0,0,-17
9370,0,18758821412,18758821366,0,0,46
9371,0,18760824200,18760824170,0,0,29
9372,0,18762827537,18762827508,0,0,28
9373,0,18764830017,18764829968,0,0,49
9374,0,18766832003,18766831991,0,0,11
9375,0,18768834157,18768834179,0,0,-22
9376,0,18770836303,18770836275,0,0,27
9377,0,18772838619,18772838620,0,0,-1
9378,0,18774841215,18774841177,0,0,38
9379,0,18776843388,18776843341,0,0,47
9380,0,18778845643,18778845631,0,0,11
9381,0,18780847128,18780847105,0,0,23
9382,0,18782848861,18782848846,0,0,15
9383,0,18784852404,18784852438,0,0,-33
9384,0,18786854984,18786854956,0,0,27
9385,0,18788855770,18788855814,0,0,-43
9386,0,18790859118,18790859169,0,0,-51
9387,0,18792860860,18792860886,0,0,-25
9388,0,18794863013,18794863064,0,0,-50
9389,0,18796865019,18796865059,0,0,-40
9390,0,18798866934,18798866895,0,0,38
9391,0,18800870023,18800869988,0,0,35
9392,0,18802871995,18802872047,0,0,-52
9393,0,18804874327,18804874379,0,0,-52
9394,0,18806875379,18806875406,0,0,-26
9395,0,18808878739,18808878704,0,0,35
9396,0,18810881130,18810881098,0,0,31
9397,0,18812884587,18812884572,0,0,15
9398,0,18814885155,18814885129,0,0,26
9399,0,18816886448,18816886477,0,0,-29
9400,0,18818890581,18818890602,0,0,-21
9401,0,18820891361,18820891391,0,0,-29
9402,0,18822895064,18822895020,0,0,44
9403,0,18824896682,18824896636,0,0,45
9404,0,18826898952,18826898926,0,0,26
9405,0,18828901008,18828900996,0,0,11
9406,0,18830903561,18830903532,0,0,29
9407,0,18832906067,18832906127,0,0,-59
9408,0,18834908262,18834908241,0,0,21
9409,0,18836910069,18836910036,0,0,32
9410,0,18838912233,18838912212,0,0,20
9411,0,18840914387,18840914425,0,0,-38
9412,0,18842916554,18842916525,0,0,28
9413,0,18844918306,18844918271,0,0,34
9414,0,18846920237,18846920253,0,0,-15
9415,0,18848923620,18848923576,0,0,44
9416,0,18850926877,18850926888,0,0,-11
9417,0,18852927899,18852927861,0,0,38
9418,0,18854929615,18854929555,0,0,59
9419,0,18856930891,18856930914,0,0,-23
9420,0,18858934329,18858934361,0,0,-32
9421,0,18860936492,18860936453,0,0,38
9422,0,18862938667,18862938639,0,0,28
9423,0,18864941020,18864940995,0,0,24
9424,0,18866943156,18866943182,0,0,-26
9425,0,18868945121,18868945146,0,0,-24
9426,0,18870946897,18870946934,0,0,-36
9427,0,18872949924,18872949963,0,0,-38
9428,0,18874952420,18874952397,0,0,22
9429,0,18876953970,18876953932,0,0,38
9430,0,18878955420,18878955374,0,0,45
9431,0,18880957573,18880957535,0,0,38
9432,0,18882961042,18882960988,0,0,53
9433,0,18884963609,18884963572,0,0,37
9434,0,18886966266,18886966217,0,0,48
9435,0,18888967350,18888967312,0,0,38
9436,0,18890968909,18890968863,0,0,45
9437,0,18892971828,18892971778,0,0,49
9438,0,18894973673,18894973611,0,0,62
9439,0,18896978073,18896978031,0,0,42
9440,0,18898980395,18898980372,0,0,23
9441,0,18900981321,18900981275,0,0,45
9442,0,18902982908,18902982877,0,0,31
9443,0,18904984575,18904984553,0,0,21
9444,0,18906988324,18906988289,0,0,35
9445,0,18908990163,18908990196,0,0,-33
9446,0,18910992110,18910992132,0,0,-22
9447,0,18912995598,18912995541,0,0,57
9448,0,18914997382,18914997358,0,0,23
9449,0,18916997982,18916997962,0,0,20
9450,0,18919001251,18919001235,0,0,16
9451,0,18921003633,18921003593,0,0,40
9452,0,18923005580,18923005533,0,0,47
9453,0,18925007329,18925007295,0,0,33
9454,0,18927008941,18927008883,0,0,58
9455,0,18929012321,18929012268,0,0,53
9456,0,18931014040,18931014064,0,0,-24
9457,0,18933016478,18933016489,0,0,-11
9458,0,18935018888,18935018901,0,0,-12
9459,0,18937021125,18937021136,0,0,-10
9460,0,18939023426,18939023440,0,0,-13
9461,0,18941025240,18941025173,0,0,66
9462,0,18943027089,18943027044,0,0,44
9463,0,18945030712,18945030734,0,0,-22
9464,0,18947033824,18947033834,0,0,-9
9465,0,18949034401,18949034409,0,0,-8
9466,0,18951036688,18951036677,0,0,11
9467,0,18953039039,18953038980,0,0,58
9468,0,18955041248,18955041194,0,0,53
9469,0,18957043537,18957043470,0,0,67
9470,0,18959046726,18959046683,0,0,42
9471,0,18961048589,18961048531,0,0,58
9472,0,18963050231,18963050206,0,0,24
9473,0,18965052772,18965052714,0,0,58
9474,0,18967054546,18967054498,0,0,47
9475,0,18969057065,18969057015,0,0,49
9476,0,18971058977,18971058922,0,0,55
9477,0,18973060880,18973060906,0,0,-25
9478,0,18975062160,18975062172,0,0,-11
9479,0,18977064434,18977064386,0,0,47
9480,0,18979068043,18979067990,0,0,53
9481,0,18981070310,18981070273,0,0,36
9482,0,18983072992,18983073007,0,0,-15
9483,0,18985074485,18985074498,0,0,-13
9484,0,18987076730,18987076740,0,0,-10
9485,0,18989078644,18989078606,0,0,38
9486,0,18991080608,18991080579,0,0,29
9487,0,18993084008,18993083966,0,0,41
9488,0,18995085739,18995085693,0,0,45
9489,0,18997087220,18997087262,0,0,-42
9490,0,18999088866,18999088833,0,0,33
9491,0,19001090848,19001090804,0,0,43
9492,0,19003094312,19003094253,0,0,59
9493,0,19005096954,19005096932,0,0,22
9494,0,19007098937,19007098928,0,0,8
9495,0,19009100741,19009100711,0,0,29
9496,0,19011103622,19011103589,0,0,33
9497,0,19013107118,19013107090,0,0,27
9498,0,19015107939,19015107925,0,0,13
9499,0,19017110128,19017110153,0,0,-24
9500,0,19019112325,19019112280,0,0,44
9501,0,19021114674,19021114645,0,0,28
9502,0,19023116806,19023116771,0,0,34
9503,0,19025119848,19025119823,0,0,24
9504,0,19027122420,19027122415,0,0,4
9505,0,19029123728,19029123693,0,0,35
9506,0,19031125806,19031125791,0,0,15
9507,0,19033127939,19033127917,0,0,21
9508,0,19035130258,19035130232,0,0,25
9509,0,19037132114,19037132088,0,0,26
9510,0,19039133666,19039133656,0,0,9
9511,0,19041137034,19041137004,0,0,29
9512,0,19043140374,19043140363,0,0,11
9513,0,19045141413,19045141373,0,0,40
9514,0,19047143305,19047143267,0,0,38
9515,0,19049144829,19049144867,0,0,-37
9516,0,19051148151,19051148188,0,0,-36
9517,0,19053150579,19053150619,0,0,-40
9518,0,19055152614,19055152657,0,0,-42
9519,0,19057154768,19057154802,0,0,-33
9520,0,19059156686,19059156701,0,0,-15
9521,0,19061159155,19061159181,0,0,-25
9522,0,19063161452,19063161485,0,0,-33
9523,0,19065163676,19065163712,0,0,-35
9524,0,19067166028,19067166058,0,0,-29
9525,0,19069167896,19069167923,0,0,-26
9526,0,19071170215,19071170179,0,0,36
9527,0,19073171971,19073171953,0,0,17
9528,0,19075174609,19075174582,0,0,27
9529,0,19077177038,19077177013,0,0,24
9530,0,19079179491,19079179457,0,0,33
9531,0,19081181206,19081181186,0,0,19
9532,0,19083183683,19083183667,0,0,15
9533,0,19085185710,19085185688,0,0,22
9534,0,19087188213,19087188205,0,0,8
9535,0,19089190885,19089190841,0,0,44
9536,0,19091192660,19091192650,0,0,9
9537,0,19093194037,19093193995,0,0,42
9538,0,19095195964,19095195941,0,0,23
9539,0,19097199308,19097199269,0,0,39
9540,0,19099201187,19099201149,0,0,38
9541,0,19101204071,19101204052,0,0,18
9542,0,19103205857,19103205818,0,0,38
9543,0,19105207679,19105207655,0,0,24
9544,0,19107210251,19107210237,0,0,14
9545,0,19109212315,19109212263,0,0,51
9546,0,19111214683,19111214645,0,0,38
9547,0,19113218943,19113218929,0,0,13
9548,0,19115218975,19115219011,0,0,-36
9549,0,19117221486,19117221521,0,0,-35
9550,0,19119223757,19119223730,0,0,26
9551,0,19121226148,19121226114,0,0,33
9552,0,19123228338,19123228308,0,0,29
9553,0,19125230468,19125230428,0,0,40
9554,0,19127232223,19127232186,0,0,36
9555,0,19129233333,19129233368,0,0,-35
9556,0,19131236159,19131236193,0,0,-33
9557,0,19133238932,19133238971,0,0,-38
9558,0,19135240474,19135240489,0,0,-15
9559,0,19137244152,19137244172,0,0,-20
9560,0,19139246688,19139246702,0,0,-13
9561,0,19141247677,19141247640,0,0,37
9562,0,19143249089,19143249125,0,0,-35
9563,0,19145252100,19145252052,0,0,47
9564,0,19147253862,19147253808,0,0,54
9565,0,19149257208,19149257243,0,0,-35
9566,0,19151259750,19151259765,0,0,-15
9567,0,19153262038,19153262056,0,0,-18
9568,0,19155263696,19155263683,0,0,13
9569,0,19157265758,19157265725,0,0,33
9570,0,19159268059,19159268026,0,0,32
9571,0,19161270748,19161270723,0,0,24
9572,0,19163272793,19163272746,0,0,47
9573,0,19165274759,19165274719,0,0,40
9574,0,19167276734,19167276665,0,0,69
9575,0,19169278130,19169278072,0,0,58
9576,0,19171281242,19171281182,0,0,60
9577,0,19173283686,19173283714,0,0,-28
9578,0,19175285744,19175285764,0,0,-19
9579,0,19177287008,19177287021,0,0,-12
9580,0,19179290761,19179290773,0,0,-11
9581,0,19181292139,19181292172,0,0,-32
9582,0,19183293798,19183293813,0,0,-15
9583,0,19185297319,19185297294,0,0,24
9584,0,19187299278,19187299324,0,0,-46
9585,0,19189301404,19189301377,0,0,27
9586,0,19191303811,19191303783,0,0,27
9587,0,19193305607,19193305640,0,0,-33
9588,0,19195307103,19195307076,0,0,27
9589,0,19197310465,19197310451,0,0,14
9590,0,19199312355,19199312297,0,0,58
9591,0,19201313474,19201313435,0,0,38
9592,0,19203316114,19203316059,0,0,55
9593,0,19205320076,19205320019,0,0,57
9594,0,19207320944,19207320884,0,0,60
9595,0,19209323628,19209323580,0,0,47
9596,0,19211325971,19211325937,0,0,34
9597,0,19213329543,19213329495,0,0,48
9598,0,19215330231,19215330179,0,0,51
9599,0,19217333705,19217333652,0,0,52
9600,0,19219336052,19219336078,0,0,-25
9601,0,19221337451,19221337467,0,0,-16
9602,0,19223339177,19223339188,0,0,-11
9603,0,19225341292,19225341302,0,0,-10
9604,0,19227343837,19227343853,0,0,-16
9605,0,19229345922,19229345937,0,0,-15
9606,0,19231347292,19231347251,0,0,40
9607,0,19233350932,19233350893,0,0,39
9608,0,19235352494,19235352475,0,0,19
9609,0,19237355702,19237355678,0,0,23
9610,0,19239356853,19239356813,0,0,40
9611,0,19241358483,19241358447,0,0,36
9612,0,19243361649,19243361617,0,0,31
9613,0,19245363860,19245363849,0,0,11
9614,0,19247365879,19247365822,0,0,57
9615,0,19249368012,19249367967,0,0,44
9616,0,19251370479,19251370433,0,0,45
9617,0,19253372329,19253372292,0,0,36
9618,0,19255374205,19255374157,0,0,48
9619,0,19257377911,19257377871,0,0,39
9620,0,19259380130,19259380085,0,0,44
9621,0,19261380450,19261380413,0,0,37
9622,0,19263383527,19263383566,0,0,-38
9623,0,19265385224,19265385238,0,0,-13
9624,0,19267388253,19267388279,0,0,-26
9625,0,19269391644,19269391638,0,0,6
9626,0,19271393012,19271393034,0,0,-22
9627,0,19273394662,19273394636,0,0,26
9628,0,19275396865,19275396907,0,0,-42
9629,0,19277397768,19277397802,0,0,-33
9630,0,19279400765,19279400790,0,0,-24
9631,0,19281404411,19281404429,0,0,-17
9632,0,19283406109,19283406146,0,0,-36
9633,0,19285408277,19285408239,0,0,38
9634,0,19287410455,19287410431,0,0,23
9635,0,19289412608,19289412635,0,0,-26
9636,0,19291415307,19291415340,0,0,-33
9637,0,19293417601,19293417562,0,0,38
9638,0,19295419569,19295419557,0,0,11
9639,0,19297421525,19297421504,0,0,21
9640,0,19299424027,19299423983,0,0,44
9641,0,19301426949,19301426912,0,0,36
9642,0,19303428478,19303428449,0,0,28
9643,0,19305431020,19305430986,0,0,33
9644,0,19307432906,19307432878,0,0,28
9645,0,19309434605,19309434573,0,0,31
9646,0,19311435853,19311435806,0,0,47
9647,0,19313439662,19313439613,0,0,49
9648,0,19315441420,19315441395,0,0,24
9649,0,19317443013,19317442957,0,0,56
9650,0,19319446223,19319446182,0,0,41
9651,0,19321448280,19321448237,0,0,43
9652,0,19323450858,19323450838,0,0,20
9653,0,19325452857,19325452880,0,0,-23
9654,0,19327454907,19327454948,0,0,-40
9655,0,19329457233,19329457225,0,0,8
9656,0,19331459606,19331459541,0,0,65
9657,0,19333462487,19333462429,0,0,57
9658,0,19335464080,19335464020,0,0,59
9659,0,19337465868,19337465814,0,0,53
9660,0,19339468574,19339468564,0,0,9
9661,0,19341470977,19341470991,0,0,-13
9662,0,19343473104,19343473132,0,0,-28
9663,0,19345475738,19345475703,0,0,34
9664,0,19347478303,19347478336,0,0,-32
9665,0,19349479239,19349479213,0,0,25
9666,0,19351481013,19351480979,0,0,33
9667,0,19353484175,19353484152,0,0,22
9668,0,19355486394,19355486376,0,0,17
9669,0,19357488572,19357488566,0,0,6
9670,0,19359490609,19359490569,0,0,40
9671,0,19361492915,19361492889,0,0,26
9672,0,19363495798,19363495773,0,0,25
9673,0,19365498586,19365498611,0,0,-24
9674,0,19367499642,19367499651,0,0,-9
9675,0,19369501606,19369501622,0,0,-16
9676,0,19371503902,19371503942,0,0,-40
9677,0,19373505613,19373505644,0,0,-31
9678,0,19375507157,19375507191,0,0,-34
9679,0,19377510483,19377510510,0,0,-26
9680,0,19379512952,19379512972,0,0,-20
9681,0,19381514578,19381514591,0,0,-12
9682,0,19383516077,19383516040,0,0,37
9683,0,19385519821,19385519783,0,0,38
9684,0,19387521554,19387521507,0,0,46
9685,0,19389522987,19389522957,0,0,29
9686,0,19391526405,19391526384,0,0,20
9687,0,19393528098,19393528108,0,0,-10
9688,0,19395529288,19395529337,0,0,-49
9689,0,19397532887,19397532907,0,0,-20
9690,0,19399535200,19399535161,0,0,39
9691,0,19401537199,19401537160,0,0,38
9692,0,19403539872,19403539833,0,0,39
9693,0,19405541286,19405541262,0,0,23
9694,0,19407542607,19407542558,0,0,49
9695,0,19409544977,19409544917,0,0,59
9696,0,19411547403,19411547353,0,0,49
9697,0,19413551240,19413551233,0,0,6
9698,0,19415553361,19415553375,0,0,-13
9699,0,19417555076,19417555081,0,0,-5
9700,0,19419557133,19419557119,0,0,14
9701,0,19421558952,19421558964,0,0,-11
9702,0,19423560516,19423560538,0,0,-22
9703,0,19425563106,19425563135,0,0,-29
9704,0,19427566301,19427566319,0,0,-18
9705,0,19429569478,19429569503,0,0,-24
9706,0,19431570739,19431570750,0,0,-10
9707,0,19433572490,19433572433,0,0,56
9708,0,19435574321,19435574283,0,0,38
9709,0,19437577315,19437577271,0,0,43
9710,0,19439579614,19439579582,0,0,32
9711,0,19441581707,19441581669,0,0,38
9712,0,19443583850,19443583818,0,0,31
9713,0,19445586166,19445586148,0,0,17
9714,0,19447587417,19447587378,0,0,39
9715,0,19449590815,19449590791,0,0,24
9716,0,19451593115,19451593134,0,0,-18
9717,0,19453594844,19453594862,0,0,-17
9718,0,19455596217,19455596228,0,0,-11
9719,0,19457599043,19457599054,0,0,-11
9720,0,19459601124,19459601138,0,0,-13
9721,0,19461605287,19461605257,0,0,29
9722,0,19463606226,19463606188,0,0,38
9723,0,19465608581,19465608533,0,0,47
9724,0,19467610555,19467610514,0,0,40
9725,0,19469612538,19469612475,0,0,62
9726,0,19471614668,19471614626,0,0,41
9727,0,19473618532,19473618503,0,0,28
9728,0,19475620483,19475620442,0,0,41
9729,0,19477621774,19477621789,0,0,-15
9730,0,19479623940,19479623960,0,0,-20
9731,0,19481625997,19481626013,0,0,-15
9732,0,19483627471,19483627450,0,0,20
9733,0,19485630631,19485630607,0,0,23
9734,0,19487633064,19487633026,0,0,37
9735,0,19489634725,19489634676,0,0,49
9736,0,19491636059,19491636021,0,0,38
9737,0,19493639438,19493639379,0,0,58
9738,0,19495641114,19495641062,0,0,51
9739,0,19497644416,19497644364,0,0,51
9740,0,19499646272,19499646217,0,0,55
9741,0,19501648435,19501648386,0,0,48
9742,0,19503650599,19503650582,0,0,16
9743,0,19505652853,19505652809,0,0,43
9744,0,19507654838,19507654810,0,0,28
9745,0,19509656386,19509656334,0,0,51
9746,0,19511659439,19511659392,0,0,47
9747,0,19513662622,19513662563,0,0,58
9748,0,19515664719,19515664737,0,0,-18
9749,0,19517666089,19517666123,0,0,-33
9750,0,19519668061,19519668162,0,0,-101
9751,0,19521670867,19521670831,0,0,35
9752,0,19523673438,19523673400,0,0,38
9753,0,19525675703,19525675678,0,0,24
9754,0,19527676240,19527676226,0,0,13
9755,0,19529678166,19529678146,0,0,20
9756,0,19531681047,19531681099,0,0,-51
9757,0,19533684014,19533684041,0,0,-26
9758,0,19535686192,19535686217,0,0,-24
9759,0,19537689435,19537689476,0,0,-40
9760,0,19539691576,19539691615,0,0,-38
9761,0,19541691784,19541691827,0,0,-42
9762,0,19543694426,19543694411,0,0,14
9763,0,19545697626,19545697612,0,0,14
9764,0,19547699498,19547699465,0,0,32
9765,0,19549700622,19549700594,0,0,27
9766,0,19551702874,19551702858,0,0,15
9767,0,19553704992,19553704959,0,0,33
9768,0,19555707130,19555707098,0,0,32
9769,0,19557709980,19557710009,0,0,-29
9770,0,19559713922,19559713911,0,0,11
9771,0,19561714761,19561714734,0,0,27
9772,0,19563716274,19563716264,0,0,9
9773,0,19565718487,19565718458,0,0,29
9774,0,19567721130,19567721092,0,0,38
9775,0,19569724160,19569724142,0,0,17
9776,0,19571726172,19571726163,0,0,8
9777,0,19573727244,19573727226,0,0,17
9778,0,19575729800,19575729775,0,0,24
9779,0,19577732379,19577732420,0,0,-40
9780,0,19579734370,19579734384,0,0,-13
9781,0,19581737666,19581737705,0,0,-38
9782,0,19583740016,19583740046,0,0,-29
9783,0,19585741568,19585741559,0,0,8
9784,0,19587743406,19587743386,0,0,20
9785,0,19589746575,19589746561,0,0,13
9786,0,19591749363,19591749324,0,0,38
9787,0,19593750006,19593749997,0,0,9
9788,0,19595753166,19595753130,0,0,35
9789,0,19597754886,19597754826,0,0,59
9790,0,19599756410,19599756447,0,0,-36
9791,0,19601759935,19601759897,0,0,38
9792,0,19603762271,19603762235,0,0,36
9793,0,19605764437,19605764416,0,0,20
9794,0,19607766310,19607766280,0,0,29
9795,0,19609768332,19609768294,0,0,38
9796,0,19611769571,19611769546,0,0,24
9797,0,19613773250,19613773206,0,0,44
9798,0,19615775767,19615775723,0,0,43
9799,0,19617777714,19617777761,0,0,-47
9800,0,19619779913,19619779950,0,0,-36
9801,0,19621782211,19621782263,0,0,-52
9802,0,19623784979,19623784955,0,0,23
9803,0,19625785074,19625785056,0,0,18
9804,0,19627787647,19627787620,0,0,27
9805,0,19629790927,19629790906,0,0,20
9806,0,19631793240,19631793212,0,0,27
9807,0,19633795031,19633795065,0,0,-33
9808,0,19635796322,19635796366,0,0,-43
9809,0,19637798804,19637798853,0,0,-48
9810,0,19639802388,19639802351,0,0,36
9811,0,19641804728,19641804701,0,0,26
9812,0,19643806453,19643806418,0,0,34
9813,0,19645808359,19645808350,0,0,9
9814,0,19647810076,19647810037,0,0,38
9815,0,19649812896,19649812843,0,0,53
9816,0,19651814534,19651814474,0,0,59
9817,0,19653817951,19653817964,0,0,-12
9818,0,19655820753,19655820760,0,0,-6
9819,0,19657821501,19657821513,0,0,-12
9820,0,19659823220,19659823237,0,0,-16
9821,0,19661825869,19661825874,0,0,-5
9822,0,19663827828,19663827871,0,0,-42
9823,0,19665832207,19665832240,0,0,-32
9824,0,19667833802,19667833831,0,0,-29
9825,0,19669834206,19669834223,0,0,-17
9826,0,19671836606,19671836565,0,0,40
9827,0,19673839278,19673839248,0,0,30
9828,0,19675840764,19675840739,0,0,25
9829,0,19677843685,19677843628,0,0,57
9830,0,19679846937,19679846901,0,0,35
9831,0,19681848512,19681848503,0,0,8
9832,0,19683850573,19683850524,0,0,48
9833,0,19685852523,19685852495,0,0,27
9834,0,19687855235,19687855197,0,0,38
9835,0,19689857068,19689857024,0,0,44
9836,0,19691860069,19691860047,0,0,21
9837,0,19693861968,19693861930,0,0,38
9838,0,19695862958,19695863004,0,0,-45
9839,0,19697865334,19697865288,0,0,46
9840,0,19699867674,19699867666,0,0,8
9841,0,19701870006,19701869982,0,0,23
9842,0,19703873384,19703873346,0,0,38
9843,0,19705874712,19705874730,0,0,-17
9844,0,19707876407,19707876444,0,0,-37
9845,0,19709878431,19709878446,0,0,-15
9846,0,19711881133,19711881096,0,0,37
9847,0,19713885789,19713885741,0,0,48
9848,0,19715886137,19715886116,0,0,21
9849,0,19717887478,19717887529,0,0,-50
9850,0,19719890921,19719890888,0,0,32
9851,0,19721893229,19721893213,0,0,15
9852,0,19723895584,19723895534,0,0,49
9853,0,19725897850,19725897812,0,0,38
9854,0,19727900139,19727900094,0,0,44
9855,0,19729902231,19729902205,0,0,26
9856,0,19731904442,19731904470,0,0,-27
9857,0,19733905507,19733905523,0,0,-16
9858,0,19735909246,19735909269,0,0,-22
9859,0,19737910883,19737910833,0,0,49
9860,0,19739913350,19739913316,0,0,33
9861,0,19741915170,19741915103,0,0,67
9862,0,19743916471,19743916438,0,0,33
9863,0,19745918935,19745918870,0,0,65
9864,0,19747921903,19747921847,0,0,56
9865,0,19749923658,19749923600,0,0,58
9866,0,19751927572,19751927521,0,0,51
9867,0,19753928681,19753928633,0,0,48
9868,0,19755930822,19755930764,0,0,58
9869,0,19757931764,19757931785,0,0,-20
9870,0,19759934330,19759934348,0,0,-17
9871,0,19761937098,19761937105,0,0,-6
9872,0,19763939896,19763939889,0,0,7
9873,0,19765941849,19765941805,0,0,44
9874,0,19767943399,19767943347,0,0,51
9875,0,19769946424,19769946374,0,0,49
9876,0,19771947883,19771947835,0,0,47
9877,0,19773951098,19773951058,0,0,39
9878,0,19775953248,19775953204,0,0,44
9879,0,19777955626,19777955570,0,0,56
9880,0,19779957737,19779957702,0,0,35
9881,0,19781959629,19781959588,0,0,40
9882,0,19783962191,19783962171,0,0,19
9883,0,19785964601,19785964573,0,0,28
9884,0,19787967144,19787967155,0,0,-10
9885,0,19789969359,19789969368,0,0,-9
9886,0,19791970734,19791970752,0,0,-17
9887,0,19793972833,19793972790,0,0,43
9888,0,19795975628,19795975590,0,0,38
9889,0,19797978312,19797978325,0,0,-13
9890,0,19799979984,19799980018,0,0,-33
9891,0,19801982106,19801982069,0,0,37
9892,0,19803983322,19803983271,0,0,51
9893,0,19805985503,19805985449,0,0,53
9894,0,19807988094,19807988125,0,0,-31
9895,0,19809991741,19809991766,0,0,-24
9896,0,19811993403,19811993427,0,0,-24
9897,0,19813996643,19813996615,0,0,28
9898,0,19815998782,19815998764,0,0,17
9899,0,19818000164,19818000139,0,0,24
9900,0,19820002514,19820002478,0,0,36
9901,0,19822004593,19822004605,0,0,-12
9902,0,19824007116,19824007153,0,0,-36
9903,0,19826008664,19826008679,0,0,-15
9904,0,19828010056,19828010020,0,0,35
9905,0,19830013165,19830013130,0,0,34
9906,0,19832014893,19832014853,0,0,40
9907,0,19834018248,19834018271,0,0,-23
9908,0,19836020261,19836020283,0,0,-22
9909,0,19838022114,19838022148,0,0,-33
9910,0,19840023959,19840023934,0,0,24
9911,0,19842026570,19842026536,0,0,34
9912,0,19844029204,19844029179,0,0,24
9913,0,19846031725,19846031712,0,0,13
9914,0,19848034218,19848034219,0,0,0
9915,0,19850034570,19850034532,0,0,37
9916,0,19852037659,19852037650,0,0,8
9917,0,19854039085,19854039049,0,0,36
9918,0,19856042453,19856042435,0,0,17
9919,0,19858045530,19858045514,0,0,16
9920,0,19860047829,19860047875,0,0,-45
9921,0,19862049176,19862049209,0,0,-33
9922,0,19864050638,19864050666,0,0,-28
9923,0,19866052064,19866052098,0,0,-33
9924,0,19868054755,19868054728,0,0,26
9925,0,19870057907,19870057884,0,0,23
9926,0,19872059865,19872059821,0,0,44
9927,0,19874061028,19874060963,0,0,65
9928,0,19876063593,19876063564,0,0,29
9929,0,19878066948,19878066912,0,0,35
9930,0,19880069898,19880069833,0,0,65
9931,0,19882071052,19882071007,0,0,44
9932,0,19884072488,19884072530,0,0,-42
9933,0,19886075406,19886075435,0,0,-29
9934,0,19888076788,19888076831,0,0,-43
9935,0,19890079943,19890080003,0,0,-59
9936,0,19892082633,19892082593,0,0,40
9937,0,19894084678,19894084746,0,0,-67
9938,0,19896086788,19896086841,0,0,-52
9939,0,19898088851,19898088901,0,0,-50
9940,0,19900091116,19900091097,0,0,19
9941,0,19902091687,19902091665,0,0,22
9942,0,19904095143,19904095104,0,0,39
9943,0,19906098055,19906098013,0,0,41
9944,0,19908099873,19908099829,0,0,44
9945,0,19910100910,19910100880,0,0,29
9946,0,19912103478,19912103411,0,0,67
9947,0,19914108248,19914108216,0,0,31
9948,0,19916108847,19916108811,0,0,35
9949,0,19918110429,19918110424,0,0,4
9950,0,19920113242,19920113203,0,0,39
9951,0,19922114598,19922114624,0,0,-26
9952,0,19924117209,19924117227,0,0,-17
9953,0,19926120252,19926120267,0,0,-15
9954,0,19928122320,19928122337,0,0,-16
9955,0,19930125119,19930125087,0,0,31
9956,0,19932126903,19932126858,0,0,44
9957,0,19934128417,19934128439,0,0,-22
9958,0,19936130087,19936130101,0,0,-13
9959,0,19938132106,19938132123,0,0,-16
9960,0,19940135417,19940135445,0,0,-28
9961,0,19942138233,19942138184,0,0,49
9962,0,19944139979,19944139928,0,0,51
9963,0,19946142015,19946141972,0,0,42
9964,0,19948143856,19948143878,0,0,-22
9965,0,19950146680,19950146707,0,0,-26
9966,0,19952148027,19952148065,0,0,-38
9967,0,19954151606,19954151561,0,0,44
9968,0,19956153574,19956153517,0,0,56
9969,0,19958155739,19958155695,0,0,44
9970,0,19960157994,19960157928,0,0,65
9971,0,19962160017,19962159997,0,0,20
9972,0,19964161442,19964161404,0,0,38
9973,0,19966164449,19966164407,0,0,41
9974,0,19968166341,19968166305,0,0,35
9975,0,19970168645,19970168593,0,0,51
9976,0,19972170264,19972170224,0,0,40
9977,0,19974173291,19974173276,0,0,15
9978,0,19976175188,19976175150,0,0,37
9979,0,19978178945,19978178980,0,0,-35
9980,0,19980180024,19980180038,0,0,-13
9981,0,19982181234,19982181202,0,0,31
9982,0,19984183177,19984183151,0,0,26
9983,0,19986186451,19986186426,0,0,24
9984,0,19988188921,19988188884,0,0,36
9985,0,19990190151,19990190164,0,0,-12
9986,0,19992192356,19992192328,0,0,28
9987,0,19994194762,19994194724,0,0,38
9988,0,19996197839,19996197801,0,0,38
9989,0,19998198608,19998198570,0,0,38
9990,0,20000201312,20000201273,0,0,39
9991,0,20002203665,20002203616,0,0,49
9992,0,20004206883,20004206808,0,0,74
9993,0,20006208728,20006208701,0,0,26
9994,0,20008210444,20008210404,0,0,40
9995,0,20010214586,20010214557,0,0,29
9996,0,20012215732,20012215702,0,0,30
9997,0,20014219200,20014219182,0,0,17
9998,0,20016220260,20016220222,0,0,38
9999,0,20018222434,20018222411,0,0,23
10000,0,20020224741,20020224711,0,0,29
10001,0,20022226642,20022226684,0,0,-42
10002,0,20024228278,20024228315,0,0,-37
10003,0,20026231919,20026231960,0,0,-41
10004,0,20028233658,20028233669,0,0,-11
10005,0,20030235581,20030235543,0,0,38
10006,0,20032237203,20032237159,0,0,43
10007,0,20034240147,20034240114,0,0,32
10008,0,20036242041,20036242007,0,0,33
10009,0,20038245709,20038245724,0,0,-15
10010,0,20040248538,20040248551,0,0,-13
10011,0,20042250267,20042250258,0,0,9
10012,0,20044250204,20044250161,0,0,42
10013,0,20046252440,20046252403,0,0,36
10014,0,20048254965,20048254937,0,0,28
10015,0,20050258746,20050258781,0,0,-34
10016,0,20052260440,20052260474,0,0,-33
10017,0,20054262204,20054262229,0,0,-24
10018,0,20056263635,20056263595,0,0,40
10019,0,20058266972,20058266932,0,0,39
10020,0,20060269118,20060269085,0,0,33
10021,0,20062270997,20062270970,0,0,27
10022,0,20064273840,20064273822,0,0,17
10023,0,20066275655,20066275617,0,0,38
10024,0,20068277242,20068277209,0,0,33
10025,0,20070281416,20070281392,0,0,24
10026,0,20072283269,20072283241,0,0,28
10027,0,20074285170,20074285161,0,0,8
10028,0,20076287116,20076287084,0,0,31
10029,0,20078289267,20078289228,0,0,38
10030,0,20080292009,20080291974,0,0,35
10031,0,20082293287,20082293262,0,0,25
10032,0,20084294620,20084294596,0,0,23
10033,0,20086297402,20086297369,0,0,33
10034,0,20088300934,20088300911,0,0,23
10035,0,20090302426,20090302383,0,0,42
10036,0,20092303709,20092303663,0,0,45
10037,0,20094306593,20094306575,0,0,17
10038,0,20096308656,20096308625,0,0,30
10039,0,20098311522,20098311512,0,0,10
10040,0,20100313716,20100313688,0,0,27
10041,0,20102315900,20102315865,0,0,34
10042,0,20104318317,20104318298,0,0,18
10043,0,20106321175,20106321145,0,0,29
10044,0,20108322208,20108322187,0,0,21
10045,0,20110324787,20110324779,0,0,8
10046,0,20112326988,20112326963,0,0,25
10047,0,20114331094,20114331074,0,0,20
10048,0,20116331449,20116331505,0,0,-55
10049,0,20118333364,20118333321,0,0,42
10050,0,20120335816,20120335786,0,0,30
10051,0,20122339527,20122339492,0,0,34
10052,0,20124340782,20124340760,0,0,21
10053,0,20126342480,20126342462,0,0,17
10054,0,20128343895,20128343878,0,0,16
10055,0,20130346995,20130346981,0,0,13
10056,0,20132349210,20132349195,0,0,14
10057,0,20134351069,20134351051,0,0,17
10058,0,20136353784,20136353750,0,0,33
10059,0,20138355715,20138355705,0,0,9
10060,0,20140357530,20140357521,0,0,8
10061,0,20142360070,20142360031,0,0,38
10062,0,20144361505,20144361547,0,0,-42
10063,0,20146365497,20146365440,0,0,56
10064,0,20148366977,20148366982,0,0,-5
10065,0,20150368173,20150368193,0,0,-20
10066,0,20152371047,20152371002,0,0,44
10067,0,20154373944,20154373896,0,0,48
10068,0,20156376198,20156376141,0,0,56
10069,0,20158378591,20158378568,0,0,23
10070,0,20160380545,20160380511,0,0,33
10071,0,20162382325,20162382287,0,0,38
10072,0,20164384306,20164384301,0,0,4
10073,0,20166386946,20166386920,0,0,26
10074,0,20168388540,20168388515,0,0,24
10075,0,20170391808,20170391825,0,0,-16
10076,0,20172395417,20172395402,0,0,15
10077,0,20174395768,20174395727,0,0,41
10078,0,20176397361,20176397379,0,0,-17
10079,0,20178401150,20178401171,0,0,-21
10080,0,20180402658,20180402680,0,0,-22
10081,0,20182406139,20182406058,0,0,80
10082,0,20184408161,20184408112,0,0,48
10083,0,20186409669,20186409623,0,0,45
10084,0,20188411447,20188411386,0,0,60
10085,0,20190412425,20190412366,0,0,58
10086,0,20192415161,20192415190,0,0,-29
10087,0,20194418478,20194418498,0,0,-19
10088,0,20196420573,20196420521,0,0,51
10089,0,20198422843,20198422795,0,0,47
10090,0,20200424852,20200424826,0,0,26
10091,0,20202426011,20202425977,0,0,33
10092,0,20204429539,20204429478,0,0,61
10093,0,20206431911,20206431854,0,0,56
10094,0,20208433964,20208433907,0,0,57
10095,0,20210435879,20210435824,0,0,55
10096,0,20212437005,20212436960,0,0,44
10097,0,20214440444,20214440487,0,0,-42
10098,0,20216442176,20216442213,0,0,-36
10099,0,20218445059,20218445017,0,0,42
10100,0,20220447472,20220447435,0,0,37
10101,0,20222449426,20222449394,0,0,31
10102,0,20224451648,20224451620,0,0,27
10103,0,20226453698,20226453669,0,0,29
10104,0,20228455033,20228455004,0,0,29
10105,0,20230458555,20230458534,0,0,20
10106,0,20232460705,20232460680,0,0,24
10107,0,20234462451,20234462424,0,0,26
10108,0,20236465074,20236465047,0,0,26
10109,0,20238467391,20238467343,0,0,47
10110,0,20240469726,20240469718,0,0,8
10111,0,20242471979,20242472009,0,0,-30
10112,0,20244474464,20244474444,0,0,20
10113,0,20246475912,20246475882,0,0,29
10114,0,20248477397,20248477350,0,0,47
10115,0,20250480452,20250480415,0,0,37
10116,0,20252483005,20252483033,0,0,-28
10117,0,20254484808,20254484842,0,0,-34
10118,0,20256486525,20256486498,0,0,26
10119,0,20258489429,20258489403,0,0,26
10120,0,20260490406,20260490393,0,0,13
10121,0,20262492892,20262492847,0,0,44
10122,0,20264496105,20264496058,0,0,46
10123,0,20266498727,20266498694,0,0,32
10124,0,20268501825,20268501800,0,0,25
10125,0,20270502666,20270502622,0,0,43
10126,0,20272504118,20272504086,0,0,31
10127,0,20274507004,20274506975,0,0,29
10128,0,20276508295,20276508267,0,0,27
10129,0,20278511611,20278511557,0,0,54
10130,0,20280513835,20280513800,0,0,35
10131,0,20282514799,20282514749,0,0,49
10132,0,20284517512,20284517457,0,0,54
10133,0,20286520338,20286520299,0,0,38
10134,0,20288522206,20288522236,0,0,-29
10135,0,20290525375,20290525352,0,0,23
10136,0,20292527563,20292527525,0,0,38
10137,0,20294529579,20294529550,0,0,29
10138,0,20296531817,20296531778,0,0,39
10139,0,20298533821,20298533788,0,0,32
10140,0,20300536662,20300536638,0,0,23
10141,0,20302538684,20302538651,0,0,32
10142,0,20304541604,20304541578,0,0,25
10143,0,20306544267,20306544238,0,0,29
10144,0,20308545560,20308545530,0,0,29
10145,0,20310547253,20310547226,0,0,26
10146,0,20312549534,20312549519,0,0,14
10147,0,20314554330,20314554307,0,0,22
10148,0,20316555176,20316555208,0,0,-32
10149,0,20318556170,20318556199,0,0,-29
10150,0,20320558471,20320558419,0,0,51
10151,0,20322560367,20322560299,0,0,67
10152,0,20324562078,20324562085,0,0,-6
10153,0,20326565195,20326565207,0,0,-11
10154,0,20328567173,20328567179,0,0,-6
10155,0,20330568561,20330568501,0,0,60
10156,0,20332573002,20332572973,0,0,29
10157,0,20334573998,20334573962,0,0,35
10158,0,20336576332,20336576274,0,0,57
10159,0,20338578679,20338578633,0,0,46
10160,0,20340580845,20340580805,0,0,40
10161,0,20342582975,20342582892,0,0,82
10162,0,20344585456,20344585406,0,0,50
10163,0,20346587198,20346587133,0,0,65
10164,0,20348588877,20348588801,0,0,76
10165,0,20350592062,20350592000,0,0,61
10166,0,20352594224,20352594142,0,0,82
10167,0,20354596304,20354596244,0,0,59
10168,0,20356598875,20356598816,0,0,58
10169,0,20358600651,20358600571,0,0,79
10170,0,20360602298,20360602224,0,0,74
10171,0,20362605647,20362605583,0,0,63
10172,0,20364608548,20364608489,0,0,59
10173,0,20366609519,20366609501,0,0,17
10174,0,20368611925,20368611919,0,0,6
10175,0,20370614190,20370614182,0,0,7
10176,0,20372616322,20372616296,0,0,26
10177,0,20374619074,20374619062,0,0,11
10178,0,20376621435,20376621406,0,0,28
10179,0,20378623017,20378622988,0,0,28
10180,0,20380625732,20380625765,0,0,-32
10181,0,20382627164,20382627226,0,0,-62
10182,0,20384629116,20384629089,0,0,26
10183,0,20386632204,20386632191,0,0,13
10184,0,20388635098,20388635132,0,0,-33
10185,0,20390636200,20390636233,0,0,-33
10186,0,20392638016,20392638059,0,0,-42
10187,0,20394640579,20394640620,0,0,-40
10188,0,20396643534,20396643507,0,0,26
10189,0,20398645287,20398645262,0,0,24
10190,0,20400647587,20400647598,0,0,-11
10191,0,20402649577,20402649609,0,0,-32
10192,0,20404651795,20404651830,0,0,-35
10193,0,20406653732,20406653703,0,0,28
10194,0,20408655815,20408655773,0,0,42
10195,0,20410659183,20410659137,0,0,46
10196,0,20412660780,20412660791,0,0,-10
10197,0,20414663979,20414664021,0,0,-41
10198,0,20416664290,20416664311,0,0,-20
10199,0,20418667277,20418667303,0,0,-25
10200,0,20420668879,20420668894,0,0,-15
10201,0,20422672377,20422672386,0,0,-8
10202,0,20424674853,20424674863,0,0,-10
10203,0,20426676287,20426676298,0,0,-10
10204,0,20428679314,20428679343,0,0,-28
10205,0,20430680606,20430680628,0,0,-22
10206,0,20432682234,20432682226,0,0,7
10207,0,20434686571,20434686528,0,0,42
10208,0,20436688887,20436688846,0,0,41
10209,0,20438689794,20438689760,0,0,33
10210,0,20440691839,20440691790,0,0,49
10211,0,20442694229,20442694252,0,0,-23
10212,0,20444696896,20444696924,0,0,-28
10213,0,20446698793,20446698811,0,0,-18
10214,0,20448700971,20448700935,0,0,35
10215,0,20450703146,20450703110,0,0,35
10216,0,20452705082,20452705057,0,0,24
10217,0,20454706510,20454706496,0,0,14
10218,0,20456709930,20456709959,0,0,-29
10219,0,20458712972,20458712964,0,0,8
10220,0,20460716347,20460716319,0,0,27
10221,0,20462716161,20462716100,0,0,61
10222,0,20464717223,20464717245,0,0,-22
10223,0,20466720060,20466720086,0,0,-26
10224,0,20468723227,20468723256,0,0,-29
10225,0,20470725620,20470725586,0,0,34
10226,0,20472727493,20472727455,0,0,38
10227,0,20474730355,20474730330,0,0,24
10228,0,20476732242,20476732213,0,0,29
10229,0,20478734298,20478734260,0,0,38
10230,0,20480736902,20480736934,0,0,-31
10231,0,20482738891,20482738922,0,0,-31
10232,0,20484741093,20484741054,0,0,38
10233,0,20486743018,20486742976,0,0,42
10234,0,20488744247,20488744210,0,0,36
10235,0,20490747503,20490747473,0,0,30
10236,0,20492750029,20492750070,0,0,-41
10237,0,20494752947,20494752972,0,0,-24
10238,0,20496755868,20496755883,0,0,-15
10239,0,20498757602,20498757636,0,0,-33
10240,0,20500760038,20500760061,0,0,-23
10241,0,20502761057,20502761086,0,0,-29
10242,0,20504763548,20504763569,0,0,-21
10243,0,20506765997,20506766035,0,0,-38
10244,0,20508767119,20508767094,0,0,24
10245,0,20510768620,20510768579,0,0,40
10246,0,20512771276,20512771226,0,0,49
10247,0,20514775565,20514775530,0,0,34
10248,0,20516776801,20516776817,0,0,-16
10249,0,20518779020,20518779032,0,0,-12
10250,0,20520780774,20520780808,0,0,-33
10251,0,20522781957,20522781982,0,0,-24
10252,0,20524785648,20524785685,0,0,-36
10253,0,20526787258,20526787200,0,0,58
10254,0,20528788973,20528788942,0,0,30
10255,0,20530792357,20530792329,0,0,27
10256,0,20532794521,20532794493,0,0,27
10257,0,20534796397,20534796370,0,0,26
10258,0,20536798042,20536797991,0,0,51
10259,0,20538800955,20538800919,0,0,35
10260,0,20540803199,20540803147,0,0,51
10261,0,20542805495,20542805462,0,0,33
10262,0,20544807705,20544807742,0,0,-36
10263,0,20546809948,20546809914,0,0,34
10264,0,20548811833,20548811795,0,0,38
10265,0,20550813253,20550813211,0,0,42
10266,0,20552816614,20552816583,0,0,31
10267,0,20554818651,20554818633,0,0,18
10268,0,20556821051,20556821027,0,0,23
10269,0,20558823988,20558823939,0,0,48
10270,0,20560824949,20560824918,0,0,31
10271,0,20562827242,20562827204,0,0,38
10272,0,20564829406,20564829368,0,0,38
10273,0,20566832824,20566832878,0,0,-53
10274,0,20568834071,20568834122,0,0,-51
10275,0,20570835307,20570835296,0,0,11
10276,0,20572838278,20572838315,0,0,-36
10277,0,20574840840,20574840801,0,0,38
10278,0,20576842294,20576842246,0,0,47
10279,0,20578845483,20578845441,0,0,41
10280,0,20580848123,20580848069,0,0,53
10281,0,20582849741,20582849695,0,0,46
10282,0,20584850925,20584850889,0,0,35
10283,0,20586853115,20586853070,0,0,44
10284,0,20588855935,20588855878,0,0,57
10285,0,20590860412,20590860375,0,0,36
10286,0,20592861037,20592861069,0,0,-31
10287,0,20594863259,20594863207,0,0,51
10288,0,20596865815,20596865793,0,0,22
10289,0,20598868029,20598867981,0,0,47
10290,0,20600870046,20600869991,0,0,55
10291,0,20602872322,20602872334,0,0,-11
10292,0,20604875145,20604875088,0,0,56
10293,0,20606876504,20606876492,0,0,11
10294,0,20608879201,20608879172,0,0,29
10295,0,20610881006,20610880998,0,0,8
10296,0,20612883682,20612883672,0,0,9
10297,0,20614887287,20614887278,0,0,9
10298,0,20616887746,20616887794,0,0,-48
10299,0,20618889822,20618889763,0,0,58
10300,0,20620890977,20620890995,0,0,-18
10301,0,20622895343,20622895370,0,0,-26
10302,0,20624897014,20624896976,0,0,38
10303,0,20626899757,20626899695,0,0,62
10304,0,20628902249,20628902260,0,0,-11
10305,0,20630903724,20630903741,0,0,-16
10306,0,20632905389,20632905364,0,0,24
10307,0,20634907157,20634907170,0,0,-12
10308,0,20636909950,20636909900,0,0,49
10309,0,20638912606,20638912567,0,0,38
10310,0,20640914412,20640914375,0,0,36
10311,0,20642916614,20642916606,0,0,8
10312,0,20644918566,20644918638,0,0,-71
10313,0,20646919696,20646919680,0,0,15
10314,0,20648922739,20648922775,0,0,-36
10315,0,20650925866,20650925844,0,0,22
10316,0,20652927924,20652927893,0,0,31
10317,0,20654930907,20654930881,0,0,26
10318,0,20656931214,20656931179,0,0,35
10319,0,20658934508,20658934547,0,0,-38
10320,0,20660937102,20660937157,0,0,-55
10321,0,20662939408,20662939372,0,0,35
10322,0,20664941042,20664941025,0,0,17
10323,0,20666943417,20666943402,0,0,15
10324,0,20668945889,20668945879,0,0,9
10325,0,20670947795,20670947752,0,0,43
10326,0,20672949482,20672949509,0,0,-26
10327,0,20674952869,20674952898,0,0,-29
10328,0,20676954552,20676954514,0,0,38
10329,0,20678956624,20678956588,0,0,35
10330,0,20680958747,20680958776,0,0,-29
10331,0,20682960623,20682960647,0,0,-23
10332,0,20684963513,20684963474,0,0,39
10333,0,20686966903,20686966860,0,0,42
10334,0,20688968400,20688968370,0,0,30
10335,0,20690970265,20690970226,0,0,38
10336,0,20692972151,20692972177,0,0,-25
10337,0,20694974373,20694974402,0,0,-29
10338,0,20696976487,20696976452,0,0,35
10339,0,20698979251,20698979195,0,0,56
10340,0,20700981407,20700981359,0,0,47
10341,0,20702982973,20702982911,0,0,62
10342,0,20704984519,20704984492,0,0,26
10343,0,20706987598,20706987611,0,0,-12
10344,0,20708989020,20708989052,0,0,-32
10345,0,20710991625,20710991645,0,0,-20
10346,0,20712994644,20712994657,0,0,-12
10347,0,20714998129,20714998099,0,0,29
10348,0,20716998641,20716998608,0,0,33
10349,0,20719001191,20719001146,0,0,44
10350,0,20721003573,20721003568,0,0,5
10351,0,20723005830,20723005849,0,0,-18
10352,0,20725008008,20725008020,0,0,-11
10353,0,20727010240,20727010258,0,0,-17
10354,0,20729012285,20729012307,0,0,-22
10355,0,20731014689,20731014721,0,0,-31
10356,0,20733016632,20733016664,0,0,-31
10357,0,20735019058,20735019094,0,0,-35
10358,0,20737021254,20737021266,0,0,-11
10359,0,20739023134,20739023176,0,0,-42
10360,0,20741024509,20741024539,0,0,-30
10361,0,20743026845,20743026880,0,0,-35
10362,0,20745030153,20745030175,0,0,-21
10363,0,20747032802,20747032817,0,0,-15
10364,0,20749034873,20749034910,0,0,-36
10365,0,20751037519,20751037545,0,0,-26
10366,0,20753038192,20753038215,0,0,-23
10367,0,20755041770,20755041723,0,0,47
10368,0,20757043682,20757043652,0,0,29
10369,0,20759046310,20759046284,0,0,25
10370,0,20761048104,20761048144,0,0,-40
10371,0,20763049806,20763049847,0,0,-40
10372,0,20765051340,20765051360,0,0,-20
10373,0,20767054278,20767054255,0,0,23
10374,0,20769056301,20769056275,0,0,25
10375,0,20771059412,20771059368,0,0,44
10376,0,20773061329,20773061317,0,0,11
10377,0,20775063456,20775063442,0,0,13
10378,0,20777064638,20777064602,0,0,36
10379,0,20779067752,20779067723,0,0,29
10380,0,20781069168,20781069132,0,0,36
10381,0,20783072680,20783072653,0,0,27
10382,0,20785075380,20785075415,0,0,-35
10383,0,20787076734,20787076744,0,0,-9
10384,0,20789079121,20789079159,0,0,-38
10385,0,20791081190,20791081155,0,0,34
10386,0,20793083295,20793083253,0,0,42
10387,0,20795086200,20795086171,0,0,29
10388,0,20797088157,20797088182,0,0,-24
10389,0,20799089901,20799089872,0,0,28
10390,0,20801091172,20801091142,0,0,29
10391,0,20803093180,20803093141,0,0,39
10392,0,20805095991,20805095967,0,0,24
10393,0,20807098811,20807098778,0,0,33
10394,0,20809100123,20809100089,0,0,33
10395,0,20811102584,20811102570,0,0,13
10396,0,20813105767,20813105742,0,0,24
10397,0,20815110404,20815110376,0,0,27
10398,0,20817110910,20817110884,0,0,26
10399,0,20819113791,20819113782,0,0,8
10400,0,20821115883,20821115844,0,0,38
10401,0,20823116898,20823116885,0,0,13
10402,0,20825118912,20825118860,0,0,51
10403,0,20827119988,20827119950,0,0,38
10404,0,20829122774,20829122741,0,0,32
10405,0,20831126087,20831126041,0,0,45
10406,0,20833128238,20833128228,0,0,10
10407,0,20835129953,20835129928,0,0,25
10408,0,20837131306,20837131343,0,0,-36
10409,0,20839133384,20839133435,0,0,-51
10410,0,20841136629,20841136662,0,0,-32
10411,0,20843139320,20843139376,0,0,-56
10412,0,20845141321,20845141349,0,0,-28
10413,0,20847144548,20847144591,0,0,-42
10414,0,20849145645,20849145635,0,0,9
10415,0,20851146715,20851146674,0,0,41
10416,0,20853149505,20853149485,0,0,19
10417,0,20855152831,20855152809,0,0,22
10418,0,20857154840,20857154798,0,0,42
10419,0,20859156707,20859156701,0,0,6
10420,0,20861158412,20861158361,0,0,51
10421,0,20863161248,20863161283,0,0,-35
10422,0,20865162656,20865162674,0,0,-17
10423,0,20867166339,20867166376,0,0,-37
10424,0,20869168282,20869168239,0,0,42
10425,0,20871170344,20871170310,0,0,33
10426,0,20873172105,20873172076,0,0,29
10427,0,20875173540,20875173529,0,0,11
10428,0,20877176008,20877175967,0,0,41
10429,0,20879179463,20879179516,0,0,-52
10430,0,20881181676,20881181636,0,0,39
10431,0,20883184083,20883184062,0,0,20
10432,0,20885186405,20885186372,0,0,33
10433,0,20887188242,20887188216,0,0,25
10434,0,20889190370,20889190362,0,0,8
10435,0,20891192538,20891192595,0,0,-57
10436,0,20893194759,20893194808,0,0,-49
10437,0,20895196692,20895196665,0,0,26
10438,0,20897198357,20897198330,0,0,27
10439,0,20899201535,20899201514,0,0,21
10440,0,20901203565,20901203513,0,0,51
10441,0,20903204968,20903205006,0,0,-37
10442,0,20905208021,20905208039,0,0,-17
10443,0,20907210089,20907210076,0,0,13
10444,0,20909211658,20909211638,0,0,20
10445,0,20911214746,20911214719,0,0,27
10446,0,20913218148,20913218123,0,0,25
10447,0,20915220948,20915220933,0,0,15
10448,0,20917221531,20917221492,0,0,39
10449,0,20919223884,20919223849,0,0,34
10450,0,20921225712,20921225679,0,0,33
10451,0,20923226907,20923226883,0,0,24
10452,0,20925229346,20925229316,0,0,29
10453,0,20927232979,20927232940,0,0,38
10454,0,20929234664,20929234636,0,0,27
10455,0,20931235945,20931235910,0,0,34
10456,0,20933239285,20933239256,0,0,28
10457,0,20935241620,20935241596,0,0,23
10458,0,20937244101,20937244062,0,0,38
10459,0,20939246060,20939246026,0,0,33
10460,0,20941248448,20941248470,0,0,-22
10461,0,20943249984,20943250001,0,0,-16
10462,0,20945252883,20945252913,0,0,-30
10463,0,20947255468,20947255440,0,0,27
10464,0,20949257298,20949257289,0,0,8
10465,0,20951259916,20951259927,0,0,-10
10466,0,20953261733,20953261755,0,0,-22
10467,0,20955263482,20955263511,0,0,-29
10468,0,20957264843,20957264868,0,0,-24
10469,0,20959268004,20959267951,0,0,53
10470,0,20961269670,20961269615,0,0,55
10471,0,20963272993,20963272950,0,0,43
10472,0,20965275115,20965275081,0,0,33
10473,0,20967276787,20967276744,0,0,42
10474,0,20969278488,20969278448,0,0,40
10475,0,20971282029,20971282000,0,0,28
10476,0,20973283835,20973283806,0,0,29
10477,0,20975286385,20975286305,0,0,79
10478,0,20977289193,20977289205,0,0,-12
10479,0,20979288985,20979288929,0,0,56
10480,0,20981291808,20981291745,0,0,63
10481,0,20983294340,20983294272,0,0,67
10482,0,20985296119,20985296044,0,0,74
10483,0,20987300033,20987299977,0,0,56
10484,0,20989301823,20989301764,0,0,59
10485,0,20991303597,20991303543,0,0,53
10486,0,20993305148,20993305185,0,0,-36
10487,0,20995308159,20995308170,0,0,-11
10488,0,20997310391,20997310416,0,0,-24
10489,0,20999313177,20999313129,0,0,48
10490,0,21001315069,21001315022,0,0,46
10491,0,21003316676,21003316624,0,0,51
10492,0,21005318445,21005318397,0,0,47
10493,0,21007321360,21007321385,0,0,-24
10494,0,21009325048,21009324996,0,0,51
10495,0,21011326823,21011326766,0,0,57
10496,0,21013328640,21013328611,0,0,28
10497,0,21015331768,21015331721,0,0,46
10498,0,21017332329,21017332343,0,0,-13
10499,0,21019334177,21019334188,0,0,-10
10500,0,21021337370,21021337328,0,0,42
10501,0,21023339521,21023339477,0,0,43
10502,0,21025341633,21025341579,0,0,53
10503,0,21027343922,21027343856,0,0,66
10504,0,21029346046,21029346008,0,0,38
10505,0,21031348102,21031348067,0,0,34
10506,0,21033349583,21033349595,0,0,-11
10507,0,21035352822,21035352792,0,0,30
10508,0,21037355116,21037355078,0,0,38
10509,0,21039357194,21039357152,0,0,41
10510,0,21041359564,21041359577,0,0,-13
10511,0,21043361226,21043361262,0,0,-36
10512,0,21045363106,21045363125,0,0,-19
10513,0,21047366328,21047366360,0,0,-31
10514,0,21049368432,21049368402,0,0,29
10515,0,21051370375,21051370344,0,0,31
10516,0,21053373065,21053373046,0,0,18
10517,0,21055374452,21055374485,0,0,-32
10518,0,21057376346,21057376372,0,0,-26
10519,0,21059379868,21059379900,0,0,-31
10520,0,21061381943,21061381952,0,0,-9
10521,0,21063383680,21063383675,0,0,5
10522,0,21065385182,21065385227,0,0,-44
10523,0,21067388058,21067388101,0,0,-42
10524,0,21069389757,21069389743,0,0,14
10525,0,21071393217,21071393184,0,0,32
10526,0,21073396112,21073396086,0,0,26
10527,0,21075397986,21075397964,0,0,22
10528,0,21077399327,21077399299,0,0,27
10529,0,21079400525,21079400511,0,0,13
10530,0,21081403295,21081403259,0,0,35
10531,0,21083406195,21083406238,0,0,-42
10532,0,21085408838,21085408820,0,0,17
10533,0,21087410359,21087410343,0,0,16
10534,0,21089411702,21089411681,0,0,20
10535,0,21091415339,21091415321,0,0,17
10536,0,21093417609,21093417577,0,0,32
10537,0,21095419912,21095419890,0,0,22
10538,0,21097421871,21097421852,0,0,19
10539,0,21099423835,21099423807,0,0,27
10540,0,21101426640,21101426625,0,0,14
10541,0,21103428068,21103428044,0,0,23
10542,0,21105431180,21105431155,0,0,24
10543,0,21107433410,21107433388,0,0,22
10544,0,21109434844,21109434869,0,0,-25
10545,0,21111435961,21111436027,0,0,-65
10546,0,21113438813,21113438788,0,0,24
10547,0,21115442989,21115442974,0,0,15
10548,0,21117444041,21117444007,0,0,33
10549,0,21119446430,21119446472,0,0,-42
10550,0,21121448353,21121448410,0,0,-56
10551,0,21123450658,21123450624,0,0,33
10552,0,21125452909,21125452881,0,0,27
10553,0,21127455145,21127455116,0,0,28
10554,0,21129457734,21129457696,0,0,37
10555,0,21131460291,21131460279,0,0,11
10556,0,21133461577,21133461557,0,0,20
10557,0,21135462833,21135462871,0,0,-38
10558,0,21137466267,21137466298,0,0,-31
10559,0,21139469348,21139469387,0,0,-38
10560,0,21141471870,21141471902,0,0,-31
10561,0,21143473489,21143473541,0,0,-52
10562,0,21145475432,21145475424,0,0,8
10563,0,21147477066,21147477052,0,0,13
10564,0,21149478402,21149478373,0,0,29
10565,0,21151480589,21151480573,0,0,15
10566,0,21153483341,21153483301,0,0,40
10567,0,21155486687,21155486663,0,0,23
10568,0,21157488325,21157488351,0,0,-26
10569,0,21159490600,21159490632,0,0,-31
10570,0,21161491804,21161491849,0,0,-44
10571,0,21163495426,21163495388,0,0,38
10572,0,21165497707,21165497696,0,0,11
10573,0,21167499641,21167499606,0,0,35
10574,0,21169503310,21169503285,0,0,25
10575,0,21171503993,21171503954,0,0,38
10576,0,21173506571,21173506540,0,0,31
10577,0,21175508269,21175508253,0,0,15
10578,0,21177510278,21177510254,0,0,24
10579,0,21179513357,21179513322,0,0,35
10580,0,21181515060,21181515090,0,0,-30
10581,0,21183517023,21183517050,0,0,-26
10582,0,21185518790,21185518826,0,0,-36
10583,0,21187521709,21187521725,0,0,-15
10584,0,21189523997,21189523961,0,0,35
10585,0,21191526191,21191526171,0,0,20
10586,0,21193528741,21193528705,0,0,35
10587,0,21195531128,21195531164,0,0,-35
10588,0,21197532914,21197532950,0,0,-35
10589,0,21199534837,21199534865,0,0,-28
10590,0,21201537547,21201537501,0,0,45
10591,0,21203540035,21203540008,0,0,26
10592,0,21205542403,21205542375,0,0,28
10593,0,21207544202,21207544242,0,0,-40
10594,0,21209546743,21209546763,0,0,-20
10595,0,21211548303,21211548318,0,0,-15
10596,0,21213550118,21213550128,0,0,-9
10597,0,21215554364,21215554386,0,0,-22
10598,0,21217555465,21217555417,0,0,47
10599,0,21219557400,21219557345,0,0,55
10600,0,21221559745,21221559694,0,0,51
10601,0,21223561564,21223561526,0,0,38
10602,0,21225563330,21225563283,0,0,47
10603,0,21227566959,21227566908,0,0,51
10604,0,21229568862,21229568793,0,0,69
10605,0,21231570533,21231570555,0,0,-22
10606,0,21233573235,21233573263,0,0,-28
10607,0,21235575149,21235575166,0,0,-17
10608,0,21237577288,21237577333,0,0,-44
10609,0,21239579117,21239579060,0,0,57
10610,0,21241582350,21241582310,0,0,40
10611,0,21243583977,21243583948,0,0,29
10612,0,21245585001,21245585040,0,0,-38
10613,0,21247587444,21247587456,0,0,-12
10614,0,21249590924,21249590944,0,0,-20
10615,0,21251593428,21251593371,0,0,56
10616,0,21253595606,21253595538,0,0,67
10617,0,21255597194,21255597159,0,0,35
10618,0,21257599045,21257599007,0,0,38
10619,0,21259602217,21259602158,0,0,59
10620,0,21261604534,21261604499,0,0,34
10621,0,21263606658,21263606606,0,0,51
10622,0,21265608826,21265608777,0,0,49
10623,0,21267612897,21267612838,0,0,59
10624,0,21269614258,21269614260,0,0,-2
10625,0,21271615523,21271615553,0,0,-29
10626,0,21273617978,21273617985,0,0,-6
10627,0,21275620612,21275620557,0,0,55
10628,0,21277621541,21277621482,0,0,59
10629,0,21279623050,21279623013,0,0,36
10630,0,21281626170,21281626115,0,0,55
10631,0,21283628612,21283628560,0,0,51
10632,0,21285630950,21285630965,0,0,-14
10633,0,21287633550,21287633576,0,0,-26
10634,0,21289635258,21289635218,0,0,40
10635,0,21291637626,21291637595,0,0,31
10636,0,21293639415,21293639380,0,0,35
10637,0,21295640931,21295640962,0,0,-31
10638,0,21297644287,21297644298,0,0,-11
10639,0,21299647607,21299647624,0,0,-16
10640,0,21301648724,21301648758,0,0,-33
10641,0,21303650553,21303650573,0,0,-20
10642,0,21305652386,21305652328,0,0,58
10643,0,21307655426,21307655402,0,0,24
10644,0,21309657633,21309657643,0,0,-10
10645,0,21311660726,21311660737,0,0,-11
10646,0,21313662274,21313662260,0,0,13
10647,0,21315665467,21315665452,0,0,15
10648,0,21317666458,21317666440,0,0,17
10649,0,21319668475,21319668451,0,0,23
10650,0,21321669746,21321669767,0,0,-21
10651,0,21323673224,21323673253,0,0,-28
10652,0,21325675786,21325675758,0,0,27
10653,0,21327677314,21327677272,0,0,42
10654,0,21329679522,21329679502,0,0,20
10655,0,21331683089,21331683074,0,0,15
10656,0,21333684584,21333684555,0,0,29
10657,0,21335687035,21335687002,0,0,33
10658,0,21337688837,21337688810,0,0,26
10659,0,21339690954,21339690930,0,0,23
10660,0,21341693162,21341693134,0,0,28
10661,0,21343695051,21343695024,0,0,26
10662,0,21345696682,21345696653,0,0,28
10663,0,21347700271,21347700222,0,0,48
10664,0,21349702324,21349702280,0,0,43
10665,0,21351704070,21351704031,0,0,39
10666,0,21353705560,21353705525,0,0,34
10667,0,21355708527,21355708499,0,0,27
10668,0,21357710942,21357710908,0,0,33
10669,0,21359713217,21359713247,0,0,-29
10670,0,21361715431,21361715462,0,0,-31
10671,0,21363718478,21363718438,0,0,40
10672,0,21365718404,21365718399,0,0,4
10673,0,21367721056,21367721020,0,0,36
10674,0,21369724362,21369724370,0,0,-7
10675,0,21371726784,21371726795,0,0,-10
10676,0,21373729155,21373729117,0,0,38
10677,0,21375730599,21375730564,0,0,35
10678,0,21377732249,21377732191,0,0,58
10679,0,21379735535,21379735541,0,0,-5
10680,0,21381737880,21381737822,0,0,57
10681,0,21383740211,21383740160,0,0,51
10682,0,21385742569,21385742519,0,0,49
10683,0,21387744231,21387744184,0,0,47
10684,0,21389746656,21389746602,0,0,54
10685,0,21391748339,21391748321,0,0,17
10686,0,21393750322,21393750296,0,0,26
10687,0,21395755169,21395755214,0,0,-44
10688,0,21397756413,21397756459,0,0,-45
10689,0,21399757680,21399757721,0,0,-40
10690,0,21401760241,21401760258,0,0,-17
10691,0,21403762035,21403762009,0,0,26
10692,0,21405764267,21405764253,0,0,13
10693,0,21407767128,21407767094,0,0,33
10694,0,21409769163,21409769132,0,0,31
10695,0,21411771197,21411771182,0,0,15
10696,0,21413773237,21413773271,0,0,-34
10697,0,21415776990,21415777042,0,0,-51
10698,0,21417777817,21417777854,0,0,-36
10699,0,21419780083,21419780068,0,0,15
10700,0,21421782860,21421782824,0,0,35
10701,0,21423784325,21423784316,0,0,8
10702,0,21425786622,21425786612,0,0,10
10703,0,21427790206,21427790190,0,0,16
10704,0,21429791332,21429791282,0,0,49
10705,0,21431793411,21431793394,0,0,16
10706,0,21433795761,21433795723,0,0,37
10707,0,21435797362,21435797336,0,0,26
10708,0,21437798730,21437798749,0,0,-18
10709,0,21439801359,21439801395,0,0,-35
10710,0,21441804787,21441804750,0,0,37
10711,0,21443806908,21443806855,0,0,53
10712,0,21445809015,21445809047,0,0,-31
10713,0,21447811463,21447811504,0,0,-40
10714,0,21449813330,21449813364,0,0,-33
10715,0,21451815681,21451815714,0,0,-33
10716,0,21453817727,21453817764,0,0,-36
10717,0,21455820144,21455820159,0,0,-14
10718,0,21457822289,21457822204,0,0,84
10719,0,21459825961,21459825911,0,0,49
10720,0,21461826880,21461826833,0,0,47
10721,0,21463829173,21463829100,0,0,73
10722,0,21465831179,21465831110,0,0,68
10723,0,21467833870,21467833811,0,0,59
10724,0,21469835607,21469835557,0,0,49
10725,0,21471837125,21471837085,0,0,40
10726,0,21473839196,21473839141,0,0,54
10727,0,21475841138,21475841161,0,0,-22
10728,0,21477844604,21477844618,0,0,-13
10729,0,21479846669,21479846688,0,0,-18
10730,0,21481849386,21481849334,0,0,51
10731,0,21483850921,21483850879,0,0,41
10732,0,21485852319,21485852301,0,0,17
10733,0,21487855582,21487855607,0,0,-25
10734,0,21489857861,21489857833,0,0,28
10735,0,21491861287,21491861271,0,0,15
10736,0,21493862333,21493862310,0,0,23
10737,0,21495864400,21495864390,0,0,9
10738,0,21497866808,21497866780,0,0,27
10739,0,21499868725,21499868696,0,0,29
10740,0,21501870168,21501870148,0,0,20
10741,0,21503873827,21503873792,0,0,35
10742,0,21505875896,21505875852,0,0,43
10743,0,21507877644,21507877606,0,0,37
10744,0,21509880222,21509880186,0,0,36
10745,0,21511882996,21511882955,0,0,41
10746,0,21513884458,21513884403,0,0,54
10747,0,21515888562,21515888524,0,0,38
10748,0,21517889054,21517889022,0,0,32
10749,0,21519891133,21519891074,0,0,59
10750,0,21521892305,21521892287,0,0,17
10751,0,21523895833,21523895795,0,0,38
10752,0,21525899071,21525899051,0,0,19
10753,0,21527900671,21527900632,0,0,39
10754,0,21529902826,21529902789,0,0,36
10755,0,21531904417,21531904384,0,0,33
10756,0,21533906944,21533906899,0,0,44
10757,0,21535909000,21535908963,0,0,36
10758,0,21537911577,21537911512,0,0,65
10759,0,21539914149,21539914083,0,0,66
10760,0,21541915920,21541915860,0,0,60
10761,0,21543917967,21543917917,0,0,49
10762,0,21545920183,21545920121,0,0,61
10763,0,21547922240,21547922195,0,0,44
10764,0,21549924745,21549924694,0,0,50
10765,0,21551927314,21551927274,0,0,40
10766,0,21553929098,21553929108,0,0,-9
10767,0,21555930841,21555930802,0,0,39
10768,0,21557934024,21557933959,0,0,65
10769,0,21559935637,21559935651,0,0,-13
10770,0,21561937665,21561937687,0,0,-22
10771,0,21563939779,21563939799,0,0,-19
10772,0,21565942500,21565942435,0,0,65
10773,0,21567944620,21567944592,0,0,27
10774,0,21569946997,21569946973,0,0,24
10775,0,21571948804,21571948778,0,0,25
10776,0,21573949997,21573949989,0,0,8
10777,0,21575952961,21575952939,0,0,21
10778,0,21577955575,21577955558,0,0,16
10779,0,21579958190,21579958172,0,0,17
10780,0,21581960149,21581960107,0,0,42
10781,0,21583962309,21583962285,0,0,24
10782,0,21585964955,21585964928,0,0,26
10783,0,21587967793,21587967757,0,0,35
10784,0,21589970186,21589970176,0,0,9
10785,0,21591971129,21591971105,0,0,23
10786,0,21593973952,21593973930,0,0,21
10787,0,21595975512,21595975478,0,0,33
10788,0,21597976994,21597976955,0,0,39
10789,0,21599980126,21599980087,0,0,38
10790,0,21601983038,21601982977,0,0,60
10791,0,21603984879,21603984842,0,0,36
10792,0,21605987175,21605987121,0,0,53
10793,0,21607988557,21607988520,0,0,37
10794,0,21609990779,21609990755,0,0,24
10795,0,21611994006,21611993970,0,0,35
10796,0,21613996032,21613995995,0,0,36
10797,0,21615999191,21615999161,0,0,29
10798,0,21618000361,21618000323,0,0,37
10799,0,21620001338,21620001298,0,0,39
10800,0,21622006222,21622006211,0,0,10
10801,0,21624006752,21624006721,0,0,30
10802,0,21626008282,21626008312,0,0,-29
10803,0,21628011660,21628011639,0,0,20
10804,0,21630013202,21630013170,0,0,31
10805,0,21632014386,21632014354,0,0,31
10806,0,21634017022,21634017002,0,0,20
10807,0,21636020200,21636020181,0,0,18
10808,0,21638022400,21638022345,0,0,54
10809,0,21640024724,21640024752,0,0,-28
10810,0,21642027297,21642027283,0,0,13
10811,0,21644028912,21644028885,0,0,26
10812,0,21646030184,21646030159,0,0,24
10813,0,21648032373,21648032330,0,0,42
10814,0,21650035441,21650035416,0,0,24
10815,0,21652038314,21652038294,0,0,19
10816,0,21654041053,21654041018,0,0,35
10817,0,21656041391,21656041373,0,0,18
10818,0,21658045109,21658045089,0,0,20
10819,0,21660047026,21660047005,0,0,21
10820,0,21662049174,21662049161,0,0,13
10821,0,21664050923,21664050916,0,0,7
10822,0,21666052853,21666052832,0,0,21
10823,0,21668055719,21668055708,0,0,11
10824,0,21670057997,21670057975,0,0,22
10825,0,21672060414,21672060404,0,0,9
10826,0,21674062969,21674062925,0,0,43
10827,0,21676064984,21676064977,0,0,7
10828,0,21678067080,21678067057,0,0,23
10829,0,21680069299,21680069265,0,0,33
10830,0,21682070554,21682070566,0,0,-11
10831,0,21684074116,21684074147,0,0,-31
10832,0,21686076764,21686076723,0,0,41
10833,0,21688077594,21688077588,0,0,6
10834,0,21690079288,21690079250,0,0,38
10835,0,21692082693,21692082676,0,0,16
10836,0,21694084896,21694084867,0,0,29
10837,0,21696087349,21696087289,0,0,60
10838,0,21698089682,21698089629,0,0,53
10839,0,21700091092,21700091025,0,0,66
10840,0,21702093032,21702092957,0,0,75
10841,0,21704095672,21704095617,0,0,55
10842,0,21706097007,21706097013,0,0,-6
10843,0,21708100926,21708100862,0,0,64
10844,0,21710103099,21710103053,0,0,45
10845,0,21712104676,21712104641,0,0,34
10846,0,21714106074,21714106105,0,0,-31
10847,0,21716110991,21716110932,0,0,58
10848,0,21718112606,21718112586,0,0,20
10849,0,21720114249,21720114235,0,0,13
10850,0,21722116041,21722115993,0,0,47
10851,0,21724117938,21724117913,0,0,24
10852,0,21726119217,21726119166,0,0,51
10853,0,21728121433,21728121388,0,0,44
10854,0,21730124404,21730124351,0,0,53
10855,0,21732127186,21732127144,0,0,42
10856,0,21734129294,21734129343,0,0,-49
10857,0,21736131350,21736131379,0,0,-29
10858,0,21738133464,21738133503,0,0,-38
10859,0,21740135076,21740135085,0,0,-8
10860,0,21742138438,21742138393,0,0,44
10861,0,21744140865,21744140833,0,0,31
10862,0,21746142493,21746142449,0,0,43
10863,0,21748144662,21748144625,0,0,36
10864,0,21750146858,21750146878,0,0,-20
10865,0,21752147797,21752147788,0,0,9
10866,0,21754150834,21754150797,0,0,36
10867,0,21756154323,21756154286,0,0,36
10868,0,21758156182,21758156152,0,0,29
10869,0,21760157679,21760157656,0,0,23
10870,0,21762159131,21762159116,0,0,15
10871,0,21764161484,21764161447,0,0,36
10872,0,21766164640,21766164615,0,0,24
10873,0,21768166245,21768166245,0,0,0
10874,0,21770169611,21770169582,0,0,29
10875,0,21772171278,21772171247,0,0,30
10876,0,21774172928,21774172938,0,0,-10
10877,0,21776176130,21776176144,0,0,-13
10878,0,21778178006,21778178030,0,0,-24
10879,0,21780180691,21780180703,0,0,-11
10880,0,21782185034,21782184977,0,0,56
10881,0,21784185044,21784185001,0,0,43
10882,0,21786186955,21786186988,0,0,-33
10883,0,21788187966,21788187979,0,0,-13
10884,0,21790190575,21790190601,0,0,-26
10885,0,21792194126,21792194119,0,0,7
10886,0,21794196202,21794196152,0,0,50
10887,0,21796198492,21796198428,0,0,63
10888,0,21798200501,21798200457,0,0,44
10889,0,21800203187,21800203120,0,0,67
10890,0,21802204880,21802204845,0,0,34
10891,0,21804207514,21804207454,0,0,59
10892,0,21806208969,21806208939,0,0,30
10893,0,21808210721,21808210732,0,0,-11
10894,0,21810213811,21810213825,0,0,-14
10895,0,21812216472,21812216465,0,0,7
10896,0,21814219439,21814219449,0,0,-10
10897,0,21816222709,21816222669,0,0,40
10898,0,21818223864,21818223802,0,0,61
10899,0,21820224876,21820224834,0,0,41
10900,0,21822226874,21822226886,0,0,-11
10901,0,21824228231,21824228254,0,0,-23
10902,0,21826231318,21826231344,0,0,-26
10903,0,21828234062,21828234070,0,0,-8
10904,0,21830235947,21830235965,0,0,-17
10905,0,21832237930,21832237887,0,0,43
10906,0,21834240342,21834240296,0,0,46
10907,0,21836243098,21836243044,0,0,53
10908,0,21838244402,21838244354,0,0,48
10909,0,21840246327,21840246282,0,0,44
10910,0,21842249617,21842249567,0,0,49
10911,0,21844251545,21844251506,0,0,38
10912,0,21846254453,21846254395,0,0,58
10913,0,21848256622,21848256581,0,0,41
10914,0,21850258791,21850258737,0,0,53
10915,0,21852260738,21852260692,0,0,46
10916,0,21854262617,21854262577,0,0,40
10917,0,21856264894,21856264878,0,0,15
10918,0,21858267407,21858267384,0,0,22
10919,0,21860269061,21860269103,0,0,-42
10920,0,21862271085,21862271110,0,0,-25
10921,0,21864273880,21864273903,0,0,-22
10922,0,21866280805,21866280627,0,0,177
10923,0,21868278217,21868278199,0,0,17
10924,0,21870280979,21870280945,0,0,33
10925,0,21872282500,21872282476,0,0,23
10926,0,21874283870,21874283826,0,0,43
10927,0,21876287463,21876287429,0,0,34
10928,0,21878290544,21878290516,0,0,28
10929,0,21880291845,21880291830,0,0,15
10930,0,21882293901,21882293874,0,0,26
10931,0,21884296071,21884296046,0,0,24
10932,0,21886298797,21886298781,0,0,15
10933,0,21888301060,21888301025,0,0,34
10934,0,21890302849,21890302821,0,0,27
10935,0,21892304715,21892304687,0,0,27
10936,0,21894306139,21894306119,0,0,20
10937,0,21896309428,21896309413,0,0,15
10938,0,21898310858,21898310902,0,0,-44
10939,0,21900314217,21900314257,0,0,-39
10940,0,21902316673,21902316661,0,0,11
10941,0,21904318208,21904318186,0,0,22
10942,0,21906319674,21906319656,0,0,17
10943,0,21908323314,21908323290,0,0,23
10944,0,21910325211,21910325186,0,0,24
10945,0,21912329245,21912329299,0,0,-53
10946,0,21914331018,21914331055,0,0,-36
10947,0,21916333206,21916333249,0,0,-42
10948,0,21918333858,21918333839,0,0,19
10949,0,21920336038,21920336013,0,0,24
10950,0,21922338000,21922337970,0,0,29
10951,0,21924340865,21924340811,0,0,53
10952,0,21926342723,21926342733,0,0,-9
10953,0,21928345020,21928344951,0,0,69
10954,0,21930347274,21930347226,0,0,47
10955,0,21932349364,21932349339,0,0,24
10956,0,21934352394,21934352339,0,0,54
10957,0,21936353990,21936353971,0,0,18
10958,0,21938356364,21938356338,0,0,26
10959,0,21940358220,21940358265,0,0,-44
10960,0,21942360635,21942360622,0,0,13
10961,0,21944363873,21944363868,0,0,4
10962,0,21946364219,21946364203,0,0,15
10963,0,21948367681,21948367665,0,0,16
10964,0,21950370051,21950370083,0,0,-31
10965,0,21952372941,21952372997,0,0,-56
10966,0,21954375356,21954375379,0,0,-22
10967,0,21956376229,21956376175,0,0,53
10968,0,21958378263,21958378235,0,0,28
10969,0,21960380180,21960380154,0,0,26
10970,0,21962383004,21962382993,0,0,11
10971,0,21964384959,21964384997,0,0,-37
10972,0,21966387152,21966387146,0,0,6
10973,0,21968388249,21968388208,0,0,41
10974,0,21970390781,21970390724,0,0,56
10975,0,21972394438,21972394409,0,0,29
10976,0,21974396476,21974396437,0,0,38
10977,0,21976398536,21976398579,0,0,-43
10978,0,21978400454,21978400481,0,0,-26
10979,0,21980401609,21980401633,0,0,-24
10980,0,21982404191,21982404220,0,0,-28
10981,0,21984407442,21984407393,0,0,49
10982,0,21986409579,21986409593,0,0,-14
10983,0,21988411561,21988411510,0,0,51
10984,0,21990413122,21990413091,0,0,31
10985,0,21992416402,21992416343,0,0,58
10986,0,21994417592,21994417554,0,0,38
10987,0,21996420718,21996420674,0,0,43
10988,0,21998423273,21998423235,0,0,38
10989,0,22000424476,22000424446,0,0,29
10990,0,22002426129,22002426089,0,0,39
10991,0,22004428894,22004428854,0,0,39
10992,0,22006432232,22006432194,0,0,38
10993,0,22008435339,22008435294,0,0,45
10994,0,22010436727,22010436685,0,0,41
10995,0,22012438102,22012438059,0,0,42
10996,0,22014440005,22014439955,0,0,49
10997,0,22016444044,22016443987,0,0,56
10998,0,22018445485,22018445452,0,0,33
10999,0,22020447450,22020447402,0,0,47
11000,0,22022449638,22022449589,0,0,49
11001,0,22024451471,22024451418,0,0,52
11002,0,22026452788,22026452765,0,0,23
11003,0,22028455042,22028455058,0,0,-15
11004,0,22030457587,22030457618,0,0,-31
11005,0,22032460794,22032460762,0,0,31
11006,0,22034462819,22034462781,0,0,38
11007,0,22036465083,22036465103,0,0,-19
11008,0,22038468388,22038468404,0,0,-15
11009,0,22040470614,22040470651,0,0,-36
11010,0,22042471796,22042471821,0,0,-24
11011,0,22044474743,22044474710,0,0,32
11012,0,22046476385,22046476347,0,0,38
11013,0,22048478134,22048478089,0,0,44
11014,0,22050479485,22050479465,0,0,20
11015,0,22052481541,22052481494,0,0,46
11016,0,22054484291,22054484318,0,0,-26
11017,0,22056487647,22056487679,0,0,-32
11018,0,22058489580,22058489632,0,0,-51
11019,0,22060491543,22060491514,0,0,29
11020,0,22062493075,22062493044,0,0,31
11021,0,22064495892,22064495843,0,0,48
11022,0,22066497697,22066497679,0,0,17
11023,0,22068500932,22068500894,0,0,38
11024,0,22070503152,22070503111,0,0,41
11025,0,22072505889,22072505871,0,0,17
11026,0,22074506876,22074506903,0,0,-26
11027,0,22076509501,22076509537,0,0,-35
11028,0,22078512217,22078512249,0,0,-31
11029,0,22080514494,22080514503,0,0,-8
11030,0,22082516752,22082516701,0,0,51
11031,0,22084518318,22084518280,0,0,38
11032,0,22086519521,22086519483,0,0,38
11033,0,22088522258,22088522220,0,0,38
11034,0,22090525047,22090525002,0,0,45
11035,0,22092526847,22092526788,0,0,58
11036,0,22094530507,22094530456,0,0,51
11037,0,22096531682,22096531667,0,0,15
11038,0,22098533079,22098533038,0,0,41
11039,0,22100537022,22100536984,0,0,37
11040,0,22102538503,22102538525,0,0,-22
11041,0,22104542251,22104542277,0,0,-25
11042,0,22106542959,22106542891,0,0,68
11043,0,22108543961,22108543923,0,0,38
11044,0,22110547078,22110547115,0,0,-36
11045,0,22112549522,22112549546,0,0,-23
11046,0,22114550898,22114550932,0,0,-33
11047,0,22116555365,22116555390,0,0,-24
11048,0,22118556856,22118556808,0,0,47
11049,0,22120558328,22120558288,0,0,40
11050,0,22122560392,22122560349,0,0,42
11051,0,22124562939,22124562898,0,0,41
11052,0,22126565329,22126565309,0,0,20
11053,0,22128567561,22128567513,0,0,48
11054,0,22130570234,22130570208,0,0,25
11055,0,22132571826,22132571798,0,0,27
11056,0,22134574080,22134574042,0,0,38
11057,0,22136576806,22136576766,0,0,40
11058,0,22138578512,22138578491,0,0,20
11059,0,22140580932,22140580908,0,0,23
11060,0,22142583141,22142583116,0,0,24
11061,0,22144585049,22144585011,0,0,38
11062,0,22146586436,22146586397,0,0,39
11063,0,22148588275,22148588240,0,0,35
11064,0,22150590904,22150590889,0,0,14
11065,0,22152593153,22152593154,0,0,0
11066,0,22154596774,22154596746,0,0,28
11067,0,22156598356,22156598334,0,0,21
11068,0,22158599779,22158599758,0,0,21
11069,0,22160603015,22160603010,0,0,5
11070,0,22162605260,22162605296,0,0,-36
11071,0,22164607865,22164607897,0,0,-31
11072,0,22166610453,22166610489,0,0,-36
11073,0,22168613233,22168613226,0,0,7
11074,0,22170614177,22170614153,0,0,23
11075,0,22172616545,22172616530,0,0,15
11076,0,22174618662,22174618645,0,0,16
11077,0,22176621279,22176621244,0,0,35
11078,0,22178623404,22178623469,0,0,-64
11079,0,22180625298,22180625348,0,0,-50
11080,0,22182627703,22182627734,0,0,-31
11081,0,22184629620,22184629615,0,0,4
11082,0,22186631498,22186631487,0,0,11
11083,0,22188634516,22188634591,0,0,-74
11084,0,22190636525,22190636550,0,0,-24
11085,0,22192638432,22192638467,0,0,-35
11086,0,22194640394,22194640357,0,0,36
11087,0,22196643128,22196643090,0,0,38
11088,0,22198645149,22198645101,0,0,48
11089,0,22200648116,22200648067,0,0,49
11090,0,22202649894,22202649850,0,0,44
11091,0,22204652032,22204652007,0,0,24
11092,0,22206654181,22206654213,0,0,-31
11093,0,22208656707,22208656669,0,0,38
11094,0,22210657595,22210657556,0,0,39
11095,0,22212660302,22212660328,0,0,-26
11096,0,22214663179,22214663208,0,0,-29
11097,0,22216667053,22216667078,0,0,-24
11098,0,22218668263,22218668232,0,0,31
11099,0,22220669839,22220669794,0,0,44
11100,0,22222672221,22222672181,0,0,40
11101,0,22224673779,22224673723,0,0,55
11102,0,22226677157,22226677119,0,0,38
11103,0,22228679415,22228679376,0,0,39
11104,0,22230681062,22230681009,0,0,52
11105,0,22232683719,22232683694,0,0,24
11106,0,22234684352,22234684316,0,0,35
11107,0,22236687164,22236687143,0,0,21
11108,0,22238690141,22238690098,0,0,42
11109,0,22240692101,22240692039,0,0,62
11110,0,22242694403,22242694424,0,0,-21
11111,0,22244696577,22244696537,0,0,40
11112,0,22246698625,22246698571,0,0,53
11113,0,22248700062,22248700018,0,0,43
11114,0,22250703206,22250703244,0,0,-38
11115,0,22252705584,22252705609,0,0,-24
11116,0,22254707769,22254707784,0,0,-14
11117,0,22256709872,22256709897,0,0,-24
11118,0,22258712277,22258712225,0,0,51
11119,0,22260714469,22260714427,0,0,42
11120,0,22262716902,22262716934,0,0,-31
11121,0,22264719682,22264719648,0,0,33
11122,0,22266719755,22266719720,0,0,35
11123,0,22268722478,22268722415,0,0,62
11124,0,22270725982,22270725972,0,0,9
11125,0,22272728023,22272728015,0,0,7
11126,0,22274730398,22274730427,0,0,-29
11127,0,22276731998,22276732007,0,0,-8
11128,0,22278734238,22278734204,0,0,33
11129,0,22280735674,22280735641,0,0,33
11130,0,22282738930,22282738900,0,0,30
11131,0,22284741543,22284741575,0,0,-31
11132,0,22286743523,22286743545,0,0,-22
11133,0,22288745334,22288745351,0,0,-17
11134,0,22290746808,22290746833,0,0,-24
11135,0,22292750035,22292750048,0,0,-13
11136,0,22294752336,22294752274,0,0,62
11137,0,22296753881,22296753823,0,0,58
11138,0,22298757639,22298757615,0,0,23
11139,0,22300758921,22300758874,0,0,47
11140,0,22302761130,22302761092,0,0,37
11141,0,22304763006,22304762997,0,0,8
11142,0,22306764676,22306764653,0,0,22
11143,0,22308767817,22308767799,0,0,17
11144,0,22310770051,22310770024,0,0,26
11145,0,22312771921,22312771904,0,0,16
11146,0,22314773698,22314773727,0,0,-28
11147,0,22316777939,22316777964,0,0,-24
11148,0,22318778847,22318778884,0,0,-36
11149,0,22320781212,22320781156,0,0,56
11150,0,22322783222,22322783186,0,0,36
11151,0,22324784382,22324784339,0,0,42
11152,0,22326788007,22326787995,0,0,11
11153,0,22328789820,22328789772,0,0,47
11154,0,22330792327,22330792283,0,0,43
11155,0,22332794710,22332794689,0,0,20
11156,0,22334796864,22334796838,0,0,25
11157,0,22336798536,22336798512,0,0,23
11158,0,22338800416,22338800451,0,0,-34
11159,0,22340802868,22340802894,0,0,-26
11160,0,22342804768,22342804828,0,0,-60
11161,0,22344807220,22344807237,0,0,-16
11162,0,22346810999,22346810966,0,0,32
11163,0,22348813079,22348813052,0,0,26
11164,0,22350814492,22350814450,0,0,41
11165,0,22352816640,22352816653,0,0,-13
11166,0,22354819156,22354819123,0,0,32
11167,0,22356822804,22356822795,0,0,8
11168,0,22358824568,22358824531,0,0,36
11169,0,22360825260,22360825237,0,0,22
11170,0,22362828337,22362828319,0,0,18
11171,0,22364830371,22364830328,0,0,43
11172,0,22366832494,22366832450,0,0,43
11173,0,22368834515,22368834467,0,0,48
11174,0,22370837092,22370837051,0,0,41
11175,0,22372838833,22372838793,0,0,39
11176,0,22374841060,22374840992,0,0,68
11177,0,22376842302,22376842257,0,0,44
11178,0,22378845373,22378845410,0,0,-36
11179,0,22380848250,22380848267,0,0,-16
11180,0,22382850074,22382850019,0,0,55
11181,0,22384852289,22384852231,0,0,58
11182,0,22386853466,22386853400,0,0,66
11183,0,22388856557,22388856491,0,0,65
11184,0,22390858325,22390858338,0,0,-12
11185,0,22392861547,22392861469,0,0,78
11186,0,22394864738,22394864666,0,0,71
11187,0,22396865821,22396865755,0,0,66
11188,0,22398867631,22398867579,0,0,51
11189,0,22400869065,22400869001,0,0,64
11190,0,22402872811,22402872743,0,0,67
11191,0,22404874548,22404874480,0,0,68
11192,0,22406876789,22406876727,0,0,62
11193,0,22408879087,22408879028,0,0,58
11194,0,22410881200,22410881142,0,0,58
11195,0,22412883846,22412883778,0,0,67
11196,0,22414885744,22414885787,0,0,-42
11197,0,22416889070,22416889121,0,0,-50
11198,0,22418890539,22418890591,0,0,-51
11199,0,22420893406,22420893397,0,0,8
11200,0,22422895631,22422895613,0,0,17
11201,0,22424897369,22424897334,0,0,35
11202,0,22426900304,22426900294,0,0,10
11203,0,22428901766,22428901746,0,0,20
11204,0,22430903616,22430903588,0,0,27
11205,0,22432905469,22432905448,0,0,21
11206,0,22434907154,22434907140,0,0,13
11207,0,22436910271,22436910244,0,0,26
11208,0,22438912383,22438912345,0,0,38
11209,0,22440914925,22440914955,0,0,-30
11210,0,22442916838,22442916883,0,0,-45
11211,0,22444919052,22444919086,0,0,-33
11212,0,22446921015,22446921059,0,0,-43
11213,0,22448922422,22448922435,0,0,-12
11214,0,22450924819,22450924764,0,0,55
11215,0,22452928096,22452928107,0,0,-11
11216,0,22454930036,22454930062,0,0,-25
11217,0,22456931103,22456931139,0,0,-35
11218,0,22458934797,22458934757,0,0,40
11219,0,22460936552,22460936515,0,0,36
11220,0,22462938010,22462937956,0,0,53
11221,0,22464941516,22464941547,0,0,-30
11222,0,22466944082,22466944119,0,0,-36
11223,0,22468945435,22468945456,0,0,-20
11224,0,22470946867,22470946833,0,0,33
11225,0,22472950051,22472949996,0,0,54
11226,0,22474951614,22474951565,0,0,49
11227,0,22476955193,22476955205,0,0,-11
11228,0,22478956948,22478956984,0,0,-36
11229,0,22480958397,22480958404,0,0,-6
11230,0,22482960429,22482960448,0,0,-18
11231,0,22484963236,22484963194,0,0,42
11232,0,22486965437,22486965458,0,0,-20
11233,0,22488968639,22488968657,0,0,-17
11234,0,22490971511,22490971519,0,0,-8
11235,0,22492972142,22492972178,0,0,-35
11236,0,22494973501,22494973523,0,0,-22
11237,0,22496975880,22496975853,0,0,26
11238,0,22498978963,22498978939,0,0,23
11239,0,22500980489,22500980444,0,0,44
11240,0,22502983725,22502983733,0,0,-8
11241,0,22504985334,22504985373,0,0,-38
11242,0,22506986986,22506987003,0,0,-16
11243,0,22508990195,22508990209,0,0,-13
11244,0,22510992395,22510992337,0,0,58
11245,0,22512993935,22512993915,0,0,20
11246,0,22514996803,22514996768,0,0,34
11247,0,22517000392,22517000357,0,0,35
11248,0,22519001761,22519001718,0,0,43
11249,0,22521003191,22521003146,0,0,44
11250,0,22523005847,22523005815,0,0,32
11251,0,22525008148,22525008116,0,0,31
11252,0,22527010377,22527010408,0,0,-30
11253,0,22529012133,22529012083,0,0,49
11254,0,22531013453,22531013429,0,0,23
11255,0,22533016006,22533015964,0,0,42
11256,0,22535019015,22535018958,0,0,56
11257,0,22537020039,22537020024,0,0,15
11258,0,22539022438,22539022392,0,0,46
11259,0,22541024724,22541024696,0,0,28
11260,0,22543027952,22543028001,0,0,-49
11261,0,22545029308,22545029350,0,0,-41
11262,0,22547032408,22547032370,0,0,38
11263,0,22549035628,22549035615,0,0,13
11264,0,22551038212,22551038192,0,0,20
11265,0,22553039032,22553039013,0,0,18
11266,0,22555041406,22555041379,0,0,26
11267,0,22557043475,22557043516,0,0,-41
11268,0,22559044963,22559044939,0,0,23
11269,0,22561048000,22561047960,0,0,40
11270,0,22563050573,22563050517,0,0,55
11271,0,22565052077,22565052102,0,0,-24
11272,0,22567053233,22567053267,0,0,-33
11273,0,22569055651,22569055665,0,0,-13
11274,0,22571058419,22571058389,0,0,29
11275,0,22573062096,22573062061,0,0,35
11276,0,22575063824,22575063788,0,0,36
11277,0,22577065393,22577065367,0,0,25
11278,0,22579067187,22579067164,0,0,23
11279,0,22581070219,22581070177,0,0,42
11280,0,22583072352,22583072337,0,0,15
11281,0,22585074018,22585073991,0,0,27
11282,0,22587077982,22587077939,0,0,43
11283,0,22589078878,22589078847,0,0,31
11284,0,22591080790,22591080828,0,0,-38
11285,0,22593083293,22593083325,0,0,-32
11286,0,22595085058,22595085040,0,0,17
11287,0,22597088237,22597088223,0,0,13
11288,0,22599090722,22599090692,0,0,29
11289,0,22601092813,22601092776,0,0,36
11290,0,22603094689,22603094712,0,0,-23
11291,0,22605096963,22605096998,0,0,-35
11292,0,22607099496,22607099541,0,0,-44
11293,0,22609101422,22609101393,0,0,28
11294,0,22611103750,22611103708,0,0,41
11295,0,22613106251,22613106213,0,0,38
11296,0,22615108275,22615108253,0,0,21
11297,0,22617111820,22617111835,0,0,-15
11298,0,22619113575,22619113600,0,0,-24
11299,0,22621115197,22621115173,0,0,23
11300,0,22623117393,22623117427,0,0,-34
11301,0,22625118822,22625118784,0,0,38
11302,0,22627120941,22627120896,0,0,44
11303,0,22629123466,22629123417,0,0,48
11304,0,22631124971,22631124938,0,0,33
11305,0,22633128778,22633128726,0,0,51
11306,0,22635130435,22635130395,0,0,40
11307,0,22637132872,22637132833,0,0,38
11308,0,22639134747,22639134703,0,0,43
11309,0,22641135751,22641135711,0,0,40
11310,0,22643138720,22643138732,0,0,-11
11311,0,22645141735,22645141741,0,0,-5
11312,0,22647143977,22647143944,0,0,32
11313,0,22649145831,22649145792,0,0,38
11314,0,22651147157,22651147119,0,0,38
11315,0,22653150547,22653150500,0,0,47
11316,0,22655152532,22655152569,0,0,-36
11317,0,22657155455,22657155490,0,0,-35
11318,0,22659157111,22659157096,0,0,15
11319,0,22661159197,22661159193,0,0,4
11320,0,22663161522,22663161496,0,0,26
11321,0,22665163643,22665163636,0,0,6
11322,0,22667165440,22667165489,0,0,-49
11323,0,22669168714,22669168750,0,0,-36
11324,0,22671170583,22671170598,0,0,-15
11325,0,22673172285,22673172298,0,0,-12
11326,0,22675174075,22675174089,0,0,-13
11327,0,22677177846,22677177862,0,0,-15
11328,0,22679179442,22679179432,0,0,9
11329,0,22681181941,22681181955,0,0,-13
11330,0,22683184105,22683184110,0,0,-4
11331,0,22685186982,22685186996,0,0,-13
11332,0,22687188155,22687188128,0,0,26
11333,0,22689189602,22689189579,0,0,23
11334,0,22691192968,22691192962,0,0,5
11335,0,22693194869,22693194924,0,0,-54
11336,0,22695197473,22695197483,0,0,-10
11337,0,22697199337,22697199370,0,0,-32
11338,0,22699201461,22699201453,0,0,8
11339,0,22701202565,22701202554,0,0,11
11340,0,22703206258,22703206247,0,0,11
11341,0,22705209974,22705209956,0,0,17
11342,0,22707210586,22707210615,0,0,-29
11343,0,22709212838,22709212800,0,0,38
11344,0,22711215173,22711215158,0,0,14
11345,0,22713216947,22713216912,0,0,34
11346,0,22715218926,22715218886,0,0,40
11347,0,22717224744,22717224779,0,0,-35
11348,0,22719224998,22719225011,0,0,-13
11349,0,22721225749,22721225800,0,0,-50
11350,0,22723227283,22723227318,0,0,-35
11351,0,22725230449,22725230411,0,0,38
11352,0,22727232613,22727232573,0,0,39
11353,0,22729234386,22729234344,0,0,42
11354,0,22731237467,22731237411,0,0,56
11355,0,22733239216,22733239225,0,0,-8
11356,0,22735240226,22735240175,0,0,51
11357,0,22737242590,22737242553,0,0,36
11358,0,22739245404,22739245366,0,0,38
11359,0,22741249591,22741249543,0,0,47
11360,0,22743251838,22743251869,0,0,-31
11361,0,22745252735,22745252758,0,0,-22
11362,0,22747254550,22747254570,0,0,-20
11363,0,22749257011,22749257025,0,0,-14
11364,0,22751258877,22751258840,0,0,37
11365,0,22753262162,22753262122,0,0,40
11366,0,22755263944,22755263919,0,0,24
11367,0,22757265994,22757265956,0,0,38
11368,0,22759268703,22759268654,0,0,48
11369,0,22761270247,22761270226,0,0,20
11370,0,22763271918,22763271886,0,0,31
11371,0,22765275370,22765275338,0,0,32
11372,0,22767277178,22767277143,0,0,34
11373,0,22769277886,22769277853,0,0,33
11374,0,22771281060,22771281010,0,0,50
11375,0,22773283794,22773283756,0,0,38
11376,0,22775285964,22775285910,0,0,53
11377,0,22777287831,22777287777,0,0,54
11378,0,22779290820,22779290853,0,0,-33
11379,0,22781293728,22781293696,0,0,31
11380,0,22783295086,22783295048,0,0,38
11381,0,22785297362,22785297399,0,0,-36
11382,0,22787299815,22787299770,0,0,44
11383,0,22789301768,22789301737,0,0,31
11384,0,22791303885,22791303852,0,0,32
11385,0,22793305024,22793304979,0,0,44
11386,0,22795307309,22795307348,0,0,-39
11387,0,22797310328,22797310356,0,0,-28
11388,0,22799311769,22799311791,0,0,-22
11389,0,22801315065,22801315029,0,0,35
11390,0,22803317892,22803317856,0,0,35
11391,0,22805320014,22805320040,0,0,-25
11392,0,22807321808,22807321845,0,0,-36
11393,0,22809323924,22809323967,0,0,-42
11394,0,22811326499,22811326540,0,0,-40
11395,0,22813329374,22813329396,0,0,-22
11396,0,22815330725,22815330649,0,0,76
11397,0,22817334175,22817334120,0,0,55
11398,0,22819335015,22819335030,0,0,-15
11399,0,22821337195,22821337215,0,0,-19
11400,0,22823339582,22823339548,0,0,33
11401,0,22825342146,22825342119,0,0,26
11402,0,22827344400,22827344406,0,0,-5
11403,0,22829345934,22829345948,0,0,-13
11404,0,22831347220,22831347241,0,0,-20
11405,0,22833349557,22833349573,0,0,-16
11406,0,22835351993,22835352017,0,0,-24
11407,0,22837355287,22837355252,0,0,35
11408,0,22839357388,22839357339,0,0,48
11409,0,22841359501,22841359476,0,0,24
11410,0,22843360277,22843360233,0,0,44
11411,0,22845363442,22845363407,0,0,34
11412,0,22847365940,22847365898,0,0,42
11413,0,22849368840,22849368824,0,0,15
11414,0,22851370708,22851370649,0,0,58
11415,0,22853372719,22853372679,0,0,39
11416,0,22855374588,22855374579,0,0,8
11417,0,22857377415,22857377380,0,0,35
11418,0,22859380461,22859380433,0,0,28
11419,0,22861383530,22861383557,0,0,-26
11420,0,22863384489,22863384466,0,0,23
11421,0,22865386383,22865386337,0,0,45
11422,0,22867388422,22867388393,0,0,29
11423,0,22869391417,22869391378,0,0,38
11424,0,22871393112,22871393078,0,0,34
11425,0,22873395348,22873395385,0,0,-36
11426,0,22875397882,22875397910,0,0,-28
11427,0,22877400440,22877400473,0,0,-33
11428,0,22879400766,22879400803,0,0,-36
11429,0,22881403635,22881403669,0,0,-34
11430,0,22883405558,22883405526,0,0,31
11431,0,22885408746,22885408720,0,0,25
11432,0,22887411100,22887411065,0,0,34
11433,0,22889412913,22889412855,0,0,58
11434,0,22891415238,22891415226,0,0,11
11435,0,22893417284,22893417261,0,0,22
11436,0,22895419592,22895419577,0,0,14
11437,0,22897422111,22897422085,0,0,25
11438,0,22899424191,22899424159,0,0,31
11439,0,22901426106,22901426092,0,0,13
11440,0,22903427298,22903427278,0,0,20
11441,0,22905429557,22905429588,0,0,-31
11442,0,22907432145,22907432127,0,0,17
11443,0,22909435754,22909435800,0,0,-45
11444,0,22911438467,22911438516,0,0,-49
11445,0,22913439400,22913439391,0,0,8
11446,0,22915440833,22915440816,0,0,16
11447,0,22917445170,22917445155,0,0,15
11448,0,22919446487,22919446474,0,0,12
11449,0,22921448750,22921448743,0,0,6
11450,0,22923451031,22923451044,0,0,-13
11451,0,22925452997,22925453041,0,0,-43
11452,0,22927455171,22927455145,0,0,26
11453,0,22929457458,22929457446,0,0,11
11454,0,22931459809,22931459791,0,0,18
11455,0,22933462970,22933463012,0,0,-42
11456,0,22935465274,22935465246,0,0,28
11457,0,22937465893,22937465882,0,0,11
11458,0,22939467132,22939467096,0,0,36
11459,0,22941469468,22941469453,0,0,15
11460,0,22943472753,22943472778,0,0,-24
11461,0,22945474959,22945474982,0,0,-23
11462,0,22947477539,22947477555,0,0,-15
11463,0,22949479680,22949479705,0,0,-25
11464,0,22951481944,22951481911,0,0,33
11465,0,22953484379,22953484337,0,0,41
11466,0,22955487153,22955487114,0,0,39
11467,0,22957489199,22957489161,0,0,38
11468,0,22959490761,22959490746,0,0,15
11469,0,22961493424,22961493458,0,0,-33
11470,0,22963495139,22963495114,0,0,24
11471,0,22965496550,22965496525,0,0,25
11472,0,22967500029,22967500011,0,0,17
11473,0,22969502333,22969502358,0,0,-24
11474,0,22971504048,22971504083,0,0,-34
11475,0,22973505714,22973505683,0,0,31
11476,0,22975510232,22975510185,0,0,47
11477,0,22977510458,22977510409,0,0,48
11478,0,22979512212,22979512172,0,0,40
11479,0,22981515933,22981515910,0,0,23
11480,0,22983517814,22983517764,0,0,49
11481,0,22985519986,22985519957,0,0,29
11482,0,22987521876,22987521849,0,0,27
11483,0,22989522519,22989522480,0,0,38
11484,0,22991525633,22991525604,0,0,28
11485,0,22993529164,22993529143,0,0,21
11486,0,22995531309,22995531295,0,0,13
11487,0,22997533713,22997533735,0,0,-22
11488,0,22999535564,22999535519,0,0,44
11489,0,23001537770,23001537733,0,0,37
11490,0,23003540152,23003540124,0,0,27
11491,0,23005542749,23005542723,0,0,26
11492,0,23007545262,23007545216,0,0,46
11493,0,23009546659,23009546619,0,0,40
11494,0,23011548768,23011548723,0,0,44
11495,0,23013550619,23013550579,0,0,40
11496,0,23015552654,23015552592,0,0,62
11497,0,23017557196,23017557152,0,0,44
11498,0,23019557721,23019557683,0,0,38
11499,0,23021559894,23021559847,0,0,47
11500,0,23023562159,23023562166,0,0,-6
11501,0,23025564108,23025564120,0,0,-11
11502,0,23027565557,23027565570,0,0,-13
11503,0,23029568944,23029568885,0,0,59
11504,0,23031571251,23031571265,0,0,-13
11505,0,23033572896,23033572928,0,0,-31
11506,0,23035574496,23035574507,0,0,-11
11507,0,23037577883,23037577815,0,0,67
11508,0,23039581433,23039581394,0,0,39
11509,0,23041582204,23041582146,0,0,58
11510,0,23043584766,23043584712,0,0,54
11511,0,23045586532,23045586497,0,0,35
11512,0,23047589303,23047589243,0,0,60
11513,0,23049590867,23049590822,0,0,44
11514,0,23051593575,23051593512,0,0,62
11515,0,23053595480,23053595430,0,0,49
11516,0,23055598045,23055598005,0,0,40
11517,0,23057599306,23057599298,0,0,8
11518,0,23059600816,23059600847,0,0,-30
11519,0,23061604386,23061604321,0,0,65
11520,0,23063608020,23063607977,0,0,42
11521,0,23065609250,23065609278,0,0,-28
11522,0,23067611047,23067611006,0,0,41
11523,0,23069612973,23069612977,0,0,-4
11524,0,23071615737,23071615689,0,0,47
11525,0,23073617555,23073617513,0,0,41
11526,0,23075619294,23075619250,0,0,44
11527,0,23077622224,23077622179,0,0,45
11528,0,23079624146,23079624101,0,0,44
11529,0,23081625500,23081625455,0,0,44
11530,0,23083628642,23083628600,0,0,42
11531,0,23085629699,23085629667,0,0,31
11532,0,23087632288,23087632331,0,0,-42
11533,0,23089636017,23089635974,0,0,43
11534,0,23091637857,23091637822,0,0,34
11535,0,23093639713,23093639675,0,0,38
11536,0,23095641253,23095641215,0,0,38
11537,0,23097644258,23097644218,0,0,40
11538,0,23099646043,23099646015,0,0,28
11539,0,23101649040,23101648993,0,0,46
11540,0,23103652201,23103652164,0,0,37
11541,0,23105652965,23105652959,0,0,6
11542,0,23107654112,23107654105,0,0,6
11543,0,23109657276,23109657248,0,0,28
11544,0,23111659988,23111659942,0,0,46
11545,0,23113662624,23113662595,0,0,29
11546,0,23115664539,23115664491,0,0,48
11547,0,23117668029,23117668002,0,0,27
11548,0,23119669186,23119669148,0,0,38
11549,0,23121671029,23121671017,0,0,11
11550,0,23123672735,23123672756,0,0,-20
11551,0,23125676007,23125676033,0,0,-26
11552,0,23127678194,23127678236,0,0,-42
11553,0,23129680231,23129680258,0,0,-26
11554,0,23131682395,23131682434,0,0,-39
11555,0,23133684184,23133684226,0,0,-42
11556,0,23135686659,23135686686,0,0,-26
11557,0,23137689020,23137689048,0,0,-27
11558,0,23139691071,23139691056,0,0,15
11559,0,23141693434,23141693408,0,0,26
11560,0,23143695489,23143695471,0,0,17
11561,0,23145697698,23145697676,0,0,22
11562,0,23147699996,23147700020,0,0,-24
11563,0,23149702469,23149702450,0,0,19
11564,0,23151704435,23151704418,0,0,16
11565,0,23153706468,23153706455,0,0,13
11566,0,23155708090,23155708060,0,0,29
11567,0,23157711186,23157711144,0,0,41
11568,0,23159713161,23159713137,0,0,23
11569,0,23161714968,23161715004,0,0,-36
11570,0,23163717919,23163717884,0,0,34
11571,0,23165719822,23165719777,0,0,44
11572,0,23167722073,23167722042,0,0,31
11573,0,23169723571,23169723572,0,0,0
11574,0,23171726839,23171726817,0,0,21
11575,0,23173729272,23173729257,0,0,15
11576,0,23175731055,23175731092,0,0,-37
11577,0,23177733275,23177733321,0,0,-46
11578,0,23179735686,23179735663,0,0,22
11579,0,23181737818,23181737799,0,0,19
11580,0,23183740465,23183740440,0,0,24
11581,0,23185742536,23185742591,0,0,-55
11582,0,23187744790,23187744755,0,0,34
11583,0,23189747473,23189747458,0,0,14
11584,0,23191749911,23191749879,0,0,31
11585,0,23193751314,23193751286,0,0,27
11586,0,23195753520,23195753514,0,0,5
11587,0,23197755943,23197755977,0,0,-33
11588,0,23199759206,23199759244,0,0,-38
11589,0,23201759914,23201759886,0,0,27
11590,0,23203761476,23203761456,0,0,20
11591,0,23205764599,23205764584,0,0,15
11592,0,23207767316,23207767352,0,0,-35
11593,0,23209769575,23209769626,0,0,-51
11594,0,23211771230,23211771264,0,0,-33
11595,0,23213773220,23213773253,0,0,-33
11596,0,23215776038,23215776002,0,0,35
11597,0,23217778831,23217778784,0,0,47
11598,0,23219779426,23219779409,0,0,16
11599,0,23221782617,23221782587,0,0,30
11600,0,23223785104,23223785125,0,0,-21
11601,0,23225786669,23225786692,0,0,-22
11602,0,23227787726,23227787757,0,0,-31
11603,0,23229790378,23229790406,0,0,-27
11604,0,23231794750,23231794785,0,0,-35
11605,0,23233795734,23233795715,0,0,18
11606,0,23235798093,23235798059,0,0,33
11607,0,23237800002,23237799966,0,0,35
11608,0,23239802475,23239802435,0,0,39
11609,0,23241804184,23241804137,0,0,46
11610,0,23243806577,23243806542,0,0,34
11611,0,23245809085,23245809047,0,0,38
11612,0,23247811422,23247811387,0,0,34
11613,0,23249813179,23249813132,0,0,46
11614,0,23251814362,23251814325,0,0,37
11615,0,23253817067,23253817040,0,0,26
11616,0,23255820582,23255820541,0,0,41
11617,0,23257822519,23257822546,0,0,-26
11618,0,23259824953,23259824966,0,0,-13
11619,0,23261826504,23261826534,0,0,-30
11620,0,23263829852,23263829858,0,0,-5
11621,0,23265829991,23265829955,0,0,36
11622,0,23267832717,23267832671,0,0,46
11623,0,23269835896,23269835848,0,0,48
11624,0,23271838034,23271838047,0,0,-13
11625,0,23273840106,23273840049,0,0,57
11626,0,23275841104,23275841053,0,0,51
11627,0,23277843503,23277843453,0,0,49
11628,0,23279846891,23279846845,0,0,45
11629,0,23281849327,23281849291,0,0,35
11630,0,23283851462,23283851446,0,0,16
11631,0,23285853584,23285853548,0,0,35
11632,0,23287856258,23287856220,0,0,38
11633,0,23289857826,23289857789,0,0,36
11634,0,23291859348,23291859321,0,0,26
11635,0,23293862483,23293862455,0,0,28
11636,0,23295864728,23295864740,0,0,-12
11637,0,23297867950,23297867970,0,0,-20
11638,0,23299868698,23299868730,0,0,-31
11639,0,23301870595,23301870546,0,0,49
11640,0,23303873738,23303873727,0,0,11
11641,0,23305876061,23305876083,0,0,-22
11642,0,23307878150,23307878158,0,0,-7
11643,0,23309879889,23309879901,0,0,-12
11644,0,23311881280,23311881229,0,0,51
11645,0,23313883421,23313883426,0,0,-5
11646,0,23315886177,23315886162,0,0,14
11647,0,23317891568,23317891514,0,0,53
11648,0,23319892383,23319892354,0,0,29
11649,0,23321893101,23321893044,0,0,56
11650,0,23323894703,23323894648,0,0,54
11651,0,23325897850,23325897808,0,0,41
11652,0,23327899078,23327899036,0,0,41
11653,0,23329902784,23329902766,0,0,17
11654,0,23331905054,23331904993,0,0,60
11655,0,23333907352,23333907303,0,0,49
11656,0,23335909063,23335909045,0,0,17
11657,0,23337911001,23337910963,0,0,38
11658,0,23339912653,23339912632,0,0,21
11659,0,23341915866,23341915840,0,0,26
11660,0,23343918060,23343918017,0,0,43
11661,0,23345920164,23345920126,0,0,38
11662,0,23347922751,23347922790,0,0,-38
11663,0,23349924807,23349924838,0,0,-31
11664,0,23351927224,23351927175,0,0,49
11665,0,23353929173,23353929128,0,0,44
11666,0,23355931827,23355931787,0,0,40
11667,0,23357933608,23357933564,0,0,44
11668,0,23359935688,23359935725,0,0,-37
11669,0,23361937899,23361937908,0,0,-8
11670,0,23363938976,23363938982,0,0,-5
11671,0,23365941813,23365941861,0,0,-48
11672,0,23367945557,23367945594,0,0,-36
11673,0,23369948039,23369948015,0,0,23
11674,0,23371949079,23371949041,0,0,38
11675,0,23373951178,23373951143,0,0,35
11676,0,23375952806,23375952850,0,0,-43
11677,0,23377956235,23377956231,0,0,4
11678,0,23379958329,23379958306,0,0,22
11679,0,23381960822,23381960786,0,0,36
11680,0,23383962703,23383962684,0,0,19
11681,0,23385964921,23385964961,0,0,-40
11682,0,23387967120,23387967155,0,0,-35
11683,0,23389969671,23389969708,0,0,-37
11684,0,23391971503,23391971452,0,0,51
11685,0,23393974340,23393974305,0,0,35
11686,0,23395975089,23395975050,0,0,38
11687,0,23397978068,23397978048,0,0,20
11688,0,23399980462,23399980419,0,0,43
11689,0,23401983004,23401982993,0,0,11
11690,0,23403984885,23403984851,0,0,33
11691,0,23405986473,23405986449,0,0,23
11692,0,23407988605,23407988651,0,0,-46
11693,0,23409991391,23409991426,0,0,-34
11694,0,23411993646,23411993595,0,0,50
11695,0,23413996098,23413996059,0,0,38
11696,0,23415998311,23415998275,0,0,35
11697,0,23418001747,23418001728,0,0,19
11698,0,23420002853,23420002844,0,0,8
11699,0,23422004696,23422004639,0,0,57
11700,0,23424006638,23424006602,0,0,35
11701,0,23426010727,23426010683,0,0,43
11702,0,23428012101,23428012058,0,0,42
11703,0,23430013651,23430013622,0,0,29
11704,0,23432016087,23432016040,0,0,46
11705,0,23434017773,23434017795,0,0,-22
11706,0,23436019537,23436019529,0,0,8
11707,0,23438022813,23438022808,0,0,4
11708,0,23440024596,23440024566,0,0,30
11709,0,23442025604,23442025639,0,0,-35
11710,0,23444028430,23444028472,0,0,-42
11711,0,23446031708,23446031741,0,0,-33
11712,0,23448034116,23448034150,0,0,-33
11713,0,23450036808,23450036859,0,0,-50
11714,0,23452038720,23452038752,0,0,-32
11715,0,23454040434,23454040426,0,0,7
11716,0,23456042698,23456042687,0,0,11
11717,0,23458045624,23458045590,0,0,33
11718,0,23460046481,23460046449,0,0,31
11719,0,23462049592,23462049567,0,0,24
11720,0,23464051328,23464051313,0,0,14
11721,0,23466052594,23466052579,0,0,15
11722,0,23468054853,23468054820,0,0,33
11723,0,23470057119,23470057109,0,0,10
11724,0,23472060656,23472060633,0,0,23
11725,0,23474063205,23474063160,0,0,44
11726,0,23476064934,23476064901,0,0,32
11727,0,23478066991,23478066963,0,0,28
11728,0,23480069336,23480069291,0,0,44
11729,0,23482071220,23482071201,0,0,19
11730,0,23484072851,23484072804,0,0,46
11731,0,23486076492,23486076525,0,0,-33
11732,0,23488078408,23488078445,0,0,-36
11733,0,23490081400,23490081352,0,0,48
11734,0,23492081930,23492081893,0,0,37
11735,0,23494084404,23494084373,0,0,31
11736,0,23496086431,23496086393,0,0,38
11737,0,23498089825,23498089851,0,0,-25
11738,0,23500091694,23500091656,0,0,37
11739,0,23502093294,23502093332,0,0,-38
11740,0,23504094996,23504095012,0,0,-15
11741,0,23506097938,23506097892,0,0,46
11742,0,23508100260,23508100269,0,0,-8
11743,0,23510104027,23510104035,0,0,-8
11744,0,23512105910,23512105862,0,0,48
11745,0,23514106981,23514106921,0,0,60
11746,0,23516108502,23516108454,0,0,47
11747,0,23518112973,23518112913,0,0,59
11748,0,23520114492,23520114451,0,0,41
11749,0,23522116979,23522117003,0,0,-23
11750,0,23524118369,23524118391,0,0,-22
11751,0,23526120478,23526120515,0,0,-36
11752,0,23528123219,23528123202,0,0,16
11753,0,23530124712,23530124676,0,0,36
11754,0,23532126416,23532126351,0,0,65
11755,0,23534129521,23534129484,0,0,36
11756,0,23536131928,23536131901,0,0,27
11757,0,23538133824,23538133766,0,0,57
11758,0,23540136180,23540136165,0,0,15
11759,0,23542138098,23542138052,0,0,45
11760,0,23544139601,23544139590,0,0,11
11761,0,23546142986,23546143011,0,0,-24
11762,0,23548145694,23548145739,0,0,-44
11763,0,23550147257,23550147298,0,0,-40
11764,0,23552149608,23552149617,0,0,-8
11765,0,23554152478,23554152429,0,0,49
11766,0,23556153085,23556153103,0,0,-17
11767,0,23558156823,23558156835,0,0,-12
11768,0,23560158509,23560158514,0,0,-4
11769,0,23562160723,23562160739,0,0,-15
11770,0,23564162910,23564162942,0,0,-31
11771,0,23566165079,23566165092,0,0,-13
11772,0,23568167170,23568167213,0,0,-43
11773,0,23570170160,23570170116,0,0,43
11774,0,23572171814,23572171866,0,0,-51
11775,0,23574174325,23574174348,0,0,-22
11776,0,23576176179,23576176134,0,0,44
11777,0,23578178240,23578178208,0,0,31
11778,0,23580180822,23580180786,0,0,35
11779,0,23582183285,23582183251,0,0,33
11780,0,23584185109,23584185071,0,0,38
11781,0,23586187975,23586187986,0,0,-11
11782,0,23588188896,23588188848,0,0,47
11783,0,23590191579,23590191586,0,0,-6
11784,0,23592194005,23592194015,0,0,-9
11785,0,23594196584,23594196573,0,0,10
11786,0,23596198782,23596198725,0,0,56
11787,0,23598200665,23598200691,0,0,-25
11788,0,23600202759,23600202771,0,0,-12
11789,0,23602204650,23602204656,0,0,-5
11790,0,23604206422,23604206373,0,0,48
11791,0,23606210090,23606210049,0,0,41
11792,0,23608211853,23608211795,0,0,58
11793,0,23610213902,23610213856,0,0,46
11794,0,23612215074,23612215022,0,0,51
11795,0,23614218598,23614218540,0,0,58
11796,0,23616220887,23616220856,0,0,31
11797,0,23618225518,23618225502,0,0,15
11798,0,23620225165,23620225150,0,0,15
11799,0,23622227200,23622227173,0,0,26
11800,0,23624229712,23624229696,0,0,16
11801,0,23626231415,23626231449,0,0,-33
11802,0,23628233289,23628233312,0,0,-22
11803,0,23630236541,23630236672,0,0,-131
11804,0,23632238617,23632238610,0,0,7
11805,0,23634240341,23634240335,0,0,6
11806,0,23636241770,23636241795,0,0,-25
11807,0,23638245598,23638245642,0,0,-43
11808,0,23640247750,23640247767,0,0,-16
11809,0,23642249620,23642249611,0,0,8
11810,0,23644251494,23644251456,0,0,38
11811,0,23646252633,23646252610,0,0,23
11812,0,23648255092,23648255058,0,0,33
11813,0,23650257229,23650257206,0,0,23
11814,0,23652261876,23652261897,0,0,-20
11815,0,23654262949,23654262987,0,0,-38
11816,0,23656265278,23656265253,0,0,24
11817,0,23658267208,23658267173,0,0,35
11818,0,23660268249,23660268190,0,0,59
11819,0,23662270479,23662270444,0,0,34
11820,0,23664273397,23664273374,0,0,23
11821,0,23666277103,23666277077,0,0,26
11822,0,23668278483,23668278447,0,0,36
11823,0,23670280755,23670280712,0,0,42
11824,0,23672283294,23672283260,0,0,33
11825,0,23674284757,23674284736,0,0,21
11826,0,23676286645,23676286669,0,0,-23
11827,0,23678289937,23678289975,0,0,-38
11828,0,23680291731,23680291760,0,0,-29
11829,0,23682293581,23682293586,0,0,-5
11830,0,23684295977,23684295954,0,0,23
11831,0,23686297838,23686297791,0,0,47
11832,0,23688301116,23688301086,0,0,30
11833,0,23690303674,23690303657,0,0,16
11834,0,23692304971,23692304966,0,0,4
11835,0,23694306417,23694306393,0,0,24
11836,0,23696308801,23696308769,0,0,31
11837,0,23698312105,23698312075,0,0,30
11838,0,23700314134,23700314169,0,0,-35
11839,0,23702317894,23702317872,0,0,21
11840,0,23704319694,23704319722,0,0,-27
11841,0,23706320825,23706320831,0,0,-6
11842,0,23708322791,23708322780,0,0,10
11843,0,23710323666,23710323631,0,0,34
11844,0,23712326481,23712326444,0,0,36
11845,0,23714329767,23714329727,0,0,40
11846,0,23716333078,23716333031,0,0,47
11847,0,23718335547,23718335595,0,0,-48
11848,0,23720336581,23720336554,0,0,26
11849,0,23722338129,23722338091,0,0,38
11850,0,23724340162,23724340127,0,0,35
11851,0,23726343368,23726343350,0,0,18
11852,0,23728345397,23728345370,0,0,26
11853,0,23730346925,23730346887,0,0,38
11854,0,23732349139,23732349106,0,0,33
11855,0,23734351806,23734351784,0,0,22
11856,0,23736354357,23736354346,0,0,11
11857,0,23738356274,23738356314,0,0,-40
11858,0,23740359038,23740359072,0,0,-33
11859,0,23742360588,23742360624,0,0,-35
11860,0,23744363316,23744363340,0,0,-24
11861,0,23746365058,23746365072,0,0,-13
11862,0,23748367867,23748367800,0,0,67
11863,0,23750369818,23750369776,0,0,42
11864,0,23752372255,23752372265,0,0,-10
11865,0,23754373937,23754373962,0,0,-24
11866,0,23756376091,23756376112,0,0,-20
11867,0,23758379148,23758379159,0,0,-10
11868,0,23760380620,23760380605,0,0,14
11869,0,23762382220,23762382170,0,0,49
11870,0,23764385953,23764385972,0,0,-18
11871,0,23766387453,23766387468,0,0,-15
11872,0,23768389844,23768389818,0,0,26
11873,0,23770392223,23770392255,0,0,-31
11874,0,23772394660,23772394622,0,0,37
11875,0,23774397060,23774397013,0,0,47
11876,0,23776398433,23776398398,0,0,35
11877,0,23778399658,23778399675,0,0,-16
11878,0,23780402886,23780402901,0,0,-14
11879,0,23782404404,23782404442,0,0,-38
11880,0,23784407728,23784407757,0,0,-28
11881,0,23786410184,23786410156,0,0,27
11882,0,23788412690,23788412662,0,0,27
11883,0,23790413993,23790413968,0,0,25
11884,0,23792415447,23792415417,0,0,29
11885,0,23794418181,23794418112,0,0,68
11886,0,23796420080,23796420042,0,0,38
11887,0,23798423312,23798423287,0,0,24
11888,0,23800425313,23800425275,0,0,38
11889,0,23802426528,23802426510,0,0,17
11890,0,23804430488,23804430498,0,0,-9
11891,0,23806431984,23806432010,0,0,-25
11892,0,23808434146,23808434102,0,0,43
11893,0,23810436229,23810436266,0,0,-36
11894,0,23812440338,23812440366,0,0,-28
11895,0,23814440527,23814440558,0,0,-31
11896,0,23816442114,23816442134,0,0,-20
11897,0,23818446606,23818446620,0,0,-13
11898,0,23820447517,23820447542,0,0,-24
11899,0,23822449659,23822449631,0,0,28
11900,0,23824452226,23824452202,0,0,24
11901,0,23826454712,23826454671,0,0,40
11902,0,23828457166,23828457140,0,0,26
11903,0,23830460434,23830460389,0,0,44
11904,0,23832461822,23832461836,0,0,-13
11905,0,23834463560,23834463579,0,0,-18
11906,0,23836465632,23836465589,0,0,42
11907,0,23838467773,23838467782,0,0,-9
11908,0,23840469898,23840469854,0,0,43
11909,0,23842471577,23842471539,0,0,37
11910,0,23844474148,23844474119,0,0,28
11911,0,23846476831,23846476785,0,0,46
11912,0,23848478966,23848478897,0,0,68
11913,0,23850480974,23850480923,0,0,51
11914,0,23852483499,23852483516,0,0,-17
11915,0,23854485237,23854485262,0,0,-24
11916,0,23856487703,23856487716,0,0,-13
11917,0,23858489759,23858489768,0,0,-8
11918,0,23860492257,23860492271,0,0,-13
11919,0,23862494796,23862494722,0,0,74
11920,0,23864496450,23864496375,0,0,75
11921,0,23866497570,23866497512,0,0,58
11922,0,23868500087,23868500109,0,0,-21
11923,0,23870503510,23870503523,0,0,-12
11924,0,23872505300,23872505334,0,0,-33
11925,0,23874507634,23874507650,0,0,-15
11926,0,23876510850,23876510799,0,0,51
11927,0,23878512056,23878512010,0,0,46
11928,0,23880514750,23880514730,0,0,20
11929,0,23882517229,23882517179,0,0,50
11930,0,23884519044,23884519069,0,0,-24
11931,0,23886520816,23886520842,0,0,-25
11932,0,23888523591,23888523554,0,0,37
11933,0,23890525256,23890525210,0,0,46
11934,0,23892527867,23892527841,0,0,25
11935,0,23894531710,23894531662,0,0,47
11936,0,23896532244,23896532257,0,0,-12
11937,0,23898534732,23898534752,0,0,-20
11938,0,23900536305,23900536330,0,0,-24
11939,0,23902538122,23902538071,0,0,51
11940,0,23904540891,23904540842,0,0,48
11941,0,23906542298,23906542280,0,0,17
11942,0,23908546416,23908546461,0,0,-44
11943,0,23910547777,23910547808,0,0,-30
11944,0,23912550333,23912550362,0,0,-29
11945,0,23914552222,23914552188,0,0,34
11946,0,23916554217,23916554184,0,0,32
11947,0,23918558449,23918558483,0,0,-33
11948,0,23920559038,23920559018,0,0,19
11949,0,23922560941,23922560901,0,0,40
11950,0,23924562267,23924562218,0,0,48
11951,0,23926566103,23926566053,0,0,49
11952,0,23928567892,23928567849,0,0,42
11953,0,23930569274,23930569219,0,0,54
11954,0,23932572204,23932572176,0,0,27
11955,0,23934574053,23934574019,0,0,34
11956,0,23936575756,23936575718,0,0,38
11957,0,23938578573,23938578540,0,0,32
11958,0,23940581177,23940581159,0,0,17
11959,0,23942583522,23942583490,0,0,31
11960,0,23944585642,23944585614,0,0,28
11961,0,23946587640,23946587615,0,0,24
11962,0,23948590459,23948590501,0,0,-42
11963,0,23950591773,23950591760,0,0,12
11964,0,23952593290,23952593267,0,0,23
11965,0,23954595928,23954595909,0,0,19
11966,0,23956599031,23956599074,0,0,-42
11967,0,23958601659,23958601696,0,0,-36
11968,0,23960603114,23960603144,0,0,-29
11969,0,23962604060,23962604114,0,0,-53
11970,0,23964607067,23964607042,0,0,25
11971,0,23966610173,23966610148,0,0,24
11972,0,23968612092,23968612054,0,0,37
11973,0,23970613256,23970613215,0,0,41
11974,0,23972616688,23972616664,0,0,24
11975,0,23974617959,23974617909,0,0,50
11976,0,23976621264,23976621226,0,0,38
11977,0,23978624063,23978624020,0,0,42
11978,0,23980625304,23980625256,0,0,47
11979,0,23982626232,23982626196,0,0,35
11980,0,23984628998,23984629042,0,0,-44
11981,0,23986632045,23986632089,0,0,-44
11982,0,23988633467,23988633510,0,0,-42
11983,0,23990637172,23990637166,0,0,5
11984,0,23992639188,23992639173,0,0,14
11985,0,23994641262,23994641314,0,0,-52
11986,0,23996643539,23996643591,0,0,-51
11987,0,23998645814,23998645846,0,0,-31
11988,0,24000648982,24000649010,0,0,-28
11989,0,24002651305,24002651266,0,0,38
11990,0,24004652383,24004652331,0,0,51
11991,0,24006655307,24006655256,0,0,51
11992,0,24008656341,24008656352,0,0,-10
11993,0,24010659330,24010659346,0,0,-15
11994,0,24012661584,24012661611,0,0,-26
11995,0,24014663646,24014663671,0,0,-25
11996,0,24016666211,24016666165,0,0,46
11997,0,24018668997,24018668938,0,0,59
11998,0,24020670180,24020670202,0,0,-22
11999,0,24022672984,24022673011,0,0,-26
12000,0,24024674465,24024674500,0,0,-34
12001,0,24026677349,24026677390,0,0,-40
12002,0,24028679667,24028679641,0,0,26
12003,0,24030680883,24030680838,0,0,44
12004,0,24032682315,24032682293,0,0,22
12005,0,24034685107,24034685049,0,0,58
12006,0,24036687097,24036687049,0,0,47
12007,0,24038691593,24038691557,0,0,35
12008,0,24040692730,24040692682,0,0,47
12009,0,24042694389,24042694337,0,0,51
12010,0,24044695729,24044695671,0,0,57
12011,0,24046698821,24046698764,0,0,56
12012,0,24048700199,24048700214,0,0,-15
12013,0,24050703503,24050703527,0,0,-23
12014,0,24052706107,24052706119,0,0,-12
12015,0,24054707881,24054707833,0,0,47
12016,0,24056710094,24056710040,0,0,53
12017,0,24058712041,24058712001,0,0,40
12018,0,24060713791,24060713820,0,0,-29
12019,0,24062716770,24062716783,0,0,-13
12020,0,24064718872,24064718858,0,0,14
12021,0,24066720101,24066720078,0,0,23
12022,0,24068723631,24068723586,0,0,44
12023,0,24070726727,24070726700,0,0,26
12024,0,24072726846,24072726812,0,0,33
12025,0,24074730375,24074730323,0,0,51
12026,0,24076732557,24076732501,0,0,56
12027,0,24078734211,24078734231,0,0,-20
12028,0,24080735644,24080735691,0,0,-46
12029,0,24082737365,24082737400,0,0,-34
12030,0,24084740271,24084740280,0,0,-8
12031,0,24086743959,24086743912,0,0,46
12032,0,24088746217,24088746180,0,0,36
12033,0,24090747807,24090747772,0,0,35
12034,0,24092749656,24092749630,0,0,26
12035,0,24094752339,24094752312,0,0,26
12036,0,24096755137,24096755095,0,0,41
12037,0,24098756965,24098756985,0,0,-20
12038,0,24100759105,24100759137,0,0,-31
12039,0,24102760930,24102760964,0,0,-33
12040,0,24104762532,24104762566,0,0,-33
12041,0,24106765992,24106765955,0,0,36
12042,0,24108768235,24108768206,0,0,28
12043,0,24110770399,24110770426,0,0,-26
12044,0,24112772591,24112772626,0,0,-34
12045,0,24114774644,24114774670,0,0,-25
12046,0,24116776665,24116776697,0,0,-31
12047,0,24118779215,24118779187,0,0,28
12048,0,24120781448,24120781397,0,0,51
12049,0,24122784137,24122784097,0,0,40
12050,0,24124786000,24124785972,0,0,28
12051,0,24126787680,24126787634,0,0,46
12052,0,24128789361,24128789319,0,0,42
12053,0,24130791619,24130791586,0,0,33
12054,0,24132795252,24132795205,0,0,47
12055,0,24134798133,24134798089,0,0,43
12056,0,24136799664,24136799617,0,0,47
12057,0,24138801034,24138801067,0,0,-32
12058,0,24140802588,24140802580,0,0,8
12059,0,24142806215,24142806259,0,0,-43
12060,0,24144808572,24144808586,0,0,-13
12061,0,24146810344,24146810355,0,0,-11
12062,0,24148812811,24148812838,0,0,-26
12063,0,24150815997,24150816022,0,0,-24
12064,0,24152817961,24152817993,0,0,-31
12065,0,24154819263,24154819278,0,0,-14
12066,0,24156821574,24156821593,0,0,-19
12067,0,24158824038,24158823995,0,0,42
12068,0,24160825996,24160825970,0,0,25
12069,0,24162827662,24162827624,0,0,38
12070,0,24164829098,24164829044,0,0,53
12071,0,24166832274,24166832296,0,0,-22
12072,0,24168834602,24168834632,0,0,-30
12073,0,24170837416,24170837377,0,0,39
12074,0,24172839510,24172839472,0,0,38
12075,0,24174841376,24174841337,0,0,39
12076,0,24176843438,24176843471,0,0,-33
12077,0,24178844887,24178844916,0,0,-29
12078,0,24180848347,24180848389,0,0,-42
12079,0,24182851014,24182850976,0,0,38
12080,0,24184852669,24184852643,0,0,25
12081,0,24186854588,24186854575,0,0,12
12082,0,24188855518,24188855550,0,0,-31
12083,0,24190858121,24190858112,0,0,8
12084,0,24192862049,24192862024,0,0,24
12085,0,24194864197,24194864164,0,0,33
12086,0,24196866030,24196866001,0,0,29
12087,0,24198869375,24198869339,0,0,35
12088,0,24200870999,24200871042,0,0,-43
12089,0,24202872693,24202872735,0,0,-42
12090,0,24204874927,24204874909,0,0,17
12091,0,24206877007,24206876975,0,0,32
12092,0,24208879394,24208879417,0,0,-23
12093,0,24210881588,24210881553,0,0,35
12094,0,24212883304,24212883276,0,0,28
12095,0,24214885677,24214885663,0,0,13
12096,0,24216888090,24216888103,0,0,-13
12097,0,24218891840,24218891875,0,0,-35
12098,0,24220892528,24220892510,0,0,17
12099,0,24222894495,24222894484,0,0,11
12100,0,24224895937,24224895919,0,0,18
12101,0,24226899116,24226899106,0,0,10
12102,0,24228900658,24228900692,0,0,-33
12103,0,24230904649,24230904692,0,0,-42
12104,0,24232906389,24232906438,0,0,-49
12105,0,24234907913,24234907883,0,0,30
12106,0,24236909188,24236909235,0,0,-46
12107,0,24238912961,24238912903,0,0,58
12108,0,24240915119,24240915067,0,0,51
12109,0,24242917279,24242917244,0,0,35
12110,0,24244919496,24244919468,0,0,27
12111,0,24246921566,24246921528,0,0,38
12112,0,24248923768,24248923724,0,0,43
12113,0,24250924758,24250924713,0,0,44
12114,0,24252927355,24252927298,0,0,56
12115,0,24254930424,24254930466,0,0,-42
12116,0,24256932432,24256932468,0,0,-35
12117,0,24258935009,24258934998,0,0,11
12118,0,24260937063,24260937011,0,0,51
12119,0,24262939429,24262939416,0,0,13
12120,0,24264943112,24264943069,0,0,42
12121,0,24266944318,24266944330,0,0,-12
12122,0,24268945974,24268946004,0,0,-29
12123,0,24270948276,24270948230,0,0,46
12124,0,24272950501,24272950449,0,0,51
12125,0,24274952418,24274952384,0,0,34
12126,0,24276954238,24276954203,0,0,35
12127,0,24278958122,24278958138,0,0,-15
12128,0,24280960622,24280960658,0,0,-36
12129,0,24282961885,24282961903,0,0,-17
12130,0,24284963366,24284963403,0,0,-37
12131,0,24286964827,24286964852,0,0,-24
12132,0,24288968146,24288968150,0,0,-4
12133,0,24290970310,24290970325,0,0,-15
12134,0,24292972829,24292972861,0,0,-31
12135,0,24294974798,24294974750,0,0,48
12136,0,24296977882,24296977837,0,0,44
12137,0,24298978392,24298978329,0,0,62
12138,0,24300981910,24300981867,0,0,43
12139,0,24302984283,24302984300,0,0,-16
12140,0,24304986341,24304986351,0,0,-10
12141,0,24306988023,24306988035,0,0,-11
12142,0,24308989197,24308989210,0,0,-12
12143,0,24310991930,24310991881,0,0,48
12144,0,24312994886,24312994828,0,0,58
12145,0,24314997519,24314997455,0,0,63
12146,0,24316999737,24316999686,0,0,50
12147,0,24319002691,24319002653,0,0,38
12148,0,24321003726,24321003758,0,0,-31
12149,0,24323005646,24323005665,0,0,-18
12150,0,24325007656,24325007611,0,0,44
12151,0,24327010917,24327010889,0,0,27
12152,0,24329014081,24329014053,0,0,27
12153,0,24331014820,24331014829,0,0,-8
12154,0,24333016966,24333016978,0,0,-11
12155,0,24335018024,24335018030,0,0,-5
12156,0,24337020512,24337020483,0,0,28
12157,0,24339024233,24339024193,0,0,40
12158,0,24341026193,24341026228,0,0,-35
12159,0,24343028932,24343028890,0,0,41
12160,0,24345030712,24345030679,0,0,32
12161,0,24347033139,24347033150,0,0,-10
12162,0,24349034860,24349034819,0,0,41
12163,0,24351037618,24351037606,0,0,11
12164,0,24353039650,24353039624,0,0,26
12165,0,24355041608,24355041600,0,0,8
12166,0,24357044058,24357044019,0,0,39
12167,0,24359046154,24359046132,0,0,21
12168,0,24361049470,24361049452,0,0,17
12169,0,24363050964,24363050930,0,0,33
12170,0,24365052835,24365052798,0,0,36
12171,0,24367055071,24367055026,0,0,44
12172,0,24369056382,24369056408,0,0,-26
12173,0,24371059029,24371059006,0,0,23
12174,0,24373061182,24373061123,0,0,58
12175,0,24375064804,24375064750,0,0,53
12176,0,24377067209,24377067180,0,0,29
12177,0,24379068129,24379068157,0,0,-28
12178,0,24381069276,24381069314,0,0,-38
12179,0,24383071721,24383071761,0,0,-40
12180,0,24385074945,24385074970,0,0,-25
12181,0,24387077040,24387077080,0,0,-40
12182,0,24389078498,24389078508,0,0,-9
12183,0,24391081952,24391081928,0,0,23
12184,0,24393084678,24393084653,0,0,24
12185,0,24395084763,24395084737,0,0,26
12186,0,24397087278,24397087244,0,0,33
12187,0,24399090905,24399090874,0,0,31
12188,0,24401092712,24401092722,0,0,-10
12189,0,24403094946,24403094916,0,0,29
12190,0,24405096996,24405097032,0,0,-35
12191,0,24407097996,24407098030,0,0,-33
12192,0,24409101161,24409101142,0,0,18
12193,0,24411104253,24411104213,0,0,40
12194,0,24413106231,24413106254,0,0,-22
12195,0,24415108591,24415108609,0,0,-17
12196,0,24417110517,24417110466,0,0,51
12197,0,24419113810,24419113766,0,0,44
12198,0,24421114622,24421114569,0,0,52
12199,0,24423117319,24423117274,0,0,44
12200,0,24425120774,24425120734,0,0,39
12201,0,24427121871,24427121835,0,0,36
12202,0,24429123823,24429123794,0,0,29
12203,0,24431126146,24431126110,0,0,35
12204,0,24433128238,24433128248,0,0,-10
12205,0,24435130126,24435130117,0,0,8
12206,0,24437133200,24437133139,0,0,60
12207,0,24439134982,24439134931,0,0,51
12208,0,24441137786,24441137717,0,0,69
12209,0,24443139595,24443139606,0,0,-11
12210,0,24445141777,24445141787,0,0,-9
12211,0,24447144036,24447144051,0,0,-14
12212,0,24449146697,24449146635,0,0,61
12213,0,24451148311,24451148303,0,0,8
12214,0,24453149618,24453149611,0,0,7
12215,0,24455152919,24455152925,0,0,-6
12216,0,24457156241,24457156251,0,0,-9
12217,0,24459157780,24459157786,0,0,-6
12218,0,24461159484,24461159476,0,0,8
12219,0,24463161569,24463161559,0,0,10
12220,0,24465162730,24465162713,0,0,16
12221,0,24467165422,24467165413,0,0,8
12222,0,24469168914,24469168966,0,0,-52
12223,0,24471171804,24471171865,0,0,-60
12224,0,24473173934,24473173977,0,0,-42
12225,0,24475174958,24475174975,0,0,-17
12226,0,24477176597,24477176577,0,0,19
12227,0,24479179157,24479179148,0,0,8
12228,0,24481180664,24481180699,0,0,-35
12229,0,24483183892,24483183907,0,0,-15
12230,0,24485186490,24485186475,0,0,15
12231,0,24487188132,24487188121,0,0,11
12232,0,24489190891,24489190883,0,0,8
12233,0,24491192952,24491192914,0,0,38
12234,0,24493195133,24493195186,0,0,-52
12235,0,24495197602,24495197590,0,0,11
12236,0,24497199619,24497199577,0,0,42
12237,0,24499201791,24499201739,0,0,51
12238,0,24501203638,24501203591,0,0,47
12239,0,24503205268,24503205236,0,0,31
12240,0,24505208584,24505208537,0,0,47
12241,0,24507211047,24507210989,0,0,58
12242,0,24509212382,24509212370,0,0,11
12243,0,24511214080,24511214024,0,0,56
12244,0,24513216987,24513216943,0,0,44
12245,0,24515219069,24515219013,0,0,56
12246,0,24517221560,24517221524,0,0,35
12247,0,24519225557,24519225523,0,0,33
12248,0,24521227630,24521227625,0,0,4
12249,0,24523228657,24523228647,0,0,10
12250,0,24525230600,24525230606,0,0,-5
12251,0,24527233189,24527233137,0,0,51
12252,0,24529236112,24529236056,0,0,56
12253,0,24531237736,24531237708,0,0,27
12254,0,24533239807,24533239815,0,0,-7
12255,0,24535241905,24535241930,0,0,-24
12256,0,24537244204,24537244166,0,0,37
12257,0,24539246571,24539246529,0,0,42
12258,0,24541248957,24541248919,0,0,38
12259,0,24543250980,24543250993,0,0,-13
12260,0,24545253221,24545253237,0,0,-15
12261,0,24547255247,24547255269,0,0,-22
12262,0,24549257689,24549257702,0,0,-12
12263,0,24551259613,24551259573,0,0,39
12264,0,24553263368,24553263339,0,0,29
12265,0,24555264507,24555264469,0,0,38
12266,0,24557266662,24557266624,0,0,38
12267,0,24559268337,24559268297,0,0,39
12268,0,24561270703,24561270654,0,0,49
12269,0,24563272782,24563272726,0,0,55
12270,0,24565274673,24565274623,0,0,49
12271,0,24567277828,24567277786,0,0,42
12272,0,24569279674,24569279626,0,0,47
12273,0,24571281710,24571281725,0,0,-15
12274,0,24573282781,24573282790,0,0,-8
12275,0,24575285103,24575285054,0,0,49
12276,0,24577287831,24577287783,0,0,48
12277,0,24579291204,24579291168,0,0,36
12278,0,24581293559,24581293586,0,0,-26
12279,0,24583295247,24583295278,0,0,-31
12280,0,24585298624,24585298643,0,0,-18
12281,0,24587299919,24587299961,0,0,-41
12282,0,24589302263,24589302225,0,0,38
12283,0,24591304580,24591304553,0,0,26
12284,0,24593306680,24593306734,0,0,-53
12285,0,24595308345,24595308357,0,0,-12
12286,0,24597309566,24597309594,0,0,-28
12287,0,24599312542,24599312573,0,0,-31
12288,0,24601315146,24601315155,0,0,-8
12289,0,24603317105,24603317126,0,0,-20
12290,0,24605319647,24605319698,0,0,-51
12291,0,24607321604,24607321635,0,0,-30
12292,0,24609323116,24609323148,0,0,-32
12293,0,24611325944,24611325974,0,0,-29
12294,0,24613327839,24613327867,0,0,-28
12295,0,24615331279,24615331256,0,0,23
12296,0,24617334146,24617334098,0,0,47
12297,0,24619337267,24619337240,0,0,27
12298,0,24621337306,24621337286,0,0,20
12299,0,24623338286,24623338315,0,0,-29
12300,0,24625341018,24625340988,0,0,29
12301,0,24627344486,24627344456,0,0,30
12302,0,24629346716,24629346701,0,0,15
12303,0,24631348325,24631348294,0,0,31
12304,0,24633349751,24633349730,0,0,20
12305,0,24635352867,24635352846,0,0,21
12306,0,24637355123,24637355098,0,0,24
12307,0,24639358036,24639358017,0,0,18
12308,0,24641359958,24641359926,0,0,31
12309,0,24643361747,24643361721,0,0,25
12310,0,24645363361,24645363306,0,0,55
12311,0,24647366391,24647366353,0,0,38
12312,0,24649369323,24649369307,0,0,15
12313,0,24651372465,24651372441,0,0,24
12314,0,24653373546,24653373517,0,0,28
12315,0,24655375382,24655375343,0,0,38
12316,0,24657377476,24657377454,0,0,22
12317,0,24659379514,24659379485,0,0,29
12318,0,24661381433,24661381394,0,0,38
12319,0,24663385649,24663385631,0,0,17
12320,0,24665387831,24665387793,0,0,37
12321,0,24667388991,24667388957,0,0,34
12322,0,24669390667,24669390627,0,0,40
12323,0,24671392348,24671392304,0,0,43
12324,0,24673395193,24673395158,0,0,34
12325,0,24675396790,24675396738,0,0,51
12326,0,24677399571,24677399516,0,0,55
12327,0,24679400614,24679400586,0,0,27
12328,0,24681403692,24681403636,0,0,55
12329,0,24683407671,24683407708,0,0,-36
12330,0,24685408658,24685408613,0,0,44
12331,0,24687411123,24687411149,0,0,-25
12332,0,24689413635,24689413627,0,0,8
12333,0,24691414779,24691414741,0,0,37
12334,0,24693416489,24693416453,0,0,35
12335,0,24695418926,24695418878,0,0,47
12336,0,24697421947,24697421898,0,0,48
12337,0,24699423534,24699423494,0,0,40
12338,0,24701426462,24701426424,0,0,37
12339,0,24703428172,24703428158,0,0,13
12340,0,24705429811,24705429780,0,0,30
12341,0,24707431746,24707431735,0,0,10
12342,0,24709434285,24709434267,0,0,17
12343,0,24711436269,24711436261,0,0,7
12344,0,24713438940,24713438923,0,0,17
12345,0,24715442734,24715442728,0,0,6
12346,0,24717443543,24717443525,0,0,17
12347,0,24719448059,24719448035,0,0,23
12348,0,24721448686,24721448646,0,0,40
12349,0,24723450410,24723450350,0,0,59
12350,0,24725453297,24725453307,0,0,-9
12351,0,24727455451,24727455468,0,0,-17
12352,0,24729458006,24729457962,0,0,43
12353,0,24731460069,24731460023,0,0,46
12354,0,24733461957,24733461932,0,0,24
12355,0,24735463582,24735463555,0,0,26
12356,0,24737466528,24737466494,0,0,34
12357,0,24739468547,24739468584,0,0,-36
12358,0,24741469878,24741469921,0,0,-42
12359,0,24743473132,24743473104,0,0,28
12360,0,24745475489,24745475449,0,0,40
12361,0,24747477559,24747477547,0,0,11
12362,0,24749478773,24749478748,0,0,25
12363,0,24751480823,24751480799,0,0,24
12364,0,24753483572,24753483555,0,0,17
12365,0,24755486258,24755486250,0,0,8
12366,0,24757488068,24757488030,0,0,38
12367,0,24759491249,24759491301,0,0,-51
12368,0,24761493409,24761493440,0,0,-31
12369,0,24763495433,24763495471,0,0,-38
12370,0,24765497488,24765497533,0,0,-44
12371,0,24767498868,24767498820,0,0,47
12372,0,24769502213,24769502182,0,0,31
12373,0,24771504741,24771504696,0,0,44
12374,0,24773506437,24773506429,0,0,7
12375,0,24775507826,24775507817,0,0,8
12376,0,24777511223,24777511242,0,0,-18
12377,0,24779514020,24779513968,0,0,51
12378,0,24781514622,24781514572,0,0,49
12379,0,24783518016,24783517970,0,0,46
12380,0,24785519895,24785519844,0,0,50
12381,0,24787521893,24787521843,0,0,49
12382,0,24789523325,24789523274,0,0,50
12383,0,24791526893,24791526908,0,0,-15
12384,0,24793528741,24793528752,0,0,-10
12385,0,24795530552,24795530504,0,0,48
12386,0,24797533577,24797533602,0,0,-24
12387,0,24799535128,24799535164,0,0,-36
12388,0,24801536703,24801536738,0,0,-34
12389,0,24803538696,24803538736,0,0,-39
12390,0,24805541395,24805541355,0,0,40
12391,0,24807544558,24807544530,0,0,28
12392,0,24809546421,24809546385,0,0,35
12393,0,24811549687,24811549645,0,0,42
12394,0,24813550087,24813550063,0,0,23
12395,0,24815553748,24815553703,0,0,44
12396,0,24817555728,24817555684,0,0,43
12397,0,24819559280,24819559233,0,0,47
12398,0,24821560374,24821560345,0,0,29
12399,0,24823561860,24823561825,0,0,35
12400,0,24825563093,24825563070,0,0,22
12401,0,24827565366,24827565336,0,0,29
12402,0,24829568043,24829568008,0,0,34
12403,0,24831571580,24831571534,0,0,46
12404,0,24833573415,24833573393,0,0,21
12405,0,24835575516,24835575478,0,0,38
12406,0,24837576599,24837576610,0,0,-11
12407,0,24839579037,24839579069,0,0,-31
12408,0,24841582415,24841582455,0,0,-39
12409,0,24843585734,24843585710,0,0,23
12410,0,24845586623,24845586662,0,0,-38
12411,0,24847589294,24847589247,0,0,46
12412,0,24849591108,24849591140,0,0,-31
12413,0,24851592901,24851592939,0,0,-38
12414,0,24853594770,24853594804,0,0,-33
12415,0,24855598389,24855598355,0,0,34
12416,0,24857600114,24857600078,0,0,35
12417,0,24859602209,24859602175,0,0,34
12418,0,24861604130,24861604098,0,0,31
12419,0,24863605233,24863605203,0,0,29
12420,0,24865607855,24865607813,0,0,42
12421,0,24867611487,24867611467,0,0,20
12422,0,24869613139,24869613108,0,0,31
12423,0,24871614123,24871614098,0,0,25
12424,0,24873617265,24873617231,0,0,34
12425,0,24875620542,24875620487,0,0,55
12426,0,24877621719,24877621677,0,0,41
12427,0,24879624379,24879624353,0,0,26
12428,0,24881626707,24881626660,0,0,47
12429,0,24883629295,24883629253,0,0,42
12430,0,24885630765,24885630729,0,0,35
12431,0,24887632244,24887632206,0,0,38
12432,0,24889635020,24889634995,0,0,24
12433,0,24891638106,24891638076,0,0,29
12434,0,24893640197,24893640229,0,0,-31
12435,0,24895642179,24895642148,0,0,31
12436,0,24897644737,24897644729,0,0,7
12437,0,24899646284,24899646232,0,0,51
12438,0,24901648065,24901648040,0,0,24
12439,0,24903651523,24903651505,0,0,17
12440,0,24905653482,24905653498,0,0,-16
12441,0,24907656385,24907656351,0,0,33
12442,0,24909656813,24909656791,0,0,22
12443,0,24911659937,24911659912,0,0,24
12444,0,24913661139,24913661106,0,0,33
12445,0,24915663941,24915663910,0,0,30
12446,0,24917666563,24917666523,0,0,40
12447,0,24919669941,24919669911,0,0,30
12448,0,24921670925,24921670869,0,0,56
12449,0,24923672411,24923672381,0,0,29
12450,0,24925675274,24925675229,0,0,44
12451,0,24927677258,24927677240,0,0,17
12452,0,24929680067,24929680029,0,0,38
12453,0,24931681868,24931681901,0,0,-33
12454,0,24933683703,24933683697,0,0,5
12455,0,24935686858,24935686840,0,0,18
12456,0,24937689233,24937689217,0,0,15
12457,0,24939692231,24939692220,0,0,11
12458,0,24941693316,24941693352,0,0,-36
12459,0,24943694804,24943694849,0,0,-44
12460,0,24945698422,24945698481,0,0,-59
12461,0,24947700017,24947700057,0,0,-39
12462,0,24949702339,24949702368,0,0,-28
12463,0,24951704533,24951704515,0,0,17
12464,0,24953706794,24953706757,0,0,37
12465,0,24955709363,24955709328,0,0,35
12466,0,24957711000,24957710960,0,0,40
12467,0,24959712042,24959712004,0,0,38
12468,0,24961714169,24961714131,0,0,38
12469,0,24963717060,24963717023,0,0,36
12470,0,24965720444,24965720409,0,0,34
12471,0,24967722096,24967722085,0,0,11
12472,0,24969723907,24969723858,0,0,49
12473,0,24971727545,24971727530,0,0,14
12474,0,24973729026,24973728987,0,0,39
12475,0,24975731775,24975731751,0,0,23
12476,0,24977733601,24977733629,0,0,-28
12477,0,24979735525,24979735552,0,0,-26
12478,0,24981736519,24981736577,0,0,-58
12479,0,24983740121,24983740153,0,0,-32
12480,0,24985743235,24985743265,0,0,-30
12481,0,24987744204,24987744167,0,0,37
12482,0,24989746746,24989746734,0,0,11
12483,0,24991747580,24991747561,0,0,18
12484,0,24993750618,24993750600,0,0,17
12485,0,24995752865,24995752874,0,0,-8
12486,0,24997755098,24997755060,0,0,38
12487,0,24999758393,24999758366,0,0,26
12488,0,25001760280,25001760251,0,0,28
12489,0,25003762334,25003762305,0,0,29
12490,0,25005764426,25005764408,0,0,17
12491,0,25007765692,25007765666,0,0,25
12492,0,25009767882,25009767856,0,0,25
12493,0,25011770404,25011770439,0,0,-34
12494,0,25013773675,25013773715,0,0,-40
12495,0,25015775381,25015775428,0,0,-47
12496,0,25017776976,25017777028,0,0,-51
12497,0,25019781935,25019781963,0,0,-27
12498,0,25021782859,25021782893,0,0,-33
12499,0,25023784615,25023784585,0,0,30
12500,0,25025787047,25025787000,0,0,47
12501,0,25027787820,25027787788,0,0,31
12502,0,25029790425,25029790387,0,0,38
12503,0,25031793707,25031793723,0,0,-16
12504,0,25033795763,25033795705,0,0,58
12505,0,25035797583,25035797549,0,0,33
12506,0,25037801200,25037801148,0,0,51
12507,0,25039801532,25039801488,0,0,44
12508,0,25041804983,25041804930,0,0,53
12509,0,25043806506,25043806471,0,0,35
12510,0,25045808181,25045808191,0,0,-9
12511,0,25047811276,25047811314,0,0,-38
12512,0,25049813849,25049813883,0,0,-33
12513,0,25051815811,25051815803,0,0,8
12514,0,25053818964,25053818924,0,0,40
12515,0,25055820476,25055820456,0,0,20
12516,0,25057822229,25057822253,0,0,-24
12517,0,25059824287,25059824323,0,0,-36
12518,0,25061827226,25061827202,0,0,23
12519,0,25063829310,25063829286,0,0,24
12520,0,25065831212,25065831170,0,0,42
12521,0,25067832705,25067832680,0,0,24
12522,0,25069837154,25069837128,0,0,25
12523,0,25071838665,25071838601,0,0,64
12524,0,25073840504,25073840512,0,0,-8
12525,0,25075842371,25075842314,0,0,57
12526,0,25077843851,25077843792,0,0,59
12527,0,25079846798,25079846812,0,0,-13
12528,0,25081848348,25081848271,0,0,76
12529,0,25083851880,25083851825,0,0,55
12530,0,25085853483,25085853426,0,0,56
12531,0,25087855008,25087854965,0,0,42
12532,0,25089857973,25089857944,0,0,28
12533,0,25091859011,25091858969,0,0,42
12534,0,25093861428,25093861391,0,0,36
12535,0,25095863858,25095863806,0,0,51
12536,0,25097867325,25097867269,0,0,55
12537,0,25099869601,25099869556,0,0,44
12538,0,25101871360,25101871322,0,0,38
12539,0,25103872954,25103872904,0,0,49
12540,0,25105876079,25105876089,0,0,-10
12541,0,25107878200,25107878219,0,0,-19
12542,0,25109880062,25109880086,0,0,-23
12543,0,25111881943,25111881954,0,0,-11
12544,0,25113884886,25113884831,0,0,55
12545,0,25115886978,25115886952,0,0,26
12546,0,25117889291,25117889249,0,0,42
12547,0,25119893244,25119893216,0,0,28
12548,0,25121893849,25121893808,0,0,41
12549,0,25123895703,25123895661,0,0,42
12550,0,25125897025,25125896966,0,0,59
12551,0,25127899271,25127899220,0,0,51
12552,0,25129902649,25129902585,0,0,64
12553,0,25131905222,25131905177,0,0,44
12554,0,25133908120,25133908085,0,0,34
12555,0,25135909152,25135909096,0,0,55
12556,0,25137911366,25137911339,0,0,26
12557,0,25139912215,25139912187,0,0,28
12558,0,25141914817,25141914779,0,0,38
12559,0,25143917455,25143917409,0,0,45
12560,0,25145920211,25145920184,0,0,26
12561,0,25147921279,25147921227,0,0,51
12562,0,25149923987,25149924004,0,0,-16
12563,0,25151927076,25151927052,0,0,23
12564,0,25153928015,25153927982,0,0,33
12565,0,25155930874,25155930834,0,0,40
12566,0,25157933668,25157933697,0,0,-29
12567,0,25159935620,25159935653,0,0,-33
12568,0,25161936745,25161936774,0,0,-29
12569,0,25163939053,25163939029,0,0,24
12570,0,25165942885,25165942833,0,0,51
12571,0,25167945141,25167945114,0,0,26
12572,0,25169946724,25169946665,0,0,59
12573,0,25171947984,25171947961,0,0,22
12574,0,25173951526,25173951501,0,0,24
12575,0,25175953705,25175953676,0,0,28
12576,0,25177956148,25177956103,0,0,44
12577,0,25179958576,25179958552,0,0,24
12578,0,25181961029,25181960993,0,0,36
12579,0,25183962428,25183962453,0,0,-24
12580,0,25185963944,25185963909,0,0,35
12581,0,25187966991,25187966961,0,0,29
12582,0,25189968764,25189968755,0,0,8
12583,0,25191972152,25191972124,0,0,28
12584,0,25193973885,25193973872,0,0,12
12585,0,25195975649,25195975624,0,0,24
12586,0,25197977831,25197977804,0,0,27
12587,0,25199979478,25199979438,0,0,39
12588,0,25201982882,25201982857,0,0,24
12589,0,25203985105,25203985058,0,0,47
12590,0,25205988083,25205988062,0,0,21
12591,0,25207990147,25207990133,0,0,13
12592,0,25209990835,25209990808,0,0,26
12593,0,25211993650,25211993684,0,0,-33
12594,0,25213995301,25213995274,0,0,26
12595,0,25215998686,25215998662,0,0,23
12596,0,25218001089,25218001053,0,0,35
12597,0,25220003883,25220003864,0,0,19
12598,0,25222004360,25222004387,0,0,-26
12599,0,25224007195,25224007227,0,0,-32
12600,0,25226009665,25226009705,0,0,-39
12601,0,25228012033,25228012074,0,0,-40
12602,0,25230015117,25230015144,0,0,-26
12603,0,25232016180,25232016158,0,0,22
12604,0,25234018883,25234018831,0,0,52
12605,0,25236020393,25236020428,0,0,-35
12606,0,25238023129,25238023171,0,0,-42
12607,0,25240026065,25240026080,0,0,-15
12608,0,25242028077,25242028038,0,0,39
12609,0,25244028621,25244028597,0,0,23
12610,0,25246031514,25246031489,0,0,24
12611,0,25248032370,25248032406,0,0,-35
12612,0,25250035013,25250035051,0,0,-38
12613,0,25252038362,25252038388,0,0,-25
12614,0,25254040411,25254040386,0,0,24
12615,0,25256041551,25256041540,0,0,11
12616,0,25258043722,25258043704,0,0,17
12617,0,25260045843,25260045801,0,0,42
12618,0,25262049882,25262049831,0,0,50
12619,0,25264052134,25264052076,0,0,58
12620,0,25266053981,25266053915,0,0,65
12621,0,25268055892,25268055865,0,0,27
12622,0,25270057659,25270057617,0,0,41
12623,0,25272060531,25272060488,0,0,42
12624,0,25274062822,25274062784,0,0,38
12625,0,25276065616,25276065635,0,0,-18
12626,0,25278067521,25278067528,0,0,-6
12627,0,25280069310,25280069334,0,0,-24
12628,0,25282071469,25282071494,0,0,-24
12629,0,25284073433,25284073426,0,0,6
12630,0,25286076218,25286076201,0,0,17
12631,0,25288078602,25288078568,0,0,33
12632,0,25290080738,25290080763,0,0,-24
12633,0,25292082991,25292082954,0,0,36
12634,0,25294085883,25294085853,0,0,29
12635,0,25296085765,25296085719,0,0,45
12636,0,25298088106,25298088058,0,0,48
12637,0,25300091185,25300091127,0,0,58
12638,0,25302094105,25302094068,0,0,37
12639,0,25304097150,25304097129,0,0,21
12640,0,25306098604,25306098555,0,0,48
12641,0,25308100665,25308100687,0,0,-22
12642,0,25310103468,25310103422,0,0,46
12643,0,25312105755,25312105698,0,0,56
12644,0,25314107285,25314107221,0,0,63
12645,0,25316108980,25316108946,0,0,34
12646,0,25318110575,25318110588,0,0,-13
12647,0,25320114185,25320114126,0,0,58
12648,0,25322116328,25322116296,0,0,32
12649,0,25324118710,25324118658,0,0,51
12650,0,25326121663,25326121605,0,0,58
12651,0,25328122631,25328122591,0,0,39
12652,0,25330124256,25330124217,0,0,38
12653,0,25332127559,25332127572,0,0,-13
12654,0,25334129544,25334129576,0,0,-31
12655,0,25336132467,25336132502,0,0,-35
12656,0,25338134125,25338134107,0,0,17
12657,0,25340135853,25340135840,0,0,13
12658,0,25342137511,25342137544,0,0,-33
12659,0,25344140499,25344140459,0,0,40
12660,0,25346141732,25346141690,0,0,41
12661,0,25348144287,25348144237,0,0,49
12662,0,25350147846,25350147800,0,0,45
12663,0,25352149276,25352149227,0,0,48
12664,0,25354151092,25354151022,0,0,70
12665,0,25356154105,25356154063,0,0,42
12666,0,25358156660,25358156608,0,0,51
12667,0,25360159613,25360159563,0,0,49
12668,0,25362160649,25362160604,0,0,45
12669,0,25364162502,25364162460,0,0,41
12670,0,25366164054,25366164073,0,0,-18
12671,0,25368167357,25368167367,0,0,-10
12672,0,25370169781,25370169787,0,0,-6
12673,0,25372172448,25372172462,0,0,-13
12674,0,25374173973,25374173992,0,0,-19
12675,0,25376176182,25376176143,0,0,38
12676,0,25378178503,25378178463,0,0,40
12677,0,25380180455,25380180421,0,0,33
12678,0,25382182029,25382182063,0,0,-34
12679,0,25384185867,25384185892,0,0,-24
12680,0,25386187710,25386187727,0,0,-17
12681,0,25388189874,25388189838,0,0,35
12682,0,25390192188,25390192175,0,0,13
12683,0,25392194876,25392194824,0,0,51
12684,0,25394195377,25394195328,0,0,48
12685,0,25396198842,25396198806,0,0,36
12686,0,25398200832,25398200786,0,0,46
12687,0,25400202817,25400202775,0,0,42
12688,0,25402204608,25402204557,0,0,51
12689,0,25404207295,25404207306,0,0,-11
12690,0,25406209793,25406209835,0,0,-42
12691,0,25408211875,25408211919,0,0,-43
12692,0,25410214659,25410214700,0,0,-40
12693,0,25412216171,25412216133,0,0,38
12694,0,25414217638,25414217626,0,0,12
12695,0,25416220912,25416220878,0,0,33
12696,0,25418223257,25418223283,0,0,-26
12697,0,25420227193,25420227234,0,0,-40
12698,0,25422227717,25422227766,0,0,-48
12699,0,25424230463,25424230442,0,0,21
12700,0,25426230734,25426230701,0,0,33
12701,0,25428232734,25428232727,0,0,6
12702,0,25430235878,25430235906,0,0,-28
12703,0,25432239655,25432239693,0,0,-38
12704,0,25434241819,25434241907,0,0,-88
12705,0,25436242757,25436242805,0,0,-48
12706,0,25438244564,25438244599,0,0,-34
12707,0,25440247258,25440247224,0,0,34
12708,0,25442248902,25442248865,0,0,36
12709,0,25444252290,25444252262,0,0,27
12710,0,25446254237,25446254226,0,0,11
12711,0,25448256152,25448256141,0,0,11
12712,0,25450257997,25450257958,0,0,38
12713,0,25452260659,25452260624,0,0,35
12714,0,25454262321,25454262283,0,0,38
12715,0,25456266380,25456266414,0,0,-33
12716,0,25458268224,25458268186,0,0,38
12717,0,25460269298,25460269240,0,0,58
12718,0,25462271280,25462271233,0,0,47
12719,0,25464274083,25464274065,0,0,17
12720,0,25466276737,25466276698,0,0,38
12721,0,25468278971,25468278934,0,0,36
12722,0,25470280980,25470280935,0,0,44
12723,0,25472283128,25472283087,0,0,41
12724,0,25474285404,25474285338,0,0,66
12725,0,25476287358,25476287304,0,0,53
12726,0,25478288797,25478288743,0,0,54
12727,0,25480292398,25480292345,0,0,53
12728,0,25482294687,25482294701,0,0,-13
12729,0,25484296785,25484296748,0,0,36
12730,0,25486298453,25486298393,0,0,59
12731,0,25488300718,25488300710,0,0,8
12732,0,25490302332,25490302299,0,0,32
12733,0,25492305444,25492305415,0,0,29
12734,0,25494307775,25494307769,0,0,6
12735,0,25496310060,25496310033,0,0,26
12736,0,25498312056,25498312014,0,0,41
12737,0,25500314241,25500314211,0,0,29
12738,0,25502317064,25502317038,0,0,26
12739,0,25504319633,25504319617,0,0,15
12740,0,25506322206,25506322180,0,0,26
12741,0,25508322851,25508322883,0,0,-31
12742,0,25510324541,25510324505,0,0,36
12743,0,25512327415,25512327382,0,0,33
12744,0,25514328775,25514328822,0,0,-46
12745,0,25516332346,25516332371,0,0,-25
12746,0,25518334624,25518334595,0,0,29
12747,0,25520338769,25520338750,0,0,19
12748,0,25522338624,25522338577,0,0,47
12749,0,25524339635,25524339606,0,0,29
12750,0,25526342182,25526342137,0,0,44
12751,0,25528345904,25528345932,0,0,-28
12752,0,25530348063,25530348024,0,0,39
12753,0,25532349742,25532349710,0,0,31
12754,0,25534350777,25534350791,0,0,-13
12755,0,25536353274,25536353298,0,0,-24
12756,0,25538356447,25538356472,0,0,-24
12757,0,25540359070,25540359044,0,0,26
12758,0,25542361744,25542361707,0,0,37
12759,0,25544363242,25544363279,0,0,-36
12760,0,25546365818,25546365851,0,0,-33
12761,0,25548367465,25548367504,0,0,-38
12762,0,25550368880,25550368915,0,0,-35
12763,0,25552373487,25552373438,0,0,49
12764,0,25554374582,25554374514,0,0,67
12765,0,25556376669,25556376573,0,0,96
12766,0,25558378878,25558378818,0,0,59
12767,0,25560382048,25560382023,0,0,24
12768,0,25562384458,25562384471,0,0,-12
12769,0,25564385794,25564385809,0,0,-15
12770,0,25566387614,25566387626,0,0,-11
12771,0,25568389489,25568389532,0,0,-42
12772,0,25570390806,25570390819,0,0,-12
12773,0,25572393026,25572393033,0,0,-6
12774,0,25574395724,25574395726,0,0,-2
12775,0,25576398991,25576398950,0,0,40
12776,0,25578401867,25578401839,0,0,27
12777,0,25580402995,25580402941,0,0,54
12778,0,25582404310,25582404289,0,0,21
12779,0,25584407449,25584407409,0,0,40
12780,0,25586409069,25586409028,0,0,41
12781,0,25588412727,25588412709,0,0,17
12782,0,25590414181,25590414157,0,0,23
12783,0,25592415465,25592415426,0,0,38
12784,0,25594419057,25594419015,0,0,42
12785,0,25596420732,25596420705,0,0,27
12786,0,25598422804,25598422768,0,0,35
12787,0,25600425274,25600425233,0,0,40
12788,0,25602427221,25602427184,0,0,36
12789,0,25604429718,25604429665,0,0,53
12790,0,25606430851,25606430809,0,0,41
12791,0,25608433366,25608433316,0,0,49
12792,0,25610437193,25610437144,0,0,49
12793,0,25612439285,25612439233,0,0,51
12794,0,25614441259,25614441224,0,0,35
12795,0,25616444037,25616443991,0,0,46
12796,0,25618444246,25618444195,0,0,51
12797,0,25620448105,25620448084,0,0,21
12798,0,25622450366,25622450386,0,0,-20
12799,0,25624453444,25624453392,0,0,51
12800,0,25626455333,25626455292,0,0,40
12801,0,25628457170,25628457106,0,0,63
12802,0,25630458996,25630458978,0,0,17
12803,0,25632461364,25632461292,0,0,71
12804,0,25634463393,25634463339,0,0,53
12805,0,25636466200,25636466150,0,0,49
12806,0,25638468092,25638468049,0,0,42
12807,0,25640469871,25640469816,0,0,54
12808,0,25642472945,25642472898,0,0,47
12809,0,25644474363,25644474319,0,0,43
12810,0,25646477137,25646477148,0,0,-10
12811,0,25648479138,25648479149,0,0,-11
12812,0,25650482312,25650482327,0,0,-15
12813,0,25652483543,25652483561,0,0,-18
12814,0,25654485435,25654485448,0,0,-12
12815,0,25656487588,25656487608,0,0,-20
12816,0,25658490013,25658489957,0,0,56
12817,0,25660492861,25660492795,0,0,65
12818,0,25662494690,25662494696,0,0,-5
12819,0,25664496292,25664496324,0,0,-31
12820,0,25666497756,25666497721,0,0,34
12821,0,25668499770,25668499746,0,0,23
12822,0,25670502885,25670502864,0,0,20
12823,0,25672505771,25672505753,0,0,17
12824,0,25674507991,25674507968,0,0,23
12825,0,25676509910,25676509944,0,0,-33
12826,0,25678512257,25678512346,0,0,-88
12827,0,25680514883,25680514917,0,0,-34
12828,0,25682517817,25682517791,0,0,26
12829,0,25684519170,25684519141,0,0,29
12830,0,25686521676,25686521610,0,0,65
12831,0,25688523208,25688523169,0,0,38
12832,0,25690525662,25690525657,0,0,5
12833,0,25692527921,25692527893,0,0,27
12834,0,25694530452,25694530432,0,0,20
12835,0,25696532646,25696532617,0,0,28
12836,0,25698534602,25698534640,0,0,-38
12837,0,25700536220,25700536280,0,0,-60
12838,0,25702538146,25702538170,0,0,-23
12839,0,25704540811,25704540835,0,0,-24
12840,0,25706542085,25706542056,0,0,29
12841,0,25708544788,25708544797,0,0,-8
12842,0,25710548094,25710548053,0,0,40
12843,0,25712550390,25712550352,0,0,38
12844,0,25714553040,25714553067,0,0,-26
12845,0,25716553159,25716553137,0,0,21
12846,0,25718556139,25718556084,0,0,55
12847,0,25720560393,25720560373,0,0,20
12848,0,25722561334,25722561375,0,0,-41
12849,0,25724563294,25724563332,0,0,-38
12850,0,25726564597,25726564637,0,0,-40
12851,0,25728567989,25728568035,0,0,-45
12852,0,25730569916,25730569953,0,0,-37
12853,0,25732571698,25732571743,0,0,-44
12854,0,25734574724,25734574710,0,0,13
12855,0,25736576238,25736576208,0,0,29
12856,0,25738578052,25738578044,0,0,8
12857,0,25740581475,25740581440,0,0,34
12858,0,25742583316,25742583352,0,0,-35
12859,0,25744584970,25744584925,0,0,44
12860,0,25746589165,25746589137,0,0,28
12861,0,25748590415,25748590381,0,0,34
12862,0,25750592460,25750592434,0,0,26
12863,0,25752593894,25752593862,0,0,31
12864,0,25754596675,25754596656,0,0,19
12865,0,25756598252,25756598211,0,0,41
12866,0,25758601164,25758601144,0,0,19
12867,0,25760603098,25760603086,0,0,12
12868,0,25762604986,25762604954,0,0,31
12869,0,25764607569,25764607557,0,0,11
12870,0,25766609204,25766609168,0,0,36
12871,0,25768612879,25768612923,0,0,-44
12872,0,25770614489,25770614476,0,0,13
12873,0,25772615712,25772615750,0,0,-38
12874,0,25774618910,25774618954,0,0,-44
12875,0,25776620955,25776620939,0,0,15
12876,0,25778624179,25778624142,0,0,36
12877,0,25780625761,25780625784,0,0,-23
12878,0,25782628716,25782628684,0,0,32
12879,0,25784630124,25784630105,0,0,18
12880,0,25786632403,25786632382,0,0,20
12881,0,25788634392,25788634359,0,0,33
12882,0,25790636200,25790636166,0,0,33
12883,0,25792639433,25792639369,0,0,63
12884,0,25794641087,25794641100,0,0,-12
12885,0,25796643054,25796643049,0,0,4
12886,0,25798646130,25798646071,0,0,58
12887,0,25800647470,25800647479,0,0,-8
12888,0,25802649474,25802649485,0,0,-10
12889,0,25804652794,25804652810,0,0,-15
12890,0,25806654610,25806654622,0,0,-11
12891,0,25808656653,25808656633,0,0,20
12892,0,25810659325,25810659285,0,0,39
12893,0,25812661628,25812661601,0,0,26
12894,0,25814663631,25814663583,0,0,47
12895,0,25816666718,25816666693,0,0,24
12896,0,25818669343,25818669377,0,0,-33
12897,0,25820671292,25820671325,0,0,-33
12898,0,25822672431,25822672468,0,0,-37
12899,0,25824674742,25824674705,0,0,36
12900,0,25826677088,25826677065,0,0,23
12901,0,25828679503,25828679477,0,0,26
12902,0,25830681412,25830681388,0,0,23
12903,0,25832683528,25832683511,0,0,17
12904,0,25834685930,25834685907,0,0,23
12905,0,25836688462,25836688426,0,0,35
12906,0,25838690614,25838690590,0,0,24
12907,0,25840692788,25840692740,0,0,48
12908,0,25842696068,25842696030,0,0,38
12909,0,25844697105,25844697130,0,0,-25
12910,0,25846699180,25846699201,0,0,-20
12911,0,25848701312,25848701274,0,0,38
12912,0,25850703799,25850703773,0,0,26
12913,0,25852706125,25852706089,0,0,36
12914,0,25854708516,25854708478,0,0,37
12915,0,25856710564,25856710528,0,0,35
12916,0,25858712656,25858712631,0,0,24
12917,0,25860714527,25860714499,0,0,27
12918,0,25862716404,25862716366,0,0,38
12919,0,25864719359,25864719374,0,0,-15
12920,0,25866721374,25866721354,0,0,20
12921,0,25868723259,25868723217,0,0,42
12922,0,25870724512,25870724476,0,0,35
12923,0,25872727047,25872727006,0,0,40
12924,0,25874730317,25874730266,0,0,51
12925,0,25876732719,25876732681,0,0,37
12926,0,25878735616,25878735639,0,0,-22
12927,0,25880739000,25880739013,0,0,-12
12928,0,25882740114,25882740067,0,0,47
12929,0,25884741452,25884741422,0,0,29
12930,0,25886743806,25886743762,0,0,44
12931,0,25888746340,25888746302,0,0,38
12932,0,25890748303,25890748274,0,0,29
12933,0,25892750138,25892750148,0,0,-10
12934,0,25894751747,25894751752,0,0,-5
12935,0,25896754416,25896754365,0,0,51
12936,0,25898755928,25898755893,0,0,34
12937,0,25900759460,25900759418,0,0,42
12938,0,25902761520,25902761546,0,0,-25
12939,0,25904763831,25904763840,0,0,-8
12940,0,25906767072,25906767096,0,0,-24
12941,0,25908767856,25908767791,0,0,65
12942,0,25910770112,25910770058,0,0,54
12943,0,25912772966,25912772923,0,0,43
12944,0,25914775163,25914775111,0,0,51
12945,0,25916776861,25916776812,0,0,49
12946,0,25918777806,25918777750,0,0,55
12947,0,25920781518,25920781487,0,0,31
12948,0,25922783521,25922783546,0,0,-24
12949,0,25924786412,25924786430,0,0,-17
12950,0,25926788209,25926788229,0,0,-20
12951,0,25928789973,25928789995,0,0,-22
12952,0,25930791997,25930792009,0,0,-12
12953,0,25932794681,25932794624,0,0,56
12954,0,25934795831,25934795799,0,0,31
12955,0,25936798388,25936798361,0,0,27
12956,0,25938802417,25938802434,0,0,-16
12957,0,25940803335,25940803351,0,0,-15
12958,0,25942805447,25942805473,0,0,-26
12959,0,25944809135,25944809152,0,0,-17
12960,0,25946811736,25946811750,0,0,-13
12961,0,25948813287,25948813280,0,0,7
12962,0,25950814808,25950814813,0,0,-5
12963,0,25952816835,25952816849,0,0,-14
12964,0,25954818339,25954818307,0,0,32
12965,0,25956821201,25956821228,0,0,-26
12966,0,25958823124,25958823106,0,0,17
12967,0,25960826133,25960826165,0,0,-31
12968,0,25962828359,25962828328,0,0,31
12969,0,25964830379,25964830361,0,0,17
12970,0,25966832645,25966832614,0,0,31
12971,0,25968834622,25968834604,0,0,18
12972,0,25970837174,25970837134,0,0,40
12973,0,25972839883,25972839858,0,0,24
12974,0,25974841596,25974841564,0,0,32
12975,0,25976843530,25976843507,0,0,22
12976,0,25978845017,25978845042,0,0,-24
12977,0,25980847980,25980848001,0,0,-20
12978,0,25982849469,25982849501,0,0,-31
12979,0,25984852954,25984852991,0,0,-36
12980,0,25986854725,25986854695,0,0,29
12981,0,25988856006,25988856042,0,0,-35
12982,0,25990859346,25990859319,0,0,26
12983,0,25992861331,25992861311,0,0,20
12984,0,25994862670,25994862705,0,0,-35
12985,0,25996866123,25996866143,0,0,-20
12986,0,25998868477,25998868514,0,0,-36
12987,0,26000870049,26000870027,0,0,22
12988,0,26002871694,26002871745,0,0,-50
12989,0,26004875638,26004875610,0,0,27
12990,0,26006876437,26006876402,0,0,34
12991,0,26008879422,26008879397,0,0,25
12992,0,26010882344,26010882310,0,0,34
12993,0,26012884013,26012884000,0,0,13
12994,0,26014886328,26014886306,0,0,21
12995,0,26016888150,26016888101,0,0,49
12996,0,26018889779,26018889724,0,0,54
12997,0,26020894595,26020894540,0,0,55
12998,0,26022895074,26022895022,0,0,51
12999,0,26024896789,26024896734,0,0,54
13000,0,26026898549,26026898519,0,0,29
13001,0,26028901647,26028901601,0,0,45
13002,0,26030904496,26030904457,0,0,39
13003,0,26032906548,26032906508,0,0,39
13004,0,26034908446,26034908417,0,0,28
13005,0,26036911252,26036911244,0,0,8
13006,0,26038911610,26038911600,0,0,9
13007,0,26040913534,26040913519,0,0,15
13008,0,26042916405,26042916386,0,0,19
13009,0,26044919644,26044919683,0,0,-38
13010,0,26046922002,26046922052,0,0,-50
13011,0,26048923367,26048923377,0,0,-9
13012,0,26050925386,26050925355,0,0,31
13013,0,26052928049,26052928026,0,0,23
13014,0,26054929808,26054929763,0,0,45
13015,0,26056932844,26056932826,0,0,17
13016,0,26058935204,26058935170,0,0,33
13017,0,26060937143,26060937130,0,0,13
13018,0,26062938715,26062938667,0,0,47
13019,0,26064941240,26064941211,0,0,29
13020,0,26066942862,26066942824,0,0,38
13021,0,26068946799,26068946777,0,0,22
13022,0,26070948303,26070948274,0,0,29
13023,0,26072951452,26072951414,0,0,38
13024,0,26074953166,26074953128,0,0,38
13025,0,26076955032,26076955006,0,0,26
13026,0,26078957081,26078957028,0,0,53
13027,0,26080958787,26080958732,0,0,55
13028,0,26082961780,26082961792,0,0,-11
13029,0,26084963816,26084963763,0,0,53
13030,0,26086966213,26086966179,0,0,33
13031,0,26088968137,26088968096,0,0,40
13032,0,26090969667,26090969689,0,0,-21
13033,0,26092972922,26092972948,0,0,-26
13034,0,26094974808,26094974822,0,0,-13
13035,0,26096976144,26096976087,0,0,56
13036,0,26098980044,26098980004,0,0,39
13037,0,26100982459,26100982411,0,0,48
13038,0,26102982922,26102982935,0,0,-13
13039,0,26104986530,26104986543,0,0,-13
13040,0,26106988973,26106988963,0,0,9
13041,0,26108990125,26108990088,0,0,37
13042,0,26110992271,26110992239,0,0,31
13043,0,26112994819,26112994775,0,0,44
13044,0,26114996622,26114996586,0,0,35
13045,0,26116999680,26116999637,0,0,43
13046,0,26119002701,26119002680,0,0,21
13047,0,26121006477,26121006434,0,0,42
13048,0,26123006653,26123006598,0,0,54
13049,0,26125008031,26125008006,0,0,24
13050,0,26127010366,26127010322,0,0,43
13051,0,26129013329,26129013351,0,0,-22
13052,0,26131015060,26131015096,0,0,-36
13053,0,26133018417,26133018394,0,0,23
13054,0,26135019640,26135019615,0,0,24
13055,0,26137022195,26137022157,0,0,38
13056,0,26139023957,26139023913,0,0,43
13057,0,26141027121,26141027086,0,0,34
13058,0,26143029480,26143029501,0,0,-20
13059,0,26145030543,26145030573,0,0,-29
13060,0,26147032995,26147033026,0,0,-30
13061,0,26149035133,26149035152,0,0,-18
13062,0,26151037735,26151037774,0,0,-38
13063,0,26153039876,26153039831,0,0,44
13064,0,26155042866,26155042842,0,0,23
13065,0,26157043732,26157043697,0,0,34
13066,0,26159045446,26159045493,0,0,-47
13067,0,26161048344,26161048383,0,0,-38
13068,0,26163050954,26163050993,0,0,-39
13069,0,26165054487,26165054440,0,0,46
13070,0,26167055153,26167055118,0,0,35
13071,0,26169057179,26169057143,0,0,36
13072,0,26171059614,26171059586,0,0,28
13073,0,26173061723,26173061737,0,0,-13
13074,0,26175064486,26175064452,0,0,33
13075,0,26177066710,26177066675,0,0,35
13076,0,26179068550,26179068503,0,0,46
13077,0,26181070430,26181070398,0,0,31
13078,0,26183071864,26183071831,0,0,33
13079,0,26185075303,26185075260,0,0,42
13080,0,26187077719,26187077676,0,0,43
13081,0,26189080029,26189079980,0,0,49
13082,0,26191081939,26191081895,0,0,43
13083,0,26193083937,26193083901,0,0,36
13084,0,26195086323,26195086359,0,0,-35
13085,0,26197089488,26197089503,0,0,-14
13086,0,26199091141,26199091095,0,0,46
13087,0,26201094121,26201094062,0,0,59
13088,0,26203096620,26203096582,0,0,38
13089,0,26205096984,26205096945,0,0,39
13090,0,26207098595,26207098587,0,0,7
13091,0,26209101575,26209101614,0,0,-38
13092,0,26211103619,26211103570,0,0,48
13093,0,26213106377,26213106347,0,0,29
13094,0,26215108651,26215108634,0,0,16
13095,0,26217110770,26217110775,0,0,-5
13096,0,26219112755,26219112765,0,0,-9
13097,0,26221115293,26221115324,0,0,-31
13098,0,26223117898,26223117930,0,0,-31
13099,0,26225120009,26225120043,0,0,-33
13100,0,26227122364,26227122336,0,0,28
13101,0,26229125017,26229125000,0,0,16
13102,0,26231125446,26231125411,0,0,34
13103,0,26233128489,26233128458,0,0,30
13104,0,26235130456,26235130478,0,0,-22
13105,0,26237132242,26237132271,0,0,-29
13106,0,26239135800,26239135786,0,0,13
13107,0,26241137544,26241137498,0,0,45
13108,0,26243139628,26243139600,0,0,28
13109,0,26245141564,26245141536,0,0,28
13110,0,26247143675,26247143695,0,0,-20
13111,0,26249146690,26249146680,0,0,9
13112,0,26251148782,26251148752,0,0,29
13113,0,26253151038,26253151007,0,0,31
13114,0,26255152961,26255152938,0,0,23
13115,0,26257155562,26257155537,0,0,24
13116,0,26259158026,26259158035,0,0,-8
13117,0,26261160786,26261160835,0,0,-48
13118,0,26263162169,26263162152,0,0,16
13119,0,26265165342,26265165313,0,0,29
13120,0,26267167320,26267167344,0,0,-24
13121,0,26269168918,26269168956,0,0,-38
13122,0,26271171479,26271171528,0,0,-49
13123,0,26273173610,26273173588,0,0,22
13124,0,26275175187,26275175170,0,0,17
13125,0,26277177379,26277177371,0,0,8
13126,0,26279178698,26279178680,0,0,17
13127,0,26281180913,26281180894,0,0,18
13128,0,26283184152,26283184202,0,0,-49
13129,0,26285187014,26285186996,0,0,17
13130,0,26287188659,26287188608,0,0,51
13131,0,26289191044,26289190997,0,0,46
13132,0,26291193136,26291193087,0,0,48
13133,0,26293196305,26293196260,0,0,45
13134,0,26295197747,26295197770,0,0,-23
13135,0,26297199906,26297199925,0,0,-18
13136,0,26299202055,26299202067,0,0,-11
13137,0,26301203938,26301203944,0,0,-6
13138,0,26303205632,26303205594,0,0,38
13139,0,26305209275,26305209235,0,0,39
13140,0,26307211033,26307210995,0,0,38
13141,0,26309213676,26309213649,0,0,26
13142,0,26311215863,26311215825,0,0,38
13143,0,26313217694,26313217668,0,0,26
13144,0,26315219615,26315219586,0,0,29
13145,0,26317221182,26317221140,0,0,41
13146,0,26319224188,26319224223,0,0,-34
13147,0,26321228729,26321228762,0,0,-33
13148,0,26323229873,26323229892,0,0,-18
13149,0,26325231999,26325232025,0,0,-26
13150,0,26327233436,26327233391,0,0,44
13151,0,26329234934,26329234883,0,0,51
13152,0,26331236751,26331236782,0,0,-30
13153,0,26333240350,26333240372,0,0,-22
13154,0,26335242193,26335242157,0,0,35
13155,0,26337244112,26337244137,0,0,-24
13156,0,26339246459,26339246405,0,0,53
13157,0,26341248611,26341248575,0,0,36
13158,0,26343251651,26343251613,0,0,38
13159,0,26345253653,26345253605,0,0,48
13160,0,26347255510,26347255460,0,0,50
13161,0,26349257194,26349257155,0,0,38
13162,0,26351258660,26351258621,0,0,39
13163,0,26353260896,26353260860,0,0,36
13164,0,26355264121,26355264064,0,0,56
13165,0,26357266894,26357266852,0,0,41
13166,0,26359268847,26359268804,0,0,43
13167,0,26361270507,26361270470,0,0,37
13168,0,26363272590,26363272554,0,0,35
13169,0,26365275265,26365275237,0,0,28
13170,0,26367276684,26367276642,0,0,42
13171,0,26369280559,26369280525,0,0,33
13172,0,26371282558,26371282582,0,0,-24
13173,0,26373283948,26373283980,0,0,-32
13174,0,26375285429,26375285462,0,0,-33
13175,0,26377288881,26377288843,0,0,38
13176,0,26379291370,26379291361,0,0,8
13177,0,26381293310,26381293271,0,0,38
13178,0,26383295596,26383295566,0,0,30
13179,0,26385297391,26385297341,0,0,49
13180,0,26387298838,26387298807,0,0,31
13181,0,26389301785,26389301746,0,0,39
13182,0,26391304100,26391304060,0,0,40
13183,0,26393306792,26393306746,0,0,46
13184,0,26395309993,26395309948,0,0,45
13185,0,26397310923,26397310898,0,0,24
13186,0,26399314328,26399314300,0,0,28
13187,0,26401316806,26401316766,0,0,40
13188,0,26403317509,26403317482,0,0,26
13189,0,26405318692,26405318671,0,0,21
13190,0,26407321161,26407321141,0,0,20
13191,0,26409323954,26409323937,0,0,16
13192,0,26411325680,26411325644,0,0,35
13193,0,26413328446,26413328416,0,0,29
13194,0,26415329934,26415329898,0,0,35
13195,0,26417333938,26417333907,0,0,30
13196,0,26419335443,26419335431,0,0,11
13197,0,26421338988,26421338960,0,0,28
13198,0,26423340865,26423340894,0,0,-29
13199,0,26425342383,26425342356,0,0,26
13200,0,26427344689,26427344660,0,0,29
13201,0,26429346862,26429346835,0,0,26
13202,0,26431348614,26431348642,0,0,-27
13203,0,26433350054,26433350008,0,0,46
13204,0,26435353713,26435353682,0,0,31
13205,0,26437355716,26437355677,0,0,39
13206,0,26439358330,26439358339,0,0,-8
13207,0,26441360314,26441360336,0,0,-22
13208,0,26443362520,26443362560,0,0,-40
13209,0,26445364343,26445364357,0,0,-13
13210,0,26447367468,26447367498,0,0,-30
13211,0,26449370202,26449370170,0,0,32
13212,0,26451371386,26451371355,0,0,31
13213,0,26453373363,26453373316,0,0,46
13214,0,26455376710,26455376662,0,0,47
13215,0,26457378061,26457378013,0,0,48
13216,0,26459380584,26459380558,0,0,26
13217,0,26461382237,26461382262,0,0,-25
13218,0,26463384824,26463384784,0,0,40
13219,0,26465386852,26465386806,0,0,45
13220,0,26467389071,26467389007,0,0,64
13221,0,26469390841,26469390799,0,0,42
13222,0,26471392637,26471392589,0,0,47
13223,0,26473395373,26473395328,0,0,45
13224,0,26475397640,26475397629,0,0,11
13225,0,26477399555,26477399517,0,0,37
13226,0,26479402260,26479402218,0,0,42
13227,0,26481404499,26481404425,0,0,74
13228,0,26483405545,26483405505,0,0,39
13229,0,26485407852,26485407790,0,0,62
13230,0,26487411164,26487411125,0,0,38
13231,0,26489413717,26489413679,0,0,38
13232,0,26491415781,26491415731,0,0,49
13233,0,26493417277,26493417231,0,0,46
13234,0,26495418908,26495418859,0,0,49
13235,0,26497422153,26497422086,0,0,67
13236,0,26499424455,26499424383,0,0,71
13237,0,26501426249,26501426171,0,0,77
13238,0,26503429483,26503429439,0,0,43
13239,0,26505431304,26505431242,0,0,62
13240,0,26507433384,26507433330,0,0,53
13241,0,26509435462,26509435391,0,0,71
13242,0,26511436860,26511436852,0,0,8
13243,0,26513440388,26513440378,0,0,9
13244,0,26515442638,26515442606,0,0,31
13245,0,26517444154,26517444148,0,0,6
13246,0,26519446941,26519446933,0,0,8
13247,0,26521451161,26521451137,0,0,24
13248,0,26523452044,26523452024,0,0,20
13249,0,26525452798,26525452783,0,0,15
13250,0,26527455819,26527455800,0,0,18
13251,0,26529457541,26529457516,0,0,24
13252,0,26531459131,26531459105,0,0,26
13253,0,26533462252,26533462215,0,0,37
13254,0,26535464414,26535464383,0,0,31
13255,0,26537467140,26537467189,0,0,-49
13256,0,26539469355,26539469381,0,0,-26
13257,0,26541471467,26541471507,0,0,-40
13258,0,26543473278,26543473321,0,0,-43
13259,0,26545475383,26545475424,0,0,-40
13260,0,26547476775,26547476728,0,0,46
13261,0,26549479143,26549479163,0,0,-20
13262,0,26551483573,26551483597,0,0,-24
13263,0,26553484506,26553484545,0,0,-38
13264,0,26555486695,26555486657,0,0,38
13265,0,26557488456,26557488414,0,0,41
13266,0,26559490386,26559490359,0,0,27
13267,0,26561493530,26561493555,0,0,-25
13268,0,26563495874,26563495900,0,0,-25
13269,0,26565497925,26565497953,0,0,-28
13270,0,26567500162,26567500175,0,0,-13
13271,0,26569502118,26569502146,0,0,-28
13272,0,26571503499,26571503456,0,0,43
13273,0,26573507046,26573506991,0,0,55
13274,0,26575508929,26575508891,0,0,38
13275,0,26577510982,26577511003,0,0,-20
13276,0,26579512537,26579512555,0,0,-17
13277,0,26581515290,26581515327,0,0,-36
13278,0,26583518271,26583518229,0,0,41
13279,0,26585521455,26585521467,0,0,-11
13280,0,26587523539,26587523530,0,0,8
13281,0,26589524757,26589524705,0,0,51
13282,0,26591526987,26591526950,0,0,37
13283,0,26593529029,26593528993,0,0,36
13284,0,26595531830,26595531786,0,0,43
13285,0,26597533658,26597533615,0,0,43
13286,0,26599535469,26599535501,0,0,-31
13287,0,26601537131,26601537153,0,0,-22
13288,0,26603540039,26603540067,0,0,-27
13289,0,26605542651,26605542674,0,0,-22
13290,0,26607544743,26607544702,0,0,41
13291,0,26609547216,26609547193,0,0,23
13292,0,26611549179,26611549154,0,0,25
13293,0,26613551121,26613551136,0,0,-15
13294,0,26615553121,26615553137,0,0,-16
13295,0,26617554791,26617554746,0,0,44
13296,0,26619557782,26619557806,0,0,-24
13297,0,26621562073,26621562031,0,0,41
13298,0,26623562692,26623562653,0,0,38
13299,0,26625564456,26625564420,0,0,35
13300,0,26627566983,26627566941,0,0,41
13301,0,26629569247,26629569206,0,0,41
13302,0,26631571572,26631571539,0,0,32
13303,0,26633573680,26633573634,0,0,46
13304,0,26635575645,26635575612,0,0,33
13305,0,26637577749,26637577714,0,0,35
13306,0,26639579310,26639579364,0,0,-53
13307,0,26641582313,26641582337,0,0,-24
13308,0,26643584923,26643584912,0,0,11
13309,0,26645586964,26645586950,0,0,13
13310,0,26647589352,26647589314,0,0,38
13311,0,26649591550,26649591532,0,0,17
13312,0,26651594465,26651594434,0,0,30
13313,0,26653596741,26653596702,0,0,38
13314,0,26655598297,26655598252,0,0,44
13315,0,26657600662,26657600598,0,0,64
13316,0,26659602685,26659602627,0,0,58
13317,0,26661604811,26661604761,0,0,49
13318,0,26663606849,26663606805,0,0,44
13319,0,26665609103,26665609066,0,0,36
13320,0,26667611573,26667611519,0,0,53
13321,0,26669614300,26669614258,0,0,41
13322,0,26671615685,26671615649,0,0,36
13323,0,26673616792,26673616772,0,0,20
13324,0,26675619065,26675619091,0,0,-26
13325,0,26677621664,26677621624,0,0,40
13326,0,26679625945,26679625915,0,0,29
13327,0,26681626975,26681626953,0,0,22
13328,0,26683629372,26683629289,0,0,82
13329,0,26685630914,26685630885,0,0,29
13330,0,26687632542,26687632516,0,0,25
13331,0,26689635635,26689635620,0,0,15
13332,0,26691637245,26691637200,0,0,45
13333,0,26693640479,26693640474,0,0,5
13334,0,26695642230,26695642217,0,0,13
13335,0,26697643260,26697643243,0,0,16
13336,0,26699645963,26699645979,0,0,-16
13337,0,26701649113,26701649158,0,0,-44
13338,0,26703652040,26703651990,0,0,49
13339,0,26705653959,26705653945,0,0,13
13340,0,26707656235,26707656201,0,0,34
13341,0,26709658096,26709658128,0,0,-31
13342,0,26711660053,26711660107,0,0,-53
13343,0,26713662390,26713662342,0,0,47
13344,0,26715665979,26715665964,0,0,15
13345,0,26717667462,26717667484,0,0,-21
13346,0,26719669499,26719669516,0,0,-17
13347,0,26721672461,26721672411,0,0,49
13348,0,26723673016,26723672974,0,0,42
13349,0,26725675441,26725675389,0,0,51
13350,0,26727677438,26727677390,0,0,48
13351,0,26729680513,26729680530,0,0,-16
13352,0,26731682555,26731682577,0,0,-22
13353,0,26733684402,26733684375,0,0,26
13354,0,26735686413,26735686385,0,0,28
13355,0,26737689392,26737689337,0,0,55
13356,0,26739691255,26739691220,0,0,35
13357,0,26741692544,26741692504,0,0,40
13358,0,26743696224,26743696170,0,0,53
13359,0,26745699126,26745699085,0,0,41
13360,0,26747700362,26747700371,0,0,-8
13361,0,26749702523,26749702543,0,0,-20
13362,0,26751704787,26751704826,0,0,-38
13363,0,26753707348,26753707401,0,0,-52
13364,0,26755709559,26755709595,0,0,-36
13365,0,26757711390,26757711382,0,0,7
13366,0,26759713696,26759713683,0,0,13
13367,0,26761715549,26761715525,0,0,23
13368,0,26763717241,26763717235,0,0,6
13369,0,26765720427,26765720413,0,0,14
13370,0,26767722946,26767722921,0,0,24
13371,0,26769724658,26769724624,0,0,33
13372,0,26771727110,26771727056,0,0,53
13373,0,26773729169,26773729136,0,0,33
13374,0,26775731690,26775731632,0,0,58
13375,0,26777734934,26777734898,0,0,35
13376,0,26779736244,26779736206,0,0,38
13377,0,26781737930,26781737872,0,0,58
13378,0,26783739555,26783739548,0,0,7
13379,0,26785743000,26785742973,0,0,27
13380,0,26787745230,26787745267,0,0,-36
13381,0,26789747472,26789747503,0,0,-30
13382,0,26791749013,26791749056,0,0,-43
13383,0,26793750108,26793750147,0,0,-38
13384,0,26795752797,26795752797,0,0,0
13385,0,26797755382,26797755368,0,0,14
13386,0,26799757540,26799757516,0,0,23
13387,0,26801760842,26801760828,0,0,13
13388,0,26803763072,26803763057,0,0,15
13389,0,26805764600,26805764595,0,0,4
13390,0,26807765948,26807765929,0,0,19
13391,0,26809768959,26809768950,0,0,8
13392,0,26811771029,26811771021,0,0,7
13393,0,26813774083,26813774123,0,0,-40
13394,0,26815775444,26815775462,0,0,-18
13395,0,26817777219,26817777186,0,0,33
13396,0,26819780284,26819780249,0,0,35
13397,0,26821782610,26821782563,0,0,47
13398,0,26823783617,26823783573,0,0,43
13399,0,26825786303,26825786265,0,0,38
13400,0,26827789289,26827789256,0,0,33
13401,0,26829791632,26829791580,0,0,51
13402,0,26831793840,26831793849,0,0,-8
13403,0,26833795770,26833795733,0,0,36
13404,0,26835797258,26835797205,0,0,53
13405,0,26837800902,26837800846,0,0,56
13406,0,26839802968,26839802937,0,0,30
13407,0,26841806476,26841806426,0,0,49
13408,0,26843806906,26843806856,0,0,50
13409,0,26845808508,26845808468,0,0,40
13410,0,26847811854,26847811815,0,0,39
13411,0,26849814169,26849814121,0,0,48
13412,0,26851816554,26851816498,0,0,55
13413,0,26853819007,26853818969,0,0,38
13414,0,26855820330,26855820319,0,0,11
13415,0,26857822466,26857822426,0,0,40
13416,0,26859824698,26859824708,0,0,-10
13417,0,26861827227,26861827191,0,0,35
13418,0,26863829626,26863829580,0,0,46
13419,0,26865831577,26865831600,0,0,-23
13420,0,26867834428,26867834458,0,0,-30
13421,0,26869835669,26869835701,0,0,-31
13422,0,26871837207,26871837225,0,0,-17
13423,0,26873840960,26873840975,0,0,-14
13424,0,26875842861,26875842880,0,0,-18
13425,0,26877844929,26877844946,0,0,-16
13426,0,26879847195,26879847233,0,0,-38
13427,0,26881849290,26881849317,0,0,-26
13428,0,26883851606,26883851629,0,0,-22
13429,0,26885854552,26885854537,0,0,15
13430,0,26887856206,26887856167,0,0,38
13431,0,26889858459,26889858417,0,0,41
13432,0,26891860583,26891860567,0,0,15
13433,0,26893862409,26893862382,0,0,27
13434,0,26895864280,26895864233,0,0,47
13435,0,26897867368,26897867312,0,0,56
13436,0,26899869357,26899869328,0,0,28
13437,0,26901871555,26901871509,0,0,46
13438,0,26903872952,26903872910,0,0,42
13439,0,26905878009,26905878031,0,0,-22
13440,0,26907879707,26907879727,0,0,-20
13441,0,26909881163,26909881187,0,0,-24
13442,0,26911882675,26911882648,0,0,26
13443,0,26913884501,26913884467,0,0,33
13444,0,26915886020,26915885980,0,0,39
13445,0,26917888397,26917888339,0,0,58
13446,0,26919892244,26919892209,0,0,34
13447,0,26921895880,26921895849,0,0,31
13448,0,26923895856,26923895817,0,0,38
13449,0,26925897024,26925896997,0,0,26
13450,0,26927899426,26927899403,0,0,23
13451,0,26929901964,26929901934,0,0,29
13452,0,26931904907,26931904871,0,0,35
13453,0,26933906282,26933906260,0,0,21
13454,0,26935909957,26935909911,0,0,46
13455,0,26937912184,26937912155,0,0,28
13456,0,26939913015,26939912972,0,0,42
13457,0,26941916226,26941916187,0,0,38
13458,0,26943917854,26943917871,0,0,-16
13459,0,26945919856,26945919881,0,0,-24
13460,0,26947922905,26947922924,0,0,-19
13461,0,26949924624,26949924577,0,0,46
13462,0,26951926249,26951926217,0,0,31
13463,0,26953929792,26953929767,0,0,24
13464,0,26955931487,26955931503,0,0,-15
13465,0,26957932892,26957932932,0,0,-40
13466,0,26959936443,26959936409,0,0,33
13467,0,26961938307,26961938278,0,0,29
13468,0,26963940672,26963940647,0,0,24
13469,0,26965942712,26965942686,0,0,26
13470,0,26967944174,26967944206,0,0,-31
13471,0,26969948439,26969948468,0,0,-29
13472,0,26971949915,26971949929,0,0,-13
13473,0,26973952000,26973952022,0,0,-22
13474,0,26975954201,26975954157,0,0,44
13475,0,26977956118,26977956106,0,0,11
13476,0,26979959153,26979959126,0,0,26
13477,0,26981960750,26981960739,0,0,11
13478,0,26983962934,26983962991,0,0,-56
13479,0,26985964757,26985964799,0,0,-42
13480,0,26987966105,26987966085,0,0,19
13481,0,26989968296,26989968271,0,0,24
13482,0,26991971174,26991971144,0,0,29
13483,0,26993974291,26993974278,0,0,13
13484,0,26995976383,26995976358,0,0,24
13485,0,26997978503,26997978483,0,0,20
13486,0,26999980257,26999980235,0,0,22
13487,0,27001981683,27001981656,0,0,26
13488,0,27003986076,27003986062,0,0,13
13489,0,27005987665,27005987647,0,0,17
13490,0,27007989530,27007989561,0,0,-31
13491,0,27009991645,27009991714,0,0,-69
13492,0,27011994159,27011994142,0,0,16
13493,0,27013996208,27013996234,0,0,-26
13494,0,27015998865,27015998844,0,0,20
13495,0,27018000856,27018000828,0,0,28
13496,0,27020003038,27020002999,0,0,39
13497,0,27022006120,27022006175,0,0,-54
13498,0,27024006314,27024006285,0,0,28
13499,0,27026009348,27026009337,0,0,10
13500,0,27028011085,27028011043,0,0,41
13501,0,27030014186,27030014152,0,0,34
13502,0,27032016660,27032016633,0,0,26
13503,0,27034019303,27034019294,0,0,8
13504,0,27036021841,27036021799,0,0,42
13505,0,27038022728,27038022691,0,0,36
13506,0,27040024334,27040024291,0,0,43
13507,0,27042027788,27042027753,0,0,35
13508,0,27044029748,27044029773,0,0,-24
13509,0,27046031492,27046031532,0,0,-39
13510,0,27048033483,27048033506,0,0,-23
13511,0,27050036076,27050036104,0,0,-28
13512,0,27052038526,27052038479,0,0,47
13513,0,27054041116,27054041089,0,0,27
13514,0,27056042793,27056042754,0,0,38
13515,0,27058044222,27058044204,0,0,17
13516,0,27060046371,27060046345,0,0,26
13517,0,27062049565,27062049540,0,0,24
13518,0,27064051729,27064051699,0,0,29
13519,0,27066054352,27066054314,0,0,38
13520,0,27068057613,27068057575,0,0,38
13521,0,27070058129,27070058101,0,0,27
13522,0,27072059332,27072059283,0,0,48
13523,0,27074061802,27074061763,0,0,38
13524,0,27076064271,27076064224,0,0,47
13525,0,27078067879,27078067825,0,0,53
13526,0,27080069720,27080069672,0,0,47
13527,0,27082071767,27082071721,0,0,46
13528,0,27084074292,27084074314,0,0,-22
13529,0,27086076146,27086076174,0,0,-28
13530,0,27088077761,27088077802,0,0,-41
13531,0,27090080688,27090080693,0,0,-4
13532,0,27092083238,27092083193,0,0,44
13533,0,27094084888,27094084862,0,0,26
13534,0,27096086573,27096086587,0,0,-14
13535,0,27098090073,27098090047,0,0,26
13536,0,27100093006,27100092988,0,0,17
13537,0,27102093948,27102093924,0,0,23
13538,0,27104095648,27104095618,0,0,29
13539,0,27106098328,27106098304,0,0,23
13540,0,27108099867,27108099901,0,0,-33
13541,0,27110102605,27110102626,0,0,-21
13542,0,27112104194,27112104228,0,0,-33
13543,0,27114107684,27114107718,0,0,-33
13544,0,27116109796,27116109740,0,0,56
13545,0,27118111647,27118111597,0,0,49
13546,0,27120112903,27120112923,0,0,-20
13547,0,27122116388,27122116402,0,0,-13
13548,0,27124117376,27124117402,0,0,-26
13549,0,27126120090,27126120047,0,0,43
13550,0,27128123064,27128123017,0,0,46
13551,0,27130124982,27130124912,0,0,69
13552,0,27132127532,27132127483,0,0,48
13553,0,27134129376,27134129314,0,0,61
13554,0,27136131045,27136131058,0,0,-13
13555,0,27138134365,27138134357,0,0,8
13556,0,27140137012,27140136952,0,0,59
13557,0,27142138191,27142138128,0,0,62
13558,0,27144140022,27144139964,0,0,58
13559,0,27146142872,27146142814,0,0,58
13560,0,27148144404,27148144343,0,0,60
13561,0,27150148061,27150148074,0,0,-13
13562,0,27152149755,27152149717,0,0,38
13563,0,27154151548,27154151505,0,0,43
13564,0,27156153881,27156153827,0,0,53
13565,0,27158155971,27158155911,0,0,60
13566,0,27160157788,27160157739,0,0,48
13567,0,27162162348,27162162358,0,0,-9
13568,0,27164164937,27164164959,0,0,-22
13569,0,27166164017,27166163973,0,0,44
13570,0,27168166111,27168166076,0,0,34
13571,0,27170168649,27170168674,0,0,-24
13572,0,27172172065,27172172083,0,0,-17
13573,0,27174173856,27174173889,0,0,-33
13574,0,27176175388,27176175403,0,0,-15
13575,0,27178178368,27178178330,0,0,37
13576,0,27180179578,27180179542,0,0,35
13577,0,27182181942,27182181910,0,0,32
13578,0,27184184940,27184184901,0,0,39
13579,0,27186187852,27186187800,0,0,51
13580,0,27188190033,27188189991,0,0,41
13581,0,27190191793,27190191767,0,0,26
13582,0,27192193235,27192193195,0,0,39
13583,0,27194196540,27194196509,0,0,31
13584,0,27196199672,27196199633,0,0,38
13585,0,27198200903,27198200871,0,0,31
13586,0,27200202944,27200202898,0,0,46
13587,0,27202204143,27202204123,0,0,20
13588,0,27204207231,27204207206,0,0,24
13589,0,27206209656,27206209631,0,0,24
13590,0,27208211398,27208211356,0,0,42
13591,0,27210214182,27210214156,0,0,25
13592,0,27212216593,27212216571,0,0,21
13593,0,27214218750,27214218761,0,0,-11
13594,0,27216220617,27216220671,0,0,-53
13595,0,27218221973,27218221951,0,0,21
13596,0,27220224432,27220224397,0,0,34
13597,0,27222229164,27222229204,0,0,-40
13598,0,27224229878,27224229910,0,0,-31
13599,0,27226232903,27226232939,0,0,-36
13600,0,27228235507,27228235472,0,0,35
13601,0,27230236719,27230236702,0,0,17
13602,0,27232239248,27232239287,0,0,-38
13603,0,27234241452,27234241491,0,0,-38
13604,0,27236243538,27236243579,0,0,-40
13605,0,27238245106,27238245129,0,0,-22
13606,0,27240246464,27240246449,0,0,14
13607,0,27242248952,27242248943,0,0,9
13608,0,27244251779,27244251748,0,0,30
13609,0,27246253773,27246253724,0,0,48
13610,0,27248256445,27248256408,0,0,37
13611,0,27250257658,27250257623,0,0,35
13612,0,27252260751,27252260718,0,0,33
13613,0,27254261934,27254261898,0,0,35
13614,0,27256264382,27256264373,0,0,8
13615,0,27258267778,27258267761,0,0,16
13616,0,27260271036,27260271028,0,0,8
13617,0,27262271896,27262271849,0,0,47
13618,0,27264273708,27264273682,0,0,26
13619,0,27266276071,27266276049,0,0,21
13620,0,27268277955,27268277982,0,0,-27
13621,0,27270281164,27270281155,0,0,8
13622,0,27272283379,27272283358,0,0,21
13623,0,27274285038,27274285010,0,0,28
13624,0,27276286557,27276286548,0,0,8
13625,0,27278289118,27278289094,0,0,23
13626,0,27280292373,27280292354,0,0,19
13627,0,27282294798,27282294782,0,0,16
13628,0,27284296739,27284296716,0,0,22
13629,0,27286298146,27286298114,0,0,31
13630,0,27288300268,27288300232,0,0,35
13631,0,27290303521,27290303507,0,0,14
13632,0,27292306806,27292306780,0,0,25
13633,0,27294308422,27294308382,0,0,40
13634,0,27296309923,27296309884,0,0,38
13635,0,27298312085,27298312048,0,0,37
13636,0,27300314338,27300314303,0,0,35
13637,0,27302316350,27302316326,0,0,23
13638,0,27304318377,27304318354,0,0,22
13639,0,27306321573,27306321559,0,0,13
13640,0,27308323393,27308323374,0,0,19
13641,0,27310325608,27310325640,0,0,-31
13642,0,27312327399,27312327362,0,0,36
13643,0,27314328779,27314328732,0,0,47
13644,0,27316330993,27316330962,0,0,31
13645,0,27318333844,27318333820,0,0,23
13646,0,27320336646,27320336608,0,0,37
13647,0,27322339804,27322339770,0,0,34
13648,0,27324341286,27324341269,0,0,16
13649,0,27326342982,27326342974,0,0,8
13650,0,27328344941,27328344910,0,0,31
13651,0,27330348237,27330348232,0,0,4
13652,0,27332350152,27332350137,0,0,15
13653,0,27334352304,27334352262,0,0,42
13654,0,27336354789,27336354759,0,0,30
13655,0,27338356233,27338356199,0,0,34
13656,0,27340357692,27340357729,0,0,-36
13657,0,27342360213,27342360238,0,0,-24
13658,0,27344363592,27344363542,0,0,49
13659,0,27346365676,27346365647,0,0,28
13660,0,27348367709,27348367671,0,0,38
13661,0,27350369829,27350369775,0,0,54
13662,0,27352371582,27352371555,0,0,26
13663,0,27354376267,27354376238,0,0,28
13664,0,27356379108,27356379115,0,0,-6
13665,0,27358379090,27358379051,0,0,38
13666,0,27360381013,27360380943,0,0,69
13667,0,27362381894,27362381911,0,0,-17
13668,0,27364384624,27364384637,0,0,-13
13669,0,27366388159,27366388150,0,0,8
13670,0,27368390480,27368390442,0,0,38
13671,0,27370391979,27370391910,0,0,69
13672,0,27372393328,27372393288,0,0,40
13673,0,27374395364,27374395320,0,0,44
13674,0,27376398154,27376398161,0,0,-6
13675,0,27378401469,27378401486,0,0,-16
13676,0,27380403365,27380403420,0,0,-55
13677,0,27382405712,27382405660,0,0,51
13678,0,27384406973,27384406952,0,0,20
13679,0,27386410337,27386410290,0,0,47
13680,0,27388412555,27388412595,0,0,-40
13681,0,27390416234,27390416265,0,0,-30
13682,0,27392416881,27392416873,0,0,8
13683,0,27394419266,27394419226,0,0,40
13684,0,27396421217,27396421184,0,0,33
13685,0,27398423080,27398423026,0,0,54
13686,0,27400424875,27400424889,0,0,-13
13687,0,27402428091,27402428105,0,0,-13
13688,0,27404430622,27404430631,0,0,-9
13689,0,27406432099,27406432123,0,0,-24
13690,0,27408434085,27408434096,0,0,-11
13691,0,27410436660,27410436604,0,0,55
13692,0,27412438872,27412438819,0,0,53
13693,0,27414440374,27414440384,0,0,-10
13694,0,27416443916,27416443939,0,0,-22
13695,0,27418446281,27418446228,0,0,53
13696,0,27420447889,27420447833,0,0,56
13697,0,27422452694,27422452647,0,0,47
13698,0,27424452658,27424452701,0,0,-43
13699,0,27426454934,27426454946,0,0,-11
13700,0,27428456999,27428457029,0,0,-30
13701,0,27430459211,27430459245,0,0,-33
13702,0,27432461747,27432461781,0,0,-33
13703,0,27434463415,27434463370,0,0,45
13704,0,27436465766,27436465736,0,0,29
13705,0,27438468239,27438468213,0,0,26
13706,0,27440470451,27440470417,0,0,34
13707,0,27442472869,27442472825,0,0,44
13708,0,27444474622,27444474593,0,0,29
13709,0,27446476496,27446476437,0,0,59
13710,0,27448478438,27448478397,0,0,41
13711,0,27450481514,27450481486,0,0,27
13712,0,27452483818,27452483775,0,0,43
13713,0,27454486966,27454486926,0,0,39
13714,0,27456488157,27456488133,0,0,23
13715,0,27458489921,27458489896,0,0,24
13716,0,27460491525,27460491579,0,0,-54
13717,0,27462494584,27462494623,0,0,-39
13718,0,27464496770,27464496783,0,0,-12
13719,0,27466498808,27466498822,0,0,-14
13720,0,27468500410,27468500449,0,0,-38
13721,0,27470503451,27470503499,0,0,-48
13722,0,27472506036,27472506100,0,0,-63
13723,0,27474508216,27474508185,0,0,31
13724,0,27476510310,27476510285,0,0,24
13725,0,27478512202,27478512182,0,0,19
13726,0,27480513792,27480513837,0,0,-44
13727,0,27482517892,27482517958,0,0,-65
13728,0,27484520325,27484520313,0,0,11
13729,0,27486523047,27486523017,0,0,29
13730,0,27488523766,27488523728,0,0,38
13731,0,27490525573,27490525557,0,0,15
13732,0,27492528121,27492528092,0,0,28
13733,0,27494529710,27494529745,0,0,-35
13734,0,27496531222,27496531242,0,0,-20
13735,0,27498533683,27498533725,0,0,-42
13736,0,27500537004,27500536963,0,0,41
13737,0,27502538902,27502538894,0,0,8
13738,0,27504540384,27504540375,0,0,8
13739,0,27506543286,27506543247,0,0,39
13740,0,27508544533,27508544475,0,0,58
13741,0,27510547618,27510547569,0,0,49
13742,0,27512550263,27512550231,0,0,32
13743,0,27514552467,27514552420,0,0,46
13744,0,27516555082,27516555098,0,0,-15
13745,0,27518558298,27518558262,0,0,36
13746,0,27520559412,27520559368,0,0,43
13747,0,27522562710,27522562650,0,0,59
13748,0,27524563838,27524563782,0,0,56
13749,0,27526565914,27526565854,0,0,59
13750,0,27528568688,27528568633,0,0,54
13751,0,27530570264,27530570198,0,0,65
13752,0,27532572867,27532572806,0,0,60
13753,0,27534574822,27534574761,0,0,60
13754,0,27536577411,27536577377,0,0,34
13755,0,27538579114,27538579079,0,0,35
13756,0,27540581134,27540581106,0,0,27
13757,0,27542582267,27542582311,0,0,-43
13758,0,27544585011,27544585034,0,0,-23
13759,0,27546589202,27546589187,0,0,14
13760,0,27548591395,27548591380,0,0,15
13761,0,27550593894,27550593853,0,0,41
13762,0,27552595049,27552595065,0,0,-15
13763,0,27554596496,27554596528,0,0,-31
13764,0,27556598362,27556598409,0,0,-47
13765,0,27558601552,27558601569,0,0,-17
13766,0,27560603794,27560603778,0,0,15
13767,0,27562605582,27562605549,0,0,33
13768,0,27564606701,27564606679,0,0,21
13769,0,27566608991,27566608960,0,0,30
13770,0,27568611378,27568611422,0,0,-44
13771,0,27570615212,27570615168,0,0,43
13772,0,27572617113,27572617066,0,0,47
13773,0,27574618647,27574618586,0,0,60
13774,0,27576620580,27576620537,0,0,43
13775,0,27578623354,27578623313,0,0,40
13776,0,27580624788,27580624748,0,0,40
13777,0,27582629444,27582629463,0,0,-18
13778,0,27584630264,27584630216,0,0,47
13779,0,27586632110,27586632083,0,0,27
13780,0,27588633640,27588633621,0,0,19
13781,0,27590635539,27590635488,0,0,51
13782,0,27592638831,27592638798,0,0,33
13783,0,27594641449,27594641422,0,0,26
13784,0,27596643804,27596643752,0,0,51
13785,0,27598645723,27598645685,0,0,38
13786,0,27600647366,27600647309,0,0,56
13787,0,27602650689,27602650623,0,0,65
13788,0,27604652438,27604652378,0,0,59
13789,0,27606653692,27606653612,0,0,80
13790,0,27608656541,27608656566,0,0,-24
13791,0,27610658796,27610658766,0,0,30
13792,0,27612660478,27612660419,0,0,59
13793,0,27614664024,27614663959,0,0,65
13794,0,27616666293,27616666256,0,0,36
13795,0,27618668370,27618668337,0,0,33
13796,0,27620670100,27620670065,0,0,35
13797,0,27622673096,27622673042,0,0,54
13798,0,27624675591,27624675554,0,0,37
13799,0,27626676674,27626676644,0,0,29
13800,0,27628678498,27628678510,0,0,-12
13801,0,27630681925,27630681951,0,0,-26
13802,0,27632683729,27632683754,0,0,-24
13803,0,27634685382,27634685336,0,0,45
13804,0,27636687209,27636687193,0,0,16
13805,0,27638690418,27638690392,0,0,26
13806,0,27640692795,27640692765,0,0,29
13807,0,27642695238,27642695203,0,0,35
13808,0,27644697208,27644697172,0,0,36
13809,0,27646699251,27646699214,0,0,36
13810,0,27648701527,27648701485,0,0,42
13811,0,27650702548,27650702502,0,0,45
13812,0,27652705253,27652705231,0,0,22
13813,0,27654708567,27654708535,0,0,31
13814,0,27656710301,27656710314,0,0,-13
13815,0,27658712201,27658712224,0,0,-23
13816,0,27660714064,27660714030,0,0,33
13817,0,27662716972,27662716914,0,0,58
13818,0,27664718628,27664718621,0,0,6
13819,0,27666721860,27666721834,0,0,26
13820,0,27668724024,27668723988,0,0,36
13821,0,27670725944,27670725905,0,0,38
13822,0,27672727159,27672727112,0,0,47
13823,0,27674730988,27674730946,0,0,41
13824,0,27676732454,27676732420,0,0,33
13825,0,27678735332,27678735295,0,0,36
13826,0,27680737259,27680737223,0,0,35
13827,0,27682738995,27682739004,0,0,-8
13828,0,27684740816,27684740833,0,0,-16
13829,0,27686743423,27686743437,0,0,-13
13830,0,27688745188,27688745199,0,0,-11
13831,0,27690748350,27690748303,0,0,47
13832,0,27692750563,27692750516,0,0,46
13833,0,27694752577,27694752536,0,0,40
13834,0,27696754048,27696753996,0,0,51
13835,0,27698757132,27698757080,0,0,52
13836,0,27700759722,27700759679,0,0,42
13837,0,27702761710,27702761659,0,0,50
13838,0,27704764116,27704764071,0,0,44
13839,0,27706765788,27706765741,0,0,47
13840,0,27708767117,27708767047,0,0,69
13841,0,27710770341,27710770303,0,0,38
13842,0,27712771673,27712771653,0,0,19
13843,0,27714775512,27714775497,0,0,14
13844,0,27716777367,27716777342,0,0,24
13845,0,27718779036,27718779028,0,0,8
13846,0,27720780503,27720780483,0,0,20
13847,0,27722785319,27722785345,0,0,-25
13848,0,27724786105,27724786072,0,0,32
13849,0,27726788490,27726788464,0,0,26
13850,0,27728791314,27728791364,0,0,-49
13851,0,27730792566,27730792608,0,0,-42
13852,0,27732795039,27732795076,0,0,-36
13853,0,27734796751,27734796782,0,0,-30
13854,0,27736798795,27736798845,0,0,-50
13855,0,27738802034,27738802004,0,0,29
13856,0,27740804106,27740804087,0,0,19
13857,0,27742806083,27742806043,0,0,40
13858,0,27744808442,27744808468,0,0,-25
13859,0,27746810227,27746810269,0,0,-42
13860,0,27748811316,27748811278,0,0,38
13861,0,27750813732,27750813696,0,0,36
13862,0,27752816849,27752816811,0,0,37
13863,0,27754819236,27754819216,0,0,20
13864,0,27756820517,27756820564,0,0,-46
13865,0,27758822410,27758822449,0,0,-39
13866,0,27760825112,27760825136,0,0,-23
13867,0,27762828343,27762828308,0,0,35
13868,0,27764830620,27764830608,0,0,12
13869,0,27766832746,27766832719,0,0,26
13870,0,27768834806,27768834780,0,0,25
13871,0,27770836076,27770836025,0,0,51
13872,0,27772838225,27772838268,0,0,-42
13873,0,27774840808,27774840761,0,0,47
13874,0,27776844907,27776844869,0,0,38
13875,0,27778846602,27778846578,0,0,24
13876,0,27780848613,27780848575,0,0,38
13877,0,27782850181,27782850155,0,0,26
13878,0,27784851694,27784851678,0,0,15
13879,0,27786855408,27786855374,0,0,33
13880,0,27788857356,27788857307,0,0,48
13881,0,27790859250,27790859318,0,0,-67
13882,0,27792860800,27792860806,0,0,-5
13883,0,27794863629,27794863658,0,0,-29
13884,0,27796865222,27796865257,0,0,-34
13885,0,27798868364,27798868340,0,0,23
13886,0,27800870771,27800870733,0,0,38
13887,0,27802873274,27802873234,0,0,40
13888,0,27804875139,27804875101,0,0,38
13889,0,27806876894,27806876917,0,0,-23
13890,0,27808879721,27808879714,0,0,7
13891,0,27810881644,27810881621,0,0,23
13892,0,27812883886,27812883865,0,0,21
13893,0,27814885611,27814885573,0,0,38
13894,0,27816887312,27816887287,0,0,25
13895,0,27818890293,27818890279,0,0,13
13896,0,27820891993,27820891970,0,0,23
13897,0,27822896692,27822896666,0,0,25
13898,0,27824897154,27824897134,0,0,19
13899,0,27826898070,27826898033,0,0,37
13900,0,27828900597,27828900580,0,0,17
13901,0,27830903022,27830903053,0,0,-30
13902,0,27832906110,27832906146,0,0,-36
13903,0,27834908315,27834908285,0,0,29
13904,0,27836910723,27836910682,0,0,41
13905,0,27838912642,27838912611,0,0,30
13906,0,27840915446,27840915396,0,0,49
13907,0,27842917341,27842917267,0,0,73
13908,0,27844919447,27844919458,0,0,-11
13909,0,27846921323,27846921334,0,0,-11
13910,0,27848924058,27848924067,0,0,-9
13911,0,27850926047,27850925989,0,0,58
13912,0,27852928017,27852927968,0,0,49
13913,0,27854930576,27854930521,0,0,55
13914,0,27856932069,27856932092,0,0,-22
13915,0,27858935305,27858935274,0,0,31
13916,0,27860937419,27860937375,0,0,43
13917,0,27862939026,27862938997,0,0,28
13918,0,27864940441,27864940399,0,0,42
13919,0,27866944003,27866943958,0,0,44
13920,0,27868947488,27868947456,0,0,31
13921,0,27870949220,27870949183,0,0,36
13922,0,27872951868,27872951844,0,0,23
13923,0,27874952858,27874952824,0,0,34
13924,0,27876955084,27876955056,0,0,27
13925,0,27878957479,27878957433,0,0,45
13926,0,27880958802,27880958829,0,0,-26
13927,0,27882962137,27882962110,0,0,26
13928,0,27884964266,27884964226,0,0,39
13929,0,27886966285,27886966247,0,0,37
13930,0,27888968239,27888968201,0,0,38
13931,0,27890969617,27890969580,0,0,36
13932,0,27892973226,27892973184,0,0,42
13933,0,27894975637,27894975666,0,0,-29
13934,0,27896977647,27896977660,0,0,-12
13935,0,27898979453,27898979483,0,0,-29
13936,0,27900980765,27900980741,0,0,23
13937,0,27902984239,27902984202,0,0,37
13938,0,27904986719,27904986675,0,0,43
13939,0,27906988596,27906988568,0,0,27
13940,0,27908991153,27908991095,0,0,58
13941,0,27910993060,27910993036,0,0,24
13942,0,27912995328,27912995276,0,0,51
13943,0,27914997626,27914997595,0,0,30
13944,0,27916999928,27916999908,0,0,20
13945,0,27919002174,27919002149,0,0,24
13946,0,27921004137,27921004107,0,0,29
13947,0,27923007370,27923007341,0,0,28
13948,0,27925007541,27925007489,0,0,51
13949,0,27927011033,27927010993,0,0,40
13950,0,27929013134,27929013116,0,0,17
13951,0,27931015570,27931015608,0,0,-38
13952,0,27933017911,27933017925,0,0,-13
13953,0,27935019746,27935019769,0,0,-23
13954,0,27937023014,27937023024,0,0,-9
13955,0,27939024075,27939024085,0,0,-10
13956,0,27941026227,27941026188,0,0,39
13957,0,27943027656,27943027609,0,0,46
13958,0,27945031828,27945031780,0,0,47
13959,0,27947032991,27947032934,0,0,56
13960,0,27949034932,27949034952,0,0,-20
13961,0,27951036628,27951036606,0,0,22
13962,0,27953040040,27953039982,0,0,57
13963,0,27955042215,27955042157,0,0,58
13964,0,27957044441,27957044447,0,0,-5
13965,0,27959046267,27959046289,0,0,-21
13966,0,27961048626,27961048634,0,0,-8
13967,0,27963051344,27963051296,0,0,47
13968,0,27965053343,27965053289,0,0,53
13969,0,27967055566,27967055514,0,0,51
13970,0,27969058741,27969058698,0,0,43
13971,0,27971059249,27971059216,0,0,33
13972,0,27973060823,27973060860,0,0,-36
13973,0,27975064121,27975064155,0,0,-33
13974,0,27977066316,27977066265,0,0,51
13975,0,27979068764,27979068727,0,0,37
13976,0,27981071408,27981071362,0,0,45
13977,0,27983072948,27983072988,0,0,-40
13978,0,27985075128,27985075134,0,0,-5
13979,0,27987076429,27987076442,0,0,-12
13980,0,27989079914,27989079862,0,0,51
13981,0,27991082035,27991081980,0,0,55
13982,0,27993084795,27993084758,0,0,37
13983,0,27995087224,27995087241,0,0,-16
13984,0,27997089399,27997089420,0,0,-20
13985,0,27999090673,27999090686,0,0,-13
13986,0,28001093265,28001093299,0,0,-33
13987,0,28003096180,28003096134,0,0,46
13988,0,28005097382,28005097339,0,0,43
13989,0,28007098806,28007098828,0,0,-22
13990,0,28009101451,28009101470,0,0,-18
13991,0,28011104256,28011104292,0,0,-36
13992,0,28013106291,28013106316,0,0,-25
13993,0,28015108353,28015108315,0,0,38
13994,0,28017110867,28017110847,0,0,19
13995,0,28019113121,28019113083,0,0,37
13996,0,28021115579,28021115541,0,0,38
13997,0,28023119038,28023118996,0,0,41
13998,0,28025120381,28025120428,0,0,-47
13999,0,28027122369,28027122401,0,0,-31
14000,0,28029124743,28029124705,0,0,38
14001,0,28031126233,28031126193,0,0,39
14002,0,28033129292,28033129274,0,0,17
14003,0,28035130496,28035130541,0,0,-44
14004,0,28037132640,28037132696,0,0,-56
14005,0,28039136171,28039136161,0,0,9
14006,0,28041137920,28041137896,0,0,23
14007,0,28043139912,28043139897,0,0,14
14008,0,28045142340,28045142319,0,0,20
14009,0,28047144103,28047144090,0,0,12
14010,0,28049145444,28049145436,0,0,7
14011,0,28051149267,28051149242,0,0,24
14012,0,28053151135,28053151098,0,0,36
14013,0,28055153259,28055153244,0,0,15
14014,0,28057155615,28057155650,0,0,-34
14015,0,28059157874,28059157919,0,0,-44
14016,0,28061160078,28061160089,0,0,-11
14017,0,28063162458,28063162487,0,0,-29
14018,0,28065165339,28065165347,0,0,-8
14019,0,28067166608,28067166548,0,0,60
14020,0,28069168322,28069168273,0,0,49
14021,0,28071169546,28071169509,0,0,36
14022,0,28073172609,28073172546,0,0,62
14023,0,28075175587,28075175555,0,0,31
14024,0,28077178199,28077178161,0,0,38
14025,0,28079180397,28079180364,0,0,32
14026,0,28081182493,28081182478,0,0,14
14027,0,28083184169,28083184170,0,0,-1
14028,0,28085185970,28085185954,0,0,15
14029,0,28087189051,28087189030,0,0,20
14030,0,28089191211,28089191183,0,0,28
14031,0,28091193066,28091193051,0,0,15
14032,0,28093195352,28093195315,0,0,36
14033,0,28095197380,28095197374,0,0,6
14034,0,28097198849,28097198866,0,0,-16
14035,0,28099202121,28099202140,0,0,-18
14036,0,28101203980,28101204012,0,0,-31
14037,0,28103205172,28103205139,0,0,33
14038,0,28105208042,28105208067,0,0,-25
14039,0,28107210647,28107210679,0,0,-31
14040,0,28109212471,28109212496,0,0,-24
14041,0,28111215512,28111215535,0,0,-23
14042,0,28113217791,28113217830,0,0,-38
14043,0,28115219438,28115219393,0,0,44
14044,0,28117221086,28117221137,0,0,-50
14045,0,28119224544,28119224496,0,0,47
14046,0,28121225993,28121225934,0,0,58
14047,0,28123231013,28123230984,0,0,29
14048,0,28125232492,28125232463,0,0,28
14049,0,28127233164,28127233124,0,0,40
14050,0,28129234269,28129234242,0,0,26
14051,0,28131237548,28131237515,0,0,33
14052,0,28133239031,28133238972,0,0,58
14053,0,28135242197,28135242220,0,0,-22
14054,0,28137244604,28137244616,0,0,-11
14055,0,28139246846,28139246853,0,0,-7
14056,0,28141248696,28141248658,0,0,38
14057,0,28143250061,28143250043,0,0,17
14058,0,28145253759,28145253702,0,0,57
14059,0,28147256053,28147256076,0,0,-22
14060,0,28149257706,28149257719,0,0,-13
14061,0,28151259428,28151259462,0,0,-34
14062,0,28153261522,28153261537,0,0,-15
14063,0,28155264121,28155264149,0,0,-28
14064,0,28157265731,28157265687,0,0,43
14065,0,28159267987,28159267952,0,0,34
14066,0,28161271375,28161271340,0,0,35
14067,0,28163274159,28163274136,0,0,23
14068,0,28165275591,28165275564,0,0,26
14069,0,28167277257,28167277218,0,0,38
14070,0,28169279346,28169279299,0,0,46
14071,0,28171282307,28171282278,0,0,29
14072,0,28173284296,28173284239,0,0,56
14073,0,28175285368,28175285332,0,0,35
14074,0,28177287939,28177287907,0,0,32
14075,0,28179291162,28179291137,0,0,24
14076,0,28181293346,28181293303,0,0,42
14077,0,28183295755,28183295798,0,0,-42
14078,0,28185297919,28185297948,0,0,-29
14079,0,28187300989,28187301013,0,0,-23
14080,0,28189303145,28189303115,0,0,29
14081,0,28191304612,28191304552,0,0,59
14082,0,28193306792,28193306777,0,0,15
14083,0,28195310122,28195310072,0,0,49
14084,0,28197311600,28197311631,0,0,-30
14085,0,28199313231,28199313319,0,0,-88
14086,0,28201314498,28201314527,0,0,-28
14087,0,28203316356,28203316390,0,0,-33
14088,0,28205319323,28205319287,0,0,35
14089,0,28207322427,28207322391,0,0,36
14090,0,28209324353,28209324314,0,0,39
14091,0,28211325800,28211325838,0,0,-38
14092,0,28213328844,28213328878,0,0,-34
14093,0,28215330038,28215330013,0,0,24
14094,0,28217333410,28217333377,0,0,32
14095,0,28219335719,28219335685,0,0,33
14096,0,28221337689,28221337651,0,0,38
14097,0,28223340276,28223340220,0,0,55
14098,0,28225342238,28225342209,0,0,28
14099,0,28227345828,28227345773,0,0,54
14100,0,28229346905,28229346867,0,0,38
14101,0,28231349541,28231349509,0,0,32
14102,0,28233351590,28233351542,0,0,47
14103,0,28235352946,28235352898,0,0,47
14104,0,28237354892,28237354854,0,0,38
14105,0,28239358023,28239358000,0,0,23
14106,0,28241360936,28241360898,0,0,38
14107,0,28243362578,28243362539,0,0,39
14108,0,28245364395,28245364363,0,0,31
14109,0,28247365119,28247365142,0,0,-23
14110,0,28249367758,28249367768,0,0,-9
14111,0,28251370058,28251370020,0,0,38
14112,0,28253372764,28253372715,0,0,49
14113,0,28255375656,28255375683,0,0,-26
14114,0,28257378310,28257378260,0,0,49
14115,0,28259381044,28259381008,0,0,36
14116,0,28261381976,28261381936,0,0,40
14117,0,28263383523,28263383488,0,0,34
14118,0,28265387015,28265386988,0,0,26
14119,0,28267389227,28267389202,0,0,25
14120,0,28269391433,28269391408,0,0,24
14121,0,28271393065,28271393037,0,0,28
14122,0,28273394395,28273394365,0,0,29
14123,0,28275396842,28275396813,0,0,29
14124,0,28277400197,28277400151,0,0,46
14125,0,28279402373,28279402325,0,0,47
14126,0,28281404696,28281404670,0,0,26
14127,0,28283406516,28283406476,0,0,40
14128,0,28285408067,28285408027,0,0,39
14129,0,28287410969,28287410986,0,0,-17
14130,0,28289412740,28289412793,0,0,-52
14131,0,28291417107,28291417114,0,0,-6
14132,0,28293418013,28293417978,0,0,35
14133,0,28295420372,28295420417,0,0,-44
14134,0,28297422659,28297422679,0,0,-20
14135,0,28299424546,28299424587,0,0,-41
14136,0,28301425786,28301425751,0,0,35
14137,0,28303429235,28303429223,0,0,11
14138,0,28305431818,28305431802,0,0,15
14139,0,28307433970,28307433956,0,0,14
14140,0,28309435802,28309435829,0,0,-27
14141,0,28311438349,28311438383,0,0,-33
14142,0,28313440256,28313440296,0,0,-40
14143,0,28315443564,28315443548,0,0,15
14144,0,28317445910,28317445903,0,0,7
14145,0,28319446495,28319446487,0,0,8
14146,0,28321448415,28321448450,0,0,-35
14147,0,28323453815,28323453851,0,0,-36
14148,0,28325453796,28325453770,0,0,26
14149,0,28327455795,28327455844,0,0,-49
14150,0,28329458157,28329458148,0,0,8
14151,0,28331460190,28331460180,0,0,9
14152,0,28333462576,28333462577,0,0,0
14153,0,28335464409,28335464352,0,0,56
14154,0,28337465737,28337465750,0,0,-13
14155,0,28339469219,28339469231,0,0,-11
14156,0,28341471404,28341471353,0,0,51
14157,0,28343473430,28343473400,0,0,29
14158,0,28345475921,28345475934,0,0,-13
14159,0,28347477880,28347477896,0,0,-15
14160,0,28349480406,28349480452,0,0,-46
14161,0,28351482767,28351482741,0,0,25
14162,0,28353485251,28353485217,0,0,34
14163,0,28355486932,28355486903,0,0,29
14164,0,28357490662,28357490604,0,0,58
14165,0,28359491624,28359491588,0,0,35
14166,0,28361493175,28361493138,0,0,37
14167,0,28363496257,28363496227,0,0,29
14168,0,28365498587,28365498549,0,0,38
14169,0,28367500895,28367500851,0,0,43
14170,0,28369502823,28369502840,0,0,-16
14171,0,28371504222,28371504258,0,0,-35
14172,0,28373506562,28373506573,0,0,-10
14173,0,28375509116,28375509074,0,0,41
14174,0,28377511252,28377511198,0,0,53
14175,0,28379513085,28379513055,0,0,29
14176,0,28381515665,28381515627,0,0,37
14177,0,28383516939,28383516934,0,0,5
14178,0,28385520261,28385520278,0,0,-16
14179,0,28387522538,28387522574,0,0,-35
14180,0,28389526067,28389526039,0,0,27
14181,0,28391526914,28391526922,0,0,-8
14182,0,28393529293,28393529243,0,0,49
14183,0,28395531505,28395531457,0,0,48
14184,0,28397532599,28397532563,0,0,35
14185,0,28399536723,28399536748,0,0,-24
14186,0,28401538300,28401538292,0,0,7
14187,0,28403540292,28403540247,0,0,44
14188,0,28405542788,28405542773,0,0,15
14189,0,28407544441,28407544433,0,0,8
14190,0,28409546193,28409546226,0,0,-32
14191,0,28411549423,28411549357,0,0,65
14192,0,28413551662,28413551626,0,0,35
14193,0,28415553543,28415553532,0,0,11
14194,0,28417555733,28417555696,0,0,37
14195,0,28419557182,28419557209,0,0,-26
14196,0,28421560977,28421560995,0,0,-17
14197,0,28423563434,28423563462,0,0,-28
14198,0,28425565474,28425565439,0,0,35
14199,0,28427566835,28427566817,0,0,17
14200,0,28429569451,28429569443,0,0,7
14201,0,28431571442,28431571396,0,0,46
14202,0,28433574128,28433574090,0,0,37
14203,0,28435576125,28435576083,0,0,42
14204,0,28437578212,28437578224,0,0,-11
14205,0,28439579958,28439579912,0,0,46
14206,0,28441581783,28441581743,0,0,40
14207,0,28443585567,28443585593,0,0,-25
14208,0,28445587278,28445587305,0,0,-26
14209,0,28447589429,28447589469,0,0,-40
14210,0,28449591568,28449591595,0,0,-26
14211,0,28451593757,28451593796,0,0,-39
14212,0,28453596742,28453596714,0,0,28
14213,0,28455597326,28455597319,0,0,6
14214,0,28457600400,28457600417,0,0,-17
14215,0,28459602865,28459602886,0,0,-21
14216,0,28461604627,28461604652,0,0,-24
14217,0,28463606055,28463606090,0,0,-35
14218,0,28465608875,28465608907,0,0,-31
14219,0,28467610056,28467610094,0,0,-38
14220,0,28469612895,28469612927,0,0,-31
14221,0,28471615080,28471615112,0,0,-32
14222,0,28473618314,28473618327,0,0,-13
14223,0,28475620165,28475620153,0,0,11
14224,0,28477622058,28477622020,0,0,38
14225,0,28479625138,28479625102,0,0,35
14226,0,28481627207,28481627242,0,0,-34
14227,0,28483630057,28483630092,0,0,-34
14228,0,28485632659,28485632703,0,0,-43
14229,0,28487633861,28487633872,0,0,-11
14230,0,28489635806,28489635765,0,0,41
14231,0,28491637268,28491637242,0,0,26
14232,0,28493640666,28493640621,0,0,44
14233,0,28495643168,28495643184,0,0,-15
14234,0,28497645354,28497645324,0,0,29
14235,0,28499646934,28499646899,0,0,34
14236,0,28501649310,28501649282,0,0,28
14237,0,28503651657,28503651619,0,0,38
14238,0,28505654541,28505654495,0,0,46
14239,0,28507657412,28507657378,0,0,33
14240,0,28509659463,28509659435,0,0,27
14241,0,28511660367,28511660375,0,0,-8
14242,0,28513662293,28513662261,0,0,31
14243,0,28515664004,28515664017,0,0,-13
14244,0,28517668110,28517668130,0,0,-20
14245,0,28519669830,28519669797,0,0,33
14246,0,28521671504,28521671474,0,0,29
14247,0,28523675029,28523674964,0,0,65
14248,0,28525675871,28525675893,0,0,-22
14249,0,28527677071,28527677097,0,0,-25
14250,0,28529679983,28529679950,0,0,33
14251,0,28531682973,28531682982,0,0,-8
14252,0,28533685350,28533685360,0,0,-10
14253,0,28535686893,28535686905,0,0,-12
14254,0,28537689024,28537688969,0,0,54
14255,0,28539691380,28539691326,0,0,53
14256,0,28541692942,28541692902,0,0,40
14257,0,28543696222,28543696200,0,0,21
14258,0,28545698348,28545698300,0,0,47
14259,0,28547700582,28547700534,0,0,47
14260,0,28549703513,28549703469,0,0,43
14261,0,28551703635,28551703645,0,0,-9
14262,0,28553706478,28553706400,0,0,78
14263,0,28555709539,28555709473,0,0,65
14264,0,28557711441,28557711392,0,0,49
14265,0,28559712685,28559712687,0,0,-2
14266,0,28561715523,28561715503,0,0,20
14267,0,28563718255,28563718242,0,0,13
14268,0,28565720712,28565720658,0,0,53
14269,0,28567722962,28567722962,0,0,0
14270,0,28569725667,28569725657,0,0,9
14271,0,28571727257,28571727301,0,0,-43
14272,0,28573729852,28573729921,0,0,-68
14273,0,28575731442,28575731433,0,0,8
14274,0,28577733411,28577733391,0,0,20
14275,0,28579736432,28579736423,0,0,8
14276,0,28581739519,28581739560,0,0,-41
14277,0,28583740012,28583740054,0,0,-42
14278,0,28585741555,28585741615,0,0,-59
14279,0,28587743667,28587743654,0,0,13
14280,0,28589746112,28589746094,0,0,17
14281,0,28591749705,28591749685,0,0,20
14282,0,28593752126,28593752155,0,0,-28
14283,0,28595753909,28595753931,0,0,-22
14284,0,28597755928,28597755946,0,0,-17
14285,0,28599757129,28599757137,0,0,-8
14286,0,28601759701,28601759662,0,0,38
14287,0,28603763358,28603763301,0,0,56
14288,0,28605765149,28605765107,0,0,42
14289,0,28607767373,28607767319,0,0,53
14290,0,28609768491,28609768520,0,0,-29
14291,0,28611771427,28611771441,0,0,-13
14292,0,28613774379,28613774319,0,0,59
14293,0,28615776179,28615776123,0,0,56
14294,0,28617778538,28617778560,0,0,-22
14295,0,28619780658,28619780672,0,0,-13
14296,0,28621783294,28621783306,0,0,-12
14297,0,28623787025,28623787034,0,0,-8
14298,0,28625788017,28625787971,0,0,45
14299,0,28627789567,28627789521,0,0,46
14300,0,28629792069,28629792073,0,0,-3
14301,0,28631793424,28631793433,0,0,-9
14302,0,28633794967,28633794982,0,0,-14
14303,0,28635798272,28635798287,0,0,-14
14304,0,28637801844,28637801777,0,0,67
14305,0,28639803089,28639803051,0,0,38
14306,0,28641804911,28641804869,0,0,41
14307,0,28643806157,28643806119,0,0,38
14308,0,28645810310,28645810274,0,0,35
14309,0,28647810444,28647810458,0,0,-13
14310,0,28649812998,28649813013,0,0,-15
14311,0,28651816537,28651816501,0,0,35
14312,0,28653818333,28653818295,0,0,38
14313,0,28655820420,28655820449,0,0,-28
14314,0,28657822039,28657822067,0,0,-28
14315,0,28659825932,28659825959,0,0,-26
14316,0,28661828267,28661828294,0,0,-26
14317,0,28663829660,28663829684,0,0,-24
14318,0,28665831727,28665831661,0,0,65
14319,0,28667834318,28667834296,0,0,22
14320,0,28669836149,28669836169,0,0,-20
14321,0,28671838144,28671838175,0,0,-31
14322,0,28673839990,28673840018,0,0,-28
14323,0,28675843289,28675843327,0,0,-37
14324,0,28677846363,28677846333,0,0,29
14325,0,28679846966,28679846929,0,0,36
14326,0,28681848516,28681848498,0,0,17
14327,0,28683851634,28683851662,0,0,-27
14328,0,28685853991,28685854031,0,0,-40
14329,0,28687856348,28687856384,0,0,-36
14330,0,28689858570,28689858600,0,0,-30
14331,0,28691860521,28691860561,0,0,-40
14332,0,28693862975,28693863000,0,0,-25
14333,0,28695864804,28695864846,0,0,-42
14334,0,28697866883,28697866910,0,0,-27
14335,0,28699870000,28699870037,0,0,-36
14336,0,28701872096,28701872129,0,0,-33
14337,0,28703874310,28703874265,0,0,44
14338,0,28705875908,28705875853,0,0,54
14339,0,28707877833,28707877790,0,0,43
14340,0,28709881541,28709881559,0,0,-18
14341,0,28711881870,28711881884,0,0,-13
14342,0,28713885066,28713885086,0,0,-20
14343,0,28715886791,28715886752,0,0,38
14344,0,28717888603,28717888575,0,0,27
14345,0,28719891592,28719891561,0,0,31
14346,0,28721893752,28721893721,0,0,31
14347,0,28723898177,28723898193,0,0,-16
14348,0,28725898471,28725898444,0,0,27
14349,0,28727900579,28727900556,0,0,22
14350,0,28729901878,28729901852,0,0,26
14351,0,28731905628,28731905608,0,0,20
14352,0,28733907421,28733907373,0,0,48
14353,0,28735909836,28735909822,0,0,14
14354,0,28737911901,28737911933,0,0,-31
14355,0,28739914316,28739914274,0,0,41
14356,0,28741915826,28741915792,0,0,33
14357,0,28743918773,28743918739,0,0,33
14358,0,28745921487,28745921479,0,0,8
14359,0,28747923574,28747923557,0,0,17
14360,0,28749925314,28749925269,0,0,44
14361,0,28751927217,28751927177,0,0,40
14362,0,28753928584,28753928543,0,0,40
14363,0,28755931461,28755931424,0,0,37
14364,0,28757933222,28757933208,0,0,13
14365,0,28759936590,28759936570,0,0,20
14366,0,28761939242,28761939229,0,0,13
14367,0,28763941867,28763941840,0,0,27
14368,0,28765944684,28765944666,0,0,17
14369,0,28767945234,28767945274,0,0,-40
14370,0,28769948089,28769948052,0,0,36
14371,0,28771950325,28771950339,0,0,-14
14372,0,28773952274,28773952287,0,0,-12
14373,0,28775955221,28775955176,0,0,44
14374,0,28777956554,28777956534,0,0,19
14375,0,28779958490,28779958460,0,0,29
14376,0,28781961062,28781961015,0,0,47
14377,0,28783963255,28783963217,0,0,38
14378,0,28785965361,28785965329,0,0,31
14379,0,28787967404,28787967358,0,0,46
14380,0,28789970572,28789970522,0,0,49
14381,0,28791971640,28791971584,0,0,56
14382,0,28793973615,28793973573,0,0,42
14383,0,28795976612,28795976565,0,0,47
14384,0,28797978766,28797978707,0,0,59
14385,0,28799980836,28799980828,0,0,8
14386,0,28801982882,28801982857,0,0,24
14387,0,28803983989,28803983996,0,0,-6
14388,0,28805986417,28805986400,0,0,17
14389,0,28807991089,28807991062,0,0,27
14390,0,28809992233,28809992218,0,0,15
14391,0,28811994096,28811994089,0,0,7
14392,0,28813996386,28813996353,0,0,33
14393,0,28815998896,28815998847,0,0,49
14394,0,28818001070,28818001091,0,0,-20
14395,0,28820003488,28820003511,0,0,-22
14396,0,28822005651,28822005671,0,0,-20
14397,0,28824009096,28824009060,0,0,35
14398,0,28826009855,28826009829,0,0,26
14399,0,28828013034,28828012989,0,0,44
14400,0,28830015469,28830015418,0,0,51
14401,0,28832016984,28832017020,0,0,-35
14402,0,28834018871,28834018836,0,0,34
14403,0,28836021026,28836021064,0,0,-37
14404,0,28838023090,28838023122,0,0,-31
14405,0,28840024983,28840025030,0,0,-47
14406,0,28842026906,28842026939,0,0,-32
14407,0,28844030233,28844030282,0,0,-49
14408,0,28846032426,28846032469,0,0,-42
14409,0,28848034146,28848034131,0,0,15
14410,0,28850036897,28850036897,0,0,0
14411,0,28852038597,28852038576,0,0,21
14412,0,28854040942,28854040907,0,0,34
14413,0,28856043089,28856043071,0,0,17
14414,0,28858045404,28858045374,0,0,30
14415,0,28860047488,28860047458,0,0,30
14416,0,28862049793,28862049764,0,0,28
14417,0,28864052191,28864052149,0,0,42
14418,0,28866054350,28866054316,0,0,33
14419,0,28868057206,28868057173,0,0,33
14420,0,28870058996,28870058973,0,0,23
14421,0,28872062078,28872062029,0,0,48
14422,0,28874063146,28874063161,0,0,-14
14423,0,28876065155,28876065184,0,0,-28
14424,0,28878066872,28878066834,0,0,38
14425,0,28880069891,28880069825,0,0,65
14426,0,28882072164,28882072120,0,0,43
14427,0,28884074420,28884074385,0,0,34
14428,0,28886076463,28886076404,0,0,58
14429,0,28888078533,28888078478,0,0,54
14430,0,28890080487,28890080452,0,0,34
14431,0,28892083556,28892083517,0,0,38
14432,0,28894085659,28894085609,0,0,49
14433,0,28896087440,28896087395,0,0,44
14434,0,28898089206,28898089158,0,0,48
14435,0,28900092031,28900091996,0,0,34
14436,0,28902094464,28902094440,0,0,24
14437,0,28904097878,28904097917,0,0,-39
14438,0,28906098880,28906098906,0,0,-26
14439,0,28908101047,28908101006,0,0,40
14440,0,28910103033,28910103052,0,0,-18
14441,0,28912104151,28912104142,0,0,8
14442,0,28914106994,28914106945,0,0,49
14443,0,28916110365,28916110340,0,0,24
14444,0,28918112629,28918112602,0,0,27
14445,0,28920114235,28920114211,0,0,23
14446,0,28922116566,28922116531,0,0,34
14447,0,28924119415,28924119383,0,0,32
14448,0,28926120193,28926120168,0,0,24
14449,0,28928123602,28928123566,0,0,35
14450,0,28930125167,28930125127,0,0,40
14451,0,28932126514,28932126476,0,0,37
14452,0,28934129888,28934129876,0,0,11
14453,0,28936131937,28936131975,0,0,-38
14454,0,28938133316,28938133334,0,0,-18
14455,0,28940136927,28940136910,0,0,16
14456,0,28942139166,28942139146,0,0,20
14457,0,28944140741,28944140689,0,0,51
14458,0,28946142319,28946142285,0,0,33
14459,0,28948144962,28948144943,0,0,19
14460,0,28950146825,28950146804,0,0,21
14461,0,28952150121,28952150089,0,0,32
14462,0,28954152565,28954152531,0,0,33
14463,0,28956154988,28956154946,0,0,41
14464,0,28958156435,28958156404,0,0,30
14465,0,28960157734,28960157684,0,0,49
14466,0,28962161334,28962161372,0,0,-37
14467,0,28964163812,28964163833,0,0,-20
14468,0,28966165589,28966165607,0,0,-17
14469,0,28968168517,28968168464,0,0,53
14470,0,28970169058,28970169022,0,0,35
14471,0,28972172191,28972172217,0,0,-25
14472,0,28974174560,28974174533,0,0,26
14473,0,28976177037,28976176986,0,0,50
14474,0,28978179141,28978179103,0,0,38
14475,0,28980181235,28980181194,0,0,41
14476,0,28982183071,28982183047,0,0,24
14477,0,28984184252,28984184201,0,0,51
14478,0,28986186741,28986186759,0,0,-18
14479,0,28988190681,28988190696,0,0,-14
14480,0,28990192132,28990192168,0,0,-35
14481,0,28992194393,28992194359,0,0,34
14482,0,28994196505,28994196483,0,0,22
14483,0,28996199223,28996199182,0,0,41
14484,0,28998201283,28998201321,0,0,-38
14485,0,29000204741,29000204771,0,0,-30
14486,0,29002205526,29002205560,0,0,-33
14487,0,29004207670,29004207652,0,0,17
14488,0,29006210547,29006210573,0,0,-25
14489,0,29008212189,29008212226,0,0,-36
14490,0,29010214244,29010214270,0,0,-25
14491,0,29012215780,29012215771,0,0,8
14492,0,29014219062,29014219035,0,0,26
14493,0,29016221419,29016221397,0,0,21
14494,0,29018223626,29018223593,0,0,33
14495,0,29020225485,29020225460,0,0,24
14496,0,29022227886,29022227869,0,0,16
14497,0,29024231948,29024231993,0,0,-44
14498,0,29026232264,29026232292,0,0,-28
14499,0,29028234493,29028234469,0,0,23
14500,0,29030236794,29030236773,0,0,21
14501,0,29032240154,29032240122,0,0,31
14502,0,29034241564,29034241532,0,0,31
14503,0,29036243314,29036243288,0,0,25
14504,0,29038245708,29038245730,0,0,-21
14505,0,29040247865,29040247894,0,0,-28
14506,0,29042250004,29042250058,0,0,-53
14507,0,29044252600,29044252573,0,0,26
14508,0,29046255125,29046255175,0,0,-49
14509,0,29048256977,29048257006,0,0,-29
14510,0,29050259271,29050259305,0,0,-34
14511,0,29052260982,29052261022,0,0,-40
14512,0,29054263286,29054263264,0,0,22
14513,0,29056264677,29056264638,0,0,39
14514,0,29058268007,29058267959,0,0,48
14515,0,29060270582,29060270569,0,0,13
14516,0,29062272746,29062272786,0,0,-39
14517,0,29064275593,29064275622,0,0,-29
14518,0,29066277074,29066277110,0,0,-35
14519,0,29068278937,29068278906,0,0,31
14520,0,29070281843,29070281804,0,0,38
14521,0,29072283928,29072283958,0,0,-30
14522,0,29074285995,29074286068,0,0,-72
14523,0,29076287642,29076287670,0,0,-28
14524,0,29078289898,29078289875,0,0,22
14525,0,29080292136,29080292122,0,0,13
14526,0,29082293766,29082293716,0,0,49
14527,0,29084298026,29084298006,0,0,20
14528,0,29086299842,29086299867,0,0,-24
14529,0,29088301380,29088301405,0,0,-24
14530,0,29090303374,29090303399,0,0,-24
14531,0,29092305568,29092305590,0,0,-22
14532,0,29094308444,29094308404,0,0,40
14533,0,29096311070,29096311115,0,0,-44
14534,0,29098312689,29098312662,0,0,26
14535,0,29100314307,29100314269,0,0,38
14536,0,29102315689,29102315650,0,0,38
14537,0,29104318797,29104318761,0,0,35
14538,0,29106320595,29106320555,0,0,40
14539,0,29108323853,29108323825,0,0,28
14540,0,29110325903,29110325889,0,0,14
14541,0,29112327647,29112327618,0,0,28
14542,0,29114329392,29114329352,0,0,39
14543,0,29116332188,29116332160,0,0,28
14544,0,29118333423,29118333384,0,0,39
14545,0,29120336585,29120336539,0,0,46
14546,0,29122339004,29122338956,0,0,47
14547,0,29124342554,29124342522,0,0,31
14548,0,29126343901,29126343866,0,0,35
14549,0,29128345584,29128345536,0,0,47
14550,0,29130348892,29130348853,0,0,38
14551,0,29132350296,29132350258,0,0,38
14552,0,29134352748,29134352680,0,0,68
14553,0,29136354350,29136354341,0,0,8
14554,0,29138355970,29138355927,0,0,43
14555,0,29140359200,29140359165,0,0,35
14556,0,29142361563,29142361519,0,0,43
14557,0,29144364002,29144363984,0,0,17
14558,0,29146366237,29146366188,0,0,48
14559,0,29148368816,29148368822,0,0,-5
14560,0,29150371204,29150371243,0,0,-38
14561,0,29152372550,29152372591,0,0,-40
14562,0,29154374808,29154374822,0,0,-13
14563,0,29156377648,29156377667,0,0,-18
14564,0,29158379456,29158379489,0,0,-33
14565,0,29160380999,29160380972,0,0,26
14566,0,29162383355,29162383391,0,0,-35
14567,0,29164384991,29164384952,0,0,38
14568,0,29166388043,29166388004,0,0,39
14569,0,29168390813,29168390761,0,0,51
14570,0,29170392941,29170392863,0,0,78
14571,0,29172394649,29172394582,0,0,67
14572,0,29174395768,29174395710,0,0,58
14573,0,29176397958,29176397902,0,0,56
14574,0,29178400139,29178400155,0,0,-15
14575,0,29180402756,29180402696,0,0,59
14576,0,29182406531,29182406483,0,0,48
14577,0,29184408070,29184408013,0,0,57
14578,0,29186410274,29186410222,0,0,51
14579,0,29188412671,29188412612,0,0,59
14580,0,29190414602,29190414557,0,0,44
14581,0,29192416316,29192416258,0,0,58
14582,0,29194420568,29194420519,0,0,49
14583,0,29196421246,29196421197,0,0,48
14584,0,29198423946,29198423900,0,0,45
14585,0,29200425525,29200425487,0,0,38
14586,0,29202427027,29202426972,0,0,55
14587,0,29204430622,29204430635,0,0,-12
14588,0,29206432849,29206432795,0,0,54
14589,0,29208435173,29208435107,0,0,66
14590,0,29210437302,29210437247,0,0,54
14591,0,29212439058,29212439013,0,0,44
14592,0,29214441911,29214441860,0,0,51
14593,0,29216444220,29216444171,0,0,49
14594,0,29218445999,29218445959,0,0,39
14595,0,29220447895,29220447862,0,0,32
14596,0,29222449137,29222449082,0,0,55
14597,0,29224452240,29224452198,0,0,41
14598,0,29226454617,29226454629,0,0,-11
14599,0,29228457150,29228457185,0,0,-35
14600,0,29230459188,29230459195,0,0,-6
14601,0,29232461323,29232461276,0,0,47
14602,0,29234464026,29234463985,0,0,41
14603,0,29236466754,29236466717,0,0,36
14604,0,29238468938,29238468871,0,0,66
14605,0,29240469568,29240469530,0,0,38
14606,0,29242472704,29242472662,0,0,41
14607,0,29244474681,29244474647,0,0,33
14608,0,29246477208,29246477169,0,0,38
14609,0,29248477964,29248477928,0,0,35
14610,0,29250480844,29250480805,0,0,38
14611,0,29252483716,29252483693,0,0,23
14612,0,29254486302,29254486364,0,0,-62
14613,0,29256487824,29256487838,0,0,-14
14614,0,29258489956,29258489993,0,0,-36
14615,0,29260491476,29260491454,0,0,22
14616,0,29262494685,29262494671,0,0,13
14617,0,29264497420,29264497395,0,0,24
14618,0,29266499383,29266499358,0,0,24
14619,0,29268501575,29268501522,0,0,53
14620,0,29270503445,29270503406,0,0,38
14621,0,29272504483,29272504468,0,0,15
14622,0,29274507649,29274507601,0,0,48
14623,0,29276511630,29276511606,0,0,23
14624,0,29278513412,29278513444,0,0,-32
14625,0,29280514813,29280514845,0,0,-31
14626,0,29282516982,29282517010,0,0,-28
14627,0,29284519067,29284519095,0,0,-28
14628,0,29286520370,29286520406,0,0,-35
14629,0,29288522424,29288522398,0,0,26
14630,0,29290526308,29290526303,0,0,4
14631,0,29292528247,29292528179,0,0,67
14632,0,29294530654,29294530705,0,0,-50
14633,0,29296532426,29296532458,0,0,-31
14634,0,29298534031,29298534059,0,0,-28
14635,0,29300537218,29300537250,0,0,-31
14636,0,29302539230,29302539202,0,0,28
14637,0,29304541062,29304541027,0,0,35
14638,0,29306542357,29306542394,0,0,-36
14639,0,29308545063,29308545103,0,0,-39
14640,0,29310548566,29310548592,0,0,-26
14641,0,29312550525,29312550535,0,0,-10
14642,0,29314552593,29314552619,0,0,-25
14643,0,29316554740,29316554773,0,0,-33
14644,0,29318556798,29318556837,0,0,-38
14645,0,29320558194,29320558236,0,0,-42
14646,0,29322562123,29322562157,0,0,-33
14647,0,29324565312,29324565292,0,0,19
14648,0,29326566198,29326566168,0,0,29
14649,0,29328568279,29328568240,0,0,39
14650,0,29330571071,29330571096,0,0,-24
14651,0,29332572348,29332572375,0,0,-26
14652,0,29334573555,29334573584,0,0,-29
14653,0,29336576137,29336576177,0,0,-40
14654,0,29338579432,29338579423,0,0,8
14655,0,29340581752,29340581719,0,0,33
14656,0,29342583723,29342583714,0,0,8
14657,0,29344585606,29344585624,0,0,-17
14658,0,29346587622,29346587667,0,0,-44
14659,0,29348590738,29348590714,0,0,23
14660,0,29350592817,29350592790,0,0,27
14661,0,29352594808,29352594782,0,0,26
14662,0,29354597493,29354597458,0,0,35
14663,0,29356599328,29356599314,0,0,13
14664,0,29358602090,29358602064,0,0,26
14665,0,29360604226,29360604217,0,0,8
14666,0,29362606685,29362606711,0,0,-25
14667,0,29364608494,29364608464,0,0,29
14668,0,29366610155,29366610107,0,0,47
14669,0,29368611671,29368611629,0,0,42
14670,0,29370615603,29370615568,0,0,35
14671,0,29372617397,29372617370,0,0,26
14672,0,29374619737,29374619680,0,0,57
14673,0,29376621191,29376621139,0,0,51
14674,0,29378623344,29378623330,0,0,14
14675,0,29380626026,29380626003,0,0,23
14676,0,29382628458,29382628494,0,0,-35
14677,0,29384631051,29384631065,0,0,-13
14678,0,29386633725,29386633746,0,0,-20
14679,0,29388634943,29388634984,0,0,-40
14680,0,29390637726,29390637698,0,0,28
14681,0,29392639791,29392639758,0,0,33
14682,0,29394641829,29394641819,0,0,9
14683,0,29396644071,29396644083,0,0,-12
14684,0,29398646761,29398646776,0,0,-15
14685,0,29400648476,29400648424,0,0,51
14686,0,29402650541,29402650512,0,0,29
14687,0,29404653985,29404653950,0,0,35
14688,0,29406656173,29406656136,0,0,36
14689,0,29408657424,29408657366,0,0,58
14690,0,29410659565,29410659496,0,0,69
14691,0,29412661262,29412661226,0,0,36
14692,0,29414662795,29414662737,0,0,58
14693,0,29416665928,29416665858,0,0,69
14694,0,29418668456,29418668402,0,0,53
14695,0,29420670885,29420670837,0,0,48
14696,0,29422672917,29422672858,0,0,59
14697,0,29424675822,29424675857,0,0,-34
14698,0,29426676662,29426676734,0,0,-71
14699,0,29428679548,29428679510,0,0,38
14700,0,29430681734,29430681697,0,0,37
14701,0,29432683997,29432684019,0,0,-22
14702,0,29434686304,29434686316,0,0,-11
14703,0,29436687933,29436687962,0,0,-29
14704,0,29438689775,29438689738,0,0,36
14705,0,29440692544,29440692503,0,0,41
14706,0,29442694375,29442694395,0,0,-20
14707,0,29444697741,29444697695,0,0,46
14708,0,29446699742,29446699695,0,0,47
14709,0,29448702024,29448701948,0,0,76
14710,0,29450705520,29450705512,0,0,8
14711,0,29452705977,29452705984,0,0,-7
14712,0,29454708262,29454708274,0,0,-11
14713,0,29456710997,29456711008,0,0,-11
14714,0,29458713152,29458713148,0,0,4
14715,0,29460715457,29460715465,0,0,-8
14716,0,29462717394,29462717408,0,0,-14
14717,0,29464718935,29464718896,0,0,38
14718,0,29466721534,29466721539,0,0,-5
14719,0,29468725188,29468725202,0,0,-13
14720,0,29470727332,29470727346,0,0,-13
14721,0,29472728770,29472728794,0,0,-23
14722,0,29474730814,29474730846,0,0,-31
14723,0,29476732916,29476732923,0,0,-6
14724,0,29478735184,29478735170,0,0,13
14725,0,29480737440,29480737403,0,0,37
14726,0,29482739921,29482739868,0,0,53
14727,0,29484742710,29484742671,0,0,38
14728,0,29486744083,29486744096,0,0,-13
14729,0,29488746482,29488746529,0,0,-47
14730,0,29490748337,29490748303,0,0,33
14731,0,29492750697,29492750645,0,0,51
14732,0,29494752916,29494752874,0,0,41
14733,0,29496755161,29496755114,0,0,47
14734,0,29498756175,29498756130,0,0,45
14735,0,29500758384,29500758318,0,0,66
14736,0,29502761060,29502761017,0,0,42
14737,0,29504764348,29504764334,0,0,13
14738,0,29506766256,29506766233,0,0,23
14739,0,29508768346,29508768323,0,0,23
14740,0,29510770368,29510770333,0,0,35
14741,0,29512771559,29512771600,0,0,-40
14742,0,29514774404,29514774439,0,0,-34
14743,0,29516778588,29516778629,0,0,-40
14744,0,29518779668,29518779683,0,0,-15
14745,0,29520781860,29520781837,0,0,23
14746,0,29522783184,29522783172,0,0,11
14747,0,29524787398,29524787435,0,0,-36
14748,0,29526788214,29526788239,0,0,-24
14749,0,29528790080,29528790066,0,0,14
14750,0,29530793156,29530793130,0,0,26
14751,0,29532795071,29532795098,0,0,-26
14752,0,29534797991,29534798034,0,0,-43
14753,0,29536799967,29536799934,0,0,33
14754,0,29538801907,29538801952,0,0,-45
14755,0,29540804342,29540804362,0,0,-20
14756,0,29542806907,29542806883,0,0,24
14757,0,29544808160,29544808141,0,0,19
14758,0,29546810035,29546810005,0,0,29
14759,0,29548813728,29548813689,0,0,38
14760,0,29550814941,29550814883,0,0,58
14761,0,29552818202,29552818183,0,0,19
14762,0,29554819824,29554819785,0,0,39
14763,0,29556821796,29556821755,0,0,41
14764,0,29558824763,29558824785,0,0,-22
14765,0,29560825957,29560826002,0,0,-44
14766,0,29562827604,29562827604,0,0,0
14767,0,29564830226,29564830185,0,0,41
14768,0,29566833036,29566832982,0,0,53
14769,0,29568835029,29568835003,0,0,26
14770,0,29570836602,29570836539,0,0,62
14771,0,29572839779,29572839789,0,0,-10
14772,0,29574841819,29574841836,0,0,-17
14773,0,29576844448,29576844453,0,0,-5
14774,0,29578846090,29578846101,0,0,-11
14775,0,29580848408,29580848368,0,0,40
14776,0,29582850752,29582850707,0,0,44
14777,0,29584852837,29584852819,0,0,17
14778,0,29586854296,29586854344,0,0,-47
14779,0,29588857626,29588857677,0,0,-50
14780,0,29590859572,29590859532,0,0,39
14781,0,29592860438,29592860411,0,0,26
14782,0,29594862961,29594862931,0,0,29
14783,0,29596865895,29596865921,0,0,-26
14784,0,29598868458,29598868493,0,0,-34
14785,0,29600870337,29600870388,0,0,-51
14786,0,29602872982,29602873014,0,0,-32
14787,0,29604874841,29604874873,0,0,-31
14788,0,29606876429,29606876423,0,0,5
14789,0,29608879313,29608879269,0,0,44
14790,0,29610880658,29610880647,0,0,11
14791,0,29612884285,29612884251,0,0,33
14792,0,29614886428,29614886411,0,0,16
14793,0,29616889187,29616889152,0,0,35
14794,0,29618891752,29618891735,0,0,17
14795,0,29620893326,29620893300,0,0,26
14796,0,29622895152,29622895105,0,0,46
14797,0,29624898347,29624898387,0,0,-40
14798,0,29626899723,29626899748,0,0,-25
14799,0,29628901656,29628901671,0,0,-15
14800,0,29630903091,29630903056,0,0,34
14801,0,29632906235,29632906200,0,0,34
14802,0,29634907817,29634907779,0,0,38
14803,0,29636911197,29636911175,0,0,22
14804,0,29638912722,29638912755,0,0,-33
14805,0,29640914198,29640914191,0,0,7
14806,0,29642916314,29642916278,0,0,35
14807,0,29644919782,29644919755,0,0,26
14808,0,29646921882,29646921918,0,0,-35
14809,0,29648924548,29648924563,0,0,-14
14810,0,29650926405,29650926419,0,0,-13
14811,0,29652928529,29652928535,0,0,-6
14812,0,29654930732,29654930745,0,0,-13
14813,0,29656931802,29656931737,0,0,65
14814,0,29658934446,29658934362,0,0,83
14815,0,29660938270,29660938215,0,0,55
14816,0,29662939384,29662939339,0,0,44
14817,0,29664940585,29664940532,0,0,53
14818,0,29666943201,29666943161,0,0,39
14819,0,29668946722,29668946682,0,0,40
14820,0,29670948231,29670948202,0,0,29
14821,0,29672950114,29672950062,0,0,52
14822,0,29674953045,29674952992,0,0,53
14823,0,29676955129,29676955101,0,0,27
14824,0,29678956220,29678956171,0,0,48
14825,0,29680958877,29680958826,0,0,51
14826,0,29682962145,29682962094,0,0,51
14827,0,29684964819,29684964829,0,0,-10
14828,0,29686966269,29686966303,0,0,-34
14829,0,29688967461,29688967467,0,0,-6
14830,0,29690969827,29690969836,0,0,-8
14831,0,29692972874,29692972895,0,0,-20
14832,0,29694974505,29694974539,0,0,-33
14833,0,29696977740,29696977693,0,0,47
14834,0,29698980019,29698980039,0,0,-20
14835,0,29700982261,29700982233,0,0,27
14836,0,29702984507,29702984454,0,0,53
14837,0,29704986427,29704986373,0,0,54
14838,0,29706989096,29706989058,0,0,38
14839,0,29708992534,29708992496,0,0,38
14840,0,29710993137,29710993152,0,0,-15
14841,0,29712995588,29712995619,0,0,-30
14842,0,29714997552,29714997584,0,0,-31
14843,0,29717000267,29717000301,0,0,-33
14844,0,29719002390,29719002366,0,0,23
14845,0,29721004850,29721004825,0,0,24
14846,0,29723006954,29723006932,0,0,21
14847,0,29725011220,29725011179,0,0,40
14848,0,29727011994,29727011983,0,0,11
14849,0,29729013041,29729012991,0,0,49
14850,0,29731014718,29731014648,0,0,69
14851,0,29733018361,29733018292,0,0,68
14852,0,29735019816,29735019750,0,0,65
14853,0,29737022008,29737021964,0,0,43
14854,0,29739023173,29739023119,0,0,53
14855,0,29741026356,29741026305,0,0,51
14856,0,29743028785,29743028802,0,0,-16
14857,0,29745031604,29745031622,0,0,-18
14858,0,29747033357,29747033305,0,0,51
14859,0,29749035521,29749035453,0,0,67
14860,0,29751037915,29751037941,0,0,-25
14861,0,29753039613,29753039626,0,0,-13
14862,0,29755041483,29755041474,0,0,8
14863,0,29757044584,29757044540,0,0,43
14864,0,29759046858,29759046831,0,0,26
14865,0,29761048458,29761048420,0,0,38
14866,0,29763050084,29763050122,0,0,-38
14867,0,29765053134,29765053167,0,0,-33
14868,0,29767056070,29767056104,0,0,-33
14869,0,29769057833,29769057811,0,0,21
14870,0,29771060108,29771060076,0,0,32
14871,0,29773062510,29773062556,0,0,-46
14872,0,29775066245,29775066270,0,0,-24
14873,0,29777067355,29777067391,0,0,-35
14874,0,29779068073,29779068098,0,0,-24
14875,0,29781071362,29781071403,0,0,-40
14876,0,29783073339,29783073298,0,0,40
14877,0,29785075283,29785075269,0,0,13
14878,0,29787076715,29787076746,0,0,-30
14879,0,29789081182,29789081216,0,0,-33
14880,0,29791083153,29791083188,0,0,-34
14881,0,29793085166,29793085198,0,0,-32
14882,0,29795086721,29795086686,0,0,35
14883,0,29797088522,29797088492,0,0,29
14884,0,29799090323,29799090285,0,0,38
14885,0,29801092766,29801092752,0,0,13
14886,0,29803094979,29803094961,0,0,18
14887,0,29805097802,29805097793,0,0,9
14888,0,29807101213,29807101182,0,0,30
14889,0,29809101928,29809101900,0,0,27
14890,0,29811103234,29811103195,0,0,38
14891,0,29813106456,29813106430,0,0,26
14892,0,29815109295,29815109247,0,0,47
14893,0,29817111617,29817111594,0,0,23
14894,0,29819113662,29819113687,0,0,-24
14895,0,29821115303,29821115275,0,0,28
14896,0,29823116877,29823116859,0,0,17
14897,0,29825121029,29825120991,0,0,38
14898,0,29827121240,29827121267,0,0,-27
14899,0,29829124760,29829124786,0,0,-25
14900,0,29831126723,29831126757,0,0,-33
14901,0,29833129045,29833129032,0,0,13
14902,0,29835131252,29835131226,0,0,26
14903,0,29837133179,29837133171,0,0,7
14904,0,29839135253,29839135223,0,0,29
14905,0,29841137270,29841137238,0,0,31
14906,0,29843140228,29843140205,0,0,22
14907,0,29845142534,29845142499,0,0,34
14908,0,29847144330,29847144292,0,0,38
14909,0,29849146256,29849146224,0,0,31
14910,0,29851149648,29851149636,0,0,11
14911,0,29853151852,29853151837,0,0,15
14912,0,29855154010,29855153988,0,0,21
14913,0,29857155782,29857155755,0,0,27
14914,0,29859158443,29859158430,0,0,13
14915,0,29861159779,29861159768,0,0,11
14916,0,29863161339,29863161296,0,0,43
14917,0,29865164676,29865164661,0,0,14
14918,0,29867166922,29867166876,0,0,46
14919,0,29869168619,29869168611,0,0,8
14920,0,29871171284,29871171260,0,0,23
14921,0,29873173257,29873173251,0,0,5
14922,0,29875174874,29875174835,0,0,38
14923,0,29877178077,29877178112,0,0,-34
14924,0,29879179964,29879180000,0,0,-35
14925,0,29881182240,29881182234,0,0,6
14926,0,29883183303,29883183294,0,0,8
14927,0,29885185516,29885185478,0,0,38
14928,0,29887188423,29887188405,0,0,17
14929,0,29889191711,29889191641,0,0,69
14930,0,29891193608,29891193539,0,0,69
14931,0,29893195648,29893195579,0,0,68
14932,0,29895197720,29895197650,0,0,69
14933,0,29897199099,29897199035,0,0,64
14934,0,29899201481,29899201416,0,0,65
14935,0,29901204934,29901204878,0,0,56
14936,0,29903208114,29903208045,0,0,68
14937,0,29905209103,29905209045,0,0,58
14938,0,29907211097,29907211060,0,0,37
14939,0,29909213318,29909213280,0,0,38
14940,0,29911215821,29911215772,0,0,49
14941,0,29913218606,29913218562,0,0,44
14942,0,29915220117,29915220125,0,0,-7
14943,0,29917223168,29917223140,0,0,27
14944,0,29919225827,29919225802,0,0,25
14945,0,29921226902,29921226856,0,0,45
14946,0,29923228867,29923228840,0,0,27
14947,0,29925232505,29925232469,0,0,35
14948,0,29927233402,29927233415,0,0,-13
14949,0,29929234500,29929234537,0,0,-36
14950,0,29931237413,29931237375,0,0,37
14951,0,29933240340,29933240305,0,0,35
14952,0,29935243595,29935243566,0,0,28
14953,0,29937245091,29937245066,0,0,24
14954,0,29939247401,29939247346,0,0,55
14955,0,29941249079,29941249108,0,0,-29
14956,0,29943251276,29943251222,0,0,54
14957,0,29945253354,29945253322,0,0,31
14958,0,29947254859,29947254811,0,0,48
14959,0,29949258096,29949258069,0,0,27
14960,0,29951260319,29951260260,0,0,59
14961,0,29953262380,29953262334,0,0,45
14962,0,29955264886,29955264862,0,0,24
14963,0,29957266624,29957266584,0,0,40
14964,0,29959268022,29959268015,0,0,6
14965,0,29961271971,29961271934,0,0,37
14966,0,29963273826,29963273859,0,0,-32
14967,0,29965275808,29965275770,0,0,38
14968,0,29967278968,29967278956,0,0,11
14969,0,29969280538,29969280494,0,0,43
14970,0,29971282240,29971282184,0,0,56
14971,0,29973283757,29973283716,0,0,40
14972,0,29975287082,29975287104,0,0,-22
14973,0,29977289122,29977289146,0,0,-23
14974,0,29979291946,29979291972,0,0,-26
14975,0,29981293303,29981293258,0,0,44
14976,0,29983294966,29983294984,0,0,-17
14977,0,29985297916,29985297922,0,0,-6
14978,0,29987300489,29987300482,0,0,7
14979,0,29989302357,29989302389,0,0,-31
14980,0,29991304404,29991304416,0,0,-11
14981,0,29993306051,29993306065,0,0,-13
14982,0,29995309173,29995309186,0,0,-12
14983,0,29997311159,29997311172,0,0,-13
14984,0,29999313816,29999313808,0,0,8
14985,0,30001315498,30001315512,0,0,-13
14986,0,30003316584,30003316594,0,0,-10
14987,0,30005318878,30005318818,0,0,59
14988,0,30007321347,30007321299,0,0,47
14989,0,30009325295,30009325260,0,0,35
14990,0,30011327646,30011327574,0,0,71
14991,0,30013328722,30013328668,0,0,53
14992,0,30015330247,30015330236,0,0,10
14993,0,30017333415,30017333429,0,0,-13
14994,0,30019335178,30019335197,0,0,-18
14995,0,30021338257,30021338215,0,0,41
14996,0,30023340320,30023340297,0,0,22
14997,0,30025342816,30025342837,0,0,-20
14998,0,30027344527,30027344561,0,0,-33
14999,0,30029345731,30029345703,0,0,28
15000,0,30031349661,30031349671,0,0,-10
15001,0,30033351521,30033351472,0,0,48
15002,0,30035353519,30035353482,0,0,36
15003,0,30037354489,30037354519,0,0,-29
15004,0,30039357035,30039357061,0,0,-25
15005,0,30041360350,30041360343,0,0,7
15006,0,30043362511,30043362469,0,0,41
15007,0,30045365518,30045365483,0,0,34
15008,0,30047366993,30047366958,0,0,35
15009,0,30049368865,30049368845,0,0,19
15010,0,30051370817,30051370778,0,0,38
15011,0,30053373885,30053373867,0,0,17
15012,0,30055375728,30055375692,0,0,35
15013,0,30057377365,30057377332,0,0,33
15014,0,30059380429,30059380409,0,0,19
15015,0,30061382231,30061382264,0,0,-32
15016,0,30063384600,30063384651,0,0,-51
15017,0,30065386851,30065386876,0,0,-25
15018,0,30067389486,30067389468,0,0,17
15019,0,30069391853,30069391815,0,0,38
15020,0,30071393644,30071393634,0,0,9
15021,0,30073395248,30073395208,0,0,40
15022,0,30075397018,30075397003,0,0,15
15023,0,30077400190,30077400235,0,0,-44
15024,0,30079402308,30079402340,0,0,-31
15025,0,30081404129,30081404105,0,0,24
15026,0,30083408021,30083407997,0,0,23
15027,0,30085410047,30085410028,0,0,18
15028,0,30087410442,30087410407,0,0,35
15029,0,30089413029,30089413015,0,0,14
15030,0,30091414792,30091414768,0,0,24
15031,0,30093418495,30093418463,0,0,31
15032,0,30095421950,30095421939,0,0,11
15033,0,30097422588,30097422579,0,0,8
15034,0,30099425104,30099425139,0,0,-34
15035,0,30101426648,30101426680,0,0,-32
15036,0,30103428778,30103428784,0,0,-6
15037,0,30105431688,30105431721,0,0,-33
15038,0,30107433722,30107433760,0,0,-38
15039,0,30109436685,30109436671,0,0,13
15040,0,30111438150,30111438120,0,0,30
15041,0,30113440611,30113440638,0,0,-26
15042,0,30115442657,30115442665,0,0,-8
15043,0,30117444924,30117444933,0,0,-8
15044,0,30119447280,30119447291,0,0,-11
15045,0,30121449188,30121449195,0,0,-7
15046,0,30123450921,30123450943,0,0,-22
15047,0,30125454432,30125454442,0,0,-10
15048,0,30127455900,30127455924,0,0,-24
15049,0,30129458052,30129458078,0,0,-25
15050,0,30131459319,30131459361,0,0,-42
15051,0,30133462480,30133462516,0,0,-35
15052,0,30135464676,30135464703,0,0,-26
15053,0,30137466449,30137466503,0,0,-53
15054,0,30139469227,30139469269,0,0,-42
15055,0,30141471806,30141471853,0,0,-47
15056,0,30143473575,30143473614,0,0,-38
15057,0,30145474566,30145474535,0,0,30
15058,0,30147477360,30147477326,0,0,33
15059,0,30149480397,30149480350,0,0,46
15060,0,30151482937,30151482902,0,0,35
15061,0,30153485278,30153485301,0,0,-22
15062,0,30155487346,30155487354,0,0,-8
15063,0,30157489579,30157489526,0,0,53
15064,0,30159491538,30159491492,0,0,45
15065,0,30161494585,30161494557,0,0,28
15066,0,30163494869,30163494893,0,0,-23
15067,0,30165497048,30165497076,0,0,-27
15068,0,30167500284,30167500310,0,0,-25
15069,0,30169501426,30169501388,0,0,38
15070,0,30171503691,30171503653,0,0,38
15071,0,30173506121,30173506085,0,0,35
15072,0,30175509889,30175509920,0,0,-31
15073,0,30177512240,30177512270,0,0,-30
15074,0,30179514193,30179514228,0,0,-34
15075,0,30181515677,30181515687,0,0,-9
15076,0,30183517386,30183517400,0,0,-13
15077,0,30185520364,30185520310,0,0,53
15078,0,30187521645,30187521585,0,0,60
15079,0,30189524953,30189524905,0,0,48
15080,0,30191526920,30191526880,0,0,40
15081,0,30193529935,30193529892,0,0,43
15082,0,30195530490,30195530462,0,0,28
15083,0,30197532723,30197532688,0,0,34
15084,0,30199535813,30199535775,0,0,38
15085,0,30201537680,30201537616,0,0,63
15086,0,30203540617,30203540595,0,0,22
15087,0,30205542414,30205542362,0,0,51
15088,0,30207543991,30207543930,0,0,60
15089,0,30209546894,30209546869,0,0,24
15090,0,30211548588,30211548531,0,0,57
15091,0,30213551894,30213551859,0,0,35
15092,0,30215554215,30215554184,0,0,31
15093,0,30217555986,30217555943,0,0,42
15094,0,30219558426,30219558402,0,0,24
15095,0,30221560357,30221560320,0,0,36
15096,0,30223562101,30223562073,0,0,27
15097,0,30225566835,30225566817,0,0,18
15098,0,30227567253,30227567265,0,0,-11
15099,0,30229569867,30229569841,0,0,26
15100,0,30231571811,30231571776,0,0,34
15101,0,30233573665,30233573645,0,0,20
15102,0,30235575170,30235575133,0,0,37
15103,0,30237579151,30237579119,0,0,31
15104,0,30239581703,30239581662,0,0,40
15105,0,30241582977,30241583013,0,0,-35
15106,0,30243584483,30243584440,0,0,43
15107,0,30245586263,30245586228,0,0,35
15108,0,30247588222,30247588183,0,0,39
15109,0,30249591477,30249591511,0,0,-33
15110,0,30251594242,30251594210,0,0,31
15111,0,30253595856,30253595889,0,0,-33
15112,0,30255598330,30255598364,0,0,-33
15113,0,30257601191,30257601161,0,0,29
15114,0,30259602241,30259602213,0,0,27
15115,0,30261605476,30261605512,0,0,-35
15116,0,30263607211,30263607242,0,0,-31
15117,0,30265609403,30265609428,0,0,-24
15118,0,30267610697,30267610725,0,0,-27
15119,0,30269613575,30269613561,0,0,13
15120,0,30271615132,30271615091,0,0,41
15121,0,30273618804,30273618792,0,0,11
15122,0,30275620471,30275620488,0,0,-17
15123,0,30277622899,30277622916,0,0,-16
15124,0,30279625775,30279625796,0,0,-20
15125,0,30281627055,30281627080,0,0,-24
15126,0,30283628646,30283628613,0,0,32
15127,0,30285632368,30285632325,0,0,42
15128,0,30287634298,30287634256,0,0,42
15129,0,30289636863,30289636825,0,0,38
15130,0,30291637514,30291637525,0,0,-11
15131,0,30293640354,30293640314,0,0,40
15132,0,30295641803,30295641763,0,0,40
15133,0,30297645260,30297645202,0,0,58
15134,0,30299647606,30299647577,0,0,29
15135,0,30301649506,30301649540,0,0,-33
15136,0,30303651615,30303651652,0,0,-36
15137,0,30305653557,30305653586,0,0,-29
15138,0,30307655624,30307655580,0,0,43
15139,0,30309658728,30309658691,0,0,36
15140,0,30311660844,30311660802,0,0,42
15141,0,30313662826,30313662804,0,0,22
15142,0,30315664848,30315664823,0,0,24
15143,0,30317666388,30317666350,0,0,38
15144,0,30319670093,30319670080,0,0,13
15145,0,30321672930,30321672880,0,0,49
15146,0,30323674464,30323674422,0,0,41
15147,0,30325678227,30325678215,0,0,11
15148,0,30327679311,30327679359,0,0,-48
15149,0,30329680245,30329680259,0,0,-13
15150,0,30331682219,30331682179,0,0,39
15151,0,30333685617,30333685591,0,0,26
15152,0,30335687500,30335687467,0,0,33
15153,0,30337689053,30337689098,0,0,-44
15154,0,30339691378,30339691393,0,0,-15
15155,0,30341693848,30341693884,0,0,-35
15156,0,30343696340,30343696304,0,0,35
15157,0,30345698521,30345698494,0,0,26
15158,0,30347700787,30347700741,0,0,45
15159,0,30349702590,30349702629,0,0,-38
15160,0,30351704160,30351704211,0,0,-50
15161,0,30353708219,30353708241,0,0,-22
15162,0,30355709898,30355709945,0,0,-46
15163,0,30357712418,30357712455,0,0,-36
15164,0,30359714072,30359714114,0,0,-42
15165,0,30361715935,30361715927,0,0,8
15166,0,30363717534,30363717577,0,0,-43
15167,0,30365721247,30365721278,0,0,-31
15168,0,30367722553,30367722577,0,0,-23
15169,0,30369724104,30369724096,0,0,8
15170,0,30371727650,30371727636,0,0,13
15171,0,30373729467,30373729451,0,0,15
15172,0,30375731528,30375731579,0,0,-51
15173,0,30377732662,30377732721,0,0,-58
15174,0,30379735518,30379735564,0,0,-45
15175,0,30381738960,30381738952,0,0,8
15176,0,30383741373,30383741330,0,0,43
15177,0,30385744124,30385744076,0,0,48
15178,0,30387745631,30387745641,0,0,-10
15179,0,30389747857,30389747879,0,0,-22
15180,0,30391749582,30391749590,0,0,-7
15181,0,30393752051,30393752055,0,0,-3
15182,0,30395754539,30395754565,0,0,-25
15183,0,30397756480,30397756422,0,0,58
15184,0,30399758784,30399758797,0,0,-13
15185,0,30401761000,30401761013,0,0,-13
15186,0,30403763103,30403763124,0,0,-20
15187,0,30405766022,30405766054,0,0,-32
15188,0,30407768591,30407768552,0,0,38
15189,0,30409769230,30409769179,0,0,51
15190,0,30411770898,30411770870,0,0,28
15191,0,30413773922,30413773890,0,0,31
15192,0,30415775576,30415775605,0,0,-29
15193,0,30417779767,30417779787,0,0,-20
15194,0,30419781106,30419781120,0,0,-13
15195,0,30421782846,30421782807,0,0,38
15196,0,30423785029,30423784988,0,0,40
15197,0,30425787612,30425787564,0,0,48
15198,0,30427789100,30427789074,0,0,26
15199,0,30429793224,30429793190,0,0,34
15200,0,30431794967,30431794937,0,0,29
15201,0,30433795241,30433795204,0,0,36
15202,0,30435797157,30435797176,0,0,-18
15203,0,30437799999,30437800013,0,0,-13
15204,0,30439802932,30439802955,0,0,-22
15205,0,30441805690,30441805725,0,0,-35
15206,0,30443807582,30443807572,0,0,9
15207,0,30445809757,30445809714,0,0,43
15208,0,30447812262,30447812234,0,0,28
15209,0,30449814535,30449814500,0,0,35
15210,0,30451815786,30451815744,0,0,42
15211,0,30453818863,30453818813,0,0,49
15212,0,30455820923,30455820887,0,0,36
15213,0,30457822912,30457822870,0,0,42
15214,0,30459824457,30459824419,0,0,38
15215,0,30461827341,30461827297,0,0,43
15216,0,30463828556,30463828519,0,0,36
15217,0,30465831391,30465831373,0,0,17
15218,0,30467834690,30467834722,0,0,-31
15219,0,30469836280,30469836254,0,0,26
15220,0,30471838823,30471838791,0,0,31
15221,0,30473840750,30473840737,0,0,13
15222,0,30475842913,30475842896,0,0,16
15223,0,30477845150,30477845112,0,0,37
15224,0,30479848306,30479848350,0,0,-44
15225,0,30481848474,30481848417,0,0,56
15226,0,30483851956,30483851907,0,0,49
15227,0,30485854292,30485854253,0,0,39
15228,0,30487856200,30487856242,0,0,-42
15229,0,30489857830,30489857835,0,0,-5
15230,0,30491860819,30491860833,0,0,-13
15231,0,30493863169,30493863135,0,0,33
15232,0,30495865157,30495865141,0,0,15
15233,0,30497866670,30497866659,0,0,11
15234,0,30499870238,30499870280,0,0,-42
15235,0,30501872032,30501871997,0,0,35
15236,0,30503874453,30503874422,0,0,31
15237,0,30505876539,30505876521,0,0,17
15238,0,30507878668,30507878631,0,0,36
15239,0,30509880746,30509880703,0,0,43
15240,0,30511883218,30511883162,0,0,56
15241,0,30513885889,30513885849,0,0,40
15242,0,30515888418,30515888384,0,0,33
15243,0,30517889563,30517889535,0,0,27
15244,0,30519891299,30519891262,0,0,36
15245,0,30521894219,30521894159,0,0,59
15246,0,30523897020,30523896975,0,0,44
15247,0,30525900557,30525900514,0,0,43
15248,0,30527900995,30527900977,0,0,17
15249,0,30529903595,30529903567,0,0,27
15250,0,30531905426,30531905395,0,0,30
15251,0,30533907638,30533907620,0,0,18
15252,0,30535910193,30535910159,0,0,33
15253,0,30537912777,30537912740,0,0,36
15254,0,30539914280,30539914252,0,0,28
15255,0,30541916325,30541916286,0,0,39
15256,0,30543919244,30543919202,0,0,42
15257,0,30545920908,30545920867,0,0,41
15258,0,30547923952,30547923923,0,0,28
15259,0,30549924921,30549924903,0,0,18
15260,0,30551928094,30551928048,0,0,46
15261,0,30553929758,30553929791,0,0,-32
15262,0,30555931943,30555931966,0,0,-22
15263,0,30557933878,30557933901,0,0,-22
15264,0,30559936484,30559936442,0,0,41
15265,0,30561938910,30561938871,0,0,39
15266,0,30563941040,30563940996,0,0,43
15267,0,30565942993,30565942945,0,0,47
15268,0,30567944397,30567944410,0,0,-12
15269,0,30569947134,30569947096,0,0,38
15270,0,30571949077,30571949031,0,0,45
15271,0,30573952694,30573952668,0,0,26
15272,0,30575954348,30575954310,0,0,38
15273,0,30577956408,30577956397,0,0,11
15274,0,30579958889,30579958907,0,0,-18
15275,0,30581961088,30581961103,0,0,-15
15276,0,30583963274,30583963197,0,0,76
15277,0,30585965386,30585965329,0,0,56
15278,0,30587967937,30587967891,0,0,46
15279,0,30589969794,30589969725,0,0,68
15280,0,30591972002,30591971972,0,0,29
15281,0,30593973011,30593972952,0,0,59
15282,0,30595976298,30595976288,0,0,9
15283,0,30597978933,30597978924,0,0,8
15284,0,30599981042,30599981033,0,0,8
15285,0,30601982775,30601982767,0,0,8
15286,0,30603984235,30603984235,0,0,0
15287,0,30605986840,30605986798,0,0,42
15288,0,30607989916,30607989901,0,0,14
15289,0,30609992089,30609992082,0,0,7
15290,0,30611995093,30611995098,0,0,-5
15291,0,30613996339,30613996330,0,0,9
15292,0,30615997912,30615997961,0,0,-49
15293,0,30618000977,30618001025,0,0,-48
15294,0,30620003391,30620003382,0,0,9
15295,0,30622006266,30622006297,0,0,-31
15296,0,30624007736,30624007772,0,0,-35
15297,0,30626011788,30626011847,0,0,-58
15298,0,30628011877,30628011919,0,0,-42
15299,0,30630013298,30630013278,0,0,20
15300,0,30632016596,30632016581,0,0,15
15301,0,30634019182,30634019134,0,0,48
15302,0,30636021465,30636021419,0,0,45
15303,0,30638023168,30638023208,0,0,-40
15304,0,30640025468,30640025492,0,0,-23
15305,0,30642027195,30642027215,0,0,-19
15306,0,30644030175,30644030143,0,0,31
15307,0,30646032671,30646032638,0,0,33
15308,0,30648034507,30648034440,0,0,66
15309,0,30650036647,30650036674,0,0,-26
15310,0,30652039008,30652039024,0,0,-15
15311,0,30654040854,30654040872,0,0,-17
15312,0,30656042603,30656042633,0,0,-30
15313,0,30658045373,30658045307,0,0,65
15314,0,30660046722,30660046692,0,0,29
15315,0,30662049502,30662049458,0,0,43
15316,0,30664051088,30664051039,0,0,49
15317,0,30666053248,30666053208,0,0,39
15318,0,30668055809,30668055764,0,0,44
15319,0,30670059343,30670059308,0,0,35
15320,0,30672060734,30672060674,0,0,60
15321,0,30674062177,30674062114,0,0,63
15322,0,30676065884,30676065826,0,0,58
15323,0,30678068364,30678068305,0,0,58
15324,0,30680070092,30680070049,0,0,42
15325,0,30682072643,30682072602,0,0,41
15326,0,30684074655,30684074615,0,0,39
15327,0,30686077122,30686077082,0,0,40
15328,0,30688078898,30688078945,0,0,-46
15329,0,30690081281,30690081295,0,0,-13
15330,0,30692083547,30692083525,0,0,21
15331,0,30694085720,30694085752,0,0,-32
15332,0,30696087498,30696087529,0,0,-30
15333,0,30698088388,30698088420,0,0,-31
15334,0,30700090983,30700091006,0,0,-22
15335,0,30702093864,30702093884,0,0,-20
15336,0,30704096696,30704096730,0,0,-33
15337,0,30706098961,30706098986,0,0,-25
15338,0,30708101557,30708101619,0,0,-62
15339,0,30710103117,30710103089,0,0,28
15340,0,30712104311,30712104283,0,0,28
15341,0,30714106619,30714106577,0,0,41
15342,0,30716109074,30716109111,0,0,-36
15343,0,30718112606,30718112629,0,0,-22
15344,0,30720114255,30720114292,0,0,-36
15345,0,30722115065,30722115093,0,0,-28
15346,0,30724117782,30724117806,0,0,-24
15347,0,30726122145,30726122170,0,0,-25
15348,0,30728122303,30728122271,0,0,31
15349,0,30730124443,30730124469,0,0,-26
15350,0,30732126786,30732126824,0,0,-38
15351,0,30734129807,30734129843,0,0,-35
15352,0,30736132022,30736132008,0,0,14
15353,0,30738134226,30738134179,0,0,46
15354,0,30740136648,30740136666,0,0,-17
15355,0,30742139077,30742139110,0,0,-32
15356,0,30744141260,30744141248,0,0,11
15357,0,30746143705,30746143667,0,0,38
15358,0,30748145316,30748145290,0,0,26
15359,0,30750147809,30750147772,0,0,37
15360,0,30752151204,30752151166,0,0,38
15361,0,30754153217,30754153172,0,0,44
15362,0,30756154386,30756154350,0,0,36
15363,0,30758155662,30758155620,0,0,42
15364,0,30760159060,30760159025,0,0,34
15365,0,30762160930,30762160906,0,0,23
15366,0,30764162927,30764162955,0,0,-28
15367,0,30766166469,30766166492,0,0,-23
15368,0,30768168937,30768168976,0,0,-38
15369,0,30770169849,30770169814,0,0,34
15370,0,30772172579,30772172555,0,0,24
15371,0,30774174466,30774174444,0,0,21
15372,0,30776176595,30776176544,0,0,50
15373,0,30778178118,30778178158,0,0,-40
15374,0,30780181297,30780181331,0,0,-33
15375,0,30782183236,30782183202,0,0,33
15376,0,30784185109,30784185085,0,0,23
15377,0,30786187850,30786187831,0,0,18
15378,0,30788190320,30788190287,0,0,32
15379,0,30790192624,30790192646,0,0,-21
15380,0,30792194699,30792194676,0,0,22
15381,0,30794196674,30794196657,0,0,17
15382,0,30796197837,30796197799,0,0,38
15383,0,30798200746,30798200707,0,0,38
15384,0,30800204164,30800204146,0,0,17
15385,0,30802205916,30802205891,0,0,24
15386,0,30804209236,30804209186,0,0,50
15387,0,30806210120,30806210104,0,0,15
15388,0,30808212244,30808212206,0,0,38
15389,0,30810213241,30810213228,0,0,13
15390,0,30812216201,30812216134,0,0,66
15391,0,30814219101,30814219083,0,0,18
15392,0,30816222262,30816222207,0,0,54
15393,0,30818225111,30818225073,0,0,38
15394,0,30820225815,30820225798,0,0,17
15395,0,30822227673,30822227635,0,0,37
15396,0,30824229399,30824229343,0,0,55
15397,0,30826233791,30826233746,0,0,44
15398,0,30828234709,30828234685,0,0,23
15399,0,30830236905,30830236879,0,0,25
15400,0,30832239071,30832239031,0,0,40
15401,0,30834240907,30834240848,0,0,58
15402,0,30836243019,30836242974,0,0,44
15403,0,30838247223,30838247185,0,0,38
15404,0,30840248235,30840248185,0,0,49
15405,0,30842250330,30842250289,0,0,41
15406,0,30844252563,30844252509,0,0,53
15407,0,30846254274,30846254235,0,0,38
15408,0,30848256100,30848256143,0,0,-42
15409,0,30850259314,30850259298,0,0,15
15410,0,30852261752,30852261796,0,0,-43
15411,0,30854263473,30854263449,0,0,24
15412,0,30856264762,30856264756,0,0,6
15413,0,30858267901,30858267895,0,0,6
15414,0,30860270346,30860270305,0,0,41
15415,0,30862272750,30862272802,0,0,-52
15416,0,30864274703,30864274750,0,0,-47
15417,0,30866276708,30866276723,0,0,-14
15418,0,30868278503,30868278512,0,0,-9
15419,0,30870282361,30870282325,0,0,35
15420,0,30872283507,30872283478,0,0,28
15421,0,30874285827,30874285795,0,0,32
15422,0,30876288231,30876288174,0,0,56
15423,0,30878291006,30878291029,0,0,-22
15424,0,30880292241,30880292256,0,0,-15
15425,0,30882293350,30882293312,0,0,38
15426,0,30884296415,30884296406,0,0,8
15427,0,30886299723,30886299713,0,0,9
15428,0,30888301404,30888301373,0,0,31
15429,0,30890303354,30890303322,0,0,31
15430,0,30892304608,30892304590,0,0,18
15431,0,30894306568,30894306539,0,0,28
15432,0,30896309463,30896309436,0,0,26
15433,0,30898312883,30898312864,0,0,19
15434,0,30900314741,30900314707,0,0,33
15435,0,30902316546,30902316507,0,0,39
15436,0,30904318482,30904318455,0,0,26
15437,0,30906321196,30906321235,0,0,-38
15438,0,30908322895,30908322855,0,0,40
15439,0,30910326688,30910326658,0,0,29
15440,0,30912329238,30912329200,0,0,38
15441,0,30914330380,30914330333,0,0,47
15442,0,30916332829,30916332839,0,0,-9
15443,0,30918334821,30918334791,0,0,30
15444,0,30920336871,30920336834,0,0,36
15445,0,30922338717,30922338659,0,0,58
15446,0,30924341473,30924341442,0,0,31
15447,0,30926345175,30926345117,0,0,57
15448,0,30928346226,30928346175,0,0,51
15449,0,30930347892,30930347915,0,0,-23
15450,0,30932349025,30932349047,0,0,-22
15451,0,30934352462,30934352424,0,0,38
15452,0,30936354666,30936354626,0,0,39
15453,0,30938355644,30938355679,0,0,-34
15454,0,30940358143,30940358135,0,0,7
15455,0,30942361722,30942361664,0,0,58
15456,0,30944363481,30944363471,0,0,10
15457,0,30946364980,30946364944,0,0,35
15458,0,30948368462,30948368423,0,0,38
15459,0,30950370069,30950370022,0,0,47
15460,0,30952371428,30952371397,0,0,31
15461,0,30954373570,30954373607,0,0,-36
15462,0,30956375804,30956375831,0,0,-26
15463,0,30958378662,30958378675,0,0,-12
15464,0,30960381768,30960381719,0,0,49
15465,0,30962383606,30962383568,0,0,38
15466,0,30964384631,30964384592,0,0,39
15467,0,30966388284,30966388301,0,0,-17
15468,0,30968390204,30968390251,0,0,-47
15469,0,30970391739,30970391769,0,0,-29
15470,0,30972394604,30972394615,0,0,-11
15471,0,30974395934,30974395965,0,0,-30
15472,0,30976399330,30976399368,0,0,-38
15473,0,30978401136,30978401168,0,0,-31
15474,0,30980403044,30980403085,0,0,-40
15475,0,30982406106,30982406146,0,0,-40
15476,0,30984408485,30984408516,0,0,-31
15477,0,30986410059,30986410026,0,0,33
15478,0,30988411858,30988411817,0,0,40
15479,0,30990414447,30990414481,0,0,-33
15480,0,30992416202,30992416227,0,0,-25
15481,0,30994419339,30994419370,0,0,-30
15482,0,30996421773,30996421798,0,0,-25
15483,0,30998425213,30998425177,0,0,35
15484,0,31000426303,31000426258,0,0,44
15485,0,31002427885,31002427829,0,0,56
15486,0,31004429429,31004429399,0,0,29
15487,0,31006433750,31006433716,0,0,33
15488,0,31008436168,31008436125,0,0,43
15489,0,31010436793,31010436746,0,0,47
15490,0,31012438174,31012438191,0,0,-16
15491,0,31014440158,31014440185,0,0,-26
15492,0,31016443071,31016443089,0,0,-17
15493,0,31018446326,31018446357,0,0,-31
15494,0,31020448042,31020448064,0,0,-22
15495,0,31022449415,31022449368,0,0,46
15496,0,31024452557,31024452522,0,0,35
15497,0,31026454833,31026454787,0,0,45
15498,0,31028456193,31028456134,0,0,59
15499,0,31030459907,31030459863,0,0,43
15500,0,31032462191,31032462155,0,0,35
15501,0,31034463337,31034463296,0,0,41
15502,0,31036465538,31036465501,0,0,37
15503,0,31038468053,31038468033,0,0,19
15504,0,31040469511,31040469483,0,0,27
15505,0,31042473284,31042473274,0,0,9
15506,0,31044475361,31044475352,0,0,8
15507,0,31046477345,31046477306,0,0,38
15508,0,31048479549,31048479528,0,0,21
15509,0,31050482478,31050482429,0,0,49
15510,0,31052484168,31052484145,0,0,23
15511,0,31054486529,31054486571,0,0,-42
15512,0,31056488432,31056488471,0,0,-39
15513,0,31058490693,31058490647,0,0,46
15514,0,31060492800,31060492745,0,0,55
15515,0,31062495948,31062495926,0,0,21
15516,0,31064497297,31064497244,0,0,53
15517,0,31066499523,31066499498,0,0,25
15518,0,31068501765,31068501756,0,0,8
15519,0,31070504801,31070504837,0,0,-35
15520,0,31072507202,31072507234,0,0,-32
15521,0,31074508330,31074508348,0,0,-18
15522,0,31076510903,31076510946,0,0,-42
15523,0,31078513043,31078513080,0,0,-36
15524,0,31080514993,31080514964,0,0,28
15525,0,31082516916,31082516958,0,0,-42
15526,0,31084518217,31084518256,0,0,-38
15527,0,31086520648,31086520684,0,0,-35
15528,0,31088523727,31088523694,0,0,33
15529,0,31090525070,31090525102,0,0,-31
15530,0,31092528438,31092528478,0,0,-40
15531,0,31094530474,31094530514,0,0,-40
15532,0,31096532706,31096532680,0,0,25
15533,0,31098534779,31098534761,0,0,17
15534,0,31100536395,31100536343,0,0,51
15535,0,31102539629,31102539624,0,0,4
15536,0,31104541626,31104541613,0,0,13
15537,0,31106543635,31106543609,0,0,25
15538,0,31108545134,31108545093,0,0,41
15539,0,31110548797,31110548766,0,0,31
15540,0,31112550872,31112550849,0,0,22
15541,0,31114553065,31114553057,0,0,8
15542,0,31116554977,31116554947,0,0,29
15543,0,31118557222,31118557213,0,0,9
15544,0,31120559609,31120559577,0,0,31
15545,0,31122561678,31122561731,0,0,-53
15546,0,31124563851,31124563814,0,0,37
15547,0,31126568020,31126567984,0,0,35
15548,0,31128569467,31128569456,0,0,11
15549,0,31130570698,31130570660,0,0,38
15550,0,31132572521,31132572560,0,0,-38
15551,0,31134574021,31134574058,0,0,-36
15552,0,31136578174,31136578199,0,0,-25
15553,0,31138581008,31138580975,0,0,33
15554,0,31140582261,31140582241,0,0,20
15555,0,31142583745,31142583701,0,0,43
15556,0,31144585033,31144584975,0,0,58
15557,0,31146587346,31146587303,0,0,43
15558,0,31148590897,31148590859,0,0,38
15559,0,31150592840,31150592802,0,0,38
15560,0,31152595476,31152595426,0,0,49
15561,0,31154597088,31154597107,0,0,-18
15562,0,31156598579,31156598616,0,0,-36
15563,0,31158602249,31158602274,0,0,-24
15564,0,31160605114,31160605137,0,0,-23
15565,0,31162606358,31162606408,0,0,-50
15566,0,31164608528,31164608549,0,0,-20
15567,0,31166610594,31166610636,0,0,-42
15568,0,31168613029,31168613041,0,0,-12
15569,0,31170615163,31170615202,0,0,-38
15570,0,31172617838,31172617871,0,0,-32
15571,0,31174620051,31174620075,0,0,-24
15572,0,31176622126,31176622151,0,0,-24
15573,0,31178623777,31178623801,0,0,-24
15574,0,31180625063,31180625089,0,0,-25
15575,0,31182627212,31182627175,0,0,36
15576,0,31184629818,31184629851,0,0,-33
15577,0,31186633186,31186633236,0,0,-50
15578,0,31188635114,31188635105,0,0,8
15579,0,31190637855,31190637818,0,0,36
15580,0,31192640113,31192640071,0,0,42
15581,0,31194640736,31194640768,0,0,-32
15582,0,31196644038,31196644076,0,0,-38
15583,0,31198646701,31198646725,0,0,-24
15584,0,31200648364,31200648416,0,0,-52
15585,0,31202650590,31202650561,0,0,28
15586,0,31204652225,31204652186,0,0,38
15587,0,31206654926,31206654880,0,0,46
15588,0,31208656175,31208656137,0,0,38
15589,0,31210659195,31210659231,0,0,-35
15590,0,31212662229,31212662258,0,0,-28
15591,0,31214663632,31214663604,0,0,27
15592,0,31216665152,31216665114,0,0,38
15593,0,31218667039,31218666992,0,0,47
15594,0,31220669647,31220669614,0,0,32
15595,0,31222673232,31222673164,0,0,68
15596,0,31224676142,31224676093,0,0,49
15597,0,31226678844,31226678777,0,0,66
15598,0,31228679561,31228679491,0,0,70
15599,0,31230681662,31230681593,0,0,69
15600,0,31232683120,31232683076,0,0,44
15601,0,31234686739,31234686681,0,0,58
15602,0,31236688430,31236688380,0,0,49
15603,0,31238690375,31238690390,0,0,-15
15604,0,31240691887,31240691833,0,0,53
15605,0,31242694974,31242694991,0,0,-16
15606,0,31244696522,31244696512,0,0,9
15607,0,31246699733,31246699746,0,0,-12
15608,0,31248702088,31248702080,0,0,8
15609,0,31250703740,31250703759,0,0,-18
15610,0,31252705519,31252705471,0,0,47
15611,0,31254707834,31254707788,0,0,46
15612,0,31256710560,31256710502,0,0,58
15613,0,31258711925,31258711950,0,0,-24
15614,0,31260715385,31260715395,0,0,-10
15615,0,31262717395,31262717406,0,0,-10
15616,0,31264719564,31264719571,0,0,-6
15617,0,31266721994,31266721944,0,0,49
15618,0,31268724210,31268724183,0,0,26
15619,0,31270726462,31270726397,0,0,65
15620,0,31272728297,31272728265,0,0,31
15621,0,31274729464,31274729419,0,0,44
15622,0,31276732011,31276731948,0,0,63
15623,0,31278735008,31278734975,0,0,32
15624,0,31280735984,31280735960,0,0,23
15625,0,31282738966,31282738939,0,0,27
15626,0,31284742296,31284742275,0,0,21
15627,0,31286744442,31286744417,0,0,25
15628,0,31288747283,31288747224,0,0,58
15629,0,31290747425,31290747386,0,0,38
15630,0,31292749723,31292749682,0,0,40
15631,0,31294753245,31294753207,0,0,38
15632,0,31296755386,31296755334,0,0,51
15633,0,31298757071,31298757048,0,0,23
15634,0,31300759092,31300759067,0,0,24
15635,0,31302761851,31302761811,0,0,40
15636,0,31304763973,31304763950,0,0,23
15637,0,31306765604,31306765559,0,0,44
15638,0,31308768594,31308768568,0,0,25
15639,0,31310771137,31310771111,0,0,26
15640,0,31312773237,31312773201,0,0,35
15641,0,31314774935,31314774914,0,0,20
15642,0,31316776891,31316776866,0,0,24
15643,0,31318780078,31318780047,0,0,31
15644,0,31320783571,31320783545,0,0,26
15645,0,31322783963,31322783988,0,0,-24
15646,0,31324785655,31324785684,0,0,-29
15647,0,31326790559,31326790599,0,0,-40
15648,0,31328791112,31328791157,0,0,-45
15649,0,31330793361,31330793413,0,0,-51
15650,0,31332795454,31332795433,0,0,20
15651,0,31334797498,31334797480,0,0,17
15652,0,31336800103,31336800067,0,0,35
15653,0,31338801853,31338801820,0,0,33
15654,0,31340804571,31340804595,0,0,-23
15655,0,31342806802,31342806782,0,0,20
15656,0,31344808959,31344808934,0,0,25
15657,0,31346810722,31346810698,0,0,23
15658,0,31348812155,31348812128,0,0,26
15659,0,31350815351,31350815331,0,0,20
15660,0,31352818249,31352818220,0,0,29
15661,0,31354818918,31354818905,0,0,13
15662,0,31356822074,31356822045,0,0,29
15663,0,31358823862,31358823844,0,0,17
15664,0,31360825932,31360825914,0,0,18
15665,0,31362828909,31362828880,0,0,28
15666,0,31364830829,31364830822,0,0,7
15667,0,31366833555,31366833518,0,0,36
15668,0,31368835889,31368835861,0,0,27
15669,0,31370837611,31370837588,0,0,23
15670,0,31372839715,31372839755,0,0,-39
15671,0,31374842060,31374842096,0,0,-35
15672,0,31376843349,31376843403,0,0,-53
15673,0,31378846901,31378846954,0,0,-52
15674,0,31380848609,31380848570,0,0,38
15675,0,31382850136,31382850119,0,0,16
15676,0,31384854238,31384854260,0,0,-22
15677,0,31386855166,31386855198,0,0,-31
15678,0,31388856997,31388857046,0,0,-48
15679,0,31390861383,31390861424,0,0,-41
15680,0,31392863113,31392863155,0,0,-42
15681,0,31394864364,31394864322,0,0,42
15682,0,31396866554,31396866525,0,0,28
15683,0,31398868024,31398867984,0,0,40
15684,0,31400870856,31400870900,0,0,-43
15685,0,31402873307,31402873359,0,0,-52
15686,0,31404876047,31404876033,0,0,13
15687,0,31406877354,31406877319,0,0,35
15688,0,31408879031,31408879001,0,0,29
15689,0,31410882001,31410881961,0,0,40
15690,0,31412884703,31412884726,0,0,-22
15691,0,31414886933,31414886970,0,0,-36
15692,0,31416890193,31416890159,0,0,34
15693,0,31418890531,31418890483,0,0,47
15694,0,31420892752,31420892729,0,0,23
15695,0,31422895449,31422895389,0,0,60
15696,0,31424898173,31424898149,0,0,23
15697,0,31426902163,31426902136,0,0,26
15698,0,31428903200,31428903177,0,0,22
15699,0,31430904040,31430904013,0,0,27
15700,0,31432905890,31432905863,0,0,26
15701,0,31434908725,31434908712,0,0,13
15702,0,31436911516,31436911501,0,0,15
15703,0,31438913098,31438913071,0,0,26
15704,0,31440915359,31440915331,0,0,27
15705,0,31442917505,31442917491,0,0,13
15706,0,31444919313,31444919264,0,0,49
15707,0,31446921945,31446921899,0,0,45
15708,0,31448924392,31448924410,0,0,-17
15709,0,31450926534,31450926567,0,0,-33
15710,0,31452928935,31452928959,0,0,-23
15711,0,31454930649,31454930601,0,0,48
15712,0,31456932262,31456932195,0,0,67
15713,0,31458935585,31458935521,0,0,63
15714,0,31460937885,31460937815,0,0,69
15715,0,31462940178,31462940122,0,0,56
15716,0,31464942952,31464942885,0,0,67
15717,0,31466944035,31466944000,0,0,34
15718,0,31468945712,31468945643,0,0,68
15719,0,31470948572,31470948503,0,0,68
15720,0,31472950395,31472950336,0,0,59
15721,0,31474953534,31474953570,0,0,-36
15722,0,31476955928,31476955962,0,0,-33
15723,0,31478957609,31478957631,0,0,-22
15724,0,31480960296,31480960316,0,0,-19
15725,0,31482963013,31482963049,0,0,-36
15726,0,31484963489,31484963494,0,0,-5
15727,0,31486967161,31486967122,0,0,38
15728,0,31488968568,31488968528,0,0,40
15729,0,31490970008,31490969949,0,0,59
15730,0,31492973269,31492973224,0,0,44
15731,0,31494975211,31494975151,0,0,59
15732,0,31496976564,31496976512,0,0,51
15733,0,31498979261,31498979193,0,0,68
15734,0,31500982125,31500982071,0,0,54
15735,0,31502983105,31502983062,0,0,43
15736,0,31504985532,31504985498,0,0,33
15737,0,31506989191,31506989135,0,0,56
15738,0,31508991134,31508991079,0,0,55
15739,0,31510993808,31510993754,0,0,54
15740,0,31512995648,31512995664,0,0,-15
15741,0,31514999221,31514999231,0,0,-10
15742,0,31516999791,31516999804,0,0,-13
15743,0,31519001934,31519001946,0,0,-11
15744,0,31521004321,31521004303,0,0,17
15745,0,31523006821,31523006785,0,0,35
15746,0,31525008997,31525008976,0,0,20
15747,0,31527012422,31527012384,0,0,38
15748,0,31529013260,31529013270,0,0,-10
15749,0,31531015746,31531015721,0,0,24
15750,0,31533017695,31533017651,0,0,43
15751,0,31535020719,31535020684,0,0,34
15752,0,31537022433,31537022388,0,0,44
15753,0,31539024257,31539024294,0,0,-37
15754,0,31541026483,31541026498,0,0,-14
15755,0,31543029014,31543029033,0,0,-19
15756,0,31545031450,31545031433,0,0,16
15757,0,31547035152,31547035132,0,0,20
15758,0,31549036044,31549036005,0,0,39
15759,0,31551037820,31551037774,0,0,45
15760,0,31553040689,31553040660,0,0,29
15761,0,31555041909,31555041883,0,0,26
15762,0,31557043581,31557043609,0,0,-28
15763,0,31559046662,31559046705,0,0,-42
15764,0,31561049169,31561049159,0,0,10
15765,0,31563051377,31563051343,0,0,34
15766,0,31565053696,31565053738,0,0,-42
15767,0,31567055247,31567055289,0,0,-42
15768,0,31569056597,31569056625,0,0,-28
15769,0,31571059314,31571059273,0,0,41
15770,0,31573062519,31573062497,0,0,22
15771,0,31575064373,31575064364,0,0,9
15772,0,31577066991,31577066976,0,0,14
15773,0,31579069997,31579069966,0,0,31
15774,0,31581071710,31581071750,0,0,-40
15775,0,31583074078,31583074120,0,0,-41
15776,0,31585075734,31585075772,0,0,-38
15777,0,31587077532,31587077525,0,0,6
15778,0,31589079352,31589079329,0,0,23
15779,0,31591082452,31591082422,0,0,30
15780,0,31593084855,31593084842,0,0,13
15781,0,31595087779,31595087720,0,0,59
15782,0,31597090295,31597090277,0,0,17
15783,0,31599091233,31599091191,0,0,41
15784,0,31601093991,31601093973,0,0,18
15785,0,31603095746,31603095757,0,0,-11
15786,0,31605097817,31605097832,0,0,-15
15787,0,31607100388,31607100431,0,0,-42
15788,0,31609102643,31609102647,0,0,-4
15789,0,31611105301,31611105323,0,0,-22
15790,0,31613105819,31613105797,0,0,21
15791,0,31615110343,31615110287,0,0,56
15792,0,31617111103,31617111070,0,0,32
15793,0,31619112678,31619112698,0,0,-20
15794,0,31621115894,31621115909,0,0,-15
15795,0,31623117823,31623117837,0,0,-13
15796,0,31625120543,31625120537,0,0,5
15797,0,31627123285,31627123226,0,0,59
15798,0,31629123976,31629123922,0,0,53
15799,0,31631127669,31631127629,0,0,40
15800,0,31633130303,31633130289,0,0,13
15801,0,31635131345,31635131307,0,0,37
15802,0,31637133226,31637133226,0,0,0
15803,0,31639134912,31639134900,0,0,11
15804,0,31641137597,31641137654,0,0,-56
15805,0,31643140360,31643140403,0,0,-42
15806,0,31645142642,31645142685,0,0,-42
15807,0,31647145178,31647145144,0,0,33
15808,0,31649146549,31649146525,0,0,23
15809,0,31651148042,31651148023,0,0,19
15810,0,31653151438,31653151484,0,0,-46
15811,0,31655153695,31655153736,0,0,-40
15812,0,31657156090,31657156119,0,0,-28
15813,0,31659157692,31659157717,0,0,-24
15814,0,31661159022,31661158992,0,0,29
15815,0,31663161015,31663160999,0,0,16
15816,0,31665163937,31665163928,0,0,8
15817,0,31667166860,31667166885,0,0,-24
15818,0,31669169417,31669169357,0,0,60
15819,0,31671171170,31671171143,0,0,26
15820,0,31673172622,31673172579,0,0,42
15821,0,31675176075,31675176020,0,0,55
15822,0,31677178375,31677178339,0,0,35
15823,0,31679180637,31679180591,0,0,46
15824,0,31681182303,31681182269,0,0,33
15825,0,31683183871,31683183826,0,0,44
15826,0,31685186900,31685186876,0,0,23
15827,0,31687188719,31687188693,0,0,26
15828,0,31689190350,31689190375,0,0,-25
15829,0,31691193944,31691193957,0,0,-12
15830,0,31693196114,31693196141,0,0,-26
15831,0,31695197969,31695197988,0,0,-18
15832,0,31697199334,31697199359,0,0,-24
15833,0,31699202426,31699202366,0,0,59
15834,0,31701204043,31701203954,0,0,89
15835,0,31703207685,31703207629,0,0,56
15836,0,31705209618,31705209564,0,0,54
15837,0,31707212220,31707212142,0,0,78
15838,0,31709212955,31709212885,0,0,69
15839,0,31711216776,31711216718,0,0,58
15840,0,31713219251,31713219223,0,0,28
15841,0,31715221277,31715221240,0,0,36
15842,0,31717224004,31717223963,0,0,41
15843,0,31719224831,31719224782,0,0,49
15844,0,31721225964,31721225995,0,0,-31
15845,0,31723228894,31723228907,0,0,-13
15846,0,31725230880,31725230853,0,0,26
15847,0,31727235461,31727235426,0,0,35
15848,0,31729235970,31729235913,0,0,56
15849,0,31731238485,31731238426,0,0,58
15850,0,31733240310,31733240281,0,0,28
15851,0,31735242562,31735242505,0,0,56
15852,0,31737245300,31737245274,0,0,25
15853,0,31739248197,31739248158,0,0,39
15854,0,31741249499,31741249456,0,0,43
15855,0,31743250943,31743250903,0,0,39
15856,0,31745252703,31745252650,0,0,53
15857,0,31747255899,31747255914,0,0,-14
15858,0,31749258310,31749258266,0,0,44
15859,0,31751260622,31751260579,0,0,43
15860,0,31753263035,31753263048,0,0,-13
15861,0,31755264748,31755264756,0,0,-8
15862,0,31757266886,31757266903,0,0,-16
15863,0,31759267891,31759267920,0,0,-29
15864,0,31761270485,31761270519,0,0,-33
15865,0,31763274173,31763274139,0,0,33
15866,0,31765275927,31765275892,0,0,35
15867,0,31767277972,31767277923,0,0,49
15868,0,31769280951,31769280923,0,0,28
15869,0,31771284787,31771284759,0,0,27
15870,0,31773285015,31773285026,0,0,-11
15871,0,31775287296,31775287266,0,0,29
15872,0,31777289513,31777289468,0,0,44
15873,0,31779292181,31779292191,0,0,-10
15874,0,31781293920,31781293934,0,0,-13
15875,0,31783295602,31783295546,0,0,56
15876,0,31785297256,31785297201,0,0,55
15877,0,31787300406,31787300434,0,0,-28
15878,0,31789302705,31789302667,0,0,38
15879,0,31791304718,31791304656,0,0,61
15880,0,31793307431,31793307360,0,0,70
15881,0,31795309319,31795309346,0,0,-26
15882,0,31797310811,31797310831,0,0,-20
15883,0,31799314053,31799314065,0,0,-11
15884,0,31801315941,31801315962,0,0,-20
15885,0,31803317644,31803317586,0,0,58
15886,0,31805319601,31805319550,0,0,50
15887,0,31807322408,31807322364,0,0,44
15888,0,31809325008,31809324982,0,0,26
15889,0,31811327265,31811327245,0,0,19
15890,0,31813329499,31813329471,0,0,28
15891,0,31815331101,31815331076,0,0,25
15892,0,31817332469,31817332437,0,0,31
15893,0,31819334707,31819334749,0,0,-42
15894,0,31821337322,31821337361,0,0,-39
15895,0,31823340701,31823340726,0,0,-25
15896,0,31825342732,31825342776,0,0,-43
15897,0,31827346222,31827346261,0,0,-38
15898,0,31829347316,31829347338,0,0,-21
15899,0,31831349146,31831349186,0,0,-40
15900,0,31833351379,31833351350,0,0,28
15901,0,31835353731,31835353696,0,0,34
15902,0,31837356233,31837356213,0,0,20
15903,0,31839358673,31839358653,0,0,19
15904,0,31841360764,31841360730,0,0,34
15905,0,31843362184,31843362162,0,0,21
15906,0,31845363541,31845363501,0,0,40
15907,0,31847366225,31847366199,0,0,26
15908,0,31849370000,31849369982,0,0,18
15909,0,31851372249,31851372211,0,0,38
15910,0,31853373437,31853373416,0,0,20
15911,0,31855375208,31855375169,0,0,38
15912,0,31857378177,31857378163,0,0,14
15913,0,31859380757,31859380734,0,0,22
15914,0,31861382917,31861382879,0,0,38
15915,0,31863384820,31863384775,0,0,44
15916,0,31865387518,31865387504,0,0,13
15917,0,31867389381,31867389355,0,0,26
15918,0,31869392961,31869392928,0,0,33
15919,0,31871394114,31871394092,0,0,21
15920,0,31873396105,31873396067,0,0,38
15921,0,31875398343,31875398324,0,0,19
15922,0,31877400407,31877400375,0,0,31
15923,0,31879402597,31879402570,0,0,26
15924,0,31881405638,31881405624,0,0,13
15925,0,31883407858,31883407827,0,0,31
15926,0,31885409457,31885409489,0,0,-32
15927,0,31887411557,31887411529,0,0,27
15928,0,31889414023,31889413986,0,0,36
15929,0,31891416298,31891416264,0,0,33
15930,0,31893418566,31893418539,0,0,27
15931,0,31895420786,31895420755,0,0,31
15932,0,31897422934,31897422895,0,0,39
15933,0,31899424975,31899424930,0,0,45
15934,0,31901427087,31901427116,0,0,-28
15935,0,31903430033,31903429993,0,0,40
15936,0,31905431842,31905431806,0,0,35
15937,0,31907434024,31907433997,0,0,26
15938,0,31909436440,31909436421,0,0,19
15939,0,31911438687,31911438660,0,0,26
15940,0,31913440670,31913440656,0,0,13
15941,0,31915442298,31915442272,0,0,26
15942,0,31917444075,31917444069,0,0,5
15943,0,31919447684,31919447644,0,0,40
15944,0,31921450166,31921450150,0,0,15
15945,0,31923451568,31923451559,0,0,8
15946,0,31925453572,31925453613,0,0,-40
15947,0,31927456902,31927456935,0,0,-33
15948,0,31929459134,31929459121,0,0,13
15949,0,31931460837,31931460831,0,0,6
15950,0,31933463874,31933463846,0,0,27
15951,0,31935464973,31935464946,0,0,26
15952,0,31937467118,31937467062,0,0,56
15953,0,31939468411,31939468421,0,0,-10
15954,0,31941471791,31941471734,0,0,57
15955,0,31943474217,31943474163,0,0,53
15956,0,31945476137,31945476089,0,0,48
15957,0,31947478044,31947477975,0,0,69
15958,0,31949479574,31949479584,0,0,-10
15959,0,31951481684,31951481692,0,0,-7
15960,0,31953485235,31953485177,0,0,58
15961,0,31955487703,31955487669,0,0,34
15962,0,31957489813,31957489782,0,0,31
15963,0,31959491775,31959491725,0,0,49
15964,0,31961494023,31961494056,0,0,-33
15965,0,31963496011,31963496037,0,0,-25
15966,0,31965498758,31965498771,0,0,-13
15967,0,31967502008,31967501973,0,0,35
15968,0,31969504387,31969504364,0,0,23
15969,0,31971504966,31971504957,0,0,8
15970,0,31973507426,31973507382,0,0,44
15971,0,31975509412,31975509440,0,0,-28
15972,0,31977511905,31977511954,0,0,-48
15973,0,31979513798,31979513739,0,0,59
15974,0,31981515768,31981515734,0,0,33
15975,0,31983518361,31983518343,0,0,17
15976,0,31985520247,31985520200,0,0,47
15977,0,31987521752,31987521704,0,0,47
15978,0,31989525657,31989525626,0,0,31
15979,0,31991527865,31991527828,0,0,36
15980,0,31993529943,31993529893,0,0,50
15981,0,31995531961,31995531923,0,0,38
15982,0,31997533552,31997533564,0,0,-12
15983,0,31999535532,31999535575,0,0,-42
15984,0,32001538426,32001538452,0,0,-26
15985,0,32003541061,32003541086,0,0,-24
15986,0,32005543864,32005543839,0,0,24
15987,0,32007546089,32007546051,0,0,38
15988,0,32009547379,32009547359,0,0,19
15989,0,32011549546,32011549502,0,0,44
15990,0,32013552070,32013552094,0,0,-23
15991,0,32015554234,32015554244,0,0,-10
15992,0,32017556313,32017556280,0,0,33
15993,0,32019558313,32019558278,0,0,34
15994,0,32021561197,32021561144,0,0,53
15995,0,32023562840,32023562782,0,0,58
15996,0,32025565325,32025565302,0,0,23
15997,0,32027568914,32027568880,0,0,33
15998,0,32029570808,32029570768,0,0,40
15999,0,32031573407,32031573359,0,0,48
16000,0,32033575096,32033575041,0,0,54
16001,0,32035576797,32035576815,0,0,-17
16002,0,32037578366,32037578319,0,0,47
16003,0,32039580824,32039580799,0,0,25
16004,0,32041583139,32041583092,0,0,46
16005,0,32043584863,32043584797,0,0,66
16006,0,32045586582,32045586537,0,0,44
16007,0,32047589194,32047589131,0,0,62
16008,0,32049590871,32049590827,0,0,44
16009,0,32051594566,32051594505,0,0,61
16010,0,32053596835,32053596767,0,0,68
16011,0,32055598516,32055598471,0,0,44
16012,0,32057600774,32057600725,0,0,48
16013,0,32059602444,32059602384,0,0,60
16014,0,32061605179,32061605122,0,0,56
16015,0,32063606761,32063606709,0,0,51
16016,0,32065609637,32065609653,0,0,-16
16017,0,32067612334,32067612375,0,0,-40
16018,0,32069614039,32069614071,0,0,-31
16019,0,32071616432,32071616469,0,0,-36
16020,0,32073618477,32073618430,0,0,47
16021,0,32075621048,32075620989,0,0,58
16022,0,32077623203,32077623226,0,0,-22
16023,0,32079625278,32079625233,0,0,44
16024,0,32081627655,32081627607,0,0,47
16025,0,32083629465,32083629422,0,0,42
16026,0,32085631813,32085631764,0,0,48
16027,0,32087635456,32087635426,0,0,29
16028,0,32089636179,32089636143,0,0,35
16029,0,32091637191,32091637143,0,0,47
16030,0,32093640328,32093640280,0,0,48
16031,0,32095641746,32095641694,0,0,51
16032,0,32097644843,32097644805,0,0,38
16033,0,32099647943,32099647967,0,0,-24
16034,0,32101649635,32101649672,0,0,-37
16035,0,32103651849,32103651876,0,0,-26
16036,0,32105653884,32105653916,0,0,-32
16037,0,32107655285,32107655316,0,0,-30
16038,0,32109658262,32109658231,0,0,31
16039,0,32111659925,32111659962,0,0,-37
16040,0,32113663182,32113663211,0,0,-29
16041,0,32115665186,32115665222,0,0,-35
16042,0,32117667530,32117667559,0,0,-29
16043,0,32119669293,32119669263,0,0,29
16044,0,32121671116,32121671071,0,0,44
16045,0,32123674523,32123674494,0,0,28
16046,0,32125677576,32125677540,0,0,35
16047,0,32127679903,32127679860,0,0,42
16048,0,32129680846,32129680834,0,0,11
16049,0,32131682712,32131682703,0,0,8
16050,0,32133684608,32133684598,0,0,10
16051,0,32135687746,32135687730,0,0,15
16052,0,32137689490,32137689527,0,0,-36
16053,0,32139691164,32139691219,0,0,-54
16054,0,32141694286,32141694337,0,0,-50
16055,0,32143696319,32143696314,0,0,4
16056,0,32145698817,32145698782,0,0,34
16057,0,32147701496,32147701486,0,0,9
16058,0,32149703177,32149703195,0,0,-17
16059,0,32151705682,32151705730,0,0,-48
16060,0,32153707525,32153707575,0,0,-50
16061,0,32155709615,32155709645,0,0,-29
16062,0,32157712115,32157712085,0,0,29
16063,0,32159715791,32159715770,0,0,21
16064,0,32161717738,32161717703,0,0,34
16065,0,32163718194,32163718209,0,0,-15
16066,0,32165720196,32165720228,0,0,-31
16067,0,32167722929,32167722884,0,0,44
16068,0,32169725300,32169725260,0,0,40
16069,0,32171727703,32171727667,0,0,36
16070,0,32173730011,32173729943,0,0,68
16071,0,32175731419,32175731363,0,0,56
16072,0,32177733226,32177733212,0,0,13
16073,0,32179736279,32179736251,0,0,28
16074,0,32181738177,32181738164,0,0,13
16075,0,32183741227,32183741209,0,0,17
16076,0,32185742941,32185742932,0,0,8
16077,0,32187743978,32187743964,0,0,14
16078,0,32189747631,32189747595,0,0,35
16079,0,32191749599,32191749565,0,0,33
16080,0,32193751368,32193751320,0,0,48
16081,0,32195755022,32195754986,0,0,35
16082,0,32197756590,32197756544,0,0,45
16083,0,32199758350,32199758319,0,0,31
16084,0,32201760103,32201760137,0,0,-33
16085,0,32203763202,32203763221,0,0,-18
16086,0,32205765725,32205765756,0,0,-30
16087,0,32207767861,32207767823,0,0,38
16088,0,32209770589,32209770549,0,0,40
16089,0,32211772736,32211772676,0,0,60
16090,0,32213774977,32213774950,0,0,26
16091,0,32215776263,32215776247,0,0,16
16092,0,32217778374,32217778413,0,0,-38
16093,0,32219781203,32219781186,0,0,17
16094,0,32221783194,32221783223,0,0,-29
16095,0,32223786404,32223786429,0,0,-24
16096,0,32225787678,32225787716,0,0,-37
16097,0,32227791026,32227791035,0,0,-8
16098,0,32229791933,32229791963,0,0,-29
16099,0,32231794571,32231794584,0,0,-13
16100,0,32233796581,32233796532,0,0,49
16101,0,32235798710,32235798656,0,0,53
16102,0,32237800988,32237800963,0,0,24
16103,0,32239803275,32239803229,0,0,46
16104,0,32241805531,32241805503,0,0,28
16105,0,32243807784,32243807797,0,0,-13
16106,0,32245810690,32245810712,0,0,-22
16107,0,32247812364,32247812336,0,0,28
16108,0,32249814101,32249814057,0,0,43
16109,0,32251815404,32251815362,0,0,42
16110,0,32253818200,32253818216,0,0,-16
16111,0,32255822698,32255822714,0,0,-16
16112,0,32257823334,32257823285,0,0,49
16113,0,32259825236,32259825204,0,0,31
16114,0,32261826679,32261826623,0,0,56
16115,0,32263830381,32263830347,0,0,33
16116,0,32265832116,32265832064,0,0,52
16117,0,32267834869,32267834848,0,0,20
16118,0,32269836476,32269836449,0,0,26
16119,0,32271838414,32271838396,0,0,17
16120,0,32273840167,32273840182,0,0,-14
16121,0,32275844048,32275844091,0,0,-42
16122,0,32277846025,32277845972,0,0,53
16123,0,32279848449,32279848425,0,0,23
16124,0,32281850334,32281850287,0,0,47
16125,0,32283851783,32283851775,0,0,8
16126,0,32285853452,32285853427,0,0,24
16127,0,32287858239,32287858214,0,0,24
16128,0,32289859065,32289859029,0,0,35
16129,0,32291861914,32291861879,0,0,35
16130,0,32293864514,32293864478,0,0,36
16131,0,32295865847,32295865800,0,0,47
16132,0,32297867829,32297867795,0,0,33
16133,0,32299869732,32299869769,0,0,-36
16134,0,32301871557,32301871586,0,0,-28
16135,0,32303874363,32303874335,0,0,27
16136,0,32305876726,32305876692,0,0,34
16137,0,32307878824,32307878793,0,0,30
16138,0,32309880954,32309880928,0,0,26
16139,0,32311883368,32311883348,0,0,20
16140,0,32313885637,32313885674,0,0,-36
16141,0,32315887742,32315887770,0,0,-28
16142,0,32317890130,32317890155,0,0,-25
16143,0,32319892760,32319892771,0,0,-11
16144,0,32321893276,32321893242,0,0,33
16145,0,32323896003,32323895979,0,0,24
16146,0,32325898954,32325898900,0,0,53
16147,0,32327903281,32327903262,0,0,19
16148,0,32329904755,32329904715,0,0,40
16149,0,32331905597,32331905604,0,0,-6
16150,0,32333908188,32333908209,0,0,-21
16151,0,32335910289,32335910301,0,0,-11
16152,0,32337912054,32337912079,0,0,-24
16153,0,32339913905,32339913886,0,0,18
16154,0,32341917593,32341917548,0,0,44
16155,0,32343919483,32343919447,0,0,36
16156,0,32345920487,32345920429,0,0,58
16157,0,32347923430,32347923406,0,0,23
16158,0,32349924766,32349924723,0,0,42
16159,0,32351930177,32351930141,0,0,35
16160,0,32353931440,32353931413,0,0,26
16161,0,32355932530,32355932496,0,0,34
16162,0,32357934128,32357934085,0,0,43
16163,0,32359935829,32359935791,0,0,38
16164,0,32361939163,32361939119,0,0,44
16165,0,32363941483,32363941450,0,0,33
16166,0,32365943856,32365943894,0,0,-38
16167,0,32367945266,32367945299,0,0,-33
16168,0,32369946669,32369946701,0,0,-31
16169,0,32371949480,32371949505,0,0,-24
16170,0,32373951786,32373951742,0,0,43
16171,0,32375955125,32375955106,0,0,19
16172,0,32377956748,32377956719,0,0,28
16173,0,32379959152,32379959126,0,0,26
16174,0,32381961537,32381961571,0,0,-33
16175,0,32383964496,32383964485,0,0,11
16176,0,32385965769,32385965739,0,0,30
16177,0,32387968172,32387968159,0,0,13
16178,0,32389970279,32389970270,0,0,8
16179,0,32391972560,32391972532,0,0,28
16180,0,32393974505,32393974494,0,0,11
16181,0,32395976456,32395976451,0,0,4
16182,0,32397977665,32397977652,0,0,13
16183,0,32399980326,32399980310,0,0,16
16184,0,32401983509,32401983555,0,0,-46
16185,0,32403986035,32403986055,0,0,-19
16186,0,32405988027,32405988044,0,0,-16
16187,0,32407989710,32407989757,0,0,-47
16188,0,32409991511,32409991480,0,0,30
16189,0,32411994959,32411994988,0,0,-28
16190,0,32413997357,32413997400,0,0,-42
16191,0,32415999762,32415999747,0,0,15
16192,0,32418000883,32418000863,0,0,19
16193,0,32420003559,32420003532,0,0,26
16194,0,32422005900,32422005880,0,0,20
16195,0,32424008114,32424008094,0,0,19
16196,0,32426010288,32426010266,0,0,22
16197,0,32428013617,32428013669,0,0,-51
16198,0,32430014469,32430014524,0,0,-55
16199,0,32432016566,32432016583,0,0,-16
16200,0,32434017703,32434017714,0,0,-10
16201,0,32436020538,32436020471,0,0,66
16202,0,32438024096,32438024052,0,0,44
16203,0,32440025550,32440025575,0,0,-24
16204,0,32442027945,32442027957,0,0,-11
16205,0,32444030091,32444030103,0,0,-12
16206,0,32446032365,32446032332,0,0,33
16207,0,32448034808,32448034778,0,0,29
16208,0,32450036825,32450036813,0,0,11
16209,0,32452039011,32452038960,0,0,50
16210,0,32454041067,32454041078,0,0,-11
16211,0,32456042253,32456042296,0,0,-42
16212,0,32458044733,32458044754,0,0,-20
16213,0,32460047811,32460047767,0,0,43
16214,0,32462049270,32462049215,0,0,54
16215,0,32464052096,32464052122,0,0,-25
16216,0,32466053631,32466053651,0,0,-20
16217,0,32468056848,32468056840,0,0,8
16218,0,32470059546,32470059581,0,0,-35
16219,0,32472061569,32472061540,0,0,29
16220,0,32474063616,32474063564,0,0,52
16221,0,32476065492,32476065450,0,0,42
16222,0,32478067157,32478067112,0,0,44
16223,0,32480071402,32480071338,0,0,64
16224,0,32482074586,32482074521,0,0,65
16225,0,32484074943,32484074896,0,0,46
16226,0,32486077369,32486077314,0,0,55
16227,0,32488078881,32488078826,0,0,55
16228,0,32490081444,32490081378,0,0,65
16229,0,32492083187,32492083131,0,0,56
16230,0,32494084970,32494084916,0,0,53
16231,0,32496088503,32496088439,0,0,63
16232,0,32498090361,32498090303,0,0,58
16233,0,32500092370,32500092319,0,0,51
16234,0,32502094892,32502094855,0,0,37
16235,0,32504097103,32504097120,0,0,-17
16236,0,32506099240,32506099252,0,0,-11
16237,0,32508101735,32508101752,0,0,-17
16238,0,32510103597,32510103610,0,0,-13
16239,0,32512105552,32512105569,0,0,-17
16240,0,32514108175,32514108232,0,0,-56
16241,0,32516109869,32516109882,0,0,-12
16242,0,32518111739,32518111713,0,0,26
16243,0,32520114848,32520114885,0,0,-36
16244,0,32522117012,32522116968,0,0,43
16245,0,32524119260,32524119235,0,0,24
16246,0,32526121629,32526121597,0,0,31
16247,0,32528125168,32528125128,0,0,40
16248,0,32530126031,32530125980,0,0,51
16249,0,32532128245,32532128206,0,0,39
16250,0,32534130664,32534130625,0,0,38
16251,0,32536132759,32536132710,0,0,49
16252,0,32538134736,32538134710,0,0,25
16253,0,32540136721,32540136691,0,0,29
16254,0,32542138654,32542138608,0,0,45
16255,0,32544142251,32544142232,0,0,19
16256,0,32546144728,32546144700,0,0,28
16257,0,32548145857,32548145817,0,0,40
16258,0,32550148139,32550148123,0,0,15
16259,0,32552149904,32552149889,0,0,15
16260,0,32554151361,32554151393,0,0,-31
16261,0,32556154023,32556154048,0,0,-24
16262,0,32558156964,32558156921,0,0,42
16263,0,32560158842,32560158823,0,0,19
16264,0,32562160294,32562160273,0,0,21
16265,0,32564163656,32564163617,0,0,39
16266,0,32566166266,32566166233,0,0,33
16267,0,32568168723,32568168701,0,0,21
16268,0,32570170503,32570170519,0,0,-15
16269,0,32572172564,32572172598,0,0,-33
16270,0,32574175202,32574175211,0,0,-9
16271,0,32576176919,32576176946,0,0,-26
16272,0,32578179140,32578179170,0,0,-30
16273,0,32580182044,32580182076,0,0,-31
16274,0,32582184341,32582184365,0,0,-23
16275,0,32584185764,32584185739,0,0,24
16276,0,32586188226,32586188259,0,0,-33
16277,0,32588190907,32588190917,0,0,-10
16278,0,32590192967,32590192942,0,0,24
16279,0,32592195257,32592195222,0,0,35
16280,0,32594197054,32594197075,0,0,-20
16281,0,32596199093,32596199112,0,0,-18
16282,0,32598201568,32598201544,0,0,24
16283,0,32600204089,32600204115,0,0,-25
16284,0,32602205885,32602205845,0,0,39
16285,0,32604208285,32604208328,0,0,-42
16286,0,32606210613,32606210657,0,0,-43
16287,0,32608213528,32608213495,0,0,32
16288,0,32610215358,32610215321,0,0,36
16289,0,32612216184,32612216146,0,0,38
16290,0,32614219273,32614219231,0,0,42
16291,0,32616221857,32616221815,0,0,41
16292,0,32618223716,32618223686,0,0,30
16293,0,32620225766,32620225719,0,0,47
16294,0,32622227103,32622227063,0,0,39
16295,0,32624229964,32624229934,0,0,29
16296,0,32626231773,32626231737,0,0,35
16297,0,32628236231,32628236245,0,0,-14
16298,0,32630237146,32630237175,0,0,-29
16299,0,32632239366,32632239361,0,0,5
16300,0,32634241923,32634241932,0,0,-8
16301,0,32636243811,32636243817,0,0,-6
16302,0,32638246249,32638246262,0,0,-12
16303,0,32640248283,32640248297,0,0,-13
16304,0,32642251204,32642251195,0,0,9
16305,0,32644251458,32644251450,0,0,8
16306,0,32646254597,32646254543,0,0,53
16307,0,32648256279,32648256208,0,0,70
16308,0,32650259567,32650259521,0,0,45
16309,0,32652261838,32652261766,0,0,71
16310,0,32654264022,32654264012,0,0,9
16311,0,32656265588,32656265638,0,0,-49
16312,0,32658267123,32658267176,0,0,-52
16313,0,32660270373,32660270427,0,0,-53
16314,0,32662273081,32662273061,0,0,20
16315,0,32664275313,32664275298,0,0,15
16316,0,32666277642,32666277611,0,0,30
16317,0,32668279179,32668279152,0,0,26
16318,0,32670280498,32670280477,0,0,20
16319,0,32672284937,32672284916,0,0,20
16320,0,32674288532,32674288514,0,0,17
16321,0,32676288498,32676288482,0,0,15
16322,0,32678290528,32678290488,0,0,40
16323,0,32680292294,32680292265,0,0,29
16324,0,32682294078,32682294058,0,0,20
16325,0,32684297044,32684297010,0,0,33
16326,0,32686298577,32686298560,0,0,17
16327,0,32688302058,32688302041,0,0,16
16328,0,32690304051,32690304029,0,0,22
16329,0,32692306085,32692306058,0,0,26
16330,0,32694308782,32694308743,0,0,38
16331,0,32696310122,32696310091,0,0,31
16332,0,32698311867,32698311817,0,0,50
16333,0,32700315383,32700315334,0,0,48
16334,0,32702317157,32702317112,0,0,44
16335,0,32704319125,32704319070,0,0,55
16336,0,32706321680,32706321697,0,0,-17
16337,0,32708323933,32708323949,0,0,-15
16338,0,32710325363,32710325386,0,0,-22
16339,0,32712328399,32712328365,0,0,33
16340,0,32714330362,32714330310,0,0,51
16341,0,32716332150,32716332101,0,0,48
16342,0,32718335606,32718335579,0,0,27
16343,0,32720337467,32720337426,0,0,40
16344,0,32722339514,32722339471,0,0,43
16345,0,32724342000,32724341956,0,0,44
16346,0,32726344424,32726344386,0,0,38
16347,0,32728347542,32728347507,0,0,35
16348,0,32730348437,32730348404,0,0,33
16349,0,32732350531,32732350489,0,0,42
16350,0,32734353035,32734353067,0,0,-31
16351,0,32736355352,32736355312,0,0,40
16352,0,32738358454,32738358440,0,0,14
16353,0,32740359838,32740359832,0,0,6
16354,0,32742361904,32742361921,0,0,-17
16355,0,32744363886,32744363918,0,0,-31
16356,0,32746367391,32746367406,0,0,-14
16357,0,32748369164,32748369176,0,0,-12
16358,0,32750369684,32750369704,0,0,-20
16359,0,32752372504,32752372521,0,0,-16
16360,0,32754373878,32754373834,0,0,43
16361,0,32756377509,32756377528,0,0,-18
16362,0,32758379725,32758379738,0,0,-13
16363,0,32760382278,32760382301,0,0,-22
16364,0,32762383949,32762383910,0,0,39
16365,0,32764385516,32764385505,0,0,11
16366,0,32766387675,32766387649,0,0,26
16367,0,32768390852,32768390885,0,0,-32
16368,0,32770393943,32770393973,0,0,-29
16369,0,32772395064,32772395096,0,0,-32
16370,0,32774397537,32774397492,0,0,44
16371,0,32776399500,32776399447,0,0,52
16372,0,32778401706,32778401739,0,0,-33
16373,0,32780403375,32780403341,0,0,33
16374,0,32782405808,32782405836,0,0,-28
16375,0,32784409078,32784409044,0,0,33
16376,0,32786410748,32786410722,0,0,26
16377,0,32788412795,32788412774,0,0,21
16378,0,32790415344,32790415315,0,0,29
16379,0,32792416754,32792416711,0,0,42
16380,0,32794418422,32794418467,0,0,-44
16381,0,32796421947,32796421982,0,0,-34
16382,0,32798424246,32798424276,0,0,-30
16383,0,32800427202,32800427231,0,0,-28
16384,0,32802430432,32802430386,0,0,45
16385,0,32804430758,32804430698,0,0,59
16386,0,32806432923,32806432942,0,0,-18
16387,0,32808435689,32808435703,0,0,-13
16388,0,32810437569,32810437585,0,0,-15
16389,0,32812439054,32812439074,0,0,-20
16390,0,32814440191,32814440147,0,0,44
16391,0,32816442667,32816442635,0,0,31
16392,0,32818445584,32818445555,0,0,28
16393,0,32820448661,32820448669,0,0,-7
16394,0,32822450766,32822450799,0,0,-33
16395,0,32824453049,32824452994,0,0,55
16396,0,32826455105,32826455084,0,0,21
16397,0,32828457073,32828457042,0,0,30
16398,0,32830458741,32830458720,0,0,21
16399,0,32832461489,32832461458,0,0,31
16400,0,32834462895,32834462929,0,0,-33
16401,0,32836465865,32836465890,0,0,-24
16402,0,32838467578,32838467566,0,0,11
16403,0,32840470422,32840470393,0,0,29
16404,0,32842471923,32842471891,0,0,31
16405,0,32844475716,32844475696,0,0,20
16406,0,32846477709,32846477685,0,0,23
16407,0,32848479462,32848479440,0,0,22
16408,0,32850481134,32850481093,0,0,40
16409,0,32852483825,32852483790,0,0,35
16410,0,32854485639,32854485593,0,0,46
16411,0,32856488537,32856488501,0,0,36
16412,0,32858490743,32858490786,0,0,-42
16413,0,32860493068,32860493093,0,0,-24
16414,0,32862495541,32862495579,0,0,-37
16415,0,32864497622,32864497561,0,0,60
16416,0,32866499649,32866499592,0,0,56
16417,0,32868503222,32868503234,0,0,-11
16418,0,32870504094,32870504116,0,0,-22
16419,0,32872506126,32872506132,0,0,-6
16420,0,32874508371,32874508388,0,0,-17
16421,0,32876510395,32876510359,0,0,36
16422,0,32878511962,32878511927,0,0,35
16423,0,32880515148,32880515121,0,0,26
16424,0,32882517111,32882517071,0,0,39
16425,0,32884518487,32884518436,0,0,51
16426,0,32886520752,32886520717,0,0,35
16427,0,32888523783,32888523736,0,0,47
16428,0,32890525247,32890525202,0,0,45
16429,0,32892528823,32892528786,0,0,36
16430,0,32894530858,32894530814,0,0,43
16431,0,32896532775,32896532761,0,0,13
16432,0,32898535128,32898535122,0,0,5
16433,0,32900538014,32900537988,0,0,25
16434,0,32902539008,32902538986,0,0,22
16435,0,32904541812,32904541805,0,0,6
16436,0,32906544151,32906544222,0,0,-70
16437,0,32908545964,32908546028,0,0,-63
16438,0,32910547200,32910547263,0,0,-62
16439,0,32912549603,32912549640,0,0,-37
16440,0,32914553406,32914553334,0,0,71
16441,0,32916555415,32916555357,0,0,58
16442,0,32918557393,32918557345,0,0,48
16443,0,32920559431,32920559375,0,0,56
16444,0,32922560933,32922560905,0,0,27
16445,0,32924563564,32924563519,0,0,44
16446,0,32926565532,32926565487,0,0,45
16447,0,32928570658,32928570647,0,0,11
16448,0,32930571595,32930571568,0,0,26
16449,0,32932573889,32932573874,0,0,14
16450,0,32934573762,32934573782,0,0,-20
16451,0,32936576177,32936576164,0,0,13
16452,0,32938579411,32938579384,0,0,26
16453,0,32940582260,32940582229,0,0,30
16454,0,32942584321,32942584293,0,0,28
16455,0,32944585616,32944585604,0,0,11
16456,0,32946587361,32946587345,0,0,16
16457,0,32948589603,32948589579,0,0,23
16458,0,32950592224,32950592261,0,0,-36
16459,0,32952595726,32952595762,0,0,-35
16460,0,32954597259,32954597302,0,0,-42
16461,0,32956598415,32956598406,0,0,9
16462,0,32958601060,32958601094,0,0,-33
16463,0,32960603878,32960603903,0,0,-24
16464,0,32962605420,32962605444,0,0,-24
16465,0,32964609095,32964609121,0,0,-25
16466,0,32966610901,32966610869,0,0,32
16467,0,32968612044,32968612005,0,0,38
16468,0,32970615177,32970615204,0,0,-27
16469,0,32972617269,32972617302,0,0,-32
16470,0,32974618993,32974618946,0,0,47
16471,0,32976622093,32976622102,0,0,-8
16472,0,32978624167,32978624127,0,0,40
16473,0,32980626571,32980626516,0,0,55
16474,0,32982628402,32982628351,0,0,51
16475,0,32984629481,32984629443,0,0,38
16476,0,32986632431,32986632396,0,0,35
16477,0,32988635461,32988635413,0,0,48
16478,0,32990637810,32990637779,0,0,30
16479,0,32992640900,32992640873,0,0,26
16480,0,32994642936,32994642883,0,0,52
16481,0,32996645362,32996645303,0,0,58
16482,0,32998646737,32998646702,0,0,34
16483,0,33000648882,33000648852,0,0,29
16484,0,33002651178,33002651145,0,0,33
16485,0,33004653045,33004652998,0,0,47
16486,0,33006655152,33006655114,0,0,38
16487,0,33008656350,33008656319,0,0,30
16488,0,33010659782,33010659732,0,0,49
16489,0,33012662149,33012662161,0,0,-11
16490,0,33014664582,33014664556,0,0,26
16491,0,33016666242,33016666186,0,0,56
16492,0,33018667564,33018667520,0,0,43
16493,0,33020670991,33020670944,0,0,46
16494,0,33022673216,33022673168,0,0,47
16495,0,33024675979,33024675955,0,0,24
16496,0,33026677887,33026677849,0,0,38
16497,0,33028682112,33028682072,0,0,40
16498,0,33030682205,33030682189,0,0,15
16499,0,33032683839,33032683818,0,0,20
16500,0,33034685957,33034685993,0,0,-36
16501,0,33036689339,33036689370,0,0,-30
16502,0,33038690395,33038690451,0,0,-55
16503,0,33040692193,33040692226,0,0,-33
16504,0,33042695338,33042695306,0,0,31
16505,0,33044697476,33044697410,0,0,65
16506,0,33046699188,33046699140,0,0,47
16507,0,33048702233,33048702224,0,0,9
16508,0,33050704536,33050704510,0,0,26
16509,0,33052706078,33052706112,0,0,-33
16510,0,33054707832,33054707871,0,0,-38
16511,0,33056710630,33056710591,0,0,39
16512,0,33058712617,33058712632,0,0,-14
16513,0,33060716932,33060716910,0,0,22
16514,0,33062717838,33062717847,0,0,-8
16515,0,33064719703,33064719745,0,0,-42
16516,0,33066722229,33066722188,0,0,41
16517,0,33068724275,33068724224,0,0,50
16518,0,33070726625,33070726591,0,0,33
16519,0,33072729078,33072729088,0,0,-9
16520,0,33074730977,33074731010,0,0,-32
16521,0,33076733820,33076733856,0,0,-36
16522,0,33078735049,33078735058,0,0,-9
16523,0,33080736829,33080736847,0,0,-17
16524,0,33082739746,33082739714,0,0,31
16525,0,33084741452,33084741410,0,0,42
16526,0,33086744676,33086744646,0,0,29
16527,0,33088746649,33088746672,0,0,-22
16528,0,33090747217,33090747265,0,0,-47
16529,0,33092750599,33092750642,0,0,-42
16530,0,33094752278,33094752307,0,0,-28
16531,0,33096755782,33096755835,0,0,-53
16532,0,33098757976,33098758011,0,0,-35
16533,0,33100760033,33100760060,0,0,-26
16534,0,33102762435,33102762454,0,0,-19
16535,0,33104764071,33104764114,0,0,-42
16536,0,33106765945,33106765910,0,0,34
16537,0,33108769084,33108769029,0,0,55
16538,0,33110771044,33110771010,0,0,33
16539,0,33112772808,33112772768,0,0,39
16540,0,33114774318,33114774302,0,0,15
16541,0,33116776472,33116776430,0,0,42
16542,0,33118779348,33118779312,0,0,35
16543,0,33120782997,33120782966,0,0,31
16544,0,33122784961,33122784937,0,0,23
16545,0,33124786717,33124786766,0,0,-48
16546,0,33126788552,33126788579,0,0,-26
16547,0,33128791364,33128791385,0,0,-20
16548,0,33130793055,33130793040,0,0,15
16549,0,33132794903,33132794885,0,0,18
16550,0,33134798044,33134798027,0,0,16
16551,0,33136799810,33136799782,0,0,28
16552,0,33138802579,33138802561,0,0,17
16553,0,33140804606,33140804600,0,0,6
16554,0,33142806591,33142806573,0,0,18
16555,0,33144809145,33144809119,0,0,26
16556,0,33146810664,33146810640,0,0,23
16557,0,33148812312,33148812291,0,0,21
16558,0,33150815550,33150815579,0,0,-29
16559,0,33152817463,33152817512,0,0,-49
16560,0,33154818612,33154818592,0,0,20
16561,0,33156822564,33156822539,0,0,24
16562,0,33158824244,33158824231,0,0,13
16563,0,33160825555,33160825549,0,0,6
16564,0,33162828402,33162828435,0,0,-33
16565,0,33164830076,33164830128,0,0,-52
16566,0,33166833689,33166833721,0,0,-31
16567,0,33168835877,33168835841,0,0,35
16568,0,33170837951,33170837937,0,0,13
16569,0,33172840193,33172840178,0,0,15
16570,0,33174842417,33174842393,0,0,24
16571,0,33176843461,33176843453,0,0,7
16572,0,33178847101,33178847076,0,0,24
16573,0,33180849233,33180849209,0,0,23
16574,0,33182851134,33182851107,0,0,26
16575,0,33184853338,33184853312,0,0,26
16576,0,33186855670,33186855648,0,0,22
16577,0,33188858781,33188858798,0,0,-17
16578,0,33190860083,33190860116,0,0,-33
16579,0,33192862570,33192862599,0,0,-29
16580,0,33194864511,33194864495,0,0,15
16581,0,33196866307,33196866270,0,0,37
16582,0,33198868053,33198868030,0,0,22
16583,0,33200871396,33200871365,0,0,31
16584,0,33202873685,33202873647,0,0,37
16585,0,33204876142,33204876116,0,0,26
16586,0,33206878011,33206877999,0,0,11
16587,0,33208879905,33208879880,0,0,24
16588,0,33210882337,33210882322,0,0,14
16589,0,33212884290,33212884258,0,0,31
16590,0,33214886011,33214885987,0,0,23
16591,0,33216889347,33216889321,0,0,26
16592,0,33218891287,33218891258,0,0,29
16593,0,33220893150,33220893187,0,0,-36
16594,0,33222895643,33222895657,0,0,-13
16595,0,33224897813,33224897825,0,0,-12
16596,0,33226900191,33226900216,0,0,-25
16597,0,33228903884,33228903820,0,0,63
16598,0,33230904738,33230904696,0,0,42
16599,0,33232906757,33232906718,0,0,38
16600,0,33234908753,33234908737,0,0,16
16601,0,33236910238,33236910197,0,0,41
16602,0,33238913730,33238913705,0,0,24
16603,0,33240916098,33240916082,0,0,15
16604,0,33242918061,33242918008,0,0,53
16605,0,33244919856,33244919828,0,0,27
16606,0,33246921331,33246921311,0,0,20
16607,0,33248925256,33248925224,0,0,31
16608,0,33250926909,33250926860,0,0,48
16609,0,33252929280,33252929256,0,0,23
16610,0,33254932453,33254932408,0,0,44
16611,0,33256932967,33256932931,0,0,35
16612,0,33258934835,33258934788,0,0,47
16613,0,33260937474,33260937439,0,0,35
16614,0,33262939143,33262939132,0,0,11
16615,0,33264942568,33264942513,0,0,54
16616,0,33266944373,33266944310,0,0,62
16617,0,33268945712,33268945656,0,0,56
16618,0,33270949071,33270948992,0,0,79
16619,0,33272951296,33272951244,0,0,51
16620,0,33274953273,33274953213,0,0,60
16621,0,33276954993,33276955010,0,0,-16
16622,0,33278958031,33278957989,0,0,41
16623,0,33280960161,33280960111,0,0,49
16624,0,33282962487,33282962439,0,0,48
16625,0,33284964301,33284964250,0,0,50
16626,0,33286967824,33286967782,0,0,41
16627,0,33288970480,33288970422,0,0,57
16628,0,33290971393,33290971334,0,0,58
16629,0,33292973821,33292973766,0,0,55
16630,0,33294975945,33294975896,0,0,48
16631,0,33296978035,33296977980,0,0,55
16632,0,33298980182,33298980131,0,0,51
16633,0,33300982651,33300982622,0,0,29
16634,0,33302984874,33302984826,0,0,47
16635,0,33304987557,33304987498,0,0,59
16636,0,33306988905,33306988863,0,0,42
16637,0,33308989912,33308989862,0,0,50
16638,0,33310993094,33310993049,0,0,44
16639,0,33312997910,33312997875,0,0,34
16640,0,33315000274,33315000243,0,0,31
16641,0,33317000736,33317000671,0,0,65
16642,0,33319003215,33319003191,0,0,24
16643,0,33321003679,33321003630,0,0,49
16644,0,33323007004,33323006968,0,0,35
16645,0,33325009579,33325009518,0,0,60
16646,0,33327011410,33327011360,0,0,49
16647,0,33329014718,33329014682,0,0,35
16648,0,33331015640,33331015630,0,0,9
16649,0,33333017872,33333017835,0,0,36
16650,0,33335020579,33335020548,0,0,31
16651,0,33337022553,33337022525,0,0,28
16652,0,33339024757,33339024772,0,0,-14
16653,0,33341026510,33341026527,0,0,-17
16654,0,33343028513,33343028468,0,0,44
16655,0,33345031281,33345031269,0,0,11
16656,0,33347033516,33347033484,0,0,31
16657,0,33349036146,33349036119,0,0,26
16658,0,33351039357,33351039319,0,0,38
16659,0,33353040382,33353040349,0,0,32
16660,0,33355042869,33355042842,0,0,26
16661,0,33357044439,33357044406,0,0,33
16662,0,33359046474,33359046429,0,0,44
16663,0,33361049381,33361049356,0,0,24
16664,0,33363051494,33363051467,0,0,27
16665,0,33365053543,33365053516,0,0,26
16666,0,33367056069,33367056035,0,0,33
16667,0,33369058749,33369058721,0,0,27
16668,0,33371060162,33371060136,0,0,26
16669,0,33373062541,33373062515,0,0,25
16670,0,33375065382,33375065354,0,0,27
16671,0,33377066656,33377066623,0,0,33
16672,0,33379068407,33379068381,0,0,26
16673,0,33381072043,33381072023,0,0,20
16674,0,33383074462,33383074433,0,0,29
16675,0,33385076152,33385076127,0,0,24
16676,0,33387078336,33387078321,0,0,15
16677,0,33389080237,33389080202,0,0,34
16678,0,33391082570,33391082545,0,0,25
16679,0,33393084528,33393084489,0,0,39
16680,0,33395085788,33395085813,0,0,-25
16681,0,33397088606,33397088648,0,0,-42
16682,0,33399091323,33399091300,0,0,23
16683,0,33401092934,33401092888,0,0,45
16684,0,33403095720,33403095766,0,0,-46
16685,0,33405097715,33405097757,0,0,-42
16686,0,33407099366,33407099391,0,0,-25
16687,0,33409102719,33409102707,0,0,11
16688,0,33411104658,33411104647,0,0,11
16689,0,33413106881,33413106871,0,0,9
16690,0,33415109396,33415109390,0,0,6
16691,0,33417111152,33417111141,0,0,11
16692,0,33419112889,33419112862,0,0,26
16693,0,33421116417,33421116402,0,0,14
16694,0,33423118094,33423118059,0,0,35
16695,0,33425120288,33425120258,0,0,29
16696,0,33427122844,33427122819,0,0,24
16697,0,33429126161,33429126122,0,0,39
16698,0,33431127387,33431127361,0,0,25
16699,0,33433130026,33433130000,0,0,26
16700,0,33435131500,33435131471,0,0,28
16701,0,33437133429,33437133405,0,0,23
16702,0,33439134836,33439134803,0,0,33
16703,0,33441139517,33441139503,0,0,14
16704,0,33443141652,33443141614,0,0,38
16705,0,33445142908,33445142874,0,0,34
16706,0,33447145832,33447145793,0,0,38
16707,0,33449147224,33449147215,0,0,8
16708,0,33451149551,33451149516,0,0,34
16709,0,33453151285,33453151260,0,0,25
16710,0,33455152869,33455152851,0,0,17
16711,0,33457156137,33457156123,0,0,13
16712,0,33459158102,33459158059,0,0,42
16713,0,33461160117,33461160092,0,0,24
16714,0,33463161966,33463161937,0,0,29
16715,0,33465164869,33465164862,0,0,7
16716,0,33467166885,33467166917,0,0,-32
16717,0,33469169404,33469169437,0,0,-33
16718,0,33471171703,33471171658,0,0,44
16719,0,33473173479,33473173449,0,0,29
16720,0,33475175099,33475175060,0,0,39
16721,0,33477177034,33477177019,0,0,15
16722,0,33479180712,33479180683,0,0,28
16723,0,33481183135,33481183141,0,0,-5
16724,0,33483185060,33483185084,0,0,-24
16725,0,33485187410,33485187418,0,0,-8
16726,0,33487189179,33487189204,0,0,-24
16727,0,33489191412,33489191424,0,0,-11
16728,0,33491193654,33491193693,0,0,-38
16729,0,33493196281,33493196305,0,0,-24
16730,0,33495198507,33495198550,0,0,-42
16731,0,33497200750,33497200722,0,0,27
16732,0,33499202680,33499202644,0,0,35
16733,0,33501204391,33501204348,0,0,43
16734,0,33503206789,33503206752,0,0,36
16735,0,33505210455,33505210396,0,0,58
16736,0,33507212485,33507212420,0,0,65
16737,0,33509213406,33509213325,0,0,81
16738,0,33511216137,33511216110,0,0,26
16739,0,33513218191,33513218143,0,0,47
16740,0,33515220405,33515220345,0,0,60
16741,0,33517222739,33517222753,0,0,-13
16742,0,33519224931,33519224937,0,0,-6
16743,0,33521226842,33521226812,0,0,30
16744,0,33523228342,33523228296,0,0,45
16745,0,33525231777,33525231732,0,0,44
16746,0,33527234189,33527234222,0,0,-32
16747,0,33529237537,33529237558,0,0,-20
16748,0,33531238191,33531238128,0,0,62
16749,0,33533239971,33533239939,0,0,31
16750,0,33535241934,33535241915,0,0,19
16751,0,33537245186,33537245150,0,0,35
16752,0,33539247076,33539247007,0,0,68
16753,0,33541249453,33541249434,0,0,19
16754,0,33543251987,33543251955,0,0,31
16755,0,33545253890,33545253854,0,0,35
16756,0,33547255906,33547255864,0,0,42
16757,0,33549257852,33549257797,0,0,54
16758,0,33551259872,33551259811,0,0,60
16759,0,33553263247,33553263195,0,0,51
16760,0,33555265555,33555265496,0,0,58
16761,0,33557266880,33557266833,0,0,47
16762,0,33559268550,33559268497,0,0,53
16763,0,33561271532,33561271474,0,0,58
16764,0,33563273864,33563273804,0,0,59
16765,0,33565276393,33565276415,0,0,-22
16766,0,33567278820,33567278849,0,0,-29
16767,0,33569281412,33569281428,0,0,-15
16768,0,33571282616,33571282626,0,0,-10
16769,0,33573284715,33573284722,0,0,-6
16770,0,33575286290,33575286324,0,0,-33
16771,0,33577290834,33577290784,0,0,49
16772,0,33579292033,33579292056,0,0,-22
16773,0,33581293908,33581293940,0,0,-31
16774,0,33583296259,33583296269,0,0,-10
16775,0,33585297919,33585297867,0,0,51
16776,0,33587299975,33587299933,0,0,42
16777,0,33589303270,33589303220,0,0,50
16778,0,33591305866,33591305827,0,0,38
16779,0,33593307111,33593307065,0,0,46
16780,0,33595309458,33595309476,0,0,-18
16781,0,33597311662,33597311626,0,0,35
16782,0,33599314346,33599314301,0,0,44
16783,0,33601316749,33601316731,0,0,17
16784,0,33603318676,33603318647,0,0,28
16785,0,33605320358,33605320400,0,0,-42
16786,0,33607321794,33607321822,0,0,-27
16787,0,33609325810,33609325764,0,0,45
16788,0,33611326274,33611326228,0,0,46
16789,0,33613329825,33613329782,0,0,43
16790,0,33615332334,33615332290,0,0,43
16791,0,33617333623,33617333602,0,0,21
16792,0,33619336222,33619336199,0,0,23
16793,0,33621339858,33621339820,0,0,38
16794,0,33623341148,33623341110,0,0,38
16795,0,33625343363,33625343352,0,0,11
16796,0,33627345844,33627345818,0,0,26
16797,0,33629349074,33629349107,0,0,-33
16798,0,33631349283,33631349305,0,0,-22
16799,0,33633351728,33633351758,0,0,-30
16800,0,33635354928,33635354957,0,0,-29
16801,0,33637356656,33637356624,0,0,31
16802,0,33639358732,33639358698,0,0,33
16803,0,33641361628,33641361613,0,0,14
16804,0,33643363100,33643363082,0,0,17
16805,0,33645364800,33645364839,0,0,-38
16806,0,33647367016,33647367001,0,0,15
16807,0,33649369498,33649369523,0,0,-24
16808,0,33651372285,33651372286,0,0,-1
16809,0,33653374163,33653374152,0,0,10
16810,0,33655376495,33655376437,0,0,58
16811,0,33657378220,33657378177,0,0,42
16812,0,33659380283,33659380240,0,0,42
16813,0,33661384007,33661383959,0,0,47
16814,0,33663386141,33663386123,0,0,17
16815,0,33665386804,33665386766,0,0,38
16816,0,33667388334,33667388367,0,0,-33
16817,0,33669391311,33669391321,0,0,-10
16818,0,33671394024,33671394033,0,0,-8
16819,0,33673397508,33673397429,0,0,79
16820,0,33675398965,33675398923,0,0,42
16821,0,33677400422,33677400380,0,0,41
16822,0,33679401990,33679401937,0,0,53
16823,0,33681405771,33681405795,0,0,-24
16824,0,33683407843,33683407877,0,0,-33
16825,0,33685409993,33685410031,0,0,-38
16826,0,33687411792,33687411840,0,0,-48
16827,0,33689413697,33689413735,0,0,-38
16828,0,33691415678,33691415745,0,0,-66
16829,0,33693418093,33693418146,0,0,-52
16830,0,33695420557,33695420607,0,0,-50
16831,0,33697424247,33697424274,0,0,-26
16832,0,33699425323,33699425276,0,0,47
16833,0,33701427358,33701427343,0,0,14
16834,0,33703429853,33703429829,0,0,24
16835,0,33705432653,33705432633,0,0,20
16836,0,33707433791,33707433773,0,0,17
16837,0,33709435570,33709435538,0,0,32
16838,0,33711438473,33711438434,0,0,38
16839,0,33713440558,33713440538,0,0,20
16840,0,33715442723,33715442692,0,0,31
16841,0,33717443808,33717443785,0,0,23
16842,0,33719446282,33719446233,0,0,49
16843,0,33721449690,33721449671,0,0,19
16844,0,33723451997,33723451959,0,0,38
16845,0,33725453737,33725453691,0,0,46
16846,0,33727455070,33727455038,0,0,31
16847,0,33729459165,33729459125,0,0,39
16848,0,33731460518,33731460487,0,0,31
16849,0,33733462229,33733462205,0,0,23
16850,0,33735465280,33735465248,0,0,32
16851,0,33737468901,33737468885,0,0,15
16852,0,33739469671,33739469630,0,0,41
16853,0,33741471595,33741471577,0,0,17
16854,0,33743472894,33743472854,0,0,40
16855,0,33745475879,33745475821,0,0,58
16856,0,33747478719,33747478734,0,0,-15
16857,0,33749480960,33749480952,0,0,8
16858,0,33751482758,33751482691,0,0,67
16859,0,33753484246,33753484179,0,0,66
16860,0,33755487894,33755487822,0,0,71
16861,0,33757489820,33757489762,0,0,58
16862,0,33759492076,33759492019,0,0,57
16863,0,33761494797,33761494742,0,0,55
16864,0,33763496095,33763496067,0,0,28
16865,0,33765497844,33765497885,0,0,-40
16866,0,33767500881,33767500903,0,0,-22
16867,0,33769503826,33769503850,0,0,-24
16868,0,33771505143,33771505077,0,0,65
16869,0,33773507341,33773507313,0,0,28
16870,0,33775508961,33775508917,0,0,44
16871,0,33777511555,33777511546,0,0,8
16872,0,33779513008,33779512977,0,0,31
16873,0,33781516451,33781516415,0,0,35
16874,0,33783518531,33783518489,0,0,42
16875,0,33785520624,33785520598,0,0,26
16876,0,33787522000,33787521984,0,0,15
16877,0,33789525173,33789525147,0,0,26
16878,0,33791527799,33791527764,0,0,34
16879,0,33793529985,33793530003,0,0,-17
16880,0,33795532149,33795532167,0,0,-17
16881,0,33797534084,33797534103,0,0,-18
16882,0,33799536950,33799536913,0,0,37
16883,0,33801539685,33801539655,0,0,29
16884,0,33803540624,33803540578,0,0,46
16885,0,33805542387,33805542330,0,0,56
16886,0,33807545415,33807545442,0,0,-26
16887,0,33809547160,33809547180,0,0,-20
16888,0,33811548538,33811548564,0,0,-26
16889,0,33813551155,33813551141,0,0,14
16890,0,33815554343,33815554328,0,0,14
16891,0,33817556838,33817556793,0,0,44
16892,0,33819558748,33819558770,0,0,-22
16893,0,33821560813,33821560840,0,0,-26
16894,0,33823563521,33823563546,0,0,-25
16895,0,33825565755,33825565696,0,0,58
16896,0,33827567411,33827567359,0,0,51
16897,0,33829570503,33829570446,0,0,56
16898,0,33831571833,33831571872,0,0,-38
16899,0,33833574145,33833574152,0,0,-6
16900,0,33835576408,33835576419,0,0,-11
16901,0,33837578612,33837578629,0,0,-16
16902,0,33839581051,33839581012,0,0,39
16903,0,33841583074,33841583032,0,0,41
16904,0,33843585255,33843585271,0,0,-16
16905,0,33845587154,33845587116,0,0,38
16906,0,33847588617,33847588574,0,0,43
16907,0,33849591020,33849590981,0,0,39
16908,0,33851594178,33851594130,0,0,48
16909,0,33853595582,33853595538,0,0,43
16910,0,33855599085,33855599033,0,0,51
16911,0,33857600834,33857600874,0,0,-39
16912,0,33859602838,33859602807,0,0,30
16913,0,33861604795,33861604788,0,0,7
16914,0,33863607898,33863607870,0,0,28
16915,0,33865610070,33865610046,0,0,24
16916,0,33867613025,33867613013,0,0,12
16917,0,33869614105,33869614057,0,0,48
16918,0,33871615426,33871615406,0,0,20
16919,0,33873618693,33873618730,0,0,-37
16920,0,33875621439,33875621476,0,0,-37
16921,0,33877623363,33877623325,0,0,37
16922,0,33879625596,33879625547,0,0,49
16923,0,33881627249,33881627279,0,0,-30
16924,0,33883629029,33883629058,0,0,-29
16925,0,33885631966,33885631939,0,0,27
16926,0,33887634142,33887634132,0,0,9
16927,0,33889636980,33889636973,0,0,6
16928,0,33891640385,33891640377,0,0,8
16929,0,33893640984,33893640949,0,0,34
16930,0,33895643902,33895643878,0,0,23
16931,0,33897645701,33897645693,0,0,8
16932,0,33899648511,33899648541,0,0,-30
16933,0,33901650374,33901650359,0,0,15
16934,0,33903652197,33903652140,0,0,56
16935,0,33905654013,33905653963,0,0,50
16936,0,33907655599,33907655612,0,0,-13
16937,0,33909658650,33909658671,0,0,-21
16938,0,33911662006,33911661980,0,0,26
16939,0,33913664746,33913664710,0,0,36
16940,0,33915665527,33915665478,0,0,48
16941,0,33917667782,33917667746,0,0,35
16942,0,33919669791,33919669766,0,0,24
16943,0,33921671939,33921671928,0,0,11
16944,0,33923674315,33923674342,0,0,-26
16945,0,33925677193,33925677222,0,0,-28
16946,0,33927679148,33927679160,0,0,-11
16947,0,33929682325,33929682366,0,0,-40
16948,0,33931683852,33931683818,0,0,33
16949,0,33933684200,33933684170,0,0,29
16950,0,33935686873,33935686844,0,0,29
16951,0,33937690384,33937690343,0,0,40
16952,0,33939692576,33939692537,0,0,38
16953,0,33941694429,33941694405,0,0,23
16954,0,33943696912,33943696884,0,0,27
16955,0,33945698450,33945698476,0,0,-25
16956,0,33947700534,33947700550,0,0,-15
16957,0,33949703335,33949703348,0,0,-13
16958,0,33951705312,33951705334,0,0,-21
16959,0,33953708506,33953708496,0,0,9
16960,0,33955711102,33955711064,0,0,38
16961,0,33957712299,33957712261,0,0,38
16962,0,33959714521,33959714549,0,0,-28
16963,0,33961717032,33961717014,0,0,17
16964,0,33963720288,33963720262,0,0,26
16965,0,33965721041,33965721026,0,0,15
16966,0,33967723582,33967723533,0,0,49
16967,0,33969725180,33969725148,0,0,31
16968,0,33971726636,33971726610,0,0,26
16969,0,33973730086,33973730048,0,0,38
16970,0,33975732328,33975732361,0,0,-33
16971,0,33977734233,33977734209,0,0,24
16972,0,33979736366,33979736359,0,0,6
16973,0,33981737807,33981737779,0,0,27
16974,0,33983741187,33983741220,0,0,-32
16975,0,33985743880,33985743903,0,0,-23
16976,0,33987745555,33987745566,0,0,-10
16977,0,33989747451,33989747463,0,0,-11
16978,0,33991749014,33991748943,0,0,70
16979,0,33993752228,33993752240,0,0,-12
16980,0,33995755557,33995755565,0,0,-8
16981,0,33997757379,33997757391,0,0,-11
16982,0,33999759158,33999759177,0,0,-19
16983,0,34001761310,34001761252,0,0,57
16984,0,34003763580,34003763532,0,0,48
16985,0,34005765063,34005765026,0,0,36
16986,0,34007767214,34007767244,0,0,-30
16987,0,34009770370,34009770392,0,0,-22
16988,0,34011772405,34011772442,0,0,-37
16989,0,34013774559,34013774586,0,0,-26
16990,0,34015776679,34015776644,0,0,34
16991,0,34017778644,34017778617,0,0,27
16992,0,34019780817,34019780780,0,0,37
16993,0,34021783873,34021783849,0,0,23
16994,0,34023785479,34023785501,0,0,-22
16995,0,34025787451,34025787474,0,0,-22
16996,0,34027790062,34027790092,0,0,-30
16997,0,34029793476,34029793501,0,0,-24
16998,0,34031794471,34031794429,0,0,42
16999,0,34033797375,34033797350,0,0,24
17000,0,34035799154,34035799112,0,0,41
17001,0,34037801146,34037801105,0,0,40
17002,0,34039803602,34039803556,0,0,46
17003,0,34041805620,34041805573,0,0,46
17004,0,34043808056,34043808042,0,0,13
17005,0,34045810673,34045810705,0,0,-31
17006,0,34047812234,34047812258,0,0,-24
17007,0,34049814489,34049814516,0,0,-26
17008,0,34051816723,34051816748,0,0,-24
17009,0,34053817761,34053817749,0,0,11
17010,0,34055820584,34055820549,0,0,34
17011,0,34057823577,34057823564,0,0,13
17012,0,34059826649,34059826696,0,0,-46
17013,0,34061827703,34061827752,0,0,-48
17014,0,34063829897,34063829917,0,0,-20
17015,0,34065832323,34065832285,0,0,38
17016,0,34067834182,34067834153,0,0,28
17017,0,34069835884,34069835827,0,0,56
17018,0,34071839356,34071839305,0,0,50
17019,0,34073841296,34073841316,0,0,-20
17020,0,34075843058,34075843072,0,0,-13
17021,0,34077844741,34077844757,0,0,-16
17022,0,34079848428,34079848384,0,0,44
17023,0,34081851403,34081851359,0,0,44
17024,0,34083853874,34083853828,0,0,45
17025,0,34085854422,34085854438,0,0,-16
17026,0,34087856795,34087856817,0,0,-22
17027,0,34089859251,34089859193,0,0,57
17028,0,34091861968,34091861919,0,0,48
17029,0,34093862395,34093862360,0,0,35
17030,0,34095865677,34095865704,0,0,-26
17031,0,34097867539,34097867548,0,0,-8
17032,0,34099868630,34099868639,0,0,-8
17033,0,34101871109,34101871121,0,0,-11
17034,0,34103873558,34103873507,0,0,51
17035,0,34105877064,34105877010,0,0,53
17036,0,34107879559,34107879573,0,0,-13
17037,0,34109881601,34109881621,0,0,-20
17038,0,34111883404,34111883427,0,0,-22
17039,0,34113885585,34113885613,0,0,-28
17040,0,34115887665,34115887613,0,0,51
17041,0,34117889415,34117889377,0,0,37
17042,0,34119892465,34119892499,0,0,-34
17043,0,34121894221,34121894256,0,0,-34
17044,0,34123897665,34123897658,0,0,6
17045,0,34125899267,34125899306,0,0,-38
17046,0,34127901665,34127901674,0,0,-8
17047,0,34129905412,34129905421,0,0,-8
17048,0,34131905892,34131905902,0,0,-9
17049,0,34133908369,34133908384,0,0,-15
17050,0,34135910107,34135910127,0,0,-19
17051,0,34137912474,34137912438,0,0,36
17052,0,34139915561,34139915510,0,0,51
17053,0,34141918008,34141917976,0,0,32
17054,0,34143919252,34143919224,0,0,27
17055,0,34145921349,34145921334,0,0,15
17056,0,34147923296,34147923253,0,0,43
17057,0,34149924704,34149924666,0,0,38
17058,0,34151927990,34151927957,0,0,33
17059,0,34153930426,34153930405,0,0,21
17060,0,34155933393,34155933353,0,0,40
17061,0,34157934598,34157934576,0,0,22
17062,0,34159936661,34159936630,0,0,31
17063,0,34161937674,34161937696,0,0,-22
17064,0,34163940631,34163940649,0,0,-17
17065,0,34165944073,34165944062,0,0,11
17066,0,34167946235,34167946209,0,0,26
17067,0,34169948148,34169948139,0,0,8
17068,0,34171950377,34171950413,0,0,-35
17069,0,34173952789,34173952802,0,0,-12
17070,0,34175954920,34175954945,0,0,-24
17071,0,34177957184,34177957168,0,0,16
17072,0,34179959051,34179959029,0,0,21
17073,0,34181961116,34181961089,0,0,27
17074,0,34183962177,34183962153,0,0,23
17075,0,34185964838,34185964822,0,0,15
17076,0,34187968941,34187968920,0,0,20
17077,0,34189970593,34189970565,0,0,28
17078,0,34191972835,34191972822,0,0,13
17079,0,34193974175,34193974149,0,0,26
17080,0,34195975747,34195975721,0,0,26
17081,0,34197978214,34197978243,0,0,-29
17082,0,34199981636,34199981654,0,0,-17
17083,0,34201983737,34201983720,0,0,16
17084,0,34203986308,34203986282,0,0,26
17085,0,34205988026,34205988004,0,0,22
17086,0,34207990186,34207990128,0,0,58
17087,0,34209993245,34209993197,0,0,48
17088,0,34211994263,34211994289,0,0,-25
17089,0,34213995838,34213995881,0,0,-43
17090,0,34215999237,34215999186,0,0,51
17091,0,34218000919,34218000904,0,0,15
17092,0,34220002469,34220002402,0,0,67
17093,0,34222005458,34222005403,0,0,55
17094,0,34224007564,34224007625,0,0,-60
17095,0,34226010346,34226010337,0,0,8
17096,0,34228012539,34228012512,0,0,26
17097,0,34230016322,34230016294,0,0,28
17098,0,34232016880,34232016840,0,0,40
17099,0,34234019680,34234019665,0,0,15
17100,0,34236021146,34236021114,0,0,31
17101,0,34238022794,34238022789,0,0,4
17102,0,34240025797,34240025747,0,0,50
17103,0,34242026804,34242026769,0,0,34
17104,0,34244029164,34244029114,0,0,49
17105,0,34246031306,34246031288,0,0,17
17106,0,34248033980,34248034001,0,0,-20
17107,0,34250037489,34250037498,0,0,-8
17108,0,34252039561,34252039338,0,0,222
17109,0,34254042325,34254042276,0,0,49
17110,0,34256043662,34256043633,0,0,28
17111,0,34258045417,34258045382,0,0,35
17112,0,34260047394,34260047349,0,0,44
17113,0,34262050599,34262050574,0,0,24
17114,0,34264052683,34264052645,0,0,37
17115,0,34266054608,34266054564,0,0,44
17116,0,34268056985,34268056959,0,0,25
17117,0,34270059189,34270059154,0,0,35
17118,0,34272062091,34272062041,0,0,49
17119,0,34274064863,34274064805,0,0,58
17120,0,34276067017,34276067042,0,0,-24
17121,0,34278068056,34278068004,0,0,51
17122,0,34280070198,34280070164,0,0,34
17123,0,34282072036,34282071990,0,0,46
17124,0,34284075302,34284075314,0,0,-12
17125,0,34286077817,34286077836,0,0,-18
17126,0,34288078498,34288078515,0,0,-16
17127,0,34290081220,34290081227,0,0,-7
17128,0,34292082734,34292082766,0,0,-32
17129,0,34294085197,34294085173,0,0,24
17130,0,34296088451,34296088422,0,0,28
17131,0,34298090800,34298090811,0,0,-11
17132,0,34300093193,34300093215,0,0,-22
17133,0,34302094829,34302094858,0,0,-29
17134,0,34304097351,34304097328,0,0,22
17135,0,34306099255,34306099223,0,0,31
17136,0,34308101528,34308101500,0,0,27
17137,0,34310103892,34310103868,0,0,24
17138,0,34312106168,34312106196,0,0,-27
17139,0,34314108467,34314108475,0,0,-8
17140,0,34316111097,34316111131,0,0,-33
17141,0,34318113465,34318113426,0,0,38
17142,0,34320113914,34320113906,0,0,8
17143,0,34322117516,34322117549,0,0,-33
17144,0,34324119803,34324119825,0,0,-22
17145,0,34326121649,34326121698,0,0,-49
17146,0,34328123760,34328123784,0,0,-23
17147,0,34330127212,34330127192,0,0,20
17148,0,34332128339,34332128314,0,0,24
17149,0,34334130537,34334130566,0,0,-29
17150,0,34336132880,34336132830,0,0,49
17151,0,34338135035,34338134990,0,0,44
17152,0,34340137587,34340137549,0,0,38
17153,0,34342139597,34342139559,0,0,38
17154,0,34344141607,34344141569,0,0,38
17155,0,34346143962,34346144002,0,0,-40
17156,0,34348145780,34348145823,0,0,-42
17157,0,34350148730,34350148772,0,0,-42
17158,0,34352149826,34352149793,0,0,32
17159,0,34354152384,34354152346,0,0,38
17160,0,34356154068,34356154038,0,0,29
17161,0,34358157742,34358157721,0,0,21
17162,0,34360159594,34360159586,0,0,7
17163,0,34362161943,34362161968,0,0,-25
17164,0,34364163838,34364163882,0,0,-44
17165,0,34366165580,34366165534,0,0,46
17166,0,34368167883,34368167825,0,0,58
17167,0,34370170813,34370170791,0,0,22
17168,0,34372172791,34372172811,0,0,-20
17169,0,34374174622,34374174631,0,0,-9
17170,0,34376176128,34376176136,0,0,-8
17171,0,34378179102,34378179058,0,0,43
17172,0,34380181232,34380181262,0,0,-30
17173,0,34382185530,34382185465,0,0,64
17174,0,34384186921,34384186932,0,0,-10
17175,0,34386188796,34386188820,0,0,-23
17176,0,34388190304,34388190320,0,0,-15
17177,0,34390193174,34390193196,0,0,-22
17178,0,34392195002,34392194967,0,0,35
17179,0,34394197350,34394197320,0,0,29
17180,0,34396200210,34396200159,0,0,51
17181,0,34398201063,34398201034,0,0,29
17182,0,34400203382,34400203366,0,0,16
17183,0,34402206722,34402206701,0,0,21
17184,0,34404208409,34404208382,0,0,27
17185,0,34406210366,34406210313,0,0,52
17186,0,34408212359,34408212351,0,0,8
17187,0,34410214682,34410214640,0,0,41
17188,0,34412216045,34412216026,0,0,19
17189,0,34414218892,34414218862,0,0,30
17190,0,34416221114,34416221076,0,0,37
17191,0,34418224175,34418224157,0,0,17
17192,0,34420226069,34420226012,0,0,57
17193,0,34422228191,34422228231,0,0,-39
17194,0,34424230665,34424230697,0,0,-32
17195,0,34426233088,34426233121,0,0,-32
17196,0,34428234814,34428234836,0,0,-22
17197,0,34430237786,34430237813,0,0,-26
17198,0,34432239421,34432239453,0,0,-32
17199,0,34434241456,34434241492,0,0,-35
17200,0,34436244123,34436244155,0,0,-31
17201,0,34438246449,34438246496,0,0,-47
17202,0,34440248653,34440248663,0,0,-10
17203,0,34442250843,34442250877,0,0,-33
17204,0,34444253092,34444253073,0,0,18
17205,0,34446255944,34446255928,0,0,16
17206,0,34448256111,34448256145,0,0,-33
17207,0,34450259355,34450259384,0,0,-29
17208,0,34452261743,34452261777,0,0,-33
17209,0,34454264413,34454264450,0,0,-36
17210,0,34456266478,34456266444,0,0,33
17211,0,34458268089,34458268076,0,0,13
17212,0,34460269706,34460269678,0,0,28
17213,0,34462272371,34462272357,0,0,14
17214,0,34464274254,34464274246,0,0,8
17215,0,34466277659,34466277645,0,0,13
17216,0,34468279829,34468279819,0,0,9
17217,0,34470281220,34470281187,0,0,32
17218,0,34472283195,34472283179,0,0,15
17219,0,34474285968,34474285956,0,0,11
17220,0,34476287259,34476287237,0,0,22
17221,0,34478291617,34478291610,0,0,7
17222,0,34480292886,34480292826,0,0,59
17223,0,34482295203,34482295143,0,0,60
17224,0,34484296992,34484296960,0,0,31
17225,0,34486298415,34486298358,0,0,57
17226,0,34488300907,34488300867,0,0,39
17227,0,34490304212,34490304178,0,0,33
17228,0,34492306200,34492306148,0,0,51
17229,0,34494308761,34494308707,0,0,54
17230,0,34496310600,34496310548,0,0,51
17231,0,34498312932,34498312889,0,0,43
17232,0,34500315391,34500315362,0,0,29
17233,0,34502317242,34502317204,0,0,38
17234,0,34504319995,34504319950,0,0,44
17235,0,34506321508,34506321470,0,0,38
17236,0,34508322834,34508322805,0,0,29
17237,0,34510326201,34510326173,0,0,27
17238,0,34512328842,34512328865,0,0,-23
17239,0,34514330907,34514330927,0,0,-20
17240,0,34516332814,34516332805,0,0,8
17241,0,34518335108,34518335060,0,0,48
17242,0,34520337339,34520337375,0,0,-36
17243,0,34522339588,34522339615,0,0,-27
17244,0,34524341024,34524341067,0,0,-42
17245,0,34526343812,34526343775,0,0,36
17246,0,34528345914,34528345876,0,0,38
17247,0,34530350656,34530350612,0,0,43
17248,0,34532351482,34532351437,0,0,44
17249,0,34534352096,34534352080,0,0,15
17250,0,34536355450,34536355395,0,0,54
17251,0,34538357385,34538357353,0,0,31
17252,0,34540359810,34540359772,0,0,38
17253,0,34542362767,34542362741,0,0,25
17254,0,34544364505,34544364460,0,0,44
17255,0,34546365921,34546365865,0,0,56
17256,0,34548368256,34548368272,0,0,-16
17257,0,34550371341,34550371357,0,0,-15
17258,0,34552373127,34552373157,0,0,-30
17259,0,34554375077,34554375029,0,0,47
17260,0,34556378226,34556378170,0,0,56
17261,0,34558379326,34558379301,0,0,24
17262,0,34560380858,34560380875,0,0,-16
17263,0,34562384198,34562384233,0,0,-34
17264,0,34564386051,34564386089,0,0,-38
17265,0,34566387523,34566387548,0,0,-24
17266,0,34568390692,34568390658,0,0,33
17267,0,34570392653,34570392605,0,0,48
17268,0,34572394143,34572394118,0,0,25
17269,0,34574397896,34574397847,0,0,49
17270,0,34576400611,34576400587,0,0,23
17271,0,34578401687,34578401640,0,0,47
17272,0,34580404411,34580404352,0,0,59
17273,0,34582406912,34582406896,0,0,15
17274,0,34584408805,34584408772,0,0,33
17275,0,34586411166,34586411118,0,0,48
17276,0,34588413092,34588413024,0,0,67
17277,0,34590415133,34590415088,0,0,44
17278,0,34592417550,34592417510,0,0,40
17279,0,34594420580,34594420550,0,0,29
17280,0,34596422907,34596422866,0,0,41
17281,0,34598424714,34598424729,0,0,-15
17282,0,34600426451,34600426481,0,0,-29
17283,0,34602428040,34602428083,0,0,-42
17284,0,34604429723,34604429685,0,0,38
17285,0,34606431869,34606431845,0,0,24
17286,0,34608435375,34608435341,0,0,34
17287,0,34610437910,34610437952,0,0,-42
17288,0,34612439812,34612439842,0,0,-30
17289,0,34614441937,34614441976,0,0,-38
17290,0,34616443705,34616443657,0,0,48
17291,0,34618445130,34618445097,0,0,32
17292,0,34620447446,34620447421,0,0,24
17293,0,34622450523,34622450506,0,0,17
17294,0,34624453685,34624453653,0,0,31
17295,0,34626455338,34626455308,0,0,29
17296,0,34628457405,34628457361,0,0,43
17297,0,34630461325,34630461288,0,0,36
17298,0,34632462118,34632462086,0,0,31
17299,0,34634464501,34634464481,0,0,19
17300,0,34636466695,34636466715,0,0,-20
17301,0,34638468662,34638468707,0,0,-44
17302,0,34640472133,34640472164,0,0,-30
17303,0,34642473357,34642473370,0,0,-12
17304,0,34644475684,34644475635,0,0,49
17305,0,34646477966,34646477948,0,0,17
17306,0,34648480311,34648480260,0,0,51
17307,0,34650481806,34650481757,0,0,48
17308,0,34652484146,34652484191,0,0,-44
17309,0,34654485832,34654485788,0,0,43
17310,0,34656487763,34656487738,0,0,24
17311,0,34658491029,34658490983,0,0,46
17312,0,34660493779,34660493747,0,0,31
17313,0,34662495407,34662495419,0,0,-11
17314,0,34664497694,34664497714,0,0,-20
17315,0,34666499519,34666499525,0,0,-5
17316,0,34668500975,34668500934,0,0,40
17317,0,34670504560,34670504512,0,0,48
17318,0,34672507284,34672507233,0,0,51
17319,0,34674507509,34674507450,0,0,58
17320,0,34676509731,34676509741,0,0,-9
17321,0,34678511892,34678511878,0,0,13
17322,0,34680514837,34680514779,0,0,57
17323,0,34682517698,34682517642,0,0,56
17324,0,34684520249,34684520185,0,0,63
17325,0,34686521831,34686521777,0,0,53
17326,0,34688523528,34688523471,0,0,56
17327,0,34690526173,34690526121,0,0,51
17328,0,34692528064,34692528000,0,0,64
17329,0,34694531166,34694531089,0,0,76
17330,0,34696533402,34696533336,0,0,65
17331,0,34698535337,34698535267,0,0,69
17332,0,34700537638,34700537571,0,0,66
17333,0,34702539815,34702539745,0,0,70
17334,0,34704542666,34704542651,0,0,14
17335,0,34706545323,34706545314,0,0,8
17336,0,34708547579,34708547561,0,0,17
17337,0,34710548719,34710548703,0,0,15
17338,0,34712551006,34712550975,0,0,31
17339,0,34714552856,34714552847,0,0,8
17340,0,34716554199,34716554246,0,0,-47
17341,0,34718557503,34718557549,0,0,-45
17342,0,34720561174,34720561158,0,0,15
17343,0,34722562843,34722562803,0,0,40
17344,0,34724564768,34724564724,0,0,43
17345,0,34726566473,34726566435,0,0,37
17346,0,34728569258,34728569232,0,0,26
17347,0,34730572949,34730572928,0,0,20
17348,0,34732573638,34732573633,0,0,5
17349,0,34734575057,34734575020,0,0,37
17350,0,34736577679,34736577653,0,0,25
17351,0,34738579849,34738579809,0,0,40
17352,0,34740582529,34740582540,0,0,-11
17353,0,34742584559,34742584589,0,0,-30
17354,0,34744586791,34744586805,0,0,-13
17355,0,34746588783,34746588755,0,0,27
17356,0,34748590974,34748590956,0,0,17
17357,0,34750592982,34750592939,0,0,43
17358,0,34752594694,34752594721,0,0,-26
17359,0,34754597773,34754597788,0,0,-15
17360,0,34756599974,34756599936,0,0,38
17361,0,34758602011,34758601951,0,0,60
17362,0,34760604215,34760604177,0,0,38
17363,0,34762606520,34762606528,0,0,-8
17364,0,34764608898,34764608913,0,0,-14
17365,0,34766611256,34766611228,0,0,28
17366,0,34768614423,34768614386,0,0,37
17367,0,34770615339,34770615295,0,0,43
17368,0,34772617892,34772617844,0,0,47
17369,0,34774619840,34774619864,0,0,-24
17370,0,34776622093,34776622121,0,0,-27
17371,0,34778624364,34778624356,0,0,7
17372,0,34780626805,34780626761,0,0,44
17373,0,34782628668,34782628626,0,0,41
17374,0,34784631090,34784631053,0,0,36
17375,0,34786633493,34786633453,0,0,39
17376,0,34788635798,34788635815,0,0,-16
17377,0,34790638023,34790637988,0,0,34
17378,0,34792640474,34792640434,0,0,39
17379,0,34794641957,34794641914,0,0,42
17380,0,34796643635,34796643586,0,0,49
17381,0,34798646295,34798646260,0,0,35
17382,0,34800649265,34800649290,0,0,-25
17383,0,34802651155,34802651178,0,0,-22
17384,0,34804653819,34804653829,0,0,-10
17385,0,34806655202,34806655167,0,0,34
17386,0,34808656631,34808656592,0,0,39
17387,0,34810659680,34810659647,0,0,33
17388,0,34812661337,34812661363,0,0,-26
17389,0,34814664785,34814664811,0,0,-26
17390,0,34816666797,34816666764,0,0,33
17391,0,34818668346,34818668319,0,0,27
17392,0,34820669581,34820669529,0,0,51
17393,0,34822672261,34822672288,0,0,-26
17394,0,34824675439,34824675473,0,0,-33
17395,0,34826678098,34826678115,0,0,-16
17396,0,34828680093,34828680115,0,0,-22
17397,0,34830683416,34830683441,0,0,-24
17398,0,34832685328,34832685299,0,0,28
17399,0,34834685998,34834685944,0,0,53
17400,0,34836688501,34836688444,0,0,57
17401,0,34838691328,34838691293,0,0,34
17402,0,34840693164,34840693136,0,0,28
17403,0,34842694273,34842694236,0,0,36
17404,0,34844696634,34844696588,0,0,46
17405,0,34846699071,34846699026,0,0,44
17406,0,34848702898,34848702862,0,0,35
17407,0,34850705559,34850705532,0,0,27
17408,0,34852707772,34852707736,0,0,35
17409,0,34854708598,34854708584,0,0,14
17410,0,34856709772,34856709714,0,0,58
17411,0,34858712510,34858712451,0,0,58
17412,0,34860715705,34860715676,0,0,29
17413,0,34862718155,34862718173,0,0,-17
17414,0,34864721156,34864721178,0,0,-22
17415,0,34866722067,34866722081,0,0,-13
17416,0,34868724243,34868724251,0,0,-8
17417,0,34870725474,34870725486,0,0,-12
17418,0,34872727968,34872727944,0,0,23
17419,0,34874731668,34874731623,0,0,44
17420,0,34876733770,34876733735,0,0,35
17421,0,34878735157,34878735106,0,0,51
17422,0,34880736832,34880736796,0,0,35
17423,0,34882740047,34882740012,0,0,35
17424,0,34884742266,34884742226,0,0,39
17425,0,34886744488,34886744471,0,0,16
17426,0,34888746824,34888746858,0,0,-33
17427,0,34890749372,34890749337,0,0,35
17428,0,34892751343,34892751295,0,0,48
17429,0,34894753536,34894753499,0,0,36
17430,0,34896756764,34896756719,0,0,44
17431,0,34898758177,34898758207,0,0,-30
17432,0,34900760533,34900760510,0,0,23
17433,0,34902762085,34902762047,0,0,38
17434,0,34904763505,34904763483,0,0,22
17435,0,34906766482,34906766460,0,0,22
17436,0,34908768334,34908768316,0,0,17
17437,0,34910771503,34910771465,0,0,38
17438,0,34912773535,34912773549,0,0,-13
17439,0,34914776462,34914776477,0,0,-15
17440,0,34916778656,34916778668,0,0,-11
17441,0,34918779094,34918779086,0,0,8
17442,0,34920782474,34920782489,0,0,-14
17443,0,34922784669,34922784618,0,0,51
17444,0,34924786533,34924786480,0,0,53
17445,0,34926787483,34926787443,0,0,40
17446,0,34928789916,34928789948,0,0,-32
17447,0,34930795227,34930795186,0,0,41
17448,0,34932795568,34932795528,0,0,40
17449,0,34934797496,34934797456,0,0,39
17450,0,34936799992,34936799957,0,0,35
17451,0,34938801880,34938801835,0,0,44
17452,0,34940803509,34940803547,0,0,-38
17453,0,34942806991,34942807017,0,0,-26
17454,0,34944809721,34944809701,0,0,19
17455,0,34946811419,34946811404,0,0,15
17456,0,34948813322,34948813307,0,0,14
17457,0,34950814995,34950814966,0,0,28
17458,0,34952817801,34952817783,0,0,17
17459,0,34954820283,34954820268,0,0,14
17460,0,34956822554,34956822608,0,0,-54
17461,0,34958824791,34958824781,0,0,10
17462,0,34960827370,34960827312,0,0,58
17463,0,34962830357,34962830309,0,0,47
17464,0,34964831337,34964831312,0,0,24
17465,0,34966833345,34966833285,0,0,60
17466,0,34968835110,34968835078,0,0,31
17467,0,34970838229,34970838182,0,0,46
17468,0,34972840041,34972840002,0,0,39
17469,0,34974842050,34974841997,0,0,53
17470,0,34976844044,34976844010,0,0,34
17471,0,34978846718,34978846689,0,0,29
17472,0,34980849671,34980849638,0,0,33
17473,0,34982851265,34982851240,0,0,24
17474,0,34984853888,34984853844,0,0,43
17475,0,34986855974,34986856014,0,0,-40
17476,0,34988857655,34988857698,0,0,-43
17477,0,34990858847,34990858822,0,0,24
17478,0,34992861777,34992861762,0,0,14
17479,0,34994865836,34994865813,0,0,23
17480,0,34996866663,34996866638,0,0,24
17481,0,34998868164,34998868127,0,0,36
17482,0,35000871533,35000871495,0,0,38
17483,0,35002873667,35002873658,0,0,9
17484,0,35004876152,35004876127,0,0,25
17485,0,35006878397,35006878386,0,0,11
17486,0,35008880930,35008880954,0,0,-23
17487,0,35010882121,35010882137,0,0,-15
17488,0,35012883604,35012883611,0,0,-6
17489,0,35014886758,35014886791,0,0,-32
17490,0,35016889467,35016889462,0,0,4
17491,0,35018891468,35018891426,0,0,41
17492,0,35020893860,35020893808,0,0,51
17493,0,35022895622,35022895575,0,0,47
17494,0,35024897368,35024897339,0,0,28
17495,0,35026901006,35026900945,0,0,61
17496,0,35028901376,35028901390,0,0,-13
17497,0,35030906522,35030906492,0,0,29
17498,0,35032907183,35032907125,0,0,57
17499,0,35034909040,35034908984,0,0,56
17500,0,35036911007,35036910962,0,0,44
17501,0,35038912914,35038912931,0,0,-16
17502,0,35040916225,35040916243,0,0,-17
17503,0,35042918874,35042918839,0,0,35
17504,0,35044921215,35044921184,0,0,31
17505,0,35046922604,35046922577,0,0,26
17506,0,35048924856,35048924879,0,0,-22
17507,0,35050927167,35050927198,0,0,-31
17508,0,35052928721,35052928750,0,0,-29
17509,0,35054930806,35054930766,0,0,39
17510,0,35056933853,35056933828,0,0,25
17511,0,35058937337,35058937289,0,0,48
17512,0,35060937793,35060937723,0,0,69
17513,0,35062938862,35062938838,0,0,24
17514,0,35064941484,35064941449,0,0,34
17515,0,35066945060,35066945025,0,0,35
17516,0,35068946844,35068946807,0,0,36
17517,0,35070949060,35070949053,0,0,6
17518,0,35072951134,35072951104,0,0,29
17519,0,35074952925,35074952911,0,0,13
17520,0,35076956064,35076956033,0,0,31
17521,0,35078958346,35078958388,0,0,-42
17522,0,35080960934,35080960908,0,0,25
17523,0,35082962424,35082962393,0,0,31
17524,0,35084964995,35084964979,0,0,15
17525,0,35086966947,35086966969,0,0,-22
17526,0,35088969552,35088969582,0,0,-29
17527,0,35090972886,35090972930,0,0,-43
17528,0,35092973755,35092973769,0,0,-14
17529,0,35094976125,35094976162,0,0,-36
17530,0,35096978858,35096978898,0,0,-40
17531,0,35098980098,35098980134,0,0,-35
17532,0,35100981579,35100981609,0,0,-30
17533,0,35102984836,35102984817,0,0,19
17534,0,35104986988,35104986937,0,0,51
17535,0,35106989242,35106989205,0,0,36
17536,0,35108991896,35108991872,0,0,23
17537,0,35110993584,35110993552,0,0,32
17538,0,35112995696,35112995672,0,0,24
17539,0,35114997476,35114997500,0,0,-24
17540,0,35117000759,35117000714,0,0,44
17541,0,35119002353,35119002323,0,0,30
17542,0,35121003931,35121003895,0,0,35
17543,0,35123007954,35123007925,0,0,28
17544,0,35125009084,35125009098,0,0,-14
17545,0,35127010985,35127010996,0,0,-11
17546,0,35129013860,35129013805,0,0,54
17547,0,35131017526,35131017498,0,0,28
17548,0,35133018451,35133018426,0,0,24
17549,0,35135020053,35135019996,0,0,56
17550,0,35137021719,35137021692,0,0,26
17551,0,35139024981,35139024966,0,0,14
17552,0,35141027168,35141027153,0,0,15
17553,0,35143029332,35143029303,0,0,29
17554,0,35145031637,35145031609,0,0,27
17555,0,35147033679,35147033644,0,0,35
17556,0,35149036046,35149036013,0,0,33
17557,0,35151038539,35151038492,0,0,46
17558,0,35153040514,35153040496,0,0,17
17559,0,35155043641,35155043620,0,0,20
17560,0,35157044909,35157044864,0,0,44
17561,0,35159047033,35159046988,0,0,44
17562,0,35161048389,35161048354,0,0,35
17563,0,35163052026,35163051981,0,0,45
17564,0,35165054092,35165054067,0,0,25
17565,0,35167055719,35167055671,0,0,47
17566,0,35169057211,35169057183,0,0,27
17567,0,35171061269,35171061243,0,0,26
17568,0,35173063806,35173063768,0,0,38
17569,0,35175065261,35175065302,0,0,-40
17570,0,35177067164,35177067190,0,0,-25
17571,0,35179068977,35179068956,0,0,21
17572,0,35181070367,35181070330,0,0,36
17573,0,35183072591,35183072577,0,0,13
17574,0,35185076130,35185076116,0,0,13
17575,0,35187078284,35187078274,0,0,9
17576,0,35189081632,35189081582,0,0,49
17577,0,35191082212,35191082191,0,0,21
17578,0,35193083706,35193083678,0,0,27
17579,0,35195086851,35195086831,0,0,20
17580,0,35197087912,35197087863,0,0,48
17581,0,35199091013,35199091035,0,0,-22
17582,0,35201093621,35201093649,0,0,-28
17583,0,35203095745,35203095728,0,0,16
17584,0,35205097260,35205097229,0,0,31
17585,0,35207100586,35207100564,0,0,22
17586,0,35209103000,35209102983,0,0,17
17587,0,35211104812,35211104791,0,0,21
17588,0,35213107094,35213107125,0,0,-31
17589,0,35215109485,35215109514,0,0,-29
17590,0,35217111613,35217111661,0,0,-48
17591,0,35219113471,35219113453,0,0,17
17592,0,35221116753,35221116718,0,0,35
17593,0,35223117721,35223117698,0,0,23
17594,0,35225121058,35225121029,0,0,28
17595,0,35227123735,35227123708,0,0,26
17596,0,35229125966,35229125952,0,0,13
17597,0,35231128433,35231128462,0,0,-29
17598,0,35233129493,35233129465,0,0,28
17599,0,35235132867,35235132829,0,0,38
17600,0,35237134898,35237134859,0,0,39
17601,0,35239136426,35239136408,0,0,17
17602,0,35241137926,35241137963,0,0,-36
17603,0,35243138811,35243138851,0,0,-39
17604,0,35245141477,35245141514,0,0,-36
17605,0,35247144069,35247144051,0,0,17
17606,0,35249147072,35249147116,0,0,-44
17607,0,35251149267,35251149319,0,0,-51
17608,0,35253152375,35253152409,0,0,-33
17609,0,35255152089,35255152135,0,0,-45
17610,0,35257155420,35257155451,0,0,-31
17611,0,35259158388,35259158413,0,0,-24
17612,0,35261160121,35261160083,0,0,37
17613,0,35263161211,35263161197,0,0,13
17614,0,35265163886,35265163919,0,0,-32
17615,0,35267166893,35267166919,0,0,-25
17616,0,35269168164,35269168196,0,0,-31
17617,0,35271170890,35271170912,0,0,-21
17618,0,35273174469,35273174417,0,0,51
17619,0,35275175812,35275175775,0,0,37
17620,0,35277177193,35277177153,0,0,39
17621,0,35279178914,35279178878,0,0,35
17622,0,35281181854,35281181829,0,0,24
17623,0,35283185201,35283185177,0,0,23
17624,0,35285188015,35285187979,0,0,35
17625,0,35287188060,35287188011,0,0,49
17626,0,35289190878,35289190853,0,0,24
17627,0,35291193678,35291193644,0,0,33
17628,0,35293194833,35293194817,0,0,15
17629,0,35295197386,35295197342,0,0,44
17630,0,35297200852,35297200815,0,0,37
17631,0,35299202754,35299202722,0,0,31
17632,0,35301204512,35301204493,0,0,19
17633,0,35303207381,35303207346,0,0,34
17634,0,35305209433,35305209384,0,0,48
17635,0,35307211687,35307211660,0,0,26
17636,0,35309213963,35309213898,0,0,65
17637,0,35311215758,35311215714,0,0,43
17638,0,35313217475,35313217433,0,0,42
17639,0,35315220548,35315220507,0,0,40
17640,0,35317224392,35317224325,0,0,67
17641,0,35319225315,35319225253,0,0,61
17642,0,35321227674,35321227690,0,0,-16
17643,0,35323229420,35323229357,0,0,63
17644,0,35325232212,35325232137,0,0,75
17645,0,35327233586,35327233534,0,0,51
17646,0,35329235361,35329235304,0,0,56
17647,0,35331240070,35331240079,0,0,-8
17648,0,35333240363,35333240377,0,0,-14
17649,0,35335241671,35335241611,0,0,60
17650,0,35337243948,35337243916,0,0,31
17651,0,35339245992,35339245926,0,0,65
17652,0,35341248726,35341248738,0,0,-11
17653,0,35343251707,35343251716,0,0,-8
17654,0,35345254182,35345254191,0,0,-9
17655,0,35347255822,35347255774,0,0,47
17656,0,35349258707,35349258653,0,0,53
17657,0,35351260608,35351260560,0,0,47
17658,0,35353262970,35353262916,0,0,53
17659,0,35355265082,35355265090,0,0,-8
17660,0,35357267475,35357267495,0,0,-20
17661,0,35359269505,35359269513,0,0,-8
17662,0,35361271525,35361271507,0,0,18
17663,0,35363273559,35363273516,0,0,42
17664,0,35365276096,35365276049,0,0,47
17665,0,35367277862,35367277813,0,0,49
17666,0,35369280694,35369280642,0,0,51
17667,0,35371282850,35371282804,0,0,46
17668,0,35373285328,35373285280,0,0,47
17669,0,35375287276,35375287251,0,0,24
17670,0,35377288493,35377288444,0,0,48
17671,0,35379292326,35379292273,0,0,53
17672,0,35381294898,35381294946,0,0,-47
17673,0,35383296089,35383296103,0,0,-14
17674,0,35385297580,35385297589,0,0,-8
17675,0,35387300393,35387300415,0,0,-22
17676,0,35389302054,35389302088,0,0,-33
17677,0,35391305417,35391305456,0,0,-38
17678,0,35393307280,35393307312,0,0,-32
17679,0,35395309615,35395309629,0,0,-14
17680,0,35397311602,35397311629,0,0,-26
17681,0,35399312683,35399312641,0,0,42
17682,0,35401315113,35401315085,0,0,27
17683,0,35403317793,35403317775,0,0,17
17684,0,35405320826,35405320861,0,0,-35
17685,0,35407323273,35407323312,0,0,-39
17686,0,35409325166,35409325189,0,0,-23
17687,0,35411327266,35411327230,0,0,35
17688,0,35413330837,35413330829,0,0,8
17689,0,35415332208,35415332181,0,0,26
17690,0,35417334175,35417334140,0,0,35
17691,0,35419336061,35419336087,0,0,-25
17692,0,35421337346,35421337320,0,0,25
17693,0,35423339170,35423339139,0,0,31
17694,0,35425342055,35425342044,0,0,11
17695,0,35427345673,35427345635,0,0,37
17696,0,35429347959,35429347923,0,0,35
17697,0,35431350660,35431350626,0,0,34
17698,0,35433350892,35433350923,0,0,-31
17699,0,35435353941,35435353993,0,0,-52
17700,0,35437355986,35437356024,0,0,-38
17701,0,35439357849,35439357822,0,0,26
17702,0,35441360548,35441360521,0,0,26
17703,0,35443361982,35443361964,0,0,17
17704,0,35445366303,35445366279,0,0,23
17705,0,35447367150,35447367115,0,0,34
17706,0,35449369194,35449369172,0,0,22
17707,0,35451372042,35451372024,0,0,17
17708,0,35453374132,35453374096,0,0,36
17709,0,35455375664,35455375633,0,0,30
17710,0,35457377315,35457377278,0,0,37
17711,0,35459379271,35459379226,0,0,44
17712,0,35461381696,35461381668,0,0,27
17713,0,35463384456,35463384420,0,0,35
17714,0,35465387938,35465387906,0,0,31
17715,0,35467389503,35467389471,0,0,31
17716,0,35469391710,35469391685,0,0,25
17717,0,35471392911,35471392891,0,0,20
17718,0,35473395597,35473395590,0,0,6
17719,0,35475398784,35475398759,0,0,25
17720,0,35477402182,35477402161,0,0,20
17721,0,35479402898,35479402858,0,0,40
17722,0,35481404060,35481404041,0,0,19
17723,0,35483406310,35483406298,0,0,11
17724,0,35485408822,35485408796,0,0,25
17725,0,35487412092,35487412052,0,0,39
17726,0,35489414171,35489414158,0,0,13
17727,0,35491416779,35491416768,0,0,11
17728,0,35493418791,35493418777,0,0,13
17729,0,35495420264,35495420298,0,0,-34
17730,0,35497422204,35497422250,0,0,-46
17731,0,35499425587,35499425548,0,0,38
17732,0,35501427444,35501427438,0,0,6
17733,0,35503429233,35503429206,0,0,26
17734,0,35505430766,35505430745,0,0,21
17735,0,35507433265,35507433226,0,0,38
17736,0,35509437548,35509437534,0,0,13
17737,0,35511439190,35511439152,0,0,38
17738,0,35513441074,35513441033,0,0,40
17739,0,35515442787,35515442736,0,0,51
17740,0,35517444343,35517444325,0,0,17
17741,0,35519447566,35519447528,0,0,38
17742,0,35521449938,35521449968,0,0,-30
17743,0,35523452037,35523452056,0,0,-18
17744,0,35525454167,35525454220,0,0,-52
17745,0,35527456471,35527456428,0,0,43
17746,0,35529458467,35529458432,0,0,34
17747,0,35531460860,35531460875,0,0,-15
17748,0,35533462614,35533462665,0,0,-50
17749,0,35535465491,35535465530,0,0,-38
17750,0,35537468076,35537468111,0,0,-34
17751,0,35539469564,35539469578,0,0,-13
17752,0,35541472160,35541472186,0,0,-25
17753,0,35543474801,35543474761,0,0,40
17754,0,35545476853,35545476815,0,0,38
17755,0,35547479023,35547478968,0,0,54
17756,0,35549481476,35549481436,0,0,39
17757,0,35551483273,35551483243,0,0,29
17758,0,35553485469,35553485406,0,0,62
17759,0,35555488586,35555488588,0,0,-1
17760,0,35557491179,35557491202,0,0,-22
17761,0,35559492720,35559492730,0,0,-9
17762,0,35561494523,35561494456,0,0,67
17763,0,35563496499,35563496428,0,0,71
17764,0,35565499249,35565499190,0,0,59
17765,0,35567500606,35567500562,0,0,44
17766,0,35569502413,35569502371,0,0,42
17767,0,35571505613,35571505589,0,0,24
17768,0,35573507995,35573507945,0,0,50
17769,0,35575511099,35575511061,0,0,38
17770,0,35577512209,35577512195,0,0,14
17771,0,35579514604,35579514566,0,0,38
17772,0,35581516798,35581516770,0,0,27
17773,0,35583519143,35583519090,0,0,52
17774,0,35585521238,35585521251,0,0,-13
17775,0,35587522840,35587522789,0,0,51
17776,0,35589524611,35589524556,0,0,55
17777,0,35591527411,35591527382,0,0,29
17778,0,35593528956,35593528978,0,0,-22
17779,0,35595532125,35595532157,0,0,-31
17780,0,35597534351,35597534372,0,0,-20
17781,0,35599536193,35599536144,0,0,48
17782,0,35601537683,35601537628,0,0,55
17783,0,35603540570,35603540517,0,0,53
17784,0,35605542427,35605542374,0,0,53
17785,0,35607546647,35607546618,0,0,28
17786,0,35609547494,35609547506,0,0,-11
17787,0,35611548974,35611548966,0,0,7
17788,0,35613552209,35613552154,0,0,55
17789,0,35615553821,35615553766,0,0,55
17790,0,35617556279,35617556237,0,0,42
17791,0,35619559269,35619559241,0,0,28
17792,0,35621561824,35621561790,0,0,34
17793,0,35623564226,35623564188,0,0,38
17794,0,35625566512,35625566469,0,0,43
17795,0,35627567522,35627567512,0,0,9
17796,0,35629569983,35629569961,0,0,22
17797,0,35631573355,35631573329,0,0,26
17798,0,35633574907,35633574919,0,0,-11
17799,0,35635576218,35635576186,0,0,31
17800,0,35637577720,35637577741,0,0,-20
17801,0,35639580852,35639580869,0,0,-17
17802,0,35641582368,35641582350,0,0,18
17803,0,35643585532,35643585493,0,0,39
17804,0,35645587933,35645587883,0,0,49
17805,0,35647589459,35647589431,0,0,27
17806,0,35649591718,35649591748,0,0,-30
17807,0,35651594244,35651594288,0,0,-43
17808,0,35653595676,35653595655,0,0,21
17809,0,35655599770,35655599747,0,0,23
17810,0,35657602234,35657602267,0,0,-32
17811,0,35659603180,35659603224,0,0,-43
17812,0,35661605513,35661605562,0,0,-49
17813,0,35663607608,35663607647,0,0,-38
17814,0,35665610316,35665610348,0,0,-32
17815,0,35667612260,35667612238,0,0,22
17816,0,35669614477,35669614442,0,0,34
17817,0,35671617595,35671617583,0,0,12
17818,0,35673618679,35673618644,0,0,35
17819,0,35675619896,35675619858,0,0,37
17820,0,35677622546,35677622521,0,0,24
17821,0,35679625735,35679625725,0,0,9
17822,0,35681627916,35681627889,0,0,26
17823,0,35683630946,35683630985,0,0,-38
17824,0,35685633595,35685633652,0,0,-56
17825,0,35687634314,35687634357,0,0,-42
17826,0,35689636858,35689636848,0,0,10
17827,0,35691639602,35691639591,0,0,11
17828,0,35693641231,35693641204,0,0,26
17829,0,35695643603,35695643594,0,0,8
17830,0,35697645519,35697645555,0,0,-35
17831,0,35699647385,35699647425,0,0,-40
17832,0,35701649365,35701649417,0,0,-52
17833,0,35703653750,35703653719,0,0,31
17834,0,35705655013,35705655000,0,0,13
17835,0,35707656865,35707656842,0,0,22
17836,0,35709658824,35709658774,0,0,49
17837,0,35711661483,35711661474,0,0,9
17838,0,35713663637,35713663667,0,0,-30
17839,0,35715666189,35715666195,0,0,-5
17840,0,35717667867,35717667809,0,0,57
17841,0,35719669640,35719669592,0,0,47
17842,0,35721671248,35721671275,0,0,-26
17843,0,35723674305,35723674298,0,0,6
17844,0,35725676471,35725676482,0,0,-11
17845,0,35727678480,35727678491,0,0,-10
17846,0,35729681401,35729681358,0,0,42
17847,0,35731684789,35731684771,0,0,17
17848,0,35733685717,35733685692,0,0,25
17849,0,35735688923,35735688952,0,0,-29
17850,0,35737690689,35737690714,0,0,-24
17851,0,35739692328,35739692360,0,0,-32
17852,0,35741694586,35741694574,0,0,11
17853,0,35743696457,35743696427,0,0,29
17854,0,35745698151,35745698120,0,0,31
17855,0,35747701267,35747701293,0,0,-26
17856,0,35749703342,35749703374,0,0,-31
17857,0,35751706078,35751706091,0,0,-13
17858,0,35753708161,35753708152,0,0,9
17859,0,35755709921,35755709905,0,0,15
17860,0,35757712532,35757712506,0,0,25
17861,0,35759714443,35759714408,0,0,35
17862,0,35761716801,35761716759,0,0,41
17863,0,35763719195,35763719211,0,0,-15
17864,0,35765721925,35765721945,0,0,-20
17865,0,35767724106,35767724117,0,0,-11
17866,0,35769724768,35769724752,0,0,15
17867,0,35771727885,35771727843,0,0,42
17868,0,35773730687,35773730640,0,0,46
17869,0,35775732352,35775732292,0,0,60
17870,0,35777735009,35777735042,0,0,-32
17871,0,35779736728,35779736748,0,0,-19
17872,0,35781738807,35781738771,0,0,35
17873,0,35783740219,35783740179,0,0,39
17874,0,35785743942,35785743892,0,0,50
17875,0,35787745932,35787745972,0,0,-40
17876,0,35789747991,35789748007,0,0,-16
17877,0,35791749639,35791749669,0,0,-30
17878,0,35793751483,35793751497,0,0,-14
17879,0,35795754656,35795754666,0,0,-9
17880,0,35797756830,35797756760,0,0,69
17881,0,35799759380,35799759302,0,0,78
17882,0,35801761523,35801761443,0,0,79
17883,0,35803763560,35803763507,0,0,53
17884,0,35805765851,35805765811,0,0,40
17885,0,35807767899,35807767843,0,0,56
17886,0,35809770656,35809770596,0,0,60
17887,0,35811773366,35811773341,0,0,24
17888,0,35813775959,35813775916,0,0,42
17889,0,35815776932,35815776894,0,0,38
17890,0,35817779223,35817779168,0,0,54
17891,0,35819780977,35819780941,0,0,36
17892,0,35821782688,35821782657,0,0,31
17893,0,35823784879,35823784847,0,0,31
17894,0,35825788725,35825788760,0,0,-34
17895,0,35827789998,35827790025,0,0,-26
17896,0,35829792654,35829792667,0,0,-12
17897,0,35831795906,35831795912,0,0,-5
17898,0,35833797193,35833797166,0,0,26
17899,0,35835799405,35835799380,0,0,24
17900,0,35837801613,35837801595,0,0,17
17901,0,35839803539,35839803563,0,0,-24
17902,0,35841805706,35841805728,0,0,-21
17903,0,35843807397,35843807361,0,0,35
17904,0,35845808939,35845808891,0,0,47
17905,0,35847811671,35847811645,0,0,26
17906,0,35849815204,35849815186,0,0,17
17907,0,35851816508,35851816533,0,0,-24
17908,0,35853818000,35853818033,0,0,-32
17909,0,35855821123,35855821076,0,0,47
17910,0,35857822706,35857822692,0,0,13
17911,0,35859826184,35859826156,0,0,28
17912,0,35861828122,35861828084,0,0,38
17913,0,35863831397,35863831422,0,0,-24
17914,0,35865832837,35865832849,0,0,-11
17915,0,35867834792,35867834757,0,0,34
17916,0,35869837030,35869837053,0,0,-22
17917,0,35871839180,35871839173,0,0,6
17918,0,35873841424,35873841373,0,0,51
17919,0,35875844977,35875844925,0,0,51
17920,0,35877846791,35877846725,0,0,65
17921,0,35879848295,35879848246,0,0,49
17922,0,35881850739,35881850677,0,0,62
17923,0,35883852649,35883852608,0,0,41
17924,0,35885855119,35885855084,0,0,35
17925,0,35887856968,35887856920,0,0,47
17926,0,35889858968,35889858929,0,0,38
17927,0,35891860128,35891860069,0,0,58
17928,0,35893862478,35893862431,0,0,46
17929,0,35895865928,35895865879,0,0,48
17930,0,35897868290,35897868246,0,0,44
17931,0,35899870305,35899870253,0,0,51
17932,0,35901872670,35901872629,0,0,41
17933,0,35903874773,35903874726,0,0,47
17934,0,35905877012,35905876992,0,0,20
17935,0,35907879647,35907879638,0,0,9
17936,0,35909881587,35909881561,0,0,26
17937,0,35911883392,35911883354,0,0,38
17938,0,35913884850,35913884891,0,0,-40
17939,0,35915888304,35915888366,0,0,-61
17940,0,35917890588,35917890608,0,0,-20
17941,0,35919892656,35919892682,0,0,-26
17942,0,35921895109,35921895069,0,0,40
17943,0,35923896814,35923896788,0,0,26
17944,0,35925899180,35925899208,0,0,-28
17945,0,35927902235,35927902286,0,0,-51
17946,0,35929903074,35929903051,0,0,23
17947,0,35931907830,35931907793,0,0,36
17948,0,35933908394,35933908372,0,0,22
17949,0,35935909912,35935909865,0,0,46
17950,0,35937911435,35937911427,0,0,8
17951,0,35939914526,35939914487,0,0,38
17952,0,35941916282,35941916310,0,0,-28
17953,0,35943919792,35943919803,0,0,-11
17954,0,35945921817,35945921782,0,0,35
17955,0,35947923281,35947923264,0,0,17
17956,0,35949924577,35949924620,0,0,-42
17957,0,35951927352,35951927379,0,0,-26
17958,0,35953930719,35953930691,0,0,28
17959,0,35955933005,35955932997,0,0,8
17960,0,35957934818,35957934784,0,0,34
17961,0,35959937066,35959937044,0,0,21
17962,0,35961940352,35961940376,0,0,-24
17963,0,35963941412,35963941394,0,0,17
17964,0,35965943974,35965943989,0,0,-15
17965,0,35967946060,35967946026,0,0,33
17966,0,35969948198,35969948159,0,0,39
17967,0,35971949960,35971949914,0,0,45
17968,0,35973951676,35973951649,0,0,26
17969,0,35975954606,35975954569,0,0,36
17970,0,35977956219,35977956179,0,0,39
17971,0,35979959603,35979959642,0,0,-39
17972,0,35981961444,35981961497,0,0,-53
17973,0,35983963631,35983963596,0,0,34
17974,0,35985965566,35985965534,0,0,31
17975,0,35987967015,35987967033,0,0,-17
17976,0,35989970289,35989970319,0,0,-29
17977,0,35991972541,35991972597,0,0,-55
17978,0,35993974826,35993974789,0,0,36
17979,0,35995977561,35995977545,0,0,16
17980,0,35997979584,35997979555,0,0,28
17981,0,35999981423,35999981372,0,0,51
17982,0,36001984215,36001984201,0,0,13
17983,0,36003986876,36003986914,0,0,-38
17984,0,36005989550,36005989598,0,0,-47
17985,0,36007990086,36007990056,0,0,29
17986,0,36009991513,36009991505,0,0,7
17987,0,36011994402,36011994362,0,0,40
17988,0,36013995998,36013995984,0,0,13
17989,0,36015999674,36015999637,0,0,36
17990,0,36018001528,36018001505,0,0,22
17991,0,36020003631,36020003604,0,0,26
17992,0,36022005972,36022005948,0,0,23
17993,0,36024007734,36024007704,0,0,29
17994,0,36026010870,36026010861,0,0,8
17995,0,36028013265,36028013240,0,0,25
17996,0,36030015197,36030015185,0,0,11
17997,0,36032018384,36032018345,0,0,39
17998,0,36034019368,36034019321,0,0,47
17999,0,36036021552,36036021485,0,0,67
18000,0,36038023921,36038023851,0,0,69
18001,0,36040026743,36040026696,0,0,47
18002,0,36042028799,36042028739,0,0,59
18003,0,36044029961,36044029900,0,0,61
18004,0,36046031674,36046031615,0,0,58
18005,0,36048034671,36048034633,0,0,38
18006,0,36050036341,36050036402,0,0,-60
18007,0,36052039404,36052039431,0,0,-26
18008,0,36054041842,36054041892,0,0,-49
18009,0,36056043997,36056044012,0,0,-14
18010,0,36058047265,36058047222,0,0,43
18011,0,36060048277,36060048237,0,0,40
18012,0,36062050395,36062050349,0,0,45
18013,0,36064052944,36064052895,0,0,49
18014,0,36066055006,36066054959,0,0,47
18015,0,36068057525,36068057501,0,0,23
18016,0,36070059194,36070059155,0,0,39
18017,0,36072060679,36072060641,0,0,38
18018,0,36074063815,36074063768,0,0,46
18019,0,36076066335,36076066296,0,0,38
18020,0,36078068355,36078068327,0,0,28
18021,0,36080070591,36080070554,0,0,36
18022,0,36082073386,36082073348,0,0,38
18023,0,36084075048,36084075011,0,0,37
18024,0,36086077222,36086077174,0,0,47
18025,0,36088079606,36088079565,0,0,41
18026,0,36090082995,36090082950,0,0,44
18027,0,36092083945,36092083970,0,0,-24
18028,0,36094086161,36094086154,0,0,6
18029,0,36096088008,36096088032,0,0,-23
18030,0,36098089835,36098089806,0,0,28
18031,0,36100093447,36100093408,0,0,38
18032,0,36102094647,36102094611,0,0,36
18033,0,36104095876,36104095847,0,0,28
18034,0,36106098763,36106098727,0,0,35
18035,0,36108101456,36108101440,0,0,15
18036,0,36110102799,36110102766,0,0,33
18037,0,36112105344,36112105319,0,0,25
18038,0,36114108401,36114108414,0,0,-13
18039,0,36116110692,36116110714,0,0,-22
18040,0,36118112796,36118112814,0,0,-17
18041,0,36120115112,36120115070,0,0,42
18042,0,36122118532,36122118491,0,0,41
18043,0,36124119743,36124119703,0,0,40
18044,0,36126122191,36126122140,0,0,51
18045,0,36128123760,36128123712,0,0,48
18046,0,36130125161,36130125121,0,0,40
18047,0,36132130302,36132130316,0,0,-13
18048,0,36134130341,36134130355,0,0,-14
18049,0,36136132049,36136132062,0,0,-13
18050,0,36138135346,36138135368,0,0,-21
18051,0,36140137035,36140137045,0,0,-10
18052,0,36142138346,36142138316,0,0,29
18053,0,36144140390,36144140352,0,0,38
18054,0,36146143013,36146142977,0,0,35
18055,0,36148145404,36148145342,0,0,61
18056,0,36150148427,36150148446,0,0,-18
18057,0,36152150568,36152150577,0,0,-9
18058,0,36154152465,36154152476,0,0,-11
18059,0,36156154073,36156154078,0,0,-5
18060,0,36158157001,36158156928,0,0,73
18061,0,36160158514,36160158495,0,0,19
18062,0,36162161535,36162161490,0,0,44
18063,0,36164162632,36164162586,0,0,45
18064,0,36166164804,36166164845,0,0,-40
18065,0,36168167669,36168167679,0,0,-9
18066,0,36170170673,36170170692,0,0,-18
18067,0,36172173106,36172173047,0,0,58
18068,0,36174175357,36174175337,0,0,19
18069,0,36176176991,36176176966,0,0,24
18070,0,36178178134,36178178083,0,0,51
18071,0,36180180859,36180180869,0,0,-10
18072,0,36182184085,36182184127,0,0,-42
18073,0,36184186557,36184186506,0,0,50
18074,0,36186189339,36186189301,0,0,38
18075,0,36188190259,36188190278,0,0,-18
18076,0,36190191681,36190191689,0,0,-8
18077,0,36192193878,36192193886,0,0,-8
18078,0,36194196566,36194196608,0,0,-42
18079,0,36196200829,36196200802,0,0,26
18080,0,36198203101,36198203078,0,0,22
18081,0,36200204207,36200204218,0,0,-11
18082,0,36202206086,36202206107,0,0,-20
18083,0,36204207387,36204207422,0,0,-35
18084,0,36206210442,36206210455,0,0,-13
18085,0,36208212187,36208212227,0,0,-40
18086,0,36210215216,36210215168,0,0,48
18087,0,36212217806,36212217768,0,0,37
18088,0,36214219411,36214219361,0,0,49
18089,0,36216220703,36216220673,0,0,29
18090,0,36218224169,36218224201,0,0,-31
18091,0,36220226315,36220226289,0,0,25
18092,0,36222228877,36222228831,0,0,46
18093,0,36224230860,36224230846,0,0,14
18094,0,36226233238,36226233290,0,0,-51
18095,0,36228234797,36228234750,0,0,47
18096,0,36230236132,36230236164,0,0,-31
18097,0,36232240108,36232240094,0,0,14
18098,0,36234241622,36234241606,0,0,15
18099,0,36236242813,36236242793,0,0,20
18100,0,36238245512,36238245554,0,0,-41
18101,0,36240248121,36240248156,0,0,-35
18102,0,36242249491,36242249523,0,0,-32
18103,0,36244251966,36244252014,0,0,-48
18104,0,36246255429,36246255380,0,0,49
18105,0,36248257099,36248257073,0,0,26
18106,0,36250259788,36250259757,0,0,31
18107,0,36252261892,36252261943,0,0,-50
18108,0,36254263921,36254263952,0,0,-31
18109,0,36256265526,36256265533,0,0,-6
18110,0,36258268945,36258268920,0,0,24
18111,0,36260271052,36260271013,0,0,38
18112,0,36262273425,36262273374,0,0,51
18113,0,36264275622,36264275551,0,0,71
18114,0,36266277763,36266277738,0,0,24
18115,0,36268279925,36268279889,0,0,36
18116,0,36270281840,36270281797,0,0,42
18117,0,36272283991,36272283983,0,0,7
18118,0,36274286880,36274286865,0,0,15
18119,0,36276289022,36276289013,0,0,8
18120,0,36278291141,36278291113,0,0,27
18121,0,36280293170,36280293162,0,0,8
18122,0,36282296162,36282296169,0,0,-6
18123,0,36284297305,36284297296,0,0,8
18124,0,36286299474,36286299435,0,0,38
18125,0,36288300889,36288300858,0,0,31
18126,0,36290304413,36290304366,0,0,47
18127,0,36292306698,36292306663,0,0,34
18128,0,36294308999,36294308941,0,0,58
18129,0,36296310581,36296310553,0,0,27
18130,0,36298311845,36298311804,0,0,40
18131,0,36300313879,36300313849,0,0,29
18132,0,36302316911,36302316844,0,0,66
18133,0,36304319709,36304319674,0,0,34
18134,0,36306322069,36306322030,0,0,38
18135,0,36308323779,36308323746,0,0,33
18136,0,36310326121,36310326069,0,0,51
18137,0,36312328242,36312328230,0,0,11
18138,0,36314330251,36314330226,0,0,24
18139,0,36316335857,36316335815,0,0,41
18140,0,36318335681,36318335712,0,0,-30
18141,0,36320337292,36320337253,0,0,38
18142,0,36322339017,36322338994,0,0,23
18143,0,36324342155,36324342114,0,0,41
18144,0,36326344188,36326344213,0,0,-24
18145,0,36328346656,36328346684,0,0,-28
18146,0,36330348525,36330348539,0,0,-13
18147,0,36332352339,36332352295,0,0,43
18148,0,36334353150,36334353110,0,0,39
18149,0,36336355269,36336355202,0,0,67
18150,0,36338357685,36338357651,0,0,33
18151,0,36340360391,36340360416,0,0,-25
18152,0,36342362314,36342362336,0,0,-22
18153,0,36344364251,36344364211,0,0,39
18154,0,36346366557,36346366510,0,0,46
18155,0,36348369767,36348369721,0,0,46
18156,0,36350371130,36350371079,0,0,51
18157,0,36352373148,36352373111,0,0,37
18158,0,36354375179,36354375122,0,0,57
18159,0,36356376467,36356376423,0,0,43
18160,0,36358380287,36358380242,0,0,44
18161,0,36360382490,36360382458,0,0,32
18162,0,36362384204,36362384173,0,0,31
18163,0,36364386557,36364386568,0,0,-11
18164,0,36366388677,36366388703,0,0,-26
18165,0,36368390885,36368390864,0,0,21
18166,0,36370393611,36370393566,0,0,44
18167,0,36372395164,36372395120,0,0,43
18168,0,36374396731,36374396694,0,0,36
18169,0,36376400115,36376400090,0,0,24
18170,0,36378402258,36378402240,0,0,17
18171,0,36380405139,36380405107,0,0,31
18172,0,36382406531,36382406477,0,0,53
18173,0,36384408087,36384408031,0,0,56
18174,0,36386409965,36386409927,0,0,38
18175,0,36388414056,36388414102,0,0,-45
18176,0,36390416447,36390416473,0,0,-25
18177,0,36392417655,36392417690,0,0,-35
18178,0,36394419519,36394419556,0,0,-36
18179,0,36396421186,36396421152,0,0,33
18180,0,36398423474,36398423422,0,0,51
18181,0,36400426816,36400426855,0,0,-38
18182,0,36402428595,36402428609,0,0,-13
18183,0,36404429528,36404429570,0,0,-42
18184,0,36406432427,36406432387,0,0,40
18185,0,36408435123,36408435107,0,0,15
18186,0,36410436622,36410436586,0,0,35
18187,0,36412441257,36412441230,0,0,26
18188,0,36414442028,36414442004,0,0,23
18189,0,36416444017,36416443970,0,0,47
18190,0,36418445590,36418445568,0,0,21
18191,0,36420448446,36420448411,0,0,35
18192,0,36422450103,36422450067,0,0,35
18193,0,36424453318,36424453246,0,0,71
18194,0,36426455619,36426455647,0,0,-28
18195,0,36428457402,36428457412,0,0,-10
18196,0,36430458855,36430458869,0,0,-14
18197,0,36432463671,36432463620,0,0,51
18198,0,36434465240,36434465197,0,0,42
18199,0,36436467573,36436467525,0,0,47
18200,0,36438468493,36438468474,0,0,18
18201,0,36440469583,36440469545,0,0,38
18202,0,36442472334,36442472291,0,0,43
18203,0,36444476244,36444476189,0,0,54
18204,0,36446476468,36446476413,0,0,55
18205,0,36448478930,36448478881,0,0,49
18206,0,36450482291,36450482247,0,0,43
18207,0,36452485337,36452485300,0,0,36
18208,0,36454487347,36454487301,0,0,45
18209,0,36456487743,36456487730,0,0,13
18210,0,36458491686,36458491648,0,0,38
18211,0,36460493613,36460493645,0,0,-32
18212,0,36462496373,36462496400,0,0,-26
18213,0,36464498691,36464498698,0,0,-7
18214,0,36466500004,36466500052,0,0,-47
18215,0,36468501914,36468501889,0,0,24
18216,0,36470504272,36470504257,0,0,15
18217,0,36472508233,36472508265,0,0,-31
18218,0,36474508877,36474508898,0,0,-20
18219,0,36476511601,36476511629,0,0,-28
18220,0,36478513532,36478513512,0,0,20
18221,0,36480516465,36480516442,0,0,23
18222,0,36482517855,36482517827,0,0,27
18223,0,36484520111,36484520081,0,0,29
18224,0,36486522395,36486522429,0,0,-33
18225,0,36488524478,36488524492,0,0,-13
18226,0,36490526749,36490526705,0,0,43
18227,0,36492528526,36492528511,0,0,15
18228,0,36494529966,36494529952,0,0,14
18229,0,36496532355,36496532333,0,0,21
18230,0,36498535570,36498535592,0,0,-21
18231,0,36500537515,36500537564,0,0,-49
18232,0,36502538760,36502538808,0,0,-48
18233,0,36504540908,36504540959,0,0,-50
18234,0,36506543887,36506543857,0,0,29
18235,0,36508548252,36508548231,0,0,21
18236,0,36510549413,36510549400,0,0,13
18237,0,36512551361,36512551407,0,0,-46
18238,0,36514553110,36514553101,0,0,8
18239,0,36516555618,36516555609,0,0,8
18240,0,36518559098,36518559080,0,0,17
18241,0,36520561066,36520561059,0,0,6
18242,0,36522563497,36522563488,0,0,8
18243,0,36524564334,36524564316,0,0,17
18244,0,36526565557,36526565544,0,0,13
18245,0,36528568558,36528568498,0,0,59
18246,0,36530570120,36530570074,0,0,45
18247,0,36532575630,36532575592,0,0,38
18248,0,36534576648,36534576620,0,0,27
18249,0,36536577822,36536577834,0,0,-11
18250,0,36538579849,36538579876,0,0,-26
18251,0,36540582329,36540582345,0,0,-15
18252,0,36542584742,36542584763,0,0,-20
18253,0,36544587104,36544587062,0,0,41
18254,0,36546589012,36546589026,0,0,-13
18255,0,36548590982,36548591022,0,0,-40
18256,0,36550593340,36550593365,0,0,-24
18257,0,36552595244,36552595260,0,0,-15
18258,0,36554596839,36554596845,0,0,-6
18259,0,36556600259,36556600224,0,0,35
18260,0,36558602587,36558602550,0,0,37
18261,0,36560604257,36560604215,0,0,42
18262,0,36562606413,36562606382,0,0,31
18263,0,36564609184,36564609194,0,0,-9
18264,0,36566611014,36566611036,0,0,-22
18265,0,36568612714,36568612689,0,0,24
18266,0,36570615644,36570615608,0,0,35
18267,0,36572618314,36572618271,0,0,42
18268,0,36574620775,36574620735,0,0,39
18269,0,36576621092,36576621101,0,0,-8
18270,0,36578623862,36578623874,0,0,-11
18271,0,36580627532,36580627480,0,0,51
18272,0,36582629923,36582629854,0,0,68
18273,0,36584632193,36584632149,0,0,44
18274,0,36586633705,36586633663,0,0,42
18275,0,36588635722,36588635678,0,0,44
18276,0,36590638238,36590638194,0,0,43
18277,0,36592640050,36592640089,0,0,-39
18278,0,36594642716,36594642729,0,0,-13
18279,0,36596644566,36596644519,0,0,47
18280,0,36598646914,36598646872,0,0,41
18281,0,36600649315,36600649280,0,0,34
18282,0,36602651521,36602651473,0,0,47
18283,0,36604653825,36604653782,0,0,42
18284,0,36606657214,36606657167,0,0,47
18285,0,36608657557,36608657545,0,0,11
18286,0,36610658762,36610658783,0,0,-20
18287,0,36612661008,36612661047,0,0,-39
18288,0,36614663523,36614663566,0,0,-42
18289,0,36616667351,36616667375,0,0,-24
18290,0,36618669487,36618669526,0,0,-39
18291,0,36620671346,36620671305,0,0,41
18292,0,36622673654,36622673626,0,0,27
18293,0,36624675276,36624675316,0,0,-39
18294,0,36626676734,36626676760,0,0,-25
18295,0,36628680616,36628680636,0,0,-20
18296,0,36630682417,36630682442,0,0,-24
18297,0,36632685959,36632685972,0,0,-12
18298,0,36634686896,36634686860,0,0,35
18299,0,36636688787,36636688741,0,0,45
18300,0,36638691823,36638691779,0,0,43
18301,0,36640693522,36640693497,0,0,24
18302,0,36642695826,36642695815,0,0,11
18303,0,36644698444,36644698414,0,0,29
18304,0,36646700309,36646700277,0,0,31
18305,0,36648702247,36648702200,0,0,46
18306,0,36650705043,36650705079,0,0,-35
18307,0,36652707180,36652707219,0,0,-38
18308,0,36654708868,36654708896,0,0,-27
18309,0,36656709931,36656709901,0,0,30
18310,0,36658712582,36658712533,0,0,49
18311,0,36660716214,36660716177,0,0,36
18312,0,36662718246,36662718268,0,0,-22
18313,0,36664720534,36664720564,0,0,-30
18314,0,36666722535,36666722516,0,0,19
18315,0,36668724509,36668724479,0,0,29
18316,0,36670727608,36670727593,0,0,14
18317,0,36672727591,36672727536,0,0,54
18318,0,36674730792,36674730820,0,0,-28
18319,0,36676733446,36676733460,0,0,-14
18320,0,36678735897,36678735857,0,0,40
18321,0,36680738076,36680738029,0,0,47
18322,0,36682740195,36682740182,0,0,13
18323,0,36684742403,36684742369,0,0,33
18324,0,36686744769,36686744797,0,0,-27
18325,0,36688747353,36688747390,0,0,-36
18326,0,36690748985,36690749040,0,0,-55
18327,0,36692750947,36692750970,0,0,-23
18328,0,36694752335,36694752298,0,0,37
18329,0,36696754658,36696754615,0,0,43
18330,0,36698757534,36698757529,0,0,5
18331,0,36700760483,36700760449,0,0,33
18332,0,36702763714,36702763696,0,0,17
18333,0,36704764697,36704764659,0,0,38
18334,0,36706767253,36706767219,0,0,33
18335,0,36708769280,36708769240,0,0,39
18336,0,36710771386,36710771355,0,0,31
18337,0,36712773723,36712773666,0,0,56
18338,0,36714775876,36714775907,0,0,-30
18339,0,36716778233,36716778244,0,0,-11
18340,0,36718779986,36718780011,0,0,-24
18341,0,36720781136,36720781098,0,0,38
18342,0,36722784701,36722784661,0,0,40
18343,0,36724787130,36724787054,0,0,75
18344,0,36726788891,36726788885,0,0,6
18345,0,36728789983,36728789968,0,0,14
18346,0,36730792147,36730792169,0,0,-22
18347,0,36732796736,36732796668,0,0,67
18348,0,36734799542,36734799491,0,0,51
18349,0,36736800146,36736800163,0,0,-16
18350,0,36738801579,36738801570,0,0,8
18351,0,36740804920,36740804925,0,0,-5
18352,0,36742807080,36742807069,0,0,10
18353,0,36744809179,36744809202,0,0,-22
18354,0,36746810924,36746810849,0,0,75
18355,0,36748812765,36748812692,0,0,73
18356,0,36750815937,36750815926,0,0,10
18357,0,36752818610,36752818651,0,0,-40
18358,0,36754820102,36754820161,0,0,-58
18359,0,36756820991,36756821042,0,0,-50
18360,0,36758823955,36758823946,0,0,8
18361,0,36760827495,36760827476,0,0,19
18362,0,36762829257,36762829293,0,0,-35
18363,0,36764831209,36764831242,0,0,-32
18364,0,36766833445,36766833438,0,0,7
18365,0,36768834708,36768834670,0,0,38
18366,0,36770837282,36770837253,0,0,28
18367,0,36772841414,36772841393,0,0,20
18368,0,36774843626,36774843607,0,0,19
18369,0,36776844579,36776844560,0,0,18
18370,0,36778846129,36778846101,0,0,28
18371,0,36780848950,36780848937,0,0,13
18372,0,36782850372,36782850343,0,0,29
18373,0,36784854312,36784854300,0,0,11
18374,0,36786855973,36786855932,0,0,40
18375,0,36788857735,36788857705,0,0,30
18376,0,36790859258,36790859220,0,0,38
18377,0,36792862391,36792862341,0,0,49
18378,0,36794863986,36794863936,0,0,50
18379,0,36796867128,36796867106,0,0,22
18380,0,36798870330,36798870291,0,0,38
18381,0,36800871463,36800871431,0,0,31
18382,0,36802872820,36802872781,0,0,38
18383,0,36804875724,36804875689,0,0,35
18384,0,36806877248,36806877209,0,0,38
18385,0,36808880604,36808880627,0,0,-22
18386,0,36810882581,36810882601,0,0,-20
18387,0,36812884735,36812884750,0,0,-14
18388,0,36814887079,36814887101,0,0,-22
18389,0,36816889022,36816889058,0,0,-35
18390,0,36818890720,36818890747,0,0,-26
18391,0,36820893665,36820893626,0,0,38
18392,0,36822895988,36822895932,0,0,56
18393,0,36824898104,36824898085,0,0,18
18394,0,36826900802,36826900848,0,0,-45
18395,0,36828902267,36828902292,0,0,-24
18396,0,36830905575,36830905595,0,0,-20
18397,0,36832909034,36832909004,0,0,29
18398,0,36834909810,36834909778,0,0,31
18399,0,36836912571,36836912528,0,0,42
18400,0,36838914944,36838914911,0,0,33
18401,0,36840916085,36840916105,0,0,-20
18402,0,36842918409,36842918421,0,0,-11
18403,0,36844920924,36844920951,0,0,-26
18404,0,36846922691,36846922656,0,0,35
18405,0,36848924132,36848924107,0,0,24
18406,0,36850925979,36850925943,0,0,35
18407,0,36852929131,36852929119,0,0,12
18408,0,36854930447,36854930393,0,0,53
18409,0,36856934149,36856934134,0,0,15
18410,0,36858936382,36858936352,0,0,29
18411,0,36860937989,36860937960,0,0,29
18412,0,36862940939,36862940898,0,0,40
18413,0,36864942327,36864942292,0,0,34
18414,0,36866943844,36866943880,0,0,-36
18415,0,36868947520,36868947499,0,0,20
18416,0,36870949546,36870949510,0,0,36
18417,0,36872951313,36872951277,0,0,35
18418,0,36874952821,36874952791,0,0,29
18419,0,36876955918,36876955892,0,0,26
18420,0,36878957321,36878957266,0,0,55
18421,0,36880960805,36880960808,0,0,-3
18422,0,36882962449,36882962491,0,0,-41
18423,0,36884963988,36884964013,0,0,-24
18424,0,36886967741,36886967766,0,0,-24
18425,0,36888969685,36888969717,0,0,-32
18426,0,36890972055,36890972083,0,0,-28
18427,0,36892974063,36892974094,0,0,-30
18428,0,36894976895,36894976930,0,0,-34
18429,0,36896977907,36896977920,0,0,-13
18430,0,36898979231,36898979257,0,0,-26
18431,0,36900981507,36900981460,0,0,47
18432,0,36902984514,36902984530,0,0,-16
18433,0,36904988020,36904988053,0,0,-33
18434,0,36906990066,36906990080,0,0,-14
18435,0,36908991377,36908991337,0,0,40
18436,0,36910993830,36910993782,0,0,47
18437,0,36912996079,36912996048,0,0,31
18438,0,36914999433,36914999376,0,0,56
18439,0,36917002141,36917002092,0,0,48
18440,0,36919002966,36919002930,0,0,36
18441,0,36921004801,36921004826,0,0,-24
18442,0,36923006403,36923006377,0,0,26
18443,0,36925010096,36925010070,0,0,25
18444,0,36927013065,36927013024,0,0,41
18445,0,36929014048,36929014001,0,0,47
18446,0,36931016026,36931015999,0,0,26
18447,0,36933019372,36933019335,0,0,36
18448,0,36935020810,36935020766,0,0,44
18449,0,36937022484,36937022498,0,0,-13
18450,0,36939024217,36939024267,0,0,-50
18451,0,36941027385,36941027411,0,0,-25
18452,0,36943029617,36943029632,0,0,-15
18453,0,36945031659,36945031639,0,0,20
18454,0,36947033874,36947033865,0,0,8
18455,0,36949036002,36949035966,0,0,35
18456,0,36951038353,36951038319,0,0,34
18457,0,36953041157,36953041132,0,0,24
18458,0,36955043206,36955043161,0,0,44
18459,0,36957044706,36957044750,0,0,-44
18460,0,36959046003,36959045964,0,0,39
18461,0,36961049186,36961049148,0,0,38
18462,0,36963051678,36963051630,0,0,48
18463,0,36965055314,36965055293,0,0,21
18464,0,36967057154,36967057168,0,0,-14
18465,0,36969058696,36969058732,0,0,-36
18466,0,36971060280,36971060312,0,0,-32
18467,0,36973062060,36973062026,0,0,34
18468,0,36975065301,36975065271,0,0,29
18469,0,36977067057,36977067027,0,0,29
18470,0,36979068629,36979068567,0,0,62
18471,0,36981071276,36981071237,0,0,39
18472,0,36983073740,36983073702,0,0,38
18473,0,36985075757,36985075717,0,0,39
18474,0,36987077578,36987077546,0,0,31
18475,0,36989080898,36989080924,0,0,-26
18476,0,36991083391,36991083343,0,0,48
18477,0,36993085786,36993085752,0,0,33
18478,0,36995086175,36995086148,0,0,27
18479,0,36997089668,36997089639,0,0,29
18480,0,36999092249,36999092222,0,0,27
18481,0,37001094310,37001094302,0,0,7
18482,0,37003096256,37003096238,0,0,17
18483,0,37005098196,37005098244,0,0,-48
18484,0,37007100707,37007100770,0,0,-62
18485,0,37009102696,37009102721,0,0,-24
18486,0,37011105247,37011105206,0,0,41
18487,0,37013107451,37013107462,0,0,-11
18488,0,37015109729,37015109719,0,0,10
18489,0,37017112368,37017112382,0,0,-13
18490,0,37019113890,37019113902,0,0,-11
18491,0,37021115696,37021115701,0,0,-4
18492,0,37023117373,37023117392,0,0,-18
18493,0,37025122195,37025122178,0,0,16
18494,0,37027123044,37027123016,0,0,27
18495,0,37029125324,37029125296,0,0,27
18496,0,37031127563,37031127626,0,0,-63
18497,0,37033130836,37033130873,0,0,-36
18498,0,37035131941,37035131914,0,0,26
18499,0,37037133972,37037133952,0,0,19
18500,0,37039136260,37039136301,0,0,-40
18501,0,37041138324,37041138298,0,0,26
18502,0,37043139776,37043139813,0,0,-37
18503,0,37045143007,37045142973,0,0,33
18504,0,37047144706,37047144686,0,0,20
18505,0,37049146916,37049146902,0,0,13
18506,0,37051149674,37051149666,0,0,8
18507,0,37053152171,37053152145,0,0,26
18508,0,37055154173,37055154167,0,0,6
18509,0,37057156750,37057156717,0,0,33
18510,0,37059157836,37059157799,0,0,37
18511,0,37061161371,37061161336,0,0,35
18512,0,37063163074,37063163025,0,0,48
18513,0,37065164754,37065164730,0,0,23
18514,0,37067166296,37067166258,0,0,38
18515,0,37069169823,37069169781,0,0,42
18516,0,37071172139,37071172150,0,0,-10
18517,0,37073174674,37073174696,0,0,-22
18518,0,37075176550,37075176492,0,0,58
18519,0,37077178561,37077178523,0,0,38
18520,0,37079180428,37079180386,0,0,42
18521,0,37081181678,37081181631,0,0,47
18522,0,37083184254,37083184267,0,0,-12
18523,0,37085187781,37085187791,0,0,-10
18524,0,37087189701,37087189716,0,0,-15
18525,0,37089192620,37089192573,0,0,47
18526,0,37091193424,37091193388,0,0,35
18527,0,37093197077,37093197039,0,0,38
18528,0,37095199651,37095199685,0,0,-33
18529,0,37097201060,37097201069,0,0,-8
18530,0,37099203419,37099203379,0,0,39
18531,0,37101204886,37101204898,0,0,-12
18532,0,37103206183,37103206202,0,0,-18
18533,0,37105208206,37105208174,0,0,32
18534,0,37107210708,37107210694,0,0,14
18535,0,37109213222,37109213186,0,0,36
18536,0,37111216194,37111216152,0,0,41
18537,0,37113218485,37113218429,0,0,56
18538,0,37115220784,37115220734,0,0,49
18539,0,37117223422,37117223379,0,0,43
18540,0,37119224888,37119224859,0,0,29
18541,0,37121227653,37121227635,0,0,17
18542,0,37123229640,37123229593,0,0,47
18543,0,37125231978,37125232019,0,0,-40
18544,0,37127233692,37127233725,0,0,-33
18545,0,37129235076,37129235093,0,0,-16
18546,0,37131237971,37131237916,0,0,54
18547,0,37133242826,37133242782,0,0,43
18548,0,37135242874,37135242853,0,0,20
18549,0,37137244221,37137244248,0,0,-26
18550,0,37139247534,37139247568,0,0,-34
18551,0,37141249076,37141249114,0,0,-38
18552,0,37143251221,37143251250,0,0,-29
18553,0,37145254377,37145254417,0,0,-40
18554,0,37147256440,37147256469,0,0,-29
18555,0,37149258205,37149258314,0,0,-108
18556,0,37151259889,37151259916,0,0,-26
18557,0,37153262997,37153262968,0,0,29
18558,0,37155265532,37155265508,0,0,23
18559,0,37157268582,37157268548,0,0,33
18560,0,37159270848,37159270802,0,0,46
18561,0,37161271914,37161271882,0,0,31
18562,0,37163274197,37163274233,0,0,-35
18563,0,37165276768,37165276732,0,0,36
18564,0,37167278575,37167278525,0,0,49
18565,0,37169281552,37169281511,0,0,41
18566,0,37171282831,37171282795,0,0,36
18567,0,37173284245,37173284253,0,0,-8
18568,0,37175287600,37175287620,0,0,-20
18569,0,37177289349,37177289364,0,0,-14
18570,0,37179291269,37179291230,0,0,39
18571,0,37181294577,37181294528,0,0,49
18572,0,37183296424,37183296373,0,0,51
18573,0,37185299528,37185299505,0,0,23
18574,0,37187300923,37187300894,0,0,29
18575,0,37189302759,37189302725,0,0,34
18576,0,37191304795,37191304784,0,0,11
18577,0,37193307818,37193307800,0,0,17
18578,0,37195309623,37195309570,0,0,53
18579,0,37197310720,37197310689,0,0,30
18580,0,37199312759,37199312721,0,0,37
18581,0,37201315341,37201315305,0,0,35
18582,0,37203319140,37203319109,0,0,31
18583,0,37205321204,37205321164,0,0,39
18584,0,37207323060,37207323046,0,0,14
18585,0,37209325054,37209325019,0,0,35
18586,0,37211326528,37211326487,0,0,41
18587,0,37213329850,37213329804,0,0,45
18588,0,37215331825,37215331802,0,0,23
18589,0,37217334156,37217334146,0,0,9
18590,0,37219336672,37219336658,0,0,14
18591,0,37221338247,37221338220,0,0,27
18592,0,37223339951,37223339919,0,0,31
18593,0,37225343044,37225343087,0,0,-42
18594,0,37227344193,37227344246,0,0,-52
18595,0,37229346925,37229346984,0,0,-59
18596,0,37231349684,37231349657,0,0,26
18597,0,37233352950,37233352930,0,0,20
18598,0,37235353226,37235353258,0,0,-31
18599,0,37237356549,37237356589,0,0,-40
18600,0,37239358681,37239358719,0,0,-37
18601,0,37241360964,37241360951,0,0,12
18602,0,37243363440,37243363411,0,0,29
18603,0,37245364910,37245364884,0,0,26
18604,0,37247366401,37247366386,0,0,15
18605,0,37249369224,37249369206,0,0,17
18606,0,37251371033,37251371018,0,0,14
18607,0,37253374625,37253374595,0,0,29
18608,0,37255376456,37255376420,0,0,35
18609,0,37257378501,37257378480,0,0,20
18610,0,37259379910,37259379954,0,0,-43
18611,0,37261382997,37261383031,0,0,-33
18612,0,37263384437,37263384487,0,0,-49
18613,0,37265387379,37265387411,0,0,-31
18614,0,37267388780,37267388747,0,0,33
18615,0,37269391775,37269391759,0,0,16
18616,0,37271393158,37271393187,0,0,-29
18617,0,37273396145,37273396175,0,0,-30
18618,0,37275398265,37275398238,0,0,27
18619,0,37277401194,37277401166,0,0,28
18620,0,37279403450,37279403435,0,0,15
18621,0,37281406564,37281406552,0,0,11
18622,0,37283407397,37283407422,0,0,-24
18623,0,37285409310,37285409350,0,0,-40
18624,0,37287411867,37287411920,0,0,-53
18625,0,37289413451,37289413479,0,0,-28
18626,0,37291416709,37291416735,0,0,-26
18627,0,37293418388,37293418369,0,0,18
18628,0,37295420240,37295420205,0,0,35
18629,0,37297422948,37297422914,0,0,33
18630,0,37299424386,37299424352,0,0,33
18631,0,37301428091,37301428071,0,0,19
18632,0,37303430249,37303430213,0,0,36
18633,0,37305431861,37305431845,0,0,15
18634,0,37307433539,37307433560,0,0,-20
18635,0,37309437220,37309437255,0,0,-35
18636,0,37311439193,37311439244,0,0,-51
18637,0,37313441218,37313441255,0,0,-36
18638,0,37315444453,37315444460,0,0,-6
18639,0,37317445647,37317445672,0,0,-25
18640,0,37319447409,37319447367,0,0,42
18641,0,37321448812,37321448797,0,0,15
18642,0,37323451283,37323451233,0,0,49
18643,0,37325454424,37325454408,0,0,15
18644,0,37327456823,37327456782,0,0,41
18645,0,37329459283,37329459233,0,0,49
18646,0,37331461701,37331461666,0,0,35
18647,0,37333464397,37333464429,0,0,-32
18648,0,37335465223,37335465235,0,0,-12
18649,0,37337467008,37337467021,0,0,-13
18650,0,37339470263,37339470269,0,0,-5
18651,0,37341472240,37341472262,0,0,-22
18652,0,37343474147,37343474110,0,0,36
18653,0,37345475786,37345475737,0,0,48
18654,0,37347479444,37347479415,0,0,29
18655,0,37349481645,37349481698,0,0,-52
18656,0,37351483067,37351483080,0,0,-13
18657,0,37353484187,37353484161,0,0,26
18658,0,37355487168,37355487141,0,0,26
18659,0,37357489851,37357489824,0,0,27
18660,0,37359492377,37359492334,0,0,42
18661,0,37361495085,37361495047,0,0,38
18662,0,37363497389,37363497339,0,0,50
18663,0,37365498690,37365498640,0,0,49
18664,0,37367500141,37367500080,0,0,61
18665,0,37369503483,37369503406,0,0,76
18666,0,37371505697,37371505706,0,0,-8
18667,0,37373508440,37373508459,0,0,-19
18668,0,37375510242,37375510261,0,0,-19
18669,0,37377511792,37377511726,0,0,65
18670,0,37379514621,37379514579,0,0,42
18671,0,37381516444,37381516395,0,0,48
18672,0,37383517739,37383517743,0,0,-4
18673,0,37385520795,37385520786,0,0,8
18674,0,37387523364,37387523306,0,0,57
18675,0,37389525591,37389525547,0,0,44
18676,0,37391527888,37391527851,0,0,37
18677,0,37393529943,37393529894,0,0,48
18678,0,37395532107,37395532128,0,0,-20
18679,0,37397534402,37397534418,0,0,-16
18680,0,37399536966,37399536984,0,0,-17
18681,0,37401538820,37401538751,0,0,69
18682,0,37403541269,37403541230,0,0,39
18683,0,37405543595,37405543553,0,0,41
18684,0,37407545743,37407545692,0,0,51
18685,0,37409548492,37409548516,0,0,-24
18686,0,37411551451,37411551463,0,0,-12
18687,0,37413552948,37413552905,0,0,43
18688,0,37415554731,37415554689,0,0,42
18689,0,37417556692,37417556639,0,0,53
18690,0,37419559064,37419559027,0,0,36
18691,0,37421561323,37421561340,0,0,-17
18692,0,37423563640,37423563659,0,0,-18
18693,0,37425565368,37425565388,0,0,-20
18694,0,37427566885,37427566934,0,0,-49
18695,0,37429570009,37429570057,0,0,-47
18696,0,37431572063,37431572044,0,0,18
18697,0,37433575083,37433575047,0,0,36
18698,0,37435576856,37435576889,0,0,-33
18699,0,37437579197,37437579249,0,0,-51
18700,0,37439581205,37439581217,0,0,-12
18701,0,37441583047,37441583013,0,0,33
18702,0,37443585542,37443585520,0,0,22
18703,0,37445587813,37445587834,0,0,-20
18704,0,37447590455,37447590494,0,0,-38
18705,0,37449592695,37449592725,0,0,-29
18706,0,37451595028,37451595054,0,0,-26
18707,0,37453596705,37453596728,0,0,-23
18708,0,37455599662,37455599698,0,0,-35
18709,0,37457601283,37457601308,0,0,-24
18710,0,37459603664,37459603682,0,0,-17
18711,0,37461605242,37461605277,0,0,-35
18712,0,37463607003,37463606975,0,0,28
18713,0,37465610721,37465610676,0,0,44
18714,0,37467612469,37467612433,0,0,36
18715,0,37469614809,37469614841,0,0,-31
18716,0,37471617116,37471617155,0,0,-38
18717,0,37473618822,37473618861,0,0,-39
18718,0,37475621253,37475621205,0,0,48
18719,0,37477624172,37477624155,0,0,17
18720,0,37479625620,37479625603,0,0,16
18721,0,37481628570,37481628543,0,0,26
18722,0,37483630108,37483630082,0,0,26
18723,0,37485632026,37485632065,0,0,-38
18724,0,37487633924,37487633958,0,0,-33
18725,0,37489637040,37489637062,0,0,-22
18726,0,37491640264,37491640246,0,0,17
18727,0,37493642314,37493642348,0,0,-33
18728,0,37495643525,37495643562,0,0,-36
18729,0,37497645529,37497645503,0,0,25
18730,0,37499646882,37499646855,0,0,26
18731,0,37501650459,37501650491,0,0,-31
18732,0,37503652382,37503652354,0,0,28
18733,0,37505654698,37505654667,0,0,31
18734,0,37507658276,37507658258,0,0,17
18735,0,37509658539,37509658521,0,0,17
18736,0,37511660037,37511660051,0,0,-14
18737,0,37513662331,37513662368,0,0,-36
18738,0,37515665100,37515665064,0,0,35
18739,0,37517668301,37517668285,0,0,16
18740,0,37519670651,37519670623,0,0,27
18741,0,37521671977,37521671939,0,0,38
18742,0,37523673406,37523673372,0,0,34
18743,0,37525675853,37525675817,0,0,36
18744,0,37527679382,37527679433,0,0,-50
18745,0,37529681829,37529681879,0,0,-50
18746,0,37531684089,37531684119,0,0,-29
18747,0,37533687024,37533687072,0,0,-48
18748,0,37535687096,37535687121,0,0,-25
18749,0,37537689915,37537689928,0,0,-13
18750,0,37539692631,37539692619,0,0,11
18751,0,37541694880,37541694869,0,0,11
18752,0,37543697804,37543697773,0,0,30
18753,0,37545698950,37545698939,0,0,11
18754,0,37547699820,37547699856,0,0,-35
18755,0,37549702419,37549702450,0,0,-31
18756,0,37551705844,37551705802,0,0,41
18757,0,37553708427,37553708386,0,0,41
18758,0,37555710168,37555710182,0,0,-13
18759,0,37557712023,37557712049,0,0,-25
18760,0,37559713446,37559713481,0,0,-35
18761,0,37561715638,37561715610,0,0,28
18762,0,37563718485,37563718457,0,0,27
18763,0,37565722125,37565722114,0,0,11
18764,0,37567723955,37567723910,0,0,44
18765,0,37569725291,37569725322,0,0,-31
18766,0,37571727787,37571727826,0,0,-39
18767,0,37573729062,37573729078,0,0,-15
18768,0,37575731300,37575731325,0,0,-24
18769,0,37577733705,37577733720,0,0,-14
18770,0,37579737441,37579737459,0,0,-17
18771,0,37581738952,37581738988,0,0,-35
18772,0,37583741331,37583741304,0,0,26
18773,0,37585743521,37585743480,0,0,41
18774,0,37587746124,37587746106,0,0,17
18775,0,37589748112,37589748089,0,0,23
18776,0,37591750310,37591750333,0,0,-22
18777,0,37593752462,37593752492,0,0,-30
18778,0,37595754757,37595754782,0,0,-24
18779,0,37597757200,37597757222,0,0,-22
18780,0,37599759626,37599759588,0,0,38
18781,0,37601761600,37601761541,0,0,58
18782,0,37603765246,37603765219,0,0,26
18783,0,37605766199,37605766159,0,0,40
18784,0,37607768513,37607768538,0,0,-24
18785,0,37609770289,37609770296,0,0,-7
18786,0,37611771607,37611771617,0,0,-10
18787,0,37613775330,37613775258,0,0,71
18788,0,37615777045,37615776974,0,0,71
18789,0,37617779355,37617779312,0,0,43
18790,0,37619780992,37619780952,0,0,40
18791,0,37621782163,37621782137,0,0,25
18792,0,37623784929,37623784874,0,0,54
18793,0,37625788278,37625788222,0,0,55
18794,0,37627790478,37627790435,0,0,43
18795,0,37629792612,37629792587,0,0,24
18796,0,37631794881,37631794913,0,0,-31
18797,0,37633798958,37633798964,0,0,-5
18798,0,37635800321,37635800279,0,0,42
18799,0,37637801987,37637801952,0,0,34
18800,0,37639803950,37639803892,0,0,58
18801,0,37641805745,37641805695,0,0,49
18802,0,37643807183,37643807137,0,0,46
18803,0,37645809950,37645809973,0,0,-22
18804,0,37647811559,37647811575,0,0,-15
18805,0,37649815356,37649815366,0,0,-9
18806,0,37651817466,37651817415,0,0,51
18807,0,37653819032,37653818967,0,0,65
18808,0,37655820366,37655820311,0,0,54
18809,0,37657823825,37657823750,0,0,75
18810,0,37659826375,37659826325,0,0,50
18811,0,37661828334,37661828285,0,0,49
18812,0,37663830603,37663830531,0,0,71
18813,0,37665832372,37665832355,0,0,16
18814,0,37667833962,37667834004,0,0,-42
18815,0,37669838170,37669838208,0,0,-37
18816,0,37671839500,37671839460,0,0,40
18817,0,37673841862,37673841811,0,0,51
18818,0,37675843784,37675843757,0,0,26
18819,0,37677845950,37677845912,0,0,38
18820,0,37679848274,37679848316,0,0,-42
18821,0,37681850731,37681850757,0,0,-25
18822,0,37683852940,37683852970,0,0,-30
18823,0,37685854949,37685854917,0,0,31
18824,0,37687857261,37687857195,0,0,66
18825,0,37689858914,37689858899,0,0,14
18826,0,37691860770,37691860727,0,0,43
18827,0,37693863660,37693863633,0,0,26
18828,0,37695865968,37695865990,0,0,-22
18829,0,37697868642,37697868632,0,0,9
18830,0,37699870302,37699870287,0,0,14
18831,0,37701873593,37701873562,0,0,31
18832,0,37703875159,37703875140,0,0,19
18833,0,37705877203,37705877184,0,0,19
18834,0,37707878559,37707878535,0,0,23
18835,0,37709882248,37709882234,0,0,13
18836,0,37711884157,37711884123,0,0,33
18837,0,37713885825,37713885814,0,0,11
18838,0,37715887454,37715887429,0,0,25
18839,0,37717890302,37717890336,0,0,-33
18840,0,37719892891,37719892938,0,0,-47
18841,0,37721895224,37721895255,0,0,-31
18842,0,37723898028,37723898056,0,0,-28
18843,0,37725900404,37725900386,0,0,17
18844,0,37727900546,37727900494,0,0,51
18845,0,37729903846,37729903814,0,0,31
18846,0,37731906314,37731906276,0,0,37
18847,0,37733911840,37733911819,0,0,21
18848,0,37735912027,37735912036,0,0,-8
18849,0,37737912271,37737912253,0,0,17
18850,0,37739914288,37739914253,0,0,34
18851,0,37741916853,37741916834,0,0,19
18852,0,37743918649,37743918621,0,0,27
18853,0,37745921812,37745921803,0,0,8
18854,0,37747923986,37747923947,0,0,39
18855,0,37749926079,37749926039,0,0,40
18856,0,37751928426,37751928381,0,0,45
18857,0,37753930516,37753930467,0,0,49
18858,0,37755933032,37755932997,0,0,35
18859,0,37757935196,37757935206,0,0,-9
18860,0,37759937260,37759937229,0,0,31
18861,0,37761939293,37761939251,0,0,41
18862,0,37763941658,37763941602,0,0,56
18863,0,37765944832,37765944773,0,0,59
18864,0,37767945986,37767945938,0,0,47
18865,0,37769947322,37769947271,0,0,51
18866,0,37771951072,37771951018,0,0,53
18867,0,37773952701,37773952647,0,0,53
18868,0,37775954794,37775954736,0,0,58
18869,0,37777955853,37777955887,0,0,-33
18870,0,37779958562,37779958617,0,0,-55
18871,0,37781961806,37781961842,0,0,-35
18872,0,37783964208,37783964166,0,0,42
18873,0,37785966084,37785966056,0,0,27
18874,0,37787968643,37787968608,0,0,34
18875,0,37789970314,37789970284,0,0,29
18876,0,37791971764,37791971732,0,0,31
18877,0,37793975003,37793975040,0,0,-36
18878,0,37795977494,37795977465,0,0,29
18879,0,37797981370,37797981355,0,0,15
18880,0,37799982838,37799982794,0,0,43
18881,0,37801984166,37801984131,0,0,34
18882,0,37803986254,37803986295,0,0,-40
18883,0,37805988249,37805988278,0,0,-29
18884,0,37807990820,37807990837,0,0,-17
18885,0,37809992880,37809992854,0,0,26
18886,0,37811994950,37811994919,0,0,31
18887,0,37813996889,37813996865,0,0,23
18888,0,37815998431,37815998393,0,0,38
18889,0,37818002233,37818002259,0,0,-25
18890,0,37820004144,37820004159,0,0,-14
18891,0,37822006276,37822006243,0,0,33
18892,0,37824008573,37824008537,0,0,35
18893,0,37826010498,37826010453,0,0,44
18894,0,37828012206,37828012188,0,0,18
18895,0,37830016518,37830016465,0,0,53
18896,0,37832017408,37832017382,0,0,26
18897,0,37834019927,37834019892,0,0,34
18898,0,37836021733,37836021700,0,0,33
18899,0,37838023716,37838023682,0,0,34
18900,0,37840025584,37840025546,0,0,37
18901,0,37842028784,37842028800,0,0,-15
18902,0,37844031150,37844031161,0,0,-10
18903,0,37846032914,37846032882,0,0,32
18904,0,37848035011,37848034953,0,0,57
18905,0,37850037226,37850037169,0,0,57
18906,0,37852039919,37852039870,0,0,48
18907,0,37854042346,37854042362,0,0,-16
18908,0,37856044123,37856044156,0,0,-33
18909,0,37858045845,37858045880,0,0,-35
18910,0,37860047324,37860047309,0,0,15
18911,0,37862050484,37862050492,0,0,-8
18912,0,37864052690,37864052667,0,0,23
18913,0,37866055518,37866055482,0,0,35
18914,0,37868057552,37868057477,0,0,74
18915,0,37870059575,37870059542,0,0,33
18916,0,37872061572,37872061534,0,0,38
18917,0,37874062869,37874062831,0,0,37
18918,0,37876066703,37876066668,0,0,35
18919,0,37878068539,37878068512,0,0,26
18920,0,37880071178,37880071116,0,0,61
18921,0,37882072633,37882072671,0,0,-38
18922,0,37884073907,37884073951,0,0,-44
18923,0,37886076274,37886076307,0,0,-33
18924,0,37888079650,37888079604,0,0,46
18925,0,37890082423,37890082385,0,0,38
18926,0,37892084030,37892083984,0,0,46
18927,0,37894087220,37894087169,0,0,50
18928,0,37896088611,37896088562,0,0,48
18929,0,37898091121,37898091085,0,0,36
18930,0,37900092937,37900092880,0,0,56
18931,0,37902095352,37902095305,0,0,46
18932,0,37904097444,37904097458,0,0,-14
18933,0,37906099978,37906099991,0,0,-13
18934,0,37908101835,37908101847,0,0,-11
18935,0,37910103976,37910104011,0,0,-35
18936,0,37912106250,37912106266,0,0,-15
18937,0,37914108901,37914108928,0,0,-26
18938,0,37916110861,37916110887,0,0,-26
18939,0,37918113035,37918113062,0,0,-26
18940,0,37920115450,37920115490,0,0,-40
18941,0,37922117447,37922117405,0,0,42
18942,0,37924119074,37924119022,0,0,51
18943,0,37926122921,37926122889,0,0,31
18944,0,37928126289,37928126237,0,0,51
18945,0,37930126322,37930126258,0,0,63
18946,0,37932128507,37932128456,0,0,51
18947,0,37934132660,37934132611,0,0,48
18948,0,37936133465,37936133415,0,0,49
18949,0,37938135617,37938135623,0,0,-6
18950,0,37940137652,37940137662,0,0,-9
18951,0,37942139456,37942139469,0,0,-13
18952,0,37944140898,37944140907,0,0,-8
18953,0,37946143883,37946143855,0,0,28
18954,0,37948145456,37948145397,0,0,58
18955,0,37950148894,37950148904,0,0,-10
18956,0,37952150937,37952150948,0,0,-10
18957,0,37954152778,37954152804,0,0,-25
18958,0,37956154173,37956154267,0,0,-93
18959,0,37958157519,37958157550,0,0,-30
18960,0,37960160089,37960160049,0,0,40
18961,0,37962162096,37962162069,0,0,27
18962,0,37964163913,37964163883,0,0,29
18963,0,37966165373,37966165357,0,0,15
18964,0,37968169077,37968169059,0,0,17
18965,0,37970171177,37970171152,0,0,24
18966,0,37972173278,37972173263,0,0,14
18967,0,37974175487,37974175531,0,0,-43
18968,0,37976178063,37976178100,0,0,-36
18969,0,37978179797,37978179833,0,0,-35
18970,0,37980181928,37980181968,0,0,-40
18971,0,37982184312,37982184355,0,0,-42
18972,0,37984186700,37984186709,0,0,-8
18973,0,37986188787,37986188751,0,0,35
18974,0,37988190913,37988190937,0,0,-23
18975,0,37990193155,37990193169,0,0,-13
18976,0,37992196196,37992196241,0,0,-44
18977,0,37994197273,37994197301,0,0,-28
18978,0,37996198707,37996198660,0,0,47
18979,0,37998201942,37998201910,0,0,31
18980,0,38000204270,38000204250,0,0,20
18981,0,38002206649,38002206683,0,0,-33
18982,0,38004208371,38004208404,0,0,-32
18983,0,38006209728,38006209769,0,0,-40
18984,0,38008213123,38008213172,0,0,-48
18985,0,38010215411,38010215390,0,0,21
18986,0,38012217705,38012217690,0,0,15
18987,0,38014219612,38014219638,0,0,-25
18988,0,38016222082,38016222116,0,0,-33
18989,0,38018224368,38018224345,0,0,23
18990,0,38020226646,38020226663,0,0,-17
18991,0,38022229029,38022229078,0,0,-48
18992,0,38024231973,38024232006,0,0,-33
18993,0,38026233091,38026233047,0,0,43
18994,0,38028234183,38028234138,0,0,44
18995,0,38030237582,38030237564,0,0,17
18996,0,38032239907,38032239871,0,0,35
18997,0,38034243756,38034243793,0,0,-36
18998,0,38036244952,38036245000,0,0,-48
18999,0,38038246129,38038246169,0,0,-40
19000,0,38040247731,38040247771,0,0,-40
19001,0,38042250881,38042250849,0,0,32
19002,0,38044253544,38044253523,0,0,21
19003,0,38046255949,38046255921,0,0,28
19004,0,38048257849,38048257811,0,0,38
19005,0,38050259595,38050259557,0,0,38
19006,0,38052261563,38052261605,0,0,-42
19007,0,38054265040,38054265075,0,0,-35
19008,0,38056268609,38056268647,0,0,-38
19009,0,38058268893,38058268933,0,0,-40
19010,0,38060271388,38060271352,0,0,35
19011,0,38062273000,38062273033,0,0,-33
19012,0,38064275408,38064275451,0,0,-42
19013,0,38066277459,38066277494,0,0,-34
19014,0,38068280071,38068280054,0,0,16
19015,0,38070282226,38070282220,0,0,6
19016,0,38072284424,38072284384,0,0,40
19017,0,38074286191,38074286175,0,0,15
19018,0,38076287532,38076287488,0,0,44
19019,0,38078290441,38078290422,0,0,19
19020,0,38080293159,38080293153,0,0,5
19021,0,38082295711,38082295723,0,0,-11
19022,0,38084297507,38084297514,0,0,-6
19023,0,38086299540,38086299561,0,0,-20
19024,0,38088302852,38088302870,0,0,-17
19025,0,38090303326,38090303328,0,0,-2
19026,0,38092306827,38092306778,0,0,49
19027,0,38094309067,38094309011,0,0,56
19028,0,38096311362,38096311373,0,0,-10
19029,0,38098313364,38098313369,0,0,-5
19030,0,38100315431,38100315409,0,0,21
19031,0,38102317545,38102317510,0,0,35
19032,0,38104319304,38104319267,0,0,36
19033,0,38106322455,38106322435,0,0,20
19034,0,38108324869,38108324848,0,0,21
19035,0,38110326453,38110326404,0,0,49
19036,0,38112328796,38112328773,0,0,23
19037,0,38114330646,38114330678,0,0,-31
19038,0,38116332576,38116332593,0,0,-16
19039,0,38118337355,38118337399,0,0,-43
19040,0,38120339887,38120339860,0,0,27
19041,0,38122339626,38122339601,0,0,25
19042,0,38124340687,38124340653,0,0,33
19043,0,38126343188,38126343214,0,0,-25
19044,0,38128346537,38128346552,0,0,-15
19045,0,38130349015,38130349044,0,0,-29
19046,0,38132350914,38132350908,0,0,6
19047,0,38134354435,38134354397,0,0,38
19048,0,38136355288,38136355233,0,0,55
19049,0,38138356728,38138356676,0,0,51
19050,0,38140359922,38140359878,0,0,43
19051,0,38142362130,38142362150,0,0,-20
19052,0,38144364089,38144364046,0,0,43
19053,0,38146365464,38146365440,0,0,24
19054,0,38148368625,38148368576,0,0,49
19055,0,38150370137,38150370164,0,0,-26
19056,0,38152373078,38152373050,0,0,28
19057,0,38154375053,38154375008,0,0,45
19058,0,38156377436,38156377397,0,0,39
19059,0,38158378886,38158378906,0,0,-20
19060,0,38160382268,38160382242,0,0,25
19061,0,38162383743,38162383712,0,0,31
19062,0,38164385642,38164385601,0,0,41
19063,0,38166389359,38166389303,0,0,55
19064,0,38168391210,38168391173,0,0,36
19065,0,38170392891,38170392854,0,0,36
19066,0,38172394624,38172394580,0,0,43
19067,0,38174397514,38174397487,0,0,27
19068,0,38176399821,38176399827,0,0,-6
19069,0,38178401443,38178401405,0,0,38
19070,0,38180405062,38180404997,0,0,65
19071,0,38182406771,38182406723,0,0,47
19072,0,38184410584,38184410519,0,0,65
19073,0,38186411112,38186411092,0,0,20
19074,0,38188413276,38188413241,0,0,35
19075,0,38190414903,38190414871,0,0,31
19076,0,38192418137,38192418088,0,0,48
19077,0,38194419966,38194419921,0,0,44
19078,0,38196422702,38196422647,0,0,54
19079,0,38198424508,38198424465,0,0,42
19080,0,38200425775,38200425784,0,0,-8
19081,0,38202429316,38202429260,0,0,56
19082,0,38204430946,38204430912,0,0,34
19083,0,38206432060,38206432069,0,0,-8
19084,0,38208435065,38208435077,0,0,-11
19085,0,38210437719,38210437750,0,0,-31
19086,0,38212439957,38212439986,0,0,-28
19087,0,38214442602,38214442611,0,0,-9
19088,0,38216445302,38216445271,0,0,31
19089,0,38218445352,38218445311,0,0,41
19090,0,38220447539,38220447508,0,0,31
19091,0,38222450410,38222450382,0,0,27
19092,0,38224453513,38224453475,0,0,38
19093,0,38226456084,38226456047,0,0,36
19094,0,38228457982,38228457954,0,0,27
19095,0,38230460009,38230460004,0,0,5
19096,0,38232462940,38232462950,0,0,-10
19097,0,38234466253,38234466242,0,0,11
19098,0,38236466866,38236466874,0,0,-7
19099,0,38238469147,38238469106,0,0,40
19100,0,38240471335,38240471292,0,0,43
19101,0,38242473269,38242473242,0,0,26
19102,0,38244475533,38244475515,0,0,17
19103,0,38246478600,38246478586,0,0,13
19104,0,38248482226,38248482246,0,0,-20
19105,0,38250482360,38250482326,0,0,33
19106,0,38252485204,38252485186,0,0,17
19107,0,38254486870,38254486849,0,0,21
19108,0,38256488957,38256488903,0,0,53
19109,0,38258490932,38258490979,0,0,-47
19110,0,38260492763,38260492788,0,0,-25
19111,0,38262496182,38262496171,0,0,10
19112,0,38264498114,38264498062,0,0,51
19113,0,38266500184,38266500146,0,0,37
19114,0,38268502548,38268502523,0,0,25
19115,0,38270505058,38270505007,0,0,51
19116,0,38272506894,38272506863,0,0,30
19117,0,38274509573,38274509542,0,0,30
19118,0,38276511411,38276511392,0,0,18
19119,0,38278513465,38278513419,0,0,46
19120,0,38280516638,38280516624,0,0,13
19121,0,38282517665,38282517655,0,0,9
19122,0,38284519457,38284519439,0,0,17
19123,0,38286523008,38286522986,0,0,21
19124,0,38288524603,38288524563,0,0,40
19125,0,38290526819,38290526792,0,0,26
19126,0,38292528940,38292528921,0,0,18
19127,0,38294531381,38294531422,0,0,-40
19128,0,38296533836,38296533887,0,0,-50
19129,0,38298535897,38298535874,0,0,22
19130,0,38300538417,38300538408,0,0,8
19131,0,38302540265,38302540240,0,0,25
19132,0,38304542240,38304542166,0,0,74
19133,0,38306544243,38306544257,0,0,-13
19134,0,38308546049,38308546060,0,0,-11
19135,0,38310549656,38310549633,0,0,23
19136,0,38312551433,38312551388,0,0,44
19137,0,38314554454,38314554427,0,0,26
19138,0,38316555294,38316555226,0,0,67
19139,0,38318556821,38318556768,0,0,53
19140,0,38320559982,38320559957,0,0,24
19141,0,38322561661,38322561656,0,0,4
19142,0,38324564652,38324564622,0,0,29
19143,0,38326566386,38326566368,0,0,17
19144,0,38328568330,38328568308,0,0,21
19145,0,38330571353,38330571337,0,0,15
19146,0,38332573981,38332573957,0,0,23
19147,0,38334577682,38334577724,0,0,-42
19148,0,38336577966,38336577930,0,0,36
19149,0,38338579949,38338579917,0,0,31
19150,0,38340581181,38340581134,0,0,47
19151,0,38342583299,38342583262,0,0,37
19152,0,38344586140,38344586101,0,0,39
19153,0,38346590744,38346590712,0,0,31
19154,0,38348591231,38348591193,0,0,38
19155,0,38350593097,38350593059,0,0,38
19156,0,38352594609,38352594571,0,0,38
19157,0,38354597917,38354597887,0,0,30
19158,0,38356600442,38356600458,0,0,-15
19159,0,38358602761,38358602786,0,0,-24
19160,0,38360604513,38360604489,0,0,23
19161,0,38362606690,38362606652,0,0,38
19162,0,38364608098,38364608077,0,0,21
19163,0,38366611764,38366611732,0,0,31
19164,0,38368613777,38368613742,0,0,35
19165,0,38370616058,38370616029,0,0,29
19166,0,38372618156,38372618170,0,0,-14
19167,0,38374620930,38374620937,0,0,-6
19168,0,38376622352,38376622366,0,0,-13
19169,0,38378625411,38378625348,0,0,62
19170,0,38380626098,38380626034,0,0,63
19171,0,38382629367,38382629395,0,0,-28
19172,0,38384631128,38384631162,0,0,-33
19173,0,38386632419,38386632379,0,0,39
19174,0,38388634864,38388634822,0,0,41
19175,0,38390637729,38390637690,0,0,38
19176,0,38392639114,38392639139,0,0,-25
19177,0,38394642797,38394642822,0,0,-24
19178,0,38396645368,38396645391,0,0,-22
19179,0,38398646402,38398646363,0,0,39
19180,0,38400647806,38400647755,0,0,51
19181,0,38402650065,38402650034,0,0,31
19182,0,38404652656,38404652680,0,0,-23
19183,0,38406656177,38406656197,0,0,-20
19184,0,38408658101,38408658116,0,0,-15
19185,0,38410661286,38410661311,0,0,-24
19186,0,38412662411,38412662362,0,0,49
19187,0,38414664610,38414664575,0,0,34
19188,0,38416667173,38416667148,0,0,24
19189,0,38418669042,38418669064,0,0,-22
19190,0,38420671455,38420671486,0,0,-31
19191,0,38422673400,38422673432,0,0,-31
19192,0,38424675748,38424675739,0,0,8
19193,0,38426678340,38426678321,0,0,19
19194,0,38428680571,38428680537,0,0,34
19195,0,38430682662,38430682608,0,0,53
19196,0,38432684937,38432684903,0,0,33
19197,0,38434688026,38434687997,0,0,29
19198,0,38436688205,38436688169,0,0,35
19199,0,38438692502,38438692483,0,0,18
19200,0,38440694923,38440694868,0,0,55
19201,0,38442697452,38442697478,0,0,-25
19202,0,38444697766,38444697714,0,0,51
19203,0,38446698796,38446698752,0,0,44
19204,0,38448701349,38448701312,0,0,37
19205,0,38450703114,38450703079,0,0,35
19206,0,38452705981,38452705943,0,0,38
19207,0,38454709640,38454709598,0,0,41
19208,0,38456711600,38456711562,0,0,37
19209,0,38458713318,38458713364,0,0,-46
19210,0,38460714691,38460714665,0,0,25
19211,0,38462716761,38462716738,0,0,22
19212,0,38464719120,38464719065,0,0,54
19213,0,38466721970,38466721953,0,0,16
19214,0,38468724835,38468724849,0,0,-13
19215,0,38470726842,38470726856,0,0,-14
19216,0,38472729103,38472729108,0,0,-5
19217,0,38474731220,38474731256,0,0,-36
19218,0,38476732589,38476732556,0,0,33
19219,0,38478736263,38478736208,0,0,54
19220,0,38480738184,38480738135,0,0,48
19221,0,38482739815,38482739768,0,0,47
19222,0,38484741291,38484741259,0,0,31
19223,0,38486743836,38486743791,0,0,44
19224,0,38488747010,38488746950,0,0,59
19225,0,38490749552,38490749522,0,0,29
19226,0,38492751438,38492751400,0,0,38
19227,0,38494753641,38494753603,0,0,38
19228,0,38496755855,38496755807,0,0,47
19229,0,38498757723,38498757734,0,0,-11
19230,0,38500759740,38500759683,0,0,56
19231,0,38502762880,38502762869,0,0,11
19232,0,38504765735,38504765707,0,0,27
19233,0,38506767988,38506767936,0,0,51
19234,0,38508769500,38508769522,0,0,-22
19235,0,38510771177,38510771137,0,0,40
19236,0,38512772476,38512772458,0,0,17
19237,0,38514775363,38514775339,0,0,23
19238,0,38516778213,38516778195,0,0,17
19239,0,38518780189,38518780137,0,0,51
19240,0,38520781476,38520781418,0,0,57
19241,0,38522783817,38522783797,0,0,19
19242,0,38524787611,38524787571,0,0,40
19243,0,38526789631,38526789602,0,0,29
19244,0,38528791447,38528791489,0,0,-42
19245,0,38530793474,38530793460,0,0,14
19246,0,38532794518,38532794480,0,0,38
19247,0,38534798435,38534798463,0,0,-28
19248,0,38536800049,38536800011,0,0,38
19249,0,38538802683,38538802648,0,0,34
19250,0,38540805191,38540805156,0,0,35
19251,0,38542806952,38542806979,0,0,-26
19252,0,38544808803,38544808826,0,0,-22
19253,0,38546810004,38546810052,0,0,-48
19254,0,38548813078,38548813043,0,0,35
19255,0,38550816100,38550816090,0,0,9
19256,0,38552818221,38552818184,0,0,37
19257,0,38554820449,38554820417,0,0,32
19258,0,38556823244,38556823224,0,0,19
19259,0,38558824685,38558824722,0,0,-36
19260,0,38560826731,38560826721,0,0,9
19261,0,38562829222,38562829205,0,0,17
19262,0,38564831683,38564831672,0,0,11
19263,0,38566834188,38566834235,0,0,-46
19264,0,38568835842,38568835807,0,0,35
19265,0,38570837961,38570837927,0,0,33
19266,0,38572839681,38572839667,0,0,14
19267,0,38574843321,38574843292,0,0,28
19268,0,38576845466,38576845417,0,0,49
19269,0,38578846852,38578846804,0,0,48
19270,0,38580847883,38580847904,0,0,-20
19271,0,38582850184,38582850211,0,0,-26
19272,0,38584853050,38584853027,0,0,22
19273,0,38586856531,38586856489,0,0,42
19274,0,38588858031,38588858040,0,0,-8
19275,0,38590859209,38590859170,0,0,39
19276,0,38592861476,38592861452,0,0,23
19277,0,38594863467,38594863447,0,0,20
19278,0,38596866464,38596866486,0,0,-22
19279,0,38598869571,38598869535,0,0,35
19280,0,38600871352,38600871314,0,0,38
19281,0,38602874801,38602874763,0,0,38
19282,0,38604875265,38604875233,0,0,32
19283,0,38606877774,38606877752,0,0,21
19284,0,38608879606,38608879548,0,0,58
19285,0,38610882586,38610882560,0,0,25
19286,0,38612884296,38612884242,0,0,54
19287,0,38614887046,38614887006,0,0,40
19288,0,38616889651,38616889628,0,0,23
19289,0,38618891323,38618891292,0,0,31
19290,0,38620892874,38620892905,0,0,-31
19291,0,38622896177,38622896198,0,0,-21
19292,0,38624898173,38624898116,0,0,57
19293,0,38626898950,38626898895,0,0,54
19294,0,38628901554,38628901522,0,0,31
19295,0,38630904286,38630904238,0,0,48
19296,0,38632907382,38632907303,0,0,78
19297,0,38634911026,38634910996,0,0,29
19298,0,38636911763,38636911735,0,0,27
19299,0,38638913562,38638913514,0,0,47
19300,0,38640915268,38640915238,0,0,29
19301,0,38642917978,38642917989,0,0,-11
19302,0,38644919555,38644919504,0,0,50
19303,0,38646922979,38646922965,0,0,14
19304,0,38648925488,38648925435,0,0,53
19305,0,38650926982,38650926921,0,0,60
19306,0,38652928430,38652928391,0,0,38
19307,0,38654931366,38654931383,0,0,-16
19308,0,38656932868,38656932892,0,0,-23
19309,0,38658936019,38658936044,0,0,-24
19310,0,38660938562,38660938556,0,0,6
19311,0,38662940335,38662940307,0,0,28
19312,0,38664941788,38664941748,0,0,40
19313,0,38666944896,38666944880,0,0,15
19314,0,38668947364,38668947339,0,0,24
19315,0,38670950006,38670949972,0,0,34
19316,0,38672952194,38672952149,0,0,44
19317,0,38674953862,38674953823,0,0,39
19318,0,38676956306,38676956258,0,0,48
19319,0,38678957998,38678957961,0,0,36
19320,0,38680959521,38680959474,0,0,47
19321,0,38682963214,38682963226,0,0,-11
19322,0,38684965046,38684965073,0,0,-26
19323,0,38686967118,38686967086,0,0,31
19324,0,38688969296,38688969256,0,0,39
19325,0,38690971578,38690971565,0,0,13
19326,0,38692972831,38692972869,0,0,-38
19327,0,38694977468,38694977502,0,0,-33
19328,0,38696979386,38696979405,0,0,-18
19329,0,38698980453,38698980471,0,0,-18
19330,0,38700982644,38700982666,0,0,-22
19331,0,38702984183,38702984209,0,0,-26
19332,0,38704987294,38704987328,0,0,-33
19333,0,38706989856,38706989888,0,0,-32
19334,0,38708991698,38708991725,0,0,-26
19335,0,38710993877,38710993919,0,0,-42
19336,0,38712996303,38712996274,0,0,29
19337,0,38714998257,38714998247,0,0,9
19338,0,38716999893,38716999864,0,0,29
19339,0,38719003394,38719003356,0,0,38
19340,0,38721005182,38721005142,0,0,40
19341,0,38723007172,38723007132,0,0,39
19342,0,38725008754,38725008734,0,0,19
19343,0,38727011620,38727011585,0,0,35
19344,0,38729013896,38729013856,0,0,40
19345,0,38731015620,38731015644,0,0,-24
19346,0,38733020007,38733020040,0,0,-32
19347,0,38735021605,38735021642,0,0,-36
19348,0,38737021738,38737021705,0,0,33
19349,0,38739024251,38739024274,0,0,-22
19350,0,38741027602,38741027582,0,0,20
19351,0,38743029912,38743029874,0,0,37
19352,0,38745032415,38745032368,0,0,47
19353,0,38747033644,38747033692,0,0,-48
19354,0,38749035067,38749035114,0,0,-46
19355,0,38751037584,38751037542,0,0,42
19356,0,38753041282,38753041234,0,0,47
19357,0,38755042986,38755042939,0,0,47
19358,0,38757045634,38757045601,0,0,33
19359,0,38759048096,38759048044,0,0,51
19360,0,38761049829,38761049786,0,0,42
19361,0,38763051903,38763051861,0,0,41
19362,0,38765055385,38765055337,0,0,48
19363,0,38767057191,38767057141,0,0,49
19364,0,38769059553,38769059520,0,0,33
19365,0,38771060625,38771060635,0,0,-10
19366,0,38773063217,38773063230,0,0,-12
19367,0,38775065002,38775065017,0,0,-15
19368,0,38777067197,38777067150,0,0,47
19369,0,38779069036,38779068991,0,0,45
19370,0,38781072155,38781072096,0,0,58
19371,0,38783073706,38783073650,0,0,56
19372,0,38785074981,38785074994,0,0,-13
19373,0,38787077568,38787077501,0,0,67
19374,0,38789081035,38789080966,0,0,69
19375,0,38791083546,38791083458,0,0,87
19376,0,38793085122,38793085088,0,0,33
19377,0,38795087404,38795087314,0,0,89
19378,0,38797089582,38797089527,0,0,55
19379,0,38799091570,38799091514,0,0,56
19380,0,38801093078,38801093047,0,0,30
19381,0,38803096542,38803096516,0,0,26
19382,0,38805098871,38805098855,0,0,16
19383,0,38807100624,38807100613,0,0,11
19384,0,38809103534,38809103489,0,0,44
19385,0,38811105049,38811105038,0,0,11
19386,0,38813106391,38813106383,0,0,7
19387,0,38815110080,38815110042,0,0,38
19388,0,38817112398,38817112385,0,0,13
19389,0,38819114204,38819114159,0,0,44
19390,0,38821116636,38821116611,0,0,24
19391,0,38823118283,38823118269,0,0,13
19392,0,38825121229,38825121200,0,0,29
19393,0,38827124310,38827124301,0,0,9
19394,0,38829126839,38829126815,0,0,24
19395,0,38831127489,38831127464,0,0,24
19396,0,38833129799,38833129772,0,0,26
19397,0,38835133157,38835133140,0,0,17
19398,0,38837133961,38837133925,0,0,36
19399,0,38839135645,38839135606,0,0,38
19400,0,38841139373,38841139331,0,0,41
19401,0,38843140840,38843140808,0,0,31
19402,0,38845143431,38845143393,0,0,37
19403,0,38847146059,38847146096,0,0,-36
19404,0,38849147676,38849147686,0,0,-10
19405,0,38851149778,38851149795,0,0,-17
19406,0,38853151885,38853151840,0,0,44
19407,0,38855154223,38855154198,0,0,24
19408,0,38857156257,38857156197,0,0,60
19409,0,38859157177,38859157197,0,0,-20
19410,0,38861160951,38861160909,0,0,42
19411,0,38863163103,38863163057,0,0,46
19412,0,38865165573,38865165540,0,0,32
19413,0,38867167420,38867167400,0,0,20
19414,0,38869170080,38869170002,0,0,78
19415,0,38871171723,38871171708,0,0,14
19416,0,38873173599,38873173617,0,0,-18
19417,0,38875177328,38875177280,0,0,47
19418,0,38877179991,38877179946,0,0,44
19419,0,38879180633,38879180593,0,0,40
19420,0,38881182623,38881182548,0,0,74
19421,0,38883184859,38883184842,0,0,17
19422,0,38885186611,38885186635,0,0,-23
19423,0,38887190557,38887190574,0,0,-16
19424,0,38889193071,38889193020,0,0,50
19425,0,38891194498,38891194472,0,0,26
19426,0,38893197642,38893197617,0,0,24
19427,0,38895198617,38895198656,0,0,-38
19428,0,38897201066,38897201077,0,0,-11
19429,0,38899203715,38899203738,0,0,-22
19430,0,38901205591,38901205553,0,0,38
19431,0,38903207257,38903207215,0,0,41
19432,0,38905208412,38905208383,0,0,29
19433,0,38907210761,38907210707,0,0,53
19434,0,38909213794,38909213766,0,0,28
19435,0,38911217025,38911216985,0,0,40
19436,0,38913218844,38913218858,0,0,-13
19437,0,38915220488,38915220460,0,0,28
19438,0,38917222341,38917222303,0,0,38
19439,0,38919225253,38919225220,0,0,33
19440,0,38921227661,38921227685,0,0,-23
19441,0,38923230294,38923230309,0,0,-15
19442,0,38925232998,38925233023,0,0,-24
19443,0,38927234074,38927234087,0,0,-13
19444,0,38929235514,38929235475,0,0,39
19445,0,38931238182,38931238154,0,0,27
19446,0,38933240157,38933240124,0,0,33
19447,0,38935244975,38935244934,0,0,41
19448,0,38937245467,38937245492,0,0,-24
19449,0,38939247825,38939247810,0,0,15
19450,0,38941250159,38941250130,0,0,29
19451,0,38943252103,38943252031,0,0,71
19452,0,38945254514,38945254529,0,0,-15
19453,0,38947256670,38947256703,0,0,-32
19454,0,38949258925,38949258892,0,0,33
19455,0,38951261624,38951261598,0,0,26
19456,0,38953263417,38953263366,0,0,51
19457,0,38955265568,38955265532,0,0,35
19458,0,38957268819,38957268835,0,0,-15
19459,0,38959270067,38959270040,0,0,27
19460,0,38961272139,38961272092,0,0,47
19461,0,38963273980,38963273950,0,0,30
19462,0,38965275594,38965275568,0,0,25
19463,0,38967278536,38967278511,0,0,24
19464,0,38969280231,38969280203,0,0,28
19465,0,38971283760,38971283740,0,0,20
19466,0,38973285880,38973285858,0,0,22
19467,0,38975287885,38975287906,0,0,-20
19468,0,38977290031,38977289990,0,0,41
19469,0,38979291903,38979291874,0,0,28
19470,0,38981294030,38981293998,0,0,31
19471,0,38983296669,38983296696,0,0,-26
19472,0,38985298664,38985298670,0,0,-6
19473,0,38987301002,38987301026,0,0,-24
19474,0,38989303600,38989303569,0,0,31
19475,0,38991305900,38991305874,0,0,26
19476,0,38993307915,38993307905,0,0,9
19477,0,38995309537,38995309562,0,0,-24
19478,0,38997311453,38997311483,0,0,-29
19479,0,38999314280,38999314309,0,0,-29
19480,0,39001316519,39001316550,0,0,-31
19481,0,39003318606,39003318620,0,0,-13
19482,0,39005320889,39005320854,0,0,35
19483,0,39007323545,39007323508,0,0,36
19484,0,39009325820,39009325785,0,0,34
19485,0,39011327565,39011327524,0,0,40
19486,0,39013329281,39013329261,0,0,20
19487,0,39015332980,39015332928,0,0,51
19488,0,39017334482,39017334444,0,0,38
19489,0,39019336694,39019336654,0,0,39
19490,0,39021339758,39021339722,0,0,35
19491,0,39023340647,39023340578,0,0,68
19492,0,39025342215,39025342163,0,0,51
19493,0,39027345075,39027345037,0,0,38
19494,0,39029346454,39029346422,0,0,31
19495,0,39031348993,39031348955,0,0,38
19496,0,39033352413,39033352423,0,0,-9
19497,0,39035355350,39035355366,0,0,-15
19498,0,39037355614,39037355639,0,0,-24
19499,0,39039358666,39039358633,0,0,33
19500,0,39041360197,39041360183,0,0,13
19501,0,39043363357,39043363352,0,0,4
19502,0,39045365621,39045365677,0,0,-56
19503,0,39047367397,39047367440,0,0,-42
19504,0,39049368741,39049368784,0,0,-43
19505,0,39051370788,39051370820,0,0,-31
19506,0,39053373635,39053373678,0,0,-43
19507,0,39055378092,39055378072,0,0,20
19508,0,39057378717,39057378668,0,0,49
19509,0,39059379512,39059379534,0,0,-22
19510,0,39061382375,39061382402,0,0,-26
19511,0,39063385813,39063385826,0,0,-13
19512,0,39065387564,39065387518,0,0,46
19513,0,39067389469,39067389414,0,0,54
19514,0,39069392644,39069392597,0,0,47
19515,0,39071394558,39071394504,0,0,53
19516,0,39073396530,39073396512,0,0,17
19517,0,39075397834,39075397869,0,0,-34
19518,0,39077401620,39077401666,0,0,-45
19519,0,39079404701,39079404741,0,0,-40
19520,0,39081406857,39081406847,0,0,10
19521,0,39083407703,39083407753,0,0,-50
19522,0,39085409915,39085409953,0,0,-38
19523,0,39087413106,39087413149,0,0,-42
19524,0,39089414734,39089414727,0,0,7
19525,0,39091417075,39091417051,0,0,23
19526,0,39093419387,39093419368,0,0,19
19527,0,39095420919,39095420891,0,0,28
19528,0,39097422277,39097422257,0,0,20
19529,0,39099424352,39099424343,0,0,9
19530,0,39101427000,39101427042,0,0,-42
19531,0,39103430221,39103430260,0,0,-39
19532,0,39105432159,39105432184,0,0,-25
19533,0,39107434525,39107434484,0,0,41
19534,0,39109437121,39109437082,0,0,38
19535,0,39111438835,39111438845,0,0,-9
19536,0,39113441170,39113441195,0,0,-24
19537,0,39115443653,39115443675,0,0,-22
19538,0,39117445631,39117445593,0,0,38
19539,0,39119447719,39119447685,0,0,33
19540,0,39121449148,39121449106,0,0,42
19541,0,39123452076,39123452083,0,0,-6
19542,0,39125454090,39125454114,0,0,-23
19543,0,39127457739,39127457765,0,0,-25
19544,0,39129459391,39129459405,0,0,-13
19545,0,39131461105,39131461144,0,0,-38
19546,0,39133463607,39133463563,0,0,44
19547,0,39135467368,39135467325,0,0,42
19548,0,39137467934,39137467901,0,0,33
19549,0,39139470624,39139470603,0,0,21
19550,0,39141472876,39141472827,0,0,48
19551,0,39143474203,39143474172,0,0,31
19552,0,39145476543,39145476507,0,0,35
19553,0,39147479116,39147479072,0,0,44
19554,0,39149481395,39149481369,0,0,25
19555,0,39151485074,39151485029,0,0,44
19556,0,39153485997,39153485960,0,0,36
19557,0,39155487752,39155487716,0,0,35
19558,0,39157489332,39157489294,0,0,37
19559,0,39159491950,39159491898,0,0,51
19560,0,39161493680,39161493635,0,0,44
19561,0,39163496788,39163496815,0,0,-26
19562,0,39165499339,39165499311,0,0,27
19563,0,39167500753,39167500702,0,0,51
19564,0,39169502600,39169502556,0,0,43
19565,0,39171505397,39171505428,0,0,-30
19566,0,39173506855,39173506893,0,0,-38
19567,0,39175510269,39175510251,0,0,17
19568,0,39177512751,39177512733,0,0,17
19569,0,39179515128,39179515099,0,0,28
19570,0,39181516882,39181516853,0,0,28
19571,0,39183519959,39183519915,0,0,43
19572,0,39185521966,39185521925,0,0,40
19573,0,39187523705,39187523741,0,0,-36
19574,0,39189525919,39189525946,0,0,-26
19575,0,39191528021,39191528042,0,0,-20
19576,0,39193530256,39193530272,0,0,-16
19577,0,39195532575,39195532552,0,0,22
19578,0,39197534840,39197534791,0,0,48
19579,0,39199537301,39199537263,0,0,38
19580,0,39201539726,39201539680,0,0,45
19581,0,39203541198,39203541176,0,0,22
19582,0,39205543582,39205543608,0,0,-25
19583,0,39207546256,39207546231,0,0,24
19584,0,39209547969,39209547923,0,0,46
19585,0,39211550506,39211550528,0,0,-21
19586,0,39213552590,39213552604,0,0,-14
19587,0,39215555520,39215555478,0,0,41
19588,0,39217557044,39217557004,0,0,40
19589,0,39219559156,39219559148,0,0,8
19590,0,39221561447,39221561475,0,0,-28
19591,0,39223563420,39223563444,0,0,-24
19592,0,39225565707,39225565739,0,0,-31
19593,0,39227568113,39227568066,0,0,47
19594,0,39229570074,39229570094,0,0,-20
19595,0,39231572554,39231572516,0,0,38
19596,0,39233574782,39233574761,0,0,20
19597,0,39235579043,39235579075,0,0,-31
19598,0,39237579137,39237579148,0,0,-11
19599,0,39239581224,39239581186,0,0,38
19600,0,39241583438,39241583413,0,0,24
19601,0,39243585409,39243585383,0,0,26
19602,0,39245587406,39245587424,0,0,-17
19603,0,39247591455,39247591465,0,0,-10
19604,0,39249592764,39249592798,0,0,-34
19605,0,39251594718,39251594700,0,0,17
19606,0,39253596980,39253596928,0,0,51
19607,0,39255598843,39255598822,0,0,21
19608,0,39257600375,39257600381,0,0,-5
19609,0,39259604203,39259604179,0,0,23
19610,0,39261605941,39261605889,0,0,51
19611,0,39263607786,39263607752,0,0,33
19612,0,39265609344,39265609309,0,0,35
19613,0,39267612170,39267612217,0,0,-46
19614,0,39269614318,39269614345,0,0,-26
19615,0,39271617795,39271617832,0,0,-37
19616,0,39273619348,39273619391,0,0,-42
19617,0,39275621103,39275621139,0,0,-36
19618,0,39277622579,39277622543,0,0,36
19619,0,39279626571,39279626544,0,0,26
19620,0,39281626969,39281626939,0,0,29
19621,0,39283630145,39283630114,0,0,30
19622,0,39285631357,39285631332,0,0,24
19623,0,39287633397,39287633352,0,0,44
19624,0,39289636256,39289636247,0,0,8
19625,0,39291639513,39291639469,0,0,43
19626,0,39293641793,39293641778,0,0,15
19627,0,39295644564,39295644539,0,0,24
19628,0,39297646719,39297646706,0,0,13
19629,0,39299647658,39299647694,0,0,-36
19630,0,39301649211,39301649236,0,0,-24
19631,0,39303652683,39303652665,0,0,18
19632,0,39305654439,39305654394,0,0,44
19633,0,39307655793,39307655802,0,0,-8
19634,0,39309658618,39309658644,0,0,-25
19635,0,39311661705,39311661734,0,0,-28
19636,0,39313664640,39313664626,0,0,14
19637,0,39315665804,39315665796,0,0,8
19638,0,39317668597,39317668582,0,0,15
19639,0,39319670597,39319670568,0,0,28
19640,0,39321672587,39321672632,0,0,-44
19641,0,39323674194,39323674235,0,0,-40
19642,0,39325675994,39325676037,0,0,-42
19643,0,39327677616,39327677602,0,0,13
19644,0,39329680357,39329680377,0,0,-20
19645,0,39331683688,39331683727,0,0,-38
19646,0,39333685742,39333685714,0,0,28
19647,0,39335689107,39335689132,0,0,-25
19648,0,39337690550,39337690572,0,0,-22
19649,0,39339692324,39339692349,0,0,-24
19650,0,39341694162,39341694122,0,0,40
19651,0,39343697150,39343697124,0,0,26
19652,0,39345700519,39345700467,0,0,51
19653,0,39347701258,39347701231,0,0,26
19654,0,39349702544,39349702593,0,0,-48
19655,0,39351705737,39351705703,0,0,33
19656,0,39353708108,39353708089,0,0,18
19657,0,39355710854,39355710815,0,0,38
19658,0,39357712740,39357712703,0,0,36
19659,0,39359714415,39359714378,0,0,36
19660,0,39361716443,39361716393,0,0,50
19661,0,39363719395,39363719357,0,0,38
19662,0,39365720734,39365720692,0,0,41
19663,0,39367723821,39367723795,0,0,26
19664,0,39369725792,39369725807,0,0,-15
19665,0,39371727099,39371727110,0,0,-10
19666,0,39373730813,39373730837,0,0,-23
19667,0,39375732601,39375732620,0,0,-18
19668,0,39377736760,39377736797,0,0,-36
19669,0,39379736822,39379736854,0,0,-31
19670,0,39381739222,39381739244,0,0,-22
19671,0,39383742317,39383742346,0,0,-28
19672,0,39385743793,39385743773,0,0,20
19673,0,39387746191,39387746200,0,0,-8
19674,0,39389748008,39389747977,0,0,31
19675,0,39391749860,39391749833,0,0,26
19676,0,39393753059,39393753044,0,0,15
19677,0,39395754509,39395754548,0,0,-38
19678,0,39397756261,39397756323,0,0,-62
19679,0,39399759934,39399759898,0,0,35
19680,0,39401761432,39401761386,0,0,46
19681,0,39403763433,39403763401,0,0,31
19682,0,39405766158,39405766120,0,0,38
19683,0,39407768105,39407768121,0,0,-15
19684,0,39409771521,39409771529,0,0,-7
19685,0,39411772356,39411772371,0,0,-15
19686,0,39413774103,39413774037,0,0,65
19687,0,39415777052,39415776987,0,0,65
19688,0,39417780126,39417780065,0,0,61
19689,0,39419781606,39419781616,0,0,-10
19690,0,39421783391,39421783404,0,0,-13
19691,0,39423784871,39423784880,0,0,-9
19692,0,39425788401,39425788334,0,0,67
19693,0,39427791041,39427790988,0,0,53
19694,0,39429793225,39429793192,0,0,33
19695,0,39431794687,39431794640,0,0,47
19696,0,39433795993,39433795941,0,0,51
19697,0,39435799931,39435799871,0,0,59
19698,0,39437801805,39437801741,0,0,63
19699,0,39439804166,39439804097,0,0,69
19700,0,39441807554,39441807534,0,0,19
19701,0,39443807964,39443807979,0,0,-15
19702,0,39445809084,39445809116,0,0,-31
19703,0,39447811459,39447811474,0,0,-14
19704,0,39449814375,39449814388,0,0,-12
19705,0,39451817764,39451817789,0,0,-25
19706,0,39453819462,39453819415,0,0,47
19707,0,39455821528,39455821475,0,0,53
19708,0,39457824152,39457824125,0,0,26
19709,0,39459825615,39459825566,0,0,49
19710,0,39461827685,39461827656,0,0,29
19711,0,39463830675,39463830629,0,0,46
19712,0,39465833161,39465833125,0,0,35
19713,0,39467835347,39467835298,0,0,48
19714,0,39469837384,39469837330,0,0,53
19715,0,39471839283,39471839235,0,0,47
19716,0,39473841869,39473841890,0,0,-21
19717,0,39475844548,39475844587,0,0,-38
19718,0,39477846157,39477846187,0,0,-30
19719,0,39479848184,39479848149,0,0,35
19720,0,39481850423,39481850390,0,0,33
19721,0,39483852729,39483852699,0,0,29
19722,0,39485855158,39485855136,0,0,22
19723,0,39487857226,39487857198,0,0,27
19724,0,39489859851,39489859872,0,0,-20
19725,0,39491861662,39491861641,0,0,21
19726,0,39493864007,39493863969,0,0,38
19727,0,39495866334,39495866305,0,0,28
19728,0,39497868496,39497868471,0,0,24
19729,0,39499871182,39499871157,0,0,24
19730,0,39501873026,39501873000,0,0,26
19731,0,39503874638,39503874615,0,0,23
19732,0,39505877566,39505877592,0,0,-26
19733,0,39507879579,39507879608,0,0,-29
19734,0,39509881771,39509881806,0,0,-35
19735,0,39511884206,39511884238,0,0,-32
19736,0,39513886159,39513886183,0,0,-23
19737,0,39515888377,39515888426,0,0,-49
19738,0,39517890501,39517890477,0,0,23
19739,0,39519893155,39519893135,0,0,19
19740,0,39521895350,39521895299,0,0,51
19741,0,39523897675,39523897667,0,0,8
19742,0,39525899672,39525899637,0,0,35
19743,0,39527902103,39527902083,0,0,20
19744,0,39529903914,39529903990,0,0,-75
19745,0,39531905777,39531905818,0,0,-40
19746,0,39533907089,39533907131,0,0,-42
19747,0,39535911314,39535911276,0,0,38
19748,0,39537913713,39537913685,0,0,27
19749,0,39539913793,39539913766,0,0,26
19750,0,39541916483,39541916467,0,0,15
19751,0,39543918874,39543918856,0,0,17
19752,0,39545921060,39545921026,0,0,33
19753,0,39547924265,39547924285,0,0,-19
19754,0,39549926370,39549926398,0,0,-28
19755,0,39551927911,39551927887,0,0,23
19756,0,39553929914,39553929874,0,0,40
19757,0,39555932800,39555932783,0,0,16
19758,0,39557935388,39557935355,0,0,33
19759,0,39559937517,39559937550,0,0,-32
19760,0,39561939578,39561939511,0,0,67
19761,0,39563941741,39563941705,0,0,35
19762,0,39565943923,39565943896,0,0,26
19763,0,39567946402,39567946388,0,0,14
19764,0,39569949772,39569949744,0,0,27
19765,0,39571951291,39571951286,0,0,4
19766,0,39573953108,39573953149,0,0,-40
19767,0,39575955026,39575954999,0,0,27
19768,0,39577957170,39577957139,0,0,31
19769,0,39579958332,39579958307,0,0,25
19770,0,39581960997,39581961049,0,0,-51
19771,0,39583964370,39583964404,0,0,-33
19772,0,39585966484,39585966521,0,0,-37
19773,0,39587968260,39587968228,0,0,32
19774,0,39589969369,39589969357,0,0,11
19775,0,39591972083,39591972068,0,0,14
19776,0,39593975061,39593975086,0,0,-24
19777,0,39595977736,39595977772,0,0,-35
19778,0,39597979879,39597979912,0,0,-32
19779,0,39599981653,39599981626,0,0,27
19780,0,39601983878,39601983840,0,0,38
19781,0,39603985400,39603985367,0,0,32
19782,0,39605988792,39605988752,0,0,39
19783,0,39607991159,39607991137,0,0,22
19784,0,39609993544,39609993577,0,0,-33
19785,0,39611994541,39611994579,0,0,-38
19786,0,39613996425,39613996485,0,0,-60
19787,0,39615999424,39615999446,0,0,-22
19788,0,39618001350,39618001323,0,0,26
19789,0,39620004197,39620004189,0,0,8
19790,0,39622006629,39622006607,0,0,21
19791,0,39624008386,39624008363,0,0,23
19792,0,39626010613,39626010577,0,0,35
19793,0,39628012671,39628012638,0,0,33
19794,0,39630014786,39630014768,0,0,17
19795,0,39632017673,39632017641,0,0,31
19796,0,39634020972,39634020932,0,0,39
19797,0,39636022921,39636022963,0,0,-42
19798,0,39638023760,39638023789,0,0,-29
19799,0,39640025446,39640025413,0,0,33
19800,0,39642028627,39642028568,0,0,59
19801,0,39644031600,39644031639,0,0,-38
19802,0,39646033040,39646033076,0,0,-35
19803,0,39648035074,39648035096,0,0,-22
19804,0,39650037614,39650037555,0,0,58
19805,0,39652039580,39652039556,0,0,24
19806,0,39654042350,39654042289,0,0,60
19807,0,39656045355,39656045302,0,0,53
19808,0,39658047525,39658047473,0,0,51
19809,0,39660048297,39660048242,0,0,55
19810,0,39662049794,39662049742,0,0,51
19811,0,39664052595,39664052555,0,0,40
19812,0,39666055060,39666055086,0,0,-26
19813,0,39668056888,39668056839,0,0,49
19814,0,39670059858,39670059901,0,0,-42
19815,0,39672061946,39672061963,0,0,-16
19816,0,39674063940,39674063980,0,0,-40
19817,0,39676065089,39676065129,0,0,-40
19818,0,39678067816,39678067788,0,0,27
19819,0,39680071191,39680071146,0,0,44
19820,0,39682073024,39682073046,0,0,-22
19821,0,39684074673,39684074686,0,0,-13
19822,0,39686076362,39686076377,0,0,-14
19823,0,39688079387,39688079339,0,0,47
19824,0,39690080808,39690080779,0,0,29
19825,0,39692083704,39692083657,0,0,47
19826,0,39694087154,39694087096,0,0,58
19827,0,39696088908,39696088862,0,0,45
19828,0,39698090921,39698090870,0,0,51
19829,0,39700093939,39700093889,0,0,49
19830,0,39702095838,39702095796,0,0,42
19831,0,39704098193,39704098141,0,0,51
19832,0,39706100128,39706100074,0,0,53
19833,0,39708101928,39708101941,0,0,-13
19834,0,39710103916,39710103938,0,0,-22
19835,0,39712105245,39712105238,0,0,6
19836,0,39714108694,39714108650,0,0,43
19837,0,39716111170,39716111159,0,0,11
19838,0,39718113645,39718113614,0,0,31
19839,0,39720116098,39720116059,0,0,39
19840,0,39722117600,39722117552,0,0,48
19841,0,39724119800,39724119786,0,0,13
19842,0,39726122059,39726122022,0,0,36
19843,0,39728124616,39728124585,0,0,31
19844,0,39730126716,39730126696,0,0,20
19845,0,39732129569,39732129521,0,0,48
19846,0,39734131494,39734131481,0,0,13
19847,0,39736134792,39736134739,0,0,52
19848,0,39738135252,39738135210,0,0,42
19849,0,39740137588,39740137542,0,0,46
19850,0,39742139804,39742139764,0,0,40
19851,0,39744142169,39744142123,0,0,45
19852,0,39746144242,39746144215,0,0,27
19853,0,39748146507,39748146467,0,0,39
19854,0,39750149231,39750149217,0,0,13
19855,0,39752151276,39752151231,0,0,44
19856,0,39754153066,39754153038,0,0,28
19857,0,39756155085,39756155042,0,0,42
19858,0,39758156227,39758156265,0,0,-38
19859,0,39760158548,39760158580,0,0,-32
19860,0,39762161232,39762161264,0,0,-31
19861,0,39764165684,39764165665,0,0,19
19862,0,39766166383,39766166369,0,0,13
19863,0,39768168820,39768168789,0,0,30
19864,0,39770171044,39770171006,0,0,38
19865,0,39772172855,39772172824,0,0,30
19866,0,39774174970,39774174947,0,0,23
19867,0,39776178206,39776178197,0,0,9
19868,0,39778179910,39778179875,0,0,35
19869,0,39780181842,39780181834,0,0,8
19870,0,39782183474,39782183436,0,0,38
19871,0,39784186152,39784186126,0,0,25
19872,0,39786188305,39786188348,0,0,-42
19873,0,39788191209,39788191227,0,0,-17
19874,0,39790193058,39790193085,0,0,-26
19875,0,39792195363,39792195339,0,0,23
19876,0,39794197539,39794197508,0,0,30
19877,0,39796199433,39796199395,0,0,38
19878,0,39798201226,39798201171,0,0,54
19879,0,39800204474,39800204444,0,0,29
19880,0,39802207021,39802206981,0,0,40
19881,0,39804208454,39804208394,0,0,60
19882,0,39806210377,39806210326,0,0,51
19883,0,39808213133,39808213072,0,0,60
19884,0,39810215227,39810215238,0,0,-10
19885,0,39812217211,39812217170,0,0,40
19886,0,39814220912,39814220865,0,0,47
19887,0,39816221565,39816221521,0,0,43
19888,0,39818223591,39818223534,0,0,56
19889,0,39820226240,39820226200,0,0,40
19890,0,39822228200,39822228150,0,0,49
19891,0,39824231618,39824231588,0,0,29
19892,0,39826233300,39826233270,0,0,29
19893,0,39828235415,39828235404,0,0,11
19894,0,39830237941,39830237923,0,0,17
19895,0,39832239429,39832239403,0,0,26
19896,0,39834241044,39834241029,0,0,15
19897,0,39836246045,39836246025,0,0,20
19898,0,39838246656,39838246636,0,0,19
19899,0,39840249050,39840249014,0,0,35
19900,0,39842251285,39842251259,0,0,25
19901,0,39844253019,39844253004,0,0,15
19902,0,39846254785,39846254812,0,0,-26
19903,0,39848258373,39848258401,0,0,-28
19904,0,39850260133,39850260065,0,0,68
19905,0,39852261833,39852261800,0,0,33
19906,0,39854263642,39854263606,0,0,35
19907,0,39856266814,39856266770,0,0,43
19908,0,39858268928,39858268901,0,0,26
19909,0,39860271573,39860271595,0,0,-22
19910,0,39862273430,39862273403,0,0,26
19911,0,39864274950,39864274912,0,0,38
19912,0,39866276761,39866276711,0,0,49
19913,0,39868279714,39868279676,0,0,38
19914,0,39870281057,39870281005,0,0,51
19915,0,39872284651,39872284624,0,0,26
19916,0,39874286884,39874286838,0,0,45
19917,0,39876288822,39876288799,0,0,22
19918,0,39878291620,39878291595,0,0,24
19919,0,39880293305,39880293270,0,0,35
19920,0,39882296160,39882296186,0,0,-25
19921,0,39884297965,39884297984,0,0,-18
19922,0,39886300020,39886299971,0,0,49
19923,0,39888301960,39888301910,0,0,49
19924,0,39890304012,39890303946,0,0,66
19925,0,39892307444,39892307395,0,0,48
19926,0,39894308693,39894308629,0,0,63
19927,0,39896311427,39896311369,0,0,58
19928,0,39898313671,39898313615,0,0,56
19929,0,39900315391,39900315357,0,0,33
19930,0,39902316214,39902316143,0,0,71
19931,0,39904318826,39904318833,0,0,-6
19932,0,39906321175,39906321197,0,0,-22
19933,0,39908324765,39908324791,0,0,-25
19934,0,39910327465,39910327490,0,0,-25
19935,0,39912328823,39912328838,0,0,-14
19936,0,39914330896,39914330919,0,0,-22
19937,0,39916332260,39916332206,0,0,53
19938,0,39918335897,39918335859,0,0,38
19939,0,39920338250,39920338193,0,0,56
19940,0,39922340191,39922340227,0,0,-35
19941,0,39924343321,39924343337,0,0,-16
19942,0,39926344396,39926344363,0,0,33
19943,0,39928346559,39928346519,0,0,40
19944,0,39930349160,39930349134,0,0,26
19945,0,39932351651,39932351622,0,0,28
19946,0,39934353420,39934353398,0,0,21
19947,0,39936357524,39936357499,0,0,24
19948,0,39938357875,39938357869,0,0,6
19949,0,39940360008,39940359989,0,0,19
19950,0,39942362397,39942362418,0,0,-21
19951,0,39944364840,39944364852,0,0,-11
19952,0,39946367016,39946366968,0,0,48
19953,0,39948368762,39948368716,0,0,46
19954,0,39950370421,39950370371,0,0,49
19955,0,39952373107,39952373061,0,0,45
19956,0,39954374545,39954374579,0,0,-33
19957,0,39956378206,39956378226,0,0,-20
19958,0,39958380231,39958380223,0,0,8
19959,0,39960382273,39960382294,0,0,-21
19960,0,39962383691,39962383716,0,0,-24
19961,0,39964386676,39964386651,0,0,24
19962,0,39966389004,39966389029,0,0,-24
19963,0,39968391525,39968391534,0,0,-9
19964,0,39970393636,39970393661,0,0,-24
19965,0,39972395309,39972395328,0,0,-18
19966,0,39974397332,39974397285,0,0,47
19967,0,39976400579,39976400530,0,0,48
19968,0,39978402513,39978402475,0,0,38
19969,0,39980404696,39980404640,0,0,55
19970,0,39982407271,39982407224,0,0,47
19971,0,39984409339,39984409348,0,0,-9
19972,0,39986411062,39986411017,0,0,44
19973,0,39988413422,39988413355,0,0,66
19974,0,39990415590,39990415548,0,0,42
19975,0,39992419219,39992419179,0,0,40
19976,0,39994421260,39994421279,0,0,-18
19977,0,39996422229,39996422179,0,0,49
19978,0,39998424792,39998424750,0,0,41
19979,0,40000427207,40000427162,0,0,44
19980,0,40002428773,40002428743,0,0,29
19981,0,40004430672,40004430726,0,0,-53
19982,0,40006433847,40006433895,0,0,-48
19983,0,40008435280,40008435305,0,0,-24
19984,0,40010437246,40010437270,0,0,-24
19985,0,40012440034,40012440014,0,0,20
19986,0,40014442255,40014442210,0,0,44
19987,0,40016445016,40016445004,0,0,11
19988,0,40018446683,40018446712,0,0,-28
19989,0,40020449762,40020449793,0,0,-30
19990,0,40022450389,40022450424,0,0,-35
19991,0,40024453443,40024453411,0,0,31
19992,0,40026455855,40026455823,0,0,31
19993,0,40028457866,40028457823,0,0,42
19994,0,40030459952,40030459921,0,0,31
19995,0,40032461022,40032461062,0,0,-40
19996,0,40034463265,40034463228,0,0,36
19997,0,40036467287,40036467265,0,0,21
19998,0,40038469692,40038469648,0,0,43
19999,0,40040472247,40040472269,0,0,-22
20000,0,40042474570,40042474534,0,0,35
